<?xml version="1.0" encoding="UTF-8" standalone="no"?><gpx xmlns="http://www.topografix.com/GPX/1/1" xmlns:gpxtpx="http://www.garmin.com/xmlschemas/TrackPointExtension/v1" xmlns:xsi="http://www.w3.org/2001/XMLSchema-instance" creator="Suunto app" version="1.1" xsi:schemaLocation="http://www.topografix.com/GPX/1/1 http://www.topografix.com/GPX/1/1/gpx.xsd http://www.garmin.com/xmlschemas/TrackPointExtension/v1 http://www.garmin.com/xmlschemas/TrackPointExtensionv1.xsd"><metadata><name>suuntoapp-TrailRunning-2021-11-13T09-00-06Z</name><desc>Sätila Trail Marathon 43 km. 25a i herrklassen, 30 totalt (88 i mål, 8 bröt)</desc><author><name>Stefan Bengtsson</name></author></metadata><rte><name>suuntoapp-TrailRunning-2021-11-13T09-00-06Z</name><rtept lat="57.53623" lon="12.429273"><ele>10.4</ele></rtept><rtept lat="57.53623" lon="12.429273"><ele>10.4</ele></rtept><rtept lat="57.53623" lon="12.429222"><ele>10.4</ele></rtept><rtept lat="57.536237" lon="12.429175"><ele>10.4</ele></rtept><rtept lat="57.536237" lon="12.429125"><ele>10.4</ele></rtept><rtept lat="57.536242" lon="12.429082"><ele>10.4</ele></rtept><rtept lat="57.536248" lon="12.429048"><ele>10.4</ele></rtept><rtept lat="57.536248" lon="12.429005"><ele>10.4</ele></rtept><rtept lat="57.536255" lon="12.42896"><ele>10.2</ele></rtept><rtept lat="57.536262" lon="12.428923"><ele>10.2</ele></rtept><rtept lat="57.536268" lon="12.428885"><ele>10.4</ele></rtept><rtept lat="57.536268" lon="12.428852"><ele>10.2</ele></rtept><rtept lat="57.536275" lon="12.42882"><ele>10.2</ele></rtept><rtept lat="57.53628" lon="12.428778"><ele>10.2</ele></rtept><rtept lat="57.536287" lon="12.428732"><ele>10.2</ele></rtept><rtept lat="57.536293" lon="12.428693"><ele>10.0</ele></rtept><rtept lat="57.5363" lon="12.428653"><ele>10.0</ele></rtept><rtept lat="57.536307" lon="12.428617"><ele>10.0</ele></rtept><rtept lat="57.536307" lon="12.428572"><ele>9.6</ele></rtept><rtept lat="57.536307" lon="12.428527"><ele>10.0</ele></rtept><rtept lat="57.536313" lon="12.428482"><ele>10.0</ele></rtept><rtept lat="57.536313" lon="12.428435"><ele>9.8</ele></rtept><rtept lat="57.53632" lon="12.428388"><ele>10.0</ele></rtept><rtept lat="57.536325" lon="12.42834"><ele>10.0</ele></rtept><rtept lat="57.536325" lon="12.42829"><ele>10.0</ele></rtept><rtept lat="57.536325" lon="12.42824"><ele>10.2</ele></rtept><rtept lat="57.536325" lon="12.428195"><ele>10.2</ele></rtept><rtept lat="57.536332" lon="12.428157"><ele>10.0</ele></rtept><rtept lat="57.536338" lon="12.42811"><ele>10.2</ele></rtept><rtept lat="57.536345" lon="12.428058"><ele>10.4</ele></rtept><rtept lat="57.536345" lon="12.428005"><ele>10.2</ele></rtept><rtept lat="57.536352" lon="12.427947"><ele>10.2</ele></rtept><rtept lat="57.536363" lon="12.427888"><ele>10.2</ele></rtept><rtept lat="57.53637" lon="12.427837"><ele>10.2</ele></rtept><rtept lat="57.536377" lon="12.427783"><ele>10.2</ele></rtept><rtept lat="57.53639" lon="12.42773"><ele>10.4</ele></rtept><rtept lat="57.53639" lon="12.427677"><ele>10.2</ele></rtept><rtept lat="57.53639" lon="12.427625"><ele>10.6</ele></rtept><rtept lat="57.536397" lon="12.42758"><ele>10.6</ele></rtept><rtept lat="57.536397" lon="12.427535"><ele>10.2</ele></rtept><rtept lat="57.536408" lon="12.427487"><ele>10.6</ele></rtept><rtept lat="57.536415" lon="12.427437"><ele>10.6</ele></rtept><rtept lat="57.536415" lon="12.427382"><ele>10.2</ele></rtept><rtept lat="57.536415" lon="12.427333"><ele>10.6</ele></rtept><rtept lat="57.536415" lon="12.427287"><ele>10.8</ele></rtept><rtept lat="57.536422" lon="12.427237"><ele>10.6</ele></rtept><rtept lat="57.536428" lon="12.427187"><ele>10.6</ele></rtept><rtept lat="57.536435" lon="12.427137"><ele>10.8</ele></rtept><rtept lat="57.53644" lon="12.427088"><ele>10.4</ele></rtept><rtept lat="57.536447" lon="12.427035"><ele>10.8</ele></rtept><rtept lat="57.536453" lon="12.426993"><ele>10.8</ele></rtept><rtept lat="57.536453" lon="12.426948"><ele>10.6</ele></rtept><rtept lat="57.536453" lon="12.426898"><ele>10.8</ele></rtept><rtept lat="57.53646" lon="12.42685"><ele>10.6</ele></rtept><rtept lat="57.53646" lon="12.426797"><ele>10.4</ele></rtept><rtept lat="57.536467" lon="12.42674"><ele>10.6</ele></rtept><rtept lat="57.53646" lon="12.426685"><ele>10.6</ele></rtept><rtept lat="57.536467" lon="12.426625"><ele>10.4</ele></rtept><rtept lat="57.536467" lon="12.426573"><ele>10.8</ele></rtept><rtept lat="57.536467" lon="12.426518"><ele>10.6</ele></rtept><rtept lat="57.53646" lon="12.426453"><ele>10.2</ele></rtept><rtept lat="57.53646" lon="12.426395"><ele>10.4</ele></rtept><rtept lat="57.536467" lon="12.42634"><ele>10.4</ele></rtept><rtept lat="57.536467" lon="12.42628"><ele>10.4</ele></rtept><rtept lat="57.536473" lon="12.426225"><ele>10.8</ele></rtept><rtept lat="57.53648" lon="12.42617"><ele>10.4</ele></rtept><rtept lat="57.53648" lon="12.426117"><ele>10.2</ele></rtept><rtept lat="57.536485" lon="12.42606"><ele>10.4</ele></rtept><rtept lat="57.536485" lon="12.425998"><ele>10.4</ele></rtept><rtept lat="57.536485" lon="12.42594"><ele>10.2</ele></rtept><rtept lat="57.536492" lon="12.425888"><ele>10.4</ele></rtept><rtept lat="57.536498" lon="12.42584"><ele>10.4</ele></rtept><rtept lat="57.536498" lon="12.425782"><ele>10.6</ele></rtept><rtept lat="57.536498" lon="12.425722"><ele>10.6</ele></rtept><rtept lat="57.536505" lon="12.425668"><ele>10.6</ele></rtept><rtept lat="57.536498" lon="12.425615"><ele>11.0</ele></rtept><rtept lat="57.536492" lon="12.425563"><ele>11.2</ele></rtept><rtept lat="57.536492" lon="12.42551"><ele>11.0</ele></rtept><rtept lat="57.536492" lon="12.425457"><ele>10.8</ele></rtept><rtept lat="57.536485" lon="12.425402"><ele>11.0</ele></rtept><rtept lat="57.53648" lon="12.42535"><ele>11.0</ele></rtept><rtept lat="57.536473" lon="12.425292"><ele>11.2</ele></rtept><rtept lat="57.536473" lon="12.425232"><ele>11.2</ele></rtept><rtept lat="57.536473" lon="12.425168"><ele>11.2</ele></rtept><rtept lat="57.53648" lon="12.425113"><ele>11.2</ele></rtept><rtept lat="57.536485" lon="12.425067"><ele>11.4</ele></rtept><rtept lat="57.536492" lon="12.425013"><ele>11.0</ele></rtept><rtept lat="57.536492" lon="12.424962"><ele>11.2</ele></rtept><rtept lat="57.536498" lon="12.42491"><ele>11.4</ele></rtept><rtept lat="57.536498" lon="12.424863"><ele>11.2</ele></rtept><rtept lat="57.536505" lon="12.42481"><ele>11.6</ele></rtept><rtept lat="57.536512" lon="12.42476"><ele>11.2</ele></rtept><rtept lat="57.536512" lon="12.42471"><ele>11.0</ele></rtept><rtept lat="57.536512" lon="12.424658"><ele>11.2</ele></rtept><rtept lat="57.536512" lon="12.424605"><ele>11.0</ele></rtept><rtept lat="57.536512" lon="12.424552"><ele>10.8</ele></rtept><rtept lat="57.536512" lon="12.424498"><ele>10.8</ele></rtept><rtept lat="57.536518" lon="12.424452"><ele>10.6</ele></rtept><rtept lat="57.536518" lon="12.424413"><ele>10.8</ele></rtept><rtept lat="57.536512" lon="12.42438"><ele>10.8</ele></rtept><rtept lat="57.536505" lon="12.424342"><ele>10.8</ele></rtept><rtept lat="57.536485" lon="12.424295"><ele>10.8</ele></rtept><rtept lat="57.536467" lon="12.424258"><ele>11.0</ele></rtept><rtept lat="57.536447" lon="12.424228"><ele>10.8</ele></rtept><rtept lat="57.536415" lon="12.424198"><ele>11.0</ele></rtept><rtept lat="57.536397" lon="12.424195"><ele>10.8</ele></rtept><rtept lat="57.536363" lon="12.424178"><ele>11.0</ele></rtept><rtept lat="57.536345" lon="12.424175"><ele>11.0</ele></rtept><rtept lat="57.536325" lon="12.42415"><ele>10.8</ele></rtept><rtept lat="57.536307" lon="12.424117"><ele>11.0</ele></rtept><rtept lat="57.536287" lon="12.42407"><ele>11.2</ele></rtept><rtept lat="57.536268" lon="12.424023"><ele>11.2</ele></rtept><rtept lat="57.536255" lon="12.423978"><ele>11.2</ele></rtept><rtept lat="57.536237" lon="12.423932"><ele>11.2</ele></rtept><rtept lat="57.53623" lon="12.423885"><ele>10.8</ele></rtept><rtept lat="57.536223" lon="12.423837"><ele>11.0</ele></rtept><rtept lat="57.536217" lon="12.423785"><ele>11.0</ele></rtept><rtept lat="57.536217" lon="12.423733"><ele>10.8</ele></rtept><rtept lat="57.536217" lon="12.42368"><ele>11.0</ele></rtept><rtept lat="57.53621" lon="12.423632"><ele>11.2</ele></rtept><rtept lat="57.53621" lon="12.423583"><ele>10.8</ele></rtept><rtept lat="57.53621" lon="12.423543"><ele>11.2</ele></rtept><rtept lat="57.536198" lon="12.423498"><ele>11.0</ele></rtept><rtept lat="57.536185" lon="12.423448"><ele>10.8</ele></rtept><rtept lat="57.536165" lon="12.42339"><ele>11.2</ele></rtept><rtept lat="57.536147" lon="12.42334"><ele>11.0</ele></rtept><rtept lat="57.536133" lon="12.423278"><ele>10.8</ele></rtept><rtept lat="57.536127" lon="12.42322"><ele>11.0</ele></rtept><rtept lat="57.536115" lon="12.423175"><ele>11.0</ele></rtept><rtept lat="57.536108" lon="12.42313"><ele>10.8</ele></rtept><rtept lat="57.536095" lon="12.42308"><ele>10.8</ele></rtept><rtept lat="57.536095" lon="12.423033"><ele>10.8</ele></rtept><rtept lat="57.536082" lon="12.42298"><ele>10.6</ele></rtept><rtept lat="57.53607" lon="12.422938"><ele>10.8</ele></rtept><rtept lat="57.53605" lon="12.422892"><ele>10.8</ele></rtept><rtept lat="57.536032" lon="12.422845"><ele>10.6</ele></rtept><rtept lat="57.536018" lon="12.422795"><ele>10.8</ele></rtept><rtept lat="57.536005" lon="12.422737"><ele>10.6</ele></rtept><rtept lat="57.535993" lon="12.422685"><ele>10.8</ele></rtept><rtept lat="57.535987" lon="12.422637"><ele>10.8</ele></rtept><rtept lat="57.53598" lon="12.42259"><ele>10.6</ele></rtept><rtept lat="57.535973" lon="12.422545"><ele>10.8</ele></rtept><rtept lat="57.535967" lon="12.422505"><ele>11.0</ele></rtept><rtept lat="57.535955" lon="12.422465"><ele>11.0</ele></rtept><rtept lat="57.535948" lon="12.422422"><ele>10.8</ele></rtept><rtept lat="57.535942" lon="12.42238"><ele>11.0</ele></rtept><rtept lat="57.535935" lon="12.42234"><ele>11.0</ele></rtept><rtept lat="57.535935" lon="12.422298"><ele>11.0</ele></rtept><rtept lat="57.535928" lon="12.422253"><ele>11.2</ele></rtept><rtept lat="57.53591" lon="12.422208"><ele>11.0</ele></rtept><rtept lat="57.535897" lon="12.422167"><ele>11.0</ele></rtept><rtept lat="57.535872" lon="12.422122"><ele>11.2</ele></rtept><rtept lat="57.535858" lon="12.422068"><ele>11.2</ele></rtept><rtept lat="57.53584" lon="12.422008"><ele>11.4</ele></rtept><rtept lat="57.53582" lon="12.421945"><ele>11.4</ele></rtept><rtept lat="57.5358" lon="12.421885"><ele>11.0</ele></rtept><rtept lat="57.535795" lon="12.421827"><ele>11.2</ele></rtept><rtept lat="57.535775" lon="12.421772"><ele>11.0</ele></rtept><rtept lat="57.535762" lon="12.421712"><ele>10.8</ele></rtept><rtept lat="57.53575" lon="12.421657"><ele>11.0</ele></rtept><rtept lat="57.53575" lon="12.4216"><ele>11.0</ele></rtept><rtept lat="57.535737" lon="12.421542"><ele>10.8</ele></rtept><rtept lat="57.535737" lon="12.421487"><ele>11.2</ele></rtept><rtept lat="57.53573" lon="12.421425"><ele>11.0</ele></rtept><rtept lat="57.53573" lon="12.421365"><ele>11.0</ele></rtept><rtept lat="57.53573" lon="12.42131"><ele>11.2</ele></rtept><rtept lat="57.535723" lon="12.421253"><ele>11.0</ele></rtept><rtept lat="57.535723" lon="12.42119"><ele>11.4</ele></rtept><rtept lat="57.535723" lon="12.421132"><ele>11.4</ele></rtept><rtept lat="57.53573" lon="12.421072"><ele>11.2</ele></rtept><rtept lat="57.53573" lon="12.421018"><ele>11.4</ele></rtept><rtept lat="57.535737" lon="12.420968"><ele>11.4</ele></rtept><rtept lat="57.53575" lon="12.420907"><ele>11.2</ele></rtept><rtept lat="57.535757" lon="12.420848"><ele>11.6</ele></rtept><rtept lat="57.535768" lon="12.420802"><ele>11.4</ele></rtept><rtept lat="57.535788" lon="12.420748"><ele>11.2</ele></rtept><rtept lat="57.535795" lon="12.420695"><ele>11.4</ele></rtept><rtept lat="57.535813" lon="12.420642"><ele>11.2</ele></rtept><rtept lat="57.535833" lon="12.420585"><ele>11.0</ele></rtept><rtept lat="57.535845" lon="12.420532"><ele>11.2</ele></rtept><rtept lat="57.535858" lon="12.420482"><ele>10.8</ele></rtept><rtept lat="57.535878" lon="12.420435"><ele>11.0</ele></rtept><rtept lat="57.535903" lon="12.420385"><ele>11.0</ele></rtept><rtept lat="57.535928" lon="12.420335"><ele>10.8</ele></rtept><rtept lat="57.535948" lon="12.420285"><ele>11.0</ele></rtept><rtept lat="57.535967" lon="12.420237"><ele>11.4</ele></rtept><rtept lat="57.535987" lon="12.420187"><ele>11.2</ele></rtept><rtept lat="57.536012" lon="12.420143"><ele>11.4</ele></rtept><rtept lat="57.536032" lon="12.420103"><ele>11.2</ele></rtept><rtept lat="57.53605" lon="12.42006"><ele>11.2</ele></rtept><rtept lat="57.53607" lon="12.420022"><ele>11.4</ele></rtept><rtept lat="57.536095" lon="12.419995"><ele>11.4</ele></rtept><rtept lat="57.53612" lon="12.419965"><ele>11.2</ele></rtept><rtept lat="57.536147" lon="12.41995"><ele>11.6</ele></rtept><rtept lat="57.536172" lon="12.419948"><ele>11.4</ele></rtept><rtept lat="57.536198" lon="12.419955"><ele>11.4</ele></rtept><rtept lat="57.536223" lon="12.419973"><ele>11.6</ele></rtept><rtept lat="57.536248" lon="12.419995"><ele>11.6</ele></rtept><rtept lat="57.536275" lon="12.420018"><ele>11.4</ele></rtept><rtept lat="57.536293" lon="12.420042"><ele>11.6</ele></rtept><rtept lat="57.536313" lon="12.420092"><ele>11.6</ele></rtept><rtept lat="57.536325" lon="12.42014"><ele>11.4</ele></rtept><rtept lat="57.536338" lon="12.42018"><ele>11.6</ele></rtept><rtept lat="57.536345" lon="12.420213"><ele>11.4</ele></rtept><rtept lat="57.536363" lon="12.420273"><ele>11.8</ele></rtept><rtept lat="57.536383" lon="12.420305"><ele>11.6</ele></rtept><rtept lat="57.536408" lon="12.420357"><ele>11.6</ele></rtept><rtept lat="57.536428" lon="12.42042"><ele>11.4</ele></rtept><rtept lat="57.536435" lon="12.42046"><ele>11.6</ele></rtept><rtept lat="57.536447" lon="12.420497"><ele>11.6</ele></rtept><rtept lat="57.536453" lon="12.420548"><ele>11.6</ele></rtept><rtept lat="57.536453" lon="12.420597"><ele>12.0</ele></rtept><rtept lat="57.53646" lon="12.42065"><ele>11.8</ele></rtept><rtept lat="57.536467" lon="12.420685"><ele>11.8</ele></rtept><rtept lat="57.536473" lon="12.420728"><ele>11.8</ele></rtept><rtept lat="57.53648" lon="12.420768"><ele>11.8</ele></rtept><rtept lat="57.536485" lon="12.420803"><ele>11.4</ele></rtept><rtept lat="57.536485" lon="12.420867"><ele>11.4</ele></rtept><rtept lat="57.53648" lon="12.420907"><ele>11.4</ele></rtept><rtept lat="57.536473" lon="12.420977"><ele>11.6</ele></rtept><rtept lat="57.536467" lon="12.421013"><ele>12.0</ele></rtept><rtept lat="57.536467" lon="12.421092"><ele>12.0</ele></rtept><rtept lat="57.536467" lon="12.421165"><ele>11.8</ele></rtept><rtept lat="57.536467" lon="12.421235"><ele>12.2</ele></rtept><rtept lat="57.536467" lon="12.421308"><ele>12.2</ele></rtept><rtept lat="57.536473" lon="12.421368"><ele>12.2</ele></rtept><rtept lat="57.536473" lon="12.421433"><ele>12.4</ele></rtept><rtept lat="57.536473" lon="12.421492"><ele>12.4</ele></rtept><rtept lat="57.53648" lon="12.421558"><ele>12.6</ele></rtept><rtept lat="57.536485" lon="12.42162"><ele>12.4</ele></rtept><rtept lat="57.536492" lon="12.421673"><ele>12.4</ele></rtept><rtept lat="57.536505" lon="12.421735"><ele>12.6</ele></rtept><rtept lat="57.536523" lon="12.421792"><ele>12.4</ele></rtept><rtept lat="57.53653" lon="12.421857"><ele>12.2</ele></rtept><rtept lat="57.536543" lon="12.42193"><ele>12.4</ele></rtept><rtept lat="57.53655" lon="12.422"><ele>12.2</ele></rtept><rtept lat="57.536562" lon="12.422062"><ele>12.4</ele></rtept><rtept lat="57.536568" lon="12.422135"><ele>12.6</ele></rtept><rtept lat="57.536588" lon="12.422188"><ele>12.4</ele></rtept><rtept lat="57.5366" lon="12.422237"><ele>12.6</ele></rtept><rtept lat="57.536613" lon="12.422292"><ele>12.6</ele></rtept><rtept lat="57.536627" lon="12.422352"><ele>12.4</ele></rtept><rtept lat="57.536633" lon="12.422407"><ele>12.8</ele></rtept><rtept lat="57.536645" lon="12.422467"><ele>12.4</ele></rtept><rtept lat="57.536652" lon="12.422527"><ele>12.2</ele></rtept><rtept lat="57.536665" lon="12.42258"><ele>12.4</ele></rtept><rtept lat="57.536672" lon="12.422637"><ele>12.4</ele></rtept><rtept lat="57.536672" lon="12.422698"><ele>12.2</ele></rtept><rtept lat="57.536665" lon="12.42275"><ele>12.6</ele></rtept><rtept lat="57.536665" lon="12.422803"><ele>12.2</ele></rtept><rtept lat="57.536652" lon="12.422838"><ele>12.6</ele></rtept><rtept lat="57.536645" lon="12.422882"><ele>12.8</ele></rtept><rtept lat="57.536652" lon="12.422938"><ele>12.6</ele></rtept><rtept lat="57.536665" lon="12.422993"><ele>13.0</ele></rtept><rtept lat="57.536672" lon="12.423042"><ele>13.2</ele></rtept><rtept lat="57.536683" lon="12.423107"><ele>12.8</ele></rtept><rtept lat="57.536697" lon="12.423158"><ele>13.2</ele></rtept><rtept lat="57.536703" lon="12.423197"><ele>13.0</ele></rtept><rtept lat="57.536703" lon="12.42323"><ele>12.8</ele></rtept><rtept lat="57.536717" lon="12.423285"><ele>12.6</ele></rtept><rtept lat="57.536728" lon="12.423323"><ele>12.4</ele></rtept><rtept lat="57.536748" lon="12.423368"><ele>12.6</ele></rtept><rtept lat="57.53676" lon="12.42342"><ele>12.4</ele></rtept><rtept lat="57.536787" lon="12.423483"><ele>12.2</ele></rtept><rtept lat="57.536793" lon="12.423523"><ele>12.4</ele></rtept><rtept lat="57.5368" lon="12.423562"><ele>12.2</ele></rtept><rtept lat="57.536825" lon="12.423615"><ele>12.2</ele></rtept><rtept lat="57.536832" lon="12.42366"><ele>12.4</ele></rtept><rtept lat="57.536838" lon="12.423707"><ele>12.2</ele></rtept><rtept lat="57.536838" lon="12.423758"><ele>12.6</ele></rtept><rtept lat="57.536843" lon="12.423812"><ele>12.4</ele></rtept><rtept lat="57.536843" lon="12.42387"><ele>12.2</ele></rtept><rtept lat="57.536838" lon="12.42394"><ele>12.4</ele></rtept><rtept lat="57.536838" lon="12.42402"><ele>12.2</ele></rtept><rtept lat="57.536843" lon="12.424118"><ele>12.2</ele></rtept><rtept lat="57.536838" lon="12.42421"><ele>12.4</ele></rtept><rtept lat="57.536832" lon="12.424292"><ele>12.4</ele></rtept><rtept lat="57.536838" lon="12.424358"><ele>12.6</ele></rtept><rtept lat="57.53685" lon="12.424393"><ele>12.8</ele></rtept><rtept lat="57.536863" lon="12.424447"><ele>12.6</ele></rtept><rtept lat="57.53687" lon="12.424492"><ele>12.8</ele></rtept><rtept lat="57.536877" lon="12.424545"><ele>12.8</ele></rtept><rtept lat="57.536888" lon="12.424592"><ele>12.6</ele></rtept><rtept lat="57.536888" lon="12.424652"><ele>12.8</ele></rtept><rtept lat="57.536902" lon="12.4247"><ele>12.6</ele></rtept><rtept lat="57.53692" lon="12.42473"><ele>12.4</ele></rtept><rtept lat="57.53692" lon="12.424788"><ele>12.6</ele></rtept><rtept lat="57.536915" lon="12.42485"><ele>12.4</ele></rtept><rtept lat="57.536915" lon="12.424913"><ele>12.6</ele></rtept><rtept lat="57.536927" lon="12.42497"><ele>12.8</ele></rtept><rtept lat="57.53694" lon="12.425028"><ele>12.6</ele></rtept><rtept lat="57.536953" lon="12.425082"><ele>12.6</ele></rtept><rtept lat="57.536953" lon="12.42512"><ele>12.8</ele></rtept><rtept lat="57.536953" lon="12.42516"><ele>12.4</ele></rtept><rtept lat="57.536965" lon="12.425198"><ele>12.4</ele></rtept><rtept lat="57.536965" lon="12.425238"><ele>12.6</ele></rtept><rtept lat="57.536978" lon="12.42528"><ele>12.4</ele></rtept><rtept lat="57.536992" lon="12.425335"><ele>12.6</ele></rtept><rtept lat="57.537003" lon="12.425377"><ele>12.6</ele></rtept><rtept lat="57.537017" lon="12.42541"><ele>12.4</ele></rtept><rtept lat="57.537037" lon="12.42544"><ele>12.6</ele></rtept><rtept lat="57.537048" lon="12.425485"><ele>12.6</ele></rtept><rtept lat="57.537048" lon="12.425558"><ele>12.6</ele></rtept><rtept lat="57.537048" lon="12.425623"><ele>12.8</ele></rtept><rtept lat="57.537037" lon="12.425698"><ele>12.8</ele></rtept><rtept lat="57.537003" lon="12.425793"><ele>12.6</ele></rtept><rtept lat="57.536992" lon="12.425862"><ele>12.6</ele></rtept><rtept lat="57.536978" lon="12.425925"><ele>12.6</ele></rtept><rtept lat="57.536985" lon="12.425975"><ele>12.4</ele></rtept><rtept lat="57.536985" lon="12.42603"><ele>12.6</ele></rtept><rtept lat="57.536972" lon="12.426065"><ele>12.6</ele></rtept><rtept lat="57.536965" lon="12.42612"><ele>12.8</ele></rtept><rtept lat="57.536965" lon="12.426155"><ele>12.6</ele></rtept><rtept lat="57.536972" lon="12.426193"><ele>12.6</ele></rtept><rtept lat="57.536972" lon="12.426238"><ele>12.6</ele></rtept><rtept lat="57.536972" lon="12.426282"><ele>12.2</ele></rtept><rtept lat="57.536985" lon="12.42631"><ele>12.4</ele></rtept><rtept lat="57.536992" lon="12.426345"><ele>12.2</ele></rtept><rtept lat="57.537003" lon="12.42638"><ele>12.4</ele></rtept><rtept lat="57.537023" lon="12.426412"><ele>12.4</ele></rtept><rtept lat="57.537037" lon="12.426438"><ele>12.4</ele></rtept><rtept lat="57.537062" lon="12.426453"><ele>12.6</ele></rtept><rtept lat="57.53708" lon="12.426457"><ele>12.4</ele></rtept><rtept lat="57.5371" lon="12.426467"><ele>12.2</ele></rtept><rtept lat="57.537125" lon="12.426493"><ele>12.4</ele></rtept><rtept lat="57.537152" lon="12.426507"><ele>12.2</ele></rtept><rtept lat="57.53717" lon="12.426513"><ele>12.2</ele></rtept><rtept lat="57.53719" lon="12.426512"><ele>12.6</ele></rtept><rtept lat="57.537208" lon="12.426532"><ele>12.4</ele></rtept><rtept lat="57.537228" lon="12.426553"><ele>12.2</ele></rtept><rtept lat="57.537253" lon="12.426587"><ele>12.4</ele></rtept><rtept lat="57.537273" lon="12.426608"><ele>12.4</ele></rtept><rtept lat="57.537305" lon="12.426655"><ele>12.4</ele></rtept><rtept lat="57.537318" lon="12.426717"><ele>12.2</ele></rtept><rtept lat="57.53733" lon="12.426757"><ele>12.6</ele></rtept><rtept lat="57.537343" lon="12.426785"><ele>12.4</ele></rtept><rtept lat="57.537357" lon="12.426815"><ele>12.4</ele></rtept><rtept lat="57.537375" lon="12.426843"><ele>12.6</ele></rtept><rtept lat="57.537395" lon="12.426885"><ele>12.4</ele></rtept><rtept lat="57.537407" lon="12.426933"><ele>12.6</ele></rtept><rtept lat="57.53742" lon="12.426982"><ele>12.8</ele></rtept><rtept lat="57.53742" lon="12.427028"><ele>12.6</ele></rtept><rtept lat="57.53742" lon="12.427078"><ele>12.6</ele></rtept><rtept lat="57.537427" lon="12.427115"><ele>12.8</ele></rtept><rtept lat="57.537427" lon="12.427158"><ele>12.6</ele></rtept><rtept lat="57.537427" lon="12.427203"><ele>12.6</ele></rtept><rtept lat="57.53742" lon="12.427242"><ele>12.8</ele></rtept><rtept lat="57.53742" lon="12.427283"><ele>12.8</ele></rtept><rtept lat="57.537413" lon="12.427325"><ele>12.8</ele></rtept><rtept lat="57.537407" lon="12.427358"><ele>13.0</ele></rtept><rtept lat="57.537395" lon="12.427397"><ele>12.8</ele></rtept><rtept lat="57.537388" lon="12.427435"><ele>12.8</ele></rtept><rtept lat="57.537375" lon="12.427502"><ele>13.2</ele></rtept><rtept lat="57.537368" lon="12.427585"><ele>13.0</ele></rtept><rtept lat="57.537362" lon="12.427648"><ele>13.0</ele></rtept><rtept lat="57.53735" lon="12.427715"><ele>13.4</ele></rtept><rtept lat="57.537337" lon="12.427793"><ele>13.2</ele></rtept><rtept lat="57.537318" lon="12.427877"><ele>13.0</ele></rtept><rtept lat="57.537305" lon="12.427962"><ele>13.2</ele></rtept><rtept lat="57.537305" lon="12.428082"><ele>13.0</ele></rtept><rtept lat="57.537285" lon="12.428183"><ele>12.8</ele></rtept><rtept lat="57.537267" lon="12.428265"><ele>13.0</ele></rtept><rtept lat="57.537253" lon="12.42833"><ele>12.8</ele></rtept><rtept lat="57.537228" lon="12.428413"><ele>13.0</ele></rtept><rtept lat="57.537222" lon="12.428488"><ele>13.4</ele></rtept><rtept lat="57.537215" lon="12.428548"><ele>13.0</ele></rtept><rtept lat="57.537208" lon="12.428607"><ele>13.2</ele></rtept><rtept lat="57.537202" lon="12.428658"><ele>13.4</ele></rtept><rtept lat="57.537183" lon="12.428717"><ele>13.2</ele></rtept><rtept lat="57.537177" lon="12.428757"><ele>13.4</ele></rtept><rtept lat="57.537163" lon="12.428785"><ele>13.2</ele></rtept><rtept lat="57.537152" lon="12.428838"><ele>13.4</ele></rtept><rtept lat="57.537145" lon="12.428875"><ele>13.2</ele></rtept><rtept lat="57.537138" lon="12.428917"><ele>13.0</ele></rtept><rtept lat="57.537132" lon="12.428957"><ele>13.2</ele></rtept><rtept lat="57.53712" lon="12.428997"><ele>13.0</ele></rtept><rtept lat="57.537113" lon="12.42904"><ele>12.8</ele></rtept><rtept lat="57.5371" lon="12.429088"><ele>13.0</ele></rtept><rtept lat="57.537093" lon="12.42914"><ele>12.8</ele></rtept><rtept lat="57.537087" lon="12.429188"><ele>13.0</ele></rtept><rtept lat="57.53708" lon="12.429232"><ele>13.2</ele></rtept><rtept lat="57.537068" lon="12.429273"><ele>13.0</ele></rtept><rtept lat="57.537055" lon="12.429313"><ele>13.2</ele></rtept><rtept lat="57.537042" lon="12.429348"><ele>13.4</ele></rtept><rtept lat="57.53703" lon="12.429393"><ele>13.2</ele></rtept><rtept lat="57.537023" lon="12.42944"><ele>13.4</ele></rtept><rtept lat="57.53701" lon="12.42948"><ele>13.2</ele></rtept><rtept lat="57.537003" lon="12.429522"><ele>13.0</ele></rtept><rtept lat="57.536992" lon="12.429565"><ele>13.4</ele></rtept><rtept lat="57.536985" lon="12.429605"><ele>13.2</ele></rtept><rtept lat="57.536972" lon="12.429647"><ele>13.0</ele></rtept><rtept lat="57.53696" lon="12.429688"><ele>13.2</ele></rtept><rtept lat="57.536953" lon="12.429723"><ele>13.0</ele></rtept><rtept lat="57.53694" lon="12.429753"><ele>13.0</ele></rtept><rtept lat="57.536927" lon="12.42978"><ele>13.2</ele></rtept><rtept lat="57.536902" lon="12.429805"><ele>13.0</ele></rtept><rtept lat="57.53687" lon="12.429815"><ele>12.8</ele></rtept><rtept lat="57.536838" lon="12.42983"><ele>13.0</ele></rtept><rtept lat="57.536812" lon="12.42984"><ele>13.0</ele></rtept><rtept lat="57.536787" lon="12.429842"><ele>12.8</ele></rtept><rtept lat="57.53676" lon="12.429842"><ele>13.0</ele></rtept><rtept lat="57.536742" lon="12.429835"><ele>13.0</ele></rtept><rtept lat="57.53671" lon="12.429823"><ele>13.0</ele></rtept><rtept lat="57.536683" lon="12.42981"><ele>13.2</ele></rtept><rtept lat="57.536658" lon="12.429793"><ele>13.0</ele></rtept><rtept lat="57.536633" lon="12.429773"><ele>13.0</ele></rtept><rtept lat="57.536613" lon="12.429745"><ele>13.4</ele></rtept><rtept lat="57.536588" lon="12.429713"><ele>13.2</ele></rtept><rtept lat="57.536557" lon="12.429685"><ele>13.4</ele></rtept><rtept lat="57.536512" lon="12.429643"><ele>13.2</ele></rtept><rtept lat="57.536492" lon="12.429605"><ele>13.2</ele></rtept><rtept lat="57.536473" lon="12.429565"><ele>13.4</ele></rtept><rtept lat="57.536453" lon="12.429522"><ele>13.2</ele></rtept><rtept lat="57.536435" lon="12.429467"><ele>13.2</ele></rtept><rtept lat="57.536428" lon="12.429422"><ele>13.4</ele></rtept><rtept lat="57.536422" lon="12.429382"><ele>13.2</ele></rtept><rtept lat="57.536402" lon="12.42934"><ele>13.4</ele></rtept><rtept lat="57.536383" lon="12.42934"><ele>13.0</ele></rtept><rtept lat="57.536363" lon="12.42934"><ele>13.0</ele></rtept><rtept lat="57.536345" lon="12.429347"><ele>13.2</ele></rtept><rtept lat="57.536325" lon="12.429353"><ele>13.0</ele></rtept><rtept lat="57.536307" lon="12.429367"><ele>13.0</ele></rtept><rtept lat="57.53628" lon="12.429412"><ele>12.8</ele></rtept><rtept lat="57.536275" lon="12.429452"><ele>13.2</ele></rtept><rtept lat="57.536268" lon="12.429498"><ele>13.2</ele></rtept><rtept lat="57.536262" lon="12.429552"><ele>12.8</ele></rtept><rtept lat="57.536255" lon="12.429607"><ele>13.0</ele></rtept><rtept lat="57.536242" lon="12.429663"><ele>12.8</ele></rtept><rtept lat="57.536237" lon="12.42972"><ele>12.6</ele></rtept><rtept lat="57.53623" lon="12.429773"><ele>12.6</ele></rtept><rtept lat="57.536217" lon="12.42982"><ele>12.4</ele></rtept><rtept lat="57.536198" lon="12.429875"><ele>12.4</ele></rtept><rtept lat="57.536192" lon="12.429928"><ele>12.6</ele></rtept><rtept lat="57.536178" lon="12.429978"><ele>12.4</ele></rtept><rtept lat="57.536165" lon="12.43002"><ele>12.4</ele></rtept><rtept lat="57.53616" lon="12.430067"><ele>12.6</ele></rtept><rtept lat="57.536147" lon="12.430093"><ele>12.2</ele></rtept><rtept lat="57.53614" lon="12.430125"><ele>12.6</ele></rtept><rtept lat="57.536127" lon="12.430158"><ele>12.8</ele></rtept><rtept lat="57.536115" lon="12.430218"><ele>12.8</ele></rtept><rtept lat="57.536108" lon="12.430252"><ele>13.0</ele></rtept><rtept lat="57.536108" lon="12.430295"><ele>12.6</ele></rtept><rtept lat="57.536102" lon="12.430337"><ele>12.8</ele></rtept><rtept lat="57.536095" lon="12.430372"><ele>13.0</ele></rtept><rtept lat="57.536088" lon="12.43041"><ele>12.6</ele></rtept><rtept lat="57.536077" lon="12.430457"><ele>12.8</ele></rtept><rtept lat="57.53607" lon="12.4305"><ele>12.6</ele></rtept><rtept lat="57.536063" lon="12.430538"><ele>12.2</ele></rtept><rtept lat="57.536057" lon="12.43058"><ele>12.4</ele></rtept><rtept lat="57.536057" lon="12.430615"><ele>12.6</ele></rtept><rtept lat="57.53605" lon="12.430653"><ele>12.4</ele></rtept><rtept lat="57.536038" lon="12.430692"><ele>13.0</ele></rtept><rtept lat="57.536032" lon="12.430727"><ele>12.4</ele></rtept><rtept lat="57.536025" lon="12.430767"><ele>12.2</ele></rtept><rtept lat="57.536018" lon="12.430812"><ele>12.4</ele></rtept><rtept lat="57.536012" lon="12.430882"><ele>12.4</ele></rtept><rtept lat="57.536" lon="12.430927"><ele>12.4</ele></rtept><rtept lat="57.535993" lon="12.430978"><ele>12.6</ele></rtept><rtept lat="57.535973" lon="12.43102"><ele>12.8</ele></rtept><rtept lat="57.535967" lon="12.431065"><ele>12.6</ele></rtept><rtept lat="57.535955" lon="12.431115"><ele>12.8</ele></rtept><rtept lat="57.535935" lon="12.431163"><ele>12.8</ele></rtept><rtept lat="57.535928" lon="12.431208"><ele>12.8</ele></rtept><rtept lat="57.535917" lon="12.431248"><ele>13.0</ele></rtept><rtept lat="57.535903" lon="12.431288"><ele>13.0</ele></rtept><rtept lat="57.53589" lon="12.431332"><ele>12.8</ele></rtept><rtept lat="57.535878" lon="12.431373"><ele>13.0</ele></rtept><rtept lat="57.535858" lon="12.431417"><ele>13.0</ele></rtept><rtept lat="57.535852" lon="12.431458"><ele>13.4</ele></rtept><rtept lat="57.53584" lon="12.431498"><ele>13.4</ele></rtept><rtept lat="57.535827" lon="12.431538"><ele>13.2</ele></rtept><rtept lat="57.535813" lon="12.43158"><ele>13.4</ele></rtept><rtept lat="57.535795" lon="12.43163"><ele>13.6</ele></rtept><rtept lat="57.535788" lon="12.431672"><ele>13.2</ele></rtept><rtept lat="57.535768" lon="12.43171"><ele>13.6</ele></rtept><rtept lat="57.535757" lon="12.431757"><ele>13.4</ele></rtept><rtept lat="57.535737" lon="12.431797"><ele>13.2</ele></rtept><rtept lat="57.53573" lon="12.431843"><ele>13.6</ele></rtept><rtept lat="57.535718" lon="12.431883"><ele>13.4</ele></rtept><rtept lat="57.535705" lon="12.43192"><ele>13.4</ele></rtept><rtept lat="57.535692" lon="12.431948"><ele>13.6</ele></rtept><rtept lat="57.53568" lon="12.431982"><ele>13.4</ele></rtept><rtept lat="57.53566" lon="12.432043"><ele>13.2</ele></rtept><rtept lat="57.535647" lon="12.4321"><ele>13.2</ele></rtept><rtept lat="57.535635" lon="12.432153"><ele>12.8</ele></rtept><rtept lat="57.535622" lon="12.432207"><ele>13.0</ele></rtept><rtept lat="57.535608" lon="12.43226"><ele>13.0</ele></rtept><rtept lat="57.535597" lon="12.432305"><ele>12.8</ele></rtept><rtept lat="57.535583" lon="12.432345"><ele>13.0</ele></rtept><rtept lat="57.535563" lon="12.432385"><ele>13.2</ele></rtept><rtept lat="57.535545" lon="12.43242"><ele>12.8</ele></rtept><rtept lat="57.535532" lon="12.432455"><ele>13.2</ele></rtept><rtept lat="57.535513" lon="12.432497"><ele>13.4</ele></rtept><rtept lat="57.5355" lon="12.43253"><ele>13.2</ele></rtept><rtept lat="57.53548" lon="12.432568"><ele>13.4</ele></rtept><rtept lat="57.535475" lon="12.43261"><ele>13.2</ele></rtept><rtept lat="57.535462" lon="12.432655"><ele>13.0</ele></rtept><rtept lat="57.535455" lon="12.432708"><ele>13.2</ele></rtept><rtept lat="57.535437" lon="12.43282"><ele>13.0</ele></rtept><rtept lat="57.535423" lon="12.432945"><ele>12.8</ele></rtept><rtept lat="57.535398" lon="12.433045"><ele>13.2</ele></rtept><rtept lat="57.535372" lon="12.433123"><ele>13.0</ele></rtept><rtept lat="57.535353" lon="12.433208"><ele>13.0</ele></rtept><rtept lat="57.53532" lon="12.43328"><ele>13.2</ele></rtept><rtept lat="57.535302" lon="12.433338"><ele>13.0</ele></rtept><rtept lat="57.535282" lon="12.433395"><ele>13.0</ele></rtept><rtept lat="57.535257" lon="12.433453"><ele>13.2</ele></rtept><rtept lat="57.535238" lon="12.433487"><ele>13.0</ele></rtept><rtept lat="57.535218" lon="12.433533"><ele>13.0</ele></rtept><rtept lat="57.535218" lon="12.433582"><ele>12.6</ele></rtept><rtept lat="57.535212" lon="12.433618"><ele>12.8</ele></rtept><rtept lat="57.5352" lon="12.43367"><ele>12.6</ele></rtept><rtept lat="57.53518" lon="12.433732"><ele>12.4</ele></rtept><rtept lat="57.535173" lon="12.433765"><ele>12.2</ele></rtept><rtept lat="57.53516" lon="12.4338"><ele>12.4</ele></rtept><rtept lat="57.535155" lon="12.433837"><ele>12.4</ele></rtept><rtept lat="57.535142" lon="12.433877"><ele>12.2</ele></rtept><rtept lat="57.535117" lon="12.433953"><ele>12.6</ele></rtept><rtept lat="57.53511" lon="12.433985"><ele>12.6</ele></rtept><rtept lat="57.535103" lon="12.43402"><ele>12.6</ele></rtept><rtept lat="57.535097" lon="12.434062"><ele>12.6</ele></rtept><rtept lat="57.535078" lon="12.434103"><ele>12.4</ele></rtept><rtept lat="57.535078" lon="12.434148"><ele>12.6</ele></rtept><rtept lat="57.535065" lon="12.434192"><ele>12.4</ele></rtept><rtept lat="57.535052" lon="12.434233"><ele>12.6</ele></rtept><rtept lat="57.535045" lon="12.434273"><ele>12.8</ele></rtept><rtept lat="57.535033" lon="12.434308"><ele>12.6</ele></rtept><rtept lat="57.53502" lon="12.434352"><ele>12.8</ele></rtept><rtept lat="57.535013" lon="12.434395"><ele>12.8</ele></rtept><rtept lat="57.535007" lon="12.434432"><ele>12.8</ele></rtept><rtept lat="57.534982" lon="12.434505"><ele>13.0</ele></rtept><rtept lat="57.534975" lon="12.434552"><ele>12.8</ele></rtept><rtept lat="57.534962" lon="12.434603"><ele>13.0</ele></rtept><rtept lat="57.534957" lon="12.434643"><ele>13.0</ele></rtept><rtept lat="57.534937" lon="12.43468"><ele>12.8</ele></rtept><rtept lat="57.53493" lon="12.43472"><ele>13.0</ele></rtept><rtept lat="57.534923" lon="12.434762"><ele>12.8</ele></rtept><rtept lat="57.534918" lon="12.434802"><ele>13.0</ele></rtept><rtept lat="57.534905" lon="12.434848"><ele>13.0</ele></rtept><rtept lat="57.534905" lon="12.4349"><ele>12.8</ele></rtept><rtept lat="57.534898" lon="12.434953"><ele>13.0</ele></rtept><rtept lat="57.53488" lon="12.435013"><ele>12.8</ele></rtept><rtept lat="57.534867" lon="12.435072"><ele>12.6</ele></rtept><rtept lat="57.534853" lon="12.435127"><ele>13.0</ele></rtept><rtept lat="57.534847" lon="12.43518"><ele>13.0</ele></rtept><rtept lat="57.534835" lon="12.435232"><ele>12.6</ele></rtept><rtept lat="57.534815" lon="12.435277"><ele>12.8</ele></rtept><rtept lat="57.534802" lon="12.435317"><ele>12.8</ele></rtept><rtept lat="57.534797" lon="12.435363"><ele>12.6</ele></rtept><rtept lat="57.534777" lon="12.435415"><ele>12.8</ele></rtept><rtept lat="57.534763" lon="12.435478"><ele>12.8</ele></rtept><rtept lat="57.534758" lon="12.435548"><ele>12.8</ele></rtept><rtept lat="57.534745" lon="12.435622"><ele>12.8</ele></rtept><rtept lat="57.534725" lon="12.435707"><ele>12.6</ele></rtept><rtept lat="57.5347" lon="12.435798"><ele>12.8</ele></rtept><rtept lat="57.534675" lon="12.435882"><ele>12.8</ele></rtept><rtept lat="57.534648" lon="12.435975"><ele>12.6</ele></rtept><rtept lat="57.534642" lon="12.43604"><ele>12.6</ele></rtept><rtept lat="57.534623" lon="12.43612"><ele>12.6</ele></rtept><rtept lat="57.534598" lon="12.436168"><ele>12.4</ele></rtept><rtept lat="57.534578" lon="12.43621"><ele>12.4</ele></rtept><rtept lat="57.53454" lon="12.43628"><ele>12.6</ele></rtept><rtept lat="57.534508" lon="12.43634"><ele>12.4</ele></rtept><rtept lat="57.534502" lon="12.436377"><ele>12.4</ele></rtept><rtept lat="57.534502" lon="12.436425"><ele>12.0</ele></rtept><rtept lat="57.534502" lon="12.436495"><ele>12.0</ele></rtept><rtept lat="57.534502" lon="12.43653"><ele>12.0</ele></rtept><rtept lat="57.534488" lon="12.436605"><ele>12.0</ele></rtept><rtept lat="57.53447" lon="12.436632"><ele>12.0</ele></rtept><rtept lat="57.534457" lon="12.436665"><ele>12.0</ele></rtept><rtept lat="57.534443" lon="12.436695"><ele>11.8</ele></rtept><rtept lat="57.534425" lon="12.436723"><ele>12.4</ele></rtept><rtept lat="57.5344" lon="12.436753"><ele>12.4</ele></rtept><rtept lat="57.53438" lon="12.436773"><ele>12.6</ele></rtept><rtept lat="57.534367" lon="12.4368"><ele>12.2</ele></rtept><rtept lat="57.534348" lon="12.43683"><ele>12.6</ele></rtept><rtept lat="57.534322" lon="12.43686"><ele>12.6</ele></rtept><rtept lat="57.53431" lon="12.43689"><ele>12.4</ele></rtept><rtept lat="57.53429" lon="12.436922"><ele>12.6</ele></rtept><rtept lat="57.534272" lon="12.436958"><ele>12.2</ele></rtept><rtept lat="57.534252" lon="12.436997"><ele>12.0</ele></rtept><rtept lat="57.534233" lon="12.437027"><ele>12.2</ele></rtept><rtept lat="57.534207" lon="12.437068"><ele>12.0</ele></rtept><rtept lat="57.534188" lon="12.437107"><ele>12.0</ele></rtept><rtept lat="57.534162" lon="12.437157"><ele>12.0</ele></rtept><rtept lat="57.534143" lon="12.43718"><ele>11.8</ele></rtept><rtept lat="57.53413" lon="12.437205"><ele>11.8</ele></rtept><rtept lat="57.534112" lon="12.43724"><ele>11.6</ele></rtept><rtept lat="57.534092" lon="12.437265"><ele>11.6</ele></rtept><rtept lat="57.534085" lon="12.4373"><ele>11.8</ele></rtept><rtept lat="57.534067" lon="12.437335"><ele>11.8</ele></rtept><rtept lat="57.534053" lon="12.43737"><ele>11.6</ele></rtept><rtept lat="57.53404" lon="12.43743"><ele>11.6</ele></rtept><rtept lat="57.534028" lon="12.437463"><ele>11.4</ele></rtept><rtept lat="57.534008" lon="12.43751"><ele>11.6</ele></rtept><rtept lat="57.533997" lon="12.437553"><ele>11.4</ele></rtept><rtept lat="57.53397" lon="12.4376"><ele>11.2</ele></rtept><rtept lat="57.533952" lon="12.437648"><ele>11.6</ele></rtept><rtept lat="57.53392" lon="12.437713"><ele>11.8</ele></rtept><rtept lat="57.533868" lon="12.437857"><ele>11.4</ele></rtept><rtept lat="57.53383" lon="12.43796"><ele>11.4</ele></rtept><rtept lat="57.533803" lon="12.438057"><ele>11.4</ele></rtept><rtept lat="57.533785" lon="12.43813"><ele>11.2</ele></rtept><rtept lat="57.533765" lon="12.438203"><ele>11.8</ele></rtept><rtept lat="57.533747" lon="12.43827"><ele>11.4</ele></rtept><rtept lat="57.533727" lon="12.438333"><ele>11.4</ele></rtept><rtept lat="57.533715" lon="12.438362"><ele>11.8</ele></rtept><rtept lat="57.533682" lon="12.438422"><ele>11.2</ele></rtept><rtept lat="57.53365" lon="12.438473"><ele>11.2</ele></rtept><rtept lat="57.533632" lon="12.438502"><ele>11.2</ele></rtept><rtept lat="57.533612" lon="12.438533"><ele>11.0</ele></rtept><rtept lat="57.5336" lon="12.438573"><ele>11.0</ele></rtept><rtept lat="57.533587" lon="12.438627"><ele>11.2</ele></rtept><rtept lat="57.533573" lon="12.438677"><ele>11.4</ele></rtept><rtept lat="57.533555" lon="12.43871"><ele>11.4</ele></rtept><rtept lat="57.533522" lon="12.43876"><ele>11.6</ele></rtept><rtept lat="57.533497" lon="12.43879"><ele>11.4</ele></rtept><rtept lat="57.533478" lon="12.438817"><ele>12.0</ele></rtept><rtept lat="57.533452" lon="12.438845"><ele>12.2</ele></rtept><rtept lat="57.533433" lon="12.438875"><ele>11.8</ele></rtept><rtept lat="57.533407" lon="12.4389"><ele>12.2</ele></rtept><rtept lat="57.533388" lon="12.438922"><ele>12.0</ele></rtept><rtept lat="57.533368" lon="12.438948"><ele>11.8</ele></rtept><rtept lat="57.53335" lon="12.438982"><ele>12.2</ele></rtept><rtept lat="57.533323" lon="12.439018"><ele>12.2</ele></rtept><rtept lat="57.533305" lon="12.439053"><ele>12.0</ele></rtept><rtept lat="57.533285" lon="12.439082"><ele>12.4</ele></rtept><rtept lat="57.533267" lon="12.439107"><ele>12.2</ele></rtept><rtept lat="57.533247" lon="12.439123"><ele>12.4</ele></rtept><rtept lat="57.533228" lon="12.439133"><ele>12.6</ele></rtept><rtept lat="57.533197" lon="12.439153"><ele>12.4</ele></rtept><rtept lat="57.53319" lon="12.439187"><ele>12.6</ele></rtept><rtept lat="57.533215" lon="12.439213"><ele>12.4</ele></rtept><rtept lat="57.533228" lon="12.43924"><ele>12.4</ele></rtept><rtept lat="57.533235" lon="12.43932"><ele>12.8</ele></rtept><rtept lat="57.533235" lon="12.43936"><ele>12.6</ele></rtept><rtept lat="57.533228" lon="12.439405"><ele>12.6</ele></rtept><rtept lat="57.533215" lon="12.439443"><ele>12.8</ele></rtept><rtept lat="57.533208" lon="12.439483"><ele>12.6</ele></rtept><rtept lat="57.533197" lon="12.439517"><ele>12.6</ele></rtept><rtept lat="57.53317" lon="12.439543"><ele>12.8</ele></rtept><rtept lat="57.533145" lon="12.439565"><ele>12.8</ele></rtept><rtept lat="57.53312" lon="12.43958"><ele>12.4</ele></rtept><rtept lat="57.533087" lon="12.4396"><ele>12.8</ele></rtept><rtept lat="57.533055" lon="12.43961"><ele>12.4</ele></rtept><rtept lat="57.53303" lon="12.43962"><ele>12.2</ele></rtept><rtept lat="57.532998" lon="12.439628"><ele>12.6</ele></rtept><rtept lat="57.53296" lon="12.439645"><ele>12.4</ele></rtept><rtept lat="57.532927" lon="12.43966"><ele>12.0</ele></rtept><rtept lat="57.532888" lon="12.439673"><ele>12.2</ele></rtept><rtept lat="57.532857" lon="12.439688"><ele>12.0</ele></rtept><rtept lat="57.532832" lon="12.439702"><ele>12.2</ele></rtept><rtept lat="57.5328" lon="12.439715"><ele>12.4</ele></rtept><rtept lat="57.532767" lon="12.439728"><ele>12.2</ele></rtept><rtept lat="57.532735" lon="12.439743"><ele>12.2</ele></rtept><rtept lat="57.532697" lon="12.439753"><ele>12.4</ele></rtept><rtept lat="57.532672" lon="12.439767"><ele>12.0</ele></rtept><rtept lat="57.532633" lon="12.43978"><ele>12.4</ele></rtept><rtept lat="57.5326" lon="12.439788"><ele>12.6</ele></rtept><rtept lat="57.532575" lon="12.439793"><ele>12.4</ele></rtept><rtept lat="57.532537" lon="12.439797"><ele>12.8</ele></rtept><rtept lat="57.532518" lon="12.4398"><ele>12.6</ele></rtept><rtept lat="57.532498" lon="12.4398"><ele>12.0</ele></rtept><rtept lat="57.53248" lon="12.439787"><ele>12.4</ele></rtept><rtept lat="57.532453" lon="12.439768"><ele>12.2</ele></rtept><rtept lat="57.532422" lon="12.439753"><ele>12.0</ele></rtept><rtept lat="57.53239" lon="12.439733"><ele>12.2</ele></rtept><rtept lat="57.53237" lon="12.439707"><ele>12.0</ele></rtept><rtept lat="57.532345" lon="12.439675"><ele>12.0</ele></rtept><rtept lat="57.532313" lon="12.439635"><ele>12.2</ele></rtept><rtept lat="57.532287" lon="12.439598"><ele>12.0</ele></rtept><rtept lat="57.532262" lon="12.439563"><ele>12.4</ele></rtept><rtept lat="57.532237" lon="12.439543"><ele>12.6</ele></rtept><rtept lat="57.532217" lon="12.43953"><ele>12.4</ele></rtept><rtept lat="57.532198" lon="12.43952"><ele>12.6</ele></rtept><rtept lat="57.532165" lon="12.4395"><ele>12.4</ele></rtept><rtept lat="57.532147" lon="12.439503"><ele>12.4</ele></rtept><rtept lat="57.532127" lon="12.43949"><ele>13.0</ele></rtept><rtept lat="57.532102" lon="12.439488"><ele>13.0</ele></rtept><rtept lat="57.532082" lon="12.439495"><ele>13.6</ele></rtept><rtept lat="57.532057" lon="12.439495"><ele>14.4</ele></rtept><rtept lat="57.532038" lon="12.439488"><ele>14.4</ele></rtept><rtept lat="57.532018" lon="12.439483"><ele>15.0</ele></rtept><rtept lat="57.531987" lon="12.43948"><ele>15.4</ele></rtept><rtept lat="57.53196" lon="12.439477"><ele>16.2</ele></rtept><rtept lat="57.531942" lon="12.439477"><ele>16.4</ele></rtept><rtept lat="57.531917" lon="12.43948"><ele>17.2</ele></rtept><rtept lat="57.531897" lon="12.439457"><ele>17.6</ele></rtept><rtept lat="57.531878" lon="12.439427"><ele>18.2</ele></rtept><rtept lat="57.531858" lon="12.4394"><ele>18.2</ele></rtept><rtept lat="57.531827" lon="12.439378"><ele>18.0</ele></rtept><rtept lat="57.531807" lon="12.439347"><ele>18.4</ele></rtept><rtept lat="57.531782" lon="12.4393"><ele>18.4</ele></rtept><rtept lat="57.531762" lon="12.439252"><ele>18.2</ele></rtept><rtept lat="57.531737" lon="12.439197"><ele>18.8</ele></rtept><rtept lat="57.531718" lon="12.439147"><ele>18.8</ele></rtept><rtept lat="57.531705" lon="12.439098"><ele>19.0</ele></rtept><rtept lat="57.531685" lon="12.439063"><ele>18.8</ele></rtept><rtept lat="57.531673" lon="12.439033"><ele>19.0</ele></rtept><rtept lat="57.53166" lon="12.438998"><ele>19.4</ele></rtept><rtept lat="57.531647" lon="12.438953"><ele>19.4</ele></rtept><rtept lat="57.53164" lon="12.438908"><ele>19.2</ele></rtept><rtept lat="57.531622" lon="12.43886"><ele>19.4</ele></rtept><rtept lat="57.531602" lon="12.43882"><ele>19.0</ele></rtept><rtept lat="57.53159" lon="12.438783"><ele>18.8</ele></rtept><rtept lat="57.53157" lon="12.438747"><ele>18.8</ele></rtept><rtept lat="57.531558" lon="12.43871"><ele>18.6</ele></rtept><rtept lat="57.531552" lon="12.43867"><ele>18.4</ele></rtept><rtept lat="57.531538" lon="12.438637"><ele>18.4</ele></rtept><rtept lat="57.53152" lon="12.438605"><ele>18.4</ele></rtept><rtept lat="57.5315" lon="12.438572"><ele>18.0</ele></rtept><rtept lat="57.53148" lon="12.438533"><ele>17.8</ele></rtept><rtept lat="57.531462" lon="12.438493"><ele>17.6</ele></rtept><rtept lat="57.531442" lon="12.438458"><ele>17.4</ele></rtept><rtept lat="57.531417" lon="12.438427"><ele>16.8</ele></rtept><rtept lat="57.531392" lon="12.438403"><ele>16.6</ele></rtept><rtept lat="57.531365" lon="12.438383"><ele>16.2</ele></rtept><rtept lat="57.53134" lon="12.438367"><ele>15.6</ele></rtept><rtept lat="57.53132" lon="12.438347"><ele>15.4</ele></rtept><rtept lat="57.531302" lon="12.438328"><ele>15.0</ele></rtept><rtept lat="57.531282" lon="12.438315"><ele>15.0</ele></rtept><rtept lat="57.531263" lon="12.438307"><ele>15.2</ele></rtept><rtept lat="57.531232" lon="12.438285"><ele>14.8</ele></rtept><rtept lat="57.531205" lon="12.438262"><ele>15.0</ele></rtept><rtept lat="57.531173" lon="12.43824"><ele>15.0</ele></rtept><rtept lat="57.531142" lon="12.438218"><ele>15.0</ele></rtept><rtept lat="57.531117" lon="12.43819"><ele>15.2</ele></rtept><rtept lat="57.531097" lon="12.43816"><ele>15.2</ele></rtept><rtept lat="57.531078" lon="12.43812"><ele>15.2</ele></rtept><rtept lat="57.531052" lon="12.438075"><ele>15.4</ele></rtept><rtept lat="57.531027" lon="12.43803"><ele>15.0</ele></rtept><rtept lat="57.531013" lon="12.437992"><ele>15.0</ele></rtept><rtept lat="57.530988" lon="12.437957"><ele>15.0</ele></rtept><rtept lat="57.530968" lon="12.437922"><ele>15.0</ele></rtept><rtept lat="57.53095" lon="12.437892"><ele>14.8</ele></rtept><rtept lat="57.530943" lon="12.43784"><ele>14.8</ele></rtept><rtept lat="57.53093" lon="12.437807"><ele>14.8</ele></rtept><rtept lat="57.530918" lon="12.437778"><ele>14.8</ele></rtept><rtept lat="57.530905" lon="12.437737"><ele>14.6</ele></rtept><rtept lat="57.530867" lon="12.43772"><ele>14.8</ele></rtept><rtept lat="57.530847" lon="12.437703"><ele>14.6</ele></rtept><rtept lat="57.530828" lon="12.437683"><ele>14.8</ele></rtept><rtept lat="57.530797" lon="12.437635"><ele>14.6</ele></rtept><rtept lat="57.530777" lon="12.437608"><ele>14.8</ele></rtept><rtept lat="57.530758" lon="12.437593"><ele>14.8</ele></rtept><rtept lat="57.530725" lon="12.437548"><ele>14.6</ele></rtept><rtept lat="57.530707" lon="12.437513"><ele>15.0</ele></rtept><rtept lat="57.530687" lon="12.43748"><ele>14.8</ele></rtept><rtept lat="57.530668" lon="12.437423"><ele>15.2</ele></rtept><rtept lat="57.530655" lon="12.43739"><ele>15.0</ele></rtept><rtept lat="57.530637" lon="12.43737"><ele>15.2</ele></rtept><rtept lat="57.530617" lon="12.437322"><ele>14.8</ele></rtept><rtept lat="57.530598" lon="12.437295"><ele>15.0</ele></rtept><rtept lat="57.530585" lon="12.43726"><ele>15.0</ele></rtept><rtept lat="57.53056" lon="12.437225"><ele>14.4</ele></rtept><rtept lat="57.53054" lon="12.437202"><ele>14.8</ele></rtept><rtept lat="57.530527" lon="12.437178"><ele>14.8</ele></rtept><rtept lat="57.530502" lon="12.437158"><ele>14.6</ele></rtept><rtept lat="57.530477" lon="12.437122"><ele>14.6</ele></rtept><rtept lat="57.530457" lon="12.437127"><ele>14.4</ele></rtept><rtept lat="57.530438" lon="12.43715"><ele>14.4</ele></rtept><rtept lat="57.530418" lon="12.437147"><ele>14.6</ele></rtept><rtept lat="57.5304" lon="12.437127"><ele>14.6</ele></rtept><rtept lat="57.530387" lon="12.437093"><ele>15.0</ele></rtept><rtept lat="57.530348" lon="12.437058"><ele>15.4</ele></rtept><rtept lat="57.530328" lon="12.437033"><ele>15.0</ele></rtept><rtept lat="57.53031" lon="12.437007"><ele>15.6</ele></rtept><rtept lat="57.53029" lon="12.43698"><ele>15.4</ele></rtept><rtept lat="57.53024" lon="12.436915"><ele>15.4</ele></rtept><rtept lat="57.530233" lon="12.436898"><ele>15.0</ele></rtept><rtept lat="57.530213" lon="12.436888"><ele>14.6</ele></rtept><rtept lat="57.530195" lon="12.43688"><ele>14.0</ele></rtept><rtept lat="57.530168" lon="12.436882"><ele>13.8</ele></rtept><rtept lat="57.53015" lon="12.436888"><ele>13.4</ele></rtept><rtept lat="57.53013" lon="12.436922"><ele>13.6</ele></rtept><rtept lat="57.530112" lon="12.436933"><ele>13.4</ele></rtept><rtept lat="57.530092" lon="12.436943"><ele>13.2</ele></rtept><rtept lat="57.530073" lon="12.436948"><ele>13.2</ele></rtept><rtept lat="57.53004" lon="12.436968"><ele>13.0</ele></rtept><rtept lat="57.530015" lon="12.436993"><ele>12.8</ele></rtept><rtept lat="57.52999" lon="12.437027"><ele>13.0</ele></rtept><rtept lat="57.52997" lon="12.43704"><ele>13.2</ele></rtept><rtept lat="57.529938" lon="12.437068"><ele>13.2</ele></rtept><rtept lat="57.529913" lon="12.437107"><ele>13.2</ele></rtept><rtept lat="57.529893" lon="12.437128"><ele>13.2</ele></rtept><rtept lat="57.529875" lon="12.437152"><ele>13.6</ele></rtept><rtept lat="57.529862" lon="12.437182"><ele>13.6</ele></rtept><rtept lat="57.529842" lon="12.437202"><ele>14.0</ele></rtept><rtept lat="57.529817" lon="12.437225"><ele>14.2</ele></rtept><rtept lat="57.529778" lon="12.437245"><ele>14.0</ele></rtept><rtept lat="57.529753" lon="12.437252"><ele>14.4</ele></rtept><rtept lat="57.529727" lon="12.43726"><ele>14.4</ele></rtept><rtept lat="57.529702" lon="12.437265"><ele>14.4</ele></rtept><rtept lat="57.529682" lon="12.437267"><ele>15.0</ele></rtept><rtept lat="57.529657" lon="12.437277"><ele>15.2</ele></rtept><rtept lat="57.529605" lon="12.437282"><ele>14.8</ele></rtept><rtept lat="57.529573" lon="12.437285"><ele>14.8</ele></rtept><rtept lat="57.529542" lon="12.437282"><ele>15.0</ele></rtept><rtept lat="57.529517" lon="12.43728"><ele>15.0</ele></rtept><rtept lat="57.529478" lon="12.437282"><ele>14.8</ele></rtept><rtept lat="57.52944" lon="12.437282"><ele>15.0</ele></rtept><rtept lat="57.529407" lon="12.43729"><ele>14.8</ele></rtept><rtept lat="57.529368" lon="12.43729"><ele>14.6</ele></rtept><rtept lat="57.529323" lon="12.437282"><ele>14.6</ele></rtept><rtept lat="57.529273" lon="12.437265"><ele>14.8</ele></rtept><rtept lat="57.529228" lon="12.437262"><ele>14.4</ele></rtept><rtept lat="57.529183" lon="12.437257"><ele>14.2</ele></rtept><rtept lat="57.529152" lon="12.43726"><ele>14.2</ele></rtept><rtept lat="57.52912" lon="12.43726"><ele>14.2</ele></rtept><rtept lat="57.529068" lon="12.437258"><ele>14.2</ele></rtept><rtept lat="57.529003" lon="12.437245"><ele>14.4</ele></rtept><rtept lat="57.528965" lon="12.437232"><ele>14.2</ele></rtept><rtept lat="57.528947" lon="12.43722"><ele>14.0</ele></rtept><rtept lat="57.528908" lon="12.437227"><ele>14.2</ele></rtept><rtept lat="57.528882" lon="12.437232"><ele>14.6</ele></rtept><rtept lat="57.528857" lon="12.437225"><ele>14.6</ele></rtept><rtept lat="57.528832" lon="12.43722"><ele>14.6</ele></rtept><rtept lat="57.528805" lon="12.437198"><ele>14.4</ele></rtept><rtept lat="57.52878" lon="12.437178"><ele>14.4</ele></rtept><rtept lat="57.52876" lon="12.437158"><ele>14.2</ele></rtept><rtept lat="57.528742" lon="12.43714"><ele>14.2</ele></rtept><rtept lat="57.528722" lon="12.437127"><ele>14.4</ele></rtept><rtept lat="57.528703" lon="12.437117"><ele>14.0</ele></rtept><rtept lat="57.528683" lon="12.437122"><ele>13.6</ele></rtept><rtept lat="57.528665" lon="12.437107"><ele>13.6</ele></rtept><rtept lat="57.528645" lon="12.437097"><ele>13.8</ele></rtept><rtept lat="57.528627" lon="12.437088"><ele>13.6</ele></rtept><rtept lat="57.528607" lon="12.437088"><ele>13.6</ele></rtept><rtept lat="57.528588" lon="12.437088"><ele>13.8</ele></rtept><rtept lat="57.528568" lon="12.437082"><ele>13.6</ele></rtept><rtept lat="57.52855" lon="12.437077"><ele>13.4</ele></rtept><rtept lat="57.52853" lon="12.437068"><ele>13.6</ele></rtept><rtept lat="57.528498" lon="12.437047"><ele>13.6</ele></rtept><rtept lat="57.528453" lon="12.437013"><ele>14.0</ele></rtept><rtept lat="57.528422" lon="12.43698"><ele>14.0</ele></rtept><rtept lat="57.52839" lon="12.436952"><ele>14.2</ele></rtept><rtept lat="57.528345" lon="12.43691"><ele>14.8</ele></rtept><rtept lat="57.528275" lon="12.43685"><ele>14.4</ele></rtept><rtept lat="57.528217" lon="12.436783"><ele>14.2</ele></rtept><rtept lat="57.52816" lon="12.436735"><ele>14.4</ele></rtept><rtept lat="57.528108" lon="12.436695"><ele>14.2</ele></rtept><rtept lat="57.52807" lon="12.436655"><ele>14.0</ele></rtept><rtept lat="57.528043" lon="12.4366"><ele>14.4</ele></rtept><rtept lat="57.528038" lon="12.43655"><ele>14.4</ele></rtept><rtept lat="57.528" lon="12.436532"><ele>14.2</ele></rtept><rtept lat="57.52798" lon="12.436512"><ele>14.6</ele></rtept><rtept lat="57.527955" lon="12.43649"><ele>14.4</ele></rtept><rtept lat="57.527922" lon="12.436487"><ele>14.6</ele></rtept><rtept lat="57.527897" lon="12.436472"><ele>14.4</ele></rtept><rtept lat="57.527872" lon="12.43648"><ele>14.8</ele></rtept><rtept lat="57.527845" lon="12.436495"><ele>14.4</ele></rtept><rtept lat="57.527827" lon="12.436465"><ele>14.4</ele></rtept><rtept lat="57.5278" lon="12.436433"><ele>14.4</ele></rtept><rtept lat="57.527788" lon="12.436408"><ele>14.2</ele></rtept><rtept lat="57.527762" lon="12.436388"><ele>14.0</ele></rtept><rtept lat="57.527737" lon="12.436383"><ele>13.8</ele></rtept><rtept lat="57.527718" lon="12.436393"><ele>14.0</ele></rtept><rtept lat="57.527698" lon="12.436398"><ele>13.8</ele></rtept><rtept lat="57.527667" lon="12.436398"><ele>14.0</ele></rtept><rtept lat="57.527647" lon="12.4364"><ele>13.8</ele></rtept><rtept lat="57.527622" lon="12.436397"><ele>13.4</ele></rtept><rtept lat="57.52759" lon="12.436425"><ele>13.2</ele></rtept><rtept lat="57.527538" lon="12.436438"><ele>12.8</ele></rtept><rtept lat="57.527487" lon="12.436458"><ele>12.4</ele></rtept><rtept lat="57.527462" lon="12.436487"><ele>12.8</ele></rtept><rtept lat="57.527448" lon="12.436512"><ele>12.8</ele></rtept><rtept lat="57.52741" lon="12.436565"><ele>13.0</ele></rtept><rtept lat="57.527353" lon="12.436592"><ele>13.2</ele></rtept><rtept lat="57.527282" lon="12.43661"><ele>13.2</ele></rtept><rtept lat="57.527238" lon="12.43662"><ele>13.2</ele></rtept><rtept lat="57.5272" lon="12.436598"><ele>13.2</ele></rtept><rtept lat="57.527155" lon="12.436592"><ele>13.0</ele></rtept><rtept lat="57.52711" lon="12.436555"><ele>13.0</ele></rtept><rtept lat="57.527072" lon="12.436575"><ele>13.2</ele></rtept><rtept lat="57.52702" lon="12.43656"><ele>13.0</ele></rtept><rtept lat="57.526982" lon="12.43655"><ele>12.8</ele></rtept><rtept lat="57.526957" lon="12.436562"><ele>13.0</ele></rtept><rtept lat="57.526937" lon="12.436572"><ele>12.6</ele></rtept><rtept lat="57.526918" lon="12.436565"><ele>12.8</ele></rtept><rtept lat="57.526892" lon="12.43654"><ele>13.0</ele></rtept><rtept lat="57.52686" lon="12.43654"><ele>12.8</ele></rtept><rtept lat="57.526853" lon="12.436498"><ele>12.6</ele></rtept><rtept lat="57.526828" lon="12.436482"><ele>13.0</ele></rtept><rtept lat="57.526808" lon="12.436472"><ele>12.8</ele></rtept><rtept lat="57.526822" lon="12.436512"><ele>12.6</ele></rtept><rtept lat="57.526797" lon="12.436532"><ele>12.8</ele></rtept><rtept lat="57.526777" lon="12.436542"><ele>12.8</ele></rtept><rtept lat="57.526758" lon="12.43658"><ele>13.0</ele></rtept><rtept lat="57.526732" lon="12.43658"><ele>13.0</ele></rtept><rtept lat="57.526713" lon="12.436565"><ele>13.2</ele></rtept><rtept lat="57.526693" lon="12.436565"><ele>13.6</ele></rtept><rtept lat="57.526675" lon="12.436572"><ele>13.6</ele></rtept><rtept lat="57.526642" lon="12.436597"><ele>13.4</ele></rtept><rtept lat="57.526623" lon="12.436605"><ele>13.6</ele></rtept><rtept lat="57.526598" lon="12.436597"><ele>13.6</ele></rtept><rtept lat="57.526578" lon="12.436587"><ele>13.6</ele></rtept><rtept lat="57.526553" lon="12.436585"><ele>13.8</ele></rtept><rtept lat="57.526533" lon="12.436585"><ele>14.0</ele></rtept><rtept lat="57.52652" lon="12.436558"><ele>13.4</ele></rtept><rtept lat="57.526515" lon="12.436502"><ele>13.2</ele></rtept><rtept lat="57.526495" lon="12.436458"><ele>12.2</ele></rtept><rtept lat="57.526463" lon="12.43642"><ele>11.0</ele></rtept><rtept lat="57.526443" lon="12.436403"><ele>10.8</ele></rtept><rtept lat="57.526418" lon="12.436373"><ele>10.8</ele></rtept><rtept lat="57.5264" lon="12.436358"><ele>10.4</ele></rtept><rtept lat="57.526387" lon="12.436333"><ele>10.4</ele></rtept><rtept lat="57.526367" lon="12.436302"><ele>10.2</ele></rtept><rtept lat="57.526335" lon="12.436228"><ele>10.2</ele></rtept><rtept lat="57.526303" lon="12.436253"><ele>10.2</ele></rtept><rtept lat="57.526278" lon="12.436258"><ele>10.2</ele></rtept><rtept lat="57.526233" lon="12.436242"><ele>10.4</ele></rtept><rtept lat="57.526207" lon="12.436218"><ele>10.6</ele></rtept><rtept lat="57.526182" lon="12.436163"><ele>11.0</ele></rtept><rtept lat="57.526162" lon="12.436138"><ele>11.4</ele></rtept><rtept lat="57.526143" lon="12.436113"><ele>11.4</ele></rtept><rtept lat="57.526105" lon="12.43609"><ele>11.8</ele></rtept><rtept lat="57.526073" lon="12.436068"><ele>11.8</ele></rtept><rtept lat="57.526047" lon="12.436043"><ele>12.0</ele></rtept><rtept lat="57.526015" lon="12.43602"><ele>12.4</ele></rtept><rtept lat="57.525983" lon="12.43598"><ele>12.6</ele></rtept><rtept lat="57.525963" lon="12.435957"><ele>12.8</ele></rtept><rtept lat="57.525938" lon="12.435937"><ele>12.6</ele></rtept><rtept lat="57.525913" lon="12.435902"><ele>13.2</ele></rtept><rtept lat="57.525887" lon="12.435882"><ele>13.2</ele></rtept><rtept lat="57.525862" lon="12.43586"><ele>13.6</ele></rtept><rtept lat="57.525842" lon="12.435842"><ele>14.0</ele></rtept><rtept lat="57.525823" lon="12.435822"><ele>13.8</ele></rtept><rtept lat="57.525792" lon="12.435798"><ele>14.4</ele></rtept><rtept lat="57.52576" lon="12.43577"><ele>14.4</ele></rtept><rtept lat="57.525727" lon="12.435745"><ele>14.4</ele></rtept><rtept lat="57.525702" lon="12.435707"><ele>14.6</ele></rtept><rtept lat="57.525663" lon="12.435677"><ele>15.0</ele></rtept><rtept lat="57.525638" lon="12.435662"><ele>14.8</ele></rtept><rtept lat="57.525618" lon="12.435647"><ele>14.8</ele></rtept><rtept lat="57.525593" lon="12.435627"><ele>15.2</ele></rtept><rtept lat="57.52556" lon="12.435613"><ele>15.0</ele></rtept><rtept lat="57.525528" lon="12.435598"><ele>15.0</ele></rtept><rtept lat="57.525503" lon="12.435582"><ele>15.6</ele></rtept><rtept lat="57.525472" lon="12.435568"><ele>15.6</ele></rtept><rtept lat="57.525445" lon="12.435558"><ele>15.6</ele></rtept><rtept lat="57.52542" lon="12.435547"><ele>16.0</ele></rtept><rtept lat="57.525388" lon="12.435527"><ele>16.2</ele></rtept><rtept lat="57.525357" lon="12.4355"><ele>16.4</ele></rtept><rtept lat="57.52533" lon="12.435475"><ele>17.0</ele></rtept><rtept lat="57.525305" lon="12.435443"><ele>17.4</ele></rtept><rtept lat="57.525273" lon="12.43541"><ele>17.6</ele></rtept><rtept lat="57.525253" lon="12.435377"><ele>18.0</ele></rtept><rtept lat="57.525228" lon="12.43534"><ele>18.0</ele></rtept><rtept lat="57.525215" lon="12.435295"><ele>18.2</ele></rtept><rtept lat="57.525197" lon="12.435247"><ele>18.4</ele></rtept><rtept lat="57.525183" lon="12.435205"><ele>18.4</ele></rtept><rtept lat="57.525158" lon="12.43517"><ele>18.2</ele></rtept><rtept lat="57.525132" lon="12.435137"><ele>18.2</ele></rtept><rtept lat="57.525125" lon="12.4351"><ele>18.2</ele></rtept><rtept lat="57.525107" lon="12.43507"><ele>17.8</ele></rtept><rtept lat="57.525093" lon="12.435042"><ele>17.4</ele></rtept><rtept lat="57.525075" lon="12.43502"><ele>17.4</ele></rtept><rtept lat="57.525048" lon="12.434997"><ele>16.4</ele></rtept><rtept lat="57.525017" lon="12.434988"><ele>16.0</ele></rtept><rtept lat="57.524992" lon="12.435002"><ele>15.4</ele></rtept><rtept lat="57.524972" lon="12.435017"><ele>15.4</ele></rtept><rtept lat="57.524947" lon="12.435033"><ele>15.0</ele></rtept><rtept lat="57.524915" lon="12.435047"><ele>15.2</ele></rtept><rtept lat="57.524895" lon="12.43506"><ele>14.8</ele></rtept><rtept lat="57.524877" lon="12.435072"><ele>14.4</ele></rtept><rtept lat="57.524857" lon="12.435072"><ele>14.6</ele></rtept><rtept lat="57.524838" lon="12.435078"><ele>14.4</ele></rtept><rtept lat="57.524812" lon="12.435087"><ele>14.2</ele></rtept><rtept lat="57.524787" lon="12.435092"><ele>14.4</ele></rtept><rtept lat="57.524767" lon="12.4351"><ele>14.2</ele></rtept><rtept lat="57.524748" lon="12.435105"><ele>14.0</ele></rtept><rtept lat="57.524728" lon="12.43512"><ele>14.2</ele></rtept><rtept lat="57.52471" lon="12.435145"><ele>13.6</ele></rtept><rtept lat="57.524672" lon="12.435177"><ele>13.4</ele></rtept><rtept lat="57.524645" lon="12.435212"><ele>13.2</ele></rtept><rtept lat="57.52462" lon="12.435247"><ele>13.0</ele></rtept><rtept lat="57.5246" lon="12.43527"><ele>12.8</ele></rtept><rtept lat="57.524582" lon="12.435303"><ele>12.8</ele></rtept><rtept lat="57.524562" lon="12.435325"><ele>12.6</ele></rtept><rtept lat="57.52455" lon="12.43535"><ele>12.4</ele></rtept><rtept lat="57.524518" lon="12.435382"><ele>13.0</ele></rtept><rtept lat="57.524498" lon="12.435398"><ele>13.0</ele></rtept><rtept lat="57.524485" lon="12.435428"><ele>13.0</ele></rtept><rtept lat="57.52446" lon="12.435468"><ele>13.2</ele></rtept><rtept lat="57.52444" lon="12.435523"><ele>13.0</ele></rtept><rtept lat="57.52439" lon="12.435633"><ele>13.0</ele></rtept><rtept lat="57.524358" lon="12.435687"><ele>13.2</ele></rtept><rtept lat="57.524313" lon="12.435738"><ele>13.4</ele></rtept><rtept lat="57.524262" lon="12.435787"><ele>13.4</ele></rtept><rtept lat="57.524217" lon="12.435832"><ele>13.2</ele></rtept><rtept lat="57.52416" lon="12.43588"><ele>13.4</ele></rtept><rtept lat="57.524102" lon="12.435905"><ele>13.2</ele></rtept><rtept lat="57.524025" lon="12.43597"><ele>13.4</ele></rtept><rtept lat="57.52398" lon="12.43597"><ele>13.2</ele></rtept><rtept lat="57.523928" lon="12.435963"><ele>13.0</ele></rtept><rtept lat="57.523897" lon="12.436"><ele>12.8</ele></rtept><rtept lat="57.523865" lon="12.436057"><ele>12.6</ele></rtept><rtept lat="57.52384" lon="12.436085"><ele>12.6</ele></rtept><rtept lat="57.523813" lon="12.436108"><ele>13.0</ele></rtept><rtept lat="57.523775" lon="12.436148"><ele>13.2</ele></rtept><rtept lat="57.523762" lon="12.436175"><ele>13.4</ele></rtept><rtept lat="57.523718" lon="12.43621"><ele>13.4</ele></rtept><rtept lat="57.523698" lon="12.43624"><ele>13.6</ele></rtept><rtept lat="57.523673" lon="12.43628"><ele>13.4</ele></rtept><rtept lat="57.523635" lon="12.436313"><ele>13.4</ele></rtept><rtept lat="57.523615" lon="12.436313"><ele>13.2</ele></rtept><rtept lat="57.523597" lon="12.43632"><ele>13.4</ele></rtept><rtept lat="57.523577" lon="12.436328"><ele>13.2</ele></rtept><rtept lat="57.523545" lon="12.436327"><ele>13.2</ele></rtept><rtept lat="57.523507" lon="12.43634"><ele>12.8</ele></rtept><rtept lat="57.523487" lon="12.43636"><ele>12.4</ele></rtept><rtept lat="57.523442" lon="12.436458"><ele>12.6</ele></rtept><rtept lat="57.52341" lon="12.436515"><ele>12.4</ele></rtept><rtept lat="57.523353" lon="12.436605"><ele>12.4</ele></rtept><rtept lat="57.523327" lon="12.43665"><ele>12.2</ele></rtept><rtept lat="57.523295" lon="12.436677"><ele>12.6</ele></rtept><rtept lat="57.52325" lon="12.436697"><ele>12.6</ele></rtept><rtept lat="57.523225" lon="12.43672"><ele>12.2</ele></rtept><rtept lat="57.523148" lon="12.43675"><ele>12.2</ele></rtept><rtept lat="57.523083" lon="12.436793"><ele>11.8</ele></rtept><rtept lat="57.523058" lon="12.43682"><ele>12.0</ele></rtept><rtept lat="57.523033" lon="12.436848"><ele>11.6</ele></rtept><rtept lat="57.523007" lon="12.436888"><ele>11.6</ele></rtept><rtept lat="57.522982" lon="12.436932"><ele>11.6</ele></rtept><rtept lat="57.522962" lon="12.436935"><ele>11.4</ele></rtept><rtept lat="57.522968" lon="12.436992"><ele>11.0</ele></rtept><rtept lat="57.522968" lon="12.437032"><ele>11.0</ele></rtept><rtept lat="57.522968" lon="12.437078"><ele>11.2</ele></rtept><rtept lat="57.522962" lon="12.437127"><ele>11.0</ele></rtept><rtept lat="57.52295" lon="12.437158"><ele>11.0</ele></rtept><rtept lat="57.522937" lon="12.437192"><ele>11.6</ele></rtept><rtept lat="57.522885" lon="12.437245"><ele>11.8</ele></rtept><rtept lat="57.522873" lon="12.437278"><ele>12.0</ele></rtept><rtept lat="57.522822" lon="12.437302"><ele>11.6</ele></rtept><rtept lat="57.52279" lon="12.437317"><ele>12.0</ele></rtept><rtept lat="57.522763" lon="12.437377"><ele>12.0</ele></rtept><rtept lat="57.522745" lon="12.43739"><ele>12.4</ele></rtept><rtept lat="57.522725" lon="12.43742"><ele>13.0</ele></rtept><rtept lat="57.52272" lon="12.437443"><ele>13.4</ele></rtept><rtept lat="57.522745" lon="12.437483"><ele>13.6</ele></rtept><rtept lat="57.52277" lon="12.437473"><ele>13.4</ele></rtept><rtept lat="57.52279" lon="12.437455"><ele>13.2</ele></rtept><rtept lat="57.522808" lon="12.437445"><ele>12.6</ele></rtept><rtept lat="57.52284" lon="12.437448"><ele>13.2</ele></rtept><rtept lat="57.522867" lon="12.437448"><ele>13.8</ele></rtept><rtept lat="57.522885" lon="12.437455"><ele>14.2</ele></rtept><rtept lat="57.522923" lon="12.437445"><ele>14.8</ele></rtept><rtept lat="57.522943" lon="12.437443"><ele>14.8</ele></rtept><rtept lat="57.522962" lon="12.437435"><ele>15.0</ele></rtept><rtept lat="57.522982" lon="12.437423"><ele>15.6</ele></rtept><rtept lat="57.523" lon="12.437428"><ele>16.0</ele></rtept><rtept lat="57.52302" lon="12.437463"><ele>16.2</ele></rtept><rtept lat="57.523052" lon="12.437495"><ele>16.8</ele></rtept><rtept lat="57.523072" lon="12.437503"><ele>17.2</ele></rtept><rtept lat="57.52309" lon="12.437508"><ele>17.8</ele></rtept><rtept lat="57.52311" lon="12.437508"><ele>18.0</ele></rtept><rtept lat="57.523135" lon="12.437508"><ele>18.4</ele></rtept><rtept lat="57.52316" lon="12.437522"><ele>19.2</ele></rtept><rtept lat="57.52318" lon="12.437535"><ele>19.0</ele></rtept><rtept lat="57.5232" lon="12.43758"><ele>20.0</ele></rtept><rtept lat="57.5232" lon="12.437643"><ele>20.6</ele></rtept><rtept lat="57.523205" lon="12.437707"><ele>20.8</ele></rtept><rtept lat="57.523218" lon="12.437742"><ele>21.6</ele></rtept><rtept lat="57.523243" lon="12.43778"><ele>22.4</ele></rtept><rtept lat="57.523277" lon="12.437818"><ele>22.6</ele></rtept><rtept lat="57.523302" lon="12.437857"><ele>23.4</ele></rtept><rtept lat="57.523315" lon="12.437895"><ele>24.0</ele></rtept><rtept lat="57.523333" lon="12.43795"><ele>24.8</ele></rtept><rtept lat="57.523347" lon="12.438012"><ele>25.0</ele></rtept><rtept lat="57.523365" lon="12.438077"><ele>25.2</ele></rtept><rtept lat="57.523385" lon="12.438105"><ele>25.0</ele></rtept><rtept lat="57.52341" lon="12.438137"><ele>24.6</ele></rtept><rtept lat="57.523437" lon="12.43817"><ele>24.6</ele></rtept><rtept lat="57.523455" lon="12.438185"><ele>24.4</ele></rtept><rtept lat="57.523468" lon="12.438238"><ele>24.2</ele></rtept><rtept lat="57.52348" lon="12.438298"><ele>23.4</ele></rtept><rtept lat="57.5235" lon="12.438328"><ele>23.2</ele></rtept><rtept lat="57.52352" lon="12.438362"><ele>23.0</ele></rtept><rtept lat="57.523538" lon="12.438382"><ele>22.8</ele></rtept><rtept lat="57.523552" lon="12.438407"><ele>22.8</ele></rtept><rtept lat="57.523577" lon="12.438438"><ele>22.8</ele></rtept><rtept lat="57.52359" lon="12.438462"><ele>22.6</ele></rtept><rtept lat="57.523597" lon="12.438502"><ele>23.0</ele></rtept><rtept lat="57.523602" lon="12.438553"><ele>23.0</ele></rtept><rtept lat="57.523615" lon="12.438605"><ele>23.0</ele></rtept><rtept lat="57.523622" lon="12.438655"><ele>23.2</ele></rtept><rtept lat="57.523635" lon="12.438692"><ele>23.2</ele></rtept><rtept lat="57.523635" lon="12.438732"><ele>22.8</ele></rtept><rtept lat="57.523635" lon="12.438797"><ele>23.2</ele></rtept><rtept lat="57.52364" lon="12.43884"><ele>23.0</ele></rtept><rtept lat="57.523667" lon="12.43889"><ele>23.0</ele></rtept><rtept lat="57.52368" lon="12.43892"><ele>23.2</ele></rtept><rtept lat="57.523705" lon="12.438942"><ele>23.4</ele></rtept><rtept lat="57.52373" lon="12.438968"><ele>23.4</ele></rtept><rtept lat="57.523762" lon="12.43901"><ele>23.6</ele></rtept><rtept lat="57.523795" lon="12.439068"><ele>24.0</ele></rtept><rtept lat="57.523833" lon="12.439127"><ele>24.2</ele></rtept><rtept lat="57.523852" lon="12.439153"><ele>24.0</ele></rtept><rtept lat="57.523878" lon="12.43916"><ele>23.8</ele></rtept><rtept lat="57.523903" lon="12.439163"><ele>23.6</ele></rtept><rtept lat="57.523922" lon="12.439158"><ele>23.2</ele></rtept><rtept lat="57.523967" lon="12.439172"><ele>22.2</ele></rtept><rtept lat="57.523987" lon="12.43918"><ele>22.2</ele></rtept><rtept lat="57.524012" lon="12.439173"><ele>22.0</ele></rtept><rtept lat="57.524038" lon="12.439187"><ele>21.8</ele></rtept><rtept lat="57.524057" lon="12.439198"><ele>21.8</ele></rtept><rtept lat="57.524077" lon="12.439207"><ele>21.6</ele></rtept><rtept lat="57.524082" lon="12.439247"><ele>20.8</ele></rtept><rtept lat="57.524077" lon="12.439287"><ele>19.6</ele></rtept><rtept lat="57.524057" lon="12.439322"><ele>18.6</ele></rtept><rtept lat="57.524038" lon="12.43935"><ele>18.0</ele></rtept><rtept lat="57.524012" lon="12.439367"><ele>17.2</ele></rtept><rtept lat="57.523987" lon="12.439377"><ele>16.0</ele></rtept><rtept lat="57.523967" lon="12.439372"><ele>15.6</ele></rtept><rtept lat="57.523942" lon="12.43937"><ele>14.2</ele></rtept><rtept lat="57.523922" lon="12.439385"><ele>13.4</ele></rtept><rtept lat="57.523903" lon="12.43943"><ele>12.6</ele></rtept><rtept lat="57.523897" lon="12.43948"><ele>11.6</ele></rtept><rtept lat="57.523883" lon="12.43951"><ele>11.0</ele></rtept><rtept lat="57.523865" lon="12.439537"><ele>11.0</ele></rtept><rtept lat="57.523852" lon="12.439563"><ele>10.6</ele></rtept><rtept lat="57.523833" lon="12.439608"><ele>10.4</ele></rtept><rtept lat="57.5238" lon="12.43965"><ele>10.0</ele></rtept><rtept lat="57.523795" lon="12.439683"><ele>10.2</ele></rtept><rtept lat="57.523782" lon="12.439723"><ele>9.6</ele></rtept><rtept lat="57.523775" lon="12.439767"><ele>9.4</ele></rtept><rtept lat="57.523775" lon="12.439807"><ele>9.8</ele></rtept><rtept lat="57.523775" lon="12.439853"><ele>9.6</ele></rtept><rtept lat="57.523762" lon="12.439907"><ele>9.4</ele></rtept><rtept lat="57.523757" lon="12.439965"><ele>9.6</ele></rtept><rtept lat="57.52375" lon="12.440022"><ele>9.8</ele></rtept><rtept lat="57.523743" lon="12.44008"><ele>9.8</ele></rtept><rtept lat="57.52373" lon="12.440155"><ele>10.0</ele></rtept><rtept lat="57.523723" lon="12.440195"><ele>10.0</ele></rtept><rtept lat="57.523718" lon="12.440237"><ele>9.8</ele></rtept><rtept lat="57.523718" lon="12.440285"><ele>10.0</ele></rtept><rtept lat="57.523705" lon="12.440333"><ele>10.0</ele></rtept><rtept lat="57.523698" lon="12.440368"><ele>10.0</ele></rtept><rtept lat="57.523685" lon="12.440408"><ele>10.2</ele></rtept><rtept lat="57.523667" lon="12.440455"><ele>10.0</ele></rtept><rtept lat="57.523653" lon="12.440502"><ele>9.8</ele></rtept><rtept lat="57.523635" lon="12.440548"><ele>10.0</ele></rtept><rtept lat="57.523622" lon="12.440592"><ele>9.6</ele></rtept><rtept lat="57.523602" lon="12.44062"><ele>9.4</ele></rtept><rtept lat="57.523583" lon="12.440652"><ele>9.6</ele></rtept><rtept lat="57.523563" lon="12.440685"><ele>9.6</ele></rtept><rtept lat="57.523545" lon="12.44072"><ele>9.4</ele></rtept><rtept lat="57.52352" lon="12.440752"><ele>9.8</ele></rtept><rtept lat="57.5235" lon="12.44078"><ele>9.6</ele></rtept><rtept lat="57.523475" lon="12.440802"><ele>9.4</ele></rtept><rtept lat="57.523448" lon="12.440835"><ele>9.8</ele></rtept><rtept lat="57.52343" lon="12.440865"><ele>9.8</ele></rtept><rtept lat="57.523403" lon="12.440897"><ele>9.8</ele></rtept><rtept lat="57.523385" lon="12.440933"><ele>10.0</ele></rtept><rtept lat="57.523365" lon="12.44097"><ele>9.6</ele></rtept><rtept lat="57.523347" lon="12.441005"><ele>9.4</ele></rtept><rtept lat="57.523327" lon="12.441038"><ele>9.8</ele></rtept><rtept lat="57.523308" lon="12.441073"><ele>9.6</ele></rtept><rtept lat="57.523295" lon="12.441108"><ele>9.6</ele></rtept><rtept lat="57.52327" lon="12.441147"><ele>9.6</ele></rtept><rtept lat="57.52325" lon="12.441178"><ele>9.4</ele></rtept><rtept lat="57.523238" lon="12.441212"><ele>9.2</ele></rtept><rtept lat="57.523218" lon="12.441242"><ele>9.4</ele></rtept><rtept lat="57.523193" lon="12.44128"><ele>9.4</ele></rtept><rtept lat="57.523167" lon="12.441322"><ele>9.2</ele></rtept><rtept lat="57.523155" lon="12.441372"><ele>9.4</ele></rtept><rtept lat="57.523142" lon="12.44142"><ele>9.2</ele></rtept><rtept lat="57.523128" lon="12.44147"><ele>9.2</ele></rtept><rtept lat="57.523117" lon="12.441515"><ele>9.2</ele></rtept><rtept lat="57.523103" lon="12.441555"><ele>9.0</ele></rtept><rtept lat="57.52309" lon="12.441595"><ele>9.2</ele></rtept><rtept lat="57.523078" lon="12.441637"><ele>9.0</ele></rtept><rtept lat="57.523072" lon="12.441685"><ele>8.8</ele></rtept><rtept lat="57.523058" lon="12.441725"><ele>9.2</ele></rtept><rtept lat="57.523045" lon="12.44176"><ele>9.2</ele></rtept><rtept lat="57.523027" lon="12.441785"><ele>8.8</ele></rtept><rtept lat="57.523007" lon="12.441808"><ele>9.2</ele></rtept><rtept lat="57.522975" lon="12.441835"><ele>8.8</ele></rtept><rtept lat="57.52295" lon="12.441847"><ele>8.8</ele></rtept><rtept lat="57.522923" lon="12.441878"><ele>8.6</ele></rtept><rtept lat="57.522898" lon="12.441913"><ele>8.6</ele></rtept><rtept lat="57.522873" lon="12.441937"><ele>9.2</ele></rtept><rtept lat="57.522853" lon="12.441962"><ele>8.8</ele></rtept><rtept lat="57.522835" lon="12.441983"><ele>9.2</ele></rtept><rtept lat="57.522808" lon="12.441998"><ele>9.0</ele></rtept><rtept lat="57.522783" lon="12.442012"><ele>8.8</ele></rtept><rtept lat="57.522758" lon="12.44202"><ele>9.0</ele></rtept><rtept lat="57.522732" lon="12.442027"><ele>8.8</ele></rtept><rtept lat="57.522707" lon="12.44204"><ele>8.8</ele></rtept><rtept lat="57.522687" lon="12.442058"><ele>9.0</ele></rtept><rtept lat="57.522668" lon="12.442078"><ele>8.8</ele></rtept><rtept lat="57.522648" lon="12.442085"><ele>9.0</ele></rtept><rtept lat="57.52263" lon="12.44209"><ele>9.0</ele></rtept><rtept lat="57.52261" lon="12.442102"><ele>8.8</ele></rtept><rtept lat="57.522585" lon="12.442115"><ele>9.0</ele></rtept><rtept lat="57.52256" lon="12.442132"><ele>9.0</ele></rtept><rtept lat="57.522527" lon="12.442147"><ele>8.6</ele></rtept><rtept lat="57.522488" lon="12.44218"><ele>9.0</ele></rtept><rtept lat="57.52245" lon="12.44222"><ele>9.2</ele></rtept><rtept lat="57.522412" lon="12.442255"><ele>8.8</ele></rtept><rtept lat="57.522367" lon="12.442305"><ele>9.0</ele></rtept><rtept lat="57.522322" lon="12.442377"><ele>8.8</ele></rtept><rtept lat="57.522283" lon="12.442443"><ele>8.8</ele></rtept><rtept lat="57.52224" lon="12.4425"><ele>9.0</ele></rtept><rtept lat="57.5222" lon="12.442542"><ele>8.8</ele></rtept><rtept lat="57.522162" lon="12.442567"><ele>8.8</ele></rtept><rtept lat="57.522137" lon="12.442578"><ele>9.0</ele></rtept><rtept lat="57.522105" lon="12.442612"><ele>8.8</ele></rtept><rtept lat="57.52208" lon="12.44262"><ele>9.0</ele></rtept><rtept lat="57.522053" lon="12.442622"><ele>8.8</ele></rtept><rtept lat="57.522028" lon="12.442627"><ele>9.2</ele></rtept><rtept lat="57.521997" lon="12.442623"><ele>9.4</ele></rtept><rtept lat="57.52197" lon="12.442627"><ele>9.0</ele></rtept><rtept lat="57.521952" lon="12.442638"><ele>9.4</ele></rtept><rtept lat="57.521925" lon="12.442642"><ele>9.2</ele></rtept><rtept lat="57.5219" lon="12.44264"><ele>9.2</ele></rtept><rtept lat="57.521875" lon="12.442648"><ele>9.4</ele></rtept><rtept lat="57.521855" lon="12.44266"><ele>9.4</ele></rtept><rtept lat="57.52183" lon="12.44268"><ele>9.4</ele></rtept><rtept lat="57.52181" lon="12.442688"><ele>9.6</ele></rtept><rtept lat="57.521778" lon="12.442702"><ele>9.4</ele></rtept><rtept lat="57.521753" lon="12.442712"><ele>9.2</ele></rtept><rtept lat="57.521715" lon="12.442717"><ele>9.4</ele></rtept><rtept lat="57.521695" lon="12.44272"><ele>9.4</ele></rtept><rtept lat="57.52167" lon="12.44272"><ele>9.2</ele></rtept><rtept lat="57.52165" lon="12.442722"><ele>9.4</ele></rtept><rtept lat="57.521632" lon="12.442723"><ele>9.2</ele></rtept><rtept lat="57.521605" lon="12.442717"><ele>9.0</ele></rtept><rtept lat="57.521587" lon="12.442718"><ele>9.2</ele></rtept><rtept lat="57.521567" lon="12.442727"><ele>9.0</ele></rtept><rtept lat="57.521542" lon="12.442738"><ele>9.0</ele></rtept><rtept lat="57.521522" lon="12.442747"><ele>9.2</ele></rtept><rtept lat="57.521503" lon="12.442753"><ele>9.2</ele></rtept><rtept lat="57.521472" lon="12.44276"><ele>9.4</ele></rtept><rtept lat="57.521452" lon="12.442767"><ele>9.6</ele></rtept><rtept lat="57.521427" lon="12.442772"><ele>9.6</ele></rtept><rtept lat="57.5214" lon="12.442773"><ele>9.8</ele></rtept><rtept lat="57.521375" lon="12.442773"><ele>10.2</ele></rtept><rtept lat="57.521357" lon="12.442773"><ele>10.0</ele></rtept><rtept lat="57.521337" lon="12.442778"><ele>10.2</ele></rtept><rtept lat="57.521318" lon="12.442785"><ele>10.6</ele></rtept><rtept lat="57.521292" lon="12.442787"><ele>10.6</ele></rtept><rtept lat="57.521273" lon="12.442785"><ele>11.0</ele></rtept><rtept lat="57.521253" lon="12.442793"><ele>11.0</ele></rtept><rtept lat="57.521222" lon="12.442818"><ele>11.0</ele></rtept><rtept lat="57.521197" lon="12.442847"><ele>11.6</ele></rtept><rtept lat="57.521163" lon="12.442858"><ele>11.8</ele></rtept><rtept lat="57.521132" lon="12.442867"><ele>11.8</ele></rtept><rtept lat="57.5211" lon="12.442872"><ele>12.2</ele></rtept><rtept lat="57.521075" lon="12.442862"><ele>12.4</ele></rtept><rtept lat="57.521042" lon="12.442858"><ele>12.8</ele></rtept><rtept lat="57.521017" lon="12.442855"><ele>13.2</ele></rtept><rtept lat="57.520985" lon="12.442842"><ele>13.4</ele></rtept><rtept lat="57.52096" lon="12.442832"><ele>13.8</ele></rtept><rtept lat="57.520927" lon="12.44282"><ele>14.0</ele></rtept><rtept lat="57.520902" lon="12.442817"><ele>14.0</ele></rtept><rtept lat="57.520882" lon="12.44281"><ele>14.0</ele></rtept><rtept lat="57.52085" lon="12.442798"><ele>14.2</ele></rtept><rtept lat="57.520825" lon="12.442793"><ele>14.2</ele></rtept><rtept lat="57.5208" lon="12.442792"><ele>14.2</ele></rtept><rtept lat="57.52078" lon="12.442797"><ele>14.2</ele></rtept><rtept lat="57.520748" lon="12.442798"><ele>14.0</ele></rtept><rtept lat="57.520722" lon="12.442798"><ele>14.0</ele></rtept><rtept lat="57.520703" lon="12.442793"><ele>13.8</ele></rtept><rtept lat="57.520678" lon="12.442793"><ele>13.6</ele></rtept><rtept lat="57.520645" lon="12.4428"><ele>13.8</ele></rtept><rtept lat="57.52062" lon="12.442802"><ele>13.6</ele></rtept><rtept lat="57.520568" lon="12.442797"><ele>13.4</ele></rtept><rtept lat="57.520537" lon="12.442798"><ele>13.4</ele></rtept><rtept lat="57.520498" lon="12.442797"><ele>13.0</ele></rtept><rtept lat="57.52046" lon="12.442793"><ele>12.8</ele></rtept><rtept lat="57.520422" lon="12.442792"><ele>12.8</ele></rtept><rtept lat="57.520383" lon="12.442787"><ele>12.4</ele></rtept><rtept lat="57.520352" lon="12.44279"><ele>12.2</ele></rtept><rtept lat="57.520318" lon="12.44279"><ele>12.2</ele></rtept><rtept lat="57.520287" lon="12.442792"><ele>11.8</ele></rtept><rtept lat="57.520255" lon="12.442792"><ele>11.6</ele></rtept><rtept lat="57.52023" lon="12.442792"><ele>11.6</ele></rtept><rtept lat="57.520203" lon="12.442792"><ele>11.2</ele></rtept><rtept lat="57.520172" lon="12.442793"><ele>11.2</ele></rtept><rtept lat="57.520147" lon="12.442798"><ele>11.0</ele></rtept><rtept lat="57.52012" lon="12.442805"><ele>10.8</ele></rtept><rtept lat="57.520088" lon="12.44281"><ele>11.0</ele></rtept><rtept lat="57.52005" lon="12.44281"><ele>11.0</ele></rtept><rtept lat="57.520025" lon="12.442805"><ele>10.6</ele></rtept><rtept lat="57.519993" lon="12.442802"><ele>10.6</ele></rtept><rtept lat="57.51996" lon="12.442797"><ele>10.6</ele></rtept><rtept lat="57.519928" lon="12.442792"><ele>10.4</ele></rtept><rtept lat="57.519903" lon="12.44278"><ele>10.6</ele></rtept><rtept lat="57.519872" lon="12.442772"><ele>10.4</ele></rtept><rtept lat="57.519845" lon="12.442765"><ele>10.4</ele></rtept><rtept lat="57.519827" lon="12.442757"><ele>10.4</ele></rtept><rtept lat="57.5198" lon="12.442745"><ele>10.2</ele></rtept><rtept lat="57.519782" lon="12.442738"><ele>10.6</ele></rtept><rtept lat="57.519762" lon="12.442733"><ele>10.6</ele></rtept><rtept lat="57.519737" lon="12.442727"><ele>10.4</ele></rtept><rtept lat="57.519712" lon="12.442713"><ele>10.8</ele></rtept><rtept lat="57.519692" lon="12.4427"><ele>10.6</ele></rtept><rtept lat="57.519673" lon="12.442682"><ele>10.4</ele></rtept><rtept lat="57.519647" lon="12.442663"><ele>10.6</ele></rtept><rtept lat="57.519628" lon="12.44264"><ele>10.6</ele></rtept><rtept lat="57.519608" lon="12.442627"><ele>10.4</ele></rtept><rtept lat="57.51959" lon="12.442603"><ele>10.6</ele></rtept><rtept lat="57.519563" lon="12.442582"><ele>10.6</ele></rtept><rtept lat="57.519532" lon="12.442568"><ele>10.4</ele></rtept><rtept lat="57.519507" lon="12.442562"><ele>10.6</ele></rtept><rtept lat="57.519475" lon="12.44256"><ele>10.6</ele></rtept><rtept lat="57.519448" lon="12.442555"><ele>11.0</ele></rtept><rtept lat="57.519423" lon="12.442548"><ele>11.0</ele></rtept><rtept lat="57.519398" lon="12.442543"><ele>10.8</ele></rtept><rtept lat="57.519365" lon="12.442535"><ele>11.2</ele></rtept><rtept lat="57.51934" lon="12.442528"><ele>11.2</ele></rtept><rtept lat="57.519308" lon="12.442522"><ele>11.4</ele></rtept><rtept lat="57.519277" lon="12.442515"><ele>11.4</ele></rtept><rtept lat="57.51925" lon="12.442515"><ele>11.2</ele></rtept><rtept lat="57.519218" lon="12.442515"><ele>11.4</ele></rtept><rtept lat="57.519187" lon="12.442505"><ele>11.2</ele></rtept><rtept lat="57.51916" lon="12.442498"><ele>11.2</ele></rtept><rtept lat="57.519128" lon="12.442482"><ele>11.4</ele></rtept><rtept lat="57.51911" lon="12.442468"><ele>11.2</ele></rtept><rtept lat="57.519083" lon="12.44246"><ele>11.6</ele></rtept><rtept lat="57.519065" lon="12.442453"><ele>11.8</ele></rtept><rtept lat="57.519038" lon="12.442445"><ele>11.6</ele></rtept><rtept lat="57.51902" lon="12.44244"><ele>12.0</ele></rtept><rtept lat="57.519" lon="12.442435"><ele>12.2</ele></rtept><rtept lat="57.518975" lon="12.442423"><ele>12.0</ele></rtept><rtept lat="57.51895" lon="12.442408"><ele>12.2</ele></rtept><rtept lat="57.518918" lon="12.442395"><ele>12.2</ele></rtept><rtept lat="57.518892" lon="12.442378"><ele>12.2</ele></rtept><rtept lat="57.518853" lon="12.442363"><ele>12.4</ele></rtept><rtept lat="57.518828" lon="12.44234"><ele>12.4</ele></rtept><rtept lat="57.518808" lon="12.442305"><ele>12.4</ele></rtept><rtept lat="57.518797" lon="12.442277"><ele>12.6</ele></rtept><rtept lat="57.51877" lon="12.442255"><ele>12.6</ele></rtept><rtept lat="57.518752" lon="12.442227"><ele>12.8</ele></rtept><rtept lat="57.518732" lon="12.442198"><ele>13.0</ele></rtept><rtept lat="57.518707" lon="12.442165"><ele>13.0</ele></rtept><rtept lat="57.51868" lon="12.442125"><ele>13.4</ele></rtept><rtept lat="57.518655" lon="12.442092"><ele>13.6</ele></rtept><rtept lat="57.51863" lon="12.44206"><ele>13.6</ele></rtept><rtept lat="57.518592" lon="12.44202"><ele>14.0</ele></rtept><rtept lat="57.51856" lon="12.441983"><ele>13.8</ele></rtept><rtept lat="57.518533" lon="12.441948"><ele>13.6</ele></rtept><rtept lat="57.518515" lon="12.441902"><ele>13.8</ele></rtept><rtept lat="57.518495" lon="12.441862"><ele>13.4</ele></rtept><rtept lat="57.518477" lon="12.44182"><ele>13.2</ele></rtept><rtept lat="57.518443" lon="12.44178"><ele>13.2</ele></rtept><rtept lat="57.518412" lon="12.441742"><ele>13.0</ele></rtept><rtept lat="57.518387" lon="12.441708"><ele>12.6</ele></rtept><rtept lat="57.518367" lon="12.441665"><ele>12.8</ele></rtept><rtept lat="57.518342" lon="12.441623"><ele>12.2</ele></rtept><rtept lat="57.51831" lon="12.44159"><ele>12.0</ele></rtept><rtept lat="57.518283" lon="12.441567"><ele>12.0</ele></rtept><rtept lat="57.518265" lon="12.44154"><ele>11.8</ele></rtept><rtept lat="57.51824" lon="12.441507"><ele>12.0</ele></rtept><rtept lat="57.51822" lon="12.44148"><ele>12.0</ele></rtept><rtept lat="57.518195" lon="12.441455"><ele>11.8</ele></rtept><rtept lat="57.518157" lon="12.441425"><ele>11.8</ele></rtept><rtept lat="57.518123" lon="12.441397"><ele>11.6</ele></rtept><rtept lat="57.518098" lon="12.441372"><ele>11.4</ele></rtept><rtept lat="57.518073" lon="12.441347"><ele>11.6</ele></rtept><rtept lat="57.518047" lon="12.44132"><ele>11.4</ele></rtept><rtept lat="57.518028" lon="12.441293"><ele>11.4</ele></rtept><rtept lat="57.518002" lon="12.441268"><ele>11.6</ele></rtept><rtept lat="57.517977" lon="12.44124"><ele>11.4</ele></rtept><rtept lat="57.517945" lon="12.441212"><ele>11.4</ele></rtept><rtept lat="57.517925" lon="12.441188"><ele>11.6</ele></rtept><rtept lat="57.517907" lon="12.441168"><ele>11.4</ele></rtept><rtept lat="57.517887" lon="12.441152"><ele>11.6</ele></rtept><rtept lat="57.517868" lon="12.441153"><ele>11.4</ele></rtept><rtept lat="57.517842" lon="12.441127"><ele>11.4</ele></rtept><rtept lat="57.51781" lon="12.441108"><ele>11.2</ele></rtept><rtept lat="57.517778" lon="12.441088"><ele>11.2</ele></rtept><rtept lat="57.517753" lon="12.44107"><ele>11.2</ele></rtept><rtept lat="57.517727" lon="12.441058"><ele>11.0</ele></rtept><rtept lat="57.517708" lon="12.441043"><ele>11.0</ele></rtept><rtept lat="57.517688" lon="12.441028"><ele>11.2</ele></rtept><rtept lat="57.51767" lon="12.441013"><ele>11.0</ele></rtept><rtept lat="57.517638" lon="12.44099"><ele>11.0</ele></rtept><rtept lat="57.5176" lon="12.440973"><ele>11.2</ele></rtept><rtept lat="57.517567" lon="12.440955"><ele>10.8</ele></rtept><rtept lat="57.517548" lon="12.440937"><ele>11.0</ele></rtept><rtept lat="57.517528" lon="12.44092"><ele>10.6</ele></rtept><rtept lat="57.517503" lon="12.440903"><ele>10.4</ele></rtept><rtept lat="57.517472" lon="12.440897"><ele>10.6</ele></rtept><rtept lat="57.517445" lon="12.440888"><ele>10.4</ele></rtept><rtept lat="57.51742" lon="12.440885"><ele>10.2</ele></rtept><rtept lat="57.517395" lon="12.440888"><ele>10.4</ele></rtept><rtept lat="57.517368" lon="12.44089"><ele>10.2</ele></rtept><rtept lat="57.517343" lon="12.440888"><ele>10.4</ele></rtept><rtept lat="57.517312" lon="12.440885"><ele>10.4</ele></rtept><rtept lat="57.517292" lon="12.44088"><ele>10.2</ele></rtept><rtept lat="57.517267" lon="12.44088"><ele>10.4</ele></rtept><rtept lat="57.517247" lon="12.440877"><ele>10.2</ele></rtept><rtept lat="57.517228" lon="12.440865"><ele>10.4</ele></rtept><rtept lat="57.517208" lon="12.440863"><ele>10.4</ele></rtept><rtept lat="57.51719" lon="12.440863"><ele>10.2</ele></rtept><rtept lat="57.51717" lon="12.440855"><ele>10.4</ele></rtept><rtept lat="57.517152" lon="12.440845"><ele>10.4</ele></rtept><rtept lat="57.517132" lon="12.440832"><ele>10.2</ele></rtept><rtept lat="57.517113" lon="12.440822"><ele>10.4</ele></rtept><rtept lat="57.517087" lon="12.440812"><ele>10.4</ele></rtept><rtept lat="57.517068" lon="12.440798"><ele>10.2</ele></rtept><rtept lat="57.517042" lon="12.440782"><ele>10.2</ele></rtept><rtept lat="57.517017" lon="12.440767"><ele>10.2</ele></rtept><rtept lat="57.516992" lon="12.440752"><ele>10.4</ele></rtept><rtept lat="57.51696" lon="12.440732"><ele>10.4</ele></rtept><rtept lat="57.516933" lon="12.440712"><ele>10.2</ele></rtept><rtept lat="57.516908" lon="12.440692"><ele>10.6</ele></rtept><rtept lat="57.516882" lon="12.440672"><ele>10.6</ele></rtept><rtept lat="57.516863" lon="12.440653"><ele>10.4</ele></rtept><rtept lat="57.516843" lon="12.440642"><ele>10.6</ele></rtept><rtept lat="57.516825" lon="12.440627"><ele>10.4</ele></rtept><rtept lat="57.5168" lon="12.440607"><ele>10.4</ele></rtept><rtept lat="57.51678" lon="12.440582"><ele>10.8</ele></rtept><rtept lat="57.51676" lon="12.44056"><ele>10.6</ele></rtept><rtept lat="57.516748" lon="12.440528"><ele>10.4</ele></rtept><rtept lat="57.516728" lon="12.4405"><ele>10.8</ele></rtept><rtept lat="57.51671" lon="12.440475"><ele>10.4</ele></rtept><rtept lat="57.516683" lon="12.440455"><ele>10.8</ele></rtept><rtept lat="57.516645" lon="12.440435"><ele>10.6</ele></rtept><rtept lat="57.51662" lon="12.440418"><ele>11.0</ele></rtept><rtept lat="57.516588" lon="12.440378"><ele>10.8</ele></rtept><rtept lat="57.516562" lon="12.44036"><ele>11.2</ele></rtept><rtept lat="57.516537" lon="12.440358"><ele>11.0</ele></rtept><rtept lat="57.516512" lon="12.440348"><ele>11.0</ele></rtept><rtept lat="57.516492" lon="12.440333"><ele>11.2</ele></rtept><rtept lat="57.516467" lon="12.440315"><ele>11.0</ele></rtept><rtept lat="57.516428" lon="12.440297"><ele>11.2</ele></rtept><rtept lat="57.516397" lon="12.440275"><ele>11.4</ele></rtept><rtept lat="57.516352" lon="12.440258"><ele>11.0</ele></rtept><rtept lat="57.516307" lon="12.440243"><ele>11.2</ele></rtept><rtept lat="57.516275" lon="12.440237"><ele>11.2</ele></rtept><rtept lat="57.51623" lon="12.440225"><ele>11.0</ele></rtept><rtept lat="57.516185" lon="12.44021"><ele>11.2</ele></rtept><rtept lat="57.51614" lon="12.44019"><ele>11.2</ele></rtept><rtept lat="57.516095" lon="12.440172"><ele>11.0</ele></rtept><rtept lat="57.516057" lon="12.440155"><ele>11.2</ele></rtept><rtept lat="57.516018" lon="12.44014"><ele>11.2</ele></rtept><rtept lat="57.51596" lon="12.44013"><ele>11.0</ele></rtept><rtept lat="57.515897" lon="12.44011"><ele>11.2</ele></rtept><rtept lat="57.51584" lon="12.440092"><ele>11.0</ele></rtept><rtept lat="57.515813" lon="12.440077"><ele>10.8</ele></rtept><rtept lat="57.515775" lon="12.440058"><ele>11.0</ele></rtept><rtept lat="57.515743" lon="12.440032"><ele>10.8</ele></rtept><rtept lat="57.515712" lon="12.440007"><ele>10.6</ele></rtept><rtept lat="57.515685" lon="12.440002"><ele>10.8</ele></rtept><rtept lat="57.515647" lon="12.439952"><ele>10.6</ele></rtept><rtept lat="57.515622" lon="12.43992"><ele>10.8</ele></rtept><rtept lat="57.51559" lon="12.439897"><ele>10.4</ele></rtept><rtept lat="57.515545" lon="12.439882"><ele>10.6</ele></rtept><rtept lat="57.515513" lon="12.439867"><ele>10.4</ele></rtept><rtept lat="57.515475" lon="12.439848"><ele>10.6</ele></rtept><rtept lat="57.515448" lon="12.439833"><ele>10.6</ele></rtept><rtept lat="57.515423" lon="12.439822"><ele>10.4</ele></rtept><rtept lat="57.515398" lon="12.439807"><ele>10.6</ele></rtept><rtept lat="57.515372" lon="12.439792"><ele>10.4</ele></rtept><rtept lat="57.515353" lon="12.439777"><ele>10.2</ele></rtept><rtept lat="57.515333" lon="12.439763"><ele>10.4</ele></rtept><rtept lat="57.515315" lon="12.439748"><ele>10.0</ele></rtept><rtept lat="57.515282" lon="12.439733"><ele>10.0</ele></rtept><rtept lat="57.515257" lon="12.43971"><ele>10.0</ele></rtept><rtept lat="57.515238" lon="12.43969"><ele>10.0</ele></rtept><rtept lat="57.515212" lon="12.439675"><ele>10.0</ele></rtept><rtept lat="57.515187" lon="12.439663"><ele>10.0</ele></rtept><rtept lat="57.51516" lon="12.439653"><ele>9.6</ele></rtept><rtept lat="57.515142" lon="12.439642"><ele>10.0</ele></rtept><rtept lat="57.515117" lon="12.43964"><ele>10.2</ele></rtept><rtept lat="57.515097" lon="12.439645"><ele>10.0</ele></rtept><rtept lat="57.515072" lon="12.439658"><ele>10.0</ele></rtept><rtept lat="57.515045" lon="12.43967"><ele>10.0</ele></rtept><rtept lat="57.515007" lon="12.439682"><ele>10.0</ele></rtept><rtept lat="57.514962" lon="12.439695"><ele>10.2</ele></rtept><rtept lat="57.514943" lon="12.43973"><ele>10.0</ele></rtept><rtept lat="57.514923" lon="12.43978"><ele>10.0</ele></rtept><rtept lat="57.514912" lon="12.43984"><ele>10.2</ele></rtept><rtept lat="57.514885" lon="12.439893"><ele>10.2</ele></rtept><rtept lat="57.51486" lon="12.439942"><ele>10.6</ele></rtept><rtept lat="57.514835" lon="12.439997"><ele>11.0</ele></rtept><rtept lat="57.514822" lon="12.44004"><ele>11.0</ele></rtept><rtept lat="57.514802" lon="12.44008"><ele>11.4</ele></rtept><rtept lat="57.514808" lon="12.44013"><ele>11.8</ele></rtept><rtept lat="57.514808" lon="12.440165"><ele>12.4</ele></rtept><rtept lat="57.514802" lon="12.440215"><ele>13.4</ele></rtept><rtept lat="57.514822" lon="12.440268"><ele>14.4</ele></rtept><rtept lat="57.514847" lon="12.44027"><ele>14.6</ele></rtept><rtept lat="57.51486" lon="12.440355"><ele>15.8</ele></rtept><rtept lat="57.514873" lon="12.440395"><ele>16.6</ele></rtept><rtept lat="57.514898" lon="12.440422"><ele>17.2</ele></rtept><rtept lat="57.514923" lon="12.440493"><ele>18.4</ele></rtept><rtept lat="57.51493" lon="12.44054"><ele>18.8</ele></rtept><rtept lat="57.514923" lon="12.4406"><ele>19.6</ele></rtept><rtept lat="57.514923" lon="12.44066"><ele>19.6</ele></rtept><rtept lat="57.51493" lon="12.440715"><ele>19.8</ele></rtept><rtept lat="57.514937" lon="12.440785"><ele>20.4</ele></rtept><rtept lat="57.514923" lon="12.44084"><ele>20.6</ele></rtept><rtept lat="57.514898" lon="12.440857"><ele>21.2</ele></rtept><rtept lat="57.514867" lon="12.44085"><ele>21.8</ele></rtept><rtept lat="57.514828" lon="12.440825"><ele>22.0</ele></rtept><rtept lat="57.51479" lon="12.440795"><ele>22.6</ele></rtept><rtept lat="57.514763" lon="12.440767"><ele>22.8</ele></rtept><rtept lat="57.514745" lon="12.44074"><ele>22.8</ele></rtept><rtept lat="57.514725" lon="12.440712"><ele>23.2</ele></rtept><rtept lat="57.514707" lon="12.440667"><ele>23.2</ele></rtept><rtept lat="57.514687" lon="12.440645"><ele>23.2</ele></rtept><rtept lat="57.514668" lon="12.440608"><ele>23.2</ele></rtept><rtept lat="57.514637" lon="12.440573"><ele>22.4</ele></rtept><rtept lat="57.51461" lon="12.440552"><ele>22.4</ele></rtept><rtept lat="57.514592" lon="12.440533"><ele>22.4</ele></rtept><rtept lat="57.514565" lon="12.440517"><ele>21.8</ele></rtept><rtept lat="57.51454" lon="12.440493"><ele>21.6</ele></rtept><rtept lat="57.514502" lon="12.440475"><ele>21.4</ele></rtept><rtept lat="57.514477" lon="12.440468"><ele>20.8</ele></rtept><rtept lat="57.514443" lon="12.440462"><ele>20.6</ele></rtept><rtept lat="57.514425" lon="12.440458"><ele>20.4</ele></rtept><rtept lat="57.514393" lon="12.440447"><ele>19.8</ele></rtept><rtept lat="57.51436" lon="12.440435"><ele>19.4</ele></rtept><rtept lat="57.514328" lon="12.440418"><ele>19.4</ele></rtept><rtept lat="57.51429" lon="12.440388"><ele>18.8</ele></rtept><rtept lat="57.514272" lon="12.440365"><ele>18.4</ele></rtept><rtept lat="57.514252" lon="12.440348"><ele>18.4</ele></rtept><rtept lat="57.514233" lon="12.44033"><ele>18.0</ele></rtept><rtept lat="57.514227" lon="12.440288"><ele>17.8</ele></rtept><rtept lat="57.514207" lon="12.440257"><ele>17.4</ele></rtept><rtept lat="57.514182" lon="12.44023"><ele>17.2</ele></rtept><rtept lat="57.514162" lon="12.440215"><ele>17.2</ele></rtept><rtept lat="57.514143" lon="12.440203"><ele>16.6</ele></rtept><rtept lat="57.514118" lon="12.44018"><ele>16.4</ele></rtept><rtept lat="57.514092" lon="12.440165"><ele>16.0</ele></rtept><rtept lat="57.514073" lon="12.440152"><ele>15.6</ele></rtept><rtept lat="57.51404" lon="12.440127"><ele>15.2</ele></rtept><rtept lat="57.514002" lon="12.440082"><ele>15.2</ele></rtept><rtept lat="57.513977" lon="12.44006"><ele>14.8</ele></rtept><rtept lat="57.513952" lon="12.440045"><ele>15.0</ele></rtept><rtept lat="57.513932" lon="12.440027"><ele>15.0</ele></rtept><rtept lat="57.513913" lon="12.440017"><ele>14.8</ele></rtept><rtept lat="57.513887" lon="12.439998"><ele>15.0</ele></rtept><rtept lat="57.513862" lon="12.439997"><ele>15.0</ele></rtept><rtept lat="57.51383" lon="12.439997"><ele>14.8</ele></rtept><rtept lat="57.51381" lon="12.439997"><ele>14.8</ele></rtept><rtept lat="57.513785" lon="12.439992"><ele>14.8</ele></rtept><rtept lat="57.513753" lon="12.439978"><ele>15.2</ele></rtept><rtept lat="57.51372" lon="12.439953"><ele>15.4</ele></rtept><rtept lat="57.513695" lon="12.439942"><ele>15.2</ele></rtept><rtept lat="57.51367" lon="12.439932"><ele>15.6</ele></rtept><rtept lat="57.513638" lon="12.439922"><ele>15.8</ele></rtept><rtept lat="57.513605" lon="12.439913"><ele>15.6</ele></rtept><rtept lat="57.513567" lon="12.439908"><ele>15.6</ele></rtept><rtept lat="57.513528" lon="12.439907"><ele>15.8</ele></rtept><rtept lat="57.51349" lon="12.439898"><ele>15.8</ele></rtept><rtept lat="57.513458" lon="12.439892"><ele>16.0</ele></rtept><rtept lat="57.51342" lon="12.439883"><ele>15.6</ele></rtept><rtept lat="57.513375" lon="12.439878"><ele>15.6</ele></rtept><rtept lat="57.51333" lon="12.439877"><ele>15.6</ele></rtept><rtept lat="57.513292" lon="12.439868"><ele>15.4</ele></rtept><rtept lat="57.51324" lon="12.43986"><ele>15.8</ele></rtept><rtept lat="57.513197" lon="12.439842"><ele>16.0</ele></rtept><rtept lat="57.513152" lon="12.439842"><ele>15.6</ele></rtept><rtept lat="57.5131" lon="12.43984"><ele>15.8</ele></rtept><rtept lat="57.513042" lon="12.439848"><ele>15.8</ele></rtept><rtept lat="57.512992" lon="12.439848"><ele>15.4</ele></rtept><rtept lat="57.512933" lon="12.439833"><ele>15.6</ele></rtept><rtept lat="57.512895" lon="12.439788"><ele>15.4</ele></rtept><rtept lat="57.512863" lon="12.439753"><ele>15.4</ele></rtept><rtept lat="57.512818" lon="12.439715"><ele>15.2</ele></rtept><rtept lat="57.512787" lon="12.43968"><ele>15.0</ele></rtept><rtept lat="57.512755" lon="12.43964"><ele>14.8</ele></rtept><rtept lat="57.512703" lon="12.43961"><ele>14.8</ele></rtept><rtept lat="57.512678" lon="12.439577"><ele>14.4</ele></rtept><rtept lat="57.512652" lon="12.43954"><ele>14.4</ele></rtept><rtept lat="57.51262" lon="12.439492"><ele>14.4</ele></rtept><rtept lat="57.5126" lon="12.439435"><ele>14.0</ele></rtept><rtept lat="57.512575" lon="12.439385"><ele>14.2</ele></rtept><rtept lat="57.512557" lon="12.439335"><ele>14.2</ele></rtept><rtept lat="57.51253" lon="12.43929"><ele>14.2</ele></rtept><rtept lat="57.512505" lon="12.43924"><ele>13.8</ele></rtept><rtept lat="57.512485" lon="12.439187"><ele>13.8</ele></rtept><rtept lat="57.512473" lon="12.439123"><ele>13.4</ele></rtept><rtept lat="57.512447" lon="12.439062"><ele>13.2</ele></rtept><rtept lat="57.512435" lon="12.439002"><ele>13.0</ele></rtept><rtept lat="57.512435" lon="12.43894"><ele>12.6</ele></rtept><rtept lat="57.512422" lon="12.43888"><ele>12.6</ele></rtept><rtept lat="57.512422" lon="12.438825"><ele>12.2</ele></rtept><rtept lat="57.512422" lon="12.43877"><ele>12.2</ele></rtept><rtept lat="57.512422" lon="12.438712"><ele>12.2</ele></rtept><rtept lat="57.512415" lon="12.438652"><ele>11.8</ele></rtept><rtept lat="57.512408" lon="12.438582"><ele>12.0</ele></rtept><rtept lat="57.51239" lon="12.438532"><ele>12.2</ele></rtept><rtept lat="57.512377" lon="12.438492"><ele>11.8</ele></rtept><rtept lat="57.512377" lon="12.43844"><ele>11.8</ele></rtept><rtept lat="57.51237" lon="12.438382"><ele>11.4</ele></rtept><rtept lat="57.512363" lon="12.438328"><ele>11.2</ele></rtept><rtept lat="57.512345" lon="12.438275"><ele>11.2</ele></rtept><rtept lat="57.512338" lon="12.43823"><ele>10.8</ele></rtept><rtept lat="57.51232" lon="12.43817"><ele>10.8</ele></rtept><rtept lat="57.5123" lon="12.438128"><ele>10.8</ele></rtept><rtept lat="57.512287" lon="12.438088"><ele>10.4</ele></rtept><rtept lat="57.51228" lon="12.438042"><ele>10.6</ele></rtept><rtept lat="57.512275" lon="12.437998"><ele>10.4</ele></rtept><rtept lat="57.512255" lon="12.437938"><ele>10.2</ele></rtept><rtept lat="57.512237" lon="12.437882"><ele>10.4</ele></rtept><rtept lat="57.512223" lon="12.437827"><ele>10.2</ele></rtept><rtept lat="57.51223" lon="12.437768"><ele>10.2</ele></rtept><rtept lat="57.51223" lon="12.437723"><ele>10.4</ele></rtept><rtept lat="57.512217" lon="12.437688"><ele>10.2</ele></rtept><rtept lat="57.512203" lon="12.437648"><ele>10.4</ele></rtept><rtept lat="57.512203" lon="12.437603"><ele>10.6</ele></rtept><rtept lat="57.512192" lon="12.437568"><ele>10.4</ele></rtept><rtept lat="57.512185" lon="12.437518"><ele>10.6</ele></rtept><rtept lat="57.512172" lon="12.43748"><ele>10.4</ele></rtept><rtept lat="57.51216" lon="12.43745"><ele>10.2</ele></rtept><rtept lat="57.51216" lon="12.43741"><ele>10.6</ele></rtept><rtept lat="57.512153" lon="12.437375"><ele>10.4</ele></rtept><rtept lat="57.512147" lon="12.43734"><ele>10.8</ele></rtept><rtept lat="57.51214" lon="12.437305"><ele>11.0</ele></rtept><rtept lat="57.512127" lon="12.437265"><ele>10.8</ele></rtept><rtept lat="57.512127" lon="12.437215"><ele>10.8</ele></rtept><rtept lat="57.512127" lon="12.437172"><ele>10.6</ele></rtept><rtept lat="57.512127" lon="12.437138"><ele>10.6</ele></rtept><rtept lat="57.51212" lon="12.437093"><ele>10.8</ele></rtept><rtept lat="57.51212" lon="12.43704"><ele>10.8</ele></rtept><rtept lat="57.512127" lon="12.436987"><ele>11.0</ele></rtept><rtept lat="57.512127" lon="12.436927"><ele>11.4</ele></rtept><rtept lat="57.51212" lon="12.436882"><ele>11.0</ele></rtept><rtept lat="57.512115" lon="12.43684"><ele>11.4</ele></rtept><rtept lat="57.512108" lon="12.436805"><ele>11.6</ele></rtept><rtept lat="57.512095" lon="12.43676"><ele>11.4</ele></rtept><rtept lat="57.512082" lon="12.436717"><ele>11.6</ele></rtept><rtept lat="57.512063" lon="12.436663"><ele>10.8</ele></rtept><rtept lat="57.512057" lon="12.436625"><ele>10.4</ele></rtept><rtept lat="57.512038" lon="12.43658"><ele>10.4</ele></rtept><rtept lat="57.512025" lon="12.436525"><ele>10.6</ele></rtept><rtept lat="57.512025" lon="12.436465"><ele>10.0</ele></rtept><rtept lat="57.512018" lon="12.4364"><ele>10.0</ele></rtept><rtept lat="57.512012" lon="12.436353"><ele>9.6</ele></rtept><rtept lat="57.512005" lon="12.436303"><ele>9.2</ele></rtept><rtept lat="57.512" lon="12.436255"><ele>9.2</ele></rtept><rtept lat="57.511987" lon="12.436215"><ele>9.0</ele></rtept><rtept lat="57.51198" lon="12.436178"><ele>9.0</ele></rtept><rtept lat="57.511967" lon="12.436153"><ele>9.2</ele></rtept><rtept lat="57.511955" lon="12.436123"><ele>8.8</ele></rtept><rtept lat="57.511942" lon="12.436093"><ele>9.0</ele></rtept><rtept lat="57.511928" lon="12.436057"><ele>9.0</ele></rtept><rtept lat="57.511922" lon="12.436015"><ele>8.8</ele></rtept><rtept lat="57.511903" lon="12.435963"><ele>9.0</ele></rtept><rtept lat="57.511883" lon="12.435907"><ele>8.8</ele></rtept><rtept lat="57.511865" lon="12.435832"><ele>9.0</ele></rtept><rtept lat="57.511852" lon="12.435742"><ele>9.0</ele></rtept><rtept lat="57.511833" lon="12.435658"><ele>8.8</ele></rtept><rtept lat="57.511795" lon="12.435555"><ele>9.0</ele></rtept><rtept lat="57.511768" lon="12.435453"><ele>9.0</ele></rtept><rtept lat="57.511743" lon="12.435338"><ele>9.0</ele></rtept><rtept lat="57.511718" lon="12.435222"><ele>9.2</ele></rtept><rtept lat="57.511705" lon="12.435132"><ele>9.2</ele></rtept><rtept lat="57.511705" lon="12.435052"><ele>9.2</ele></rtept><rtept lat="57.51173" lon="12.43498"><ele>9.4</ele></rtept><rtept lat="57.511723" lon="12.434928"><ele>9.2</ele></rtept><rtept lat="57.511712" lon="12.434887"><ele>9.6</ele></rtept><rtept lat="57.511705" lon="12.434823"><ele>9.8</ele></rtept><rtept lat="57.511692" lon="12.43478"><ele>9.8</ele></rtept><rtept lat="57.511685" lon="12.43474"><ele>10.2</ele></rtept><rtept lat="57.511678" lon="12.43469"><ele>10.0</ele></rtept><rtept lat="57.511673" lon="12.434648"><ele>10.0</ele></rtept><rtept lat="57.511673" lon="12.434597"><ele>10.4</ele></rtept><rtept lat="57.511667" lon="12.434563"><ele>10.4</ele></rtept><rtept lat="57.51166" lon="12.43452"><ele>10.6</ele></rtept><rtept lat="57.51166" lon="12.434485"><ele>10.8</ele></rtept><rtept lat="57.511647" lon="12.43444"><ele>10.6</ele></rtept><rtept lat="57.511635" lon="12.434397"><ele>11.0</ele></rtept><rtept lat="57.511622" lon="12.43437"><ele>11.2</ele></rtept><rtept lat="57.511615" lon="12.434337"><ele>11.0</ele></rtept><rtept lat="57.511602" lon="12.434312"><ele>11.4</ele></rtept><rtept lat="57.51159" lon="12.434287"><ele>11.2</ele></rtept><rtept lat="57.511577" lon="12.434257"><ele>11.6</ele></rtept><rtept lat="57.51157" lon="12.434222"><ele>11.6</ele></rtept><rtept lat="57.511558" lon="12.43416"><ele>12.2</ele></rtept><rtept lat="57.511552" lon="12.434115"><ele>12.2</ele></rtept><rtept lat="57.511545" lon="12.43407"><ele>12.6</ele></rtept><rtept lat="57.511525" lon="12.434028"><ele>13.0</ele></rtept><rtept lat="57.511507" lon="12.43397"><ele>13.2</ele></rtept><rtept lat="57.511487" lon="12.433897"><ele>13.6</ele></rtept><rtept lat="57.511475" lon="12.43382"><ele>14.0</ele></rtept><rtept lat="57.511462" lon="12.433745"><ele>14.2</ele></rtept><rtept lat="57.511448" lon="12.43367"><ele>14.6</ele></rtept><rtept lat="57.511442" lon="12.433598"><ele>15.0</ele></rtept><rtept lat="57.511442" lon="12.433542"><ele>15.2</ele></rtept><rtept lat="57.511448" lon="12.433498"><ele>15.8</ele></rtept><rtept lat="57.511455" lon="12.433435"><ele>16.2</ele></rtept><rtept lat="57.511468" lon="12.433373"><ele>16.4</ele></rtept><rtept lat="57.511462" lon="12.433308"><ele>17.0</ele></rtept><rtept lat="57.511455" lon="12.433233"><ele>17.0</ele></rtept><rtept lat="57.51143" lon="12.433155"><ele>17.2</ele></rtept><rtept lat="57.511423" lon="12.43305"><ele>17.8</ele></rtept><rtept lat="57.511403" lon="12.432958"><ele>18.0</ele></rtept><rtept lat="57.511378" lon="12.432918"><ele>18.2</ele></rtept><rtept lat="57.511365" lon="12.432887"><ele>19.0</ele></rtept><rtept lat="57.511333" lon="12.432842"><ele>19.6</ele></rtept><rtept lat="57.511333" lon="12.432778"><ele>20.6</ele></rtept><rtept lat="57.511333" lon="12.432738"><ele>20.8</ele></rtept><rtept lat="57.511353" lon="12.432658"><ele>21.6</ele></rtept><rtept lat="57.511347" lon="12.432608"><ele>21.8</ele></rtept><rtept lat="57.51134" lon="12.432565"><ele>21.8</ele></rtept><rtept lat="57.511308" lon="12.432543"><ele>22.2</ele></rtept><rtept lat="57.511295" lon="12.43251"><ele>22.8</ele></rtept><rtept lat="57.51125" lon="12.432493"><ele>23.6</ele></rtept><rtept lat="57.51127" lon="12.432503"><ele>23.8</ele></rtept><rtept lat="57.51125" lon="12.43251"><ele>24.0</ele></rtept><rtept lat="57.511232" lon="12.432488"><ele>24.4</ele></rtept><rtept lat="57.511187" lon="12.43247"><ele>24.6</ele></rtept><rtept lat="57.511135" lon="12.432497"><ele>25.0</ele></rtept><rtept lat="57.511083" lon="12.43247"><ele>25.4</ele></rtept><rtept lat="57.511065" lon="12.43244"><ele>25.6</ele></rtept><rtept lat="57.511045" lon="12.432382"><ele>27.0</ele></rtept><rtept lat="57.511033" lon="12.432327"><ele>27.0</ele></rtept><rtept lat="57.511013" lon="12.432297"><ele>27.2</ele></rtept><rtept lat="57.511013" lon="12.432258"><ele>27.6</ele></rtept><rtept lat="57.511027" lon="12.43222"><ele>27.8</ele></rtept><rtept lat="57.511013" lon="12.432182"><ele>28.0</ele></rtept><rtept lat="57.511007" lon="12.432148"><ele>28.6</ele></rtept><rtept lat="57.510995" lon="12.432113"><ele>28.6</ele></rtept><rtept lat="57.510982" lon="12.43208"><ele>28.6</ele></rtept><rtept lat="57.510988" lon="12.432035"><ele>29.2</ele></rtept><rtept lat="57.510975" lon="12.431988"><ele>29.4</ele></rtept><rtept lat="57.510968" lon="12.431948"><ele>30.2</ele></rtept><rtept lat="57.510957" lon="12.431922"><ele>30.4</ele></rtept><rtept lat="57.51095" lon="12.43186"><ele>31.4</ele></rtept><rtept lat="57.510943" lon="12.431823"><ele>32.0</ele></rtept><rtept lat="57.51093" lon="12.43175"><ele>32.8</ele></rtept><rtept lat="57.51093" lon="12.431702"><ele>33.0</ele></rtept><rtept lat="57.51093" lon="12.431665"><ele>33.2</ele></rtept><rtept lat="57.510918" lon="12.43164"><ele>33.2</ele></rtept><rtept lat="57.510905" lon="12.431572"><ele>34.2</ele></rtept><rtept lat="57.510892" lon="12.431532"><ele>34.6</ele></rtept><rtept lat="57.510873" lon="12.431528"><ele>35.0</ele></rtept><rtept lat="57.510853" lon="12.431507"><ele>35.2</ele></rtept><rtept lat="57.510835" lon="12.431477"><ele>35.4</ele></rtept><rtept lat="57.510815" lon="12.431447"><ele>35.8</ele></rtept><rtept lat="57.51079" lon="12.431427"><ele>36.0</ele></rtept><rtept lat="57.510758" lon="12.431413"><ele>36.2</ele></rtept><rtept lat="57.510738" lon="12.431368"><ele>36.4</ele></rtept><rtept lat="57.510725" lon="12.43134"><ele>36.4</ele></rtept><rtept lat="57.510693" lon="12.431288"><ele>36.6</ele></rtept><rtept lat="57.510675" lon="12.431248"><ele>36.4</ele></rtept><rtept lat="57.510668" lon="12.431215"><ele>36.2</ele></rtept><rtept lat="57.510648" lon="12.431163"><ele>36.4</ele></rtept><rtept lat="57.510637" lon="12.431123"><ele>36.2</ele></rtept><rtept lat="57.510603" lon="12.431063"><ele>36.2</ele></rtept><rtept lat="57.510592" lon="12.431032"><ele>36.0</ele></rtept><rtept lat="57.51056" lon="12.430957"><ele>36.2</ele></rtept><rtept lat="57.510553" lon="12.43091"><ele>36.0</ele></rtept><rtept lat="57.51054" lon="12.430872"><ele>35.8</ele></rtept><rtept lat="57.510527" lon="12.430842"><ele>36.0</ele></rtept><rtept lat="57.510508" lon="12.430783"><ele>35.8</ele></rtept><rtept lat="57.510488" lon="12.430747"><ele>35.4</ele></rtept><rtept lat="57.51047" lon="12.430707"><ele>35.0</ele></rtept><rtept lat="57.51045" lon="12.430667"><ele>35.0</ele></rtept><rtept lat="57.510432" lon="12.430635"><ele>34.6</ele></rtept><rtept lat="57.510412" lon="12.430608"><ele>34.2</ele></rtept><rtept lat="57.510393" lon="12.430573"><ele>34.0</ele></rtept><rtept lat="57.51038" lon="12.43053"><ele>33.8</ele></rtept><rtept lat="57.510367" lon="12.430482"><ele>33.4</ele></rtept><rtept lat="57.510342" lon="12.430428"><ele>33.4</ele></rtept><rtept lat="57.510322" lon="12.43037"><ele>33.4</ele></rtept><rtept lat="57.51029" lon="12.430323"><ele>32.8</ele></rtept><rtept lat="57.510258" lon="12.430277"><ele>32.8</ele></rtept><rtept lat="57.510233" lon="12.430232"><ele>32.8</ele></rtept><rtept lat="57.51022" lon="12.430197"><ele>32.4</ele></rtept><rtept lat="57.5102" lon="12.430172"><ele>32.4</ele></rtept><rtept lat="57.510182" lon="12.430147"><ele>32.4</ele></rtept><rtept lat="57.510157" lon="12.430113"><ele>32.2</ele></rtept><rtept lat="57.510137" lon="12.430127"><ele>32.0</ele></rtept><rtept lat="57.51013" lon="12.43018"><ele>32.4</ele></rtept><rtept lat="57.510118" lon="12.430222"><ele>32.8</ele></rtept><rtept lat="57.510098" lon="12.430258"><ele>34.6</ele></rtept><rtept lat="57.51008" lon="12.430278"><ele>34.8</ele></rtept><rtept lat="57.510047" lon="12.430305"><ele>35.8</ele></rtept><rtept lat="57.510022" lon="12.430305"><ele>36.6</ele></rtept><rtept lat="57.510002" lon="12.4303"><ele>37.0</ele></rtept><rtept lat="57.509983" lon="12.430297"><ele>37.4</ele></rtept><rtept lat="57.509958" lon="12.430292"><ele>38.0</ele></rtept><rtept lat="57.509938" lon="12.430292"><ele>38.4</ele></rtept><rtept lat="57.50992" lon="12.430285"><ele>39.0</ele></rtept><rtept lat="57.509893" lon="12.430272"><ele>39.0</ele></rtept><rtept lat="57.509862" lon="12.430237"><ele>40.0</ele></rtept><rtept lat="57.509842" lon="12.430222"><ele>40.0</ele></rtept><rtept lat="57.509817" lon="12.430207"><ele>40.8</ele></rtept><rtept lat="57.509785" lon="12.430198"><ele>41.0</ele></rtept><rtept lat="57.509765" lon="12.430187"><ele>41.2</ele></rtept><rtept lat="57.509747" lon="12.430178"><ele>41.6</ele></rtept><rtept lat="57.50972" lon="12.430172"><ele>41.8</ele></rtept><rtept lat="57.509695" lon="12.430158"><ele>42.6</ele></rtept><rtept lat="57.509677" lon="12.430152"><ele>42.8</ele></rtept><rtept lat="57.50965" lon="12.430132"><ele>43.8</ele></rtept><rtept lat="57.509632" lon="12.430113"><ele>44.0</ele></rtept><rtept lat="57.5096" lon="12.430087"><ele>44.6</ele></rtept><rtept lat="57.50958" lon="12.430073"><ele>44.8</ele></rtept><rtept lat="57.50956" lon="12.430068"><ele>45.4</ele></rtept><rtept lat="57.509542" lon="12.43006"><ele>45.6</ele></rtept><rtept lat="57.509522" lon="12.430058"><ele>45.8</ele></rtept><rtept lat="57.509503" lon="12.430053"><ele>46.2</ele></rtept><rtept lat="57.509478" lon="12.430047"><ele>46.2</ele></rtept><rtept lat="57.509458" lon="12.430033"><ele>46.4</ele></rtept><rtept lat="57.50944" lon="12.429993"><ele>46.8</ele></rtept><rtept lat="57.50942" lon="12.429962"><ele>47.4</ele></rtept><rtept lat="57.5094" lon="12.429938"><ele>47.4</ele></rtept><rtept lat="57.509382" lon="12.429918"><ele>47.4</ele></rtept><rtept lat="57.509362" lon="12.429888"><ele>47.6</ele></rtept><rtept lat="57.50935" lon="12.429863"><ele>47.8</ele></rtept><rtept lat="57.509318" lon="12.42982"><ele>48.4</ele></rtept><rtept lat="57.509298" lon="12.4298"><ele>48.4</ele></rtept><rtept lat="57.509267" lon="12.42977"><ele>48.6</ele></rtept><rtept lat="57.509235" lon="12.429748"><ele>49.2</ele></rtept><rtept lat="57.509208" lon="12.429738"><ele>49.4</ele></rtept><rtept lat="57.509183" lon="12.42972"><ele>49.4</ele></rtept><rtept lat="57.509158" lon="12.429688"><ele>50.0</ele></rtept><rtept lat="57.509138" lon="12.42966"><ele>50.0</ele></rtept><rtept lat="57.509113" lon="12.429632"><ele>50.2</ele></rtept><rtept lat="57.509087" lon="12.429592"><ele>50.4</ele></rtept><rtept lat="57.509068" lon="12.42958"><ele>50.6</ele></rtept><rtept lat="57.509042" lon="12.429557"><ele>50.4</ele></rtept><rtept lat="57.509023" lon="12.429522"><ele>50.8</ele></rtept><rtept lat="57.508992" lon="12.429487"><ele>50.8</ele></rtept><rtept lat="57.508972" lon="12.429465"><ele>50.6</ele></rtept><rtept lat="57.508947" lon="12.42945"><ele>51.0</ele></rtept><rtept lat="57.508927" lon="12.429433"><ele>50.8</ele></rtept><rtept lat="57.508915" lon="12.429407"><ele>50.8</ele></rtept><rtept lat="57.508882" lon="12.429353"><ele>51.0</ele></rtept><rtept lat="57.50887" lon="12.429327"><ele>51.0</ele></rtept><rtept lat="57.50885" lon="12.429302"><ele>51.4</ele></rtept><rtept lat="57.508838" lon="12.429273"><ele>51.6</ele></rtept><rtept lat="57.508825" lon="12.429242"><ele>51.8</ele></rtept><rtept lat="57.508805" lon="12.429207"><ele>52.0</ele></rtept><rtept lat="57.508793" lon="12.429178"><ele>52.2</ele></rtept><rtept lat="57.50876" lon="12.42912"><ele>52.4</ele></rtept><rtept lat="57.508728" lon="12.429078"><ele>52.4</ele></rtept><rtept lat="57.508703" lon="12.42903"><ele>52.6</ele></rtept><rtept lat="57.508683" lon="12.428993"><ele>52.8</ele></rtept><rtept lat="57.508665" lon="12.428952"><ele>52.8</ele></rtept><rtept lat="57.508645" lon="12.428905"><ele>52.8</ele></rtept><rtept lat="57.508627" lon="12.428865"><ele>53.2</ele></rtept><rtept lat="57.508613" lon="12.42884"><ele>53.2</ele></rtept><rtept lat="57.508595" lon="12.42882"><ele>53.2</ele></rtept><rtept lat="57.508568" lon="12.42879"><ele>53.6</ele></rtept><rtept lat="57.50853" lon="12.428732"><ele>53.6</ele></rtept><rtept lat="57.508505" lon="12.428702"><ele>53.8</ele></rtept><rtept lat="57.508485" lon="12.428673"><ele>53.8</ele></rtept><rtept lat="57.508453" lon="12.428633"><ele>54.4</ele></rtept><rtept lat="57.508435" lon="12.428608"><ele>54.2</ele></rtept><rtept lat="57.508408" lon="12.42856"><ele>54.4</ele></rtept><rtept lat="57.50839" lon="12.42854"><ele>54.4</ele></rtept><rtept lat="57.508363" lon="12.428512"><ele>54.8</ele></rtept><rtept lat="57.508345" lon="12.42849"><ele>55.0</ele></rtept><rtept lat="57.508325" lon="12.428455"><ele>55.0</ele></rtept><rtept lat="57.508313" lon="12.42843"><ele>55.2</ele></rtept><rtept lat="57.508293" lon="12.42841"><ele>55.2</ele></rtept><rtept lat="57.508275" lon="12.428345"><ele>55.6</ele></rtept><rtept lat="57.508262" lon="12.428317"><ele>55.4</ele></rtept><rtept lat="57.508237" lon="12.428297"><ele>55.6</ele></rtept><rtept lat="57.508203" lon="12.428283"><ele>55.6</ele></rtept><rtept lat="57.508178" lon="12.428265"><ele>55.4</ele></rtept><rtept lat="57.50816" lon="12.428243"><ele>55.6</ele></rtept><rtept lat="57.50814" lon="12.42821"><ele>55.6</ele></rtept><rtept lat="57.508102" lon="12.428172"><ele>55.8</ele></rtept><rtept lat="57.508082" lon="12.42816"><ele>55.8</ele></rtept><rtept lat="57.508057" lon="12.428145"><ele>55.8</ele></rtept><rtept lat="57.508032" lon="12.428125"><ele>56.2</ele></rtept><rtept lat="57.508012" lon="12.428092"><ele>56.4</ele></rtept><rtept lat="57.507993" lon="12.428057"><ele>56.6</ele></rtept><rtept lat="57.507973" lon="12.428018"><ele>57.0</ele></rtept><rtept lat="57.507955" lon="12.42798"><ele>57.0</ele></rtept><rtept lat="57.507935" lon="12.427947"><ele>57.4</ele></rtept><rtept lat="57.50791" lon="12.427892"><ele>57.8</ele></rtept><rtept lat="57.507897" lon="12.427867"><ele>58.2</ele></rtept><rtept lat="57.507878" lon="12.427848"><ele>58.2</ele></rtept><rtept lat="57.507858" lon="12.427818"><ele>58.0</ele></rtept><rtept lat="57.507845" lon="12.427775"><ele>58.2</ele></rtept><rtept lat="57.50784" lon="12.42773"><ele>58.2</ele></rtept><rtept lat="57.507833" lon="12.427683"><ele>57.8</ele></rtept><rtept lat="57.50782" lon="12.42761"><ele>58.2</ele></rtept><rtept lat="57.507813" lon="12.427573"><ele>58.2</ele></rtept><rtept lat="57.507795" lon="12.427518"><ele>58.4</ele></rtept><rtept lat="57.507775" lon="12.42746"><ele>58.6</ele></rtept><rtept lat="57.507768" lon="12.427412"><ele>58.4</ele></rtept><rtept lat="57.507757" lon="12.427378"><ele>58.8</ele></rtept><rtept lat="57.507743" lon="12.427347"><ele>58.6</ele></rtept><rtept lat="57.50773" lon="12.42732"><ele>58.6</ele></rtept><rtept lat="57.507705" lon="12.427282"><ele>58.8</ele></rtept><rtept lat="57.507685" lon="12.42724"><ele>58.8</ele></rtept><rtept lat="57.50768" lon="12.427207"><ele>58.6</ele></rtept><rtept lat="57.507653" lon="12.427162"><ele>59.0</ele></rtept><rtept lat="57.507635" lon="12.427115"><ele>58.8</ele></rtept><rtept lat="57.507608" lon="12.427055"><ele>58.6</ele></rtept><rtept lat="57.50759" lon="12.427018"><ele>58.8</ele></rtept><rtept lat="57.50757" lon="12.426955"><ele>58.6</ele></rtept><rtept lat="57.507538" lon="12.42691"><ele>58.4</ele></rtept><rtept lat="57.507513" lon="12.426857"><ele>58.6</ele></rtept><rtept lat="57.507493" lon="12.426807"><ele>58.2</ele></rtept><rtept lat="57.507475" lon="12.42675"><ele>58.2</ele></rtept><rtept lat="57.507448" lon="12.426687"><ele>58.4</ele></rtept><rtept lat="57.50743" lon="12.426632"><ele>58.0</ele></rtept><rtept lat="57.50741" lon="12.426582"><ele>58.0</ele></rtept><rtept lat="57.507392" lon="12.426543"><ele>58.0</ele></rtept><rtept lat="57.507372" lon="12.426507"><ele>57.8</ele></rtept><rtept lat="57.507372" lon="12.426472"><ele>58.0</ele></rtept><rtept lat="57.507358" lon="12.426423"><ele>58.0</ele></rtept><rtept lat="57.507347" lon="12.426383"><ele>57.8</ele></rtept><rtept lat="57.507333" lon="12.426335"><ele>58.0</ele></rtept><rtept lat="57.507315" lon="12.426283"><ele>58.0</ele></rtept><rtept lat="57.507288" lon="12.426237"><ele>57.8</ele></rtept><rtept lat="57.507263" lon="12.426198"><ele>58.0</ele></rtept><rtept lat="57.507243" lon="12.426152"><ele>57.8</ele></rtept><rtept lat="57.507212" lon="12.426112"><ele>57.8</ele></rtept><rtept lat="57.507193" lon="12.426065"><ele>58.0</ele></rtept><rtept lat="57.507187" lon="12.426015"><ele>57.6</ele></rtept><rtept lat="57.507173" lon="12.425958"><ele>57.8</ele></rtept><rtept lat="57.50716" lon="12.425913"><ele>58.2</ele></rtept><rtept lat="57.507148" lon="12.425878"><ele>58.0</ele></rtept><rtept lat="57.507122" lon="12.425848"><ele>58.0</ele></rtept><rtept lat="57.507103" lon="12.425797"><ele>57.8</ele></rtept><rtept lat="57.507083" lon="12.425738"><ele>57.6</ele></rtept><rtept lat="57.507065" lon="12.425683"><ele>57.8</ele></rtept><rtept lat="57.507058" lon="12.425633"><ele>57.6</ele></rtept><rtept lat="57.50704" lon="12.4256"><ele>57.2</ele></rtept><rtept lat="57.507027" lon="12.42557"><ele>57.2</ele></rtept><rtept lat="57.50702" lon="12.425538"><ele>57.2</ele></rtept><rtept lat="57.507" lon="12.42549"><ele>56.6</ele></rtept><rtept lat="57.506982" lon="12.425445"><ele>56.6</ele></rtept><rtept lat="57.506975" lon="12.4254"><ele>56.4</ele></rtept><rtept lat="57.506962" lon="12.425347"><ele>56.0</ele></rtept><rtept lat="57.506943" lon="12.425292"><ele>56.2</ele></rtept><rtept lat="57.506937" lon="12.425257"><ele>56.0</ele></rtept><rtept lat="57.506923" lon="12.42522"><ele>55.6</ele></rtept><rtept lat="57.506912" lon="12.425193"><ele>55.6</ele></rtept><rtept lat="57.506898" lon="12.425162"><ele>55.2</ele></rtept><rtept lat="57.50688" lon="12.425133"><ele>54.8</ele></rtept><rtept lat="57.506853" lon="12.425117"><ele>54.6</ele></rtept><rtept lat="57.506835" lon="12.425078"><ele>55.4</ele></rtept><rtept lat="57.506815" lon="12.425092"><ele>56.0</ele></rtept><rtept lat="57.506815" lon="12.425127"><ele>56.0</ele></rtept><rtept lat="57.506808" lon="12.425162"><ele>56.8</ele></rtept><rtept lat="57.506802" lon="12.425207"><ele>57.8</ele></rtept><rtept lat="57.50679" lon="12.425247"><ele>58.8</ele></rtept><rtept lat="57.506777" lon="12.425307"><ele>59.8</ele></rtept><rtept lat="57.506763" lon="12.425332"><ele>60.2</ele></rtept><rtept lat="57.506758" lon="12.42538"><ele>61.2</ele></rtept><rtept lat="57.506745" lon="12.425405"><ele>61.4</ele></rtept><rtept lat="57.506738" lon="12.425443"><ele>61.8</ele></rtept><rtept lat="57.506745" lon="12.425495"><ele>62.8</ele></rtept><rtept lat="57.506745" lon="12.425543"><ele>63.2</ele></rtept><rtept lat="57.506738" lon="12.425593"><ele>63.8</ele></rtept><rtept lat="57.506738" lon="12.425662"><ele>64.2</ele></rtept><rtept lat="57.506738" lon="12.425712"><ele>64.4</ele></rtept><rtept lat="57.506738" lon="12.425752"><ele>64.4</ele></rtept><rtept lat="57.506738" lon="12.425798"><ele>65.0</ele></rtept><rtept lat="57.506738" lon="12.425832"><ele>65.2</ele></rtept><rtept lat="57.506738" lon="12.425873"><ele>65.2</ele></rtept><rtept lat="57.50672" lon="12.425907"><ele>65.8</ele></rtept><rtept lat="57.506707" lon="12.425962"><ele>66.0</ele></rtept><rtept lat="57.5067" lon="12.425998"><ele>66.4</ele></rtept><rtept lat="57.5067" lon="12.426035"><ele>66.6</ele></rtept><rtept lat="57.506687" lon="12.426082"><ele>67.4</ele></rtept><rtept lat="57.506687" lon="12.42614"><ele>67.8</ele></rtept><rtept lat="57.506693" lon="12.42619"><ele>68.4</ele></rtept><rtept lat="57.506675" lon="12.426258"><ele>69.0</ele></rtept><rtept lat="57.506668" lon="12.426298"><ele>69.2</ele></rtept><rtept lat="57.506668" lon="12.426335"><ele>69.2</ele></rtept><rtept lat="57.506662" lon="12.42638"><ele>69.6</ele></rtept><rtept lat="57.506655" lon="12.426422"><ele>69.8</ele></rtept><rtept lat="57.506655" lon="12.426467"><ele>70.0</ele></rtept><rtept lat="57.506642" lon="12.426503"><ele>70.6</ele></rtept><rtept lat="57.50663" lon="12.42654"><ele>71.0</ele></rtept><rtept lat="57.506617" lon="12.426587"><ele>70.8</ele></rtept><rtept lat="57.506603" lon="12.426617"><ele>71.4</ele></rtept><rtept lat="57.506578" lon="12.426667"><ele>71.2</ele></rtept><rtept lat="57.50656" lon="12.4267"><ele>71.6</ele></rtept><rtept lat="57.506547" lon="12.42676"><ele>71.4</ele></rtept><rtept lat="57.50654" lon="12.4268"><ele>71.6</ele></rtept><rtept lat="57.506533" lon="12.42686"><ele>71.4</ele></rtept><rtept lat="57.506533" lon="12.426897"><ele>71.6</ele></rtept><rtept lat="57.506527" lon="12.42696"><ele>71.4</ele></rtept><rtept lat="57.50654" lon="12.427015"><ele>71.4</ele></rtept><rtept lat="57.506547" lon="12.427063"><ele>71.4</ele></rtept><rtept lat="57.50656" lon="12.427107"><ele>72.0</ele></rtept><rtept lat="57.506565" lon="12.42716"><ele>72.2</ele></rtept><rtept lat="57.506578" lon="12.427207"><ele>71.8</ele></rtept><rtept lat="57.506578" lon="12.427247"><ele>72.0</ele></rtept><rtept lat="57.506585" lon="12.427288"><ele>72.0</ele></rtept><rtept lat="57.506598" lon="12.427332"><ele>71.8</ele></rtept><rtept lat="57.506603" lon="12.427378"><ele>72.0</ele></rtept><rtept lat="57.506617" lon="12.427417"><ele>71.8</ele></rtept><rtept lat="57.50663" lon="12.42745"><ele>71.8</ele></rtept><rtept lat="57.506648" lon="12.427512"><ele>72.2</ele></rtept><rtept lat="57.506662" lon="12.42758"><ele>72.4</ele></rtept><rtept lat="57.506662" lon="12.427617"><ele>72.4</ele></rtept><rtept lat="57.506655" lon="12.427655"><ele>72.2</ele></rtept><rtept lat="57.506662" lon="12.427698"><ele>72.6</ele></rtept><rtept lat="57.506662" lon="12.42774"><ele>72.8</ele></rtept><rtept lat="57.506668" lon="12.427782"><ele>72.6</ele></rtept><rtept lat="57.50668" lon="12.427827"><ele>72.8</ele></rtept><rtept lat="57.5067" lon="12.427873"><ele>72.8</ele></rtept><rtept lat="57.506707" lon="12.427913"><ele>72.6</ele></rtept><rtept lat="57.50672" lon="12.427953"><ele>72.8</ele></rtept><rtept lat="57.506725" lon="12.427993"><ele>72.8</ele></rtept><rtept lat="57.506738" lon="12.428033"><ele>72.8</ele></rtept><rtept lat="57.506745" lon="12.428078"><ele>72.8</ele></rtept><rtept lat="57.506758" lon="12.42813"><ele>72.8</ele></rtept><rtept lat="57.50677" lon="12.428182"><ele>73.0</ele></rtept><rtept lat="57.506797" lon="12.428245"><ele>73.4</ele></rtept><rtept lat="57.506815" lon="12.428318"><ele>73.4</ele></rtept><rtept lat="57.50684" lon="12.428405"><ele>73.4</ele></rtept><rtept lat="57.506867" lon="12.428502"><ele>73.8</ele></rtept><rtept lat="57.506898" lon="12.428593"><ele>73.8</ele></rtept><rtept lat="57.506937" lon="12.428687"><ele>73.8</ele></rtept><rtept lat="57.506962" lon="12.4288"><ele>74.2</ele></rtept><rtept lat="57.507" lon="12.42892"><ele>74.4</ele></rtept><rtept lat="57.507033" lon="12.429025"><ele>74.2</ele></rtept><rtept lat="57.507065" lon="12.429105"><ele>74.6</ele></rtept><rtept lat="57.507103" lon="12.429165"><ele>74.8</ele></rtept><rtept lat="57.507117" lon="12.429202"><ele>75.2</ele></rtept><rtept lat="57.507117" lon="12.429237"><ele>75.8</ele></rtept><rtept lat="57.507122" lon="12.429293"><ele>76.4</ele></rtept><rtept lat="57.507117" lon="12.429352"><ele>77.4</ele></rtept><rtept lat="57.507117" lon="12.4294"><ele>78.0</ele></rtept><rtept lat="57.507122" lon="12.429457"><ele>78.0</ele></rtept><rtept lat="57.507135" lon="12.429485"><ele>78.4</ele></rtept><rtept lat="57.507142" lon="12.429518"><ele>78.6</ele></rtept><rtept lat="57.507155" lon="12.429545"><ele>78.8</ele></rtept><rtept lat="57.507148" lon="12.429587"><ele>79.0</ele></rtept><rtept lat="57.507148" lon="12.429623"><ele>79.0</ele></rtept><rtept lat="57.507148" lon="12.429663"><ele>79.0</ele></rtept><rtept lat="57.507148" lon="12.429723"><ele>79.4</ele></rtept><rtept lat="57.507148" lon="12.429765"><ele>79.6</ele></rtept><rtept lat="57.507155" lon="12.42981"><ele>79.8</ele></rtept><rtept lat="57.50716" lon="12.429845"><ele>80.0</ele></rtept><rtept lat="57.50716" lon="12.429882"><ele>80.6</ele></rtept><rtept lat="57.507167" lon="12.429953"><ele>80.8</ele></rtept><rtept lat="57.50718" lon="12.430007"><ele>81.6</ele></rtept><rtept lat="57.507173" lon="12.430048"><ele>81.6</ele></rtept><rtept lat="57.50716" lon="12.430093"><ele>81.6</ele></rtept><rtept lat="57.507148" lon="12.43012"><ele>82.0</ele></rtept><rtept lat="57.507135" lon="12.43017"><ele>82.0</ele></rtept><rtept lat="57.507135" lon="12.430218"><ele>82.2</ele></rtept><rtept lat="57.507135" lon="12.430262"><ele>82.0</ele></rtept><rtept lat="57.507142" lon="12.43031"><ele>81.8</ele></rtept><rtept lat="57.507148" lon="12.43036"><ele>82.2</ele></rtept><rtept lat="57.50716" lon="12.430397"><ele>82.2</ele></rtept><rtept lat="57.50716" lon="12.430433"><ele>82.6</ele></rtept><rtept lat="57.507167" lon="12.430468"><ele>82.8</ele></rtept><rtept lat="57.507173" lon="12.4305"><ele>82.8</ele></rtept><rtept lat="57.507173" lon="12.43054"><ele>83.4</ele></rtept><rtept lat="57.507173" lon="12.430607"><ele>83.4</ele></rtept><rtept lat="57.507173" lon="12.430652"><ele>83.8</ele></rtept><rtept lat="57.507187" lon="12.430693"><ele>84.0</ele></rtept><rtept lat="57.50718" lon="12.430742"><ele>83.8</ele></rtept><rtept lat="57.507187" lon="12.430793"><ele>84.2</ele></rtept><rtept lat="57.507193" lon="12.430833"><ele>84.2</ele></rtept><rtept lat="57.507193" lon="12.430878"><ele>84.2</ele></rtept><rtept lat="57.5072" lon="12.430918"><ele>84.4</ele></rtept><rtept lat="57.507218" lon="12.430958"><ele>84.4</ele></rtept><rtept lat="57.507225" lon="12.43099"><ele>84.6</ele></rtept><rtept lat="57.507225" lon="12.431023"><ele>84.6</ele></rtept><rtept lat="57.507218" lon="12.431057"><ele>84.6</ele></rtept><rtept lat="57.507218" lon="12.43109"><ele>84.8</ele></rtept><rtept lat="57.507225" lon="12.431135"><ele>85.0</ele></rtept><rtept lat="57.507232" lon="12.43118"><ele>84.8</ele></rtept><rtept lat="57.507232" lon="12.431222"><ele>84.8</ele></rtept><rtept lat="57.507225" lon="12.431278"><ele>84.8</ele></rtept><rtept lat="57.507212" lon="12.431308"><ele>85.2</ele></rtept><rtept lat="57.507193" lon="12.431302"><ele>86.0</ele></rtept><rtept lat="57.507167" lon="12.431293"><ele>86.4</ele></rtept><rtept lat="57.507142" lon="12.431282"><ele>86.6</ele></rtept><rtept lat="57.507117" lon="12.431265"><ele>86.6</ele></rtept><rtept lat="57.507097" lon="12.431262"><ele>86.8</ele></rtept><rtept lat="57.507078" lon="12.431253"><ele>86.8</ele></rtept><rtept lat="57.507058" lon="12.431248"><ele>87.0</ele></rtept><rtept lat="57.50702" lon="12.43122"><ele>87.0</ele></rtept><rtept lat="57.507" lon="12.431213"><ele>87.2</ele></rtept><rtept lat="57.506975" lon="12.4312"><ele>87.4</ele></rtept><rtept lat="57.506957" lon="12.43118"><ele>87.8</ele></rtept><rtept lat="57.506937" lon="12.431163"><ele>88.0</ele></rtept><rtept lat="57.506912" lon="12.431138"><ele>88.0</ele></rtept><rtept lat="57.506885" lon="12.431095"><ele>88.4</ele></rtept><rtept lat="57.506867" lon="12.431045"><ele>88.6</ele></rtept><rtept lat="57.506853" lon="12.431017"><ele>88.8</ele></rtept><rtept lat="57.50684" lon="12.430992"><ele>88.8</ele></rtept><rtept lat="57.506815" lon="12.430965"><ele>89.4</ele></rtept><rtept lat="57.50679" lon="12.430952"><ele>89.4</ele></rtept><rtept lat="57.506763" lon="12.430932"><ele>89.8</ele></rtept><rtept lat="57.506745" lon="12.43092"><ele>90.0</ele></rtept><rtept lat="57.506725" lon="12.43091"><ele>90.6</ele></rtept><rtept lat="57.5067" lon="12.430892"><ele>91.0</ele></rtept><rtept lat="57.50668" lon="12.430878"><ele>91.6</ele></rtept><rtept lat="57.506662" lon="12.430867"><ele>91.6</ele></rtept><rtept lat="57.506642" lon="12.430858"><ele>91.8</ele></rtept><rtept lat="57.506623" lon="12.430838"><ele>92.2</ele></rtept><rtept lat="57.506603" lon="12.430825"><ele>92.4</ele></rtept><rtept lat="57.506585" lon="12.430825"><ele>92.6</ele></rtept><rtept lat="57.506565" lon="12.430818"><ele>92.4</ele></rtept><rtept lat="57.506547" lon="12.4308"><ele>92.4</ele></rtept><rtept lat="57.506527" lon="12.43078"><ele>92.6</ele></rtept><rtept lat="57.506515" lon="12.430757"><ele>92.6</ele></rtept><rtept lat="57.506502" lon="12.430728"><ele>92.4</ele></rtept><rtept lat="57.506482" lon="12.430713"><ele>92.6</ele></rtept><rtept lat="57.506463" lon="12.430688"><ele>92.4</ele></rtept><rtept lat="57.506443" lon="12.43066"><ele>92.2</ele></rtept><rtept lat="57.506425" lon="12.430622"><ele>92.4</ele></rtept><rtept lat="57.506405" lon="12.430598"><ele>92.2</ele></rtept><rtept lat="57.50638" lon="12.430548"><ele>92.0</ele></rtept><rtept lat="57.50636" lon="12.430525"><ele>91.8</ele></rtept><rtept lat="57.506328" lon="12.4305"><ele>91.6</ele></rtept><rtept lat="57.506303" lon="12.43047"><ele>91.8</ele></rtept><rtept lat="57.506283" lon="12.430438"><ele>91.4</ele></rtept><rtept lat="57.506272" lon="12.43041"><ele>91.6</ele></rtept><rtept lat="57.506252" lon="12.430378"><ele>91.6</ele></rtept><rtept lat="57.50624" lon="12.430355"><ele>92.2</ele></rtept><rtept lat="57.50622" lon="12.430317"><ele>92.4</ele></rtept><rtept lat="57.506207" lon="12.43028"><ele>92.2</ele></rtept><rtept lat="57.506188" lon="12.43026"><ele>92.6</ele></rtept><rtept lat="57.506168" lon="12.430245"><ele>92.6</ele></rtept><rtept lat="57.506143" lon="12.430222"><ele>92.6</ele></rtept><rtept lat="57.506123" lon="12.4302"><ele>93.0</ele></rtept><rtept lat="57.506105" lon="12.43018"><ele>93.0</ele></rtept><rtept lat="57.506085" lon="12.430165"><ele>93.0</ele></rtept><rtept lat="57.506067" lon="12.430147"><ele>93.2</ele></rtept><rtept lat="57.506047" lon="12.430132"><ele>93.2</ele></rtept><rtept lat="57.506028" lon="12.430113"><ele>93.4</ele></rtept><rtept lat="57.506002" lon="12.430102"><ele>93.4</ele></rtept><rtept lat="57.505983" lon="12.430093"><ele>93.2</ele></rtept><rtept lat="57.505945" lon="12.430073"><ele>93.4</ele></rtept><rtept lat="57.505913" lon="12.430058"><ele>93.6</ele></rtept><rtept lat="57.505887" lon="12.43004"><ele>93.6</ele></rtept><rtept lat="57.505862" lon="12.430018"><ele>93.8</ele></rtept><rtept lat="57.505837" lon="12.430007"><ele>93.8</ele></rtept><rtept lat="57.50581" lon="12.429997"><ele>93.6</ele></rtept><rtept lat="57.505785" lon="12.430013"><ele>94.0</ele></rtept><rtept lat="57.50576" lon="12.430023"><ele>94.2</ele></rtept><rtept lat="57.505733" lon="12.430043"><ele>94.0</ele></rtept><rtept lat="57.505715" lon="12.430052"><ele>94.0</ele></rtept><rtept lat="57.505688" lon="12.430073"><ele>93.4</ele></rtept><rtept lat="57.50567" lon="12.430067"><ele>93.2</ele></rtept><rtept lat="57.50565" lon="12.430083"><ele>92.6</ele></rtept><rtept lat="57.505632" lon="12.4301"><ele>92.6</ele></rtept><rtept lat="57.505605" lon="12.430133"><ele>92.6</ele></rtept><rtept lat="57.5056" lon="12.430165"><ele>92.8</ele></rtept><rtept lat="57.505587" lon="12.430205"><ele>92.6</ele></rtept><rtept lat="57.505567" lon="12.430267"><ele>93.0</ele></rtept><rtept lat="57.505555" lon="12.430295"><ele>92.8</ele></rtept><rtept lat="57.505535" lon="12.430323"><ele>93.0</ele></rtept><rtept lat="57.505535" lon="12.430363"><ele>93.0</ele></rtept><rtept lat="57.505528" lon="12.4304"><ele>93.0</ele></rtept><rtept lat="57.505517" lon="12.430428"><ele>93.2</ele></rtept><rtept lat="57.50551" lon="12.43046"><ele>93.2</ele></rtept><rtept lat="57.505497" lon="12.430493"><ele>93.4</ele></rtept><rtept lat="57.505483" lon="12.430523"><ele>93.8</ele></rtept><rtept lat="57.505478" lon="12.43056"><ele>93.8</ele></rtept><rtept lat="57.505478" lon="12.430622"><ele>94.8</ele></rtept><rtept lat="57.505465" lon="12.430648"><ele>94.8</ele></rtept><rtept lat="57.505452" lon="12.430687"><ele>95.4</ele></rtept><rtept lat="57.50544" lon="12.430727"><ele>95.8</ele></rtept><rtept lat="57.505433" lon="12.430773"><ele>95.8</ele></rtept><rtept lat="57.505427" lon="12.430818"><ele>96.4</ele></rtept><rtept lat="57.50542" lon="12.43086"><ele>96.4</ele></rtept><rtept lat="57.505413" lon="12.430905"><ele>96.6</ele></rtept><rtept lat="57.5054" lon="12.43095"><ele>97.2</ele></rtept><rtept lat="57.505388" lon="12.430992"><ele>97.2</ele></rtept><rtept lat="57.505375" lon="12.43103"><ele>97.6</ele></rtept><rtept lat="57.505362" lon="12.431063"><ele>97.8</ele></rtept><rtept lat="57.50535" lon="12.431097"><ele>98.0</ele></rtept><rtept lat="57.505337" lon="12.43113"><ele>98.6</ele></rtept><rtept lat="57.50533" lon="12.431163"><ele>99.0</ele></rtept><rtept lat="57.505318" lon="12.431202"><ele>99.2</ele></rtept><rtept lat="57.505312" lon="12.431242"><ele>99.8</ele></rtept><rtept lat="57.505298" lon="12.431283"><ele>100.0</ele></rtept><rtept lat="57.505292" lon="12.431327"><ele>100.2</ele></rtept><rtept lat="57.50528" lon="12.431362"><ele>100.8</ele></rtept><rtept lat="57.505273" lon="12.431398"><ele>101.0</ele></rtept><rtept lat="57.505267" lon="12.431463"><ele>101.6</ele></rtept><rtept lat="57.505253" lon="12.431502"><ele>101.8</ele></rtept><rtept lat="57.50526" lon="12.431538"><ele>102.0</ele></rtept><rtept lat="57.50526" lon="12.431582"><ele>102.6</ele></rtept><rtept lat="57.505253" lon="12.431652"><ele>103.2</ele></rtept><rtept lat="57.505253" lon="12.431685"><ele>103.6</ele></rtept><rtept lat="57.505247" lon="12.43173"><ele>104.2</ele></rtept><rtept lat="57.505247" lon="12.431777"><ele>104.6</ele></rtept><rtept lat="57.505247" lon="12.43183"><ele>104.6</ele></rtept><rtept lat="57.505247" lon="12.431888"><ele>105.0</ele></rtept><rtept lat="57.505253" lon="12.43194"><ele>105.4</ele></rtept><rtept lat="57.505253" lon="12.431995"><ele>105.6</ele></rtept><rtept lat="57.505247" lon="12.43204"><ele>106.0</ele></rtept><rtept lat="57.50524" lon="12.432087"><ele>106.4</ele></rtept><rtept lat="57.50524" lon="12.432143"><ele>106.4</ele></rtept><rtept lat="57.505235" lon="12.432193"><ele>106.8</ele></rtept><rtept lat="57.505235" lon="12.432237"><ele>107.0</ele></rtept><rtept lat="57.505235" lon="12.432282"><ele>106.8</ele></rtept><rtept lat="57.505235" lon="12.432325"><ele>107.0</ele></rtept><rtept lat="57.505235" lon="12.432377"><ele>107.2</ele></rtept><rtept lat="57.505235" lon="12.432437"><ele>107.2</ele></rtept><rtept lat="57.505235" lon="12.432497"><ele>107.2</ele></rtept><rtept lat="57.505235" lon="12.43258"><ele>107.6</ele></rtept><rtept lat="57.505247" lon="12.432655"><ele>107.6</ele></rtept><rtept lat="57.505253" lon="12.432738"><ele>107.8</ele></rtept><rtept lat="57.505267" lon="12.432833"><ele>108.0</ele></rtept><rtept lat="57.505273" lon="12.432933"><ele>108.0</ele></rtept><rtept lat="57.505285" lon="12.433038"><ele>108.4</ele></rtept><rtept lat="57.505292" lon="12.433143"><ele>108.4</ele></rtept><rtept lat="57.505305" lon="12.433238"><ele>108.2</ele></rtept><rtept lat="57.505318" lon="12.43332"><ele>108.6</ele></rtept><rtept lat="57.50535" lon="12.4334"><ele>108.8</ele></rtept><rtept lat="57.505368" lon="12.433473"><ele>108.6</ele></rtept><rtept lat="57.505382" lon="12.433543"><ele>109.0</ele></rtept><rtept lat="57.505395" lon="12.433618"><ele>109.2</ele></rtept><rtept lat="57.505388" lon="12.433672"><ele>109.4</ele></rtept><rtept lat="57.505375" lon="12.433705"><ele>109.8</ele></rtept><rtept lat="57.505368" lon="12.433757"><ele>109.8</ele></rtept><rtept lat="57.505382" lon="12.43381"><ele>109.8</ele></rtept><rtept lat="57.505388" lon="12.433847"><ele>110.0</ele></rtept><rtept lat="57.505388" lon="12.433885"><ele>110.2</ele></rtept><rtept lat="57.505382" lon="12.433923"><ele>110.0</ele></rtept><rtept lat="57.505368" lon="12.433977"><ele>110.4</ele></rtept><rtept lat="57.505357" lon="12.43403"><ele>110.6</ele></rtept><rtept lat="57.50535" lon="12.434075"><ele>110.4</ele></rtept><rtept lat="57.505343" lon="12.434122"><ele>111.0</ele></rtept><rtept lat="57.505337" lon="12.434163"><ele>111.4</ele></rtept><rtept lat="57.505337" lon="12.434207"><ele>111.2</ele></rtept><rtept lat="57.50533" lon="12.434257"><ele>111.6</ele></rtept><rtept lat="57.505323" lon="12.434307"><ele>111.6</ele></rtept><rtept lat="57.50533" lon="12.434358"><ele>111.6</ele></rtept><rtept lat="57.505337" lon="12.434412"><ele>112.2</ele></rtept><rtept lat="57.505337" lon="12.434487"><ele>112.2</ele></rtept><rtept lat="57.505337" lon="12.43456"><ele>112.2</ele></rtept><rtept lat="57.50535" lon="12.434585"><ele>113.0</ele></rtept><rtept lat="57.505357" lon="12.43462"><ele>113.0</ele></rtept><rtept lat="57.505368" lon="12.43466"><ele>113.8</ele></rtept><rtept lat="57.505368" lon="12.434695"><ele>114.0</ele></rtept><rtept lat="57.505357" lon="12.434742"><ele>113.8</ele></rtept><rtept lat="57.505337" lon="12.434798"><ele>114.0</ele></rtept><rtept lat="57.505318" lon="12.434855"><ele>114.2</ele></rtept><rtept lat="57.505312" lon="12.4349"><ele>114.2</ele></rtept><rtept lat="57.505305" lon="12.434962"><ele>114.6</ele></rtept><rtept lat="57.505285" lon="12.435032"><ele>114.8</ele></rtept><rtept lat="57.505267" lon="12.435082"><ele>114.6</ele></rtept><rtept lat="57.505253" lon="12.435107"><ele>115.2</ele></rtept><rtept lat="57.505228" lon="12.435177"><ele>115.4</ele></rtept><rtept lat="57.505208" lon="12.435205"><ele>116.0</ele></rtept><rtept lat="57.505183" lon="12.43526"><ele>116.2</ele></rtept><rtept lat="57.50519" lon="12.435303"><ele>116.6</ele></rtept><rtept lat="57.505177" lon="12.43537"><ele>117.0</ele></rtept><rtept lat="57.505163" lon="12.435408"><ele>117.2</ele></rtept><rtept lat="57.505152" lon="12.435448"><ele>117.0</ele></rtept><rtept lat="57.505125" lon="12.4355"><ele>117.4</ele></rtept><rtept lat="57.505113" lon="12.435538"><ele>117.6</ele></rtept><rtept lat="57.505093" lon="12.435562"><ele>117.4</ele></rtept><rtept lat="57.505068" lon="12.435603"><ele>117.8</ele></rtept><rtept lat="57.505048" lon="12.435637"><ele>117.6</ele></rtept><rtept lat="57.50503" lon="12.435657"><ele>117.8</ele></rtept><rtept lat="57.50501" lon="12.435692"><ele>117.8</ele></rtept><rtept lat="57.504998" lon="12.435727"><ele>117.4</ele></rtept><rtept lat="57.504978" lon="12.435758"><ele>117.8</ele></rtept><rtept lat="57.50496" lon="12.4358"><ele>117.6</ele></rtept><rtept lat="57.50494" lon="12.435838"><ele>117.6</ele></rtept><rtept lat="57.504927" lon="12.435872"><ele>117.8</ele></rtept><rtept lat="57.504915" lon="12.435905"><ele>118.0</ele></rtept><rtept lat="57.504895" lon="12.435952"><ele>118.0</ele></rtept><rtept lat="57.504888" lon="12.43599"><ele>118.2</ele></rtept><rtept lat="57.50487" lon="12.436025"><ele>118.0</ele></rtept><rtept lat="57.50485" lon="12.436065"><ele>118.4</ele></rtept><rtept lat="57.504838" lon="12.4361"><ele>118.4</ele></rtept><rtept lat="57.504838" lon="12.436155"><ele>118.2</ele></rtept><rtept lat="57.504832" lon="12.436202"><ele>118.6</ele></rtept><rtept lat="57.504818" lon="12.436257"><ele>118.4</ele></rtept><rtept lat="57.504812" lon="12.4363"><ele>118.8</ele></rtept><rtept lat="57.5048" lon="12.43634"><ele>119.2</ele></rtept><rtept lat="57.504787" lon="12.436367"><ele>119.0</ele></rtept><rtept lat="57.504773" lon="12.4364"><ele>119.4</ele></rtept><rtept lat="57.50476" lon="12.436437"><ele>119.6</ele></rtept><rtept lat="57.504755" lon="12.436477"><ele>119.4</ele></rtept><rtept lat="57.504742" lon="12.436525"><ele>119.8</ele></rtept><rtept lat="57.504728" lon="12.436567"><ele>119.8</ele></rtept><rtept lat="57.504722" lon="12.436618"><ele>119.4</ele></rtept><rtept lat="57.504717" lon="12.436677"><ele>119.8</ele></rtept><rtept lat="57.50471" lon="12.436723"><ele>119.4</ele></rtept><rtept lat="57.504697" lon="12.436763"><ele>119.2</ele></rtept><rtept lat="57.50469" lon="12.436803"><ele>119.6</ele></rtept><rtept lat="57.504683" lon="12.436848"><ele>119.2</ele></rtept><rtept lat="57.504678" lon="12.436895"><ele>119.4</ele></rtept><rtept lat="57.504672" lon="12.436942"><ele>119.6</ele></rtept><rtept lat="57.504658" lon="12.436992"><ele>119.6</ele></rtept><rtept lat="57.504658" lon="12.437043"><ele>120.2</ele></rtept><rtept lat="57.504658" lon="12.437092"><ele>120.4</ele></rtept><rtept lat="57.504652" lon="12.437133"><ele>120.2</ele></rtept><rtept lat="57.504652" lon="12.437182"><ele>120.8</ele></rtept><rtept lat="57.504652" lon="12.437232"><ele>120.8</ele></rtept><rtept lat="57.504658" lon="12.437287"><ele>120.6</ele></rtept><rtept lat="57.504658" lon="12.43734"><ele>120.8</ele></rtept><rtept lat="57.504658" lon="12.437395"><ele>120.6</ele></rtept><rtept lat="57.504652" lon="12.437445"><ele>120.8</ele></rtept><rtept lat="57.504652" lon="12.4375"><ele>121.2</ele></rtept><rtept lat="57.504652" lon="12.437562"><ele>120.8</ele></rtept><rtept lat="57.504658" lon="12.437627"><ele>121.2</ele></rtept><rtept lat="57.504665" lon="12.437683"><ele>121.2</ele></rtept><rtept lat="57.504678" lon="12.437733"><ele>121.0</ele></rtept><rtept lat="57.504678" lon="12.437783"><ele>121.4</ele></rtept><rtept lat="57.504683" lon="12.437828"><ele>121.2</ele></rtept><rtept lat="57.504697" lon="12.437877"><ele>121.0</ele></rtept><rtept lat="57.50471" lon="12.43792"><ele>121.2</ele></rtept><rtept lat="57.504728" lon="12.43796"><ele>121.2</ele></rtept><rtept lat="57.504742" lon="12.438005"><ele>121.6</ele></rtept><rtept lat="57.50476" lon="12.43805"><ele>121.8</ele></rtept><rtept lat="57.50478" lon="12.43809"><ele>121.8</ele></rtept><rtept lat="57.5048" lon="12.438125"><ele>122.0</ele></rtept><rtept lat="57.504818" lon="12.43816"><ele>122.0</ele></rtept><rtept lat="57.504843" lon="12.438195"><ele>121.8</ele></rtept><rtept lat="57.504863" lon="12.438228"><ele>122.2</ele></rtept><rtept lat="57.504882" lon="12.438262"><ele>122.0</ele></rtept><rtept lat="57.504895" lon="12.4383"><ele>121.8</ele></rtept><rtept lat="57.504915" lon="12.438335"><ele>122.0</ele></rtept><rtept lat="57.504927" lon="12.438372"><ele>121.8</ele></rtept><rtept lat="57.504947" lon="12.438407"><ele>122.2</ele></rtept><rtept lat="57.50496" lon="12.438447"><ele>122.6</ele></rtept><rtept lat="57.504978" lon="12.438487"><ele>122.4</ele></rtept><rtept lat="57.504992" lon="12.438528"><ele>122.6</ele></rtept><rtept lat="57.505017" lon="12.438578"><ele>122.8</ele></rtept><rtept lat="57.50503" lon="12.438625"><ele>122.2</ele></rtept><rtept lat="57.505048" lon="12.438665"><ele>122.4</ele></rtept><rtept lat="57.505068" lon="12.438702"><ele>122.2</ele></rtept><rtept lat="57.505087" lon="12.438743"><ele>122.0</ele></rtept><rtept lat="57.505107" lon="12.438785"><ele>122.0</ele></rtept><rtept lat="57.50512" lon="12.438825"><ele>121.8</ele></rtept><rtept lat="57.505145" lon="12.43887"><ele>121.8</ele></rtept><rtept lat="57.50517" lon="12.438913"><ele>122.0</ele></rtept><rtept lat="57.50519" lon="12.438955"><ele>121.8</ele></rtept><rtept lat="57.505202" lon="12.439"><ele>122.0</ele></rtept><rtept lat="57.505222" lon="12.439038"><ele>122.2</ele></rtept><rtept lat="57.50524" lon="12.439075"><ele>121.8</ele></rtept><rtept lat="57.505253" lon="12.439113"><ele>122.0</ele></rtept><rtept lat="57.505267" lon="12.439143"><ele>122.0</ele></rtept><rtept lat="57.505273" lon="12.43918"><ele>121.8</ele></rtept><rtept lat="57.505292" lon="12.439217"><ele>122.0</ele></rtept><rtept lat="57.505318" lon="12.439252"><ele>121.8</ele></rtept><rtept lat="57.505337" lon="12.439295"><ele>122.0</ele></rtept><rtept lat="57.505357" lon="12.439335"><ele>122.4</ele></rtept><rtept lat="57.505368" lon="12.43938"><ele>122.4</ele></rtept><rtept lat="57.505382" lon="12.439417"><ele>122.6</ele></rtept><rtept lat="57.5054" lon="12.439463"><ele>122.4</ele></rtept><rtept lat="57.505413" lon="12.43951"><ele>122.4</ele></rtept><rtept lat="57.505433" lon="12.439557"><ele>122.8</ele></rtept><rtept lat="57.50544" lon="12.439598"><ele>122.4</ele></rtept><rtept lat="57.505445" lon="12.43964"><ele>122.8</ele></rtept><rtept lat="57.505445" lon="12.439682"><ele>123.0</ele></rtept><rtept lat="57.50544" lon="12.439772"><ele>123.0</ele></rtept><rtept lat="57.505433" lon="12.439832"><ele>123.4</ele></rtept><rtept lat="57.505433" lon="12.439877"><ele>123.0</ele></rtept><rtept lat="57.505433" lon="12.439927"><ele>123.4</ele></rtept><rtept lat="57.505427" lon="12.439977"><ele>123.0</ele></rtept><rtept lat="57.505413" lon="12.440017"><ele>123.0</ele></rtept><rtept lat="57.505407" lon="12.44006"><ele>123.4</ele></rtept><rtept lat="57.505395" lon="12.440112"><ele>123.2</ele></rtept><rtept lat="57.505375" lon="12.44014"><ele>123.4</ele></rtept><rtept lat="57.505362" lon="12.440185"><ele>123.6</ele></rtept><rtept lat="57.505343" lon="12.440233"><ele>123.4</ele></rtept><rtept lat="57.505318" lon="12.44028"><ele>123.8</ele></rtept><rtept lat="57.505305" lon="12.440318"><ele>123.8</ele></rtept><rtept lat="57.505285" lon="12.440358"><ele>123.6</ele></rtept><rtept lat="57.505273" lon="12.440402"><ele>124.0</ele></rtept><rtept lat="57.505267" lon="12.440448"><ele>124.0</ele></rtept><rtept lat="57.505253" lon="12.440493"><ele>124.2</ele></rtept><rtept lat="57.505247" lon="12.440542"><ele>124.4</ele></rtept><rtept lat="57.50524" lon="12.440592"><ele>124.4</ele></rtept><rtept lat="57.505235" lon="12.44064"><ele>124.8</ele></rtept><rtept lat="57.505228" lon="12.440695"><ele>124.8</ele></rtept><rtept lat="57.505235" lon="12.440752"><ele>124.6</ele></rtept><rtept lat="57.505235" lon="12.440807"><ele>125.0</ele></rtept><rtept lat="57.505235" lon="12.440867"><ele>125.0</ele></rtept><rtept lat="57.50524" lon="12.440913"><ele>124.8</ele></rtept><rtept lat="57.505247" lon="12.44096"><ele>125.2</ele></rtept><rtept lat="57.505247" lon="12.441008"><ele>124.8</ele></rtept><rtept lat="57.505247" lon="12.441062"><ele>124.6</ele></rtept><rtept lat="57.505247" lon="12.441115"><ele>124.8</ele></rtept><rtept lat="57.505253" lon="12.441167"><ele>124.6</ele></rtept><rtept lat="57.505253" lon="12.441217"><ele>124.6</ele></rtept><rtept lat="57.50526" lon="12.441278"><ele>124.6</ele></rtept><rtept lat="57.505267" lon="12.44132"><ele>124.4</ele></rtept><rtept lat="57.50528" lon="12.441378"><ele>124.8</ele></rtept><rtept lat="57.505292" lon="12.44142"><ele>124.8</ele></rtept><rtept lat="57.505305" lon="12.44147"><ele>124.6</ele></rtept><rtept lat="57.505312" lon="12.441517"><ele>124.8</ele></rtept><rtept lat="57.505318" lon="12.441563"><ele>124.8</ele></rtept><rtept lat="57.50533" lon="12.441608"><ele>124.6</ele></rtept><rtept lat="57.505343" lon="12.441655"><ele>125.0</ele></rtept><rtept lat="57.505362" lon="12.441705"><ele>124.8</ele></rtept><rtept lat="57.505375" lon="12.441753"><ele>124.8</ele></rtept><rtept lat="57.505388" lon="12.4418"><ele>125.0</ele></rtept><rtept lat="57.505407" lon="12.44184"><ele>125.0</ele></rtept><rtept lat="57.505427" lon="12.441878"><ele>125.0</ele></rtept><rtept lat="57.505433" lon="12.441913"><ele>125.6</ele></rtept><rtept lat="57.505445" lon="12.441948"><ele>125.2</ele></rtept><rtept lat="57.505465" lon="12.441998"><ele>125.6</ele></rtept><rtept lat="57.505478" lon="12.44204"><ele>125.6</ele></rtept><rtept lat="57.50549" lon="12.442078"><ele>125.4</ele></rtept><rtept lat="57.505503" lon="12.44212"><ele>125.6</ele></rtept><rtept lat="57.505517" lon="12.442167"><ele>125.6</ele></rtept><rtept lat="57.505535" lon="12.442217"><ele>125.4</ele></rtept><rtept lat="57.505548" lon="12.442263"><ele>126.0</ele></rtept><rtept lat="57.505555" lon="12.442303"><ele>126.0</ele></rtept><rtept lat="57.50556" lon="12.442343"><ele>126.0</ele></rtept><rtept lat="57.505573" lon="12.44238"><ele>126.2</ele></rtept><rtept lat="57.50558" lon="12.44242"><ele>126.0</ele></rtept><rtept lat="57.505587" lon="12.442465"><ele>126.0</ele></rtept><rtept lat="57.505605" lon="12.442515"><ele>126.4</ele></rtept><rtept lat="57.505625" lon="12.442555"><ele>126.2</ele></rtept><rtept lat="57.505638" lon="12.442593"><ele>126.4</ele></rtept><rtept lat="57.50565" lon="12.442637"><ele>126.6</ele></rtept><rtept lat="57.505663" lon="12.442677"><ele>126.0</ele></rtept><rtept lat="57.505682" lon="12.442713"><ele>126.4</ele></rtept><rtept lat="57.505695" lon="12.442753"><ele>126.6</ele></rtept><rtept lat="57.505715" lon="12.442793"><ele>126.2</ele></rtept><rtept lat="57.505727" lon="12.442827"><ele>126.6</ele></rtept><rtept lat="57.505747" lon="12.442867"><ele>126.6</ele></rtept><rtept lat="57.505765" lon="12.442915"><ele>126.2</ele></rtept><rtept lat="57.505778" lon="12.442945"><ele>126.4</ele></rtept><rtept lat="57.505792" lon="12.442987"><ele>126.6</ele></rtept><rtept lat="57.505803" lon="12.443028"><ele>126.0</ele></rtept><rtept lat="57.50581" lon="12.443065"><ele>126.0</ele></rtept><rtept lat="57.50583" lon="12.443103"><ele>125.8</ele></rtept><rtept lat="57.505842" lon="12.443145"><ele>125.4</ele></rtept><rtept lat="57.505862" lon="12.443183"><ele>125.2</ele></rtept><rtept lat="57.50588" lon="12.443222"><ele>125.2</ele></rtept><rtept lat="57.505893" lon="12.443258"><ele>124.6</ele></rtept><rtept lat="57.505913" lon="12.443287"><ele>124.4</ele></rtept><rtept lat="57.505932" lon="12.443323"><ele>124.4</ele></rtept><rtept lat="57.505952" lon="12.443367"><ele>124.2</ele></rtept><rtept lat="57.50597" lon="12.443398"><ele>124.0</ele></rtept><rtept lat="57.505997" lon="12.443442"><ele>123.8</ele></rtept><rtept lat="57.506008" lon="12.443473"><ele>123.4</ele></rtept><rtept lat="57.506028" lon="12.443512"><ele>123.2</ele></rtept><rtept lat="57.506047" lon="12.443562"><ele>123.2</ele></rtept><rtept lat="57.506067" lon="12.443602"><ele>122.4</ele></rtept><rtept lat="57.506073" lon="12.44364"><ele>122.2</ele></rtept><rtept lat="57.506092" lon="12.443685"><ele>122.0</ele></rtept><rtept lat="57.506112" lon="12.443725"><ele>121.6</ele></rtept><rtept lat="57.50613" lon="12.443777"><ele>121.4</ele></rtept><rtept lat="57.50615" lon="12.443818"><ele>121.0</ele></rtept><rtept lat="57.506162" lon="12.443848"><ele>120.4</ele></rtept><rtept lat="57.506188" lon="12.44389"><ele>120.4</ele></rtept><rtept lat="57.506207" lon="12.443942"><ele>120.2</ele></rtept><rtept lat="57.50624" lon="12.443978"><ele>120.0</ele></rtept><rtept lat="57.506245" lon="12.444012"><ele>119.8</ele></rtept><rtept lat="57.506265" lon="12.444047"><ele>119.2</ele></rtept><rtept lat="57.506283" lon="12.444083"><ele>119.4</ele></rtept><rtept lat="57.50629" lon="12.444123"><ele>119.0</ele></rtept><rtept lat="57.50631" lon="12.444165"><ele>118.6</ele></rtept><rtept lat="57.506322" lon="12.444205"><ele>118.8</ele></rtept><rtept lat="57.506342" lon="12.444245"><ele>118.2</ele></rtept><rtept lat="57.50636" lon="12.444285"><ele>118.4</ele></rtept><rtept lat="57.50638" lon="12.444325"><ele>118.4</ele></rtept><rtept lat="57.5064" lon="12.444362"><ele>118.2</ele></rtept><rtept lat="57.506418" lon="12.444405"><ele>118.4</ele></rtept><rtept lat="57.506438" lon="12.444443"><ele>118.2</ele></rtept><rtept lat="57.506457" lon="12.444478"><ele>118.0</ele></rtept><rtept lat="57.506477" lon="12.44452"><ele>118.2</ele></rtept><rtept lat="57.506502" lon="12.444553"><ele>117.8</ele></rtept><rtept lat="57.50652" lon="12.444588"><ele>118.2</ele></rtept><rtept lat="57.50654" lon="12.444615"><ele>118.2</ele></rtept><rtept lat="57.50656" lon="12.444647"><ele>118.0</ele></rtept><rtept lat="57.506572" lon="12.444672"><ele>118.6</ele></rtept><rtept lat="57.506598" lon="12.444707"><ele>118.2</ele></rtept><rtept lat="57.506617" lon="12.444743"><ele>118.6</ele></rtept><rtept lat="57.506637" lon="12.444783"><ele>118.6</ele></rtept><rtept lat="57.506655" lon="12.44482"><ele>118.4</ele></rtept><rtept lat="57.506675" lon="12.44486"><ele>118.8</ele></rtept><rtept lat="57.506693" lon="12.4449"><ele>118.6</ele></rtept><rtept lat="57.506707" lon="12.444945"><ele>118.4</ele></rtept><rtept lat="57.506725" lon="12.444985"><ele>118.6</ele></rtept><rtept lat="57.506745" lon="12.44503"><ele>118.2</ele></rtept><rtept lat="57.506763" lon="12.445077"><ele>118.2</ele></rtept><rtept lat="57.506783" lon="12.445123"><ele>118.4</ele></rtept><rtept lat="57.506802" lon="12.445173"><ele>118.0</ele></rtept><rtept lat="57.506815" lon="12.445205"><ele>117.6</ele></rtept><rtept lat="57.506835" lon="12.445248"><ele>117.6</ele></rtept><rtept lat="57.506853" lon="12.445295"><ele>117.0</ele></rtept><rtept lat="57.506873" lon="12.445343"><ele>117.0</ele></rtept><rtept lat="57.506905" lon="12.445387"><ele>117.2</ele></rtept><rtept lat="57.506937" lon="12.445422"><ele>116.8</ele></rtept><rtept lat="57.506968" lon="12.445462"><ele>116.2</ele></rtept><rtept lat="57.506988" lon="12.445502"><ele>116.4</ele></rtept><rtept lat="57.507013" lon="12.445533"><ele>115.8</ele></rtept><rtept lat="57.50704" lon="12.44556"><ele>115.8</ele></rtept><rtept lat="57.507058" lon="12.445582"><ele>115.6</ele></rtept><rtept lat="57.507078" lon="12.445605"><ele>115.0</ele></rtept><rtept lat="57.507097" lon="12.445625"><ele>115.0</ele></rtept><rtept lat="57.507117" lon="12.445642"><ele>115.0</ele></rtept><rtept lat="57.507135" lon="12.445665"><ele>114.4</ele></rtept><rtept lat="57.507155" lon="12.445685"><ele>114.4</ele></rtept><rtept lat="57.507173" lon="12.445702"><ele>114.6</ele></rtept><rtept lat="57.507193" lon="12.445715"><ele>114.0</ele></rtept><rtept lat="57.507218" lon="12.445725"><ele>114.2</ele></rtept><rtept lat="57.507243" lon="12.44574"><ele>114.4</ele></rtept><rtept lat="57.50727" lon="12.445762"><ele>113.8</ele></rtept><rtept lat="57.507295" lon="12.445772"><ele>113.6</ele></rtept><rtept lat="57.507327" lon="12.445797"><ele>113.8</ele></rtept><rtept lat="57.507353" lon="12.445817"><ele>113.2</ele></rtept><rtept lat="57.507385" lon="12.44584"><ele>113.4</ele></rtept><rtept lat="57.50741" lon="12.445865"><ele>112.8</ele></rtept><rtept lat="57.50743" lon="12.445893"><ele>112.6</ele></rtept><rtept lat="57.507455" lon="12.44592"><ele>112.6</ele></rtept><rtept lat="57.50748" lon="12.44595"><ele>112.2</ele></rtept><rtept lat="57.507507" lon="12.44598"><ele>112.2</ele></rtept><rtept lat="57.507538" lon="12.44601"><ele>112.2</ele></rtept><rtept lat="57.507563" lon="12.446043"><ele>111.8</ele></rtept><rtept lat="57.50759" lon="12.44608"><ele>111.8</ele></rtept><rtept lat="57.507608" lon="12.446113"><ele>112.0</ele></rtept><rtept lat="57.507622" lon="12.446147"><ele>111.6</ele></rtept><rtept lat="57.507635" lon="12.446188"><ele>111.8</ele></rtept><rtept lat="57.507635" lon="12.446233"><ele>111.4</ele></rtept><rtept lat="57.507628" lon="12.446267"><ele>111.0</ele></rtept><rtept lat="57.507615" lon="12.446347"><ele>110.8</ele></rtept><rtept lat="57.507615" lon="12.446385"><ele>111.0</ele></rtept><rtept lat="57.507608" lon="12.44643"><ele>111.2</ele></rtept><rtept lat="57.507597" lon="12.446465"><ele>111.0</ele></rtept><rtept lat="57.507577" lon="12.4465"><ele>111.4</ele></rtept><rtept lat="57.50757" lon="12.446537"><ele>111.4</ele></rtept><rtept lat="57.507558" lon="12.446573"><ele>111.6</ele></rtept><rtept lat="57.507538" lon="12.446575"><ele>111.8</ele></rtept><rtept lat="57.507525" lon="12.4466"><ele>111.8</ele></rtept><rtept lat="57.507513" lon="12.446645"><ele>111.6</ele></rtept><rtept lat="57.507493" lon="12.446673"><ele>111.6</ele></rtept><rtept lat="57.507475" lon="12.446718"><ele>111.8</ele></rtept><rtept lat="57.507448" lon="12.446762"><ele>111.6</ele></rtept><rtept lat="57.507423" lon="12.446807"><ele>112.2</ele></rtept><rtept lat="57.507398" lon="12.446858"><ele>112.0</ele></rtept><rtept lat="57.507378" lon="12.446898"><ele>111.8</ele></rtept><rtept lat="57.507365" lon="12.446943"><ele>112.0</ele></rtept><rtept lat="57.507353" lon="12.446998"><ele>111.8</ele></rtept><rtept lat="57.507353" lon="12.447062"><ele>112.4</ele></rtept><rtept lat="57.50734" lon="12.447132"><ele>112.4</ele></rtept><rtept lat="57.507333" lon="12.4472"><ele>112.0</ele></rtept><rtept lat="57.507333" lon="12.447263"><ele>112.4</ele></rtept><rtept lat="57.507327" lon="12.44732"><ele>112.0</ele></rtept><rtept lat="57.50732" lon="12.447373"><ele>112.0</ele></rtept><rtept lat="57.507308" lon="12.447438"><ele>112.4</ele></rtept><rtept lat="57.507288" lon="12.447498"><ele>112.2</ele></rtept><rtept lat="57.507263" lon="12.447547"><ele>112.2</ele></rtept><rtept lat="57.507232" lon="12.447587"><ele>112.4</ele></rtept><rtept lat="57.507193" lon="12.447628"><ele>112.0</ele></rtept><rtept lat="57.50716" lon="12.447667"><ele>112.2</ele></rtept><rtept lat="57.507122" lon="12.44771"><ele>111.8</ele></rtept><rtept lat="57.50709" lon="12.447745"><ele>112.2</ele></rtept><rtept lat="57.507065" lon="12.447777"><ele>112.4</ele></rtept><rtept lat="57.50704" lon="12.447805"><ele>112.8</ele></rtept><rtept lat="57.507013" lon="12.44783"><ele>112.8</ele></rtept><rtept lat="57.506982" lon="12.44785"><ele>112.4</ele></rtept><rtept lat="57.506962" lon="12.447867"><ele>112.8</ele></rtept><rtept lat="57.506937" lon="12.447877"><ele>112.8</ele></rtept><rtept lat="57.506918" lon="12.44789"><ele>112.4</ele></rtept><rtept lat="57.506892" lon="12.447897"><ele>112.6</ele></rtept><rtept lat="57.506867" lon="12.447915"><ele>112.4</ele></rtept><rtept lat="57.506835" lon="12.447932"><ele>112.6</ele></rtept><rtept lat="57.506802" lon="12.44796"><ele>112.8</ele></rtept><rtept lat="57.506763" lon="12.447978"><ele>112.6</ele></rtept><rtept lat="57.506732" lon="12.44799"><ele>113.0</ele></rtept><rtept lat="57.506693" lon="12.44801"><ele>112.8</ele></rtept><rtept lat="57.506655" lon="12.448035"><ele>112.8</ele></rtept><rtept lat="57.50663" lon="12.44804"><ele>113.0</ele></rtept><rtept lat="57.506598" lon="12.44806"><ele>112.8</ele></rtept><rtept lat="57.506578" lon="12.44809"><ele>113.4</ele></rtept><rtept lat="57.50654" lon="12.448113"><ele>113.4</ele></rtept><rtept lat="57.50652" lon="12.44813"><ele>113.2</ele></rtept><rtept lat="57.506482" lon="12.448155"><ele>113.6</ele></rtept><rtept lat="57.506457" lon="12.448182"><ele>113.2</ele></rtept><rtept lat="57.506432" lon="12.448215"><ele>114.0</ele></rtept><rtept lat="57.506405" lon="12.44824"><ele>113.8</ele></rtept><rtept lat="57.50638" lon="12.448262"><ele>113.8</ele></rtept><rtept lat="57.506348" lon="12.448278"><ele>114.2</ele></rtept><rtept lat="57.506328" lon="12.448288"><ele>114.0</ele></rtept><rtept lat="57.506303" lon="12.4483"><ele>114.0</ele></rtept><rtept lat="57.506278" lon="12.448323"><ele>114.2</ele></rtept><rtept lat="57.506245" lon="12.44834"><ele>113.8</ele></rtept><rtept lat="57.50622" lon="12.448353"><ele>114.0</ele></rtept><rtept lat="57.5062" lon="12.44836"><ele>114.0</ele></rtept><rtept lat="57.506168" lon="12.448378"><ele>113.6</ele></rtept><rtept lat="57.506143" lon="12.448398"><ele>113.8</ele></rtept><rtept lat="57.506105" lon="12.44842"><ele>113.6</ele></rtept><rtept lat="57.506067" lon="12.44843"><ele>113.6</ele></rtept><rtept lat="57.50604" lon="12.448445"><ele>113.8</ele></rtept><rtept lat="57.506008" lon="12.44846"><ele>113.4</ele></rtept><rtept lat="57.505983" lon="12.44847"><ele>113.6</ele></rtept><rtept lat="57.505958" lon="12.448475"><ele>113.4</ele></rtept><rtept lat="57.505938" lon="12.448487"><ele>113.2</ele></rtept><rtept lat="57.505913" lon="12.448497"><ele>113.4</ele></rtept><rtept lat="57.505893" lon="12.4485"><ele>113.2</ele></rtept><rtept lat="57.505868" lon="12.448512"><ele>113.2</ele></rtept><rtept lat="57.505848" lon="12.448525"><ele>113.4</ele></rtept><rtept lat="57.505823" lon="12.448538"><ele>113.0</ele></rtept><rtept lat="57.505798" lon="12.448558"><ele>113.2</ele></rtept><rtept lat="57.505778" lon="12.44857"><ele>113.2</ele></rtept><rtept lat="57.505753" lon="12.448575"><ele>112.8</ele></rtept><rtept lat="57.505727" lon="12.448577"><ele>113.2</ele></rtept><rtept lat="57.505708" lon="12.448583"><ele>112.8</ele></rtept><rtept lat="57.50567" lon="12.448597"><ele>112.8</ele></rtept><rtept lat="57.50565" lon="12.44862"><ele>112.8</ele></rtept><rtept lat="57.505618" lon="12.448648"><ele>112.6</ele></rtept><rtept lat="57.505587" lon="12.448675"><ele>112.8</ele></rtept><rtept lat="57.505555" lon="12.4487"><ele>112.6</ele></rtept><rtept lat="57.505517" lon="12.448723"><ele>112.4</ele></rtept><rtept lat="57.505483" lon="12.448748"><ele>112.4</ele></rtept><rtept lat="57.505452" lon="12.448775"><ele>112.2</ele></rtept><rtept lat="57.50542" lon="12.4488"><ele>112.4</ele></rtept><rtept lat="57.505382" lon="12.448833"><ele>112.4</ele></rtept><rtept lat="57.50535" lon="12.448868"><ele>112.0</ele></rtept><rtept lat="57.505318" lon="12.448907"><ele>112.4</ele></rtept><rtept lat="57.505292" lon="12.448962"><ele>112.2</ele></rtept><rtept lat="57.505273" lon="12.449023"><ele>112.4</ele></rtept><rtept lat="57.50526" lon="12.44908"><ele>112.4</ele></rtept><rtept lat="57.505253" lon="12.449132"><ele>112.0</ele></rtept><rtept lat="57.505247" lon="12.449185"><ele>112.2</ele></rtept><rtept lat="57.505235" lon="12.449237"><ele>111.8</ele></rtept><rtept lat="57.505228" lon="12.449285"><ele>112.0</ele></rtept><rtept lat="57.505215" lon="12.449343"><ele>112.0</ele></rtept><rtept lat="57.505202" lon="12.4494"><ele>111.6</ele></rtept><rtept lat="57.50519" lon="12.44947"><ele>111.8</ele></rtept><rtept lat="57.50517" lon="12.449528"><ele>111.6</ele></rtept><rtept lat="57.505152" lon="12.449575"><ele>111.4</ele></rtept><rtept lat="57.505138" lon="12.44962"><ele>111.6</ele></rtept><rtept lat="57.505125" lon="12.449673"><ele>111.4</ele></rtept><rtept lat="57.505113" lon="12.449717"><ele>111.6</ele></rtept><rtept lat="57.505107" lon="12.449752"><ele>111.2</ele></rtept><rtept lat="57.505093" lon="12.4498"><ele>111.6</ele></rtept><rtept lat="57.505075" lon="12.449852"><ele>111.4</ele></rtept><rtept lat="57.505062" lon="12.449897"><ele>111.6</ele></rtept><rtept lat="57.505048" lon="12.449945"><ele>111.8</ele></rtept><rtept lat="57.50503" lon="12.449997"><ele>111.6</ele></rtept><rtept lat="57.505017" lon="12.45005"><ele>112.0</ele></rtept><rtept lat="57.504998" lon="12.450097"><ele>111.6</ele></rtept><rtept lat="57.504992" lon="12.450138"><ele>111.8</ele></rtept><rtept lat="57.504972" lon="12.4502"><ele>111.8</ele></rtept><rtept lat="57.504953" lon="12.45025"><ele>111.4</ele></rtept><rtept lat="57.504933" lon="12.450307"><ele>111.8</ele></rtept><rtept lat="57.50492" lon="12.450357"><ele>111.4</ele></rtept><rtept lat="57.504908" lon="12.450402"><ele>111.4</ele></rtept><rtept lat="57.504888" lon="12.450457"><ele>111.6</ele></rtept><rtept lat="57.504877" lon="12.450505"><ele>111.0</ele></rtept><rtept lat="57.504857" lon="12.450552"><ele>111.8</ele></rtept><rtept lat="57.504843" lon="12.4506"><ele>111.6</ele></rtept><rtept lat="57.504832" lon="12.450645"><ele>111.2</ele></rtept><rtept lat="57.504818" lon="12.45069"><ele>111.8</ele></rtept><rtept lat="57.5048" lon="12.450737"><ele>111.6</ele></rtept><rtept lat="57.504793" lon="12.450798"><ele>112.0</ele></rtept><rtept lat="57.50478" lon="12.450838"><ele>112.2</ele></rtept><rtept lat="57.50478" lon="12.450888"><ele>112.0</ele></rtept><rtept lat="57.50478" lon="12.450935"><ele>112.4</ele></rtept><rtept lat="57.504787" lon="12.450973"><ele>112.4</ele></rtept><rtept lat="57.504793" lon="12.451008"><ele>112.4</ele></rtept><rtept lat="57.504818" lon="12.451048"><ele>112.6</ele></rtept><rtept lat="57.504838" lon="12.451087"><ele>112.4</ele></rtept><rtept lat="57.504857" lon="12.451108"><ele>112.6</ele></rtept><rtept lat="57.504877" lon="12.45114"><ele>113.0</ele></rtept><rtept lat="57.504902" lon="12.451162"><ele>112.6</ele></rtept><rtept lat="57.504927" lon="12.451188"><ele>112.8</ele></rtept><rtept lat="57.504953" lon="12.451222"><ele>112.4</ele></rtept><rtept lat="57.504972" lon="12.451258"><ele>111.8</ele></rtept><rtept lat="57.504998" lon="12.451295"><ele>112.0</ele></rtept><rtept lat="57.505017" lon="12.451342"><ele>111.4</ele></rtept><rtept lat="57.505042" lon="12.451382"><ele>111.6</ele></rtept><rtept lat="57.505068" lon="12.451425"><ele>111.4</ele></rtept><rtept lat="57.505093" lon="12.451463"><ele>111.0</ele></rtept><rtept lat="57.505113" lon="12.4515"><ele>111.2</ele></rtept><rtept lat="57.505138" lon="12.451535"><ele>111.2</ele></rtept><rtept lat="57.505158" lon="12.451573"><ele>111.0</ele></rtept><rtept lat="57.505177" lon="12.451608"><ele>111.2</ele></rtept><rtept lat="57.505202" lon="12.451653"><ele>111.0</ele></rtept><rtept lat="57.505215" lon="12.451683"><ele>111.2</ele></rtept><rtept lat="57.505235" lon="12.45172"><ele>111.2</ele></rtept><rtept lat="57.505247" lon="12.451748"><ele>110.8</ele></rtept><rtept lat="57.505273" lon="12.451803"><ele>111.0</ele></rtept><rtept lat="57.505285" lon="12.451838"><ele>111.0</ele></rtept><rtept lat="57.505305" lon="12.451868"><ele>111.2</ele></rtept><rtept lat="57.505323" lon="12.451898"><ele>111.0</ele></rtept><rtept lat="57.505343" lon="12.451925"><ele>111.2</ele></rtept><rtept lat="57.505368" lon="12.451952"><ele>111.2</ele></rtept><rtept lat="57.505388" lon="12.451972"><ele>110.6</ele></rtept><rtept lat="57.505413" lon="12.451995"><ele>111.2</ele></rtept><rtept lat="57.50544" lon="12.452007"><ele>111.0</ele></rtept><rtept lat="57.505465" lon="12.452025"><ele>111.0</ele></rtept><rtept lat="57.505497" lon="12.45204"><ele>111.4</ele></rtept><rtept lat="57.505522" lon="12.452045"><ele>111.0</ele></rtept><rtept lat="57.505548" lon="12.452052"><ele>111.4</ele></rtept><rtept lat="57.505587" lon="12.452052"><ele>111.6</ele></rtept><rtept lat="57.505612" lon="12.452045"><ele>111.4</ele></rtept><rtept lat="57.505643" lon="12.452045"><ele>111.8</ele></rtept><rtept lat="57.505663" lon="12.45205"><ele>111.6</ele></rtept><rtept lat="57.505695" lon="12.452045"><ele>111.6</ele></rtept><rtept lat="57.505727" lon="12.452038"><ele>112.0</ele></rtept><rtept lat="57.505753" lon="12.45203"><ele>111.8</ele></rtept><rtept lat="57.505785" lon="12.452025"><ele>112.4</ele></rtept><rtept lat="57.505817" lon="12.452017"><ele>112.8</ele></rtept><rtept lat="57.505848" lon="12.452015"><ele>112.6</ele></rtept><rtept lat="57.50588" lon="12.45201"><ele>113.0</ele></rtept><rtept lat="57.505907" lon="12.451995"><ele>112.8</ele></rtept><rtept lat="57.505932" lon="12.451985"><ele>112.4</ele></rtept><rtept lat="57.505958" lon="12.451982"><ele>112.6</ele></rtept><rtept lat="57.50599" lon="12.45198"><ele>112.4</ele></rtept><rtept lat="57.506015" lon="12.45198"><ele>112.6</ele></rtept><rtept lat="57.50604" lon="12.451985"><ele>113.0</ele></rtept><rtept lat="57.506078" lon="12.451992"><ele>112.6</ele></rtept><rtept lat="57.506105" lon="12.452007"><ele>113.0</ele></rtept><rtept lat="57.506123" lon="12.452025"><ele>113.0</ele></rtept><rtept lat="57.506162" lon="12.452047"><ele>112.8</ele></rtept><rtept lat="57.506188" lon="12.45207"><ele>113.2</ele></rtept><rtept lat="57.506207" lon="12.452085"><ele>112.8</ele></rtept><rtept lat="57.50624" lon="12.452103"><ele>113.0</ele></rtept><rtept lat="57.506258" lon="12.45212"><ele>113.2</ele></rtept><rtept lat="57.50629" lon="12.452143"><ele>113.0</ele></rtept><rtept lat="57.506322" lon="12.452178"><ele>113.4</ele></rtept><rtept lat="57.506348" lon="12.452203"><ele>113.6</ele></rtept><rtept lat="57.506373" lon="12.45223"><ele>113.4</ele></rtept><rtept lat="57.5064" lon="12.452248"><ele>113.6</ele></rtept><rtept lat="57.506425" lon="12.452265"><ele>113.6</ele></rtept><rtept lat="57.50645" lon="12.452285"><ele>113.4</ele></rtept><rtept lat="57.50647" lon="12.452303"><ele>113.6</ele></rtept><rtept lat="57.506502" lon="12.452318"><ele>113.4</ele></rtept><rtept lat="57.50652" lon="12.452323"><ele>113.6</ele></rtept><rtept lat="57.506553" lon="12.45233"><ele>113.8</ele></rtept><rtept lat="57.506578" lon="12.452338"><ele>113.6</ele></rtept><rtept lat="57.50661" lon="12.452347"><ele>114.2</ele></rtept><rtept lat="57.506637" lon="12.45235"><ele>114.4</ele></rtept><rtept lat="57.506668" lon="12.452355"><ele>114.2</ele></rtept><rtept lat="57.506693" lon="12.452355"><ele>114.6</ele></rtept><rtept lat="57.506725" lon="12.452348"><ele>114.6</ele></rtept><rtept lat="57.506745" lon="12.45234"><ele>114.4</ele></rtept><rtept lat="57.50677" lon="12.452338"><ele>114.6</ele></rtept><rtept lat="57.506797" lon="12.452342"><ele>114.4</ele></rtept><rtept lat="57.506822" lon="12.452348"><ele>114.6</ele></rtept><rtept lat="57.506847" lon="12.45236"><ele>114.8</ele></rtept><rtept lat="57.506867" lon="12.452368"><ele>114.4</ele></rtept><rtept lat="57.506898" lon="12.452378"><ele>114.6</ele></rtept><rtept lat="57.506918" lon="12.452387"><ele>114.8</ele></rtept><rtept lat="57.506943" lon="12.452395"><ele>114.6</ele></rtept><rtept lat="57.506968" lon="12.452407"><ele>114.8</ele></rtept><rtept lat="57.506995" lon="12.45242"><ele>114.8</ele></rtept><rtept lat="57.50702" lon="12.452442"><ele>114.4</ele></rtept><rtept lat="57.507045" lon="12.452472"><ele>114.8</ele></rtept><rtept lat="57.507065" lon="12.452507"><ele>114.6</ele></rtept><rtept lat="57.50709" lon="12.452553"><ele>114.4</ele></rtept><rtept lat="57.507103" lon="12.452593"><ele>114.6</ele></rtept><rtept lat="57.507103" lon="12.452647"><ele>114.4</ele></rtept><rtept lat="57.507103" lon="12.452705"><ele>114.2</ele></rtept><rtept lat="57.507097" lon="12.452763"><ele>114.4</ele></rtept><rtept lat="57.507083" lon="12.452823"><ele>114.2</ele></rtept><rtept lat="57.507078" lon="12.45287"><ele>114.2</ele></rtept><rtept lat="57.507072" lon="12.452923"><ele>114.6</ele></rtept><rtept lat="57.507058" lon="12.452973"><ele>114.2</ele></rtept><rtept lat="57.507045" lon="12.453028"><ele>114.6</ele></rtept><rtept lat="57.50704" lon="12.453082"><ele>114.8</ele></rtept><rtept lat="57.50702" lon="12.453137"><ele>114.6</ele></rtept><rtept lat="57.506995" lon="12.453218"><ele>114.8</ele></rtept><rtept lat="57.506982" lon="12.453267"><ele>114.6</ele></rtept><rtept lat="57.506975" lon="12.453312"><ele>114.8</ele></rtept><rtept lat="57.506982" lon="12.453352"><ele>114.6</ele></rtept><rtept lat="57.506982" lon="12.453402"><ele>114.6</ele></rtept><rtept lat="57.506982" lon="12.45345"><ele>114.8</ele></rtept><rtept lat="57.506988" lon="12.453497"><ele>114.4</ele></rtept><rtept lat="57.506982" lon="12.45355"><ele>114.6</ele></rtept><rtept lat="57.506988" lon="12.45361"><ele>114.8</ele></rtept><rtept lat="57.506995" lon="12.45366"><ele>114.2</ele></rtept><rtept lat="57.507" lon="12.45372"><ele>114.2</ele></rtept><rtept lat="57.507" lon="12.453775"><ele>114.2</ele></rtept><rtept lat="57.507" lon="12.453833"><ele>113.4</ele></rtept><rtept lat="57.507" lon="12.453887"><ele>113.4</ele></rtept><rtept lat="57.507" lon="12.453942"><ele>113.6</ele></rtept><rtept lat="57.507013" lon="12.453993"><ele>112.8</ele></rtept><rtept lat="57.50702" lon="12.454045"><ele>113.4</ele></rtept><rtept lat="57.507033" lon="12.454102"><ele>113.4</ele></rtept><rtept lat="57.50704" lon="12.454155"><ele>112.6</ele></rtept><rtept lat="57.50704" lon="12.45421"><ele>112.2</ele></rtept><rtept lat="57.507052" lon="12.454265"><ele>112.0</ele></rtept><rtept lat="57.507072" lon="12.454323"><ele>111.2</ele></rtept><rtept lat="57.507083" lon="12.454375"><ele>110.8</ele></rtept><rtept lat="57.507103" lon="12.454425"><ele>110.6</ele></rtept><rtept lat="57.507117" lon="12.454467"><ele>109.8</ele></rtept><rtept lat="57.507135" lon="12.454503"><ele>109.8</ele></rtept><rtept lat="57.507148" lon="12.454547"><ele>109.8</ele></rtept><rtept lat="57.507167" lon="12.454587"><ele>109.4</ele></rtept><rtept lat="57.507193" lon="12.454628"><ele>109.4</ele></rtept><rtept lat="57.507212" lon="12.454673"><ele>109.4</ele></rtept><rtept lat="57.507232" lon="12.454718"><ele>109.0</ele></rtept><rtept lat="57.507243" lon="12.45476"><ele>108.8</ele></rtept><rtept lat="57.507263" lon="12.4548"><ele>108.6</ele></rtept><rtept lat="57.507277" lon="12.454845"><ele>108.2</ele></rtept><rtept lat="57.507295" lon="12.45488"><ele>107.8</ele></rtept><rtept lat="57.507302" lon="12.45492"><ele>107.8</ele></rtept><rtept lat="57.507315" lon="12.454977"><ele>107.4</ele></rtept><rtept lat="57.507327" lon="12.455043"><ele>107.0</ele></rtept><rtept lat="57.507327" lon="12.455088"><ele>107.2</ele></rtept><rtept lat="57.50732" lon="12.455135"><ele>106.6</ele></rtept><rtept lat="57.50732" lon="12.455178"><ele>106.2</ele></rtept><rtept lat="57.507327" lon="12.45522"><ele>106.4</ele></rtept><rtept lat="57.507333" lon="12.455277"><ele>105.8</ele></rtept><rtept lat="57.507333" lon="12.455317"><ele>105.6</ele></rtept><rtept lat="57.50734" lon="12.455362"><ele>105.6</ele></rtept><rtept lat="57.507353" lon="12.455412"><ele>105.0</ele></rtept><rtept lat="57.507358" lon="12.455458"><ele>105.0</ele></rtept><rtept lat="57.507372" lon="12.455507"><ele>105.0</ele></rtept><rtept lat="57.507372" lon="12.45556"><ele>104.4</ele></rtept><rtept lat="57.507378" lon="12.455615"><ele>104.6</ele></rtept><rtept lat="57.507378" lon="12.455668"><ele>104.4</ele></rtept><rtept lat="57.507385" lon="12.45572"><ele>103.6</ele></rtept><rtept lat="57.507392" lon="12.455783"><ele>104.0</ele></rtept><rtept lat="57.507398" lon="12.455843"><ele>103.8</ele></rtept><rtept lat="57.507398" lon="12.455895"><ele>103.0</ele></rtept><rtept lat="57.507403" lon="12.455943"><ele>103.2</ele></rtept><rtept lat="57.50741" lon="12.455993"><ele>102.6</ele></rtept><rtept lat="57.507417" lon="12.456052"><ele>102.2</ele></rtept><rtept lat="57.507417" lon="12.456097"><ele>102.4</ele></rtept><rtept lat="57.507423" lon="12.456145"><ele>102.2</ele></rtept><rtept lat="57.50743" lon="12.4562"><ele>102.2</ele></rtept><rtept lat="57.507437" lon="12.456255"><ele>102.0</ele></rtept><rtept lat="57.507437" lon="12.456305"><ele>101.4</ele></rtept><rtept lat="57.507442" lon="12.45636"><ele>101.6</ele></rtept><rtept lat="57.507448" lon="12.456415"><ele>101.2</ele></rtept><rtept lat="57.507448" lon="12.45647"><ele>100.8</ele></rtept><rtept lat="57.507455" lon="12.456533"><ele>101.2</ele></rtept><rtept lat="57.507462" lon="12.456595"><ele>100.8</ele></rtept><rtept lat="57.507462" lon="12.456652"><ele>100.4</ele></rtept><rtept lat="57.507462" lon="12.456707"><ele>100.8</ele></rtept><rtept lat="57.507462" lon="12.45676"><ele>100.2</ele></rtept><rtept lat="57.507462" lon="12.456813"><ele>100.4</ele></rtept><rtept lat="57.507462" lon="12.456872"><ele>100.4</ele></rtept><rtept lat="57.507455" lon="12.456922"><ele>100.0</ele></rtept><rtept lat="57.507442" lon="12.45698"><ele>100.0</ele></rtept><rtept lat="57.507442" lon="12.457035"><ele>100.0</ele></rtept><rtept lat="57.507442" lon="12.4571"><ele>99.4</ele></rtept><rtept lat="57.507442" lon="12.457178"><ele>100.0</ele></rtept><rtept lat="57.507455" lon="12.45724"><ele>99.8</ele></rtept><rtept lat="57.507462" lon="12.457282"><ele>100.2</ele></rtept><rtept lat="57.507475" lon="12.457318"><ele>100.4</ele></rtept><rtept lat="57.507493" lon="12.457343"><ele>99.8</ele></rtept><rtept lat="57.507513" lon="12.457363"><ele>100.4</ele></rtept><rtept lat="57.507538" lon="12.457382"><ele>100.2</ele></rtept><rtept lat="57.50757" lon="12.457403"><ele>99.6</ele></rtept><rtept lat="57.507597" lon="12.45742"><ele>100.0</ele></rtept><rtept lat="57.507622" lon="12.457433"><ele>99.4</ele></rtept><rtept lat="57.507647" lon="12.457443"><ele>99.8</ele></rtept><rtept lat="57.507673" lon="12.457463"><ele>100.0</ele></rtept><rtept lat="57.507698" lon="12.45748"><ele>99.6</ele></rtept><rtept lat="57.50773" lon="12.457505"><ele>100.2</ele></rtept><rtept lat="57.50775" lon="12.45753"><ele>100.0</ele></rtept><rtept lat="57.507775" lon="12.457558"><ele>100.0</ele></rtept><rtept lat="57.5078" lon="12.4576"><ele>100.4</ele></rtept><rtept lat="57.50782" lon="12.457637"><ele>100.2</ele></rtept><rtept lat="57.507845" lon="12.457677"><ele>100.2</ele></rtept><rtept lat="57.507865" lon="12.457717"><ele>100.4</ele></rtept><rtept lat="57.507883" lon="12.457757"><ele>100.2</ele></rtept><rtept lat="57.507897" lon="12.4578"><ele>100.6</ele></rtept><rtept lat="57.507917" lon="12.457845"><ele>100.6</ele></rtept><rtept lat="57.507935" lon="12.457895"><ele>100.2</ele></rtept><rtept lat="57.507948" lon="12.457948"><ele>100.6</ele></rtept><rtept lat="57.507967" lon="12.458"><ele>100.6</ele></rtept><rtept lat="57.507973" lon="12.458057"><ele>100.0</ele></rtept><rtept lat="57.50798" lon="12.458113"><ele>100.4</ele></rtept><rtept lat="57.507987" lon="12.458168"><ele>100.0</ele></rtept><rtept lat="57.508" lon="12.458232"><ele>99.8</ele></rtept><rtept lat="57.508005" lon="12.458287"><ele>99.6</ele></rtept><rtept lat="57.508012" lon="12.458342"><ele>99.2</ele></rtept><rtept lat="57.508018" lon="12.458395"><ele>99.4</ele></rtept><rtept lat="57.508032" lon="12.45844"><ele>99.4</ele></rtept><rtept lat="57.508038" lon="12.45848"><ele>99.0</ele></rtept><rtept lat="57.50805" lon="12.45852"><ele>99.2</ele></rtept><rtept lat="57.508057" lon="12.45856"><ele>99.0</ele></rtept><rtept lat="57.508077" lon="12.458628"><ele>99.0</ele></rtept><rtept lat="57.508088" lon="12.458662"><ele>98.6</ele></rtept><rtept lat="57.508095" lon="12.458702"><ele>98.6</ele></rtept><rtept lat="57.508108" lon="12.458747"><ele>98.6</ele></rtept><rtept lat="57.508115" lon="12.458787"><ele>98.2</ele></rtept><rtept lat="57.508127" lon="12.458828"><ele>98.4</ele></rtept><rtept lat="57.508133" lon="12.458873"><ele>98.2</ele></rtept><rtept lat="57.508147" lon="12.458913"><ele>98.0</ele></rtept><rtept lat="57.508153" lon="12.45895"><ele>98.4</ele></rtept><rtept lat="57.508165" lon="12.458987"><ele>98.0</ele></rtept><rtept lat="57.508165" lon="12.459022"><ele>98.2</ele></rtept><rtept lat="57.508165" lon="12.45906"><ele>98.2</ele></rtept><rtept lat="57.508153" lon="12.459085"><ele>97.8</ele></rtept><rtept lat="57.508147" lon="12.459127"><ele>97.6</ele></rtept><rtept lat="57.508127" lon="12.45917"><ele>97.4</ele></rtept><rtept lat="57.508108" lon="12.45919"><ele>97.6</ele></rtept><rtept lat="57.508095" lon="12.459217"><ele>97.0</ele></rtept><rtept lat="57.508082" lon="12.459243"><ele>97.0</ele></rtept><rtept lat="57.508057" lon="12.459288"><ele>96.2</ele></rtept><rtept lat="57.508032" lon="12.45934"><ele>95.4</ele></rtept><rtept lat="57.508018" lon="12.459365"><ele>95.0</ele></rtept><rtept lat="57.508" lon="12.459415"><ele>94.6</ele></rtept><rtept lat="57.507993" lon="12.459462"><ele>94.4</ele></rtept><rtept lat="57.507993" lon="12.459497"><ele>93.8</ele></rtept><rtept lat="57.507993" lon="12.45954"><ele>93.6</ele></rtept><rtept lat="57.507993" lon="12.459593"><ele>93.8</ele></rtept><rtept lat="57.507987" lon="12.459658"><ele>93.4</ele></rtept><rtept lat="57.507973" lon="12.459725"><ele>93.4</ele></rtept><rtept lat="57.507967" lon="12.459798"><ele>93.6</ele></rtept><rtept lat="57.50796" lon="12.45987"><ele>93.2</ele></rtept><rtept lat="57.507955" lon="12.459917"><ele>93.4</ele></rtept><rtept lat="57.507955" lon="12.45995"><ele>93.2</ele></rtept><rtept lat="57.507948" lon="12.460025"><ele>93.0</ele></rtept><rtept lat="57.507948" lon="12.460063"><ele>92.8</ele></rtept><rtept lat="57.507935" lon="12.460115"><ele>92.4</ele></rtept><rtept lat="57.507917" lon="12.46016"><ele>92.4</ele></rtept><rtept lat="57.507897" lon="12.4602"><ele>92.2</ele></rtept><rtept lat="57.507872" lon="12.460243"><ele>91.8</ele></rtept><rtept lat="57.507858" lon="12.460293"><ele>92.2</ele></rtept><rtept lat="57.507845" lon="12.46033"><ele>92.0</ele></rtept><rtept lat="57.507833" lon="12.460365"><ele>92.4</ele></rtept><rtept lat="57.507833" lon="12.4604"><ele>92.6</ele></rtept><rtept lat="57.50782" lon="12.460437"><ele>92.4</ele></rtept><rtept lat="57.507807" lon="12.460467"><ele>93.0</ele></rtept><rtept lat="57.507795" lon="12.460505"><ele>93.4</ele></rtept><rtept lat="57.507775" lon="12.460535"><ele>93.2</ele></rtept><rtept lat="57.507768" lon="12.46057"><ele>93.4</ele></rtept><rtept lat="57.507768" lon="12.460605"><ele>93.6</ele></rtept><rtept lat="57.507757" lon="12.460645"><ele>93.4</ele></rtept><rtept lat="57.50775" lon="12.460685"><ele>93.6</ele></rtept><rtept lat="57.50775" lon="12.460725"><ele>93.6</ele></rtept><rtept lat="57.50775" lon="12.460763"><ele>93.4</ele></rtept><rtept lat="57.50775" lon="12.460807"><ele>93.8</ele></rtept><rtept lat="57.507757" lon="12.460847"><ele>93.6</ele></rtept><rtept lat="57.507762" lon="12.460893"><ele>93.6</ele></rtept><rtept lat="57.507768" lon="12.460942"><ele>93.8</ele></rtept><rtept lat="57.507775" lon="12.460992"><ele>93.4</ele></rtept><rtept lat="57.507788" lon="12.461047"><ele>93.6</ele></rtept><rtept lat="57.507795" lon="12.461117"><ele>93.8</ele></rtept><rtept lat="57.507807" lon="12.461192"><ele>93.4</ele></rtept><rtept lat="57.50782" lon="12.461263"><ele>93.8</ele></rtept><rtept lat="57.50782" lon="12.461328"><ele>93.4</ele></rtept><rtept lat="57.507827" lon="12.461388"><ele>93.4</ele></rtept><rtept lat="57.507833" lon="12.461443"><ele>93.6</ele></rtept><rtept lat="57.507858" lon="12.461495"><ele>93.2</ele></rtept><rtept lat="57.507872" lon="12.461547"><ele>93.4</ele></rtept><rtept lat="57.507883" lon="12.461602"><ele>93.6</ele></rtept><rtept lat="57.507883" lon="12.461648"><ele>93.2</ele></rtept><rtept lat="57.507883" lon="12.461698"><ele>93.4</ele></rtept><rtept lat="57.507883" lon="12.461747"><ele>93.4</ele></rtept><rtept lat="57.50789" lon="12.461805"><ele>93.0</ele></rtept><rtept lat="57.507897" lon="12.461877"><ele>93.2</ele></rtept><rtept lat="57.507897" lon="12.461925"><ele>93.2</ele></rtept><rtept lat="57.507897" lon="12.461983"><ele>92.6</ele></rtept><rtept lat="57.507897" lon="12.462048"><ele>92.8</ele></rtept><rtept lat="57.507897" lon="12.462115"><ele>92.6</ele></rtept><rtept lat="57.507897" lon="12.462182"><ele>92.2</ele></rtept><rtept lat="57.507903" lon="12.462247"><ele>92.4</ele></rtept><rtept lat="57.507903" lon="12.462322"><ele>92.0</ele></rtept><rtept lat="57.50791" lon="12.46236"><ele>92.0</ele></rtept><rtept lat="57.507917" lon="12.4624"><ele>92.0</ele></rtept><rtept lat="57.507917" lon="12.462445"><ele>91.8</ele></rtept><rtept lat="57.507922" lon="12.462485"><ele>92.0</ele></rtept><rtept lat="57.507928" lon="12.462552"><ele>92.2</ele></rtept><rtept lat="57.507935" lon="12.462595"><ele>92.0</ele></rtept><rtept lat="57.507948" lon="12.46264"><ele>91.6</ele></rtept><rtept lat="57.507955" lon="12.46268"><ele>92.0</ele></rtept><rtept lat="57.507973" lon="12.462723"><ele>91.8</ele></rtept><rtept lat="57.507993" lon="12.462753"><ele>91.8</ele></rtept><rtept lat="57.508012" lon="12.462783"><ele>92.0</ele></rtept><rtept lat="57.508032" lon="12.462838"><ele>92.2</ele></rtept><rtept lat="57.508057" lon="12.462888"><ele>92.0</ele></rtept><rtept lat="57.50807" lon="12.462915"><ele>92.4</ele></rtept><rtept lat="57.508095" lon="12.46296"><ele>91.8</ele></rtept><rtept lat="57.508115" lon="12.462983"><ele>92.0</ele></rtept><rtept lat="57.508133" lon="12.463008"><ele>92.0</ele></rtept><rtept lat="57.508147" lon="12.463033"><ele>92.0</ele></rtept><rtept lat="57.508172" lon="12.463058"><ele>92.2</ele></rtept><rtept lat="57.508198" lon="12.463093"><ele>92.0</ele></rtept><rtept lat="57.50823" lon="12.463137"><ele>91.8</ele></rtept><rtept lat="57.508268" lon="12.463185"><ele>92.0</ele></rtept><rtept lat="57.508307" lon="12.463222"><ele>91.6</ele></rtept><rtept lat="57.508352" lon="12.463272"><ele>91.6</ele></rtept><rtept lat="57.50839" lon="12.463317"><ele>91.8</ele></rtept><rtept lat="57.508428" lon="12.46336"><ele>91.4</ele></rtept><rtept lat="57.50846" lon="12.46341"><ele>91.4</ele></rtept><rtept lat="57.508492" lon="12.463455"><ele>91.2</ele></rtept><rtept lat="57.50853" lon="12.463508"><ele>91.0</ele></rtept><rtept lat="57.508582" lon="12.46357"><ele>91.0</ele></rtept><rtept lat="57.508588" lon="12.463642"><ele>90.4</ele></rtept><rtept lat="57.508595" lon="12.463707"><ele>90.0</ele></rtept><rtept lat="57.508607" lon="12.463772"><ele>90.0</ele></rtept><rtept lat="57.508607" lon="12.463832"><ele>89.8</ele></rtept><rtept lat="57.508607" lon="12.463885"><ele>89.2</ele></rtept><rtept lat="57.508613" lon="12.463932"><ele>89.4</ele></rtept><rtept lat="57.508613" lon="12.46398"><ele>88.6</ele></rtept><rtept lat="57.508627" lon="12.464017"><ele>88.0</ele></rtept><rtept lat="57.508627" lon="12.464057"><ele>88.2</ele></rtept><rtept lat="57.508607" lon="12.4641"><ele>87.6</ele></rtept><rtept lat="57.5086" lon="12.46415"><ele>87.4</ele></rtept><rtept lat="57.508588" lon="12.46418"><ele>87.4</ele></rtept><rtept lat="57.508568" lon="12.464225"><ele>87.0</ele></rtept><rtept lat="57.50855" lon="12.464258"><ele>86.6</ele></rtept><rtept lat="57.50853" lon="12.464282"><ele>86.8</ele></rtept><rtept lat="57.508505" lon="12.464298"><ele>86.4</ele></rtept><rtept lat="57.50848" lon="12.464313"><ele>86.6</ele></rtept><rtept lat="57.508453" lon="12.464333"><ele>86.8</ele></rtept><rtept lat="57.508435" lon="12.464353"><ele>86.4</ele></rtept><rtept lat="57.508415" lon="12.464373"><ele>86.8</ele></rtept><rtept lat="57.50839" lon="12.464392"><ele>86.8</ele></rtept><rtept lat="57.50837" lon="12.464403"><ele>86.6</ele></rtept><rtept lat="57.508338" lon="12.464432"><ele>86.8</ele></rtept><rtept lat="57.50832" lon="12.464447"><ele>86.2</ele></rtept><rtept lat="57.508293" lon="12.464467"><ele>86.2</ele></rtept><rtept lat="57.508275" lon="12.464473"><ele>86.2</ele></rtept><rtept lat="57.508255" lon="12.46448"><ele>85.8</ele></rtept><rtept lat="57.508237" lon="12.464483"><ele>85.6</ele></rtept><rtept lat="57.508217" lon="12.464502"><ele>85.4</ele></rtept><rtept lat="57.508198" lon="12.464522"><ele>84.8</ele></rtept><rtept lat="57.508172" lon="12.46455"><ele>84.6</ele></rtept><rtept lat="57.508153" lon="12.46456"><ele>84.6</ele></rtept><rtept lat="57.50812" lon="12.464585"><ele>84.0</ele></rtept><rtept lat="57.508095" lon="12.464625"><ele>83.6</ele></rtept><rtept lat="57.50807" lon="12.464638"><ele>83.6</ele></rtept><rtept lat="57.508038" lon="12.4647"><ele>83.0</ele></rtept><rtept lat="57.508" lon="12.464763"><ele>83.2</ele></rtept><rtept lat="57.50798" lon="12.464777"><ele>82.6</ele></rtept><rtept lat="57.507955" lon="12.464797"><ele>82.2</ele></rtept><rtept lat="57.507928" lon="12.464825"><ele>82.4</ele></rtept><rtept lat="57.50791" lon="12.46486"><ele>82.0</ele></rtept><rtept lat="57.50789" lon="12.4649"><ele>82.0</ele></rtept><rtept lat="57.507878" lon="12.464928"><ele>82.2</ele></rtept><rtept lat="57.507852" lon="12.46496"><ele>81.8</ele></rtept><rtept lat="57.507833" lon="12.464987"><ele>82.0</ele></rtept><rtept lat="57.507813" lon="12.465022"><ele>81.6</ele></rtept><rtept lat="57.507795" lon="12.465055"><ele>81.2</ele></rtept><rtept lat="57.507788" lon="12.465088"><ele>81.4</ele></rtept><rtept lat="57.507768" lon="12.465137"><ele>81.2</ele></rtept><rtept lat="57.50775" lon="12.465177"><ele>81.2</ele></rtept><rtept lat="57.507737" lon="12.465222"><ele>81.6</ele></rtept><rtept lat="57.50773" lon="12.465277"><ele>81.0</ele></rtept><rtept lat="57.507718" lon="12.465322"><ele>81.4</ele></rtept><rtept lat="57.507698" lon="12.465362"><ele>81.0</ele></rtept><rtept lat="57.50768" lon="12.4654"><ele>80.8</ele></rtept><rtept lat="57.50766" lon="12.465447"><ele>81.2</ele></rtept><rtept lat="57.507653" lon="12.465493"><ele>81.0</ele></rtept><rtept lat="57.507635" lon="12.465548"><ele>80.8</ele></rtept><rtept lat="57.507622" lon="12.4656"><ele>81.4</ele></rtept><rtept lat="57.507622" lon="12.46564"><ele>80.8</ele></rtept><rtept lat="57.507615" lon="12.465685"><ele>80.6</ele></rtept><rtept lat="57.507597" lon="12.465742"><ele>80.8</ele></rtept><rtept lat="57.50759" lon="12.46578"><ele>80.4</ele></rtept><rtept lat="57.507577" lon="12.465818"><ele>80.4</ele></rtept><rtept lat="57.507577" lon="12.465852"><ele>80.8</ele></rtept><rtept lat="57.50759" lon="12.465918"><ele>80.4</ele></rtept><rtept lat="57.507597" lon="12.465967"><ele>80.4</ele></rtept><rtept lat="57.507597" lon="12.466005"><ele>80.0</ele></rtept><rtept lat="57.507602" lon="12.466038"><ele>79.8</ele></rtept><rtept lat="57.507608" lon="12.466072"><ele>79.8</ele></rtept><rtept lat="57.507608" lon="12.466115"><ele>79.4</ele></rtept><rtept lat="57.507615" lon="12.46616"><ele>79.2</ele></rtept><rtept lat="57.507615" lon="12.46621"><ele>79.4</ele></rtept><rtept lat="57.507615" lon="12.46627"><ele>79.0</ele></rtept><rtept lat="57.507615" lon="12.46634"><ele>78.6</ele></rtept><rtept lat="57.507615" lon="12.46642"><ele>78.8</ele></rtept><rtept lat="57.507608" lon="12.466503"><ele>78.2</ele></rtept><rtept lat="57.507608" lon="12.466617"><ele>78.0</ele></rtept><rtept lat="57.507608" lon="12.466732"><ele>78.2</ele></rtept><rtept lat="57.507602" lon="12.466815"><ele>77.6</ele></rtept><rtept lat="57.507597" lon="12.466855"><ele>78.0</ele></rtept><rtept lat="57.507597" lon="12.466903"><ele>77.6</ele></rtept><rtept lat="57.507608" lon="12.46697"><ele>77.2</ele></rtept><rtept lat="57.507622" lon="12.467022"><ele>78.0</ele></rtept><rtept lat="57.50764" lon="12.467093"><ele>77.4</ele></rtept><rtept lat="57.50766" lon="12.467147"><ele>77.0</ele></rtept><rtept lat="57.50768" lon="12.467193"><ele>77.4</ele></rtept><rtept lat="57.507698" lon="12.467243"><ele>76.8</ele></rtept><rtept lat="57.50773" lon="12.467283"><ele>76.8</ele></rtept><rtept lat="57.507757" lon="12.46732"><ele>77.0</ele></rtept><rtept lat="57.507782" lon="12.467327"><ele>76.6</ele></rtept><rtept lat="57.507813" lon="12.467345"><ele>77.0</ele></rtept><rtept lat="57.507852" lon="12.467378"><ele>76.8</ele></rtept><rtept lat="57.507883" lon="12.467417"><ele>76.6</ele></rtept><rtept lat="57.50791" lon="12.467445"><ele>76.8</ele></rtept><rtept lat="57.507935" lon="12.46746"><ele>76.4</ele></rtept><rtept lat="57.507967" lon="12.467492"><ele>76.8</ele></rtept><rtept lat="57.507987" lon="12.46754"><ele>76.8</ele></rtept><rtept lat="57.508" lon="12.46758"><ele>76.8</ele></rtept><rtept lat="57.508012" lon="12.467643"><ele>77.0</ele></rtept><rtept lat="57.508032" lon="12.46773"><ele>77.2</ele></rtept><rtept lat="57.508043" lon="12.4678"><ele>76.6</ele></rtept><rtept lat="57.50807" lon="12.467852"><ele>77.0</ele></rtept><rtept lat="57.50807" lon="12.4679"><ele>76.6</ele></rtept><rtept lat="57.50807" lon="12.467957"><ele>76.2</ele></rtept><rtept lat="57.50805" lon="12.468028"><ele>76.6</ele></rtept><rtept lat="57.508043" lon="12.468102"><ele>76.2</ele></rtept><rtept lat="57.50805" lon="12.46816"><ele>75.8</ele></rtept><rtept lat="57.508063" lon="12.468217"><ele>76.0</ele></rtept><rtept lat="57.508077" lon="12.46827"><ele>75.6</ele></rtept><rtept lat="57.508082" lon="12.46832"><ele>75.4</ele></rtept><rtept lat="57.508082" lon="12.46836"><ele>75.4</ele></rtept><rtept lat="57.508082" lon="12.468408"><ele>74.4</ele></rtept><rtept lat="57.508077" lon="12.46846"><ele>74.0</ele></rtept><rtept lat="57.50807" lon="12.468495"><ele>74.2</ele></rtept><rtept lat="57.508057" lon="12.468542"><ele>73.8</ele></rtept><rtept lat="57.508038" lon="12.468578"><ele>73.6</ele></rtept><rtept lat="57.508018" lon="12.46862"><ele>73.6</ele></rtept><rtept lat="57.507993" lon="12.468653"><ele>73.0</ele></rtept><rtept lat="57.507973" lon="12.468693"><ele>72.6</ele></rtept><rtept lat="57.507948" lon="12.468727"><ele>72.6</ele></rtept><rtept lat="57.507935" lon="12.468758"><ele>72.0</ele></rtept><rtept lat="57.507922" lon="12.46881"><ele>72.0</ele></rtept><rtept lat="57.507917" lon="12.46887"><ele>71.2</ele></rtept><rtept lat="57.507917" lon="12.468912"><ele>71.0</ele></rtept><rtept lat="57.507917" lon="12.468963"><ele>70.6</ele></rtept><rtept lat="57.507903" lon="12.469028"><ele>70.4</ele></rtept><rtept lat="57.507903" lon="12.469068"><ele>69.8</ele></rtept><rtept lat="57.507897" lon="12.469115"><ele>70.0</ele></rtept><rtept lat="57.507903" lon="12.469162"><ele>70.0</ele></rtept><rtept lat="57.50791" lon="12.469235"><ele>70.4</ele></rtept><rtept lat="57.507917" lon="12.469282"><ele>70.0</ele></rtept><rtept lat="57.507917" lon="12.469323"><ele>70.4</ele></rtept><rtept lat="57.507922" lon="12.469363"><ele>70.6</ele></rtept><rtept lat="57.507928" lon="12.469397"><ele>70.6</ele></rtept><rtept lat="57.507928" lon="12.469448"><ele>71.0</ele></rtept><rtept lat="57.507928" lon="12.469495"><ele>71.0</ele></rtept><rtept lat="57.507948" lon="12.469538"><ele>70.8</ele></rtept><rtept lat="57.50796" lon="12.469587"><ele>71.2</ele></rtept><rtept lat="57.507973" lon="12.469637"><ele>71.2</ele></rtept><rtept lat="57.507993" lon="12.469683"><ele>71.0</ele></rtept><rtept lat="57.508005" lon="12.46973"><ele>71.4</ele></rtept><rtept lat="57.508005" lon="12.469778"><ele>71.2</ele></rtept><rtept lat="57.508005" lon="12.469828"><ele>71.4</ele></rtept><rtept lat="57.508005" lon="12.469873"><ele>71.6</ele></rtept><rtept lat="57.508" lon="12.469918"><ele>71.4</ele></rtept><rtept lat="57.507993" lon="12.469968"><ele>71.6</ele></rtept><rtept lat="57.507993" lon="12.470012"><ele>71.2</ele></rtept><rtept lat="57.507973" lon="12.470077"><ele>71.2</ele></rtept><rtept lat="57.507967" lon="12.470113"><ele>70.6</ele></rtept><rtept lat="57.50796" lon="12.470145"><ele>71.0</ele></rtept><rtept lat="57.507955" lon="12.47022"><ele>70.6</ele></rtept><rtept lat="57.50796" lon="12.47026"><ele>70.6</ele></rtept><rtept lat="57.507967" lon="12.470307"><ele>70.2</ele></rtept><rtept lat="57.507967" lon="12.47036"><ele>69.8</ele></rtept><rtept lat="57.507973" lon="12.470417"><ele>70.2</ele></rtept><rtept lat="57.507987" lon="12.470463"><ele>69.6</ele></rtept><rtept lat="57.507993" lon="12.47051"><ele>69.6</ele></rtept><rtept lat="57.507993" lon="12.470558"><ele>69.6</ele></rtept><rtept lat="57.508" lon="12.470607"><ele>69.0</ele></rtept><rtept lat="57.508005" lon="12.470648"><ele>69.6</ele></rtept><rtept lat="57.508018" lon="12.470698"><ele>69.6</ele></rtept><rtept lat="57.508018" lon="12.47074"><ele>69.2</ele></rtept><rtept lat="57.508032" lon="12.470787"><ele>69.6</ele></rtept><rtept lat="57.508038" lon="12.470827"><ele>69.2</ele></rtept><rtept lat="57.50805" lon="12.470867"><ele>68.8</ele></rtept><rtept lat="57.508063" lon="12.470915"><ele>69.0</ele></rtept><rtept lat="57.508077" lon="12.470965"><ele>68.4</ele></rtept><rtept lat="57.508077" lon="12.47102"><ele>68.6</ele></rtept><rtept lat="57.50807" lon="12.471083"><ele>68.6</ele></rtept><rtept lat="57.50807" lon="12.471135"><ele>68.4</ele></rtept><rtept lat="57.508057" lon="12.47119"><ele>68.6</ele></rtept><rtept lat="57.508038" lon="12.471248"><ele>68.6</ele></rtept><rtept lat="57.508025" lon="12.471307"><ele>68.2</ele></rtept><rtept lat="57.508005" lon="12.471355"><ele>68.4</ele></rtept><rtept lat="57.508" lon="12.4714"><ele>68.2</ele></rtept><rtept lat="57.507987" lon="12.471448"><ele>67.8</ele></rtept><rtept lat="57.507973" lon="12.471503"><ele>68.0</ele></rtept><rtept lat="57.507955" lon="12.471547"><ele>67.8</ele></rtept><rtept lat="57.507942" lon="12.471595"><ele>67.8</ele></rtept><rtept lat="57.507935" lon="12.471635"><ele>67.8</ele></rtept><rtept lat="57.507917" lon="12.471685"><ele>67.2</ele></rtept><rtept lat="57.50791" lon="12.471725"><ele>67.4</ele></rtept><rtept lat="57.50791" lon="12.47178"><ele>67.4</ele></rtept><rtept lat="57.50791" lon="12.471823"><ele>67.0</ele></rtept><rtept lat="57.50791" lon="12.47187"><ele>67.2</ele></rtept><rtept lat="57.507917" lon="12.47193"><ele>67.0</ele></rtept><rtept lat="57.507922" lon="12.471983"><ele>67.0</ele></rtept><rtept lat="57.507928" lon="12.47203"><ele>67.2</ele></rtept><rtept lat="57.507928" lon="12.472082"><ele>67.0</ele></rtept><rtept lat="57.507928" lon="12.472132"><ele>67.0</ele></rtept><rtept lat="57.507935" lon="12.47218"><ele>67.2</ele></rtept><rtept lat="57.507942" lon="12.472227"><ele>67.0</ele></rtept><rtept lat="57.507942" lon="12.472267"><ele>67.4</ele></rtept><rtept lat="57.507948" lon="12.472318"><ele>67.4</ele></rtept><rtept lat="57.507948" lon="12.47237"><ele>67.2</ele></rtept><rtept lat="57.507955" lon="12.472422"><ele>67.4</ele></rtept><rtept lat="57.507955" lon="12.472485"><ele>67.2</ele></rtept><rtept lat="57.507967" lon="12.47254"><ele>67.0</ele></rtept><rtept lat="57.50798" lon="12.4726"><ele>67.2</ele></rtept><rtept lat="57.507993" lon="12.472655"><ele>67.0</ele></rtept><rtept lat="57.508005" lon="12.472713"><ele>66.8</ele></rtept><rtept lat="57.508012" lon="12.472758"><ele>67.0</ele></rtept><rtept lat="57.508012" lon="12.472813"><ele>66.6</ele></rtept><rtept lat="57.508005" lon="12.472852"><ele>66.8</ele></rtept><rtept lat="57.507993" lon="12.472902"><ele>67.0</ele></rtept><rtept lat="57.507987" lon="12.472947"><ele>66.6</ele></rtept><rtept lat="57.507973" lon="12.472987"><ele>67.0</ele></rtept><rtept lat="57.507967" lon="12.47303"><ele>67.2</ele></rtept><rtept lat="57.507955" lon="12.4731"><ele>67.2</ele></rtept><rtept lat="57.507948" lon="12.473135"><ele>67.2</ele></rtept><rtept lat="57.507942" lon="12.473172"><ele>66.8</ele></rtept><rtept lat="57.507935" lon="12.47325"><ele>67.0</ele></rtept><rtept lat="57.507928" lon="12.473303"><ele>67.2</ele></rtept><rtept lat="57.507917" lon="12.473338"><ele>67.4</ele></rtept><rtept lat="57.507917" lon="12.473375"><ele>67.2</ele></rtept><rtept lat="57.507917" lon="12.47341"><ele>67.6</ele></rtept><rtept lat="57.50791" lon="12.473453"><ele>67.8</ele></rtept><rtept lat="57.507897" lon="12.473487"><ele>67.8</ele></rtept><rtept lat="57.507883" lon="12.473513"><ele>68.2</ele></rtept><rtept lat="57.507872" lon="12.473547"><ele>68.2</ele></rtept><rtept lat="57.507852" lon="12.4736"><ele>68.0</ele></rtept><rtept lat="57.507845" lon="12.47366"><ele>68.2</ele></rtept><rtept lat="57.507833" lon="12.473732"><ele>68.0</ele></rtept><rtept lat="57.507827" lon="12.473802"><ele>68.6</ele></rtept><rtept lat="57.50782" lon="12.47388"><ele>68.6</ele></rtept><rtept lat="57.507807" lon="12.47396"><ele>68.6</ele></rtept><rtept lat="57.5078" lon="12.474035"><ele>69.2</ele></rtept><rtept lat="57.507795" lon="12.474142"><ele>69.2</ele></rtept><rtept lat="57.507795" lon="12.47422"><ele>69.2</ele></rtept><rtept lat="57.507788" lon="12.474333"><ele>69.4</ele></rtept><rtept lat="57.507788" lon="12.474417"><ele>69.4</ele></rtept><rtept lat="57.507795" lon="12.474478"><ele>69.8</ele></rtept><rtept lat="57.507795" lon="12.47453"><ele>70.0</ele></rtept><rtept lat="57.507768" lon="12.474585"><ele>69.8</ele></rtept><rtept lat="57.507737" lon="12.474625"><ele>70.2</ele></rtept><rtept lat="57.507718" lon="12.47467"><ele>70.2</ele></rtept><rtept lat="57.507705" lon="12.474723"><ele>70.0</ele></rtept><rtept lat="57.507692" lon="12.47478"><ele>70.2</ele></rtept><rtept lat="57.50768" lon="12.474838"><ele>70.2</ele></rtept><rtept lat="57.50766" lon="12.474867"><ele>70.4</ele></rtept><rtept lat="57.50764" lon="12.474908"><ele>70.4</ele></rtept><rtept lat="57.507615" lon="12.474953"><ele>70.2</ele></rtept><rtept lat="57.507608" lon="12.474992"><ele>70.6</ele></rtept><rtept lat="57.507577" lon="12.475042"><ele>71.0</ele></rtept><rtept lat="57.507558" lon="12.475092"><ele>70.8</ele></rtept><rtept lat="57.507532" lon="12.475132"><ele>71.2</ele></rtept><rtept lat="57.507513" lon="12.475165"><ele>71.0</ele></rtept><rtept lat="57.507513" lon="12.4752"><ele>71.2</ele></rtept><rtept lat="57.5075" lon="12.47526"><ele>71.2</ele></rtept><rtept lat="57.507475" lon="12.475333"><ele>71.6</ele></rtept><rtept lat="57.507448" lon="12.47537"><ele>72.0</ele></rtept><rtept lat="57.50743" lon="12.475388"><ele>72.2</ele></rtept><rtept lat="57.507423" lon="12.47543"><ele>72.8</ele></rtept><rtept lat="57.507403" lon="12.475475"><ele>73.0</ele></rtept><rtept lat="57.507385" lon="12.475508"><ele>73.6</ele></rtept><rtept lat="57.507365" lon="12.475562"><ele>74.2</ele></rtept><rtept lat="57.507353" lon="12.475593"><ele>74.2</ele></rtept><rtept lat="57.507353" lon="12.475633"><ele>74.2</ele></rtept><rtept lat="57.507347" lon="12.475673"><ele>74.6</ele></rtept><rtept lat="57.507353" lon="12.475708"><ele>74.6</ele></rtept><rtept lat="57.507372" lon="12.475777"><ele>75.0</ele></rtept><rtept lat="57.507385" lon="12.4758"><ele>75.0</ele></rtept><rtept lat="57.507403" lon="12.475835"><ele>75.0</ele></rtept><rtept lat="57.507417" lon="12.475867"><ele>75.4</ele></rtept><rtept lat="57.50743" lon="12.475902"><ele>75.4</ele></rtept><rtept lat="57.507423" lon="12.475938"><ele>75.8</ele></rtept><rtept lat="57.507417" lon="12.47598"><ele>76.0</ele></rtept><rtept lat="57.50741" lon="12.476023"><ele>75.8</ele></rtept><rtept lat="57.507403" lon="12.476063"><ele>76.4</ele></rtept><rtept lat="57.507398" lon="12.476098"><ele>76.6</ele></rtept><rtept lat="57.507403" lon="12.47615"><ele>77.0</ele></rtept><rtept lat="57.507403" lon="12.476185"><ele>77.0</ele></rtept><rtept lat="57.507403" lon="12.476228"><ele>77.0</ele></rtept><rtept lat="57.50741" lon="12.476263"><ele>77.4</ele></rtept><rtept lat="57.50741" lon="12.4763"><ele>77.4</ele></rtept><rtept lat="57.50741" lon="12.476333"><ele>77.6</ele></rtept><rtept lat="57.50741" lon="12.476392"><ele>78.0</ele></rtept><rtept lat="57.507417" lon="12.476427"><ele>79.0</ele></rtept><rtept lat="57.507403" lon="12.476465"><ele>79.4</ele></rtept><rtept lat="57.507392" lon="12.476532"><ele>79.6</ele></rtept><rtept lat="57.507378" lon="12.47657"><ele>80.0</ele></rtept><rtept lat="57.507372" lon="12.476612"><ele>80.0</ele></rtept><rtept lat="57.507372" lon="12.476645"><ele>80.0</ele></rtept><rtept lat="57.507365" lon="12.476705"><ele>80.4</ele></rtept><rtept lat="57.507353" lon="12.47675"><ele>80.2</ele></rtept><rtept lat="57.50734" lon="12.4768"><ele>80.4</ele></rtept><rtept lat="57.507333" lon="12.476855"><ele>80.4</ele></rtept><rtept lat="57.507333" lon="12.476902"><ele>80.6</ele></rtept><rtept lat="57.50732" lon="12.476943"><ele>80.8</ele></rtept><rtept lat="57.507315" lon="12.476982"><ele>80.6</ele></rtept><rtept lat="57.507302" lon="12.477022"><ele>80.8</ele></rtept><rtept lat="57.507288" lon="12.477067"><ele>81.0</ele></rtept><rtept lat="57.507277" lon="12.477117"><ele>80.8</ele></rtept><rtept lat="57.507263" lon="12.477167"><ele>81.2</ele></rtept><rtept lat="57.50725" lon="12.47722"><ele>81.2</ele></rtept><rtept lat="57.507238" lon="12.47729"><ele>81.0</ele></rtept><rtept lat="57.507232" lon="12.477365"><ele>81.2</ele></rtept><rtept lat="57.507218" lon="12.47745"><ele>81.2</ele></rtept><rtept lat="57.507218" lon="12.47753"><ele>81.4</ele></rtept><rtept lat="57.507212" lon="12.477602"><ele>81.4</ele></rtept><rtept lat="57.507212" lon="12.477668"><ele>81.2</ele></rtept><rtept lat="57.507218" lon="12.47776"><ele>81.6</ele></rtept><rtept lat="57.507225" lon="12.477847"><ele>81.6</ele></rtept><rtept lat="57.507212" lon="12.47794"><ele>81.4</ele></rtept><rtept lat="57.5072" lon="12.47803"><ele>81.8</ele></rtept><rtept lat="57.507193" lon="12.47812"><ele>81.8</ele></rtept><rtept lat="57.507193" lon="12.47821"><ele>81.8</ele></rtept><rtept lat="57.50718" lon="12.478308"><ele>82.0</ele></rtept><rtept lat="57.50716" lon="12.478407"><ele>82.0</ele></rtept><rtept lat="57.507142" lon="12.478488"><ele>82.4</ele></rtept><rtept lat="57.507135" lon="12.47856"><ele>82.6</ele></rtept><rtept lat="57.507117" lon="12.478587"><ele>82.8</ele></rtept><rtept lat="57.507103" lon="12.47866"><ele>83.0</ele></rtept><rtept lat="57.507097" lon="12.478717"><ele>83.4</ele></rtept><rtept lat="57.50709" lon="12.478777"><ele>83.2</ele></rtept><rtept lat="57.507083" lon="12.478825"><ele>83.0</ele></rtept><rtept lat="57.50709" lon="12.47886"><ele>83.0</ele></rtept><rtept lat="57.507097" lon="12.478913"><ele>82.8</ele></rtept><rtept lat="57.507097" lon="12.478948"><ele>82.8</ele></rtept><rtept lat="57.507097" lon="12.478985"><ele>82.4</ele></rtept><rtept lat="57.507097" lon="12.479022"><ele>82.8</ele></rtept><rtept lat="57.507103" lon="12.47906"><ele>83.0</ele></rtept><rtept lat="57.507103" lon="12.479103"><ele>82.4</ele></rtept><rtept lat="57.507103" lon="12.479153"><ele>82.6</ele></rtept><rtept lat="57.507103" lon="12.479197"><ele>82.8</ele></rtept><rtept lat="57.507117" lon="12.47924"><ele>82.4</ele></rtept><rtept lat="57.507135" lon="12.479282"><ele>82.6</ele></rtept><rtept lat="57.507155" lon="12.47932"><ele>82.4</ele></rtept><rtept lat="57.507167" lon="12.479355"><ele>82.0</ele></rtept><rtept lat="57.50718" lon="12.479405"><ele>82.0</ele></rtept><rtept lat="57.5072" lon="12.479465"><ele>81.8</ele></rtept><rtept lat="57.507212" lon="12.479512"><ele>81.4</ele></rtept><rtept lat="57.507225" lon="12.479558"><ele>81.6</ele></rtept><rtept lat="57.507232" lon="12.479603"><ele>81.2</ele></rtept><rtept lat="57.507243" lon="12.479645"><ele>80.8</ele></rtept><rtept lat="57.507263" lon="12.479698"><ele>81.0</ele></rtept><rtept lat="57.507277" lon="12.479742"><ele>80.6</ele></rtept><rtept lat="57.507295" lon="12.479783"><ele>80.6</ele></rtept><rtept lat="57.507308" lon="12.479823"><ele>80.8</ele></rtept><rtept lat="57.507333" lon="12.479863"><ele>80.6</ele></rtept><rtept lat="57.507347" lon="12.479903"><ele>80.8</ele></rtept><rtept lat="57.507358" lon="12.479937"><ele>80.8</ele></rtept><rtept lat="57.507385" lon="12.479982"><ele>80.4</ele></rtept><rtept lat="57.507398" lon="12.480025"><ele>80.6</ele></rtept><rtept lat="57.507423" lon="12.480065"><ele>80.6</ele></rtept><rtept lat="57.507442" lon="12.480097"><ele>81.0</ele></rtept><rtept lat="57.507462" lon="12.480132"><ele>81.4</ele></rtept><rtept lat="57.50748" lon="12.480165"><ele>81.2</ele></rtept><rtept lat="57.5075" lon="12.4802"><ele>81.8</ele></rtept><rtept lat="57.507525" lon="12.48023"><ele>81.8</ele></rtept><rtept lat="57.507538" lon="12.480263"><ele>82.0</ele></rtept><rtept lat="57.507558" lon="12.480297"><ele>82.4</ele></rtept><rtept lat="57.507577" lon="12.480325"><ele>82.4</ele></rtept><rtept lat="57.507597" lon="12.480355"><ele>82.8</ele></rtept><rtept lat="57.507615" lon="12.480388"><ele>83.2</ele></rtept><rtept lat="57.507635" lon="12.480415"><ele>83.2</ele></rtept><rtept lat="57.507653" lon="12.480447"><ele>83.6</ele></rtept><rtept lat="57.507673" lon="12.480475"><ele>83.6</ele></rtept><rtept lat="57.507692" lon="12.480502"><ele>83.4</ele></rtept><rtept lat="57.507712" lon="12.480527"><ele>83.8</ele></rtept><rtept lat="57.50773" lon="12.480548"><ele>83.6</ele></rtept><rtept lat="57.507757" lon="12.480577"><ele>83.6</ele></rtept><rtept lat="57.507775" lon="12.4806"><ele>84.0</ele></rtept><rtept lat="57.5078" lon="12.48062"><ele>83.6</ele></rtept><rtept lat="57.50782" lon="12.480642"><ele>84.0</ele></rtept><rtept lat="57.507845" lon="12.480667"><ele>84.0</ele></rtept><rtept lat="57.507872" lon="12.480692"><ele>83.8</ele></rtept><rtept lat="57.50789" lon="12.480718"><ele>84.2</ele></rtept><rtept lat="57.50791" lon="12.480745"><ele>84.2</ele></rtept><rtept lat="57.507928" lon="12.480767"><ele>84.2</ele></rtept><rtept lat="57.507955" lon="12.48079"><ele>84.4</ele></rtept><rtept lat="57.507973" lon="12.480812"><ele>84.0</ele></rtept><rtept lat="57.508" lon="12.480838"><ele>84.6</ele></rtept><rtept lat="57.508018" lon="12.480865"><ele>84.6</ele></rtept><rtept lat="57.508043" lon="12.48089"><ele>84.4</ele></rtept><rtept lat="57.508063" lon="12.480917"><ele>84.8</ele></rtept><rtept lat="57.508088" lon="12.480948"><ele>84.8</ele></rtept><rtept lat="57.508108" lon="12.480977"><ele>85.2</ele></rtept><rtept lat="57.508127" lon="12.481008"><ele>85.4</ele></rtept><rtept lat="57.508147" lon="12.481037"><ele>85.4</ele></rtept><rtept lat="57.508165" lon="12.481065"><ele>86.0</ele></rtept><rtept lat="57.508185" lon="12.4811"><ele>86.0</ele></rtept><rtept lat="57.508217" lon="12.481133"><ele>86.0</ele></rtept><rtept lat="57.508237" lon="12.48116"><ele>86.4</ele></rtept><rtept lat="57.508255" lon="12.481187"><ele>86.4</ele></rtept><rtept lat="57.508275" lon="12.481217"><ele>86.4</ele></rtept><rtept lat="57.508293" lon="12.48124"><ele>86.8</ele></rtept><rtept lat="57.508313" lon="12.481267"><ele>86.6</ele></rtept><rtept lat="57.508332" lon="12.4813"><ele>86.8</ele></rtept><rtept lat="57.508352" lon="12.481333"><ele>87.2</ele></rtept><rtept lat="57.50837" lon="12.48136"><ele>86.8</ele></rtept><rtept lat="57.508397" lon="12.481388"><ele>87.2</ele></rtept><rtept lat="57.508415" lon="12.481418"><ele>87.4</ele></rtept><rtept lat="57.50844" lon="12.481447"><ele>87.4</ele></rtept><rtept lat="57.50846" lon="12.48148"><ele>87.8</ele></rtept><rtept lat="57.50848" lon="12.481512"><ele>87.8</ele></rtept><rtept lat="57.508498" lon="12.48154"><ele>87.8</ele></rtept><rtept lat="57.508518" lon="12.481575"><ele>88.0</ele></rtept><rtept lat="57.508537" lon="12.481603"><ele>88.0</ele></rtept><rtept lat="57.508562" lon="12.481645"><ele>88.4</ele></rtept><rtept lat="57.508575" lon="12.481677"><ele>88.6</ele></rtept><rtept lat="57.508595" lon="12.481705"><ele>88.4</ele></rtept><rtept lat="57.50862" lon="12.48173"><ele>88.8</ele></rtept><rtept lat="57.508645" lon="12.48176"><ele>89.0</ele></rtept><rtept lat="57.508672" lon="12.4818"><ele>88.8</ele></rtept><rtept lat="57.50869" lon="12.481835"><ele>89.2</ele></rtept><rtept lat="57.50871" lon="12.481868"><ele>88.8</ele></rtept><rtept lat="57.508735" lon="12.481902"><ele>88.8</ele></rtept><rtept lat="57.50876" lon="12.481933"><ele>89.2</ele></rtept><rtept lat="57.50878" lon="12.481963"><ele>89.0</ele></rtept><rtept lat="57.5088" lon="12.481998"><ele>89.4</ele></rtept><rtept lat="57.508825" lon="12.482028"><ele>89.4</ele></rtept><rtept lat="57.508843" lon="12.482065"><ele>89.4</ele></rtept><rtept lat="57.50887" lon="12.482098"><ele>89.8</ele></rtept><rtept lat="57.508895" lon="12.482132"><ele>89.8</ele></rtept><rtept lat="57.50892" lon="12.482165"><ele>90.0</ele></rtept><rtept lat="57.50894" lon="12.482207"><ele>90.0</ele></rtept><rtept lat="57.50896" lon="12.482245"><ele>89.8</ele></rtept><rtept lat="57.508972" lon="12.482287"><ele>90.0</ele></rtept><rtept lat="57.508992" lon="12.482328"><ele>90.0</ele></rtept><rtept lat="57.50901" lon="12.482368"><ele>89.6</ele></rtept><rtept lat="57.50903" lon="12.48241"><ele>89.8</ele></rtept><rtept lat="57.509042" lon="12.48245"><ele>89.8</ele></rtept><rtept lat="57.509062" lon="12.482495"><ele>89.4</ele></rtept><rtept lat="57.509068" lon="12.48254"><ele>89.6</ele></rtept><rtept lat="57.50908" lon="12.482578"><ele>89.4</ele></rtept><rtept lat="57.5091" lon="12.482622"><ele>89.2</ele></rtept><rtept lat="57.509113" lon="12.48266"><ele>89.0</ele></rtept><rtept lat="57.509125" lon="12.482702"><ele>88.8</ele></rtept><rtept lat="57.509145" lon="12.482747"><ele>88.8</ele></rtept><rtept lat="57.509158" lon="12.482787"><ele>89.0</ele></rtept><rtept lat="57.50917" lon="12.482837"><ele>88.6</ele></rtept><rtept lat="57.509183" lon="12.482887"><ele>88.8</ele></rtept><rtept lat="57.509202" lon="12.482938"><ele>88.6</ele></rtept><rtept lat="57.509222" lon="12.48299"><ele>88.6</ele></rtept><rtept lat="57.509228" lon="12.483037"><ele>88.8</ele></rtept><rtept lat="57.50924" lon="12.483083"><ele>88.4</ele></rtept><rtept lat="57.509247" lon="12.483138"><ele>88.8</ele></rtept><rtept lat="57.509253" lon="12.483185"><ele>89.0</ele></rtept><rtept lat="57.509253" lon="12.483235"><ele>88.8</ele></rtept><rtept lat="57.50926" lon="12.483292"><ele>89.0</ele></rtept><rtept lat="57.50926" lon="12.483347"><ele>88.8</ele></rtept><rtept lat="57.50926" lon="12.4834"><ele>88.6</ele></rtept><rtept lat="57.509267" lon="12.483453"><ele>88.6</ele></rtept><rtept lat="57.509267" lon="12.483502"><ele>88.4</ele></rtept><rtept lat="57.509267" lon="12.483552"><ele>88.4</ele></rtept><rtept lat="57.509267" lon="12.483605"><ele>88.4</ele></rtept><rtept lat="57.509267" lon="12.483658"><ele>88.0</ele></rtept><rtept lat="57.50926" lon="12.48371"><ele>88.2</ele></rtept><rtept lat="57.50926" lon="12.483763"><ele>88.0</ele></rtept><rtept lat="57.509253" lon="12.483817"><ele>87.6</ele></rtept><rtept lat="57.509247" lon="12.483868"><ele>87.8</ele></rtept><rtept lat="57.509247" lon="12.483922"><ele>87.6</ele></rtept><rtept lat="57.509247" lon="12.483975"><ele>87.6</ele></rtept><rtept lat="57.50924" lon="12.484027"><ele>87.8</ele></rtept><rtept lat="57.509228" lon="12.484078"><ele>87.4</ele></rtept><rtept lat="57.509222" lon="12.484133"><ele>87.6</ele></rtept><rtept lat="57.509208" lon="12.484187"><ele>87.6</ele></rtept><rtept lat="57.509202" lon="12.484242"><ele>87.4</ele></rtept><rtept lat="57.50919" lon="12.484295"><ele>87.8</ele></rtept><rtept lat="57.50919" lon="12.484342"><ele>87.4</ele></rtept><rtept lat="57.509183" lon="12.484387"><ele>87.6</ele></rtept><rtept lat="57.509177" lon="12.484432"><ele>87.8</ele></rtept><rtept lat="57.50917" lon="12.48448"><ele>87.4</ele></rtept><rtept lat="57.509163" lon="12.484525"><ele>87.8</ele></rtept><rtept lat="57.509158" lon="12.484565"><ele>87.8</ele></rtept><rtept lat="57.509158" lon="12.484613"><ele>87.6</ele></rtept><rtept lat="57.509152" lon="12.484662"><ele>88.0</ele></rtept><rtept lat="57.509145" lon="12.484708"><ele>87.8</ele></rtept><rtept lat="57.509145" lon="12.484757"><ele>88.2</ele></rtept><rtept lat="57.509138" lon="12.484802"><ele>88.4</ele></rtept><rtept lat="57.509132" lon="12.484853"><ele>88.2</ele></rtept><rtept lat="57.509125" lon="12.484907"><ele>88.8</ele></rtept><rtept lat="57.509125" lon="12.484958"><ele>88.8</ele></rtept><rtept lat="57.50912" lon="12.485012"><ele>88.6</ele></rtept><rtept lat="57.50912" lon="12.485065"><ele>88.8</ele></rtept><rtept lat="57.50912" lon="12.48511"><ele>88.6</ele></rtept><rtept lat="57.50912" lon="12.48516"><ele>89.0</ele></rtept><rtept lat="57.509113" lon="12.485203"><ele>89.4</ele></rtept><rtept lat="57.509113" lon="12.48525"><ele>89.2</ele></rtept><rtept lat="57.50912" lon="12.4853"><ele>89.6</ele></rtept><rtept lat="57.50912" lon="12.485348"><ele>89.4</ele></rtept><rtept lat="57.50912" lon="12.485395"><ele>89.4</ele></rtept><rtept lat="57.50912" lon="12.485442"><ele>89.4</ele></rtept><rtept lat="57.50912" lon="12.485488"><ele>89.2</ele></rtept><rtept lat="57.50912" lon="12.485538"><ele>89.6</ele></rtept><rtept lat="57.50912" lon="12.485587"><ele>89.6</ele></rtept><rtept lat="57.50912" lon="12.485635"><ele>89.4</ele></rtept><rtept lat="57.509125" lon="12.48568"><ele>90.0</ele></rtept><rtept lat="57.509138" lon="12.485725"><ele>90.0</ele></rtept><rtept lat="57.509145" lon="12.48577"><ele>89.8</ele></rtept><rtept lat="57.509152" lon="12.48582"><ele>90.0</ele></rtept><rtept lat="57.509158" lon="12.48586"><ele>90.0</ele></rtept><rtept lat="57.509163" lon="12.485905"><ele>89.8</ele></rtept><rtept lat="57.509177" lon="12.485953"><ele>89.8</ele></rtept><rtept lat="57.509183" lon="12.486"><ele>89.6</ele></rtept><rtept lat="57.50919" lon="12.486042"><ele>89.8</ele></rtept><rtept lat="57.509197" lon="12.486082"><ele>89.8</ele></rtept><rtept lat="57.509202" lon="12.486123"><ele>89.6</ele></rtept><rtept lat="57.509222" lon="12.486167"><ele>90.0</ele></rtept><rtept lat="57.50924" lon="12.486212"><ele>90.0</ele></rtept><rtept lat="57.50926" lon="12.486253"><ele>89.8</ele></rtept><rtept lat="57.509267" lon="12.486297"><ele>90.0</ele></rtept><rtept lat="57.50928" lon="12.486338"><ele>90.0</ele></rtept><rtept lat="57.509298" lon="12.486385"><ele>89.8</ele></rtept><rtept lat="57.509305" lon="12.486432"><ele>90.2</ele></rtept><rtept lat="57.509323" lon="12.486475"><ele>89.8</ele></rtept><rtept lat="57.509337" lon="12.486523"><ele>90.2</ele></rtept><rtept lat="57.50935" lon="12.486568"><ele>90.4</ele></rtept><rtept lat="57.509368" lon="12.486613"><ele>90.0</ele></rtept><rtept lat="57.509388" lon="12.48666"><ele>90.4</ele></rtept><rtept lat="57.509407" lon="12.486702"><ele>90.2</ele></rtept><rtept lat="57.50942" lon="12.486748"><ele>90.0</ele></rtept><rtept lat="57.50944" lon="12.486795"><ele>90.2</ele></rtept><rtept lat="57.509458" lon="12.48684"><ele>90.0</ele></rtept><rtept lat="57.509478" lon="12.486883"><ele>90.0</ele></rtept><rtept lat="57.509497" lon="12.486928"><ele>90.0</ele></rtept><rtept lat="57.509522" lon="12.486973"><ele>89.6</ele></rtept><rtept lat="57.509542" lon="12.487018"><ele>90.0</ele></rtept><rtept lat="57.50956" lon="12.487058"><ele>90.0</ele></rtept><rtept lat="57.509587" lon="12.487097"><ele>89.6</ele></rtept><rtept lat="57.509618" lon="12.487135"><ele>90.0</ele></rtept><rtept lat="57.509638" lon="12.48717"><ele>89.8</ele></rtept><rtept lat="57.509663" lon="12.487207"><ele>89.8</ele></rtept><rtept lat="57.509695" lon="12.487243"><ele>90.0</ele></rtept><rtept lat="57.50972" lon="12.487283"><ele>89.6</ele></rtept><rtept lat="57.509747" lon="12.487323"><ele>89.8</ele></rtept><rtept lat="57.509772" lon="12.487358"><ele>89.8</ele></rtept><rtept lat="57.509792" lon="12.487398"><ele>89.6</ele></rtept><rtept lat="57.509803" lon="12.487435"><ele>90.0</ele></rtept><rtept lat="57.509823" lon="12.487478"><ele>90.0</ele></rtept><rtept lat="57.509842" lon="12.48752"><ele>90.2</ele></rtept><rtept lat="57.509868" lon="12.487558"><ele>90.0</ele></rtept><rtept lat="57.509893" lon="12.487597"><ele>89.8</ele></rtept><rtept lat="57.509907" lon="12.487637"><ele>90.0</ele></rtept><rtept lat="57.50992" lon="12.487678"><ele>89.6</ele></rtept><rtept lat="57.509938" lon="12.48772"><ele>89.8</ele></rtept><rtept lat="57.509958" lon="12.487752"><ele>90.0</ele></rtept><rtept lat="57.50997" lon="12.487792"><ele>89.6</ele></rtept><rtept lat="57.509977" lon="12.487838"><ele>90.0</ele></rtept><rtept lat="57.509983" lon="12.487887"><ele>90.0</ele></rtept><rtept lat="57.50999" lon="12.48793"><ele>89.8</ele></rtept><rtept lat="57.509997" lon="12.487977"><ele>90.2</ele></rtept><rtept lat="57.509997" lon="12.48802"><ele>90.0</ele></rtept><rtept lat="57.509997" lon="12.488073"><ele>90.0</ele></rtept><rtept lat="57.510002" lon="12.488123"><ele>90.0</ele></rtept><rtept lat="57.510002" lon="12.488178"><ele>89.8</ele></rtept><rtept lat="57.510008" lon="12.488227"><ele>90.2</ele></rtept><rtept lat="57.510015" lon="12.488268"><ele>90.0</ele></rtept><rtept lat="57.510022" lon="12.488318"><ele>89.8</ele></rtept><rtept lat="57.510022" lon="12.488367"><ele>90.0</ele></rtept><rtept lat="57.510022" lon="12.488417"><ele>89.8</ele></rtept><rtept lat="57.510022" lon="12.488467"><ele>90.2</ele></rtept><rtept lat="57.510035" lon="12.488525"><ele>91.0</ele></rtept><rtept lat="57.510053" lon="12.488585"><ele>90.6</ele></rtept><rtept lat="57.510073" lon="12.488643"><ele>90.8</ele></rtept><rtept lat="57.510085" lon="12.488703"><ele>90.6</ele></rtept><rtept lat="57.510098" lon="12.488755"><ele>90.8</ele></rtept><rtept lat="57.510105" lon="12.488803"><ele>90.8</ele></rtept><rtept lat="57.510112" lon="12.488845"><ele>90.6</ele></rtept><rtept lat="57.510112" lon="12.488895"><ele>90.8</ele></rtept><rtept lat="57.510118" lon="12.488938"><ele>90.8</ele></rtept><rtept lat="57.510123" lon="12.488983"><ele>90.6</ele></rtept><rtept lat="57.51013" lon="12.489028"><ele>90.8</ele></rtept><rtept lat="57.510137" lon="12.489077"><ele>90.4</ele></rtept><rtept lat="57.510143" lon="12.489125"><ele>90.6</ele></rtept><rtept lat="57.510143" lon="12.489175"><ele>90.8</ele></rtept><rtept lat="57.510157" lon="12.489225"><ele>90.4</ele></rtept><rtept lat="57.510162" lon="12.489272"><ele>90.6</ele></rtept><rtept lat="57.510168" lon="12.48932"><ele>90.6</ele></rtept><rtept lat="57.510175" lon="12.48937"><ele>90.4</ele></rtept><rtept lat="57.510195" lon="12.48942"><ele>90.6</ele></rtept><rtept lat="57.510213" lon="12.489468"><ele>90.4</ele></rtept><rtept lat="57.510233" lon="12.48952"><ele>90.6</ele></rtept><rtept lat="57.510252" lon="12.489573"><ele>90.6</ele></rtept><rtept lat="57.510272" lon="12.48962"><ele>90.4</ele></rtept><rtept lat="57.51029" lon="12.489663"><ele>90.6</ele></rtept><rtept lat="57.510303" lon="12.489717"><ele>90.6</ele></rtept><rtept lat="57.510322" lon="12.489773"><ele>90.6</ele></rtept><rtept lat="57.510342" lon="12.489827"><ele>90.8</ele></rtept><rtept lat="57.510355" lon="12.489872"><ele>90.6</ele></rtept><rtept lat="57.51036" lon="12.48992"><ele>90.4</ele></rtept><rtept lat="57.51038" lon="12.489967"><ele>90.6</ele></rtept><rtept lat="57.510393" lon="12.490012"><ele>90.4</ele></rtept><rtept lat="57.510405" lon="12.49006"><ele>90.2</ele></rtept><rtept lat="57.510418" lon="12.490108"><ele>90.4</ele></rtept><rtept lat="57.510432" lon="12.49015"><ele>90.0</ele></rtept><rtept lat="57.510438" lon="12.490195"><ele>90.2</ele></rtept><rtept lat="57.510457" lon="12.490235"><ele>90.4</ele></rtept><rtept lat="57.510477" lon="12.490282"><ele>90.0</ele></rtept><rtept lat="57.510488" lon="12.490328"><ele>90.2</ele></rtept><rtept lat="57.510508" lon="12.490372"><ele>90.2</ele></rtept><rtept lat="57.51052" lon="12.490418"><ele>89.8</ele></rtept><rtept lat="57.510533" lon="12.490462"><ele>90.0</ele></rtept><rtept lat="57.510553" lon="12.4905"><ele>89.8</ele></rtept><rtept lat="57.51056" lon="12.490545"><ele>89.4</ele></rtept><rtept lat="57.510572" lon="12.490585"><ele>89.6</ele></rtept><rtept lat="57.510592" lon="12.490625"><ele>89.4</ele></rtept><rtept lat="57.510603" lon="12.490665"><ele>89.2</ele></rtept><rtept lat="57.510623" lon="12.490705"><ele>89.4</ele></rtept><rtept lat="57.510642" lon="12.490743"><ele>89.2</ele></rtept><rtept lat="57.510662" lon="12.490783"><ele>89.0</ele></rtept><rtept lat="57.510687" lon="12.49082"><ele>89.4</ele></rtept><rtept lat="57.510707" lon="12.490858"><ele>89.2</ele></rtept><rtept lat="57.51072" lon="12.490895"><ele>89.4</ele></rtept><rtept lat="57.510732" lon="12.490928"><ele>89.6</ele></rtept><rtept lat="57.510752" lon="12.490963"><ele>89.4</ele></rtept><rtept lat="57.51077" lon="12.490995"><ele>89.6</ele></rtept><rtept lat="57.51079" lon="12.491028"><ele>89.6</ele></rtept><rtept lat="57.510808" lon="12.491063"><ele>89.4</ele></rtept><rtept lat="57.510828" lon="12.491097"><ele>89.6</ele></rtept><rtept lat="57.510847" lon="12.491118"><ele>89.4</ele></rtept><rtept lat="57.510873" lon="12.491132"><ele>89.2</ele></rtept><rtept lat="57.510892" lon="12.49114"><ele>89.4</ele></rtept><rtept lat="57.510918" lon="12.491147"><ele>89.2</ele></rtept><rtept lat="57.510943" lon="12.491152"><ele>89.4</ele></rtept><rtept lat="57.510968" lon="12.491162"><ele>89.6</ele></rtept><rtept lat="57.510995" lon="12.491167"><ele>89.2</ele></rtept><rtept lat="57.51102" lon="12.491172"><ele>89.4</ele></rtept><rtept lat="57.511045" lon="12.491172"><ele>89.4</ele></rtept><rtept lat="57.511072" lon="12.491173"><ele>89.6</ele></rtept><rtept lat="57.51109" lon="12.491183"><ele>89.8</ele></rtept><rtept lat="57.51111" lon="12.491198"><ele>89.6</ele></rtept><rtept lat="57.511135" lon="12.491213"><ele>90.0</ele></rtept><rtept lat="57.511167" lon="12.491232"><ele>90.0</ele></rtept><rtept lat="57.511193" lon="12.491247"><ele>90.0</ele></rtept><rtept lat="57.511218" lon="12.49126"><ele>90.4</ele></rtept><rtept lat="57.511243" lon="12.49128"><ele>90.4</ele></rtept><rtept lat="57.51127" lon="12.4913"><ele>90.2</ele></rtept><rtept lat="57.511295" lon="12.491325"><ele>90.4</ele></rtept><rtept lat="57.51132" lon="12.491347"><ele>90.2</ele></rtept><rtept lat="57.511347" lon="12.491372"><ele>90.4</ele></rtept><rtept lat="57.511378" lon="12.491397"><ele>90.6</ele></rtept><rtept lat="57.511403" lon="12.49142"><ele>90.2</ele></rtept><rtept lat="57.511437" lon="12.491448"><ele>90.6</ele></rtept><rtept lat="57.511468" lon="12.49148"><ele>90.6</ele></rtept><rtept lat="57.5115" lon="12.491517"><ele>90.4</ele></rtept><rtept lat="57.511532" lon="12.491553"><ele>90.6</ele></rtept><rtept lat="57.511558" lon="12.491588"><ele>90.2</ele></rtept><rtept lat="57.511583" lon="12.491628"><ele>90.4</ele></rtept><rtept lat="57.511602" lon="12.49167"><ele>90.4</ele></rtept><rtept lat="57.511628" lon="12.491712"><ele>90.0</ele></rtept><rtept lat="57.511647" lon="12.491753"><ele>90.2</ele></rtept><rtept lat="57.511673" lon="12.491793"><ele>90.4</ele></rtept><rtept lat="57.511698" lon="12.491833"><ele>90.2</ele></rtept><rtept lat="57.511712" lon="12.49188"><ele>90.6</ele></rtept><rtept lat="57.51173" lon="12.49192"><ele>90.2</ele></rtept><rtept lat="57.51175" lon="12.491965"><ele>90.0</ele></rtept><rtept lat="57.511768" lon="12.492005"><ele>90.2</ele></rtept><rtept lat="57.511795" lon="12.492045"><ele>89.8</ele></rtept><rtept lat="57.511813" lon="12.492087"><ele>90.2</ele></rtept><rtept lat="57.511827" lon="12.49213"><ele>90.2</ele></rtept><rtept lat="57.511845" lon="12.492168"><ele>89.8</ele></rtept><rtept lat="57.511865" lon="12.492205"><ele>90.4</ele></rtept><rtept lat="57.511883" lon="12.492243"><ele>90.4</ele></rtept><rtept lat="57.511897" lon="12.492285"><ele>90.4</ele></rtept><rtept lat="57.51191" lon="12.492325"><ele>91.0</ele></rtept><rtept lat="57.511935" lon="12.492365"><ele>90.8</ele></rtept><rtept lat="57.51196" lon="12.492407"><ele>91.0</ele></rtept><rtept lat="57.51198" lon="12.492442"><ele>91.2</ele></rtept><rtept lat="57.511987" lon="12.49248"><ele>91.0</ele></rtept><rtept lat="57.512005" lon="12.49252"><ele>91.6</ele></rtept><rtept lat="57.512025" lon="12.49256"><ele>91.6</ele></rtept><rtept lat="57.512038" lon="12.4926"><ele>91.2</ele></rtept><rtept lat="57.512057" lon="12.492638"><ele>91.6</ele></rtept><rtept lat="57.51207" lon="12.492672"><ele>91.4</ele></rtept><rtept lat="57.512095" lon="12.492707"><ele>91.4</ele></rtept><rtept lat="57.512115" lon="12.492745"><ele>91.6</ele></rtept><rtept lat="57.51214" lon="12.492782"><ele>91.4</ele></rtept><rtept lat="57.51216" lon="12.49282"><ele>91.4</ele></rtept><rtept lat="57.512172" lon="12.492857"><ele>91.6</ele></rtept><rtept lat="57.512192" lon="12.49289"><ele>91.4</ele></rtept><rtept lat="57.512217" lon="12.492925"><ele>91.8</ele></rtept><rtept lat="57.512242" lon="12.49296"><ele>92.4</ele></rtept><rtept lat="57.512262" lon="12.493"><ele>91.8</ele></rtept><rtept lat="57.51228" lon="12.493042"><ele>92.0</ele></rtept><rtept lat="57.5123" lon="12.493082"><ele>91.6</ele></rtept><rtept lat="57.51232" lon="12.493127"><ele>91.4</ele></rtept><rtept lat="57.512338" lon="12.493167"><ele>91.6</ele></rtept><rtept lat="57.512352" lon="12.493208"><ele>91.2</ele></rtept><rtept lat="57.512363" lon="12.493252"><ele>91.4</ele></rtept><rtept lat="57.512377" lon="12.493288"><ele>91.6</ele></rtept><rtept lat="57.512397" lon="12.493325"><ele>91.4</ele></rtept><rtept lat="57.512408" lon="12.49336"><ele>91.6</ele></rtept><rtept lat="57.512422" lon="12.493397"><ele>91.4</ele></rtept><rtept lat="57.51244" lon="12.493432"><ele>91.2</ele></rtept><rtept lat="57.512447" lon="12.49347"><ele>91.4</ele></rtept><rtept lat="57.512453" lon="12.49351"><ele>91.0</ele></rtept><rtept lat="57.51246" lon="12.493552"><ele>91.4</ele></rtept><rtept lat="57.512467" lon="12.493603"><ele>91.4</ele></rtept><rtept lat="57.512473" lon="12.49366"><ele>91.2</ele></rtept><rtept lat="57.51248" lon="12.493718"><ele>91.6</ele></rtept><rtept lat="57.512473" lon="12.493768"><ele>91.4</ele></rtept><rtept lat="57.512467" lon="12.493812"><ele>91.2</ele></rtept><rtept lat="57.512453" lon="12.493858"><ele>91.4</ele></rtept><rtept lat="57.512435" lon="12.493902"><ele>91.2</ele></rtept><rtept lat="57.512415" lon="12.493952"><ele>91.4</ele></rtept><rtept lat="57.512397" lon="12.494002"><ele>91.4</ele></rtept><rtept lat="57.512383" lon="12.494052"><ele>91.2</ele></rtept><rtept lat="57.512377" lon="12.494105"><ele>91.2</ele></rtept><rtept lat="57.51237" lon="12.494155"><ele>91.0</ele></rtept><rtept lat="57.512363" lon="12.494205"><ele>90.4</ele></rtept><rtept lat="57.512358" lon="12.49426"><ele>90.4</ele></rtept><rtept lat="57.512358" lon="12.494313"><ele>90.2</ele></rtept><rtept lat="57.512358" lon="12.494363"><ele>89.8</ele></rtept><rtept lat="57.512358" lon="12.49441"><ele>90.0</ele></rtept><rtept lat="57.51237" lon="12.494468"><ele>89.4</ele></rtept><rtept lat="57.512383" lon="12.494533"><ele>89.4</ele></rtept><rtept lat="57.512383" lon="12.49458"><ele>89.4</ele></rtept><rtept lat="57.512383" lon="12.494633"><ele>89.2</ele></rtept><rtept lat="57.51239" lon="12.49468"><ele>89.4</ele></rtept><rtept lat="57.51239" lon="12.494732"><ele>89.2</ele></rtept><rtept lat="57.51239" lon="12.494782"><ele>89.2</ele></rtept><rtept lat="57.51239" lon="12.494832"><ele>89.6</ele></rtept><rtept lat="57.512383" lon="12.494878"><ele>89.2</ele></rtept><rtept lat="57.51237" lon="12.49492"><ele>89.4</ele></rtept><rtept lat="57.512358" lon="12.494957"><ele>89.4</ele></rtept><rtept lat="57.512338" lon="12.494995"><ele>89.2</ele></rtept><rtept lat="57.512313" lon="12.495028"><ele>89.4</ele></rtept><rtept lat="57.512287" lon="12.495063"><ele>89.2</ele></rtept><rtept lat="57.512268" lon="12.495098"><ele>89.2</ele></rtept><rtept lat="57.512255" lon="12.495128"><ele>89.4</ele></rtept><rtept lat="57.512237" lon="12.495155"><ele>89.0</ele></rtept><rtept lat="57.512217" lon="12.49519"><ele>89.4</ele></rtept><rtept lat="57.512203" lon="12.495228"><ele>89.4</ele></rtept><rtept lat="57.512192" lon="12.495268"><ele>89.2</ele></rtept><rtept lat="57.512178" lon="12.495312"><ele>89.6</ele></rtept><rtept lat="57.512165" lon="12.495353"><ele>89.6</ele></rtept><rtept lat="57.512153" lon="12.495398"><ele>89.6</ele></rtept><rtept lat="57.51214" lon="12.495438"><ele>90.0</ele></rtept><rtept lat="57.512127" lon="12.495482"><ele>90.0</ele></rtept><rtept lat="57.512108" lon="12.495525"><ele>90.4</ele></rtept><rtept lat="57.512108" lon="12.49556"><ele>90.8</ele></rtept><rtept lat="57.512108" lon="12.495615"><ele>90.8</ele></rtept><rtept lat="57.512115" lon="12.495663"><ele>91.4</ele></rtept><rtept lat="57.512115" lon="12.495708"><ele>91.2</ele></rtept><rtept lat="57.512108" lon="12.495757"><ele>91.2</ele></rtept><rtept lat="57.512108" lon="12.4958"><ele>91.6</ele></rtept><rtept lat="57.512115" lon="12.495845"><ele>91.8</ele></rtept><rtept lat="57.51212" lon="12.495898"><ele>92.2</ele></rtept><rtept lat="57.51212" lon="12.495943"><ele>92.6</ele></rtept><rtept lat="57.512127" lon="12.495992"><ele>92.6</ele></rtept><rtept lat="57.512127" lon="12.496033"><ele>93.0</ele></rtept><rtept lat="57.512127" lon="12.496078"><ele>93.2</ele></rtept><rtept lat="57.512127" lon="12.496122"><ele>93.2</ele></rtept><rtept lat="57.51212" lon="12.496172"><ele>93.6</ele></rtept><rtept lat="57.512115" lon="12.49622"><ele>93.6</ele></rtept><rtept lat="57.512108" lon="12.49627"><ele>93.8</ele></rtept><rtept lat="57.512108" lon="12.496312"><ele>94.0</ele></rtept><rtept lat="57.512108" lon="12.496355"><ele>94.0</ele></rtept><rtept lat="57.512108" lon="12.496395"><ele>94.4</ele></rtept><rtept lat="57.512102" lon="12.496435"><ele>94.6</ele></rtept><rtept lat="57.512095" lon="12.496473"><ele>94.6</ele></rtept><rtept lat="57.512088" lon="12.496515"><ele>95.2</ele></rtept><rtept lat="57.512082" lon="12.49656"><ele>95.4</ele></rtept><rtept lat="57.512082" lon="12.496608"><ele>95.4</ele></rtept><rtept lat="57.512077" lon="12.496653"><ele>96.0</ele></rtept><rtept lat="57.512077" lon="12.496697"><ele>96.2</ele></rtept><rtept lat="57.512077" lon="12.496742"><ele>96.6</ele></rtept><rtept lat="57.512077" lon="12.496788"><ele>96.6</ele></rtept><rtept lat="57.51207" lon="12.496833"><ele>96.8</ele></rtept><rtept lat="57.512057" lon="12.496882"><ele>97.4</ele></rtept><rtept lat="57.512063" lon="12.49694"><ele>97.6</ele></rtept><rtept lat="57.51207" lon="12.496992"><ele>97.6</ele></rtept><rtept lat="57.512063" lon="12.497043"><ele>98.0</ele></rtept><rtept lat="57.51207" lon="12.497095"><ele>98.0</ele></rtept><rtept lat="57.512082" lon="12.497143"><ele>98.0</ele></rtept><rtept lat="57.512082" lon="12.49719"><ele>98.4</ele></rtept><rtept lat="57.512082" lon="12.497238"><ele>98.2</ele></rtept><rtept lat="57.512082" lon="12.497282"><ele>98.0</ele></rtept><rtept lat="57.512082" lon="12.497328"><ele>98.4</ele></rtept><rtept lat="57.512077" lon="12.497363"><ele>98.0</ele></rtept><rtept lat="57.51207" lon="12.497422"><ele>98.6</ele></rtept><rtept lat="57.512077" lon="12.497468"><ele>98.8</ele></rtept><rtept lat="57.51207" lon="12.497513"><ele>98.6</ele></rtept><rtept lat="57.51207" lon="12.49756"><ele>99.0</ele></rtept><rtept lat="57.51207" lon="12.497605"><ele>98.8</ele></rtept><rtept lat="57.512063" lon="12.497652"><ele>98.6</ele></rtept><rtept lat="57.512063" lon="12.4977"><ele>98.8</ele></rtept><rtept lat="57.512063" lon="12.497745"><ele>98.6</ele></rtept><rtept lat="57.51207" lon="12.497792"><ele>98.6</ele></rtept><rtept lat="57.512082" lon="12.49785"><ele>98.8</ele></rtept><rtept lat="57.512095" lon="12.497898"><ele>98.6</ele></rtept><rtept lat="57.512108" lon="12.497948"><ele>98.2</ele></rtept><rtept lat="57.512115" lon="12.497982"><ele>98.4</ele></rtept><rtept lat="57.512127" lon="12.498042"><ele>98.4</ele></rtept><rtept lat="57.51214" lon="12.498093"><ele>98.0</ele></rtept><rtept lat="57.512147" lon="12.498157"><ele>98.2</ele></rtept><rtept lat="57.51216" lon="12.498212"><ele>98.0</ele></rtept><rtept lat="57.512165" lon="12.498257"><ele>97.6</ele></rtept><rtept lat="57.512178" lon="12.4983"><ele>97.8</ele></rtept><rtept lat="57.512185" lon="12.498345"><ele>97.8</ele></rtept><rtept lat="57.512185" lon="12.498392"><ele>97.4</ele></rtept><rtept lat="57.512192" lon="12.49844"><ele>97.6</ele></rtept><rtept lat="57.512192" lon="12.49849"><ele>97.4</ele></rtept><rtept lat="57.512198" lon="12.498538"><ele>97.2</ele></rtept><rtept lat="57.512203" lon="12.49859"><ele>97.2</ele></rtept><rtept lat="57.512217" lon="12.498648"><ele>97.0</ele></rtept><rtept lat="57.51223" lon="12.498702"><ele>96.8</ele></rtept><rtept lat="57.512237" lon="12.498752"><ele>97.0</ele></rtept><rtept lat="57.51223" lon="12.4988"><ele>96.6</ele></rtept><rtept lat="57.512223" lon="12.498842"><ele>96.6</ele></rtept><rtept lat="57.512217" lon="12.498893"><ele>96.6</ele></rtept><rtept lat="57.512203" lon="12.498938"><ele>96.2</ele></rtept><rtept lat="57.512192" lon="12.49898"><ele>96.4</ele></rtept><rtept lat="57.512178" lon="12.499015"><ele>96.6</ele></rtept><rtept lat="57.51216" lon="12.499058"><ele>96.6</ele></rtept><rtept lat="57.512127" lon="12.499105"><ele>96.4</ele></rtept><rtept lat="57.512108" lon="12.499157"><ele>96.4</ele></rtept><rtept lat="57.512102" lon="12.499188"><ele>96.2</ele></rtept><rtept lat="57.512095" lon="12.49923"><ele>96.6</ele></rtept><rtept lat="57.512088" lon="12.499278"><ele>96.4</ele></rtept><rtept lat="57.512082" lon="12.49932"><ele>96.6</ele></rtept><rtept lat="57.51207" lon="12.49936"><ele>97.0</ele></rtept><rtept lat="57.512057" lon="12.499403"><ele>96.8</ele></rtept><rtept lat="57.51205" lon="12.499448"><ele>97.4</ele></rtept><rtept lat="57.512043" lon="12.499518"><ele>97.4</ele></rtept><rtept lat="57.512025" lon="12.49958"><ele>97.6</ele></rtept><rtept lat="57.512012" lon="12.499647"><ele>98.2</ele></rtept><rtept lat="57.512" lon="12.499682"><ele>98.0</ele></rtept><rtept lat="57.511993" lon="12.499722"><ele>98.4</ele></rtept><rtept lat="57.511987" lon="12.499765"><ele>98.8</ele></rtept><rtept lat="57.511973" lon="12.49981"><ele>98.6</ele></rtept><rtept lat="57.511967" lon="12.499852"><ele>99.0</ele></rtept><rtept lat="57.51196" lon="12.49991"><ele>98.6</ele></rtept><rtept lat="57.511955" lon="12.499953"><ele>99.0</ele></rtept><rtept lat="57.511955" lon="12.5"><ele>98.8</ele></rtept><rtept lat="57.511955" lon="12.500053"><ele>99.0</ele></rtept><rtept lat="57.511948" lon="12.500103"><ele>99.2</ele></rtept><rtept lat="57.511948" lon="12.500162"><ele>98.8</ele></rtept><rtept lat="57.511948" lon="12.500223"><ele>99.0</ele></rtept><rtept lat="57.511942" lon="12.500288"><ele>99.2</ele></rtept><rtept lat="57.511942" lon="12.500325"><ele>98.8</ele></rtept><rtept lat="57.511922" lon="12.500442"><ele>99.2</ele></rtept><rtept lat="57.51191" lon="12.50056"><ele>99.4</ele></rtept><rtept lat="57.511883" lon="12.500675"><ele>99.0</ele></rtept><rtept lat="57.511858" lon="12.50077"><ele>99.4</ele></rtept><rtept lat="57.51182" lon="12.500827"><ele>99.2</ele></rtept><rtept lat="57.511788" lon="12.50088"><ele>99.2</ele></rtept><rtept lat="57.511768" lon="12.500882"><ele>99.4</ele></rtept><rtept lat="57.511743" lon="12.500903"><ele>99.4</ele></rtept><rtept lat="57.51173" lon="12.500928"><ele>99.6</ele></rtept><rtept lat="57.511712" lon="12.500948"><ele>100.0</ele></rtept><rtept lat="57.511685" lon="12.500982"><ele>100.4</ele></rtept><rtept lat="57.511667" lon="12.501003"><ele>101.0</ele></rtept><rtept lat="57.51164" lon="12.501052"><ele>101.2</ele></rtept><rtept lat="57.511622" lon="12.501085"><ele>101.8</ele></rtept><rtept lat="57.511602" lon="12.50112"><ele>101.8</ele></rtept><rtept lat="57.511577" lon="12.50116"><ele>102.0</ele></rtept><rtept lat="57.511545" lon="12.501195"><ele>102.4</ele></rtept><rtept lat="57.511525" lon="12.501225"><ele>102.4</ele></rtept><rtept lat="57.511507" lon="12.50126"><ele>103.0</ele></rtept><rtept lat="57.511487" lon="12.501303"><ele>103.0</ele></rtept><rtept lat="57.511462" lon="12.50136"><ele>103.6</ele></rtept><rtept lat="57.511437" lon="12.501408"><ele>104.2</ele></rtept><rtept lat="57.51143" lon="12.501443"><ele>104.6</ele></rtept><rtept lat="57.51141" lon="12.501482"><ele>104.8</ele></rtept><rtept lat="57.511392" lon="12.501538"><ele>105.6</ele></rtept><rtept lat="57.511378" lon="12.501562"><ele>105.6</ele></rtept><rtept lat="57.51136" lon="12.501588"><ele>106.2</ele></rtept><rtept lat="57.511347" lon="12.50162"><ele>106.4</ele></rtept><rtept lat="57.511327" lon="12.501647"><ele>106.4</ele></rtept><rtept lat="57.511308" lon="12.501682"><ele>106.8</ele></rtept><rtept lat="57.511282" lon="12.501727"><ele>106.6</ele></rtept><rtept lat="57.51125" lon="12.501792"><ele>107.0</ele></rtept><rtept lat="57.511212" lon="12.501855"><ele>107.4</ele></rtept><rtept lat="57.511187" lon="12.50192"><ele>107.2</ele></rtept><rtept lat="57.511155" lon="12.50198"><ele>107.8</ele></rtept><rtept lat="57.511128" lon="12.502043"><ele>107.8</ele></rtept><rtept lat="57.511103" lon="12.502093"><ele>107.8</ele></rtept><rtept lat="57.511083" lon="12.50214"><ele>108.0</ele></rtept><rtept lat="57.511052" lon="12.502182"><ele>108.2</ele></rtept><rtept lat="57.51102" lon="12.502215"><ele>108.4</ele></rtept><rtept lat="57.511" lon="12.502258"><ele>108.6</ele></rtept><rtept lat="57.510968" lon="12.502298"><ele>108.4</ele></rtept><rtept lat="57.51095" lon="12.502337"><ele>108.8</ele></rtept><rtept lat="57.510918" lon="12.50238"><ele>109.2</ele></rtept><rtept lat="57.510892" lon="12.502413"><ele>109.2</ele></rtept><rtept lat="57.51088" lon="12.502465"><ele>109.6</ele></rtept><rtept lat="57.510873" lon="12.50252"><ele>109.6</ele></rtept><rtept lat="57.510892" lon="12.502572"><ele>109.6</ele></rtept><rtept lat="57.510905" lon="12.502625"><ele>110.0</ele></rtept><rtept lat="57.510912" lon="12.502672"><ele>110.0</ele></rtept><rtept lat="57.510905" lon="12.50272"><ele>110.2</ele></rtept><rtept lat="57.510885" lon="12.502745"><ele>110.4</ele></rtept><rtept lat="57.51088" lon="12.502778"><ele>110.8</ele></rtept><rtept lat="57.510867" lon="12.502822"><ele>110.8</ele></rtept><rtept lat="57.510847" lon="12.50286"><ele>110.6</ele></rtept><rtept lat="57.510835" lon="12.502928"><ele>110.8</ele></rtept><rtept lat="57.510835" lon="12.502993"><ele>110.6</ele></rtept><rtept lat="57.510835" lon="12.503048"><ele>110.6</ele></rtept><rtept lat="57.51084" lon="12.503097"><ele>110.8</ele></rtept><rtept lat="57.510853" lon="12.503192"><ele>111.0</ele></rtept><rtept lat="57.510847" lon="12.50327"><ele>111.2</ele></rtept><rtept lat="57.510847" lon="12.503323"><ele>110.8</ele></rtept><rtept lat="57.510847" lon="12.503383"><ele>111.2</ele></rtept><rtept lat="57.51084" lon="12.50345"><ele>111.2</ele></rtept><rtept lat="57.510835" lon="12.50352"><ele>111.2</ele></rtept><rtept lat="57.510828" lon="12.503588"><ele>111.4</ele></rtept><rtept lat="57.510822" lon="12.50364"><ele>111.2</ele></rtept><rtept lat="57.510815" lon="12.503688"><ele>111.2</ele></rtept><rtept lat="57.510797" lon="12.503767"><ele>110.8</ele></rtept><rtept lat="57.510797" lon="12.503833"><ele>111.0</ele></rtept><rtept lat="57.510797" lon="12.503882"><ele>110.8</ele></rtept><rtept lat="57.510797" lon="12.503927"><ele>110.4</ele></rtept><rtept lat="57.510797" lon="12.503978"><ele>110.6</ele></rtept><rtept lat="57.510797" lon="12.50402"><ele>110.2</ele></rtept><rtept lat="57.510777" lon="12.504088"><ele>110.2</ele></rtept><rtept lat="57.51077" lon="12.50413"><ele>109.6</ele></rtept><rtept lat="57.510758" lon="12.504177"><ele>109.6</ele></rtept><rtept lat="57.510752" lon="12.504222"><ele>109.6</ele></rtept><rtept lat="57.510745" lon="12.50427"><ele>109.0</ele></rtept><rtept lat="57.510752" lon="12.504348"><ele>109.2</ele></rtept><rtept lat="57.510752" lon="12.504413"><ele>108.8</ele></rtept><rtept lat="57.510745" lon="12.504463"><ele>108.6</ele></rtept><rtept lat="57.510738" lon="12.504508"><ele>108.8</ele></rtept><rtept lat="57.510745" lon="12.50458"><ele>108.6</ele></rtept><rtept lat="57.510738" lon="12.504677"><ele>108.8</ele></rtept><rtept lat="57.510738" lon="12.5048"><ele>108.8</ele></rtept><rtept lat="57.510738" lon="12.504913"><ele>108.4</ele></rtept><rtept lat="57.51072" lon="12.505003"><ele>108.6</ele></rtept><rtept lat="57.510707" lon="12.505063"><ele>108.6</ele></rtept><rtept lat="57.510693" lon="12.505127"><ele>108.0</ele></rtept><rtept lat="57.510693" lon="12.505172"><ele>108.0</ele></rtept><rtept lat="57.510707" lon="12.505227"><ele>108.0</ele></rtept><rtept lat="57.510707" lon="12.50529"><ele>107.4</ele></rtept><rtept lat="57.510693" lon="12.505332"><ele>107.2</ele></rtept><rtept lat="57.510687" lon="12.50538"><ele>106.6</ele></rtept><rtept lat="57.510693" lon="12.50542"><ele>106.6</ele></rtept><rtept lat="57.5107" lon="12.50546"><ele>106.4</ele></rtept><rtept lat="57.510713" lon="12.505503"><ele>105.6</ele></rtept><rtept lat="57.510725" lon="12.505537"><ele>105.8</ele></rtept><rtept lat="57.510732" lon="12.50558"><ele>105.8</ele></rtept><rtept lat="57.510732" lon="12.505628"><ele>105.4</ele></rtept><rtept lat="57.510732" lon="12.505718"><ele>105.4</ele></rtept><rtept lat="57.510738" lon="12.505773"><ele>105.2</ele></rtept><rtept lat="57.510752" lon="12.505812"><ele>105.4</ele></rtept><rtept lat="57.510763" lon="12.505847"><ele>105.2</ele></rtept><rtept lat="57.510777" lon="12.505898"><ele>104.8</ele></rtept><rtept lat="57.510783" lon="12.505938"><ele>105.2</ele></rtept><rtept lat="57.510797" lon="12.505978"><ele>105.0</ele></rtept><rtept lat="57.510808" lon="12.50604"><ele>104.6</ele></rtept><rtept lat="57.510808" lon="12.5061"><ele>105.0</ele></rtept><rtept lat="57.510815" lon="12.506162"><ele>104.6</ele></rtept><rtept lat="57.510808" lon="12.50622"><ele>104.4</ele></rtept><rtept lat="57.51079" lon="12.5063"><ele>104.6</ele></rtept><rtept lat="57.51077" lon="12.506368"><ele>104.2</ele></rtept><rtept lat="57.510758" lon="12.506448"><ele>104.6</ele></rtept><rtept lat="57.510752" lon="12.506498"><ele>104.6</ele></rtept><rtept lat="57.510752" lon="12.506558"><ele>104.4</ele></rtept><rtept lat="57.510758" lon="12.506593"><ele>104.6</ele></rtept><rtept lat="57.510763" lon="12.506662"><ele>104.2</ele></rtept><rtept lat="57.510758" lon="12.506732"><ele>104.4</ele></rtept><rtept lat="57.510758" lon="12.506805"><ele>104.0</ele></rtept><rtept lat="57.510763" lon="12.506837"><ele>103.8</ele></rtept><rtept lat="57.51079" lon="12.506867"><ele>103.4</ele></rtept><rtept lat="57.510802" lon="12.50691"><ele>103.2</ele></rtept><rtept lat="57.510808" lon="12.506953"><ele>102.8</ele></rtept><rtept lat="57.510815" lon="12.506995"><ele>102.6</ele></rtept><rtept lat="57.510815" lon="12.50703"><ele>102.8</ele></rtept><rtept lat="57.510815" lon="12.50708"><ele>102.4</ele></rtept><rtept lat="57.510822" lon="12.507122"><ele>102.0</ele></rtept><rtept lat="57.510835" lon="12.507155"><ele>102.0</ele></rtept><rtept lat="57.51084" lon="12.507192"><ele>101.6</ele></rtept><rtept lat="57.510853" lon="12.507252"><ele>101.4</ele></rtept><rtept lat="57.510853" lon="12.507327"><ele>100.6</ele></rtept><rtept lat="57.510853" lon="12.507373"><ele>100.6</ele></rtept><rtept lat="57.510867" lon="12.507418"><ele>100.2</ele></rtept><rtept lat="57.510873" lon="12.507465"><ele>99.8</ele></rtept><rtept lat="57.51088" lon="12.507505"><ele>99.8</ele></rtept><rtept lat="57.510885" lon="12.50755"><ele>99.4</ele></rtept><rtept lat="57.510892" lon="12.507597"><ele>99.0</ele></rtept><rtept lat="57.510892" lon="12.507635"><ele>99.0</ele></rtept><rtept lat="57.510892" lon="12.50767"><ele>98.6</ele></rtept><rtept lat="57.510892" lon="12.50771"><ele>98.0</ele></rtept><rtept lat="57.510898" lon="12.507755"><ele>98.0</ele></rtept><rtept lat="57.510905" lon="12.5078"><ele>97.6</ele></rtept><rtept lat="57.510912" lon="12.507847"><ele>97.2</ele></rtept><rtept lat="57.510905" lon="12.507887"><ele>97.0</ele></rtept><rtept lat="57.510905" lon="12.507953"><ele>96.6</ele></rtept><rtept lat="57.510898" lon="12.508027"><ele>96.0</ele></rtept><rtept lat="57.510885" lon="12.508105"><ele>96.2</ele></rtept><rtept lat="57.510873" lon="12.50819"><ele>95.8</ele></rtept><rtept lat="57.510873" lon="12.508283"><ele>95.2</ele></rtept><rtept lat="57.510867" lon="12.50839"><ele>95.4</ele></rtept><rtept lat="57.51086" lon="12.508498"><ele>95.0</ele></rtept><rtept lat="57.510847" lon="12.508612"><ele>94.8</ele></rtept><rtept lat="57.510828" lon="12.50872"><ele>94.6</ele></rtept><rtept lat="57.510802" lon="12.508815"><ele>94.0</ele></rtept><rtept lat="57.510777" lon="12.508922"><ele>94.0</ele></rtept><rtept lat="57.510758" lon="12.509025"><ele>94.0</ele></rtept><rtept lat="57.510745" lon="12.509103"><ele>93.2</ele></rtept><rtept lat="57.510758" lon="12.50913"><ele>93.4</ele></rtept><rtept lat="57.510783" lon="12.509175"><ele>93.2</ele></rtept><rtept lat="57.510797" lon="12.509202"><ele>92.8</ele></rtept><rtept lat="57.510802" lon="12.509235"><ele>92.8</ele></rtept><rtept lat="57.510797" lon="12.509268"><ele>92.4</ele></rtept><rtept lat="57.510797" lon="12.509302"><ele>92.2</ele></rtept><rtept lat="57.51079" lon="12.509357"><ele>92.2</ele></rtept><rtept lat="57.51079" lon="12.5094"><ele>91.8</ele></rtept><rtept lat="57.510783" lon="12.509458"><ele>92.2</ele></rtept><rtept lat="57.510777" lon="12.50949"><ele>92.2</ele></rtept><rtept lat="57.510777" lon="12.50953"><ele>91.8</ele></rtept><rtept lat="57.51079" lon="12.50958"><ele>92.0</ele></rtept><rtept lat="57.510797" lon="12.50962"><ele>91.8</ele></rtept><rtept lat="57.510802" lon="12.509685"><ele>91.6</ele></rtept><rtept lat="57.510802" lon="12.50975"><ele>91.8</ele></rtept><rtept lat="57.510802" lon="12.509813"><ele>91.4</ele></rtept><rtept lat="57.510802" lon="12.509868"><ele>91.0</ele></rtept><rtept lat="57.510797" lon="12.509928"><ele>91.0</ele></rtept><rtept lat="57.510797" lon="12.509975"><ele>91.0</ele></rtept><rtept lat="57.51079" lon="12.510023"><ele>91.2</ele></rtept><rtept lat="57.51079" lon="12.510087"><ele>90.8</ele></rtept><rtept lat="57.51079" lon="12.510148"><ele>90.8</ele></rtept><rtept lat="57.510783" lon="12.510207"><ele>90.8</ele></rtept><rtept lat="57.510777" lon="12.510277"><ele>90.2</ele></rtept><rtept lat="57.510777" lon="12.510325"><ele>90.4</ele></rtept><rtept lat="57.510777" lon="12.510375"><ele>90.4</ele></rtept><rtept lat="57.510777" lon="12.510438"><ele>90.0</ele></rtept><rtept lat="57.51077" lon="12.510497"><ele>90.2</ele></rtept><rtept lat="57.51077" lon="12.51054"><ele>90.0</ele></rtept><rtept lat="57.51077" lon="12.510595"><ele>90.0</ele></rtept><rtept lat="57.510763" lon="12.510635"><ele>90.2</ele></rtept><rtept lat="57.510763" lon="12.510668"><ele>90.0</ele></rtept><rtept lat="57.510763" lon="12.510722"><ele>90.4</ele></rtept><rtept lat="57.510758" lon="12.510762"><ele>90.6</ele></rtept><rtept lat="57.510758" lon="12.510802"><ele>90.4</ele></rtept><rtept lat="57.510758" lon="12.510853"><ele>91.0</ele></rtept><rtept lat="57.510752" lon="12.510935"><ele>91.4</ele></rtept><rtept lat="57.510752" lon="12.51101"><ele>92.2</ele></rtept><rtept lat="57.510752" lon="12.51105"><ele>92.2</ele></rtept><rtept lat="57.510752" lon="12.51109"><ele>92.8</ele></rtept><rtept lat="57.510758" lon="12.511137"><ele>93.0</ele></rtept><rtept lat="57.510758" lon="12.511198"><ele>93.6</ele></rtept><rtept lat="57.510763" lon="12.511235"><ele>93.8</ele></rtept><rtept lat="57.51077" lon="12.51127"><ele>94.0</ele></rtept><rtept lat="57.510777" lon="12.511342"><ele>94.4</ele></rtept><rtept lat="57.510777" lon="12.511375"><ele>94.6</ele></rtept><rtept lat="57.510777" lon="12.511423"><ele>95.2</ele></rtept><rtept lat="57.51079" lon="12.511457"><ele>95.2</ele></rtept><rtept lat="57.510797" lon="12.51152"><ele>96.0</ele></rtept><rtept lat="57.510802" lon="12.511552"><ele>96.0</ele></rtept><rtept lat="57.510808" lon="12.511587"><ele>96.2</ele></rtept><rtept lat="57.510815" lon="12.511625"><ele>96.8</ele></rtept><rtept lat="57.510828" lon="12.51167"><ele>96.8</ele></rtept><rtept lat="57.510835" lon="12.511712"><ele>97.0</ele></rtept><rtept lat="57.51084" lon="12.51175"><ele>97.4</ele></rtept><rtept lat="57.510853" lon="12.511797"><ele>97.6</ele></rtept><rtept lat="57.510867" lon="12.511843"><ele>97.8</ele></rtept><rtept lat="57.510873" lon="12.511888"><ele>98.4</ele></rtept><rtept lat="57.510885" lon="12.511933"><ele>98.4</ele></rtept><rtept lat="57.510898" lon="12.511978"><ele>98.4</ele></rtept><rtept lat="57.510912" lon="12.512022"><ele>98.8</ele></rtept><rtept lat="57.510918" lon="12.512068"><ele>99.0</ele></rtept><rtept lat="57.510937" lon="12.512113"><ele>98.8</ele></rtept><rtept lat="57.51095" lon="12.512162"><ele>99.0</ele></rtept><rtept lat="57.510962" lon="12.512213"><ele>98.8</ele></rtept><rtept lat="57.510968" lon="12.512253"><ele>98.4</ele></rtept><rtept lat="57.510982" lon="12.5123"><ele>98.6</ele></rtept><rtept lat="57.510995" lon="12.51235"><ele>98.8</ele></rtept><rtept lat="57.511007" lon="12.512392"><ele>98.6</ele></rtept><rtept lat="57.511013" lon="12.512432"><ele>98.6</ele></rtept><rtept lat="57.511013" lon="12.512467"><ele>98.4</ele></rtept><rtept lat="57.511013" lon="12.512505"><ele>98.6</ele></rtept><rtept lat="57.511013" lon="12.51255"><ele>99.0</ele></rtept><rtept lat="57.511027" lon="12.512608"><ele>99.2</ele></rtept><rtept lat="57.511033" lon="12.512675"><ele>99.0</ele></rtept><rtept lat="57.51104" lon="12.512715"><ele>99.2</ele></rtept><rtept lat="57.51104" lon="12.512773"><ele>99.0</ele></rtept><rtept lat="57.51104" lon="12.512833"><ele>99.0</ele></rtept><rtept lat="57.51104" lon="12.51288"><ele>99.2</ele></rtept><rtept lat="57.511045" lon="12.512933"><ele>99.2</ele></rtept><rtept lat="57.511052" lon="12.512998"><ele>99.0</ele></rtept><rtept lat="57.511058" lon="12.513047"><ele>99.4</ele></rtept><rtept lat="57.511065" lon="12.513092"><ele>99.4</ele></rtept><rtept lat="57.511072" lon="12.513138"><ele>99.2</ele></rtept><rtept lat="57.511083" lon="12.513177"><ele>99.6</ele></rtept><rtept lat="57.51109" lon="12.513223"><ele>99.2</ele></rtept><rtept lat="57.511103" lon="12.513255"><ele>99.4</ele></rtept><rtept lat="57.511128" lon="12.51328"><ele>99.6</ele></rtept><rtept lat="57.511148" lon="12.513293"><ele>99.6</ele></rtept><rtept lat="57.511167" lon="12.513298"><ele>99.8</ele></rtept><rtept lat="57.511187" lon="12.513293"><ele>100.2</ele></rtept><rtept lat="57.511205" lon="12.51328"><ele>100.0</ele></rtept><rtept lat="57.511225" lon="12.51327"><ele>100.4</ele></rtept><rtept lat="57.51125" lon="12.51326"><ele>100.6</ele></rtept><rtept lat="57.51127" lon="12.51325"><ele>100.4</ele></rtept><rtept lat="57.511302" lon="12.513243"><ele>101.0</ele></rtept><rtept lat="57.51132" lon="12.51324"><ele>101.0</ele></rtept><rtept lat="57.511347" lon="12.513235"><ele>101.0</ele></rtept><rtept lat="57.511372" lon="12.513235"><ele>101.4</ele></rtept><rtept lat="57.511403" lon="12.513235"><ele>101.0</ele></rtept><rtept lat="57.511423" lon="12.513237"><ele>101.4</ele></rtept><rtept lat="57.511448" lon="12.513245"><ele>101.4</ele></rtept><rtept lat="57.511475" lon="12.513257"><ele>101.4</ele></rtept><rtept lat="57.511493" lon="12.51327"><ele>101.6</ele></rtept><rtept lat="57.511525" lon="12.51328"><ele>101.6</ele></rtept><rtept lat="57.511545" lon="12.51329"><ele>102.0</ele></rtept><rtept lat="57.511563" lon="12.513303"><ele>102.4</ele></rtept><rtept lat="57.51159" lon="12.513313"><ele>102.2</ele></rtept><rtept lat="57.511608" lon="12.513328"><ele>102.6</ele></rtept><rtept lat="57.511635" lon="12.513343"><ele>103.0</ele></rtept><rtept lat="57.511667" lon="12.51336"><ele>103.2</ele></rtept><rtept lat="57.511692" lon="12.513362"><ele>103.2</ele></rtept><rtept lat="57.511712" lon="12.513362"><ele>103.2</ele></rtept><rtept lat="57.511737" lon="12.51336"><ele>103.8</ele></rtept><rtept lat="57.511762" lon="12.513368"><ele>104.0</ele></rtept><rtept lat="57.511782" lon="12.51337"><ele>103.8</ele></rtept><rtept lat="57.511807" lon="12.51338"><ele>104.4</ele></rtept><rtept lat="57.511827" lon="12.513398"><ele>104.4</ele></rtept><rtept lat="57.511845" lon="12.513413"><ele>104.2</ele></rtept><rtept lat="57.511872" lon="12.513433"><ele>104.8</ele></rtept><rtept lat="57.51189" lon="12.513455"><ele>104.8</ele></rtept><rtept lat="57.51191" lon="12.513473"><ele>104.8</ele></rtept><rtept lat="57.511928" lon="12.513495"><ele>105.0</ele></rtept><rtept lat="57.511955" lon="12.513517"><ele>105.0</ele></rtept><rtept lat="57.51198" lon="12.51354"><ele>105.2</ele></rtept><rtept lat="57.512005" lon="12.513563"><ele>105.4</ele></rtept><rtept lat="57.512025" lon="12.513587"><ele>105.4</ele></rtept><rtept lat="57.512043" lon="12.513608"><ele>105.6</ele></rtept><rtept lat="57.512063" lon="12.513628"><ele>105.8</ele></rtept><rtept lat="57.512088" lon="12.513643"><ele>105.6</ele></rtept><rtept lat="57.512108" lon="12.513667"><ele>106.0</ele></rtept><rtept lat="57.512127" lon="12.513682"><ele>106.0</ele></rtept><rtept lat="57.51216" lon="12.513692"><ele>105.8</ele></rtept><rtept lat="57.512178" lon="12.5137"><ele>106.0</ele></rtept><rtept lat="57.512203" lon="12.513707"><ele>106.2</ele></rtept><rtept lat="57.51223" lon="12.513713"><ele>105.8</ele></rtept><rtept lat="57.512255" lon="12.513727"><ele>106.0</ele></rtept><rtept lat="57.512275" lon="12.513745"><ele>106.2</ele></rtept><rtept lat="57.5123" lon="12.513755"><ele>106.0</ele></rtept><rtept lat="57.51232" lon="12.513765"><ele>106.4</ele></rtept><rtept lat="57.512352" lon="12.513778"><ele>106.4</ele></rtept><rtept lat="57.512377" lon="12.513787"><ele>106.2</ele></rtept><rtept lat="57.512402" lon="12.513798"><ele>106.6</ele></rtept><rtept lat="57.512435" lon="12.51381"><ele>106.6</ele></rtept><rtept lat="57.512453" lon="12.513822"><ele>106.6</ele></rtept><rtept lat="57.51248" lon="12.513838"><ele>106.8</ele></rtept><rtept lat="57.512505" lon="12.513855"><ele>106.6</ele></rtept><rtept lat="57.512523" lon="12.513867"><ele>106.6</ele></rtept><rtept lat="57.51255" lon="12.51388"><ele>106.8</ele></rtept><rtept lat="57.512575" lon="12.513895"><ele>106.6</ele></rtept><rtept lat="57.512595" lon="12.513907"><ele>106.4</ele></rtept><rtept lat="57.512613" lon="12.513923"><ele>106.4</ele></rtept><rtept lat="57.51264" lon="12.51394"><ele>106.4</ele></rtept><rtept lat="57.512665" lon="12.513955"><ele>106.0</ele></rtept><rtept lat="57.512683" lon="12.51397"><ele>106.2</ele></rtept><rtept lat="57.512717" lon="12.51398"><ele>106.2</ele></rtept><rtept lat="57.512735" lon="12.51399"><ele>105.8</ele></rtept><rtept lat="57.51276" lon="12.513998"><ele>105.6</ele></rtept><rtept lat="57.512793" lon="12.513998"><ele>105.8</ele></rtept><rtept lat="57.512818" lon="12.513998"><ele>105.2</ele></rtept><rtept lat="57.512843" lon="12.514"><ele>105.2</ele></rtept><rtept lat="57.512877" lon="12.514"><ele>105.2</ele></rtept><rtept lat="57.512895" lon="12.514003"><ele>104.4</ele></rtept><rtept lat="57.51292" lon="12.51401"><ele>104.0</ele></rtept><rtept lat="57.512953" lon="12.514017"><ele>103.8</ele></rtept><rtept lat="57.512985" lon="12.514035"><ele>103.4</ele></rtept><rtept lat="57.513023" lon="12.51406"><ele>103.2</ele></rtept><rtept lat="57.513062" lon="12.51408"><ele>103.2</ele></rtept><rtept lat="57.513087" lon="12.514093"><ele>102.8</ele></rtept><rtept lat="57.513113" lon="12.514082"><ele>102.4</ele></rtept><rtept lat="57.513138" lon="12.514073"><ele>102.4</ele></rtept><rtept lat="57.513163" lon="12.51406"><ele>101.6</ele></rtept><rtept lat="57.513197" lon="12.514043"><ele>101.4</ele></rtept><rtept lat="57.513222" lon="12.514023"><ele>101.2</ele></rtept><rtept lat="57.513247" lon="12.514003"><ele>100.6</ele></rtept><rtept lat="57.513273" lon="12.513978"><ele>100.2</ele></rtept><rtept lat="57.513292" lon="12.51394"><ele>100.2</ele></rtept><rtept lat="57.513312" lon="12.5139"><ele>99.6</ele></rtept><rtept lat="57.51333" lon="12.513863"><ele>99.2</ele></rtept><rtept lat="57.513343" lon="12.513812"><ele>99.2</ele></rtept><rtept lat="57.513362" lon="12.513767"><ele>98.6</ele></rtept><rtept lat="57.513375" lon="12.513727"><ele>98.2</ele></rtept><rtept lat="57.513395" lon="12.513685"><ele>98.2</ele></rtept><rtept lat="57.513407" lon="12.513632"><ele>97.8</ele></rtept><rtept lat="57.51342" lon="12.51358"><ele>97.4</ele></rtept><rtept lat="57.513433" lon="12.513527"><ele>97.4</ele></rtept><rtept lat="57.513445" lon="12.513478"><ele>97.0</ele></rtept><rtept lat="57.513458" lon="12.513433"><ele>96.6</ele></rtept><rtept lat="57.513472" lon="12.513385"><ele>96.4</ele></rtept><rtept lat="57.51349" lon="12.513335"><ele>96.0</ele></rtept><rtept lat="57.51351" lon="12.513295"><ele>95.2</ele></rtept><rtept lat="57.513528" lon="12.513245"><ele>95.2</ele></rtept><rtept lat="57.513548" lon="12.513215"><ele>95.2</ele></rtept><rtept lat="57.513573" lon="12.513187"><ele>94.4</ele></rtept><rtept lat="57.513605" lon="12.51317"><ele>94.4</ele></rtept><rtept lat="57.513632" lon="12.513145"><ele>94.2</ele></rtept><rtept lat="57.51365" lon="12.513125"><ele>93.4</ele></rtept><rtept lat="57.513677" lon="12.5131"><ele>93.4</ele></rtept><rtept lat="57.513702" lon="12.513085"><ele>93.0</ele></rtept><rtept lat="57.513727" lon="12.513067"><ele>92.6</ele></rtept><rtept lat="57.513753" lon="12.513032"><ele>92.6</ele></rtept><rtept lat="57.513778" lon="12.513005"><ele>92.2</ele></rtept><rtept lat="57.513798" lon="12.512968"><ele>92.0</ele></rtept><rtept lat="57.513837" lon="12.512928"><ele>92.2</ele></rtept><rtept lat="57.513868" lon="12.512903"><ele>91.6</ele></rtept><rtept lat="57.513893" lon="12.512872"><ele>91.4</ele></rtept><rtept lat="57.513925" lon="12.512853"><ele>91.6</ele></rtept><rtept lat="57.513945" lon="12.512828"><ele>91.2</ele></rtept><rtept lat="57.51397" lon="12.512807"><ele>91.0</ele></rtept><rtept lat="57.51399" lon="12.512782"><ele>91.2</ele></rtept><rtept lat="57.514015" lon="12.512748"><ele>90.6</ele></rtept><rtept lat="57.514035" lon="12.51271"><ele>90.8</ele></rtept><rtept lat="57.514067" lon="12.512675"><ele>90.8</ele></rtept><rtept lat="57.514092" lon="12.512643"><ele>90.4</ele></rtept><rtept lat="57.514118" lon="12.512608"><ele>90.6</ele></rtept><rtept lat="57.514143" lon="12.512597"><ele>90.8</ele></rtept><rtept lat="57.514168" lon="12.512583"><ele>90.4</ele></rtept><rtept lat="57.514195" lon="12.512543"><ele>90.6</ele></rtept><rtept lat="57.51422" lon="12.512512"><ele>90.4</ele></rtept><rtept lat="57.514245" lon="12.512485"><ele>89.8</ele></rtept><rtept lat="57.514265" lon="12.512447"><ele>90.0</ele></rtept><rtept lat="57.51429" lon="12.512415"><ele>89.6</ele></rtept><rtept lat="57.514322" lon="12.512385"><ele>89.4</ele></rtept><rtept lat="57.514348" lon="12.512358"><ele>89.4</ele></rtept><rtept lat="57.514373" lon="12.512332"><ele>89.0</ele></rtept><rtept lat="57.514393" lon="12.5123"><ele>89.2</ele></rtept><rtept lat="57.514412" lon="12.512272"><ele>89.2</ele></rtept><rtept lat="57.514438" lon="12.51224"><ele>88.8</ele></rtept><rtept lat="57.514477" lon="12.512207"><ele>89.4</ele></rtept><rtept lat="57.514508" lon="12.512167"><ele>89.6</ele></rtept><rtept lat="57.514527" lon="12.512153"><ele>89.4</ele></rtept><rtept lat="57.514553" lon="12.51214"><ele>89.4</ele></rtept><rtept lat="57.514572" lon="12.512122"><ele>89.6</ele></rtept><rtept lat="57.514592" lon="12.512103"><ele>89.6</ele></rtept><rtept lat="57.51461" lon="12.512087"><ele>90.0</ele></rtept><rtept lat="57.51463" lon="12.512073"><ele>90.4</ele></rtept><rtept lat="57.514648" lon="12.512055"><ele>90.4</ele></rtept><rtept lat="57.514668" lon="12.512035"><ele>90.8</ele></rtept><rtept lat="57.5147" lon="12.512"><ele>91.2</ele></rtept><rtept lat="57.514718" lon="12.511985"><ele>91.8</ele></rtept><rtept lat="57.514738" lon="12.511975"><ele>91.8</ele></rtept><rtept lat="57.514763" lon="12.511958"><ele>91.6</ele></rtept><rtept lat="57.514783" lon="12.51194"><ele>92.2</ele></rtept><rtept lat="57.514808" lon="12.511923"><ele>92.0</ele></rtept><rtept lat="57.514828" lon="12.511905"><ele>92.0</ele></rtept><rtept lat="57.514847" lon="12.511885"><ele>92.2</ele></rtept><rtept lat="57.514867" lon="12.511865"><ele>91.8</ele></rtept><rtept lat="57.514898" lon="12.511823"><ele>92.8</ele></rtept><rtept lat="57.514923" lon="12.5118"><ele>92.8</ele></rtept><rtept lat="57.514957" lon="12.51176"><ele>93.2</ele></rtept><rtept lat="57.514975" lon="12.51173"><ele>93.4</ele></rtept><rtept lat="57.514988" lon="12.511702"><ele>93.2</ele></rtept><rtept lat="57.51502" lon="12.511677"><ele>93.6</ele></rtept><rtept lat="57.51504" lon="12.511652"><ele>93.8</ele></rtept><rtept lat="57.515065" lon="12.511613"><ele>93.4</ele></rtept><rtept lat="57.515078" lon="12.511587"><ele>93.6</ele></rtept><rtept lat="57.515097" lon="12.511558"><ele>93.4</ele></rtept><rtept lat="57.515117" lon="12.511528"><ele>93.4</ele></rtept><rtept lat="57.515135" lon="12.511507"><ele>93.6</ele></rtept><rtept lat="57.515148" lon="12.511482"><ele>93.4</ele></rtept><rtept lat="57.515173" lon="12.511453"><ele>93.4</ele></rtept><rtept lat="57.515193" lon="12.511433"><ele>93.4</ele></rtept><rtept lat="57.515218" lon="12.511408"><ele>93.2</ele></rtept><rtept lat="57.51525" lon="12.511382"><ele>93.2</ele></rtept><rtept lat="57.515282" lon="12.511347"><ele>93.6</ele></rtept><rtept lat="57.515302" lon="12.51132"><ele>93.4</ele></rtept><rtept lat="57.51532" lon="12.511295"><ele>93.6</ele></rtept><rtept lat="57.515347" lon="12.511278"><ele>93.8</ele></rtept><rtept lat="57.515378" lon="12.511268"><ele>93.8</ele></rtept><rtept lat="57.515403" lon="12.511262"><ele>94.2</ele></rtept><rtept lat="57.51543" lon="12.511263"><ele>94.4</ele></rtept><rtept lat="57.515455" lon="12.511268"><ele>94.2</ele></rtept><rtept lat="57.515475" lon="12.511268"><ele>94.8</ele></rtept><rtept lat="57.515493" lon="12.511282"><ele>94.8</ele></rtept><rtept lat="57.51552" lon="12.511298"><ele>94.6</ele></rtept><rtept lat="57.515552" lon="12.511322"><ele>95.0</ele></rtept><rtept lat="57.515583" lon="12.511358"><ele>95.0</ele></rtept><rtept lat="57.515608" lon="12.511383"><ele>95.0</ele></rtept><rtept lat="57.51564" lon="12.511407"><ele>95.2</ele></rtept><rtept lat="57.515673" lon="12.511428"><ele>95.0</ele></rtept><rtept lat="57.515692" lon="12.511447"><ele>95.6</ele></rtept><rtept lat="57.515723" lon="12.511483"><ele>95.6</ele></rtept><rtept lat="57.515743" lon="12.5115"><ele>96.0</ele></rtept><rtept lat="57.515762" lon="12.511512"><ele>95.8</ele></rtept><rtept lat="57.515788" lon="12.511518"><ele>95.8</ele></rtept><rtept lat="57.515813" lon="12.511533"><ele>96.2</ele></rtept><rtept lat="57.515833" lon="12.511552"><ele>96.0</ele></rtept><rtept lat="57.515852" lon="12.511565"><ele>96.0</ele></rtept><rtept lat="57.515878" lon="12.511573"><ele>96.2</ele></rtept><rtept lat="57.515903" lon="12.51159"><ele>96.0</ele></rtept><rtept lat="57.515928" lon="12.511605"><ele>96.2</ele></rtept><rtept lat="57.515955" lon="12.511627"><ele>96.2</ele></rtept><rtept lat="57.51598" lon="12.511645"><ele>95.8</ele></rtept><rtept lat="57.515998" lon="12.511672"><ele>96.0</ele></rtept><rtept lat="57.516018" lon="12.511702"><ele>96.0</ele></rtept><rtept lat="57.516038" lon="12.511727"><ele>95.6</ele></rtept><rtept lat="57.516057" lon="12.51175"><ele>95.8</ele></rtept><rtept lat="57.516077" lon="12.511783"><ele>95.8</ele></rtept><rtept lat="57.516095" lon="12.51181"><ele>95.4</ele></rtept><rtept lat="57.516115" lon="12.51184"><ele>95.6</ele></rtept><rtept lat="57.51614" lon="12.51188"><ele>95.4</ele></rtept><rtept lat="57.516178" lon="12.51191"><ele>95.0</ele></rtept><rtept lat="57.516217" lon="12.51194"><ele>95.0</ele></rtept><rtept lat="57.516262" lon="12.511953"><ele>95.2</ele></rtept><rtept lat="57.516325" lon="12.511968"><ele>94.8</ele></rtept><rtept lat="57.516377" lon="12.511963"><ele>95.0</ele></rtept><rtept lat="57.516408" lon="12.511985"><ele>94.6</ele></rtept><rtept lat="57.51644" lon="12.512003"><ele>94.4</ele></rtept><rtept lat="57.516467" lon="12.512028"><ele>94.4</ele></rtept><rtept lat="57.516512" lon="12.512035"><ele>94.0</ele></rtept><rtept lat="57.516543" lon="12.512038"><ele>94.0</ele></rtept><rtept lat="57.516582" lon="12.512028"><ele>94.0</ele></rtept><rtept lat="57.516613" lon="12.512038"><ele>93.6</ele></rtept><rtept lat="57.516645" lon="12.512025"><ele>93.8</ele></rtept><rtept lat="57.516678" lon="12.512023"><ele>93.6</ele></rtept><rtept lat="57.51671" lon="12.51202"><ele>93.4</ele></rtept><rtept lat="57.516735" lon="12.51201"><ele>93.6</ele></rtept><rtept lat="57.516773" lon="12.512002"><ele>93.4</ele></rtept><rtept lat="57.5168" lon="12.511998"><ele>93.0</ele></rtept><rtept lat="57.516818" lon="12.511965"><ele>93.2</ele></rtept><rtept lat="57.516838" lon="12.511938"><ele>93.0</ele></rtept><rtept lat="57.516863" lon="12.511935"><ele>93.0</ele></rtept><rtept lat="57.516882" lon="12.511935"><ele>93.0</ele></rtept><rtept lat="57.516908" lon="12.51194"><ele>92.6</ele></rtept><rtept lat="57.516927" lon="12.51193"><ele>93.0</ele></rtept><rtept lat="57.51696" lon="12.511918"><ele>93.2</ele></rtept><rtept lat="57.516985" lon="12.511885"><ele>92.8</ele></rtept><rtept lat="57.517003" lon="12.511857"><ele>93.0</ele></rtept><rtept lat="57.51703" lon="12.511837"><ele>92.8</ele></rtept><rtept lat="57.517048" lon="12.51182"><ele>92.6</ele></rtept><rtept lat="57.517093" lon="12.511782"><ele>92.8</ele></rtept><rtept lat="57.517125" lon="12.51176"><ele>92.6</ele></rtept><rtept lat="57.517145" lon="12.511755"><ele>92.6</ele></rtept><rtept lat="57.517163" lon="12.51175"><ele>92.6</ele></rtept><rtept lat="57.517183" lon="12.511732"><ele>92.2</ele></rtept><rtept lat="57.517202" lon="12.511712"><ele>92.6</ele></rtept><rtept lat="57.517235" lon="12.511715"><ele>92.4</ele></rtept><rtept lat="57.517267" lon="12.5117"><ele>92.2</ele></rtept><rtept lat="57.517298" lon="12.5117"><ele>92.6</ele></rtept><rtept lat="57.517323" lon="12.511707"><ele>92.2</ele></rtept><rtept lat="57.517343" lon="12.511698"><ele>92.4</ele></rtept><rtept lat="57.517368" lon="12.51168"><ele>92.6</ele></rtept><rtept lat="57.517395" lon="12.511665"><ele>92.2</ele></rtept><rtept lat="57.51742" lon="12.511657"><ele>92.4</ele></rtept><rtept lat="57.51744" lon="12.511645"><ele>92.6</ele></rtept><rtept lat="57.517458" lon="12.511632"><ele>92.2</ele></rtept><rtept lat="57.517497" lon="12.51162"><ele>92.2</ele></rtept><rtept lat="57.517522" lon="12.511618"><ele>92.0</ele></rtept><rtept lat="57.517548" lon="12.511622"><ele>92.2</ele></rtept><rtept lat="57.51758" lon="12.511627"><ele>91.8</ele></rtept><rtept lat="57.5176" lon="12.511632"><ele>91.6</ele></rtept><rtept lat="57.517625" lon="12.511632"><ele>91.8</ele></rtept><rtept lat="57.51765" lon="12.511632"><ele>91.4</ele></rtept><rtept lat="57.51767" lon="12.51163"><ele>91.4</ele></rtept><rtept lat="57.517702" lon="12.51163"><ele>91.4</ele></rtept><rtept lat="57.517727" lon="12.511632"><ele>91.0</ele></rtept><rtept lat="57.51776" lon="12.511622"><ele>91.2</ele></rtept><rtept lat="57.517792" lon="12.511612"><ele>91.4</ele></rtept><rtept lat="57.517823" lon="12.511607"><ele>91.2</ele></rtept><rtept lat="57.517855" lon="12.51161"><ele>91.4</ele></rtept><rtept lat="57.51788" lon="12.511607"><ele>91.4</ele></rtept><rtept lat="57.5179" lon="12.511607"><ele>91.2</ele></rtept><rtept lat="57.517932" lon="12.511612"><ele>91.2</ele></rtept><rtept lat="57.517963" lon="12.511618"><ele>91.0</ele></rtept><rtept lat="57.51799" lon="12.511638"><ele>90.8</ele></rtept><rtept lat="57.518015" lon="12.511657"><ele>90.8</ele></rtept><rtept lat="57.51804" lon="12.511665"><ele>90.6</ele></rtept><rtept lat="57.518067" lon="12.511672"><ele>90.4</ele></rtept><rtept lat="57.518098" lon="12.511682"><ele>90.4</ele></rtept><rtept lat="57.518123" lon="12.511695"><ele>90.0</ele></rtept><rtept lat="57.518162" lon="12.511705"><ele>90.2</ele></rtept><rtept lat="57.518188" lon="12.511725"><ele>90.0</ele></rtept><rtept lat="57.518213" lon="12.511742"><ele>89.6</ele></rtept><rtept lat="57.518245" lon="12.511762"><ele>89.8</ele></rtept><rtept lat="57.518278" lon="12.511777"><ele>89.6</ele></rtept><rtept lat="57.518297" lon="12.511797"><ele>89.4</ele></rtept><rtept lat="57.518322" lon="12.511807"><ele>89.4</ele></rtept><rtept lat="57.518355" lon="12.51182"><ele>89.0</ele></rtept><rtept lat="57.51838" lon="12.511838"><ele>89.4</ele></rtept><rtept lat="57.5184" lon="12.511857"><ele>89.4</ele></rtept><rtept lat="57.518418" lon="12.511868"><ele>89.2</ele></rtept><rtept lat="57.51845" lon="12.51188"><ele>89.2</ele></rtept><rtept lat="57.518477" lon="12.511888"><ele>89.0</ele></rtept><rtept lat="57.518508" lon="12.511898"><ele>89.0</ele></rtept><rtept lat="57.518533" lon="12.511905"><ele>89.0</ele></rtept><rtept lat="57.518572" lon="12.51191"><ele>88.8</ele></rtept><rtept lat="57.518598" lon="12.51191"><ele>89.2</ele></rtept><rtept lat="57.518623" lon="12.51191"><ele>89.2</ele></rtept><rtept lat="57.518648" lon="12.511903"><ele>89.0</ele></rtept><rtept lat="57.518675" lon="12.5119"><ele>89.2</ele></rtept><rtept lat="57.518707" lon="12.511903"><ele>88.8</ele></rtept><rtept lat="57.518738" lon="12.5119"><ele>88.6</ele></rtept><rtept lat="57.51877" lon="12.511905"><ele>88.8</ele></rtept><rtept lat="57.518797" lon="12.511922"><ele>88.4</ele></rtept><rtept lat="57.518822" lon="12.511935"><ele>88.4</ele></rtept><rtept lat="57.518853" lon="12.511955"><ele>88.4</ele></rtept><rtept lat="57.51888" lon="12.51197"><ele>88.0</ele></rtept><rtept lat="57.518912" lon="12.511982"><ele>88.0</ele></rtept><rtept lat="57.518943" lon="12.511993"><ele>88.2</ele></rtept><rtept lat="57.518975" lon="12.512002"><ele>87.8</ele></rtept><rtept lat="57.519007" lon="12.512008"><ele>88.0</ele></rtept><rtept lat="57.519033" lon="12.51201"><ele>87.6</ele></rtept><rtept lat="57.519058" lon="12.512003"><ele>87.8</ele></rtept><rtept lat="57.51909" lon="12.512002"><ele>87.8</ele></rtept><rtept lat="57.519122" lon="12.512003"><ele>87.2</ele></rtept><rtept lat="57.519148" lon="12.512002"><ele>87.4</ele></rtept><rtept lat="57.519167" lon="12.511998"><ele>87.8</ele></rtept><rtept lat="57.519193" lon="12.512002"><ele>87.4</ele></rtept><rtept lat="57.519225" lon="12.511995"><ele>87.8</ele></rtept><rtept lat="57.519263" lon="12.511995"><ele>87.4</ele></rtept><rtept lat="57.519295" lon="12.511993"><ele>87.4</ele></rtept><rtept lat="57.519333" lon="12.51199"><ele>87.6</ele></rtept><rtept lat="57.519365" lon="12.511998"><ele>87.4</ele></rtept><rtept lat="57.519392" lon="12.512002"><ele>87.8</ele></rtept><rtept lat="57.519417" lon="12.512"><ele>87.8</ele></rtept><rtept lat="57.519442" lon="12.511995"><ele>87.6</ele></rtept><rtept lat="57.519475" lon="12.511988"><ele>88.0</ele></rtept><rtept lat="57.519493" lon="12.511993"><ele>87.8</ele></rtept><rtept lat="57.51952" lon="12.512002"><ele>88.0</ele></rtept><rtept lat="57.519545" lon="12.512008"><ele>88.2</ele></rtept><rtept lat="57.51957" lon="12.51201"><ele>88.0</ele></rtept><rtept lat="57.519597" lon="12.51201"><ele>88.4</ele></rtept><rtept lat="57.519628" lon="12.512018"><ele>88.6</ele></rtept><rtept lat="57.519667" lon="12.512022"><ele>88.4</ele></rtept><rtept lat="57.519698" lon="12.512018"><ele>88.8</ele></rtept><rtept lat="57.519737" lon="12.51202"><ele>88.6</ele></rtept><rtept lat="57.519768" lon="12.512023"><ele>88.6</ele></rtept><rtept lat="57.5198" lon="12.512028"><ele>88.8</ele></rtept><rtept lat="57.519833" lon="12.512023"><ele>88.4</ele></rtept><rtept lat="57.519865" lon="12.512023"><ele>88.6</ele></rtept><rtept lat="57.51989" lon="12.512028"><ele>88.8</ele></rtept><rtept lat="57.519917" lon="12.512028"><ele>88.4</ele></rtept><rtept lat="57.519942" lon="12.512028"><ele>88.8</ele></rtept><rtept lat="57.519973" lon="12.512028"><ele>88.6</ele></rtept><rtept lat="57.520005" lon="12.512035"><ele>88.4</ele></rtept><rtept lat="57.520032" lon="12.51204"><ele>88.6</ele></rtept><rtept lat="57.520063" lon="12.512043"><ele>88.4</ele></rtept><rtept lat="57.520088" lon="12.51205"><ele>88.2</ele></rtept><rtept lat="57.52012" lon="12.512055"><ele>88.2</ele></rtept><rtept lat="57.520147" lon="12.512062"><ele>88.0</ele></rtept><rtept lat="57.520172" lon="12.512073"><ele>87.8</ele></rtept><rtept lat="57.520203" lon="12.512078"><ele>88.0</ele></rtept><rtept lat="57.52023" lon="12.512087"><ele>87.4</ele></rtept><rtept lat="57.520262" lon="12.512092"><ele>87.4</ele></rtept><rtept lat="57.520287" lon="12.512093"><ele>87.2</ele></rtept><rtept lat="57.520307" lon="12.512097"><ele>86.8</ele></rtept><rtept lat="57.520338" lon="12.512102"><ele>86.8</ele></rtept><rtept lat="57.520363" lon="12.512107"><ele>86.8</ele></rtept><rtept lat="57.520397" lon="12.512113"><ele>86.4</ele></rtept><rtept lat="57.520422" lon="12.512117"><ele>86.4</ele></rtept><rtept lat="57.52046" lon="12.512118"><ele>86.0</ele></rtept><rtept lat="57.52048" lon="12.512113"><ele>85.6</ele></rtept><rtept lat="57.520518" lon="12.512102"><ele>85.8</ele></rtept><rtept lat="57.520543" lon="12.512098"><ele>85.4</ele></rtept><rtept lat="57.520562" lon="12.512093"><ele>85.4</ele></rtept><rtept lat="57.520588" lon="12.512093"><ele>85.6</ele></rtept><rtept lat="57.520627" lon="12.512097"><ele>85.0</ele></rtept><rtept lat="57.520645" lon="12.512102"><ele>85.4</ele></rtept><rtept lat="57.520678" lon="12.512107"><ele>85.4</ele></rtept><rtept lat="57.520703" lon="12.512103"><ele>85.2</ele></rtept><rtept lat="57.520728" lon="12.512102"><ele>85.6</ele></rtept><rtept lat="57.520748" lon="12.512098"><ele>85.2</ele></rtept><rtept lat="57.520773" lon="12.512098"><ele>85.2</ele></rtept><rtept lat="57.5208" lon="12.5121"><ele>85.4</ele></rtept><rtept lat="57.520818" lon="12.512098"><ele>85.0</ele></rtept><rtept lat="57.520843" lon="12.512097"><ele>85.2</ele></rtept><rtept lat="57.520877" lon="12.512102"><ele>85.4</ele></rtept><rtept lat="57.520902" lon="12.512107"><ele>85.2</ele></rtept><rtept lat="57.520927" lon="12.512117"><ele>85.4</ele></rtept><rtept lat="57.52096" lon="12.51212"><ele>85.6</ele></rtept><rtept lat="57.520985" lon="12.512128"><ele>85.2</ele></rtept><rtept lat="57.521003" lon="12.512128"><ele>85.6</ele></rtept><rtept lat="57.521037" lon="12.512128"><ele>85.4</ele></rtept><rtept lat="57.521068" lon="12.512123"><ele>85.4</ele></rtept><rtept lat="57.521093" lon="12.51212"><ele>85.8</ele></rtept><rtept lat="57.52112" lon="12.512115"><ele>85.6</ele></rtept><rtept lat="57.521145" lon="12.512102"><ele>86.2</ele></rtept><rtept lat="57.52117" lon="12.512092"><ele>86.2</ele></rtept><rtept lat="57.521202" lon="12.512075"><ele>86.0</ele></rtept><rtept lat="57.521235" lon="12.512062"><ele>86.6</ele></rtept><rtept lat="57.52126" lon="12.512062"><ele>86.4</ele></rtept><rtept lat="57.52128" lon="12.512058"><ele>86.4</ele></rtept><rtept lat="57.521298" lon="12.512053"><ele>86.8</ele></rtept><rtept lat="57.521323" lon="12.512047"><ele>86.6</ele></rtept><rtept lat="57.521357" lon="12.51204"><ele>86.8</ele></rtept><rtept lat="57.521382" lon="12.512035"><ele>87.0</ele></rtept><rtept lat="57.521413" lon="12.512028"><ele>86.8</ele></rtept><rtept lat="57.52144" lon="12.512022"><ele>87.2</ele></rtept><rtept lat="57.521458" lon="12.512015"><ele>87.2</ele></rtept><rtept lat="57.521483" lon="12.512"><ele>87.2</ele></rtept><rtept lat="57.521503" lon="12.511993"><ele>87.6</ele></rtept><rtept lat="57.521528" lon="12.511975"><ele>87.8</ele></rtept><rtept lat="57.52156" lon="12.511955"><ele>88.4</ele></rtept><rtept lat="57.52158" lon="12.511943"><ele>88.6</ele></rtept><rtept lat="57.5216" lon="12.511922"><ele>88.6</ele></rtept><rtept lat="57.521632" lon="12.511903"><ele>89.0</ele></rtept><rtept lat="57.521657" lon="12.511895"><ele>89.2</ele></rtept><rtept lat="57.521682" lon="12.511893"><ele>89.0</ele></rtept><rtept lat="57.521715" lon="12.51188"><ele>89.4</ele></rtept><rtept lat="57.52174" lon="12.511857"><ele>89.2</ele></rtept><rtept lat="57.521785" lon="12.511832"><ele>89.2</ele></rtept><rtept lat="57.521817" lon="12.511812"><ele>89.2</ele></rtept><rtept lat="57.521848" lon="12.51179"><ele>89.0</ele></rtept><rtept lat="57.521875" lon="12.511772"><ele>89.0</ele></rtept><rtept lat="57.5219" lon="12.51176"><ele>89.2</ele></rtept><rtept lat="57.521932" lon="12.51175"><ele>88.8</ele></rtept><rtept lat="57.521963" lon="12.51174"><ele>89.0</ele></rtept><rtept lat="57.52199" lon="12.511727"><ele>88.8</ele></rtept><rtept lat="57.522015" lon="12.511727"><ele>88.4</ele></rtept><rtept lat="57.522047" lon="12.511732"><ele>88.4</ele></rtept><rtept lat="57.522085" lon="12.511722"><ele>88.4</ele></rtept><rtept lat="57.522112" lon="12.511702"><ele>88.0</ele></rtept><rtept lat="57.522137" lon="12.511687"><ele>88.0</ele></rtept><rtept lat="57.522168" lon="12.51167"><ele>88.2</ele></rtept><rtept lat="57.522195" lon="12.511645"><ele>87.4</ele></rtept><rtept lat="57.52222" lon="12.511612"><ele>87.4</ele></rtept><rtept lat="57.522252" lon="12.511587"><ele>87.2</ele></rtept><rtept lat="57.522272" lon="12.511565"><ele>86.6</ele></rtept><rtept lat="57.52229" lon="12.511548"><ele>86.6</ele></rtept><rtept lat="57.522328" lon="12.511533"><ele>86.4</ele></rtept><rtept lat="57.52236" lon="12.511527"><ele>85.6</ele></rtept><rtept lat="57.5224" lon="12.511517"><ele>85.6</ele></rtept><rtept lat="57.522432" lon="12.5115"><ele>85.6</ele></rtept><rtept lat="57.522463" lon="12.511483"><ele>85.0</ele></rtept><rtept lat="57.522488" lon="12.511472"><ele>85.0</ele></rtept><rtept lat="57.522515" lon="12.51146"><ele>84.4</ele></rtept><rtept lat="57.522547" lon="12.511447"><ele>84.0</ele></rtept><rtept lat="57.522572" lon="12.511433"><ele>84.0</ele></rtept><rtept lat="57.522603" lon="12.511428"><ele>83.6</ele></rtept><rtept lat="57.52263" lon="12.511432"><ele>83.6</ele></rtept><rtept lat="57.522662" lon="12.511428"><ele>83.6</ele></rtept><rtept lat="57.522687" lon="12.511428"><ele>83.4</ele></rtept><rtept lat="57.522713" lon="12.51142"><ele>83.6</ele></rtept><rtept lat="57.522745" lon="12.511412"><ele>83.6</ele></rtept><rtept lat="57.52277" lon="12.511398"><ele>83.4</ele></rtept><rtept lat="57.52279" lon="12.511388"><ele>83.4</ele></rtept><rtept lat="57.522822" lon="12.511373"><ele>82.8</ele></rtept><rtept lat="57.522847" lon="12.511358"><ele>83.2</ele></rtept><rtept lat="57.52288" lon="12.511348"><ele>83.2</ele></rtept><rtept lat="57.522912" lon="12.511342"><ele>82.6</ele></rtept><rtept lat="57.522937" lon="12.511333"><ele>82.6</ele></rtept><rtept lat="57.522962" lon="12.511328"><ele>82.4</ele></rtept><rtept lat="57.522995" lon="12.511322"><ele>82.0</ele></rtept><rtept lat="57.523027" lon="12.511302"><ele>82.2</ele></rtept><rtept lat="57.523045" lon="12.51128"><ele>81.8</ele></rtept><rtept lat="57.523072" lon="12.511262"><ele>81.6</ele></rtept><rtept lat="57.52309" lon="12.511243"><ele>81.6</ele></rtept><rtept lat="57.523122" lon="12.51124"><ele>81.2</ele></rtept><rtept lat="57.523155" lon="12.511233"><ele>81.2</ele></rtept><rtept lat="57.523187" lon="12.51123"><ele>81.0</ele></rtept><rtept lat="57.523205" lon="12.511228"><ele>80.4</ele></rtept><rtept lat="57.52325" lon="12.511222"><ele>80.8</ele></rtept><rtept lat="57.52327" lon="12.511213"><ele>80.8</ele></rtept><rtept lat="57.523288" lon="12.5112"><ele>80.2</ele></rtept><rtept lat="57.523315" lon="12.511185"><ele>80.6</ele></rtept><rtept lat="57.52334" lon="12.51117"><ele>80.2</ele></rtept><rtept lat="57.523358" lon="12.511148"><ele>79.8</ele></rtept><rtept lat="57.523378" lon="12.511128"><ele>80.0</ele></rtept><rtept lat="57.523403" lon="12.511085"><ele>79.6</ele></rtept><rtept lat="57.52343" lon="12.51104"><ele>79.4</ele></rtept><rtept lat="57.523448" lon="12.511005"><ele>79.6</ele></rtept><rtept lat="57.523468" lon="12.510978"><ele>79.2</ele></rtept><rtept lat="57.523507" lon="12.510935"><ele>79.4</ele></rtept><rtept lat="57.523525" lon="12.510907"><ele>79.0</ele></rtept><rtept lat="57.523552" lon="12.510878"><ele>79.2</ele></rtept><rtept lat="57.52357" lon="12.510843"><ele>79.0</ele></rtept><rtept lat="57.52359" lon="12.510812"><ele>78.6</ele></rtept><rtept lat="57.523602" lon="12.510772"><ele>78.8</ele></rtept><rtept lat="57.523615" lon="12.510727"><ele>79.0</ele></rtept><rtept lat="57.523635" lon="12.510688"><ele>78.6</ele></rtept><rtept lat="57.523653" lon="12.510672"><ele>78.6</ele></rtept><rtept lat="57.523673" lon="12.510642"><ele>78.0</ele></rtept><rtept lat="57.523685" lon="12.510615"><ele>78.0</ele></rtept><rtept lat="57.523705" lon="12.510588"><ele>78.0</ele></rtept><rtept lat="57.523723" lon="12.510558"><ele>77.4</ele></rtept><rtept lat="57.523743" lon="12.51052"><ele>77.6</ele></rtept><rtept lat="57.523757" lon="12.51049"><ele>77.8</ele></rtept><rtept lat="57.523775" lon="12.510438"><ele>77.6</ele></rtept><rtept lat="57.523788" lon="12.510408"><ele>77.4</ele></rtept><rtept lat="57.523795" lon="12.51037"><ele>77.4</ele></rtept><rtept lat="57.5238" lon="12.510337"><ele>77.6</ele></rtept><rtept lat="57.523813" lon="12.510292"><ele>77.4</ele></rtept><rtept lat="57.52382" lon="12.510238"><ele>77.8</ele></rtept><rtept lat="57.523827" lon="12.510192"><ele>78.0</ele></rtept><rtept lat="57.523827" lon="12.510153"><ele>77.6</ele></rtept><rtept lat="57.523833" lon="12.510108"><ele>78.0</ele></rtept><rtept lat="57.523833" lon="12.510058"><ele>77.6</ele></rtept><rtept lat="57.523827" lon="12.510007"><ele>77.6</ele></rtept><rtept lat="57.523827" lon="12.509972"><ele>77.8</ele></rtept><rtept lat="57.523813" lon="12.509925"><ele>77.6</ele></rtept><rtept lat="57.523813" lon="12.509868"><ele>77.8</ele></rtept><rtept lat="57.5238" lon="12.509808"><ele>78.0</ele></rtept><rtept lat="57.523807" lon="12.50975"><ele>77.8</ele></rtept><rtept lat="57.523813" lon="12.509703"><ele>78.2</ele></rtept><rtept lat="57.52382" lon="12.509658"><ele>78.0</ele></rtept><rtept lat="57.52382" lon="12.509605"><ele>78.0</ele></rtept><rtept lat="57.523813" lon="12.509545"><ele>78.2</ele></rtept><rtept lat="57.523813" lon="12.509493"><ele>77.8</ele></rtept><rtept lat="57.523807" lon="12.509438"><ele>78.2</ele></rtept><rtept lat="57.5238" lon="12.509387"><ele>78.2</ele></rtept><rtept lat="57.5238" lon="12.50934"><ele>77.8</ele></rtept><rtept lat="57.5238" lon="12.509293"><ele>78.0</ele></rtept><rtept lat="57.5238" lon="12.50925"><ele>77.6</ele></rtept><rtept lat="57.5238" lon="12.509198"><ele>77.4</ele></rtept><rtept lat="57.5238" lon="12.509162"><ele>77.6</ele></rtept><rtept lat="57.5238" lon="12.50912"><ele>77.4</ele></rtept><rtept lat="57.5238" lon="12.509068"><ele>77.2</ele></rtept><rtept lat="57.523795" lon="12.508995"><ele>77.2</ele></rtept><rtept lat="57.523795" lon="12.508935"><ele>76.8</ele></rtept><rtept lat="57.5238" lon="12.50889"><ele>76.8</ele></rtept><rtept lat="57.5238" lon="12.50884"><ele>76.6</ele></rtept><rtept lat="57.5238" lon="12.5088"><ele>76.0</ele></rtept><rtept lat="57.523788" lon="12.508747"><ele>76.2</ele></rtept><rtept lat="57.523775" lon="12.508688"><ele>76.2</ele></rtept><rtept lat="57.523762" lon="12.508627"><ele>75.6</ele></rtept><rtept lat="57.52375" lon="12.508562"><ele>76.0</ele></rtept><rtept lat="57.523743" lon="12.508518"><ele>75.8</ele></rtept><rtept lat="57.523737" lon="12.50847"><ele>75.6</ele></rtept><rtept lat="57.523723" lon="12.50842"><ele>75.8</ele></rtept><rtept lat="57.523718" lon="12.50837"><ele>75.4</ele></rtept><rtept lat="57.523705" lon="12.50833"><ele>75.6</ele></rtept><rtept lat="57.523698" lon="12.508295"><ele>75.6</ele></rtept><rtept lat="57.523685" lon="12.50825"><ele>75.2</ele></rtept><rtept lat="57.52368" lon="12.508205"><ele>75.4</ele></rtept><rtept lat="57.523673" lon="12.508158"><ele>75.6</ele></rtept><rtept lat="57.523667" lon="12.508115"><ele>75.2</ele></rtept><rtept lat="57.52366" lon="12.508065"><ele>75.6</ele></rtept><rtept lat="57.523653" lon="12.508013"><ele>75.6</ele></rtept><rtept lat="57.52364" lon="12.507947"><ele>75.4</ele></rtept><rtept lat="57.523622" lon="12.507898"><ele>75.6</ele></rtept><rtept lat="57.523615" lon="12.507855"><ele>75.6</ele></rtept><rtept lat="57.523602" lon="12.50782"><ele>75.8</ele></rtept><rtept lat="57.523608" lon="12.507758"><ele>76.0</ele></rtept><rtept lat="57.523622" lon="12.507725"><ele>76.4</ele></rtept><rtept lat="57.523635" lon="12.50767"><ele>76.6</ele></rtept><rtept lat="57.523635" lon="12.50761"><ele>77.2</ele></rtept><rtept lat="57.523635" lon="12.507577"><ele>77.4</ele></rtept><rtept lat="57.52364" lon="12.50754"><ele>77.8</ele></rtept><rtept lat="57.52364" lon="12.507502"><ele>78.0</ele></rtept><rtept lat="57.523647" lon="12.507462"><ele>78.6</ele></rtept><rtept lat="57.523653" lon="12.507422"><ele>79.2</ele></rtept><rtept lat="57.52366" lon="12.507382"><ele>79.2</ele></rtept><rtept lat="57.523667" lon="12.50734"><ele>79.8</ele></rtept><rtept lat="57.52368" lon="12.5073"><ele>80.2</ele></rtept><rtept lat="57.523685" lon="12.507248"><ele>80.0</ele></rtept><rtept lat="57.523698" lon="12.507192"><ele>80.4</ele></rtept><rtept lat="57.523712" lon="12.50714"><ele>80.6</ele></rtept><rtept lat="57.52373" lon="12.507093"><ele>80.6</ele></rtept><rtept lat="57.523743" lon="12.507055"><ele>81.0</ele></rtept><rtept lat="57.523757" lon="12.507008"><ele>80.8</ele></rtept><rtept lat="57.523762" lon="12.50695"><ele>81.2</ele></rtept><rtept lat="57.523775" lon="12.506903"><ele>81.4</ele></rtept><rtept lat="57.523782" lon="12.506852"><ele>81.2</ele></rtept><rtept lat="57.523795" lon="12.506815"><ele>81.0</ele></rtept><rtept lat="57.523813" lon="12.506777"><ele>81.0</ele></rtept><rtept lat="57.523833" lon="12.506738"><ele>80.8</ele></rtept><rtept lat="57.523845" lon="12.506692"><ele>80.8</ele></rtept><rtept lat="57.523858" lon="12.506642"><ele>80.6</ele></rtept><rtept lat="57.523878" lon="12.506587"><ele>80.6</ele></rtept><rtept lat="57.523897" lon="12.506547"><ele>80.6</ele></rtept><rtept lat="57.52391" lon="12.506507"><ele>80.4</ele></rtept><rtept lat="57.523922" lon="12.506462"><ele>80.2</ele></rtept><rtept lat="57.523942" lon="12.506428"><ele>80.2</ele></rtept><rtept lat="57.52396" lon="12.506385"><ele>80.0</ele></rtept><rtept lat="57.52398" lon="12.506343"><ele>79.8</ele></rtept><rtept lat="57.524" lon="12.506308"><ele>80.0</ele></rtept><rtept lat="57.524025" lon="12.50626"><ele>79.6</ele></rtept><rtept lat="57.524043" lon="12.50621"><ele>79.8</ele></rtept><rtept lat="57.52407" lon="12.506145"><ele>79.8</ele></rtept><rtept lat="57.524095" lon="12.506065"><ele>79.6</ele></rtept><rtept lat="57.52412" lon="12.50596"><ele>80.0</ele></rtept><rtept lat="57.524147" lon="12.505823"><ele>80.0</ele></rtept><rtept lat="57.524192" lon="12.505743"><ele>79.6</ele></rtept><rtept lat="57.52421" lon="12.505673"><ele>80.0</ele></rtept><rtept lat="57.524223" lon="12.5056"><ele>79.8</ele></rtept><rtept lat="57.524248" lon="12.505537"><ele>79.8</ele></rtept><rtept lat="57.524275" lon="12.505533"><ele>80.2</ele></rtept><rtept lat="57.524307" lon="12.505535"><ele>79.8</ele></rtept><rtept lat="57.524325" lon="12.505517"><ele>79.8</ele></rtept><rtept lat="57.524338" lon="12.50548"><ele>79.8</ele></rtept><rtept lat="57.524358" lon="12.505445"><ele>79.6</ele></rtept><rtept lat="57.524383" lon="12.505425"><ele>79.6</ele></rtept><rtept lat="57.524402" lon="12.50542"><ele>79.6</ele></rtept><rtept lat="57.524422" lon="12.505415"><ele>79.2</ele></rtept><rtept lat="57.524453" lon="12.505378"><ele>79.6</ele></rtept><rtept lat="57.524473" lon="12.505377"><ele>79.2</ele></rtept><rtept lat="57.524505" lon="12.505372"><ele>79.6</ele></rtept><rtept lat="57.52453" lon="12.505352"><ele>79.4</ele></rtept><rtept lat="57.524557" lon="12.505332"><ele>79.4</ele></rtept><rtept lat="57.524575" lon="12.505312"><ele>79.6</ele></rtept><rtept lat="57.5246" lon="12.505292"><ele>79.6</ele></rtept><rtept lat="57.52462" lon="12.505265"><ele>79.8</ele></rtept><rtept lat="57.524652" lon="12.505213"><ele>80.0</ele></rtept><rtept lat="57.524672" lon="12.505178"><ele>80.4</ele></rtept><rtept lat="57.524697" lon="12.505152"><ele>80.8</ele></rtept><rtept lat="57.524717" lon="12.505117"><ele>80.8</ele></rtept><rtept lat="57.524735" lon="12.505082"><ele>81.4</ele></rtept><rtept lat="57.524748" lon="12.505055"><ele>81.6</ele></rtept><rtept lat="57.52476" lon="12.505022"><ele>81.6</ele></rtept><rtept lat="57.524767" lon="12.504982"><ele>82.2</ele></rtept><rtept lat="57.524773" lon="12.50494"><ele>82.4</ele></rtept><rtept lat="57.52478" lon="12.504903"><ele>82.2</ele></rtept><rtept lat="57.524787" lon="12.504863"><ele>82.6</ele></rtept><rtept lat="57.524787" lon="12.504823"><ele>82.4</ele></rtept><rtept lat="57.524787" lon="12.504785"><ele>82.4</ele></rtept><rtept lat="57.524793" lon="12.504727"><ele>82.4</ele></rtept><rtept lat="57.5248" lon="12.50466"><ele>82.2</ele></rtept><rtept lat="57.5248" lon="12.504622"><ele>82.2</ele></rtept><rtept lat="57.5248" lon="12.50458"><ele>81.8</ele></rtept><rtept lat="57.5248" lon="12.504538"><ele>81.8</ele></rtept><rtept lat="57.5248" lon="12.504498"><ele>81.6</ele></rtept><rtept lat="57.5248" lon="12.50446"><ele>81.2</ele></rtept><rtept lat="57.5248" lon="12.504427"><ele>81.4</ele></rtept><rtept lat="57.5248" lon="12.50438"><ele>80.8</ele></rtept><rtept lat="57.5248" lon="12.504342"><ele>80.6</ele></rtept><rtept lat="57.524812" lon="12.504303"><ele>80.8</ele></rtept><rtept lat="57.524818" lon="12.504265"><ele>80.4</ele></rtept><rtept lat="57.524832" lon="12.50422"><ele>80.4</ele></rtept><rtept lat="57.524838" lon="12.504163"><ele>80.4</ele></rtept><rtept lat="57.524843" lon="12.50411"><ele>80.0</ele></rtept><rtept lat="57.52485" lon="12.504055"><ele>80.4</ele></rtept><rtept lat="57.524857" lon="12.503992"><ele>80.4</ele></rtept><rtept lat="57.524863" lon="12.503935"><ele>80.2</ele></rtept><rtept lat="57.52487" lon="12.503892"><ele>80.4</ele></rtept><rtept lat="57.524877" lon="12.503853"><ele>80.4</ele></rtept><rtept lat="57.524877" lon="12.503818"><ele>80.4</ele></rtept><rtept lat="57.524882" lon="12.50378"><ele>80.8</ele></rtept><rtept lat="57.524888" lon="12.50374"><ele>80.8</ele></rtept><rtept lat="57.524895" lon="12.503703"><ele>81.2</ele></rtept><rtept lat="57.524908" lon="12.503675"><ele>81.4</ele></rtept><rtept lat="57.524908" lon="12.5036"><ele>82.0</ele></rtept><rtept lat="57.524908" lon="12.503558"><ele>82.2</ele></rtept><rtept lat="57.524908" lon="12.503517"><ele>82.4</ele></rtept><rtept lat="57.524908" lon="12.50347"><ele>83.0</ele></rtept><rtept lat="57.524915" lon="12.50343"><ele>82.8</ele></rtept><rtept lat="57.52492" lon="12.503388"><ele>82.8</ele></rtept><rtept lat="57.524927" lon="12.50335"><ele>83.2</ele></rtept><rtept lat="57.524927" lon="12.50331"><ele>83.4</ele></rtept><rtept lat="57.524927" lon="12.503272"><ele>83.8</ele></rtept><rtept lat="57.524933" lon="12.503225"><ele>84.2</ele></rtept><rtept lat="57.524927" lon="12.50317"><ele>84.2</ele></rtept><rtept lat="57.524927" lon="12.503108"><ele>84.8</ele></rtept><rtept lat="57.52492" lon="12.503053"><ele>84.8</ele></rtept><rtept lat="57.524915" lon="12.503"><ele>84.8</ele></rtept><rtept lat="57.524908" lon="12.502933"><ele>85.2</ele></rtept><rtept lat="57.524902" lon="12.502873"><ele>85.2</ele></rtept><rtept lat="57.524888" lon="12.502823"><ele>85.4</ele></rtept><rtept lat="57.524882" lon="12.502783"><ele>85.8</ele></rtept><rtept lat="57.524857" lon="12.502748"><ele>85.8</ele></rtept><rtept lat="57.524838" lon="12.502715"><ele>86.2</ele></rtept><rtept lat="57.524818" lon="12.502677"><ele>86.6</ele></rtept><rtept lat="57.524793" lon="12.50264"><ele>86.4</ele></rtept><rtept lat="57.524773" lon="12.502605"><ele>86.8</ele></rtept><rtept lat="57.524755" lon="12.502575"><ele>87.2</ele></rtept><rtept lat="57.524735" lon="12.502535"><ele>87.0</ele></rtept><rtept lat="57.52471" lon="12.502485"><ele>87.4</ele></rtept><rtept lat="57.524697" lon="12.502452"><ele>87.6</ele></rtept><rtept lat="57.524678" lon="12.502413"><ele>87.4</ele></rtept><rtept lat="57.524658" lon="12.502372"><ele>87.8</ele></rtept><rtept lat="57.524638" lon="12.502333"><ele>87.8</ele></rtept><rtept lat="57.52462" lon="12.502302"><ele>87.6</ele></rtept><rtept lat="57.5246" lon="12.502262"><ele>88.0</ele></rtept><rtept lat="57.524582" lon="12.502227"><ele>88.0</ele></rtept><rtept lat="57.524562" lon="12.502185"><ele>87.8</ele></rtept><rtept lat="57.52455" lon="12.502148"><ele>88.0</ele></rtept><rtept lat="57.524537" lon="12.502108"><ele>87.8</ele></rtept><rtept lat="57.524518" lon="12.502073"><ele>88.2</ele></rtept><rtept lat="57.524498" lon="12.502038"><ele>88.4</ele></rtept><rtept lat="57.524485" lon="12.502"><ele>88.2</ele></rtept><rtept lat="57.524473" lon="12.50196"><ele>88.6</ele></rtept><rtept lat="57.524453" lon="12.50193"><ele>88.8</ele></rtept><rtept lat="57.524435" lon="12.50189"><ele>88.8</ele></rtept><rtept lat="57.524422" lon="12.50185"><ele>88.8</ele></rtept><rtept lat="57.524415" lon="12.501805"><ele>88.8</ele></rtept><rtept lat="57.524397" lon="12.50176"><ele>88.8</ele></rtept><rtept lat="57.524383" lon="12.501713"><ele>89.2</ele></rtept><rtept lat="57.52437" lon="12.501673"><ele>89.0</ele></rtept><rtept lat="57.524358" lon="12.501622"><ele>89.0</ele></rtept><rtept lat="57.524352" lon="12.501577"><ele>89.2</ele></rtept><rtept lat="57.524338" lon="12.501535"><ele>89.0</ele></rtept><rtept lat="57.524325" lon="12.501495"><ele>89.0</ele></rtept><rtept lat="57.524313" lon="12.501448"><ele>89.0</ele></rtept><rtept lat="57.524307" lon="12.501413"><ele>88.8</ele></rtept><rtept lat="57.524293" lon="12.50136"><ele>89.2</ele></rtept><rtept lat="57.52428" lon="12.50131"><ele>89.2</ele></rtept><rtept lat="57.524262" lon="12.50126"><ele>89.0</ele></rtept><rtept lat="57.524237" lon="12.501207"><ele>89.2</ele></rtept><rtept lat="57.52421" lon="12.501155"><ele>89.2</ele></rtept><rtept lat="57.524192" lon="12.501105"><ele>89.2</ele></rtept><rtept lat="57.524178" lon="12.501058"><ele>89.4</ele></rtept><rtept lat="57.524172" lon="12.501022"><ele>89.2</ele></rtept><rtept lat="57.52416" lon="12.50098"><ele>89.0</ele></rtept><rtept lat="57.524147" lon="12.500933"><ele>89.4</ele></rtept><rtept lat="57.524133" lon="12.500897"><ele>89.2</ele></rtept><rtept lat="57.52412" lon="12.500868"><ele>89.6</ele></rtept><rtept lat="57.524102" lon="12.50084"><ele>89.8</ele></rtept><rtept lat="57.524088" lon="12.50081"><ele>89.8</ele></rtept><rtept lat="57.524063" lon="12.500775"><ele>90.2</ele></rtept><rtept lat="57.524043" lon="12.500742"><ele>90.6</ele></rtept><rtept lat="57.524025" lon="12.50071"><ele>90.6</ele></rtept><rtept lat="57.524005" lon="12.500675"><ele>91.0</ele></rtept><rtept lat="57.523993" lon="12.500643"><ele>91.2</ele></rtept><rtept lat="57.523973" lon="12.500605"><ele>91.2</ele></rtept><rtept lat="57.52396" lon="12.50057"><ele>91.6</ele></rtept><rtept lat="57.523955" lon="12.500515"><ele>91.4</ele></rtept><rtept lat="57.523935" lon="12.500465"><ele>91.4</ele></rtept><rtept lat="57.523917" lon="12.50042"><ele>91.8</ele></rtept><rtept lat="57.523903" lon="12.500382"><ele>91.6</ele></rtept><rtept lat="57.523897" lon="12.500347"><ele>91.6</ele></rtept><rtept lat="57.523878" lon="12.500303"><ele>91.8</ele></rtept><rtept lat="57.523865" lon="12.500263"><ele>91.8</ele></rtept><rtept lat="57.523845" lon="12.50022"><ele>92.2</ele></rtept><rtept lat="57.52384" lon="12.500178"><ele>92.6</ele></rtept><rtept lat="57.52382" lon="12.500133"><ele>92.4</ele></rtept><rtept lat="57.5238" lon="12.500082"><ele>92.8</ele></rtept><rtept lat="57.523788" lon="12.500028"><ele>93.0</ele></rtept><rtept lat="57.523775" lon="12.499985"><ele>92.8</ele></rtept><rtept lat="57.523757" lon="12.499943"><ele>93.2</ele></rtept><rtept lat="57.52375" lon="12.499897"><ele>93.4</ele></rtept><rtept lat="57.523743" lon="12.49986"><ele>93.2</ele></rtept><rtept lat="57.52373" lon="12.499812"><ele>93.4</ele></rtept><rtept lat="57.523718" lon="12.499762"><ele>93.4</ele></rtept><rtept lat="57.523705" lon="12.499712"><ele>93.2</ele></rtept><rtept lat="57.523698" lon="12.499662"><ele>93.4</ele></rtept><rtept lat="57.52368" lon="12.499617"><ele>93.2</ele></rtept><rtept lat="57.523667" lon="12.49958"><ele>93.2</ele></rtept><rtept lat="57.523647" lon="12.49954"><ele>93.6</ele></rtept><rtept lat="57.52364" lon="12.499497"><ele>93.4</ele></rtept><rtept lat="57.523635" lon="12.499453"><ele>93.4</ele></rtept><rtept lat="57.523628" lon="12.499403"><ele>93.6</ele></rtept><rtept lat="57.523615" lon="12.499355"><ele>93.4</ele></rtept><rtept lat="57.523602" lon="12.499308"><ele>93.6</ele></rtept><rtept lat="57.52359" lon="12.499263"><ele>93.6</ele></rtept><rtept lat="57.52357" lon="12.49922"><ele>93.4</ele></rtept><rtept lat="57.523558" lon="12.499172"><ele>93.6</ele></rtept><rtept lat="57.523545" lon="12.499122"><ele>93.6</ele></rtept><rtept lat="57.523545" lon="12.499067"><ele>93.4</ele></rtept><rtept lat="57.523538" lon="12.499025"><ele>93.6</ele></rtept><rtept lat="57.523525" lon="12.498975"><ele>93.4</ele></rtept><rtept lat="57.523513" lon="12.498925"><ele>93.4</ele></rtept><rtept lat="57.5235" lon="12.49888"><ele>93.6</ele></rtept><rtept lat="57.5235" lon="12.498833"><ele>93.4</ele></rtept><rtept lat="57.5235" lon="12.498778"><ele>93.6</ele></rtept><rtept lat="57.523493" lon="12.498715"><ele>93.8</ele></rtept><rtept lat="57.523493" lon="12.498675"><ele>93.4</ele></rtept><rtept lat="57.52348" lon="12.498608"><ele>93.8</ele></rtept><rtept lat="57.523475" lon="12.498558"><ele>94.0</ele></rtept><rtept lat="57.523468" lon="12.498505"><ele>93.8</ele></rtept><rtept lat="57.523462" lon="12.49845"><ele>94.0</ele></rtept><rtept lat="57.523455" lon="12.498405"><ele>94.0</ele></rtept><rtept lat="57.523442" lon="12.498357"><ele>93.8</ele></rtept><rtept lat="57.52343" lon="12.498317"><ele>94.0</ele></rtept><rtept lat="57.523417" lon="12.498278"><ele>94.0</ele></rtept><rtept lat="57.523403" lon="12.498232"><ele>94.0</ele></rtept><rtept lat="57.523398" lon="12.498182"><ele>94.2</ele></rtept><rtept lat="57.523385" lon="12.498137"><ele>94.0</ele></rtept><rtept lat="57.523365" lon="12.498098"><ele>94.2</ele></rtept><rtept lat="57.523353" lon="12.498057"><ele>94.2</ele></rtept><rtept lat="57.523333" lon="12.498003"><ele>94.0</ele></rtept><rtept lat="57.52332" lon="12.49796"><ele>94.2</ele></rtept><rtept lat="57.523308" lon="12.497918"><ele>94.2</ele></rtept><rtept lat="57.523302" lon="12.497877"><ele>94.0</ele></rtept><rtept lat="57.523282" lon="12.497835"><ele>94.2</ele></rtept><rtept lat="57.523263" lon="12.497797"><ele>94.0</ele></rtept><rtept lat="57.523243" lon="12.497752"><ele>94.2</ele></rtept><rtept lat="57.523232" lon="12.497715"><ele>94.2</ele></rtept><rtept lat="57.523212" lon="12.497675"><ele>93.8</ele></rtept><rtept lat="57.5232" lon="12.497627"><ele>94.0</ele></rtept><rtept lat="57.523187" lon="12.497582"><ele>93.8</ele></rtept><rtept lat="57.523167" lon="12.49754"><ele>93.8</ele></rtept><rtept lat="57.52316" lon="12.4975"><ele>93.8</ele></rtept><rtept lat="57.523148" lon="12.497462"><ele>93.4</ele></rtept><rtept lat="57.523135" lon="12.497423"><ele>93.4</ele></rtept><rtept lat="57.523122" lon="12.49738"><ele>93.4</ele></rtept><rtept lat="57.52311" lon="12.497333"><ele>93.0</ele></rtept><rtept lat="57.52309" lon="12.497282"><ele>93.2</ele></rtept><rtept lat="57.523078" lon="12.497238"><ele>93.2</ele></rtept><rtept lat="57.523072" lon="12.497205"><ele>93.0</ele></rtept><rtept lat="57.523052" lon="12.497158"><ele>93.0</ele></rtept><rtept lat="57.52304" lon="12.497117"><ele>93.0</ele></rtept><rtept lat="57.52302" lon="12.49707"><ele>93.0</ele></rtept><rtept lat="57.523007" lon="12.497025"><ele>93.0</ele></rtept><rtept lat="57.523" lon="12.496987"><ele>92.6</ele></rtept><rtept lat="57.522982" lon="12.49694"><ele>92.8</ele></rtept><rtept lat="57.522962" lon="12.496897"><ele>92.6</ele></rtept><rtept lat="57.522943" lon="12.496852"><ele>92.2</ele></rtept><rtept lat="57.52293" lon="12.496817"><ele>92.6</ele></rtept><rtept lat="57.522912" lon="12.496783"><ele>92.4</ele></rtept><rtept lat="57.522892" lon="12.496742"><ele>92.6</ele></rtept><rtept lat="57.522885" lon="12.4967"><ele>92.6</ele></rtept><rtept lat="57.522867" lon="12.496648"><ele>92.4</ele></rtept><rtept lat="57.522853" lon="12.496615"><ele>92.8</ele></rtept><rtept lat="57.52284" lon="12.496575"><ele>93.0</ele></rtept><rtept lat="57.522822" lon="12.496538"><ele>92.8</ele></rtept><rtept lat="57.522802" lon="12.496483"><ele>93.2</ele></rtept><rtept lat="57.52279" lon="12.49645"><ele>93.0</ele></rtept><rtept lat="57.522777" lon="12.496403"><ele>93.4</ele></rtept><rtept lat="57.522758" lon="12.496352"><ele>93.6</ele></rtept><rtept lat="57.522745" lon="12.496307"><ele>93.6</ele></rtept><rtept lat="57.522732" lon="12.49627"><ele>94.0</ele></rtept><rtept lat="57.52272" lon="12.49622"><ele>93.8</ele></rtept><rtept lat="57.522707" lon="12.49617"><ele>93.8</ele></rtept><rtept lat="57.522687" lon="12.49612"><ele>94.0</ele></rtept><rtept lat="57.522668" lon="12.49608"><ele>93.8</ele></rtept><rtept lat="57.522648" lon="12.496043"><ele>94.2</ele></rtept><rtept lat="57.522637" lon="12.496003"><ele>94.4</ele></rtept><rtept lat="57.522623" lon="12.495967"><ele>94.2</ele></rtept><rtept lat="57.522598" lon="12.495922"><ele>94.6</ele></rtept><rtept lat="57.522585" lon="12.495875"><ele>94.4</ele></rtept><rtept lat="57.522572" lon="12.495835"><ele>94.4</ele></rtept><rtept lat="57.522553" lon="12.495795"><ele>94.6</ele></rtept><rtept lat="57.522533" lon="12.495755"><ele>94.6</ele></rtept><rtept lat="57.522515" lon="12.495718"><ele>94.6</ele></rtept><rtept lat="57.522495" lon="12.49568"><ele>95.2</ele></rtept><rtept lat="57.522482" lon="12.49564"><ele>94.8</ele></rtept><rtept lat="57.52247" lon="12.495595"><ele>95.2</ele></rtept><rtept lat="57.52245" lon="12.495552"><ele>95.2</ele></rtept><rtept lat="57.522438" lon="12.495517"><ele>95.0</ele></rtept><rtept lat="57.522425" lon="12.495477"><ele>95.2</ele></rtept><rtept lat="57.522412" lon="12.495432"><ele>95.2</ele></rtept><rtept lat="57.522393" lon="12.495387"><ele>95.0</ele></rtept><rtept lat="57.522373" lon="12.495333"><ele>95.2</ele></rtept><rtept lat="57.52236" lon="12.495288"><ele>95.2</ele></rtept><rtept lat="57.522342" lon="12.495243"><ele>95.2</ele></rtept><rtept lat="57.522328" lon="12.495202"><ele>95.2</ele></rtept><rtept lat="57.52231" lon="12.495162"><ele>95.0</ele></rtept><rtept lat="57.52229" lon="12.495122"><ele>94.8</ele></rtept><rtept lat="57.522283" lon="12.49508"><ele>94.8</ele></rtept><rtept lat="57.522265" lon="12.495043"><ele>94.6</ele></rtept><rtept lat="57.522245" lon="12.494997"><ele>94.6</ele></rtept><rtept lat="57.522233" lon="12.494952"><ele>94.6</ele></rtept><rtept lat="57.52222" lon="12.494917"><ele>94.4</ele></rtept><rtept lat="57.522195" lon="12.494875"><ele>94.6</ele></rtept><rtept lat="57.522175" lon="12.494838"><ele>94.4</ele></rtept><rtept lat="57.522162" lon="12.49479"><ele>94.0</ele></rtept><rtept lat="57.52215" lon="12.49474"><ele>94.0</ele></rtept><rtept lat="57.52213" lon="12.4947"><ele>93.8</ele></rtept><rtept lat="57.522112" lon="12.494648"><ele>93.4</ele></rtept><rtept lat="57.522092" lon="12.494593"><ele>93.4</ele></rtept><rtept lat="57.522085" lon="12.494542"><ele>93.2</ele></rtept><rtept lat="57.522073" lon="12.49449"><ele>93.0</ele></rtept><rtept lat="57.522053" lon="12.49444"><ele>93.0</ele></rtept><rtept lat="57.52204" lon="12.49439"><ele>92.8</ele></rtept><rtept lat="57.522028" lon="12.49434"><ele>93.0</ele></rtept><rtept lat="57.522008" lon="12.4943"><ele>93.0</ele></rtept><rtept lat="57.52199" lon="12.49426"><ele>92.8</ele></rtept><rtept lat="57.521977" lon="12.494222"><ele>93.0</ele></rtept><rtept lat="57.521963" lon="12.494182"><ele>93.0</ele></rtept><rtept lat="57.521952" lon="12.494138"><ele>93.2</ele></rtept><rtept lat="57.521932" lon="12.494098"><ele>93.4</ele></rtept><rtept lat="57.521913" lon="12.494053"><ele>93.2</ele></rtept><rtept lat="57.5219" lon="12.494008"><ele>93.6</ele></rtept><rtept lat="57.521875" lon="12.49398"><ele>93.6</ele></rtept><rtept lat="57.521868" lon="12.493943"><ele>93.6</ele></rtept><rtept lat="57.521848" lon="12.493907"><ele>94.0</ele></rtept><rtept lat="57.521837" lon="12.493867"><ele>94.0</ele></rtept><rtept lat="57.521823" lon="12.493835"><ele>94.2</ele></rtept><rtept lat="57.52181" lon="12.493803"><ele>94.4</ele></rtept><rtept lat="57.521792" lon="12.493775"><ele>94.4</ele></rtept><rtept lat="57.521772" lon="12.493738"><ele>94.8</ele></rtept><rtept lat="57.521753" lon="12.493703"><ele>95.0</ele></rtept><rtept lat="57.521733" lon="12.493665"><ele>94.8</ele></rtept><rtept lat="57.521715" lon="12.493623"><ele>95.2</ele></rtept><rtept lat="57.521695" lon="12.49358"><ele>95.2</ele></rtept><rtept lat="57.521677" lon="12.49355"><ele>95.0</ele></rtept><rtept lat="57.521657" lon="12.493515"><ele>95.2</ele></rtept><rtept lat="57.521632" lon="12.493485"><ele>95.0</ele></rtept><rtept lat="57.521612" lon="12.49345"><ele>94.8</ele></rtept><rtept lat="57.521593" lon="12.493417"><ele>95.0</ele></rtept><rtept lat="57.52158" lon="12.493382"><ele>94.8</ele></rtept><rtept lat="57.52156" lon="12.49334"><ele>94.8</ele></rtept><rtept lat="57.521542" lon="12.4933"><ele>94.8</ele></rtept><rtept lat="57.521528" lon="12.49326"><ele>94.6</ele></rtept><rtept lat="57.521517" lon="12.493218"><ele>94.8</ele></rtept><rtept lat="57.521497" lon="12.493173"><ele>95.0</ele></rtept><rtept lat="57.521483" lon="12.493133"><ele>94.8</ele></rtept><rtept lat="57.521472" lon="12.493088"><ele>95.0</ele></rtept><rtept lat="57.521458" lon="12.493045"><ele>95.0</ele></rtept><rtept lat="57.521452" lon="12.493"><ele>95.0</ele></rtept><rtept lat="57.52144" lon="12.492953"><ele>95.2</ele></rtept><rtept lat="57.521427" lon="12.49291"><ele>95.0</ele></rtept><rtept lat="57.52142" lon="12.492857"><ele>95.2</ele></rtept><rtept lat="57.521413" lon="12.492802"><ele>95.2</ele></rtept><rtept lat="57.5214" lon="12.492758"><ele>95.0</ele></rtept><rtept lat="57.521395" lon="12.492707"><ele>95.2</ele></rtept><rtept lat="57.521382" lon="12.492655"><ele>95.4</ele></rtept><rtept lat="57.521368" lon="12.492608"><ele>95.0</ele></rtept><rtept lat="57.521357" lon="12.49256"><ele>95.2</ele></rtept><rtept lat="57.521343" lon="12.49252"><ele>95.2</ele></rtept><rtept lat="57.521323" lon="12.49248"><ele>95.0</ele></rtept><rtept lat="57.521312" lon="12.492437"><ele>95.0</ele></rtept><rtept lat="57.521292" lon="12.49239"><ele>94.8</ele></rtept><rtept lat="57.521273" lon="12.49235"><ele>94.4</ele></rtept><rtept lat="57.521247" lon="12.492308"><ele>94.4</ele></rtept><rtept lat="57.521222" lon="12.492268"><ele>94.0</ele></rtept><rtept lat="57.521202" lon="12.492233"><ele>93.6</ele></rtept><rtept lat="57.521177" lon="12.492197"><ele>93.6</ele></rtept><rtept lat="57.521145" lon="12.492168"><ele>93.2</ele></rtept><rtept lat="57.52112" lon="12.49214"><ele>93.0</ele></rtept><rtept lat="57.521087" lon="12.492117"><ele>93.0</ele></rtept><rtept lat="57.521055" lon="12.492095"><ele>92.6</ele></rtept><rtept lat="57.52103" lon="12.492072"><ele>92.4</ele></rtept><rtept lat="57.520998" lon="12.492045"><ele>92.4</ele></rtept><rtept lat="57.520972" lon="12.49202"><ele>92.0</ele></rtept><rtept lat="57.520947" lon="12.491992"><ele>92.0</ele></rtept><rtept lat="57.520927" lon="12.491958"><ele>91.8</ele></rtept><rtept lat="57.520902" lon="12.491927"><ele>91.4</ele></rtept><rtept lat="57.520877" lon="12.491892"><ele>91.6</ele></rtept><rtept lat="57.520857" lon="12.491862"><ele>91.4</ele></rtept><rtept lat="57.520825" lon="12.491828"><ele>91.0</ele></rtept><rtept lat="57.5208" lon="12.491808"><ele>91.2</ele></rtept><rtept lat="57.520773" lon="12.491777"><ele>91.0</ele></rtept><rtept lat="57.520748" lon="12.49174"><ele>90.8</ele></rtept><rtept lat="57.520735" lon="12.491702"><ele>91.0</ele></rtept><rtept lat="57.520722" lon="12.491668"><ele>90.8</ele></rtept><rtept lat="57.520703" lon="12.491635"><ele>91.0</ele></rtept><rtept lat="57.52069" lon="12.491603"><ele>91.2</ele></rtept><rtept lat="57.520672" lon="12.491578"><ele>91.0</ele></rtept><rtept lat="57.520652" lon="12.491548"><ele>91.4</ele></rtept><rtept lat="57.52064" lon="12.49152"><ele>91.4</ele></rtept><rtept lat="57.52062" lon="12.491493"><ele>91.4</ele></rtept><rtept lat="57.5206" lon="12.49146"><ele>91.8</ele></rtept><rtept lat="57.520588" lon="12.491425"><ele>91.6</ele></rtept><rtept lat="57.520575" lon="12.49139"><ele>92.0</ele></rtept><rtept lat="57.52055" lon="12.491347"><ele>92.2</ele></rtept><rtept lat="57.520537" lon="12.49132"><ele>92.2</ele></rtept><rtept lat="57.520523" lon="12.491285"><ele>92.6</ele></rtept><rtept lat="57.520512" lon="12.491238"><ele>93.0</ele></rtept><rtept lat="57.520498" lon="12.491207"><ele>93.4</ele></rtept><rtept lat="57.52048" lon="12.491178"><ele>93.2</ele></rtept><rtept lat="57.52046" lon="12.491148"><ele>93.2</ele></rtept><rtept lat="57.520447" lon="12.491113"><ele>93.0</ele></rtept><rtept lat="57.520435" lon="12.491083"><ele>92.8</ele></rtept><rtept lat="57.520422" lon="12.491047"><ele>92.4</ele></rtept><rtept lat="57.520402" lon="12.491003"><ele>92.4</ele></rtept><rtept lat="57.520383" lon="12.49096"><ele>92.4</ele></rtept><rtept lat="57.520363" lon="12.490922"><ele>91.8</ele></rtept><rtept lat="57.520352" lon="12.490888"><ele>91.6</ele></rtept><rtept lat="57.520325" lon="12.490848"><ele>91.2</ele></rtept><rtept lat="57.520313" lon="12.490803"><ele>90.6</ele></rtept><rtept lat="57.520293" lon="12.490765"><ele>90.6</ele></rtept><rtept lat="57.520275" lon="12.490737"><ele>90.0</ele></rtept><rtept lat="57.520262" lon="12.490705"><ele>89.6</ele></rtept><rtept lat="57.520242" lon="12.490667"><ele>89.4</ele></rtept><rtept lat="57.520223" lon="12.490622"><ele>88.8</ele></rtept><rtept lat="57.520203" lon="12.490587"><ele>88.6</ele></rtept><rtept lat="57.520178" lon="12.490555"><ele>88.4</ele></rtept><rtept lat="57.52016" lon="12.490517"><ele>87.8</ele></rtept><rtept lat="57.52014" lon="12.49048"><ele>87.8</ele></rtept><rtept lat="57.520127" lon="12.49044"><ele>87.8</ele></rtept><rtept lat="57.520115" lon="12.490397"><ele>87.2</ele></rtept><rtept lat="57.520102" lon="12.490348"><ele>87.4</ele></rtept><rtept lat="57.520082" lon="12.490302"><ele>87.6</ele></rtept><rtept lat="57.52007" lon="12.490253"><ele>87.0</ele></rtept><rtept lat="57.52005" lon="12.490195"><ele>87.2</ele></rtept><rtept lat="57.520032" lon="12.49015"><ele>87.0</ele></rtept><rtept lat="57.520012" lon="12.490123"><ele>87.0</ele></rtept><rtept lat="57.519993" lon="12.49011"><ele>87.2</ele></rtept><rtept lat="57.519967" lon="12.490088"><ele>87.0</ele></rtept><rtept lat="57.519935" lon="12.490063"><ele>87.6</ele></rtept><rtept lat="57.519903" lon="12.490015"><ele>87.8</ele></rtept><rtept lat="57.519872" lon="12.48997"><ele>87.4</ele></rtept><rtept lat="57.519852" lon="12.489937"><ele>87.6</ele></rtept><rtept lat="57.519827" lon="12.489882"><ele>87.6</ele></rtept><rtept lat="57.519795" lon="12.489827"><ele>87.2</ele></rtept><rtept lat="57.519788" lon="12.48978"><ele>87.2</ele></rtept><rtept lat="57.519768" lon="12.489747"><ele>86.8</ele></rtept><rtept lat="57.519762" lon="12.489713"><ele>86.6</ele></rtept><rtept lat="57.519757" lon="12.489677"><ele>86.4</ele></rtept><rtept lat="57.519743" lon="12.489635"><ele>86.0</ele></rtept><rtept lat="57.51973" lon="12.489593"><ele>86.2</ele></rtept><rtept lat="57.519712" lon="12.48953"><ele>86.2</ele></rtept><rtept lat="57.519685" lon="12.489463"><ele>85.6</ele></rtept><rtept lat="57.51966" lon="12.489403"><ele>85.8</ele></rtept><rtept lat="57.51964" lon="12.48935"><ele>85.8</ele></rtept><rtept lat="57.519628" lon="12.489315"><ele>85.4</ele></rtept><rtept lat="57.519615" lon="12.489278"><ele>85.8</ele></rtept><rtept lat="57.519597" lon="12.489242"><ele>85.6</ele></rtept><rtept lat="57.519583" lon="12.48921"><ele>85.4</ele></rtept><rtept lat="57.519563" lon="12.489177"><ele>85.2</ele></rtept><rtept lat="57.519545" lon="12.489142"><ele>84.8</ele></rtept><rtept lat="57.51952" lon="12.4891"><ele>84.6</ele></rtept><rtept lat="57.519493" lon="12.489047"><ele>84.6</ele></rtept><rtept lat="57.519475" lon="12.489003"><ele>84.2</ele></rtept><rtept lat="57.519455" lon="12.488948"><ele>84.2</ele></rtept><rtept lat="57.51943" lon="12.488892"><ele>84.2</ele></rtept><rtept lat="57.51941" lon="12.488842"><ele>83.8</ele></rtept><rtept lat="57.519392" lon="12.488813"><ele>84.0</ele></rtept><rtept lat="57.519365" lon="12.48875"><ele>83.2</ele></rtept><rtept lat="57.51936" lon="12.488705"><ele>83.4</ele></rtept><rtept lat="57.519353" lon="12.488665"><ele>83.4</ele></rtept><rtept lat="57.519347" lon="12.488615"><ele>83.0</ele></rtept><rtept lat="57.519333" lon="12.488552"><ele>83.2</ele></rtept><rtept lat="57.519333" lon="12.4885"><ele>83.2</ele></rtept><rtept lat="57.519333" lon="12.48845"><ele>82.8</ele></rtept><rtept lat="57.519347" lon="12.488388"><ele>82.8</ele></rtept><rtept lat="57.519353" lon="12.488332"><ele>82.4</ele></rtept><rtept lat="57.519365" lon="12.488278"><ele>82.0</ele></rtept><rtept lat="57.519372" lon="12.488223"><ele>82.0</ele></rtept><rtept lat="57.519378" lon="12.488175"><ele>81.6</ele></rtept><rtept lat="57.519385" lon="12.488113"><ele>81.2</ele></rtept><rtept lat="57.519385" lon="12.488045"><ele>81.4</ele></rtept><rtept lat="57.519385" lon="12.487993"><ele>80.8</ele></rtept><rtept lat="57.519385" lon="12.487937"><ele>80.6</ele></rtept><rtept lat="57.519385" lon="12.487882"><ele>80.6</ele></rtept><rtept lat="57.519378" lon="12.487825"><ele>80.2</ele></rtept><rtept lat="57.519372" lon="12.487772"><ele>80.0</ele></rtept><rtept lat="57.519365" lon="12.487712"><ele>80.0</ele></rtept><rtept lat="57.519365" lon="12.487657"><ele>79.4</ele></rtept><rtept lat="57.51936" lon="12.487608"><ele>79.4</ele></rtept><rtept lat="57.519353" lon="12.48754"><ele>79.4</ele></rtept><rtept lat="57.519347" lon="12.487493"><ele>79.0</ele></rtept><rtept lat="57.519333" lon="12.48743"><ele>79.0</ele></rtept><rtept lat="57.519327" lon="12.48737"><ele>78.8</ele></rtept><rtept lat="57.519327" lon="12.48732"><ele>78.4</ele></rtept><rtept lat="57.519308" lon="12.487265"><ele>78.4</ele></rtept><rtept lat="57.519295" lon="12.487212"><ele>78.0</ele></rtept><rtept lat="57.519277" lon="12.487172"><ele>78.0</ele></rtept><rtept lat="57.519257" lon="12.487155"><ele>78.0</ele></rtept><rtept lat="57.519238" lon="12.487152"><ele>77.6</ele></rtept><rtept lat="57.519205" lon="12.48716"><ele>77.8</ele></rtept><rtept lat="57.519187" lon="12.487172"><ele>77.4</ele></rtept><rtept lat="57.519167" lon="12.487182"><ele>77.4</ele></rtept><rtept lat="57.519128" lon="12.487223"><ele>77.4</ele></rtept><rtept lat="57.51911" lon="12.487255"><ele>77.2</ele></rtept><rtept lat="57.51909" lon="12.487283"><ele>77.6</ele></rtept><rtept lat="57.519072" lon="12.487313"><ele>77.6</ele></rtept><rtept lat="57.519052" lon="12.487338"><ele>77.6</ele></rtept><rtept lat="57.519013" lon="12.48736"><ele>78.0</ele></rtept><rtept lat="57.518988" lon="12.48738"><ele>78.0</ele></rtept><rtept lat="57.518957" lon="12.487395"><ele>78.0</ele></rtept><rtept lat="57.51893" lon="12.487408"><ele>78.4</ele></rtept><rtept lat="57.518898" lon="12.48741"><ele>78.6</ele></rtept><rtept lat="57.518873" lon="12.487408"><ele>79.2</ele></rtept><rtept lat="57.518847" lon="12.48741"><ele>79.6</ele></rtept><rtept lat="57.518822" lon="12.487415"><ele>79.6</ele></rtept><rtept lat="57.518802" lon="12.487415"><ele>80.0</ele></rtept><rtept lat="57.51877" lon="12.48741"><ele>80.2</ele></rtept><rtept lat="57.518738" lon="12.487405"><ele>80.2</ele></rtept><rtept lat="57.518713" lon="12.487398"><ele>80.6</ele></rtept><rtept lat="57.51868" lon="12.487383"><ele>80.4</ele></rtept><rtept lat="57.518655" lon="12.487368"><ele>80.4</ele></rtept><rtept lat="57.518623" lon="12.487355"><ele>80.6</ele></rtept><rtept lat="57.518592" lon="12.487345"><ele>80.4</ele></rtept><rtept lat="57.518572" lon="12.487328"><ele>80.2</ele></rtept><rtept lat="57.518553" lon="12.4873"><ele>80.4</ele></rtept><rtept lat="57.518533" lon="12.48728"><ele>80.0</ele></rtept><rtept lat="57.518508" lon="12.487257"><ele>80.4</ele></rtept><rtept lat="57.518477" lon="12.487223"><ele>80.4</ele></rtept><rtept lat="57.518457" lon="12.487197"><ele>80.2</ele></rtept><rtept lat="57.518432" lon="12.487187"><ele>80.6</ele></rtept><rtept lat="57.518412" lon="12.48718"><ele>80.6</ele></rtept><rtept lat="57.51838" lon="12.487167"><ele>81.0</ele></rtept><rtept lat="57.51836" lon="12.487157"><ele>81.2</ele></rtept><rtept lat="57.518342" lon="12.48714"><ele>81.2</ele></rtept><rtept lat="57.518317" lon="12.48712"><ele>81.8</ele></rtept><rtept lat="57.51829" lon="12.487117"><ele>81.6</ele></rtept><rtept lat="57.518258" lon="12.48712"><ele>81.8</ele></rtept><rtept lat="57.518233" lon="12.48713"><ele>82.0</ele></rtept><rtept lat="57.518213" lon="12.487152"><ele>82.4</ele></rtept><rtept lat="57.518195" lon="12.487183"><ele>82.6</ele></rtept><rtept lat="57.518168" lon="12.487227"><ele>83.0</ele></rtept><rtept lat="57.51815" lon="12.48725"><ele>83.0</ele></rtept><rtept lat="57.518112" lon="12.487285"><ele>82.8</ele></rtept><rtept lat="57.518085" lon="12.487303"><ele>82.8</ele></rtept><rtept lat="57.51806" lon="12.487323"><ele>83.0</ele></rtept><rtept lat="57.51804" lon="12.487343"><ele>82.8</ele></rtept><rtept lat="57.518015" lon="12.487363"><ele>82.8</ele></rtept><rtept lat="57.51799" lon="12.48739"><ele>82.8</ele></rtept><rtept lat="57.517958" lon="12.487415"><ele>82.4</ele></rtept><rtept lat="57.517938" lon="12.487425"><ele>81.8</ele></rtept><rtept lat="57.517907" lon="12.487448"><ele>81.6</ele></rtept><rtept lat="57.51788" lon="12.487475"><ele>81.6</ele></rtept><rtept lat="57.517848" lon="12.487508"><ele>80.8</ele></rtept><rtept lat="57.517823" lon="12.487547"><ele>80.6</ele></rtept><rtept lat="57.517803" lon="12.487587"><ele>80.2</ele></rtept><rtept lat="57.517785" lon="12.487627"><ele>79.6</ele></rtept><rtept lat="57.517765" lon="12.487677"><ele>79.8</ele></rtept><rtept lat="57.51774" lon="12.487717"><ele>79.6</ele></rtept><rtept lat="57.51772" lon="12.487757"><ele>79.0</ele></rtept><rtept lat="57.517688" lon="12.487792"><ele>79.2</ele></rtept><rtept lat="57.517663" lon="12.487805"><ele>78.8</ele></rtept><rtept lat="57.517632" lon="12.487822"><ele>78.6</ele></rtept><rtept lat="57.517605" lon="12.487832"><ele>78.8</ele></rtept><rtept lat="57.51758" lon="12.48784"><ele>78.6</ele></rtept><rtept lat="57.517548" lon="12.487852"><ele>78.6</ele></rtept><rtept lat="57.517522" lon="12.48786"><ele>78.4</ele></rtept><rtept lat="57.51749" lon="12.487867"><ele>78.8</ele></rtept><rtept lat="57.517458" lon="12.487878"><ele>78.6</ele></rtept><rtept lat="57.517413" lon="12.487882"><ele>78.4</ele></rtept><rtept lat="57.517382" lon="12.487878"><ele>78.4</ele></rtept><rtept lat="57.517343" lon="12.487877"><ele>78.2</ele></rtept><rtept lat="57.517312" lon="12.487875"><ele>78.6</ele></rtept><rtept lat="57.517285" lon="12.487872"><ele>78.4</ele></rtept><rtept lat="57.517247" lon="12.48788"><ele>78.4</ele></rtept><rtept lat="57.517222" lon="12.487875"><ele>78.6</ele></rtept><rtept lat="57.517197" lon="12.487862"><ele>78.4</ele></rtept><rtept lat="57.51717" lon="12.487852"><ele>78.8</ele></rtept><rtept lat="57.517145" lon="12.487832"><ele>78.6</ele></rtept><rtept lat="57.517125" lon="12.487812"><ele>78.6</ele></rtept><rtept lat="57.517107" lon="12.487785"><ele>78.8</ele></rtept><rtept lat="57.517087" lon="12.487777"><ele>78.6</ele></rtept><rtept lat="57.517042" lon="12.487765"><ele>79.0</ele></rtept><rtept lat="57.517023" lon="12.487757"><ele>78.8</ele></rtept><rtept lat="57.516992" lon="12.48774"><ele>78.8</ele></rtept><rtept lat="57.516972" lon="12.48772"><ele>79.0</ele></rtept><rtept lat="57.516947" lon="12.487692"><ele>79.0</ele></rtept><rtept lat="57.51692" lon="12.48766"><ele>79.6</ele></rtept><rtept lat="57.516902" lon="12.487638"><ele>79.8</ele></rtept><rtept lat="57.516877" lon="12.487617"><ele>79.4</ele></rtept><rtept lat="57.51685" lon="12.487592"><ele>79.8</ele></rtept><rtept lat="57.516832" lon="12.487567"><ele>79.8</ele></rtept><rtept lat="57.516812" lon="12.487523"><ele>79.6</ele></rtept><rtept lat="57.516793" lon="12.487502"><ele>80.0</ele></rtept><rtept lat="57.516773" lon="12.487488"><ele>79.6</ele></rtept><rtept lat="57.516748" lon="12.487478"><ele>79.4</ele></rtept><rtept lat="57.516728" lon="12.48745"><ele>79.6</ele></rtept><rtept lat="57.51671" lon="12.487423"><ele>79.4</ele></rtept><rtept lat="57.516697" lon="12.487393"><ele>80.0</ele></rtept><rtept lat="57.516683" lon="12.487363"><ele>79.8</ele></rtept><rtept lat="57.516672" lon="12.487335"><ele>79.6</ele></rtept><rtept lat="57.516652" lon="12.48731"><ele>80.2</ele></rtept><rtept lat="57.516627" lon="12.487273"><ele>80.6</ele></rtept><rtept lat="57.5166" lon="12.487273"><ele>80.8</ele></rtept><rtept lat="57.516562" lon="12.487277"><ele>81.4</ele></rtept><rtept lat="57.516537" lon="12.48728"><ele>81.6</ele></rtept><rtept lat="57.516518" lon="12.48728"><ele>81.6</ele></rtept><rtept lat="57.516492" lon="12.487275"><ele>82.0</ele></rtept><rtept lat="57.516473" lon="12.487268"><ele>82.2</ele></rtept><rtept lat="57.516453" lon="12.48726"><ele>82.4</ele></rtept><rtept lat="57.516435" lon="12.487257"><ele>82.8</ele></rtept><rtept lat="57.516415" lon="12.48726"><ele>82.6</ele></rtept><rtept lat="57.516397" lon="12.487263"><ele>83.4</ele></rtept><rtept lat="57.51637" lon="12.487263"><ele>83.6</ele></rtept><rtept lat="57.516352" lon="12.48726"><ele>83.6</ele></rtept><rtept lat="57.516325" lon="12.48725"><ele>84.2</ele></rtept><rtept lat="57.516307" lon="12.48725"><ele>84.2</ele></rtept><rtept lat="57.516287" lon="12.487263"><ele>84.0</ele></rtept><rtept lat="57.516268" lon="12.487263"><ele>84.4</ele></rtept><rtept lat="57.51623" lon="12.48726"><ele>84.4</ele></rtept><rtept lat="57.516203" lon="12.487257"><ele>84.8</ele></rtept><rtept lat="57.516178" lon="12.48725"><ele>84.6</ele></rtept><rtept lat="57.516153" lon="12.48724"><ele>84.8</ele></rtept><rtept lat="57.51612" lon="12.48723"><ele>85.2</ele></rtept><rtept lat="57.516095" lon="12.487223"><ele>85.2</ele></rtept><rtept lat="57.51607" lon="12.487217"><ele>85.4</ele></rtept><rtept lat="57.51605" lon="12.48721"><ele>85.6</ele></rtept><rtept lat="57.516025" lon="12.48721"><ele>85.6</ele></rtept><rtept lat="57.516005" lon="12.48721"><ele>86.2</ele></rtept><rtept lat="57.51598" lon="12.4872"><ele>86.4</ele></rtept><rtept lat="57.51596" lon="12.487197"><ele>86.4</ele></rtept><rtept lat="57.515942" lon="12.487205"><ele>87.0</ele></rtept><rtept lat="57.515917" lon="12.487223"><ele>87.0</ele></rtept><rtept lat="57.51589" lon="12.487235"><ele>87.2</ele></rtept><rtept lat="57.515858" lon="12.487255"><ele>87.6</ele></rtept><rtept lat="57.515813" lon="12.487288"><ele>87.8</ele></rtept><rtept lat="57.515788" lon="12.487315"><ele>87.8</ele></rtept><rtept lat="57.51575" lon="12.48735"><ele>88.0</ele></rtept><rtept lat="57.515718" lon="12.48738"><ele>88.2</ele></rtept><rtept lat="57.515685" lon="12.48742"><ele>88.0</ele></rtept><rtept lat="57.515647" lon="12.487462"><ele>88.4</ele></rtept><rtept lat="57.515602" lon="12.487483"><ele>88.4</ele></rtept><rtept lat="57.515532" lon="12.487515"><ele>88.2</ele></rtept><rtept lat="57.515475" lon="12.487568"><ele>88.4</ele></rtept><rtept lat="57.515442" lon="12.487618"><ele>88.4</ele></rtept><rtept lat="57.515417" lon="12.487577"><ele>88.8</ele></rtept><rtept lat="57.515398" lon="12.487573"><ele>88.6</ele></rtept><rtept lat="57.515385" lon="12.487613"><ele>88.6</ele></rtept><rtept lat="57.515365" lon="12.48764"><ele>88.8</ele></rtept><rtept lat="57.515347" lon="12.487658"><ele>89.2</ele></rtept><rtept lat="57.51532" lon="12.487682"><ele>88.8</ele></rtept><rtept lat="57.515302" lon="12.4877"><ele>89.0</ele></rtept><rtept lat="57.515263" lon="12.48773"><ele>89.2</ele></rtept><rtept lat="57.515243" lon="12.487742"><ele>89.2</ele></rtept><rtept lat="57.515218" lon="12.487772"><ele>89.4</ele></rtept><rtept lat="57.515193" lon="12.4878"><ele>89.4</ele></rtept><rtept lat="57.515173" lon="12.487825"><ele>89.8</ele></rtept><rtept lat="57.515148" lon="12.487838"><ele>90.0</ele></rtept><rtept lat="57.515117" lon="12.48787"><ele>89.8</ele></rtept><rtept lat="57.515097" lon="12.487892"><ele>89.0</ele></rtept><rtept lat="57.515072" lon="12.487925"><ele>88.8</ele></rtept><rtept lat="57.515045" lon="12.487943"><ele>88.4</ele></rtept><rtept lat="57.51502" lon="12.48797"><ele>88.2</ele></rtept><rtept lat="57.514988" lon="12.487988"><ele>88.0</ele></rtept><rtept lat="57.514968" lon="12.48801"><ele>87.8</ele></rtept><rtept lat="57.514943" lon="12.48803"><ele>87.6</ele></rtept><rtept lat="57.514923" lon="12.488048"><ele>87.4</ele></rtept><rtept lat="57.514905" lon="12.488063"><ele>87.6</ele></rtept><rtept lat="57.514885" lon="12.488078"><ele>87.4</ele></rtept><rtept lat="57.51486" lon="12.488095"><ele>87.6</ele></rtept><rtept lat="57.51484" lon="12.488108"><ele>88.0</ele></rtept><rtept lat="57.514822" lon="12.48813"><ele>87.4</ele></rtept><rtept lat="57.514802" lon="12.488153"><ele>87.0</ele></rtept><rtept lat="57.514783" lon="12.488163"><ele>87.0</ele></rtept><rtept lat="57.514763" lon="12.488168"><ele>86.6</ele></rtept><rtept lat="57.514745" lon="12.488182"><ele>86.6</ele></rtept><rtept lat="57.514725" lon="12.488198"><ele>86.6</ele></rtept><rtept lat="57.514707" lon="12.488203"><ele>86.2</ele></rtept><rtept lat="57.514687" lon="12.488202"><ele>86.6</ele></rtept><rtept lat="57.514662" lon="12.488202"><ele>86.2</ele></rtept><rtept lat="57.514642" lon="12.488213"><ele>86.4</ele></rtept><rtept lat="57.51461" lon="12.488232"><ele>86.2</ele></rtept><rtept lat="57.514572" lon="12.488267"><ele>86.4</ele></rtept><rtept lat="57.514533" lon="12.488318"><ele>86.4</ele></rtept><rtept lat="57.514488" lon="12.488373"><ele>86.2</ele></rtept><rtept lat="57.514438" lon="12.488437"><ele>86.6</ele></rtept><rtept lat="57.51438" lon="12.488505"><ele>86.6</ele></rtept><rtept lat="57.514322" lon="12.488572"><ele>86.8</ele></rtept><rtept lat="57.514272" lon="12.488635"><ele>87.2</ele></rtept><rtept lat="57.514227" lon="12.488675"><ele>87.2</ele></rtept><rtept lat="57.514182" lon="12.48871"><ele>87.4</ele></rtept><rtept lat="57.514143" lon="12.488753"><ele>87.4</ele></rtept><rtept lat="57.514098" lon="12.48879"><ele>87.2</ele></rtept><rtept lat="57.514053" lon="12.488835"><ele>87.4</ele></rtept><rtept lat="57.514035" lon="12.488867"><ele>87.0</ele></rtept><rtept lat="57.514015" lon="12.488888"><ele>87.0</ele></rtept><rtept lat="57.513997" lon="12.488935"><ele>87.4</ele></rtept><rtept lat="57.51397" lon="12.488993"><ele>87.4</ele></rtept><rtept lat="57.513958" lon="12.489042"><ele>87.4</ele></rtept><rtept lat="57.513945" lon="12.489122"><ele>87.2</ele></rtept><rtept lat="57.513932" lon="12.489152"><ele>87.4</ele></rtept><rtept lat="57.513913" lon="12.489192"><ele>87.2</ele></rtept><rtept lat="57.513893" lon="12.489247"><ele>87.2</ele></rtept><rtept lat="57.513868" lon="12.489297"><ele>87.2</ele></rtept><rtept lat="57.513855" lon="12.48933"><ele>87.2</ele></rtept><rtept lat="57.513837" lon="12.489383"><ele>86.8</ele></rtept><rtept lat="57.513817" lon="12.48942"><ele>86.4</ele></rtept><rtept lat="57.513803" lon="12.489455"><ele>86.2</ele></rtept><rtept lat="57.513792" lon="12.489483"><ele>86.2</ele></rtept><rtept lat="57.513772" lon="12.489515"><ele>86.2</ele></rtept><rtept lat="57.51376" lon="12.48954"><ele>85.8</ele></rtept><rtept lat="57.513747" lon="12.489567"><ele>85.8</ele></rtept><rtept lat="57.513727" lon="12.489598"><ele>85.8</ele></rtept><rtept lat="57.513708" lon="12.489638"><ele>86.0</ele></rtept><rtept lat="57.513688" lon="12.489672"><ele>86.0</ele></rtept><rtept lat="57.513677" lon="12.489702"><ele>85.6</ele></rtept><rtept lat="57.513657" lon="12.489738"><ele>85.8</ele></rtept><rtept lat="57.513638" lon="12.489772"><ele>86.0</ele></rtept><rtept lat="57.513618" lon="12.489787"><ele>86.2</ele></rtept><rtept lat="57.513605" lon="12.489812"><ele>86.2</ele></rtept><rtept lat="57.513573" lon="12.489845"><ele>86.0</ele></rtept><rtept lat="57.513548" lon="12.48988"><ele>86.4</ele></rtept><rtept lat="57.513517" lon="12.489915"><ele>86.6</ele></rtept><rtept lat="57.513483" lon="12.489952"><ele>86.8</ele></rtept><rtept lat="57.513445" lon="12.489992"><ele>87.2</ele></rtept><rtept lat="57.513413" lon="12.490037"><ele>87.2</ele></rtept><rtept lat="57.513382" lon="12.490055"><ele>87.6</ele></rtept><rtept lat="57.51335" lon="12.49006"><ele>87.8</ele></rtept><rtept lat="57.51333" lon="12.490037"><ele>87.8</ele></rtept><rtept lat="57.513312" lon="12.490045"><ele>88.4</ele></rtept><rtept lat="57.513273" lon="12.490105"><ele>88.4</ele></rtept><rtept lat="57.513253" lon="12.49018"><ele>88.6</ele></rtept><rtept lat="57.513235" lon="12.490215"><ele>89.0</ele></rtept><rtept lat="57.513208" lon="12.490213"><ele>89.0</ele></rtept><rtept lat="57.51317" lon="12.490182"><ele>89.6</ele></rtept><rtept lat="57.513138" lon="12.490168"><ele>89.8</ele></rtept><rtept lat="57.5131" lon="12.49018"><ele>90.2</ele></rtept><rtept lat="57.513075" lon="12.490175"><ele>90.4</ele></rtept><rtept lat="57.513048" lon="12.490163"><ele>90.4</ele></rtept><rtept lat="57.513023" lon="12.490177"><ele>91.0</ele></rtept><rtept lat="57.512992" lon="12.49022"><ele>91.0</ele></rtept><rtept lat="57.512972" lon="12.490273"><ele>91.6</ele></rtept><rtept lat="57.51296" lon="12.490235"><ele>91.6</ele></rtept><rtept lat="57.512933" lon="12.490295"><ele>91.8</ele></rtept><rtept lat="57.512908" lon="12.490302"><ele>92.0</ele></rtept><rtept lat="57.51287" lon="12.490275"><ele>92.2</ele></rtept><rtept lat="57.512857" lon="12.490243"><ele>92.4</ele></rtept><rtept lat="57.512838" lon="12.49024"><ele>92.6</ele></rtept><rtept lat="57.512818" lon="12.490238"><ele>92.6</ele></rtept><rtept lat="57.5128" lon="12.490248"><ele>93.0</ele></rtept><rtept lat="57.512773" lon="12.490258"><ele>93.0</ele></rtept><rtept lat="57.512755" lon="12.490248"><ele>93.0</ele></rtept><rtept lat="57.512735" lon="12.490223"><ele>93.4</ele></rtept><rtept lat="57.512717" lon="12.490188"><ele>93.6</ele></rtept><rtept lat="57.512717" lon="12.490137"><ele>93.8</ele></rtept><rtept lat="57.51271" lon="12.490088"><ele>94.2</ele></rtept><rtept lat="57.51271" lon="12.49004"><ele>94.4</ele></rtept><rtept lat="57.51269" lon="12.49001"><ele>94.2</ele></rtept><rtept lat="57.512665" lon="12.48995"><ele>94.4</ele></rtept><rtept lat="57.512652" lon="12.489905"><ele>94.2</ele></rtept><rtept lat="57.51264" lon="12.489867"><ele>94.0</ele></rtept><rtept lat="57.51262" lon="12.489845"><ele>94.2</ele></rtept><rtept lat="57.5126" lon="12.48983"><ele>94.0</ele></rtept><rtept lat="57.512582" lon="12.489807"><ele>93.8</ele></rtept><rtept lat="57.512557" lon="12.48978"><ele>93.8</ele></rtept><rtept lat="57.512543" lon="12.489747"><ele>93.4</ele></rtept><rtept lat="57.512518" lon="12.489707"><ele>93.6</ele></rtept><rtept lat="57.512498" lon="12.489688"><ele>93.4</ele></rtept><rtept lat="57.51246" lon="12.489672"><ele>93.8</ele></rtept><rtept lat="57.512428" lon="12.489658"><ele>93.6</ele></rtept><rtept lat="57.512402" lon="12.489642"><ele>93.6</ele></rtept><rtept lat="57.512383" lon="12.489618"><ele>93.8</ele></rtept><rtept lat="57.51237" lon="12.489582"><ele>93.4</ele></rtept><rtept lat="57.512352" lon="12.489558"><ele>93.6</ele></rtept><rtept lat="57.512338" lon="12.489528"><ele>93.6</ele></rtept><rtept lat="57.51232" lon="12.489498"><ele>93.2</ele></rtept><rtept lat="57.5123" lon="12.489463"><ele>93.2</ele></rtept><rtept lat="57.51228" lon="12.489425"><ele>93.2</ele></rtept><rtept lat="57.512255" lon="12.489397"><ele>92.8</ele></rtept><rtept lat="57.51223" lon="12.489365"><ele>93.0</ele></rtept><rtept lat="57.512203" lon="12.48933"><ele>92.8</ele></rtept><rtept lat="57.512178" lon="12.489278"><ele>92.6</ele></rtept><rtept lat="57.512153" lon="12.48923"><ele>93.0</ele></rtept><rtept lat="57.51214" lon="12.489175"><ele>92.8</ele></rtept><rtept lat="57.512127" lon="12.489127"><ele>92.8</ele></rtept><rtept lat="57.512115" lon="12.489082"><ele>92.8</ele></rtept><rtept lat="57.512102" lon="12.48904"><ele>92.8</ele></rtept><rtept lat="57.512095" lon="12.489007"><ele>93.0</ele></rtept><rtept lat="57.512082" lon="12.488962"><ele>93.2</ele></rtept><rtept lat="57.51207" lon="12.488922"><ele>93.4</ele></rtept><rtept lat="57.512057" lon="12.488882"><ele>93.6</ele></rtept><rtept lat="57.512043" lon="12.488843"><ele>93.2</ele></rtept><rtept lat="57.512032" lon="12.488805"><ele>93.4</ele></rtept><rtept lat="57.512012" lon="12.488768"><ele>93.6</ele></rtept><rtept lat="57.512" lon="12.48873"><ele>93.4</ele></rtept><rtept lat="57.511987" lon="12.488685"><ele>93.2</ele></rtept><rtept lat="57.51198" lon="12.48864"><ele>93.0</ele></rtept><rtept lat="57.511967" lon="12.488595"><ele>92.6</ele></rtept><rtept lat="57.511955" lon="12.488547"><ele>92.6</ele></rtept><rtept lat="57.511942" lon="12.488498"><ele>92.2</ele></rtept><rtept lat="57.511922" lon="12.488445"><ele>91.6</ele></rtept><rtept lat="57.51191" lon="12.488398"><ele>91.8</ele></rtept><rtept lat="57.511897" lon="12.488357"><ele>91.6</ele></rtept><rtept lat="57.511883" lon="12.488318"><ele>91.0</ele></rtept><rtept lat="57.511872" lon="12.488267"><ele>91.0</ele></rtept><rtept lat="57.511865" lon="12.4882"><ele>90.6</ele></rtept><rtept lat="57.511858" lon="12.48813"><ele>90.0</ele></rtept><rtept lat="57.511845" lon="12.488075"><ele>90.0</ele></rtept><rtept lat="57.511845" lon="12.48802"><ele>90.0</ele></rtept><rtept lat="57.51184" lon="12.487975"><ele>89.6</ele></rtept><rtept lat="57.511833" lon="12.487923"><ele>89.6</ele></rtept><rtept lat="57.511833" lon="12.48788"><ele>89.2</ele></rtept><rtept lat="57.511833" lon="12.48784"><ele>89.0</ele></rtept><rtept lat="57.511833" lon="12.4878"><ele>89.0</ele></rtept><rtept lat="57.511833" lon="12.487758"><ele>88.8</ele></rtept><rtept lat="57.51184" lon="12.487722"><ele>88.8</ele></rtept><rtept lat="57.51184" lon="12.48768"><ele>89.0</ele></rtept><rtept lat="57.511845" lon="12.48764"><ele>88.8</ele></rtept><rtept lat="57.511858" lon="12.487597"><ele>89.2</ele></rtept><rtept lat="57.511865" lon="12.48756"><ele>89.2</ele></rtept><rtept lat="57.511883" lon="12.487527"><ele>89.2</ele></rtept><rtept lat="57.511903" lon="12.487463"><ele>89.4</ele></rtept><rtept lat="57.511917" lon="12.487413"><ele>89.6</ele></rtept><rtept lat="57.511928" lon="12.487363"><ele>89.8</ele></rtept><rtept lat="57.511948" lon="12.487318"><ele>90.2</ele></rtept><rtept lat="57.51196" lon="12.48726"><ele>90.2</ele></rtept><rtept lat="57.51198" lon="12.487225"><ele>90.4</ele></rtept><rtept lat="57.512" lon="12.487183"><ele>90.2</ele></rtept><rtept lat="57.512018" lon="12.487145"><ele>90.2</ele></rtept><rtept lat="57.512032" lon="12.487098"><ele>90.4</ele></rtept><rtept lat="57.512043" lon="12.487052"><ele>90.2</ele></rtept><rtept lat="57.512057" lon="12.48701"><ele>90.2</ele></rtept><rtept lat="57.51207" lon="12.48696"><ele>90.4</ele></rtept><rtept lat="57.512077" lon="12.486908"><ele>90.2</ele></rtept><rtept lat="57.512082" lon="12.486847"><ele>90.4</ele></rtept><rtept lat="57.512088" lon="12.486802"><ele>90.2</ele></rtept><rtept lat="57.512088" lon="12.48675"><ele>90.2</ele></rtept><rtept lat="57.512082" lon="12.486688"><ele>90.4</ele></rtept><rtept lat="57.512082" lon="12.48664"><ele>90.2</ele></rtept><rtept lat="57.512082" lon="12.486598"><ele>90.4</ele></rtept><rtept lat="57.512082" lon="12.486548"><ele>90.6</ele></rtept><rtept lat="57.512082" lon="12.486507"><ele>90.4</ele></rtept><rtept lat="57.51207" lon="12.486455"><ele>90.8</ele></rtept><rtept lat="57.512077" lon="12.486402"><ele>90.8</ele></rtept><rtept lat="57.512082" lon="12.48636"><ele>91.0</ele></rtept><rtept lat="57.512088" lon="12.486312"><ele>91.4</ele></rtept><rtept lat="57.512088" lon="12.486253"><ele>91.2</ele></rtept><rtept lat="57.512095" lon="12.486207"><ele>91.6</ele></rtept><rtept lat="57.512108" lon="12.486163"><ele>91.8</ele></rtept><rtept lat="57.512115" lon="12.486108"><ele>91.4</ele></rtept><rtept lat="57.51212" lon="12.486055"><ele>91.6</ele></rtept><rtept lat="57.512127" lon="12.486008"><ele>91.8</ele></rtept><rtept lat="57.51214" lon="12.485953"><ele>91.4</ele></rtept><rtept lat="57.512147" lon="12.485895"><ele>91.4</ele></rtept><rtept lat="57.51216" lon="12.485843"><ele>91.4</ele></rtept><rtept lat="57.512172" lon="12.485787"><ele>91.2</ele></rtept><rtept lat="57.512178" lon="12.485732"><ele>91.2</ele></rtept><rtept lat="57.512185" lon="12.485667"><ele>91.2</ele></rtept><rtept lat="57.512178" lon="12.485617"><ele>90.8</ele></rtept><rtept lat="57.512178" lon="12.485553"><ele>91.0</ele></rtept><rtept lat="57.512185" lon="12.485493"><ele>90.6</ele></rtept><rtept lat="57.512198" lon="12.485447"><ele>90.6</ele></rtept><rtept lat="57.512198" lon="12.485395"><ele>90.6</ele></rtept><rtept lat="57.512192" lon="12.485342"><ele>90.2</ele></rtept><rtept lat="57.512185" lon="12.485288"><ele>90.4</ele></rtept><rtept lat="57.512178" lon="12.48525"><ele>90.4</ele></rtept><rtept lat="57.512165" lon="12.485213"><ele>90.0</ele></rtept><rtept lat="57.51216" lon="12.485143"><ele>89.8</ele></rtept><rtept lat="57.512153" lon="12.48509"><ele>89.8</ele></rtept><rtept lat="57.512147" lon="12.48503"><ele>89.4</ele></rtept><rtept lat="57.512147" lon="12.48498"><ele>89.2</ele></rtept><rtept lat="57.512147" lon="12.48492"><ele>89.2</ele></rtept><rtept lat="57.512147" lon="12.484867"><ele>88.8</ele></rtept><rtept lat="57.51214" lon="12.484818"><ele>88.6</ele></rtept><rtept lat="57.51214" lon="12.484758"><ele>88.6</ele></rtept><rtept lat="57.51214" lon="12.484693"><ele>88.0</ele></rtept><rtept lat="57.512133" lon="12.484648"><ele>88.0</ele></rtept><rtept lat="57.51214" lon="12.484598"><ele>88.0</ele></rtept><rtept lat="57.51214" lon="12.484538"><ele>87.4</ele></rtept><rtept lat="57.51214" lon="12.484498"><ele>87.6</ele></rtept><rtept lat="57.51214" lon="12.48445"><ele>87.6</ele></rtept><rtept lat="57.51214" lon="12.484403"><ele>87.2</ele></rtept><rtept lat="57.51214" lon="12.484352"><ele>87.4</ele></rtept><rtept lat="57.51214" lon="12.484317"><ele>87.2</ele></rtept><rtept lat="57.512127" lon="12.484245"><ele>87.2</ele></rtept><rtept lat="57.512127" lon="12.484198"><ele>87.2</ele></rtept><rtept lat="57.51212" lon="12.484167"><ele>87.6</ele></rtept><rtept lat="57.512108" lon="12.484127"><ele>87.6</ele></rtept><rtept lat="57.512102" lon="12.48408"><ele>87.8</ele></rtept><rtept lat="57.512088" lon="12.484033"><ele>88.0</ele></rtept><rtept lat="57.512082" lon="12.483988"><ele>88.2</ele></rtept><rtept lat="57.512063" lon="12.483935"><ele>88.6</ele></rtept><rtept lat="57.512057" lon="12.48389"><ele>89.4</ele></rtept><rtept lat="57.512038" lon="12.483845"><ele>89.4</ele></rtept><rtept lat="57.512018" lon="12.483803"><ele>89.6</ele></rtept><rtept lat="57.512" lon="12.48376"><ele>89.8</ele></rtept><rtept lat="57.51198" lon="12.483732"><ele>90.0</ele></rtept><rtept lat="57.511955" lon="12.483687"><ele>90.4</ele></rtept><rtept lat="57.511942" lon="12.483642"><ele>90.2</ele></rtept><rtept lat="57.511922" lon="12.4836"><ele>90.2</ele></rtept><rtept lat="57.51189" lon="12.483552"><ele>90.2</ele></rtept><rtept lat="57.511865" lon="12.483487"><ele>90.0</ele></rtept><rtept lat="57.511852" lon="12.48344"><ele>89.8</ele></rtept><rtept lat="57.511827" lon="12.483393"><ele>90.0</ele></rtept><rtept lat="57.511813" lon="12.483357"><ele>89.8</ele></rtept><rtept lat="57.511795" lon="12.483302"><ele>89.4</ele></rtept><rtept lat="57.511782" lon="12.483258"><ele>89.6</ele></rtept><rtept lat="57.511775" lon="12.48321"><ele>89.4</ele></rtept><rtept lat="57.511768" lon="12.483163"><ele>89.0</ele></rtept><rtept lat="57.511762" lon="12.483117"><ele>89.0</ele></rtept><rtept lat="57.51175" lon="12.48307"><ele>88.6</ele></rtept><rtept lat="57.511743" lon="12.483"><ele>89.0</ele></rtept><rtept lat="57.51173" lon="12.482955"><ele>88.6</ele></rtept><rtept lat="57.511723" lon="12.482918"><ele>88.8</ele></rtept><rtept lat="57.511712" lon="12.482865"><ele>88.8</ele></rtept><rtept lat="57.511712" lon="12.482805"><ele>88.4</ele></rtept><rtept lat="57.511705" lon="12.482758"><ele>88.4</ele></rtept><rtept lat="57.511705" lon="12.482708"><ele>88.2</ele></rtept><rtept lat="57.511705" lon="12.482667"><ele>88.0</ele></rtept><rtept lat="57.511692" lon="12.4826"><ele>87.8</ele></rtept><rtept lat="57.511692" lon="12.482538"><ele>87.6</ele></rtept><rtept lat="57.511692" lon="12.482485"><ele>87.2</ele></rtept><rtept lat="57.511692" lon="12.48244"><ele>87.0</ele></rtept><rtept lat="57.511692" lon="12.482403"><ele>87.0</ele></rtept><rtept lat="57.511685" lon="12.482353"><ele>86.8</ele></rtept><rtept lat="57.511685" lon="12.48229"><ele>86.4</ele></rtept><rtept lat="57.511685" lon="12.48225"><ele>86.2</ele></rtept><rtept lat="57.511685" lon="12.482205"><ele>86.2</ele></rtept><rtept lat="57.511673" lon="12.482158"><ele>86.0</ele></rtept><rtept lat="57.511678" lon="12.482098"><ele>86.0</ele></rtept><rtept lat="57.511678" lon="12.482047"><ele>85.8</ele></rtept><rtept lat="57.511678" lon="12.481982"><ele>85.6</ele></rtept><rtept lat="57.511685" lon="12.481933"><ele>85.6</ele></rtept><rtept lat="57.511685" lon="12.481882"><ele>85.2</ele></rtept><rtept lat="57.511685" lon="12.48182"><ele>85.4</ele></rtept><rtept lat="57.511692" lon="12.481773"><ele>85.6</ele></rtept><rtept lat="57.511705" lon="12.481718"><ele>85.4</ele></rtept><rtept lat="57.511712" lon="12.481657"><ele>85.6</ele></rtept><rtept lat="57.511718" lon="12.481605"><ele>85.4</ele></rtept><rtept lat="57.511723" lon="12.481557"><ele>85.2</ele></rtept><rtept lat="57.51173" lon="12.481512"><ele>85.4</ele></rtept><rtept lat="57.511743" lon="12.481467"><ele>85.2</ele></rtept><rtept lat="57.511743" lon="12.481417"><ele>85.2</ele></rtept><rtept lat="57.511743" lon="12.481365"><ele>85.4</ele></rtept><rtept lat="57.511743" lon="12.481307"><ele>85.2</ele></rtept><rtept lat="57.511743" lon="12.481247"><ele>85.4</ele></rtept><rtept lat="57.51175" lon="12.481207"><ele>85.6</ele></rtept><rtept lat="57.51175" lon="12.48116"><ele>85.2</ele></rtept><rtept lat="57.511743" lon="12.48112"><ele>85.8</ele></rtept><rtept lat="57.511743" lon="12.481078"><ele>85.8</ele></rtept><rtept lat="57.511723" lon="12.48101"><ele>85.4</ele></rtept><rtept lat="57.511712" lon="12.480957"><ele>85.8</ele></rtept><rtept lat="57.511705" lon="12.4809"><ele>85.8</ele></rtept><rtept lat="57.511685" lon="12.480847"><ele>85.8</ele></rtept><rtept lat="57.511673" lon="12.480802"><ele>86.0</ele></rtept><rtept lat="57.511667" lon="12.480767"><ele>85.6</ele></rtept><rtept lat="57.511653" lon="12.480718"><ele>85.8</ele></rtept><rtept lat="57.511647" lon="12.480678"><ele>86.0</ele></rtept><rtept lat="57.51164" lon="12.480637"><ele>85.4</ele></rtept><rtept lat="57.511628" lon="12.480583"><ele>85.8</ele></rtept><rtept lat="57.511615" lon="12.480527"><ele>85.8</ele></rtept><rtept lat="57.511602" lon="12.48048"><ele>85.4</ele></rtept><rtept lat="57.511583" lon="12.480415"><ele>85.6</ele></rtept><rtept lat="57.511577" lon="12.480353"><ele>85.4</ele></rtept><rtept lat="57.511577" lon="12.480303"><ele>85.4</ele></rtept><rtept lat="57.51157" lon="12.48025"><ele>85.4</ele></rtept><rtept lat="57.51157" lon="12.480203"><ele>85.2</ele></rtept><rtept lat="57.511563" lon="12.480152"><ele>85.4</ele></rtept><rtept lat="57.511558" lon="12.480087"><ele>85.6</ele></rtept><rtept lat="57.511552" lon="12.480022"><ele>85.4</ele></rtept><rtept lat="57.511545" lon="12.479953"><ele>85.6</ele></rtept><rtept lat="57.511532" lon="12.4799"><ele>85.4</ele></rtept><rtept lat="57.511525" lon="12.479857"><ele>85.2</ele></rtept><rtept lat="57.51152" lon="12.479812"><ele>85.4</ele></rtept><rtept lat="57.511507" lon="12.479742"><ele>85.4</ele></rtept><rtept lat="57.511493" lon="12.479688"><ele>85.4</ele></rtept><rtept lat="57.511487" lon="12.479642"><ele>85.4</ele></rtept><rtept lat="57.51148" lon="12.4796"><ele>85.0</ele></rtept><rtept lat="57.511475" lon="12.479557"><ele>85.2</ele></rtept><rtept lat="57.511468" lon="12.479505"><ele>85.4</ele></rtept><rtept lat="57.511462" lon="12.479412"><ele>85.0</ele></rtept><rtept lat="57.511455" lon="12.479362"><ele>84.8</ele></rtept><rtept lat="57.511448" lon="12.479315"><ele>84.8</ele></rtept><rtept lat="57.511448" lon="12.479272"><ele>85.0</ele></rtept><rtept lat="57.511442" lon="12.479227"><ele>84.8</ele></rtept><rtept lat="57.511437" lon="12.479193"><ele>85.0</ele></rtept><rtept lat="57.51143" lon="12.479153"><ele>84.8</ele></rtept><rtept lat="57.511423" lon="12.479117"><ele>84.6</ele></rtept><rtept lat="57.51141" lon="12.479068"><ele>84.6</ele></rtept><rtept lat="57.511398" lon="12.47904"><ele>84.8</ele></rtept><rtept lat="57.511385" lon="12.479002"><ele>84.4</ele></rtept><rtept lat="57.511372" lon="12.478962"><ele>84.2</ele></rtept><rtept lat="57.511353" lon="12.478918"><ele>84.4</ele></rtept><rtept lat="57.511333" lon="12.47888"><ele>84.0</ele></rtept><rtept lat="57.51132" lon="12.478843"><ele>83.8</ele></rtept><rtept lat="57.511308" lon="12.4788"><ele>84.0</ele></rtept><rtept lat="57.511295" lon="12.478742"><ele>83.4</ele></rtept><rtept lat="57.51127" lon="12.47868"><ele>83.2</ele></rtept><rtept lat="57.51125" lon="12.478645"><ele>83.0</ele></rtept><rtept lat="57.511238" lon="12.478617"><ele>82.8</ele></rtept><rtept lat="57.511212" lon="12.478567"><ele>82.4</ele></rtept><rtept lat="57.511187" lon="12.478528"><ele>82.0</ele></rtept><rtept lat="57.511173" lon="12.478467"><ele>81.8</ele></rtept><rtept lat="57.51116" lon="12.47842"><ele>82.0</ele></rtept><rtept lat="57.511148" lon="12.478382"><ele>81.6</ele></rtept><rtept lat="57.511135" lon="12.478342"><ele>81.2</ele></rtept><rtept lat="57.511117" lon="12.478302"><ele>81.2</ele></rtept><rtept lat="57.51109" lon="12.478255"><ele>80.6</ele></rtept><rtept lat="57.511078" lon="12.478217"><ele>80.2</ele></rtept><rtept lat="57.511065" lon="12.478177"><ele>80.4</ele></rtept><rtept lat="57.51104" lon="12.47808"><ele>79.6</ele></rtept><rtept lat="57.511027" lon="12.47802"><ele>79.6</ele></rtept><rtept lat="57.511013" lon="12.477972"><ele>79.0</ele></rtept><rtept lat="57.511" lon="12.47792"><ele>78.8</ele></rtept><rtept lat="57.510988" lon="12.47789"><ele>78.2</ele></rtept><rtept lat="57.510968" lon="12.477847"><ele>78.4</ele></rtept><rtept lat="57.510957" lon="12.477803"><ele>78.4</ele></rtept><rtept lat="57.510937" lon="12.477773"><ele>77.8</ele></rtept><rtept lat="57.510918" lon="12.47774"><ele>78.0</ele></rtept><rtept lat="57.510905" lon="12.477707"><ele>77.8</ele></rtept><rtept lat="57.510885" lon="12.477673"><ele>77.6</ele></rtept><rtept lat="57.510873" lon="12.477643"><ele>78.0</ele></rtept><rtept lat="57.510853" lon="12.477608"><ele>77.8</ele></rtept><rtept lat="57.510847" lon="12.477575"><ele>77.8</ele></rtept><rtept lat="57.510835" lon="12.477535"><ele>78.0</ele></rtept><rtept lat="57.510828" lon="12.477495"><ele>77.8</ele></rtept><rtept lat="57.510808" lon="12.477463"><ele>78.2</ele></rtept><rtept lat="57.510797" lon="12.477433"><ele>78.4</ele></rtept><rtept lat="57.510783" lon="12.477405"><ele>78.4</ele></rtept><rtept lat="57.510763" lon="12.47736"><ele>79.0</ele></rtept><rtept lat="57.510752" lon="12.47731"><ele>79.4</ele></rtept><rtept lat="57.510745" lon="12.477278"><ele>79.8</ele></rtept><rtept lat="57.510738" lon="12.477245"><ele>79.6</ele></rtept><rtept lat="57.510732" lon="12.477205"><ele>79.4</ele></rtept><rtept lat="57.51072" lon="12.477158"><ele>79.8</ele></rtept><rtept lat="57.510713" lon="12.477113"><ele>79.8</ele></rtept><rtept lat="57.510707" lon="12.477078"><ele>80.2</ele></rtept><rtept lat="57.510707" lon="12.477033"><ele>80.4</ele></rtept><rtept lat="57.5107" lon="12.476992"><ele>80.2</ele></rtept><rtept lat="57.510693" lon="12.476935"><ele>80.4</ele></rtept><rtept lat="57.510693" lon="12.476893"><ele>80.6</ele></rtept><rtept lat="57.510693" lon="12.47684"><ele>80.4</ele></rtept><rtept lat="57.510693" lon="12.476783"><ele>80.6</ele></rtept><rtept lat="57.5107" lon="12.476733"><ele>80.6</ele></rtept><rtept lat="57.510707" lon="12.47668"><ele>80.0</ele></rtept><rtept lat="57.510713" lon="12.476645"><ele>80.2</ele></rtept><rtept lat="57.510732" lon="12.476592"><ele>80.4</ele></rtept><rtept lat="57.510745" lon="12.476545"><ele>80.2</ele></rtept><rtept lat="57.510763" lon="12.47649"><ele>80.2</ele></rtept><rtept lat="57.510777" lon="12.476438"><ele>80.2</ele></rtept><rtept lat="57.51079" lon="12.476392"><ele>79.6</ele></rtept><rtept lat="57.510808" lon="12.476332"><ele>79.6</ele></rtept><rtept lat="57.510828" lon="12.47628"><ele>79.6</ele></rtept><rtept lat="57.510847" lon="12.476228"><ele>79.0</ele></rtept><rtept lat="57.510867" lon="12.476195"><ele>78.8</ele></rtept><rtept lat="57.510885" lon="12.476143"><ele>78.2</ele></rtept><rtept lat="57.510905" lon="12.476108"><ele>77.8</ele></rtept><rtept lat="57.510918" lon="12.476073"><ele>77.8</ele></rtept><rtept lat="57.510937" lon="12.476025"><ele>77.4</ele></rtept><rtept lat="57.510962" lon="12.47597"><ele>77.2</ele></rtept><rtept lat="57.510975" lon="12.475927"><ele>77.2</ele></rtept><rtept lat="57.510995" lon="12.475892"><ele>76.8</ele></rtept><rtept lat="57.511013" lon="12.47584"><ele>77.0</ele></rtept><rtept lat="57.511027" lon="12.475793"><ele>77.2</ele></rtept><rtept lat="57.511045" lon="12.475758"><ele>76.8</ele></rtept><rtept lat="57.511058" lon="12.475717"><ele>77.0</ele></rtept><rtept lat="57.511072" lon="12.475677"><ele>77.0</ele></rtept><rtept lat="57.511083" lon="12.475632"><ele>76.8</ele></rtept><rtept lat="57.511097" lon="12.47558"><ele>76.8</ele></rtept><rtept lat="57.51111" lon="12.475535"><ele>77.0</ele></rtept><rtept lat="57.511117" lon="12.475488"><ele>76.4</ele></rtept><rtept lat="57.511128" lon="12.47544"><ele>76.2</ele></rtept><rtept lat="57.511135" lon="12.475393"><ele>76.2</ele></rtept><rtept lat="57.511148" lon="12.475325"><ele>75.6</ele></rtept><rtept lat="57.511148" lon="12.47527"><ele>75.0</ele></rtept><rtept lat="57.511148" lon="12.475222"><ele>74.8</ele></rtept><rtept lat="57.511148" lon="12.475167"><ele>74.2</ele></rtept><rtept lat="57.511155" lon="12.475125"><ele>74.0</ele></rtept><rtept lat="57.511155" lon="12.475072"><ele>74.0</ele></rtept><rtept lat="57.511155" lon="12.475027"><ele>73.4</ele></rtept><rtept lat="57.51116" lon="12.474988"><ele>73.4</ele></rtept><rtept lat="57.511167" lon="12.474927"><ele>73.2</ele></rtept><rtept lat="57.511173" lon="12.474877"><ele>73.0</ele></rtept><rtept lat="57.511173" lon="12.474827"><ele>73.2</ele></rtept><rtept lat="57.511173" lon="12.474783"><ele>72.8</ele></rtept><rtept lat="57.511173" lon="12.47474"><ele>73.0</ele></rtept><rtept lat="57.511173" lon="12.4747"><ele>73.2</ele></rtept><rtept lat="57.51118" lon="12.47465"><ele>72.8</ele></rtept><rtept lat="57.511187" lon="12.474617"><ele>73.2</ele></rtept><rtept lat="57.511187" lon="12.474565"><ele>73.2</ele></rtept><rtept lat="57.511187" lon="12.474515"><ele>72.8</ele></rtept><rtept lat="57.511187" lon="12.47446"><ele>73.0</ele></rtept><rtept lat="57.5112" lon="12.47441"><ele>73.0</ele></rtept><rtept lat="57.511212" lon="12.474358"><ele>72.8</ele></rtept><rtept lat="57.511225" lon="12.474298"><ele>72.8</ele></rtept><rtept lat="57.511232" lon="12.474243"><ele>72.4</ele></rtept><rtept lat="57.511243" lon="12.474207"><ele>72.4</ele></rtept><rtept lat="57.51125" lon="12.474158"><ele>72.4</ele></rtept><rtept lat="57.511263" lon="12.474108"><ele>72.2</ele></rtept><rtept lat="57.511263" lon="12.474068"><ele>72.4</ele></rtept><rtept lat="57.511277" lon="12.474023"><ele>72.4</ele></rtept><rtept lat="57.511288" lon="12.473978"><ele>72.2</ele></rtept><rtept lat="57.511308" lon="12.47395"><ele>72.4</ele></rtept><rtept lat="57.511333" lon="12.473885"><ele>72.4</ele></rtept><rtept lat="57.51136" lon="12.47384"><ele>72.6</ele></rtept><rtept lat="57.511385" lon="12.473815"><ele>72.4</ele></rtept><rtept lat="57.51141" lon="12.473798"><ele>72.8</ele></rtept><rtept lat="57.51143" lon="12.473775"><ele>72.6</ele></rtept><rtept lat="57.511448" lon="12.473755"><ele>72.6</ele></rtept><rtept lat="57.511475" lon="12.473747"><ele>72.4</ele></rtept><rtept lat="57.511493" lon="12.473745"><ele>72.8</ele></rtept><rtept lat="57.511513" lon="12.47374"><ele>73.0</ele></rtept><rtept lat="57.511532" lon="12.473735"><ele>72.8</ele></rtept><rtept lat="57.511552" lon="12.473725"><ele>73.2</ele></rtept><rtept lat="57.511577" lon="12.473725"><ele>73.2</ele></rtept><rtept lat="57.511597" lon="12.473725"><ele>73.2</ele></rtept><rtept lat="57.511628" lon="12.473727"><ele>73.4</ele></rtept><rtept lat="57.511653" lon="12.473718"><ele>73.0</ele></rtept><rtept lat="57.511673" lon="12.473705"><ele>73.4</ele></rtept><rtept lat="57.511698" lon="12.473677"><ele>73.6</ele></rtept><rtept lat="57.51173" lon="12.473628"><ele>74.4</ele></rtept><rtept lat="57.511743" lon="12.4736"><ele>74.2</ele></rtept><rtept lat="57.511757" lon="12.47356"><ele>74.4</ele></rtept><rtept lat="57.511762" lon="12.473527"><ele>74.6</ele></rtept><rtept lat="57.511768" lon="12.473475"><ele>75.2</ele></rtept><rtept lat="57.511782" lon="12.473422"><ele>75.6</ele></rtept><rtept lat="57.5118" lon="12.473382"><ele>76.4</ele></rtept><rtept lat="57.51182" lon="12.473342"><ele>77.0</ele></rtept><rtept lat="57.511827" lon="12.473297"><ele>77.4</ele></rtept><rtept lat="57.51184" lon="12.47326"><ele>77.8</ele></rtept><rtept lat="57.511858" lon="12.473205"><ele>78.8</ele></rtept><rtept lat="57.511858" lon="12.473157"><ele>79.2</ele></rtept><rtept lat="57.511865" lon="12.473095"><ele>79.8</ele></rtept><rtept lat="57.511858" lon="12.473055"><ele>81.2</ele></rtept><rtept lat="57.51184" lon="12.47304"><ele>82.0</ele></rtept><rtept lat="57.51182" lon="12.473042"><ele>82.4</ele></rtept><rtept lat="57.511795" lon="12.473042"><ele>82.4</ele></rtept><rtept lat="57.511768" lon="12.473045"><ele>82.0</ele></rtept><rtept lat="57.51173" lon="12.473052"><ele>82.0</ele></rtept><rtept lat="57.511705" lon="12.473047"><ele>82.4</ele></rtept><rtept lat="57.511685" lon="12.47304"><ele>82.0</ele></rtept><rtept lat="57.51166" lon="12.473035"><ele>81.8</ele></rtept><rtept lat="57.51164" lon="12.473027"><ele>82.2</ele></rtept><rtept lat="57.511622" lon="12.473005"><ele>82.0</ele></rtept><rtept lat="57.511608" lon="12.472978"><ele>81.6</ele></rtept><rtept lat="57.51159" lon="12.472953"><ele>82.0</ele></rtept><rtept lat="57.511563" lon="12.472918"><ele>82.0</ele></rtept><rtept lat="57.511532" lon="12.472867"><ele>82.4</ele></rtept><rtept lat="57.51152" lon="12.472838"><ele>82.0</ele></rtept><rtept lat="57.511487" lon="12.472787"><ele>82.4</ele></rtept><rtept lat="57.511475" lon="12.472758"><ele>82.6</ele></rtept><rtept lat="57.511442" lon="12.472727"><ele>82.8</ele></rtept><rtept lat="57.511423" lon="12.472708"><ele>82.8</ele></rtept><rtept lat="57.511392" lon="12.472693"><ele>82.8</ele></rtept><rtept lat="57.51136" lon="12.47266"><ele>83.2</ele></rtept><rtept lat="57.511327" lon="12.472633"><ele>83.4</ele></rtept><rtept lat="57.511302" lon="12.472615"><ele>83.4</ele></rtept><rtept lat="57.511282" lon="12.472598"><ele>83.2</ele></rtept><rtept lat="57.511263" lon="12.472578"><ele>83.2</ele></rtept><rtept lat="57.511243" lon="12.47256"><ele>83.6</ele></rtept><rtept lat="57.511218" lon="12.472543"><ele>83.4</ele></rtept><rtept lat="57.5112" lon="12.472525"><ele>83.2</ele></rtept><rtept lat="57.511187" lon="12.4725"><ele>82.8</ele></rtept><rtept lat="57.511167" lon="12.472475"><ele>83.4</ele></rtept><rtept lat="57.511155" lon="12.472447"><ele>83.4</ele></rtept><rtept lat="57.511128" lon="12.472418"><ele>83.2</ele></rtept><rtept lat="57.51111" lon="12.472405"><ele>83.6</ele></rtept><rtept lat="57.51109" lon="12.472392"><ele>83.8</ele></rtept><rtept lat="57.511065" lon="12.47236"><ele>83.4</ele></rtept><rtept lat="57.51104" lon="12.472298"><ele>83.8</ele></rtept><rtept lat="57.511033" lon="12.472265"><ele>83.6</ele></rtept><rtept lat="57.511027" lon="12.47222"><ele>83.6</ele></rtept><rtept lat="57.511013" lon="12.472182"><ele>83.8</ele></rtept><rtept lat="57.510995" lon="12.472152"><ele>83.4</ele></rtept><rtept lat="57.510962" lon="12.472113"><ele>83.8</ele></rtept><rtept lat="57.510943" lon="12.472095"><ele>84.0</ele></rtept><rtept lat="57.510905" lon="12.472042"><ele>84.2</ele></rtept><rtept lat="57.510892" lon="12.472015"><ele>84.4</ele></rtept><rtept lat="57.510867" lon="12.471965"><ele>84.4</ele></rtept><rtept lat="57.510847" lon="12.471958"><ele>84.4</ele></rtept><rtept lat="57.510822" lon="12.47195"><ele>84.4</ele></rtept><rtept lat="57.510802" lon="12.471953"><ele>84.4</ele></rtept><rtept lat="57.510777" lon="12.471945"><ele>84.6</ele></rtept><rtept lat="57.510758" lon="12.47194"><ele>84.4</ele></rtept><rtept lat="57.510738" lon="12.47193"><ele>84.2</ele></rtept><rtept lat="57.51072" lon="12.471918"><ele>84.2</ele></rtept><rtept lat="57.510693" lon="12.47191"><ele>84.4</ele></rtept><rtept lat="57.510668" lon="12.4719"><ele>84.2</ele></rtept><rtept lat="57.510648" lon="12.471883"><ele>84.2</ele></rtept><rtept lat="57.510623" lon="12.47185"><ele>84.2</ele></rtept><rtept lat="57.510603" lon="12.471828"><ele>84.4</ele></rtept><rtept lat="57.510592" lon="12.471803"><ele>83.8</ele></rtept><rtept lat="57.510565" lon="12.471783"><ele>83.8</ele></rtept><rtept lat="57.510553" lon="12.471757"><ele>84.0</ele></rtept><rtept lat="57.51054" lon="12.47172"><ele>83.6</ele></rtept><rtept lat="57.510502" lon="12.471692"><ele>83.4</ele></rtept><rtept lat="57.510482" lon="12.47169"><ele>83.0</ele></rtept><rtept lat="57.510457" lon="12.471687"><ele>82.8</ele></rtept><rtept lat="57.510438" lon="12.471695"><ele>82.6</ele></rtept><rtept lat="57.510412" lon="12.471705"><ele>83.2</ele></rtept><rtept lat="57.510393" lon="12.471718"><ele>82.6</ele></rtept><rtept lat="57.510367" lon="12.47173"><ele>82.0</ele></rtept><rtept lat="57.510342" lon="12.47175"><ele>82.2</ele></rtept><rtept lat="57.510317" lon="12.471767"><ele>82.0</ele></rtept><rtept lat="57.510297" lon="12.471777"><ele>82.0</ele></rtept><rtept lat="57.510265" lon="12.471795"><ele>82.2</ele></rtept><rtept lat="57.51024" lon="12.47181"><ele>82.0</ele></rtept><rtept lat="57.510213" lon="12.47182"><ele>81.8</ele></rtept><rtept lat="57.510182" lon="12.47183"><ele>82.0</ele></rtept><rtept lat="57.510157" lon="12.471837"><ele>81.6</ele></rtept><rtept lat="57.510137" lon="12.471835"><ele>81.4</ele></rtept><rtept lat="57.510112" lon="12.471835"><ele>82.0</ele></rtept><rtept lat="57.51008" lon="12.471835"><ele>82.0</ele></rtept><rtept lat="57.510053" lon="12.471817"><ele>81.8</ele></rtept><rtept lat="57.510035" lon="12.471803"><ele>82.0</ele></rtept><rtept lat="57.510015" lon="12.471792"><ele>82.0</ele></rtept><rtept lat="57.509997" lon="12.47179"><ele>81.6</ele></rtept><rtept lat="57.509958" lon="12.471792"><ele>81.8</ele></rtept><rtept lat="57.509938" lon="12.471795"><ele>81.8</ele></rtept><rtept lat="57.50992" lon="12.471792"><ele>81.6</ele></rtept><rtept lat="57.509893" lon="12.471783"><ele>81.6</ele></rtept><rtept lat="57.509868" lon="12.471775"><ele>81.8</ele></rtept><rtept lat="57.509842" lon="12.471757"><ele>81.4</ele></rtept><rtept lat="57.509823" lon="12.471738"><ele>81.6</ele></rtept><rtept lat="57.509798" lon="12.47172"><ele>81.4</ele></rtept><rtept lat="57.509778" lon="12.471717"><ele>81.2</ele></rtept><rtept lat="57.50976" lon="12.4717"><ele>81.4</ele></rtept><rtept lat="57.509733" lon="12.47169"><ele>81.4</ele></rtept><rtept lat="57.509708" lon="12.471678"><ele>81.2</ele></rtept><rtept lat="57.509682" lon="12.47167"><ele>81.2</ele></rtept><rtept lat="57.509663" lon="12.471662"><ele>81.0</ele></rtept><rtept lat="57.509638" lon="12.47165"><ele>80.8</ele></rtept><rtept lat="57.509612" lon="12.471637"><ele>81.0</ele></rtept><rtept lat="57.509587" lon="12.471625"><ele>81.2</ele></rtept><rtept lat="57.509567" lon="12.471617"><ele>81.2</ele></rtept><rtept lat="57.509548" lon="12.471598"><ele>81.4</ele></rtept><rtept lat="57.509535" lon="12.471567"><ele>81.6</ele></rtept><rtept lat="57.509535" lon="12.47152"><ele>81.4</ele></rtept><rtept lat="57.509535" lon="12.47148"><ele>81.6</ele></rtept><rtept lat="57.50956" lon="12.471412"><ele>81.8</ele></rtept><rtept lat="57.509567" lon="12.47136"><ele>82.2</ele></rtept><rtept lat="57.50958" lon="12.471318"><ele>82.2</ele></rtept><rtept lat="57.509587" lon="12.47128"><ele>82.6</ele></rtept><rtept lat="57.5096" lon="12.471235"><ele>83.0</ele></rtept><rtept lat="57.509612" lon="12.471193"><ele>83.2</ele></rtept><rtept lat="57.509643" lon="12.471135"><ele>83.8</ele></rtept><rtept lat="57.509657" lon="12.47109"><ele>84.0</ele></rtept><rtept lat="57.509677" lon="12.47105"><ele>84.4</ele></rtept><rtept lat="57.509695" lon="12.47102"><ele>84.8</ele></rtept><rtept lat="57.509708" lon="12.470992"><ele>84.8</ele></rtept><rtept lat="57.50972" lon="12.470965"><ele>85.2</ele></rtept><rtept lat="57.509747" lon="12.470918"><ele>85.6</ele></rtept><rtept lat="57.509765" lon="12.470897"><ele>86.0</ele></rtept><rtept lat="57.509785" lon="12.470873"><ele>86.0</ele></rtept><rtept lat="57.509798" lon="12.470848"><ele>86.0</ele></rtept><rtept lat="57.509823" lon="12.470822"><ele>86.8</ele></rtept><rtept lat="57.509842" lon="12.470798"><ele>86.8</ele></rtept><rtept lat="57.509862" lon="12.470787"><ele>87.0</ele></rtept><rtept lat="57.50988" lon="12.470758"><ele>87.4</ele></rtept><rtept lat="57.5099" lon="12.470732"><ele>87.6</ele></rtept><rtept lat="57.50992" lon="12.470708"><ele>88.0</ele></rtept><rtept lat="57.509945" lon="12.470673"><ele>88.4</ele></rtept><rtept lat="57.509958" lon="12.470643"><ele>88.2</ele></rtept><rtept lat="57.509977" lon="12.470618"><ele>88.6</ele></rtept><rtept lat="57.509997" lon="12.470588"><ele>88.8</ele></rtept><rtept lat="57.510015" lon="12.47056"><ele>88.6</ele></rtept><rtept lat="57.510035" lon="12.470525"><ele>89.0</ele></rtept><rtept lat="57.510053" lon="12.47048"><ele>89.2</ele></rtept><rtept lat="57.51008" lon="12.47041"><ele>89.4</ele></rtept><rtept lat="57.510105" lon="12.47037"><ele>89.4</ele></rtept><rtept lat="57.510123" lon="12.470347"><ele>89.2</ele></rtept><rtept lat="57.510143" lon="12.470338"><ele>89.6</ele></rtept><rtept lat="57.510162" lon="12.47033"><ele>89.6</ele></rtept><rtept lat="57.510182" lon="12.470315"><ele>89.4</ele></rtept><rtept lat="57.5102" lon="12.470295"><ele>89.8</ele></rtept><rtept lat="57.51022" lon="12.470265"><ele>89.8</ele></rtept><rtept lat="57.510233" lon="12.47024"><ele>90.0</ele></rtept><rtept lat="57.51024" lon="12.470202"><ele>90.2</ele></rtept><rtept lat="57.510252" lon="12.470167"><ele>90.0</ele></rtept><rtept lat="57.510272" lon="12.470122"><ele>89.8</ele></rtept><rtept lat="57.510283" lon="12.470093"><ele>90.0</ele></rtept><rtept lat="57.510297" lon="12.470058"><ele>89.8</ele></rtept><rtept lat="57.510317" lon="12.470027"><ele>90.0</ele></rtept><rtept lat="57.510322" lon="12.469983"><ele>90.4</ele></rtept><rtept lat="57.510335" lon="12.469955"><ele>90.2</ele></rtept><rtept lat="57.510335" lon="12.469907"><ele>90.8</ele></rtept><rtept lat="57.510342" lon="12.469858"><ele>91.6</ele></rtept><rtept lat="57.510348" lon="12.469815"><ele>91.4</ele></rtept><rtept lat="57.510355" lon="12.469773"><ele>92.0</ele></rtept><rtept lat="57.51036" lon="12.46973"><ele>92.0</ele></rtept><rtept lat="57.510367" lon="12.46969"><ele>91.6</ele></rtept><rtept lat="57.510373" lon="12.469652"><ele>91.8</ele></rtept><rtept lat="57.51038" lon="12.469607"><ele>91.8</ele></rtept><rtept lat="57.51038" lon="12.469557"><ele>91.4</ele></rtept><rtept lat="57.510393" lon="12.469495"><ele>91.4</ele></rtept><rtept lat="57.510398" lon="12.469453"><ele>91.4</ele></rtept><rtept lat="57.510405" lon="12.469403"><ele>91.0</ele></rtept><rtept lat="57.510418" lon="12.469353"><ele>90.8</ele></rtept><rtept lat="57.510418" lon="12.469308"><ele>90.8</ele></rtept><rtept lat="57.510432" lon="12.469273"><ele>90.4</ele></rtept><rtept lat="57.510438" lon="12.469228"><ele>90.4</ele></rtept><rtept lat="57.51045" lon="12.469168"><ele>90.4</ele></rtept><rtept lat="57.51045" lon="12.469128"><ele>90.0</ele></rtept><rtept lat="57.510457" lon="12.469088"><ele>89.8</ele></rtept><rtept lat="57.51047" lon="12.46904"><ele>89.8</ele></rtept><rtept lat="57.51047" lon="12.468992"><ele>89.4</ele></rtept><rtept lat="57.510477" lon="12.468945"><ele>89.2</ele></rtept><rtept lat="57.510477" lon="12.468898"><ele>89.4</ele></rtept><rtept lat="57.510488" lon="12.468852"><ele>89.0</ele></rtept><rtept lat="57.510482" lon="12.468807"><ele>88.6</ele></rtept><rtept lat="57.510477" lon="12.468757"><ele>88.6</ele></rtept><rtept lat="57.51047" lon="12.468713"><ele>88.4</ele></rtept><rtept lat="57.51047" lon="12.468672"><ele>88.2</ele></rtept><rtept lat="57.510457" lon="12.468628"><ele>88.2</ele></rtept><rtept lat="57.510457" lon="12.468588"><ele>87.8</ele></rtept><rtept lat="57.51045" lon="12.468548"><ele>88.0</ele></rtept><rtept lat="57.51045" lon="12.468508"><ele>88.0</ele></rtept><rtept lat="57.510443" lon="12.468465"><ele>87.6</ele></rtept><rtept lat="57.510438" lon="12.468433"><ele>87.2</ele></rtept><rtept lat="57.510432" lon="12.468363"><ele>87.2</ele></rtept><rtept lat="57.510418" lon="12.46832"><ele>86.4</ele></rtept><rtept lat="57.510412" lon="12.468277"><ele>85.8</ele></rtept><rtept lat="57.510405" lon="12.468227"><ele>86.0</ele></rtept><rtept lat="57.510398" lon="12.46818"><ele>85.4</ele></rtept><rtept lat="57.510393" lon="12.468137"><ele>85.0</ele></rtept><rtept lat="57.51038" lon="12.468085"><ele>85.2</ele></rtept><rtept lat="57.51038" lon="12.468038"><ele>84.8</ele></rtept><rtept lat="57.510373" lon="12.467993"><ele>84.6</ele></rtept><rtept lat="57.510373" lon="12.467938"><ele>84.6</ele></rtept><rtept lat="57.51038" lon="12.467855"><ele>84.2</ele></rtept><rtept lat="57.51038" lon="12.467813"><ele>84.4</ele></rtept><rtept lat="57.51038" lon="12.467763"><ele>84.2</ele></rtept><rtept lat="57.51038" lon="12.46772"><ele>83.8</ele></rtept><rtept lat="57.510373" lon="12.46766"><ele>83.6</ele></rtept><rtept lat="57.510373" lon="12.46759"><ele>83.6</ele></rtept><rtept lat="57.51038" lon="12.46754"><ele>83.2</ele></rtept><rtept lat="57.510393" lon="12.467492"><ele>82.8</ele></rtept><rtept lat="57.510387" lon="12.467452"><ele>83.2</ele></rtept><rtept lat="57.510387" lon="12.46741"><ele>82.6</ele></rtept><rtept lat="57.510393" lon="12.46735"><ele>82.4</ele></rtept><rtept lat="57.510393" lon="12.467302"><ele>82.8</ele></rtept><rtept lat="57.510393" lon="12.467232"><ele>82.4</ele></rtept><rtept lat="57.510393" lon="12.467178"><ele>82.8</ele></rtept><rtept lat="57.510393" lon="12.467135"><ele>82.6</ele></rtept><rtept lat="57.510393" lon="12.467088"><ele>82.6</ele></rtept><rtept lat="57.510393" lon="12.467045"><ele>82.8</ele></rtept><rtept lat="57.510393" lon="12.467"><ele>82.6</ele></rtept><rtept lat="57.510393" lon="12.46695"><ele>82.6</ele></rtept><rtept lat="57.510393" lon="12.466917"><ele>83.0</ele></rtept><rtept lat="57.510398" lon="12.46688"><ele>82.8</ele></rtept><rtept lat="57.510412" lon="12.466835"><ele>83.0</ele></rtept><rtept lat="57.510412" lon="12.466767"><ele>82.8</ele></rtept><rtept lat="57.510405" lon="12.466707"><ele>83.2</ele></rtept><rtept lat="57.510398" lon="12.466647"><ele>83.6</ele></rtept><rtept lat="57.510387" lon="12.46658"><ele>83.6</ele></rtept><rtept lat="57.51036" lon="12.46652"><ele>84.0</ele></rtept><rtept lat="57.510348" lon="12.46648"><ele>84.6</ele></rtept><rtept lat="57.510342" lon="12.466435"><ele>84.6</ele></rtept><rtept lat="57.510335" lon="12.466402"><ele>84.6</ele></rtept><rtept lat="57.510322" lon="12.466358"><ele>85.0</ele></rtept><rtept lat="57.510317" lon="12.46632"><ele>85.0</ele></rtept><rtept lat="57.51031" lon="12.46625"><ele>85.6</ele></rtept><rtept lat="57.510303" lon="12.466217"><ele>85.6</ele></rtept><rtept lat="57.510297" lon="12.466147"><ele>86.4</ele></rtept><rtept lat="57.510297" lon="12.466078"><ele>87.0</ele></rtept><rtept lat="57.510303" lon="12.466037"><ele>87.0</ele></rtept><rtept lat="57.510303" lon="12.466"><ele>87.2</ele></rtept><rtept lat="57.51031" lon="12.465967"><ele>87.6</ele></rtept><rtept lat="57.510317" lon="12.465897"><ele>87.8</ele></rtept><rtept lat="57.510317" lon="12.465857"><ele>88.0</ele></rtept><rtept lat="57.510317" lon="12.465812"><ele>88.0</ele></rtept><rtept lat="57.510317" lon="12.465772"><ele>88.0</ele></rtept><rtept lat="57.510317" lon="12.465723"><ele>88.2</ele></rtept><rtept lat="57.510317" lon="12.465673"><ele>87.8</ele></rtept><rtept lat="57.51031" lon="12.465635"><ele>88.0</ele></rtept><rtept lat="57.510303" lon="12.4656"><ele>88.0</ele></rtept><rtept lat="57.510297" lon="12.465563"><ele>87.6</ele></rtept><rtept lat="57.510297" lon="12.465517"><ele>88.0</ele></rtept><rtept lat="57.51029" lon="12.465472"><ele>87.4</ele></rtept><rtept lat="57.51029" lon="12.46543"><ele>87.6</ele></rtept><rtept lat="57.510283" lon="12.465377"><ele>88.0</ele></rtept><rtept lat="57.510278" lon="12.46533"><ele>87.8</ele></rtept><rtept lat="57.510272" lon="12.46529"><ele>88.0</ele></rtept><rtept lat="57.510252" lon="12.46522"><ele>88.0</ele></rtept><rtept lat="57.51024" lon="12.465193"><ele>88.0</ele></rtept><rtept lat="57.510233" lon="12.465078"><ele>88.2</ele></rtept><rtept lat="57.510233" lon="12.465038"><ele>88.0</ele></rtept><rtept lat="57.510233" lon="12.464993"><ele>88.4</ele></rtept><rtept lat="57.510227" lon="12.464948"><ele>88.4</ele></rtept><rtept lat="57.510227" lon="12.46491"><ele>88.4</ele></rtept><rtept lat="57.510227" lon="12.46487"><ele>88.4</ele></rtept><rtept lat="57.510233" lon="12.46483"><ele>88.2</ele></rtept><rtept lat="57.510233" lon="12.46479"><ele>88.6</ele></rtept><rtept lat="57.510233" lon="12.46474"><ele>88.8</ele></rtept><rtept lat="57.510233" lon="12.464702"><ele>88.6</ele></rtept><rtept lat="57.510233" lon="12.46466"><ele>88.8</ele></rtept><rtept lat="57.510227" lon="12.464605"><ele>88.8</ele></rtept><rtept lat="57.510227" lon="12.46456"><ele>88.6</ele></rtept><rtept lat="57.510233" lon="12.46452"><ele>89.0</ele></rtept><rtept lat="57.510233" lon="12.464473"><ele>88.6</ele></rtept><rtept lat="57.51022" lon="12.464427"><ele>88.4</ele></rtept><rtept lat="57.51022" lon="12.464382"><ele>88.6</ele></rtept><rtept lat="57.510213" lon="12.464348"><ele>88.4</ele></rtept><rtept lat="57.510207" lon="12.46429"><ele>88.4</ele></rtept><rtept lat="57.5102" lon="12.464235"><ele>88.2</ele></rtept><rtept lat="57.510188" lon="12.464168"><ele>88.2</ele></rtept><rtept lat="57.510175" lon="12.46411"><ele>88.2</ele></rtept><rtept lat="57.510162" lon="12.46406"><ele>88.2</ele></rtept><rtept lat="57.51015" lon="12.464007"><ele>88.8</ele></rtept><rtept lat="57.510143" lon="12.463945"><ele>89.0</ele></rtept><rtept lat="57.510137" lon="12.463882"><ele>88.8</ele></rtept><rtept lat="57.51013" lon="12.463828"><ele>89.2</ele></rtept><rtept lat="57.51013" lon="12.463773"><ele>89.4</ele></rtept><rtept lat="57.510118" lon="12.463727"><ele>89.2</ele></rtept><rtept lat="57.510112" lon="12.463678"><ele>89.6</ele></rtept><rtept lat="57.510112" lon="12.463632"><ele>89.8</ele></rtept><rtept lat="57.510105" lon="12.463573"><ele>89.8</ele></rtept><rtept lat="57.510098" lon="12.463515"><ele>90.0</ele></rtept><rtept lat="57.510092" lon="12.46346"><ele>90.0</ele></rtept><rtept lat="57.510092" lon="12.463415"><ele>90.4</ele></rtept><rtept lat="57.510092" lon="12.463363"><ele>90.8</ele></rtept><rtept lat="57.510085" lon="12.463312"><ele>90.6</ele></rtept><rtept lat="57.51008" lon="12.463265"><ele>91.0</ele></rtept><rtept lat="57.51008" lon="12.463212"><ele>91.2</ele></rtept><rtept lat="57.510092" lon="12.463145"><ele>91.6</ele></rtept><rtept lat="57.510105" lon="12.463113"><ele>91.6</ele></rtept><rtept lat="57.510123" lon="12.463093"><ele>91.6</ele></rtept><rtept lat="57.510143" lon="12.463067"><ele>92.0</ele></rtept><rtept lat="57.510157" lon="12.463037"><ele>91.8</ele></rtept><rtept lat="57.510162" lon="12.462998"><ele>92.0</ele></rtept><rtept lat="57.510175" lon="12.46296"><ele>92.2</ele></rtept><rtept lat="57.5102" lon="12.462915"><ele>92.6</ele></rtept><rtept lat="57.51022" lon="12.462893"><ele>92.8</ele></rtept><rtept lat="57.510233" lon="12.462865"><ele>92.8</ele></rtept><rtept lat="57.510252" lon="12.462843"><ele>93.2</ele></rtept><rtept lat="57.510272" lon="12.462822"><ele>93.2</ele></rtept><rtept lat="57.51029" lon="12.462788"><ele>93.2</ele></rtept><rtept lat="57.510303" lon="12.462757"><ele>93.6</ele></rtept><rtept lat="57.510335" lon="12.46271"><ele>93.8</ele></rtept><rtept lat="57.510355" lon="12.462677"><ele>94.4</ele></rtept><rtept lat="57.510367" lon="12.462647"><ele>94.6</ele></rtept><rtept lat="57.51038" lon="12.462617"><ele>94.6</ele></rtept><rtept lat="57.510398" lon="12.46259"><ele>95.0</ele></rtept><rtept lat="57.510418" lon="12.46256"><ele>95.0</ele></rtept><rtept lat="57.510432" lon="12.462527"><ele>95.4</ele></rtept><rtept lat="57.51045" lon="12.462458"><ele>95.6</ele></rtept><rtept lat="57.510463" lon="12.462427"><ele>95.8</ele></rtept><rtept lat="57.510477" lon="12.462402"><ele>96.0</ele></rtept><rtept lat="57.510488" lon="12.462368"><ele>96.0</ele></rtept><rtept lat="57.510502" lon="12.46234"><ele>96.4</ele></rtept><rtept lat="57.510527" lon="12.462292"><ele>96.6</ele></rtept><rtept lat="57.51056" lon="12.462247"><ele>96.8</ele></rtept><rtept lat="57.510578" lon="12.462233"><ele>96.8</ele></rtept><rtept lat="57.51061" lon="12.462178"><ele>96.8</ele></rtept><rtept lat="57.510637" lon="12.462125"><ele>97.0</ele></rtept><rtept lat="57.510655" lon="12.462088"><ele>97.0</ele></rtept><rtept lat="57.510675" lon="12.462088"><ele>97.0</ele></rtept><rtept lat="57.510687" lon="12.462125"><ele>97.2</ele></rtept><rtept lat="57.510693" lon="12.462175"><ele>97.4</ele></rtept><rtept lat="57.510713" lon="12.462232"><ele>97.4</ele></rtept><rtept lat="57.51072" lon="12.462288"><ele>97.6</ele></rtept><rtept lat="57.510732" lon="12.462313"><ele>97.8</ele></rtept><rtept lat="57.510752" lon="12.462372"><ele>97.6</ele></rtept><rtept lat="57.510783" lon="12.462418"><ele>98.2</ele></rtept><rtept lat="57.510797" lon="12.462442"><ele>97.8</ele></rtept><rtept lat="57.510822" lon="12.462467"><ele>98.2</ele></rtept><rtept lat="57.510847" lon="12.46249"><ele>98.0</ele></rtept><rtept lat="57.510867" lon="12.462507"><ele>98.0</ele></rtept><rtept lat="57.510885" lon="12.462522"><ele>98.4</ele></rtept><rtept lat="57.510905" lon="12.462542"><ele>98.4</ele></rtept><rtept lat="57.51093" lon="12.462562"><ele>98.6</ele></rtept><rtept lat="57.510957" lon="12.462577"><ele>98.8</ele></rtept><rtept lat="57.510988" lon="12.462585"><ele>98.6</ele></rtept><rtept lat="57.511013" lon="12.462598"><ele>99.0</ele></rtept><rtept lat="57.511033" lon="12.462622"><ele>99.0</ele></rtept><rtept lat="57.511052" lon="12.462655"><ele>99.0</ele></rtept><rtept lat="57.511072" lon="12.462688"><ele>99.2</ele></rtept><rtept lat="57.51109" lon="12.46272"><ele>99.0</ele></rtept><rtept lat="57.51111" lon="12.462757"><ele>98.8</ele></rtept><rtept lat="57.511128" lon="12.462788"><ele>99.2</ele></rtept><rtept lat="57.511148" lon="12.462818"><ele>99.0</ele></rtept><rtept lat="57.511167" lon="12.462842"><ele>98.8</ele></rtept><rtept lat="57.511193" lon="12.462863"><ele>99.0</ele></rtept><rtept lat="57.511225" lon="12.46288"><ele>98.8</ele></rtept><rtept lat="57.511243" lon="12.462888"><ele>98.6</ele></rtept><rtept lat="57.511282" lon="12.462898"><ele>98.8</ele></rtept><rtept lat="57.511308" lon="12.462903"><ele>98.6</ele></rtept><rtept lat="57.511333" lon="12.462908"><ele>98.6</ele></rtept><rtept lat="57.51136" lon="12.462912"><ele>98.6</ele></rtept><rtept lat="57.511385" lon="12.462908"><ele>98.4</ele></rtept><rtept lat="57.51141" lon="12.462908"><ele>98.4</ele></rtept><rtept lat="57.511442" lon="12.462915"><ele>98.4</ele></rtept><rtept lat="57.511468" lon="12.462923"><ele>98.4</ele></rtept><rtept lat="57.511493" lon="12.462935"><ele>98.0</ele></rtept><rtept lat="57.51152" lon="12.462942"><ele>97.6</ele></rtept><rtept lat="57.511545" lon="12.462942"><ele>97.4</ele></rtept><rtept lat="57.511577" lon="12.462942"><ele>97.0</ele></rtept><rtept lat="57.511602" lon="12.462928"><ele>96.0</ele></rtept><rtept lat="57.511628" lon="12.462915"><ele>95.8</ele></rtept><rtept lat="57.511653" lon="12.462903"><ele>95.8</ele></rtept><rtept lat="57.511685" lon="12.462898"><ele>95.2</ele></rtept><rtept lat="57.511712" lon="12.4629"><ele>94.6</ele></rtept><rtept lat="57.51175" lon="12.462898"><ele>94.6</ele></rtept><rtept lat="57.511782" lon="12.462895"><ele>94.0</ele></rtept><rtept lat="57.5118" lon="12.462888"><ele>93.2</ele></rtept><rtept lat="57.511833" lon="12.462887"><ele>93.2</ele></rtept><rtept lat="57.511858" lon="12.462883"><ele>93.6</ele></rtept><rtept lat="57.51189" lon="12.462875"><ele>92.8</ele></rtept><rtept lat="57.511917" lon="12.462855"><ele>92.4</ele></rtept><rtept lat="57.511942" lon="12.462835"><ele>92.4</ele></rtept><rtept lat="57.511967" lon="12.46282"><ele>92.0</ele></rtept><rtept lat="57.511993" lon="12.462808"><ele>91.8</ele></rtept><rtept lat="57.512018" lon="12.462798"><ele>91.8</ele></rtept><rtept lat="57.512043" lon="12.46279"><ele>91.6</ele></rtept><rtept lat="57.51207" lon="12.462775"><ele>91.6</ele></rtept><rtept lat="57.512095" lon="12.462763"><ele>92.0</ele></rtept><rtept lat="57.51212" lon="12.46276"><ele>91.4</ele></rtept><rtept lat="57.51216" lon="12.46276"><ele>91.6</ele></rtept><rtept lat="57.512185" lon="12.46276"><ele>91.4</ele></rtept><rtept lat="57.512217" lon="12.462765"><ele>91.2</ele></rtept><rtept lat="57.512237" lon="12.462775"><ele>91.2</ele></rtept><rtept lat="57.512262" lon="12.46279"><ele>91.0</ele></rtept><rtept lat="57.512287" lon="12.462815"><ele>90.8</ele></rtept><rtept lat="57.512313" lon="12.46284"><ele>91.0</ele></rtept><rtept lat="57.512345" lon="12.462865"><ele>90.8</ele></rtept><rtept lat="57.51237" lon="12.462888"><ele>90.8</ele></rtept><rtept lat="57.512397" lon="12.462902"><ele>91.0</ele></rtept><rtept lat="57.512415" lon="12.462915"><ele>90.4</ele></rtept><rtept lat="57.51244" lon="12.462922"><ele>90.6</ele></rtept><rtept lat="57.512467" lon="12.462923"><ele>90.6</ele></rtept><rtept lat="57.512492" lon="12.462927"><ele>90.6</ele></rtept><rtept lat="57.512518" lon="12.462935"><ele>91.0</ele></rtept><rtept lat="57.512543" lon="12.462943"><ele>90.6</ele></rtept><rtept lat="57.512562" lon="12.462955"><ele>90.8</ele></rtept><rtept lat="57.512582" lon="12.46296"><ele>91.0</ele></rtept><rtept lat="57.5126" lon="12.462962"><ele>91.0</ele></rtept><rtept lat="57.512627" lon="12.462972"><ele>91.4</ele></rtept><rtept lat="57.512645" lon="12.462972"><ele>91.2</ele></rtept><rtept lat="57.512672" lon="12.462972"><ele>91.4</ele></rtept><rtept lat="57.512697" lon="12.462978"><ele>91.8</ele></rtept><rtept lat="57.512722" lon="12.462987"><ele>91.8</ele></rtept><rtept lat="57.512742" lon="12.463002"><ele>91.8</ele></rtept><rtept lat="57.512767" lon="12.463027"><ele>92.0</ele></rtept><rtept lat="57.512787" lon="12.463047"><ele>91.8</ele></rtept><rtept lat="57.512805" lon="12.463063"><ele>91.6</ele></rtept><rtept lat="57.512825" lon="12.463078"><ele>91.6</ele></rtept><rtept lat="57.51285" lon="12.463093"><ele>91.2</ele></rtept><rtept lat="57.512877" lon="12.463102"><ele>90.6</ele></rtept><rtept lat="57.512895" lon="12.463112"><ele>90.6</ele></rtept><rtept lat="57.51292" lon="12.463122"><ele>90.4</ele></rtept><rtept lat="57.512947" lon="12.463132"><ele>89.8</ele></rtept><rtept lat="57.512972" lon="12.463142"><ele>89.4</ele></rtept><rtept lat="57.512998" lon="12.463152"><ele>89.2</ele></rtept><rtept lat="57.513017" lon="12.46315"><ele>88.8</ele></rtept><rtept lat="57.513042" lon="12.46315"><ele>88.2</ele></rtept><rtept lat="57.513075" lon="12.463147"><ele>88.2</ele></rtept><rtept lat="57.513113" lon="12.463132"><ele>87.4</ele></rtept><rtept lat="57.513138" lon="12.463125"><ele>87.6</ele></rtept><rtept lat="57.513158" lon="12.463122"><ele>87.2</ele></rtept><rtept lat="57.513183" lon="12.463122"><ele>87.4</ele></rtept><rtept lat="57.513208" lon="12.463122"><ele>87.4</ele></rtept><rtept lat="57.513228" lon="12.463128"><ele>87.4</ele></rtept><rtept lat="57.51326" lon="12.463145"><ele>87.6</ele></rtept><rtept lat="57.513285" lon="12.46317"><ele>87.6</ele></rtept><rtept lat="57.513312" lon="12.46318"><ele>88.0</ele></rtept><rtept lat="57.513337" lon="12.463205"><ele>88.2</ele></rtept><rtept lat="57.513357" lon="12.463222"><ele>88.2</ele></rtept><rtept lat="57.513375" lon="12.463247"><ele>88.8</ele></rtept><rtept lat="57.513395" lon="12.463277"><ele>89.0</ele></rtept><rtept lat="57.513413" lon="12.463302"><ele>89.2</ele></rtept><rtept lat="57.513433" lon="12.463335"><ele>89.6</ele></rtept><rtept lat="57.513452" lon="12.463355"><ele>89.4</ele></rtept><rtept lat="57.513472" lon="12.463377"><ele>89.4</ele></rtept><rtept lat="57.51349" lon="12.46341"><ele>89.6</ele></rtept><rtept lat="57.513517" lon="12.463468"><ele>89.6</ele></rtept><rtept lat="57.513535" lon="12.463508"><ele>89.8</ele></rtept><rtept lat="57.513548" lon="12.463543"><ele>89.4</ele></rtept><rtept lat="57.51356" lon="12.463575"><ele>89.6</ele></rtept><rtept lat="57.513573" lon="12.463622"><ele>89.8</ele></rtept><rtept lat="57.513593" lon="12.46366"><ele>89.4</ele></rtept><rtept lat="57.5136" lon="12.463693"><ele>89.4</ele></rtept><rtept lat="57.513618" lon="12.463757"><ele>89.2</ele></rtept><rtept lat="57.513638" lon="12.463783"><ele>89.2</ele></rtept><rtept lat="57.51365" lon="12.463808"><ele>89.2</ele></rtept><rtept lat="57.513677" lon="12.463832"><ele>88.8</ele></rtept><rtept lat="57.513708" lon="12.463847"><ele>88.6</ele></rtept><rtept lat="57.513733" lon="12.463857"><ele>88.2</ele></rtept><rtept lat="57.513765" lon="12.463872"><ele>87.8</ele></rtept><rtept lat="57.513792" lon="12.463878"><ele>87.8</ele></rtept><rtept lat="57.51381" lon="12.463875"><ele>87.8</ele></rtept><rtept lat="57.513848" lon="12.463865"><ele>87.6</ele></rtept><rtept lat="57.513887" lon="12.463865"><ele>87.6</ele></rtept><rtept lat="57.51392" lon="12.463872"><ele>87.6</ele></rtept><rtept lat="57.513952" lon="12.46388"><ele>87.4</ele></rtept><rtept lat="57.513983" lon="12.46388"><ele>87.6</ele></rtept><rtept lat="57.514008" lon="12.463877"><ele>87.4</ele></rtept><rtept lat="57.514028" lon="12.46388"><ele>87.4</ele></rtept><rtept lat="57.514053" lon="12.463895"><ele>87.8</ele></rtept><rtept lat="57.51408" lon="12.463912"><ele>87.6</ele></rtept><rtept lat="57.514105" lon="12.463938"><ele>87.8</ele></rtept><rtept lat="57.514118" lon="12.463965"><ele>87.8</ele></rtept><rtept lat="57.514137" lon="12.464022"><ele>87.6</ele></rtept><rtept lat="57.514143" lon="12.46406"><ele>87.8</ele></rtept><rtept lat="57.514157" lon="12.464083"><ele>87.6</ele></rtept><rtept lat="57.514182" lon="12.464103"><ele>87.2</ele></rtept><rtept lat="57.514213" lon="12.464133"><ele>87.4</ele></rtept><rtept lat="57.514245" lon="12.464168"><ele>87.0</ele></rtept><rtept lat="57.514258" lon="12.464195"><ele>86.8</ele></rtept><rtept lat="57.51429" lon="12.464235"><ele>86.6</ele></rtept><rtept lat="57.51431" lon="12.464255"><ele>86.4</ele></rtept><rtept lat="57.514342" lon="12.464278"><ele>86.4</ele></rtept><rtept lat="57.51436" lon="12.464287"><ele>86.2</ele></rtept><rtept lat="57.514387" lon="12.4643"><ele>86.2</ele></rtept><rtept lat="57.514405" lon="12.464322"><ele>86.4</ele></rtept><rtept lat="57.514425" lon="12.464343"><ele>86.2</ele></rtept><rtept lat="57.514443" lon="12.464368"><ele>86.2</ele></rtept><rtept lat="57.514463" lon="12.464388"><ele>86.6</ele></rtept><rtept lat="57.514482" lon="12.464398"><ele>86.4</ele></rtept><rtept lat="57.514508" lon="12.464407"><ele>86.2</ele></rtept><rtept lat="57.514527" lon="12.464422"><ele>86.6</ele></rtept><rtept lat="57.51454" lon="12.464453"><ele>86.4</ele></rtept><rtept lat="57.514565" lon="12.4645"><ele>86.0</ele></rtept><rtept lat="57.514578" lon="12.464532"><ele>86.2</ele></rtept><rtept lat="57.514603" lon="12.464558"><ele>86.2</ele></rtept><rtept lat="57.514623" lon="12.464578"><ele>86.4</ele></rtept><rtept lat="57.514655" lon="12.464615"><ele>86.6</ele></rtept><rtept lat="57.51468" lon="12.46466"><ele>87.4</ele></rtept><rtept lat="57.5147" lon="12.464715"><ele>88.2</ele></rtept><rtept lat="57.514713" lon="12.464743"><ele>88.6</ele></rtept><rtept lat="57.514725" lon="12.464772"><ele>88.6</ele></rtept><rtept lat="57.514738" lon="12.4648"><ele>89.0</ele></rtept><rtept lat="57.514752" lon="12.46483"><ele>89.0</ele></rtept><rtept lat="57.51477" lon="12.464888"><ele>89.2</ele></rtept><rtept lat="57.514783" lon="12.464923"><ele>89.2</ele></rtept><rtept lat="57.514802" lon="12.464962"><ele>89.0</ele></rtept><rtept lat="57.514828" lon="12.465"><ele>89.2</ele></rtept><rtept lat="57.51486" lon="12.46504"><ele>89.2</ele></rtept><rtept lat="57.514898" lon="12.4651"><ele>89.0</ele></rtept><rtept lat="57.514923" lon="12.465142"><ele>89.2</ele></rtept><rtept lat="57.514957" lon="12.465182"><ele>89.2</ele></rtept><rtept lat="57.514995" lon="12.46522"><ele>89.4</ele></rtept><rtept lat="57.515033" lon="12.465252"><ele>89.8</ele></rtept><rtept lat="57.515065" lon="12.465285"><ele>89.6</ele></rtept><rtept lat="57.51511" lon="12.46532"><ele>90.0</ele></rtept><rtept lat="57.515148" lon="12.465355"><ele>90.2</ele></rtept><rtept lat="57.5152" lon="12.46539"><ele>90.0</ele></rtept><rtept lat="57.515243" lon="12.465427"><ele>90.4</ele></rtept><rtept lat="57.515282" lon="12.465483"><ele>90.2</ele></rtept><rtept lat="57.51532" lon="12.46553"><ele>90.2</ele></rtept><rtept lat="57.515347" lon="12.46556"><ele>90.4</ele></rtept><rtept lat="57.515365" lon="12.465583"><ele>90.2</ele></rtept><rtept lat="57.51541" lon="12.465603"><ele>90.0</ele></rtept><rtept lat="57.515437" lon="12.46564"><ele>90.2</ele></rtept><rtept lat="57.515455" lon="12.465665"><ele>89.8</ele></rtept><rtept lat="57.51548" lon="12.465695"><ele>89.6</ele></rtept><rtept lat="57.515493" lon="12.46574"><ele>89.6</ele></rtept><rtept lat="57.515493" lon="12.46578"><ele>89.2</ele></rtept><rtept lat="57.515532" lon="12.465813"><ele>89.0</ele></rtept><rtept lat="57.515552" lon="12.465847"><ele>88.6</ele></rtept><rtept lat="57.515583" lon="12.46588"><ele>88.8</ele></rtept><rtept lat="57.515602" lon="12.465908"><ele>88.6</ele></rtept><rtept lat="57.515628" lon="12.46594"><ele>88.4</ele></rtept><rtept lat="57.515653" lon="12.465965"><ele>88.6</ele></rtept><rtept lat="57.515673" lon="12.466005"><ele>88.6</ele></rtept><rtept lat="57.51568" lon="12.466045"><ele>88.6</ele></rtept><rtept lat="57.515692" lon="12.466072"><ele>88.8</ele></rtept><rtept lat="57.515705" lon="12.46612"><ele>88.8</ele></rtept><rtept lat="57.515718" lon="12.46618"><ele>89.0</ele></rtept><rtept lat="57.51573" lon="12.46622"><ele>89.2</ele></rtept><rtept lat="57.51575" lon="12.466265"><ele>89.4</ele></rtept><rtept lat="57.515762" lon="12.466303"><ele>89.4</ele></rtept><rtept lat="57.515782" lon="12.46635"><ele>89.4</ele></rtept><rtept lat="57.515788" lon="12.466402"><ele>89.8</ele></rtept><rtept lat="57.515795" lon="12.466443"><ele>89.8</ele></rtept><rtept lat="57.515807" lon="12.466488"><ele>90.0</ele></rtept><rtept lat="57.515813" lon="12.466553"><ele>90.0</ele></rtept><rtept lat="57.515833" lon="12.466583"><ele>90.2</ele></rtept><rtept lat="57.515858" lon="12.466617"><ele>90.6</ele></rtept><rtept lat="57.515865" lon="12.466658"><ele>90.4</ele></rtept><rtept lat="57.515872" lon="12.4667"><ele>90.8</ele></rtept><rtept lat="57.515872" lon="12.466745"><ele>90.6</ele></rtept><rtept lat="57.51589" lon="12.466778"><ele>90.6</ele></rtept><rtept lat="57.515903" lon="12.466817"><ele>90.6</ele></rtept><rtept lat="57.515928" lon="12.46684"><ele>90.4</ele></rtept><rtept lat="57.515955" lon="12.466837"><ele>90.2</ele></rtept><rtept lat="57.515973" lon="12.466835"><ele>90.0</ele></rtept><rtept lat="57.515998" lon="12.466837"><ele>90.2</ele></rtept><rtept lat="57.516018" lon="12.46684"><ele>89.8</ele></rtept><rtept lat="57.51605" lon="12.466827"><ele>90.0</ele></rtept><rtept lat="57.516077" lon="12.466807"><ele>90.0</ele></rtept><rtept lat="57.516108" lon="12.466792"><ele>90.8</ele></rtept><rtept lat="57.516127" lon="12.46681"><ele>91.0</ele></rtept><rtept lat="57.516147" lon="12.46685"><ele>91.0</ele></rtept><rtept lat="57.51616" lon="12.46688"><ele>91.6</ele></rtept><rtept lat="57.516192" lon="12.46692"><ele>91.6</ele></rtept><rtept lat="57.51621" lon="12.46694"><ele>91.8</ele></rtept><rtept lat="57.51623" lon="12.466957"><ele>92.4</ele></rtept><rtept lat="57.516255" lon="12.46698"><ele>92.2</ele></rtept><rtept lat="57.516287" lon="12.46702"><ele>92.0</ele></rtept><rtept lat="57.51632" lon="12.467058"><ele>92.4</ele></rtept><rtept lat="57.516352" lon="12.467088"><ele>92.4</ele></rtept><rtept lat="57.516383" lon="12.46712"><ele>92.4</ele></rtept><rtept lat="57.516415" lon="12.467163"><ele>92.8</ele></rtept><rtept lat="57.516447" lon="12.467222"><ele>92.6</ele></rtept><rtept lat="57.516467" lon="12.467293"><ele>92.8</ele></rtept><rtept lat="57.516485" lon="12.467358"><ele>93.0</ele></rtept><rtept lat="57.516492" lon="12.467392"><ele>93.0</ele></rtept><rtept lat="57.516512" lon="12.467427"><ele>93.0</ele></rtept><rtept lat="57.516537" lon="12.467432"><ele>93.0</ele></rtept><rtept lat="57.516575" lon="12.46744"><ele>93.2</ele></rtept><rtept lat="57.516595" lon="12.467485"><ele>93.0</ele></rtept><rtept lat="57.516627" lon="12.46754"><ele>92.8</ele></rtept><rtept lat="57.516652" lon="12.46762"><ele>93.2</ele></rtept><rtept lat="57.516672" lon="12.46767"><ele>93.0</ele></rtept><rtept lat="57.51669" lon="12.467702"><ele>92.8</ele></rtept><rtept lat="57.51671" lon="12.467735"><ele>93.2</ele></rtept><rtept lat="57.516717" lon="12.467775"><ele>93.0</ele></rtept><rtept lat="57.51671" lon="12.467808"><ele>93.2</ele></rtept><rtept lat="57.516722" lon="12.467783"><ele>93.0</ele></rtept><rtept lat="57.516755" lon="12.467762"><ele>92.8</ele></rtept><rtept lat="57.51678" lon="12.467765"><ele>92.6</ele></rtept><rtept lat="57.516805" lon="12.467798"><ele>92.4</ele></rtept><rtept lat="57.516825" lon="12.467808"><ele>92.2</ele></rtept><rtept lat="57.51685" lon="12.467822"><ele>91.8</ele></rtept><rtept lat="57.51687" lon="12.467833"><ele>91.8</ele></rtept><rtept lat="57.516888" lon="12.467848"><ele>91.4</ele></rtept><rtept lat="57.516915" lon="12.467862"><ele>91.4</ele></rtept><rtept lat="57.516933" lon="12.46786"><ele>91.4</ele></rtept><rtept lat="57.516953" lon="12.467842"><ele>91.0</ele></rtept><rtept lat="57.516972" lon="12.467833"><ele>91.0</ele></rtept><rtept lat="57.516992" lon="12.467827"><ele>91.0</ele></rtept><rtept lat="57.517023" lon="12.467818"><ele>90.6</ele></rtept><rtept lat="57.517048" lon="12.467822"><ele>90.6</ele></rtept><rtept lat="57.517087" lon="12.467833"><ele>90.6</ele></rtept><rtept lat="57.517125" lon="12.467868"><ele>90.0</ele></rtept><rtept lat="57.517163" lon="12.467922"><ele>90.0</ele></rtept><rtept lat="57.517228" lon="12.467993"><ele>90.0</ele></rtept><rtept lat="57.517273" lon="12.468002"><ele>89.6</ele></rtept><rtept lat="57.517285" lon="12.468033"><ele>89.8</ele></rtept><rtept lat="57.517298" lon="12.468077"><ele>89.8</ele></rtept><rtept lat="57.517312" lon="12.46811"><ele>89.4</ele></rtept><rtept lat="57.517337" lon="12.468138"><ele>89.6</ele></rtept><rtept lat="57.517362" lon="12.468172"><ele>89.6</ele></rtept><rtept lat="57.5174" lon="12.468212"><ele>89.0</ele></rtept><rtept lat="57.517433" lon="12.468252"><ele>89.4</ele></rtept><rtept lat="57.517472" lon="12.468283"><ele>89.2</ele></rtept><rtept lat="57.51751" lon="12.468303"><ele>89.0</ele></rtept><rtept lat="57.517542" lon="12.468325"><ele>89.2</ele></rtept><rtept lat="57.517555" lon="12.46838"><ele>89.0</ele></rtept><rtept lat="57.517548" lon="12.468435"><ele>88.8</ele></rtept><rtept lat="57.517528" lon="12.468482"><ele>89.0</ele></rtept><rtept lat="57.517528" lon="12.468543"><ele>88.8</ele></rtept><rtept lat="57.517542" lon="12.468573"><ele>89.0</ele></rtept><rtept lat="57.51756" lon="12.468583"><ele>88.8</ele></rtept><rtept lat="57.51758" lon="12.468593"><ele>89.0</ele></rtept><rtept lat="57.517618" lon="12.468617"><ele>89.0</ele></rtept><rtept lat="57.51765" lon="12.468642"><ele>89.0</ele></rtept><rtept lat="57.517677" lon="12.468658"><ele>88.8</ele></rtept><rtept lat="57.517708" lon="12.468653"><ele>88.4</ele></rtept><rtept lat="57.51774" lon="12.468633"><ele>88.0</ele></rtept><rtept lat="57.51776" lon="12.468617"><ele>87.6</ele></rtept><rtept lat="57.517785" lon="12.468598"><ele>87.2</ele></rtept><rtept lat="57.517817" lon="12.468593"><ele>87.2</ele></rtept><rtept lat="57.517837" lon="12.468577"><ele>87.0</ele></rtept><rtept lat="57.517848" lon="12.46852"><ele>86.6</ele></rtept><rtept lat="57.517868" lon="12.4685"><ele>87.0</ele></rtept><rtept lat="57.5179" lon="12.468482"><ele>86.8</ele></rtept><rtept lat="57.517925" lon="12.468462"><ele>86.8</ele></rtept><rtept lat="57.517958" lon="12.468443"><ele>86.8</ele></rtept><rtept lat="57.517983" lon="12.468435"><ele>86.6</ele></rtept><rtept lat="57.518002" lon="12.468418"><ele>86.2</ele></rtept><rtept lat="57.518035" lon="12.468395"><ele>86.4</ele></rtept><rtept lat="57.518053" lon="12.468375"><ele>86.2</ele></rtept><rtept lat="57.51808" lon="12.468338"><ele>85.8</ele></rtept><rtept lat="57.518092" lon="12.468305"><ele>85.6</ele></rtept><rtept lat="57.518123" lon="12.468275"><ele>85.4</ele></rtept><rtept lat="57.518143" lon="12.46826"><ele>85.0</ele></rtept><rtept lat="57.518162" lon="12.468227"><ele>84.6</ele></rtept><rtept lat="57.518175" lon="12.468185"><ele>84.2</ele></rtept><rtept lat="57.518188" lon="12.46816"><ele>83.6</ele></rtept><rtept lat="57.5182" lon="12.468137"><ele>83.6</ele></rtept><rtept lat="57.518207" lon="12.468095"><ele>83.4</ele></rtept><rtept lat="57.51822" lon="12.468065"><ele>83.2</ele></rtept><rtept lat="57.51824" lon="12.468025"><ele>82.4</ele></rtept><rtept lat="57.51824" lon="12.467983"><ele>82.2</ele></rtept><rtept lat="57.518245" lon="12.467947"><ele>81.6</ele></rtept><rtept lat="57.518258" lon="12.467893"><ele>80.6</ele></rtept><rtept lat="57.518272" lon="12.467828"><ele>80.4</ele></rtept><rtept lat="57.518278" lon="12.467795"><ele>79.8</ele></rtept><rtept lat="57.518297" lon="12.46773"><ele>79.6</ele></rtept><rtept lat="57.518335" lon="12.467733"><ele>78.6</ele></rtept><rtept lat="57.51836" lon="12.46776"><ele>78.2</ele></rtept><rtept lat="57.518387" lon="12.467788"><ele>77.6</ele></rtept><rtept lat="57.518418" lon="12.467815"><ele>77.8</ele></rtept><rtept lat="57.518438" lon="12.46784"><ele>78.0</ele></rtept><rtept lat="57.518477" lon="12.467882"><ele>77.4</ele></rtept><rtept lat="57.518495" lon="12.4679"><ele>77.0</ele></rtept><rtept lat="57.51852" lon="12.467917"><ele>76.4</ele></rtept><rtept lat="57.51854" lon="12.467922"><ele>76.6</ele></rtept><rtept lat="57.51856" lon="12.467918"><ele>76.4</ele></rtept><rtept lat="57.518578" lon="12.467902"><ele>75.6</ele></rtept><rtept lat="57.518598" lon="12.46788"><ele>75.8</ele></rtept><rtept lat="57.518617" lon="12.467852"><ele>75.6</ele></rtept><rtept lat="57.518637" lon="12.467822"><ele>75.2</ele></rtept><rtept lat="57.518655" lon="12.467785"><ele>75.6</ele></rtept><rtept lat="57.518675" lon="12.46776"><ele>75.4</ele></rtept><rtept lat="57.518687" lon="12.467728"><ele>75.2</ele></rtept><rtept lat="57.518707" lon="12.467698"><ele>75.6</ele></rtept><rtept lat="57.518725" lon="12.46767"><ele>75.6</ele></rtept><rtept lat="57.518752" lon="12.467648"><ele>75.6</ele></rtept><rtept lat="57.51877" lon="12.46762"><ele>75.8</ele></rtept><rtept lat="57.51879" lon="12.467595"><ele>75.8</ele></rtept><rtept lat="57.518808" lon="12.46757"><ele>75.8</ele></rtept><rtept lat="57.518835" lon="12.46755"><ele>76.0</ele></rtept><rtept lat="57.518847" lon="12.467525"><ele>76.0</ele></rtept><rtept lat="57.518873" lon="12.467498"><ele>76.4</ele></rtept><rtept lat="57.518885" lon="12.46747"><ele>76.6</ele></rtept><rtept lat="57.518905" lon="12.467442"><ele>76.4</ele></rtept><rtept lat="57.51893" lon="12.46741"><ele>76.8</ele></rtept><rtept lat="57.518943" lon="12.467372"><ele>77.0</ele></rtept><rtept lat="57.518957" lon="12.467342"><ele>76.8</ele></rtept><rtept lat="57.518982" lon="12.467307"><ele>77.4</ele></rtept><rtept lat="57.518995" lon="12.467272"><ele>77.4</ele></rtept><rtept lat="57.519013" lon="12.467233"><ele>77.4</ele></rtept><rtept lat="57.519033" lon="12.467207"><ele>77.8</ele></rtept><rtept lat="57.519052" lon="12.46718"><ele>77.8</ele></rtept><rtept lat="57.519078" lon="12.467153"><ele>78.0</ele></rtept><rtept lat="57.519097" lon="12.467123"><ele>78.2</ele></rtept><rtept lat="57.519122" lon="12.4671"><ele>78.2</ele></rtept><rtept lat="57.519135" lon="12.467068"><ele>78.4</ele></rtept><rtept lat="57.51916" lon="12.467035"><ele>78.6</ele></rtept><rtept lat="57.51918" lon="12.467"><ele>78.4</ele></rtept><rtept lat="57.5192" lon="12.466963"><ele>78.8</ele></rtept><rtept lat="57.519218" lon="12.466925"><ele>79.2</ele></rtept><rtept lat="57.519238" lon="12.46689"><ele>79.0</ele></rtept><rtept lat="57.519257" lon="12.466863"><ele>79.2</ele></rtept><rtept lat="57.519282" lon="12.466837"><ele>79.2</ele></rtept><rtept lat="57.519295" lon="12.466802"><ele>79.2</ele></rtept><rtept lat="57.519315" lon="12.466765"><ele>79.4</ele></rtept><rtept lat="57.519327" lon="12.466727"><ele>79.4</ele></rtept><rtept lat="57.519347" lon="12.46669"><ele>79.6</ele></rtept><rtept lat="57.519353" lon="12.46665"><ele>79.8</ele></rtept><rtept lat="57.519365" lon="12.466607"><ele>79.6</ele></rtept><rtept lat="57.519372" lon="12.466568"><ele>80.2</ele></rtept><rtept lat="57.519385" lon="12.466528"><ele>80.2</ele></rtept><rtept lat="57.519392" lon="12.466487"><ele>80.2</ele></rtept><rtept lat="57.519392" lon="12.466442"><ele>80.4</ele></rtept><rtept lat="57.519392" lon="12.466393"><ele>80.4</ele></rtept><rtept lat="57.519392" lon="12.466348"><ele>80.8</ele></rtept><rtept lat="57.519392" lon="12.4663"><ele>81.2</ele></rtept><rtept lat="57.519392" lon="12.466257"><ele>81.2</ele></rtept><rtept lat="57.519385" lon="12.46622"><ele>81.6</ele></rtept><rtept lat="57.519372" lon="12.46618"><ele>81.8</ele></rtept><rtept lat="57.519365" lon="12.466137"><ele>82.0</ele></rtept><rtept lat="57.519353" lon="12.466097"><ele>82.4</ele></rtept><rtept lat="57.51934" lon="12.466057"><ele>82.6</ele></rtept><rtept lat="57.519327" lon="12.466012"><ele>83.0</ele></rtept><rtept lat="57.519315" lon="12.465978"><ele>83.0</ele></rtept><rtept lat="57.519295" lon="12.46594"><ele>83.0</ele></rtept><rtept lat="57.519282" lon="12.465907"><ele>83.4</ele></rtept><rtept lat="57.51927" lon="12.465868"><ele>83.2</ele></rtept><rtept lat="57.51925" lon="12.465827"><ele>83.4</ele></rtept><rtept lat="57.519238" lon="12.465793"><ele>83.4</ele></rtept><rtept lat="57.519225" lon="12.465757"><ele>83.2</ele></rtept><rtept lat="57.519212" lon="12.465718"><ele>83.6</ele></rtept><rtept lat="57.5192" lon="12.465682"><ele>84.0</ele></rtept><rtept lat="57.519193" lon="12.465645"><ele>83.8</ele></rtept><rtept lat="57.51918" lon="12.46561"><ele>84.2</ele></rtept><rtept lat="57.519167" lon="12.46558"><ele>84.2</ele></rtept><rtept lat="57.519155" lon="12.465545"><ele>84.2</ele></rtept><rtept lat="57.519128" lon="12.465488"><ele>84.4</ele></rtept><rtept lat="57.519117" lon="12.46545"><ele>84.4</ele></rtept><rtept lat="57.519103" lon="12.465412"><ele>84.6</ele></rtept><rtept lat="57.51909" lon="12.465367"><ele>84.6</ele></rtept><rtept lat="57.519078" lon="12.46532"><ele>84.8</ele></rtept><rtept lat="57.519065" lon="12.465275"><ele>85.0</ele></rtept><rtept lat="57.519052" lon="12.465233"><ele>84.8</ele></rtept><rtept lat="57.519038" lon="12.465193"><ele>85.0</ele></rtept><rtept lat="57.519027" lon="12.465158"><ele>85.4</ele></rtept><rtept lat="57.519013" lon="12.465123"><ele>85.0</ele></rtept><rtept lat="57.519" lon="12.465087"><ele>85.4</ele></rtept><rtept lat="57.518995" lon="12.465042"><ele>85.6</ele></rtept><rtept lat="57.518975" lon="12.46499"><ele>85.6</ele></rtept><rtept lat="57.518962" lon="12.46495"><ele>85.8</ele></rtept><rtept lat="57.51895" lon="12.464908"><ele>85.8</ele></rtept><rtept lat="57.518937" lon="12.46488"><ele>86.2</ele></rtept><rtept lat="57.518918" lon="12.46483"><ele>86.6</ele></rtept><rtept lat="57.518905" lon="12.464772"><ele>87.6</ele></rtept><rtept lat="57.518898" lon="12.464735"><ele>87.8</ele></rtept><rtept lat="57.518885" lon="12.464695"><ele>88.2</ele></rtept><rtept lat="57.518873" lon="12.464658"><ele>88.4</ele></rtept><rtept lat="57.518847" lon="12.464597"><ele>88.6</ele></rtept><rtept lat="57.51884" lon="12.464558"><ele>89.0</ele></rtept><rtept lat="57.518835" lon="12.46452"><ele>89.0</ele></rtept><rtept lat="57.518822" lon="12.464477"><ele>89.4</ele></rtept><rtept lat="57.518808" lon="12.46444"><ele>89.8</ele></rtept><rtept lat="57.518797" lon="12.4644"><ele>89.6</ele></rtept><rtept lat="57.51879" lon="12.464362"><ele>90.0</ele></rtept><rtept lat="57.518777" lon="12.464293"><ele>90.4</ele></rtept><rtept lat="57.51877" lon="12.464248"><ele>90.8</ele></rtept><rtept lat="57.518758" lon="12.464215"><ele>91.0</ele></rtept><rtept lat="57.518758" lon="12.46418"><ele>91.0</ele></rtept><rtept lat="57.518745" lon="12.464148"><ele>91.4</ele></rtept><rtept lat="57.518738" lon="12.464095"><ele>91.4</ele></rtept><rtept lat="57.518732" lon="12.464032"><ele>91.8</ele></rtept><rtept lat="57.518725" lon="12.463997"><ele>92.0</ele></rtept><rtept lat="57.51872" lon="12.46396"><ele>92.4</ele></rtept><rtept lat="57.51872" lon="12.463922"><ele>92.4</ele></rtept><rtept lat="57.518713" lon="12.463878"><ele>92.8</ele></rtept><rtept lat="57.518713" lon="12.463833"><ele>93.0</ele></rtept><rtept lat="57.518713" lon="12.463797"><ele>93.2</ele></rtept><rtept lat="57.518713" lon="12.463757"><ele>93.8</ele></rtept><rtept lat="57.518713" lon="12.463713"><ele>94.2</ele></rtept><rtept lat="57.5187" lon="12.463653"><ele>94.2</ele></rtept><rtept lat="57.518693" lon="12.463595"><ele>94.6</ele></rtept><rtept lat="57.5187" lon="12.46353"><ele>94.8</ele></rtept><rtept lat="57.5187" lon="12.463493"><ele>94.8</ele></rtept><rtept lat="57.518707" lon="12.463448"><ele>95.0</ele></rtept><rtept lat="57.518713" lon="12.463403"><ele>95.2</ele></rtept><rtept lat="57.518713" lon="12.463345"><ele>94.8</ele></rtept><rtept lat="57.51872" lon="12.463312"><ele>95.0</ele></rtept><rtept lat="57.518732" lon="12.463277"><ele>95.2</ele></rtept><rtept lat="57.518738" lon="12.46324"><ele>94.8</ele></rtept><rtept lat="57.518752" lon="12.463205"><ele>95.0</ele></rtept><rtept lat="57.518758" lon="12.463167"><ele>95.2</ele></rtept><rtept lat="57.51877" lon="12.463128"><ele>94.8</ele></rtept><rtept lat="57.518783" lon="12.463098"><ele>95.0</ele></rtept><rtept lat="57.518797" lon="12.463068"><ele>95.0</ele></rtept><rtept lat="57.518808" lon="12.463037"><ele>95.0</ele></rtept><rtept lat="57.518822" lon="12.462987"><ele>95.0</ele></rtept><rtept lat="57.518835" lon="12.462955"><ele>95.0</ele></rtept><rtept lat="57.518847" lon="12.462915"><ele>94.8</ele></rtept><rtept lat="57.51886" lon="12.462888"><ele>95.2</ele></rtept><rtept lat="57.51888" lon="12.462862"><ele>95.2</ele></rtept><rtept lat="57.518892" lon="12.462828"><ele>95.6</ele></rtept><rtept lat="57.518912" lon="12.462803"><ele>96.0</ele></rtept><rtept lat="57.51893" lon="12.462775"><ele>96.2</ele></rtept><rtept lat="57.51895" lon="12.46274"><ele>96.4</ele></rtept><rtept lat="57.518962" lon="12.462705"><ele>96.6</ele></rtept><rtept lat="57.518975" lon="12.462677"><ele>96.8</ele></rtept><rtept lat="57.518995" lon="12.462645"><ele>97.0</ele></rtept><rtept lat="57.519007" lon="12.46262"><ele>97.2</ele></rtept><rtept lat="57.519033" lon="12.462565"><ele>97.4</ele></rtept><rtept lat="57.519045" lon="12.462538"><ele>97.6</ele></rtept><rtept lat="57.519058" lon="12.462512"><ele>97.6</ele></rtept><rtept lat="57.519083" lon="12.462485"><ele>97.4</ele></rtept><rtept lat="57.519103" lon="12.462458"><ele>97.6</ele></rtept><rtept lat="57.519117" lon="12.462433"><ele>97.4</ele></rtept><rtept lat="57.519135" lon="12.462405"><ele>97.6</ele></rtept><rtept lat="57.519148" lon="12.462372"><ele>97.8</ele></rtept><rtept lat="57.519167" lon="12.462337"><ele>97.4</ele></rtept><rtept lat="57.51918" lon="12.462312"><ele>97.8</ele></rtept><rtept lat="57.519193" lon="12.462277"><ele>98.0</ele></rtept><rtept lat="57.519205" lon="12.462242"><ele>98.0</ele></rtept><rtept lat="57.519232" lon="12.462208"><ele>98.2</ele></rtept><rtept lat="57.519238" lon="12.462165"><ele>98.4</ele></rtept><rtept lat="57.519257" lon="12.462115"><ele>98.6</ele></rtept><rtept lat="57.51927" lon="12.46206"><ele>98.8</ele></rtept><rtept lat="57.519282" lon="12.462013"><ele>98.8</ele></rtept><rtept lat="57.519295" lon="12.461958"><ele>98.8</ele></rtept><rtept lat="57.519308" lon="12.461917"><ele>99.0</ele></rtept><rtept lat="57.51932" lon="12.461867"><ele>98.6</ele></rtept><rtept lat="57.519333" lon="12.461812"><ele>98.6</ele></rtept><rtept lat="57.51934" lon="12.46177"><ele>98.6</ele></rtept><rtept lat="57.51934" lon="12.46173"><ele>98.4</ele></rtept><rtept lat="57.519347" lon="12.461683"><ele>98.4</ele></rtept><rtept lat="57.519347" lon="12.461647"><ele>98.4</ele></rtept><rtept lat="57.519353" lon="12.461612"><ele>97.8</ele></rtept><rtept lat="57.519365" lon="12.461568"><ele>98.0</ele></rtept><rtept lat="57.519365" lon="12.461527"><ele>98.2</ele></rtept><rtept lat="57.519372" lon="12.461493"><ele>97.8</ele></rtept><rtept lat="57.519385" lon="12.461458"><ele>98.0</ele></rtept><rtept lat="57.519398" lon="12.461428"><ele>97.8</ele></rtept><rtept lat="57.519417" lon="12.4614"><ele>97.8</ele></rtept><rtept lat="57.51943" lon="12.461373"><ele>98.0</ele></rtept><rtept lat="57.519448" lon="12.461357"><ele>98.0</ele></rtept><rtept lat="57.519475" lon="12.461333"><ele>97.8</ele></rtept><rtept lat="57.5195" lon="12.461317"><ele>98.0</ele></rtept><rtept lat="57.519525" lon="12.461303"><ele>98.0</ele></rtept><rtept lat="57.519552" lon="12.4613"><ele>98.2</ele></rtept><rtept lat="57.51957" lon="12.461293"><ele>98.4</ele></rtept><rtept lat="57.51959" lon="12.461283"><ele>98.2</ele></rtept><rtept lat="57.519615" lon="12.461275"><ele>98.8</ele></rtept><rtept lat="57.51964" lon="12.46127"><ele>98.8</ele></rtept><rtept lat="57.519667" lon="12.461272"><ele>99.2</ele></rtept><rtept lat="57.519692" lon="12.461268"><ele>99.0</ele></rtept><rtept lat="57.519723" lon="12.461258"><ele>99.2</ele></rtept><rtept lat="57.51975" lon="12.461245"><ele>99.4</ele></rtept><rtept lat="57.519768" lon="12.461232"><ele>99.2</ele></rtept><rtept lat="57.519795" lon="12.46121"><ele>99.6</ele></rtept><rtept lat="57.51982" lon="12.46118"><ele>100.0</ele></rtept><rtept lat="57.51984" lon="12.461142"><ele>99.8</ele></rtept><rtept lat="57.519865" lon="12.461105"><ele>100.0</ele></rtept><rtept lat="57.519878" lon="12.46106"><ele>100.0</ele></rtept><rtept lat="57.519903" lon="12.461018"><ele>99.8</ele></rtept><rtept lat="57.519917" lon="12.460967"><ele>99.8</ele></rtept><rtept lat="57.519935" lon="12.460932"><ele>99.8</ele></rtept><rtept lat="57.519955" lon="12.460892"><ele>99.4</ele></rtept><rtept lat="57.519967" lon="12.460853"><ele>99.6</ele></rtept><rtept lat="57.519987" lon="12.460813"><ele>99.8</ele></rtept><rtept lat="57.519993" lon="12.460768"><ele>99.4</ele></rtept><rtept lat="57.520005" lon="12.460713"><ele>99.6</ele></rtept><rtept lat="57.520012" lon="12.460675"><ele>99.6</ele></rtept><rtept lat="57.520025" lon="12.46064"><ele>99.4</ele></rtept><rtept lat="57.520032" lon="12.460603"><ele>99.4</ele></rtept><rtept lat="57.520043" lon="12.460565"><ele>99.2</ele></rtept><rtept lat="57.520057" lon="12.46053"><ele>99.2</ele></rtept><rtept lat="57.52007" lon="12.460495"><ele>99.4</ele></rtept><rtept lat="57.520077" lon="12.460447"><ele>99.2</ele></rtept><rtept lat="57.520082" lon="12.460402"><ele>99.4</ele></rtept><rtept lat="57.520088" lon="12.460365"><ele>99.8</ele></rtept><rtept lat="57.520102" lon="12.460318"><ele>99.6</ele></rtept><rtept lat="57.520127" lon="12.460252"><ele>100.2</ele></rtept><rtept lat="57.520133" lon="12.460193"><ele>100.4</ele></rtept><rtept lat="57.52014" lon="12.460153"><ele>100.6</ele></rtept><rtept lat="57.520147" lon="12.460108"><ele>100.4</ele></rtept><rtept lat="57.520153" lon="12.460062"><ele>100.4</ele></rtept><rtept lat="57.52016" lon="12.46002"><ele>100.6</ele></rtept><rtept lat="57.520172" lon="12.45998"><ele>100.4</ele></rtept><rtept lat="57.520185" lon="12.459943"><ele>100.6</ele></rtept><rtept lat="57.520198" lon="12.459905"><ele>100.4</ele></rtept><rtept lat="57.520185" lon="12.459973"><ele>100.8</ele></rtept><rtept lat="57.520172" lon="12.46002"><ele>100.8</ele></rtept><rtept lat="57.520165" lon="12.460078"><ele>100.8</ele></rtept><rtept lat="57.520153" lon="12.460128"><ele>101.2</ele></rtept><rtept lat="57.52014" lon="12.460173"><ele>101.0</ele></rtept><rtept lat="57.520127" lon="12.46022"><ele>101.2</ele></rtept><rtept lat="57.520115" lon="12.460267"><ele>101.0</ele></rtept><rtept lat="57.520102" lon="12.460313"><ele>100.8</ele></rtept><rtept lat="57.520095" lon="12.46036"><ele>100.8</ele></rtept><rtept lat="57.520082" lon="12.460405"><ele>100.6</ele></rtept><rtept lat="57.520063" lon="12.460452"><ele>100.8</ele></rtept><rtept lat="57.52005" lon="12.460498"><ele>100.8</ele></rtept><rtept lat="57.520043" lon="12.460548"><ele>100.6</ele></rtept><rtept lat="57.520038" lon="12.4606"><ele>100.4</ele></rtept><rtept lat="57.520032" lon="12.46065"><ele>100.4</ele></rtept><rtept lat="57.520025" lon="12.460698"><ele>100.0</ele></rtept><rtept lat="57.520025" lon="12.460753"><ele>100.2</ele></rtept><rtept lat="57.520018" lon="12.460802"><ele>99.4</ele></rtept><rtept lat="57.520012" lon="12.460847"><ele>99.8</ele></rtept><rtept lat="57.52" lon="12.460898"><ele>99.6</ele></rtept><rtept lat="57.519987" lon="12.460943"><ele>99.2</ele></rtept><rtept lat="57.519967" lon="12.460988"><ele>99.4</ele></rtept><rtept lat="57.519948" lon="12.461022"><ele>99.0</ele></rtept><rtept lat="57.519928" lon="12.461055"><ele>99.4</ele></rtept><rtept lat="57.519903" lon="12.46108"><ele>99.4</ele></rtept><rtept lat="57.519878" lon="12.4611"><ele>99.6</ele></rtept><rtept lat="57.519845" lon="12.461122"><ele>99.8</ele></rtept><rtept lat="57.51982" lon="12.46114"><ele>99.6</ele></rtept><rtept lat="57.519788" lon="12.461157"><ele>99.8</ele></rtept><rtept lat="57.519762" lon="12.46116"><ele>99.6</ele></rtept><rtept lat="57.51973" lon="12.461165"><ele>99.8</ele></rtept><rtept lat="57.519705" lon="12.461165"><ele>100.0</ele></rtept><rtept lat="57.519667" lon="12.461175"><ele>99.4</ele></rtept><rtept lat="57.519628" lon="12.46119"><ele>99.8</ele></rtept><rtept lat="57.519597" lon="12.461212"><ele>100.0</ele></rtept><rtept lat="57.519563" lon="12.46123"><ele>99.6</ele></rtept><rtept lat="57.519532" lon="12.461243"><ele>99.6</ele></rtept><rtept lat="57.519507" lon="12.46126"><ele>99.2</ele></rtept><rtept lat="57.519487" lon="12.461303"><ele>99.4</ele></rtept><rtept lat="57.519487" lon="12.46134"><ele>98.8</ele></rtept><rtept lat="57.51948" lon="12.46138"><ele>99.0</ele></rtept><rtept lat="57.519475" lon="12.461422"><ele>98.6</ele></rtept><rtept lat="57.519468" lon="12.461462"><ele>98.4</ele></rtept><rtept lat="57.519468" lon="12.461502"><ele>98.6</ele></rtept><rtept lat="57.519455" lon="12.461543"><ele>98.2</ele></rtept><rtept lat="57.519455" lon="12.461597"><ele>98.6</ele></rtept><rtept lat="57.519448" lon="12.461643"><ele>98.6</ele></rtept><rtept lat="57.519442" lon="12.461698"><ele>98.4</ele></rtept><rtept lat="57.519437" lon="12.461753"><ele>98.6</ele></rtept><rtept lat="57.519423" lon="12.461818"><ele>98.4</ele></rtept><rtept lat="57.519417" lon="12.461878"><ele>99.0</ele></rtept><rtept lat="57.519398" lon="12.46194"><ele>98.8</ele></rtept><rtept lat="57.519372" lon="12.462003"><ele>98.8</ele></rtept><rtept lat="57.519353" lon="12.462048"><ele>99.2</ele></rtept><rtept lat="57.519327" lon="12.46208"><ele>99.0</ele></rtept><rtept lat="57.519308" lon="12.462118"><ele>99.2</ele></rtept><rtept lat="57.519295" lon="12.462143"><ele>99.2</ele></rtept><rtept lat="57.519277" lon="12.462168"><ele>99.4</ele></rtept><rtept lat="57.519257" lon="12.462203"><ele>99.4</ele></rtept><rtept lat="57.519232" lon="12.462247"><ele>99.4</ele></rtept><rtept lat="57.5192" lon="12.462293"><ele>99.4</ele></rtept><rtept lat="57.519187" lon="12.462343"><ele>99.0</ele></rtept><rtept lat="57.519167" lon="12.462393"><ele>99.4</ele></rtept><rtept lat="57.519148" lon="12.462445"><ele>99.2</ele></rtept><rtept lat="57.519128" lon="12.462485"><ele>98.8</ele></rtept><rtept lat="57.519103" lon="12.462525"><ele>99.0</ele></rtept><rtept lat="57.519083" lon="12.462552"><ele>98.6</ele></rtept><rtept lat="57.519058" lon="12.46256"><ele>99.0</ele></rtept><rtept lat="57.519078" lon="12.462535"><ele>99.0</ele></rtept><rtept lat="57.519097" lon="12.462505"><ele>99.0</ele></rtept><rtept lat="57.519117" lon="12.462452"><ele>99.0</ele></rtept><rtept lat="57.519128" lon="12.462413"><ele>99.0</ele></rtept><rtept lat="57.519142" lon="12.462367"><ele>99.4</ele></rtept><rtept lat="57.519167" lon="12.462323"><ele>99.0</ele></rtept><rtept lat="57.519187" lon="12.462283"><ele>99.2</ele></rtept><rtept lat="57.5192" lon="12.462242"><ele>98.6</ele></rtept><rtept lat="57.519212" lon="12.462198"><ele>99.0</ele></rtept><rtept lat="57.519225" lon="12.462148"><ele>98.8</ele></rtept><rtept lat="57.519243" lon="12.462108"><ele>98.6</ele></rtept><rtept lat="57.519257" lon="12.462073"><ele>98.8</ele></rtept><rtept lat="57.519277" lon="12.462038"><ele>98.8</ele></rtept><rtept lat="57.519288" lon="12.461997"><ele>99.2</ele></rtept><rtept lat="57.519295" lon="12.461955"><ele>99.4</ele></rtept><rtept lat="57.519315" lon="12.461912"><ele>99.8</ele></rtept><rtept lat="57.519327" lon="12.461858"><ele>99.8</ele></rtept><rtept lat="57.519333" lon="12.461805"><ele>99.8</ele></rtept><rtept lat="57.519347" lon="12.461752"><ele>99.8</ele></rtept><rtept lat="57.519353" lon="12.4617"><ele>99.8</ele></rtept><rtept lat="57.51936" lon="12.461642"><ele>99.4</ele></rtept><rtept lat="57.519365" lon="12.461583"><ele>99.2</ele></rtept><rtept lat="57.519365" lon="12.461538"><ele>99.2</ele></rtept><rtept lat="57.519372" lon="12.461488"><ele>98.8</ele></rtept><rtept lat="57.519378" lon="12.461442"><ele>98.8</ele></rtept><rtept lat="57.519385" lon="12.461398"><ele>98.4</ele></rtept><rtept lat="57.519398" lon="12.461358"><ele>98.6</ele></rtept><rtept lat="57.51941" lon="12.461323"><ele>98.6</ele></rtept><rtept lat="57.51943" lon="12.461295"><ele>98.6</ele></rtept><rtept lat="57.519448" lon="12.46128"><ele>98.6</ele></rtept><rtept lat="57.519462" lon="12.461325"><ele>98.8</ele></rtept><rtept lat="57.519468" lon="12.461375"><ele>98.6</ele></rtept><rtept lat="57.51948" lon="12.461415"><ele>98.8</ele></rtept><rtept lat="57.519493" lon="12.461455"><ele>99.0</ele></rtept><rtept lat="57.5195" lon="12.461502"><ele>99.4</ele></rtept><rtept lat="57.519507" lon="12.461558"><ele>100.2</ele></rtept><rtept lat="57.51952" lon="12.461627"><ele>101.0</ele></rtept><rtept lat="57.519532" lon="12.461662"><ele>101.2</ele></rtept><rtept lat="57.519552" lon="12.461692"><ele>101.2</ele></rtept><rtept lat="57.51957" lon="12.461708"><ele>101.8</ele></rtept><rtept lat="57.51959" lon="12.461727"><ele>102.0</ele></rtept><rtept lat="57.519608" lon="12.461752"><ele>102.2</ele></rtept><rtept lat="57.519622" lon="12.461778"><ele>102.4</ele></rtept><rtept lat="57.51964" lon="12.461805"><ele>102.4</ele></rtept><rtept lat="57.519667" lon="12.461832"><ele>102.6</ele></rtept><rtept lat="57.519685" lon="12.461852"><ele>102.8</ele></rtept><rtept lat="57.519705" lon="12.46187"><ele>103.0</ele></rtept><rtept lat="57.519723" lon="12.461882"><ele>103.0</ele></rtept><rtept lat="57.51975" lon="12.461912"><ele>103.2</ele></rtept><rtept lat="57.519768" lon="12.461932"><ele>103.4</ele></rtept><rtept lat="57.519788" lon="12.461972"><ele>103.6</ele></rtept><rtept lat="57.519807" lon="12.46203"><ele>104.0</ele></rtept><rtept lat="57.519813" lon="12.46207"><ele>104.0</ele></rtept><rtept lat="57.519833" lon="12.462128"><ele>104.0</ele></rtept><rtept lat="57.519852" lon="12.46216"><ele>103.8</ele></rtept><rtept lat="57.519865" lon="12.462188"><ele>104.2</ele></rtept><rtept lat="57.519878" lon="12.462247"><ele>104.0</ele></rtept><rtept lat="57.519903" lon="12.462292"><ele>104.6</ele></rtept><rtept lat="57.519928" lon="12.46232"><ele>104.2</ele></rtept><rtept lat="57.519948" lon="12.462347"><ele>104.4</ele></rtept><rtept lat="57.51996" lon="12.46238"><ele>104.4</ele></rtept><rtept lat="57.51998" lon="12.462412"><ele>104.2</ele></rtept><rtept lat="57.519993" lon="12.46244"><ele>104.0</ele></rtept><rtept lat="57.520012" lon="12.462477"><ele>104.0</ele></rtept><rtept lat="57.520025" lon="12.462525"><ele>103.6</ele></rtept><rtept lat="57.520032" lon="12.46257"><ele>103.4</ele></rtept><rtept lat="57.520043" lon="12.462612"><ele>103.6</ele></rtept><rtept lat="57.52005" lon="12.462652"><ele>103.0</ele></rtept><rtept lat="57.520057" lon="12.462695"><ele>102.6</ele></rtept><rtept lat="57.520077" lon="12.46274"><ele>102.6</ele></rtept><rtept lat="57.520102" lon="12.46277"><ele>102.4</ele></rtept><rtept lat="57.52012" lon="12.46279"><ele>102.4</ele></rtept><rtept lat="57.52014" lon="12.462815"><ele>102.2</ele></rtept><rtept lat="57.520147" lon="12.462848"><ele>102.0</ele></rtept><rtept lat="57.52016" lon="12.462888"><ele>102.2</ele></rtept><rtept lat="57.520165" lon="12.462938"><ele>101.4</ele></rtept><rtept lat="57.520172" lon="12.462978"><ele>101.2</ele></rtept><rtept lat="57.520185" lon="12.463002"><ele>101.4</ele></rtept><rtept lat="57.520203" lon="12.463027"><ele>101.2</ele></rtept><rtept lat="57.52023" lon="12.463073"><ele>101.4</ele></rtept><rtept lat="57.520248" lon="12.463098"><ele>101.0</ele></rtept><rtept lat="57.520268" lon="12.463122"><ele>100.8</ele></rtept><rtept lat="57.520287" lon="12.463152"><ele>101.0</ele></rtept><rtept lat="57.520307" lon="12.463167"><ele>100.6</ele></rtept><rtept lat="57.520332" lon="12.463178"><ele>100.2</ele></rtept><rtept lat="57.52037" lon="12.463198"><ele>100.4</ele></rtept><rtept lat="57.520408" lon="12.463227"><ele>100.2</ele></rtept><rtept lat="57.52046" lon="12.463265"><ele>99.8</ele></rtept><rtept lat="57.520505" lon="12.463312"><ele>100.0</ele></rtept><rtept lat="57.520562" lon="12.463357"><ele>99.8</ele></rtept><rtept lat="57.520613" lon="12.463397"><ele>99.6</ele></rtept><rtept lat="57.520658" lon="12.46342"><ele>99.8</ele></rtept><rtept lat="57.520683" lon="12.463417"><ele>99.6</ele></rtept><rtept lat="57.520717" lon="12.463405"><ele>99.4</ele></rtept><rtept lat="57.52076" lon="12.463403"><ele>99.6</ele></rtept><rtept lat="57.5208" lon="12.463385"><ele>99.6</ele></rtept><rtept lat="57.520812" lon="12.463357"><ele>99.4</ele></rtept><rtept lat="57.520838" lon="12.463332"><ele>98.8</ele></rtept><rtept lat="57.520863" lon="12.463302"><ele>98.8</ele></rtept><rtept lat="57.520882" lon="12.46326"><ele>98.4</ele></rtept><rtept lat="57.520908" lon="12.463245"><ele>98.6</ele></rtept><rtept lat="57.520933" lon="12.463225"><ele>98.6</ele></rtept><rtept lat="57.52096" lon="12.463177"><ele>99.4</ele></rtept><rtept lat="57.520972" lon="12.46312"><ele>99.0</ele></rtept><rtept lat="57.521003" lon="12.463162"><ele>99.2</ele></rtept><rtept lat="57.521023" lon="12.463185"><ele>99.0</ele></rtept><rtept lat="57.521042" lon="12.463192"><ele>99.2</ele></rtept><rtept lat="57.521075" lon="12.463212"><ele>99.2</ele></rtept><rtept lat="57.5211" lon="12.46322"><ele>99.4</ele></rtept><rtept lat="57.52112" lon="12.46323"><ele>99.6</ele></rtept><rtept lat="57.521138" lon="12.463235"><ele>99.6</ele></rtept><rtept lat="57.521158" lon="12.463237"><ele>99.6</ele></rtept><rtept lat="57.521183" lon="12.463218"><ele>100.0</ele></rtept><rtept lat="57.521202" lon="12.463205"><ele>100.6</ele></rtept><rtept lat="57.521222" lon="12.463198"><ele>100.8</ele></rtept><rtept lat="57.52124" lon="12.46322"><ele>101.6</ele></rtept><rtept lat="57.52126" lon="12.463232"><ele>101.8</ele></rtept><rtept lat="57.52128" lon="12.46324"><ele>102.2</ele></rtept><rtept lat="57.521298" lon="12.463227"><ele>102.2</ele></rtept><rtept lat="57.521318" lon="12.463217"><ele>102.4</ele></rtept><rtept lat="57.521343" lon="12.463205"><ele>102.8</ele></rtept><rtept lat="57.521368" lon="12.463198"><ele>103.0</ele></rtept><rtept lat="57.521388" lon="12.4632"><ele>103.2</ele></rtept><rtept lat="57.521407" lon="12.463205"><ele>103.8</ele></rtept><rtept lat="57.521433" lon="12.463212"><ele>104.0</ele></rtept><rtept lat="57.521452" lon="12.46322"><ele>104.2</ele></rtept><rtept lat="57.521478" lon="12.463227"><ele>104.8</ele></rtept><rtept lat="57.521497" lon="12.463232"><ele>105.0</ele></rtept><rtept lat="57.521517" lon="12.463238"><ele>105.2</ele></rtept><rtept lat="57.521535" lon="12.46324"><ele>105.6</ele></rtept><rtept lat="57.521555" lon="12.463237"><ele>105.8</ele></rtept><rtept lat="57.52158" lon="12.463232"><ele>105.6</ele></rtept><rtept lat="57.521612" lon="12.463232"><ele>106.0</ele></rtept><rtept lat="57.521657" lon="12.463238"><ele>106.4</ele></rtept><rtept lat="57.521708" lon="12.463255"><ele>106.2</ele></rtept><rtept lat="57.52176" lon="12.463267"><ele>106.6</ele></rtept><rtept lat="57.521803" lon="12.46328"><ele>107.0</ele></rtept><rtept lat="57.521837" lon="12.463285"><ele>106.8</ele></rtept><rtept lat="57.52188" lon="12.463262"><ele>107.2</ele></rtept><rtept lat="57.521907" lon="12.463265"><ele>107.4</ele></rtept><rtept lat="57.521952" lon="12.463272"><ele>107.2</ele></rtept><rtept lat="57.52199" lon="12.46329"><ele>107.2</ele></rtept><rtept lat="57.522047" lon="12.463312"><ele>107.6</ele></rtept><rtept lat="57.522098" lon="12.463347"><ele>107.6</ele></rtept><rtept lat="57.522112" lon="12.463397"><ele>107.6</ele></rtept><rtept lat="57.522137" lon="12.463443"><ele>107.8</ele></rtept><rtept lat="57.52215" lon="12.463505"><ele>107.6</ele></rtept><rtept lat="57.52215" lon="12.463562"><ele>107.8</ele></rtept><rtept lat="57.522168" lon="12.463627"><ele>108.0</ele></rtept><rtept lat="57.522188" lon="12.463647"><ele>108.0</ele></rtept><rtept lat="57.5222" lon="12.463697"><ele>108.2</ele></rtept><rtept lat="57.522213" lon="12.463753"><ele>108.0</ele></rtept><rtept lat="57.522227" lon="12.46378"><ele>108.2</ele></rtept><rtept lat="57.522245" lon="12.463832"><ele>107.8</ele></rtept><rtept lat="57.522265" lon="12.463852"><ele>108.0</ele></rtept><rtept lat="57.522283" lon="12.463872"><ele>108.0</ele></rtept><rtept lat="57.522317" lon="12.463917"><ele>108.2</ele></rtept><rtept lat="57.522335" lon="12.46394"><ele>107.8</ele></rtept><rtept lat="57.522355" lon="12.463945"><ele>107.8</ele></rtept><rtept lat="57.522373" lon="12.463952"><ele>108.0</ele></rtept><rtept lat="57.5224" lon="12.463945"><ele>107.8</ele></rtept><rtept lat="57.522425" lon="12.463922"><ele>107.8</ele></rtept><rtept lat="57.522463" lon="12.463892"><ele>108.0</ele></rtept><rtept lat="57.522488" lon="12.463853"><ele>108.0</ele></rtept><rtept lat="57.522515" lon="12.463828"><ele>108.2</ele></rtept><rtept lat="57.52252" lon="12.463783"><ele>108.4</ele></rtept><rtept lat="57.522533" lon="12.463727"><ele>108.6</ele></rtept><rtept lat="57.522547" lon="12.463687"><ele>108.6</ele></rtept><rtept lat="57.522565" lon="12.463638"><ele>109.0</ele></rtept><rtept lat="57.522578" lon="12.463578"><ele>109.0</ele></rtept><rtept lat="57.522592" lon="12.463508"><ele>109.0</ele></rtept><rtept lat="57.522598" lon="12.46343"><ele>109.6</ele></rtept><rtept lat="57.522598" lon="12.463372"><ele>109.8</ele></rtept><rtept lat="57.522592" lon="12.463337"><ele>110.4</ele></rtept><rtept lat="57.522598" lon="12.463285"><ele>110.8</ele></rtept><rtept lat="57.52263" lon="12.463225"><ele>111.0</ele></rtept><rtept lat="57.522655" lon="12.463207"><ele>111.0</ele></rtept><rtept lat="57.5227" lon="12.463232"><ele>111.4</ele></rtept><rtept lat="57.522752" lon="12.46324"><ele>111.6</ele></rtept><rtept lat="57.52279" lon="12.46326"><ele>111.6</ele></rtept><rtept lat="57.522822" lon="12.463317"><ele>112.0</ele></rtept><rtept lat="57.52286" lon="12.46336"><ele>111.6</ele></rtept><rtept lat="57.522905" lon="12.4634"><ele>112.0</ele></rtept><rtept lat="57.522943" lon="12.463433"><ele>112.2</ele></rtept><rtept lat="57.522975" lon="12.463465"><ele>112.0</ele></rtept><rtept lat="57.522988" lon="12.463502"><ele>112.2</ele></rtept><rtept lat="57.523013" lon="12.46354"><ele>112.2</ele></rtept><rtept lat="57.523033" lon="12.463555"><ele>112.4</ele></rtept><rtept lat="57.523052" lon="12.463575"><ele>112.6</ele></rtept><rtept lat="57.523078" lon="12.463615"><ele>112.6</ele></rtept><rtept lat="57.52309" lon="12.46364"><ele>112.8</ele></rtept><rtept lat="57.52311" lon="12.463672"><ele>112.8</ele></rtept><rtept lat="57.523128" lon="12.46368"><ele>113.0</ele></rtept><rtept lat="57.523148" lon="12.463698"><ele>112.8</ele></rtept><rtept lat="57.523167" lon="12.463733"><ele>113.4</ele></rtept><rtept lat="57.52318" lon="12.463763"><ele>113.6</ele></rtept><rtept lat="57.5232" lon="12.463793"><ele>113.8</ele></rtept><rtept lat="57.523225" lon="12.463837"><ele>113.6</ele></rtept><rtept lat="57.523263" lon="12.463892"><ele>114.0</ele></rtept><rtept lat="57.523302" lon="12.463945"><ele>114.4</ele></rtept><rtept lat="57.52334" lon="12.464007"><ele>114.2</ele></rtept><rtept lat="57.523378" lon="12.464065"><ele>114.6</ele></rtept><rtept lat="57.523423" lon="12.464135"><ele>114.6</ele></rtept><rtept lat="57.523462" lon="12.464198"><ele>114.4</ele></rtept><rtept lat="57.52348" lon="12.464275"><ele>114.8</ele></rtept><rtept lat="57.523493" lon="12.464342"><ele>114.8</ele></rtept><rtept lat="57.52352" lon="12.464382"><ele>114.8</ele></rtept><rtept lat="57.523558" lon="12.464413"><ele>115.0</ele></rtept><rtept lat="57.523583" lon="12.46446"><ele>114.8</ele></rtept><rtept lat="57.523615" lon="12.464497"><ele>114.8</ele></rtept><rtept lat="57.523653" lon="12.464508"><ele>114.8</ele></rtept><rtept lat="57.52368" lon="12.464527"><ele>114.4</ele></rtept><rtept lat="57.523698" lon="12.464552"><ele>114.6</ele></rtept><rtept lat="57.523718" lon="12.464572"><ele>114.6</ele></rtept><rtept lat="57.523737" lon="12.4646"><ele>114.2</ele></rtept><rtept lat="57.523757" lon="12.464637"><ele>113.8</ele></rtept><rtept lat="57.523757" lon="12.46467"><ele>113.8</ele></rtept><rtept lat="57.523775" lon="12.464717"><ele>113.4</ele></rtept><rtept lat="57.523795" lon="12.46477"><ele>113.2</ele></rtept><rtept lat="57.52382" lon="12.464763"><ele>112.8</ele></rtept><rtept lat="57.52384" lon="12.464743"><ele>112.8</ele></rtept><rtept lat="57.523827" lon="12.464685"><ele>112.6</ele></rtept><rtept lat="57.523813" lon="12.464652"><ele>112.6</ele></rtept><rtept lat="57.52382" lon="12.464592"><ele>112.8</ele></rtept><rtept lat="57.523833" lon="12.464537"><ele>112.8</ele></rtept><rtept lat="57.52384" lon="12.464472"><ele>113.0</ele></rtept><rtept lat="57.523845" lon="12.464413"><ele>113.6</ele></rtept><rtept lat="57.523858" lon="12.464352"><ele>114.0</ele></rtept><rtept lat="57.523865" lon="12.464313"><ele>114.0</ele></rtept><rtept lat="57.523878" lon="12.464275"><ele>114.0</ele></rtept><rtept lat="57.523883" lon="12.464228"><ele>114.4</ele></rtept><rtept lat="57.523897" lon="12.46419"><ele>114.2</ele></rtept><rtept lat="57.523897" lon="12.464153"><ele>114.4</ele></rtept><rtept lat="57.523917" lon="12.464115"><ele>114.8</ele></rtept><rtept lat="57.523928" lon="12.464083"><ele>114.6</ele></rtept><rtept lat="57.523942" lon="12.464057"><ele>115.0</ele></rtept><rtept lat="57.52396" lon="12.464035"><ele>115.2</ele></rtept><rtept lat="57.52398" lon="12.464017"><ele>115.0</ele></rtept><rtept lat="57.524012" lon="12.46399"><ele>115.8</ele></rtept><rtept lat="57.524043" lon="12.46396"><ele>115.8</ele></rtept><rtept lat="57.524063" lon="12.46394"><ele>116.0</ele></rtept><rtept lat="57.524082" lon="12.463915"><ele>116.2</ele></rtept><rtept lat="57.524095" lon="12.463882"><ele>116.6</ele></rtept><rtept lat="57.524102" lon="12.46385"><ele>116.6</ele></rtept><rtept lat="57.52412" lon="12.46382"><ele>117.2</ele></rtept><rtept lat="57.52414" lon="12.463793"><ele>117.8</ele></rtept><rtept lat="57.524153" lon="12.463767"><ele>117.8</ele></rtept><rtept lat="57.524165" lon="12.463698"><ele>118.4</ele></rtept><rtept lat="57.524178" lon="12.463662"><ele>118.6</ele></rtept><rtept lat="57.524192" lon="12.463623"><ele>118.8</ele></rtept><rtept lat="57.524198" lon="12.46358"><ele>119.0</ele></rtept><rtept lat="57.524203" lon="12.463535"><ele>119.2</ele></rtept><rtept lat="57.52421" lon="12.463495"><ele>119.6</ele></rtept><rtept lat="57.52421" lon="12.46345"><ele>119.8</ele></rtept><rtept lat="57.524217" lon="12.46341"><ele>119.4</ele></rtept><rtept lat="57.524223" lon="12.46337"><ele>119.8</ele></rtept><rtept lat="57.524223" lon="12.46332"><ele>119.8</ele></rtept><rtept lat="57.524223" lon="12.463278"><ele>119.8</ele></rtept><rtept lat="57.52423" lon="12.463227"><ele>120.0</ele></rtept><rtept lat="57.52423" lon="12.463167"><ele>120.2</ele></rtept><rtept lat="57.524237" lon="12.463118"><ele>120.0</ele></rtept><rtept lat="57.524242" lon="12.463067"><ele>120.2</ele></rtept><rtept lat="57.524248" lon="12.463027"><ele>120.4</ele></rtept><rtept lat="57.524262" lon="12.462983"><ele>120.2</ele></rtept><rtept lat="57.524268" lon="12.462937"><ele>120.4</ele></rtept><rtept lat="57.524275" lon="12.462888"><ele>120.6</ele></rtept><rtept lat="57.52428" lon="12.462843"><ele>120.4</ele></rtept><rtept lat="57.524293" lon="12.4628"><ele>120.6</ele></rtept><rtept lat="57.524307" lon="12.462763"><ele>120.4</ele></rtept><rtept lat="57.52432" lon="12.46273"><ele>120.2</ele></rtept><rtept lat="57.524338" lon="12.462697"><ele>120.4</ele></rtept><rtept lat="57.524352" lon="12.46267"><ele>120.2</ele></rtept><rtept lat="57.524377" lon="12.462617"><ele>120.4</ele></rtept><rtept lat="57.524397" lon="12.462595"><ele>120.2</ele></rtept><rtept lat="57.524408" lon="12.462567"><ele>120.4</ele></rtept><rtept lat="57.524422" lon="12.46254"><ele>120.6</ele></rtept><rtept lat="57.524435" lon="12.462502"><ele>120.4</ele></rtept><rtept lat="57.52444" lon="12.462465"><ele>120.8</ele></rtept><rtept lat="57.52446" lon="12.462432"><ele>120.8</ele></rtept><rtept lat="57.524473" lon="12.4624"><ele>120.6</ele></rtept><rtept lat="57.52448" lon="12.46236"><ele>120.8</ele></rtept><rtept lat="57.52448" lon="12.462313"><ele>120.8</ele></rtept><rtept lat="57.524485" lon="12.462267"><ele>121.0</ele></rtept><rtept lat="57.524485" lon="12.462218"><ele>121.0</ele></rtept><rtept lat="57.524492" lon="12.462168"><ele>120.8</ele></rtept><rtept lat="57.524492" lon="12.462123"><ele>120.8</ele></rtept><rtept lat="57.524492" lon="12.462075"><ele>121.0</ele></rtept><rtept lat="57.524485" lon="12.462023"><ele>121.0</ele></rtept><rtept lat="57.524485" lon="12.461985"><ele>120.8</ele></rtept><rtept lat="57.524492" lon="12.461947"><ele>120.8</ele></rtept><rtept lat="57.524485" lon="12.461902"><ele>120.8</ele></rtept><rtept lat="57.524473" lon="12.461837"><ele>120.2</ele></rtept><rtept lat="57.524473" lon="12.46176"><ele>120.2</ele></rtept><rtept lat="57.524467" lon="12.461687"><ele>120.0</ele></rtept><rtept lat="57.524473" lon="12.461613"><ele>119.4</ele></rtept><rtept lat="57.524473" lon="12.461543"><ele>119.2</ele></rtept><rtept lat="57.52448" lon="12.461488"><ele>119.0</ele></rtept><rtept lat="57.524498" lon="12.461438"><ele>118.4</ele></rtept><rtept lat="57.524512" lon="12.461388"><ele>118.4</ele></rtept><rtept lat="57.524518" lon="12.461345"><ele>118.0</ele></rtept><rtept lat="57.52453" lon="12.461283"><ele>118.0</ele></rtept><rtept lat="57.524537" lon="12.461243"><ele>117.8</ele></rtept><rtept lat="57.52455" lon="12.461202"><ele>117.6</ele></rtept><rtept lat="57.524562" lon="12.461165"><ele>117.8</ele></rtept><rtept lat="57.524575" lon="12.461125"><ele>118.0</ele></rtept><rtept lat="57.524582" lon="12.461087"><ele>118.0</ele></rtept><rtept lat="57.524595" lon="12.46103"><ele>118.2</ele></rtept><rtept lat="57.5246" lon="12.460997"><ele>118.4</ele></rtept><rtept lat="57.524613" lon="12.460957"><ele>118.8</ele></rtept><rtept lat="57.52462" lon="12.460917"><ele>118.6</ele></rtept><rtept lat="57.524633" lon="12.460878"><ele>119.0</ele></rtept><rtept lat="57.524633" lon="12.460843"><ele>119.2</ele></rtept><rtept lat="57.524638" lon="12.460808"><ele>118.6</ele></rtept><rtept lat="57.524638" lon="12.46077"><ele>119.0</ele></rtept><rtept lat="57.524645" lon="12.460735"><ele>119.4</ele></rtept><rtept lat="57.524645" lon="12.460695"><ele>119.0</ele></rtept><rtept lat="57.524645" lon="12.460653"><ele>119.2</ele></rtept><rtept lat="57.524638" lon="12.460593"><ele>119.2</ele></rtept><rtept lat="57.524638" lon="12.460537"><ele>118.8</ele></rtept><rtept lat="57.524645" lon="12.460485"><ele>118.8</ele></rtept><rtept lat="57.524658" lon="12.460437"><ele>118.6</ele></rtept><rtept lat="57.524678" lon="12.460397"><ele>118.4</ele></rtept><rtept lat="57.524697" lon="12.460358"><ele>118.4</ele></rtept><rtept lat="57.52471" lon="12.460307"><ele>118.4</ele></rtept><rtept lat="57.524717" lon="12.460263"><ele>117.8</ele></rtept><rtept lat="57.524728" lon="12.460228"><ele>117.8</ele></rtept><rtept lat="57.524735" lon="12.460187"><ele>117.8</ele></rtept><rtept lat="57.524735" lon="12.460138"><ele>117.0</ele></rtept><rtept lat="57.524748" lon="12.460088"><ele>116.8</ele></rtept><rtept lat="57.524755" lon="12.460043"><ele>116.6</ele></rtept><rtept lat="57.524767" lon="12.459995"><ele>116.2</ele></rtept><rtept lat="57.524773" lon="12.45994"><ele>115.8</ele></rtept><rtept lat="57.524793" lon="12.45989"><ele>115.8</ele></rtept><rtept lat="57.5248" lon="12.459852"><ele>115.4</ele></rtept><rtept lat="57.524818" lon="12.45983"><ele>115.2</ele></rtept><rtept lat="57.524832" lon="12.459805"><ele>115.0</ele></rtept><rtept lat="57.524857" lon="12.459777"><ele>114.4</ele></rtept><rtept lat="57.524877" lon="12.459745"><ele>114.4</ele></rtept><rtept lat="57.524895" lon="12.459705"><ele>114.2</ele></rtept><rtept lat="57.52492" lon="12.45965"><ele>113.8</ele></rtept><rtept lat="57.524933" lon="12.45958"><ele>114.0</ele></rtept><rtept lat="57.524933" lon="12.459498"><ele>113.6</ele></rtept><rtept lat="57.524927" lon="12.459418"><ele>113.4</ele></rtept><rtept lat="57.524915" lon="12.459342"><ele>113.4</ele></rtept><rtept lat="57.524895" lon="12.459268"><ele>113.0</ele></rtept><rtept lat="57.524877" lon="12.459205"><ele>113.0</ele></rtept><rtept lat="57.52487" lon="12.45914"><ele>113.2</ele></rtept><rtept lat="57.524863" lon="12.459072"><ele>112.6</ele></rtept><rtept lat="57.524857" lon="12.458992"><ele>112.8</ele></rtept><rtept lat="57.524857" lon="12.458902"><ele>112.8</ele></rtept><rtept lat="57.524843" lon="12.458807"><ele>112.6</ele></rtept><rtept lat="57.524838" lon="12.458702"><ele>112.8</ele></rtept><rtept lat="57.524838" lon="12.458608"><ele>112.4</ele></rtept><rtept lat="57.524825" lon="12.458498"><ele>112.8</ele></rtept><rtept lat="57.524832" lon="12.458435"><ele>113.0</ele></rtept><rtept lat="57.524882" lon="12.458457"><ele>113.0</ele></rtept><rtept lat="57.524933" lon="12.458483"><ele>113.4</ele></rtept><rtept lat="57.524972" lon="12.45851"><ele>113.0</ele></rtept><rtept lat="57.524998" lon="12.458523"><ele>113.2</ele></rtept><rtept lat="57.52503" lon="12.458535"><ele>113.6</ele></rtept><rtept lat="57.525048" lon="12.458538"><ele>113.4</ele></rtept><rtept lat="57.525068" lon="12.45853"><ele>113.4</ele></rtept><rtept lat="57.525093" lon="12.458535"><ele>113.4</ele></rtept><rtept lat="57.52512" lon="12.458543"><ele>113.4</ele></rtept><rtept lat="57.525145" lon="12.458555"><ele>113.6</ele></rtept><rtept lat="57.525177" lon="12.45857"><ele>113.4</ele></rtept><rtept lat="57.525208" lon="12.458588"><ele>113.8</ele></rtept><rtept lat="57.52524" lon="12.458602"><ele>114.0</ele></rtept><rtept lat="57.525273" lon="12.458615"><ele>113.8</ele></rtept><rtept lat="57.525305" lon="12.458628"><ele>114.0</ele></rtept><rtept lat="57.525337" lon="12.458635"><ele>113.6</ele></rtept><rtept lat="57.525357" lon="12.45864"><ele>113.8</ele></rtept><rtept lat="57.525375" lon="12.458642"><ele>114.0</ele></rtept><rtept lat="57.525407" lon="12.45866"><ele>114.2</ele></rtept><rtept lat="57.525427" lon="12.458673"><ele>114.2</ele></rtept><rtept lat="57.525452" lon="12.4587"><ele>114.2</ele></rtept><rtept lat="57.525472" lon="12.458718"><ele>114.0</ele></rtept><rtept lat="57.52549" lon="12.458733"><ele>114.4</ele></rtept><rtept lat="57.525517" lon="12.458733"><ele>114.4</ele></rtept><rtept lat="57.525535" lon="12.458737"><ele>114.2</ele></rtept><rtept lat="57.52556" lon="12.458737"><ele>114.6</ele></rtept><rtept lat="57.525587" lon="12.45874"><ele>114.2</ele></rtept><rtept lat="57.525605" lon="12.458743"><ele>114.4</ele></rtept><rtept lat="57.525625" lon="12.458748"><ele>114.4</ele></rtept><rtept lat="57.525643" lon="12.458772"><ele>114.4</ele></rtept><rtept lat="57.52567" lon="12.458813"><ele>114.0</ele></rtept><rtept lat="57.525688" lon="12.45886"><ele>113.8</ele></rtept><rtept lat="57.525702" lon="12.458892"><ele>113.8</ele></rtept><rtept lat="57.52572" lon="12.458913"><ele>113.8</ele></rtept><rtept lat="57.52574" lon="12.458938"><ele>113.4</ele></rtept><rtept lat="57.525765" lon="12.458995"><ele>113.6</ele></rtept><rtept lat="57.525792" lon="12.45903"><ele>113.0</ele></rtept><rtept lat="57.52581" lon="12.459058"><ele>113.2</ele></rtept><rtept lat="57.52583" lon="12.45908"><ele>113.2</ele></rtept><rtept lat="57.525862" lon="12.459132"><ele>113.2</ele></rtept><rtept lat="57.5259" lon="12.459193"><ele>113.0</ele></rtept><rtept lat="57.525913" lon="12.459218"><ele>113.0</ele></rtept><rtept lat="57.525925" lon="12.459243"><ele>112.6</ele></rtept><rtept lat="57.525958" lon="12.45927"><ele>112.4</ele></rtept><rtept lat="57.525977" lon="12.4593"><ele>112.2</ele></rtept><rtept lat="57.526002" lon="12.459325"><ele>112.0</ele></rtept><rtept lat="57.52604" lon="12.459368"><ele>112.2</ele></rtept><rtept lat="57.526085" lon="12.459422"><ele>112.0</ele></rtept><rtept lat="57.526137" lon="12.459472"><ele>111.8</ele></rtept><rtept lat="57.5262" lon="12.459528"><ele>111.8</ele></rtept><rtept lat="57.526252" lon="12.459578"><ele>111.4</ele></rtept><rtept lat="57.526317" lon="12.459638"><ele>111.4</ele></rtept><rtept lat="57.526367" lon="12.4597"><ele>111.4</ele></rtept><rtept lat="57.526412" lon="12.459762"><ele>111.0</ele></rtept><rtept lat="57.526425" lon="12.45982"><ele>111.0</ele></rtept><rtept lat="57.526438" lon="12.459877"><ele>110.8</ele></rtept><rtept lat="57.526438" lon="12.45992"><ele>110.4</ele></rtept><rtept lat="57.526443" lon="12.459958"><ele>110.4</ele></rtept><rtept lat="57.526443" lon="12.459998"><ele>109.6</ele></rtept><rtept lat="57.526443" lon="12.460035"><ele>109.6</ele></rtept><rtept lat="57.526438" lon="12.460073"><ele>109.8</ele></rtept><rtept lat="57.52645" lon="12.460123"><ele>109.8</ele></rtept><rtept lat="57.526463" lon="12.460148"><ele>109.2</ele></rtept><rtept lat="57.526477" lon="12.460182"><ele>108.8</ele></rtept><rtept lat="57.526502" lon="12.460213"><ele>108.8</ele></rtept><rtept lat="57.52652" lon="12.460252"><ele>108.0</ele></rtept><rtept lat="57.52654" lon="12.460277"><ele>107.8</ele></rtept><rtept lat="57.526553" lon="12.460302"><ele>107.2</ele></rtept><rtept lat="57.526565" lon="12.460327"><ele>106.8</ele></rtept><rtept lat="57.526578" lon="12.460357"><ele>106.6</ele></rtept><rtept lat="57.526598" lon="12.460412"><ele>105.8</ele></rtept><rtept lat="57.526603" lon="12.46046"><ele>105.8</ele></rtept><rtept lat="57.526623" lon="12.460492"><ele>105.2</ele></rtept><rtept lat="57.526637" lon="12.46053"><ele>105.4</ele></rtept><rtept lat="57.526662" lon="12.460558"><ele>105.0</ele></rtept><rtept lat="57.52668" lon="12.460593"><ele>105.2</ele></rtept><rtept lat="57.52672" lon="12.46063"><ele>105.2</ele></rtept><rtept lat="57.526745" lon="12.460688"><ele>104.8</ele></rtept><rtept lat="57.526763" lon="12.460748"><ele>105.2</ele></rtept><rtept lat="57.526797" lon="12.460808"><ele>105.0</ele></rtept><rtept lat="57.52684" lon="12.460873"><ele>104.8</ele></rtept><rtept lat="57.52688" lon="12.460927"><ele>105.4</ele></rtept><rtept lat="57.526918" lon="12.460977"><ele>105.0</ele></rtept><rtept lat="57.526957" lon="12.461027"><ele>105.0</ele></rtept><rtept lat="57.526995" lon="12.461107"><ele>105.4</ele></rtept><rtept lat="57.52702" lon="12.461172"><ele>105.0</ele></rtept><rtept lat="57.527033" lon="12.461223"><ele>105.0</ele></rtept><rtept lat="57.527045" lon="12.461272"><ele>105.2</ele></rtept><rtept lat="57.527045" lon="12.461323"><ele>105.0</ele></rtept><rtept lat="57.52704" lon="12.461363"><ele>105.4</ele></rtept><rtept lat="57.527052" lon="12.461415"><ele>105.4</ele></rtept><rtept lat="57.527058" lon="12.461475"><ele>106.2</ele></rtept><rtept lat="57.527065" lon="12.461518"><ele>106.0</ele></rtept><rtept lat="57.527078" lon="12.46156"><ele>106.2</ele></rtept><rtept lat="57.52709" lon="12.4616"><ele>106.2</ele></rtept><rtept lat="57.527097" lon="12.461658"><ele>106.6</ele></rtept><rtept lat="57.52711" lon="12.461687"><ele>106.2</ele></rtept><rtept lat="57.527117" lon="12.46172"><ele>106.4</ele></rtept><rtept lat="57.527122" lon="12.461758"><ele>106.4</ele></rtept><rtept lat="57.527135" lon="12.461792"><ele>106.4</ele></rtept><rtept lat="57.527142" lon="12.461825"><ele>106.6</ele></rtept><rtept lat="57.527155" lon="12.461852"><ele>106.4</ele></rtept><rtept lat="57.52716" lon="12.461915"><ele>106.6</ele></rtept><rtept lat="57.527167" lon="12.461952"><ele>106.4</ele></rtept><rtept lat="57.52718" lon="12.461997"><ele>106.4</ele></rtept><rtept lat="57.527193" lon="12.462053"><ele>106.6</ele></rtept><rtept lat="57.527212" lon="12.462128"><ele>106.2</ele></rtept><rtept lat="57.527232" lon="12.4622"><ele>106.4</ele></rtept><rtept lat="57.52725" lon="12.462277"><ele>106.6</ele></rtept><rtept lat="57.527277" lon="12.46234"><ele>106.2</ele></rtept><rtept lat="57.527308" lon="12.462407"><ele>106.4</ele></rtept><rtept lat="57.527333" lon="12.462457"><ele>106.4</ele></rtept><rtept lat="57.527353" lon="12.46251"><ele>106.2</ele></rtept><rtept lat="57.527365" lon="12.462565"><ele>106.4</ele></rtept><rtept lat="57.527372" lon="12.462622"><ele>106.0</ele></rtept><rtept lat="57.527385" lon="12.462703"><ele>106.2</ele></rtept><rtept lat="57.527398" lon="12.462773"><ele>106.2</ele></rtept><rtept lat="57.52741" lon="12.46284"><ele>105.6</ele></rtept><rtept lat="57.527398" lon="12.462928"><ele>105.6</ele></rtept><rtept lat="57.527398" lon="12.463007"><ele>105.4</ele></rtept><rtept lat="57.527392" lon="12.463047"><ele>104.8</ele></rtept><rtept lat="57.527392" lon="12.463105"><ele>104.6</ele></rtept><rtept lat="57.527392" lon="12.46315"><ele>104.0</ele></rtept><rtept lat="57.527392" lon="12.4632"><ele>103.8</ele></rtept><rtept lat="57.527392" lon="12.463245"><ele>103.6</ele></rtept><rtept lat="57.527385" lon="12.4633"><ele>102.8</ele></rtept><rtept lat="57.527385" lon="12.463377"><ele>102.6</ele></rtept><rtept lat="57.527392" lon="12.463425"><ele>102.4</ele></rtept><rtept lat="57.527403" lon="12.463465"><ele>101.8</ele></rtept><rtept lat="57.52741" lon="12.463513"><ele>102.0</ele></rtept><rtept lat="57.527417" lon="12.463558"><ele>101.4</ele></rtept><rtept lat="57.527423" lon="12.463595"><ele>101.4</ele></rtept><rtept lat="57.527442" lon="12.463622"><ele>101.4</ele></rtept><rtept lat="57.527455" lon="12.463667"><ele>101.0</ele></rtept><rtept lat="57.527468" lon="12.463693"><ele>101.0</ele></rtept><rtept lat="57.527475" lon="12.463733"><ele>100.6</ele></rtept><rtept lat="57.527493" lon="12.463707"><ele>100.4</ele></rtept><rtept lat="57.527525" lon="12.463672"><ele>100.6</ele></rtept><rtept lat="57.527545" lon="12.463698"><ele>101.0</ele></rtept><rtept lat="57.527577" lon="12.463753"><ele>101.4</ele></rtept><rtept lat="57.52759" lon="12.463787"><ele>101.6</ele></rtept><rtept lat="57.527602" lon="12.463838"><ele>102.4</ele></rtept><rtept lat="57.527608" lon="12.463892"><ele>102.6</ele></rtept><rtept lat="57.527628" lon="12.463945"><ele>103.0</ele></rtept><rtept lat="57.527647" lon="12.464005"><ele>104.0</ele></rtept><rtept lat="57.527653" lon="12.46404"><ele>103.8</ele></rtept><rtept lat="57.52766" lon="12.464095"><ele>104.6</ele></rtept><rtept lat="57.527667" lon="12.464137"><ele>104.8</ele></rtept><rtept lat="57.527678" lon="12.464168"><ele>104.6</ele></rtept><rtept lat="57.527698" lon="12.464215"><ele>104.4</ele></rtept><rtept lat="57.527723" lon="12.464262"><ele>104.6</ele></rtept><rtept lat="57.527757" lon="12.464303"><ele>104.6</ele></rtept><rtept lat="57.527782" lon="12.464335"><ele>104.8</ele></rtept><rtept lat="57.527795" lon="12.464377"><ele>105.0</ele></rtept><rtept lat="57.527813" lon="12.464417"><ele>104.6</ele></rtept><rtept lat="57.527852" lon="12.464448"><ele>104.6</ele></rtept><rtept lat="57.527883" lon="12.464493"><ele>104.8</ele></rtept><rtept lat="57.52791" lon="12.46455"><ele>104.6</ele></rtept><rtept lat="57.527935" lon="12.464618"><ele>104.8</ele></rtept><rtept lat="57.527948" lon="12.46471"><ele>104.8</ele></rtept><rtept lat="57.52798" lon="12.46479"><ele>104.8</ele></rtept><rtept lat="57.528012" lon="12.46487"><ele>105.0</ele></rtept><rtept lat="57.528032" lon="12.464933"><ele>104.6</ele></rtept><rtept lat="57.528063" lon="12.464998"><ele>104.6</ele></rtept><rtept lat="57.528088" lon="12.465048"><ele>104.8</ele></rtept><rtept lat="57.528102" lon="12.465077"><ele>104.4</ele></rtept><rtept lat="57.528088" lon="12.465117"><ele>104.8</ele></rtept><rtept lat="57.528095" lon="12.465167"><ele>104.8</ele></rtept><rtept lat="57.528088" lon="12.465213"><ele>104.8</ele></rtept><rtept lat="57.528108" lon="12.46524"><ele>105.0</ele></rtept><rtept lat="57.528127" lon="12.465265"><ele>105.4</ele></rtept><rtept lat="57.52812" lon="12.4653"><ele>105.6</ele></rtept><rtept lat="57.528127" lon="12.465352"><ele>105.6</ele></rtept><rtept lat="57.528147" lon="12.465398"><ele>106.4</ele></rtept><rtept lat="57.528153" lon="12.465443"><ele>107.0</ele></rtept><rtept lat="57.52816" lon="12.465495"><ele>107.0</ele></rtept><rtept lat="57.528165" lon="12.465555"><ele>107.2</ele></rtept><rtept lat="57.528172" lon="12.465605"><ele>108.0</ele></rtept><rtept lat="57.528172" lon="12.46567"><ele>108.4</ele></rtept><rtept lat="57.528165" lon="12.465708"><ele>108.6</ele></rtept><rtept lat="57.528165" lon="12.465747"><ele>108.8</ele></rtept><rtept lat="57.528165" lon="12.465793"><ele>109.2</ele></rtept><rtept lat="57.528172" lon="12.465833"><ele>109.2</ele></rtept><rtept lat="57.528178" lon="12.465878"><ele>109.4</ele></rtept><rtept lat="57.528185" lon="12.465925"><ele>109.8</ele></rtept><rtept lat="57.528185" lon="12.465965"><ele>109.6</ele></rtept><rtept lat="57.528192" lon="12.466005"><ele>110.4</ele></rtept><rtept lat="57.528192" lon="12.46606"><ele>110.4</ele></rtept><rtept lat="57.528192" lon="12.466102"><ele>110.2</ele></rtept><rtept lat="57.528203" lon="12.466137"><ele>110.6</ele></rtept><rtept lat="57.52821" lon="12.46617"><ele>110.6</ele></rtept><rtept lat="57.528223" lon="12.4662"><ele>110.4</ele></rtept><rtept lat="57.528242" lon="12.466235"><ele>110.8</ele></rtept><rtept lat="57.528262" lon="12.46627"><ele>111.0</ele></rtept><rtept lat="57.528268" lon="12.466302"><ele>111.0</ele></rtept><rtept lat="57.528293" lon="12.46635"><ele>111.4</ele></rtept><rtept lat="57.528307" lon="12.46638"><ele>111.4</ele></rtept><rtept lat="57.528325" lon="12.466415"><ele>111.8</ele></rtept><rtept lat="57.528352" lon="12.466448"><ele>111.8</ele></rtept><rtept lat="57.52837" lon="12.466478"><ele>111.6</ele></rtept><rtept lat="57.528402" lon="12.466523"><ele>111.8</ele></rtept><rtept lat="57.528428" lon="12.466588"><ele>111.6</ele></rtept><rtept lat="57.52846" lon="12.466667"><ele>111.8</ele></rtept><rtept lat="57.528485" lon="12.466722"><ele>111.8</ele></rtept><rtept lat="57.528523" lon="12.466778"><ele>111.6</ele></rtept><rtept lat="57.528557" lon="12.466817"><ele>111.8</ele></rtept><rtept lat="57.528595" lon="12.46686"><ele>111.8</ele></rtept><rtept lat="57.528627" lon="12.466903"><ele>111.6</ele></rtept><rtept lat="57.528665" lon="12.466925"><ele>112.0</ele></rtept><rtept lat="57.528703" lon="12.466935"><ele>112.0</ele></rtept><rtept lat="57.528735" lon="12.46694"><ele>111.6</ele></rtept><rtept lat="57.52876" lon="12.466957"><ele>111.6</ele></rtept><rtept lat="57.52878" lon="12.466995"><ele>111.4</ele></rtept><rtept lat="57.528767" lon="12.46704"><ele>111.4</ele></rtept><rtept lat="57.528767" lon="12.467073"><ele>111.4</ele></rtept><rtept lat="57.52878" lon="12.467123"><ele>111.0</ele></rtept><rtept lat="57.52878" lon="12.467163"><ele>110.8</ele></rtept><rtept lat="57.528787" lon="12.467202"><ele>110.8</ele></rtept><rtept lat="57.52878" lon="12.467253"><ele>110.8</ele></rtept><rtept lat="57.528787" lon="12.467288"><ele>110.6</ele></rtept><rtept lat="57.5288" lon="12.467347"><ele>110.8</ele></rtept><rtept lat="57.528812" lon="12.467395"><ele>110.8</ele></rtept><rtept lat="57.528825" lon="12.467455"><ele>110.8</ele></rtept><rtept lat="57.528843" lon="12.467512"><ele>110.8</ele></rtept><rtept lat="57.528863" lon="12.46754"><ele>110.8</ele></rtept><rtept lat="57.528877" lon="12.467567"><ele>111.0</ele></rtept><rtept lat="57.528902" lon="12.467617"><ele>110.8</ele></rtept><rtept lat="57.528927" lon="12.467675"><ele>110.6</ele></rtept><rtept lat="57.52894" lon="12.467742"><ele>110.8</ele></rtept><rtept lat="57.528947" lon="12.467783"><ele>110.4</ele></rtept><rtept lat="57.528953" lon="12.467848"><ele>110.8</ele></rtept><rtept lat="57.528965" lon="12.467882"><ele>110.4</ele></rtept><rtept lat="57.528992" lon="12.46794"><ele>110.4</ele></rtept><rtept lat="57.52901" lon="12.467987"><ele>110.0</ele></rtept><rtept lat="57.529042" lon="12.46805"><ele>109.4</ele></rtept><rtept lat="57.52908" lon="12.468107"><ele>109.4</ele></rtept><rtept lat="57.52912" lon="12.468172"><ele>109.2</ele></rtept><rtept lat="57.529163" lon="12.468252"><ele>108.4</ele></rtept><rtept lat="57.529197" lon="12.468338"><ele>108.0</ele></rtept><rtept lat="57.529215" lon="12.468418"><ele>107.8</ele></rtept><rtept lat="57.52924" lon="12.468548"><ele>107.0</ele></rtept><rtept lat="57.529267" lon="12.468608"><ele>106.8</ele></rtept><rtept lat="57.52926" lon="12.468678"><ele>106.2</ele></rtept><rtept lat="57.529267" lon="12.46874"><ele>105.6</ele></rtept><rtept lat="57.529273" lon="12.468805"><ele>105.6</ele></rtept><rtept lat="57.529273" lon="12.468865"><ele>105.4</ele></rtept><rtept lat="57.529273" lon="12.468925"><ele>104.8</ele></rtept><rtept lat="57.529267" lon="12.46896"><ele>104.4</ele></rtept><rtept lat="57.529273" lon="12.469"><ele>103.6</ele></rtept><rtept lat="57.52926" lon="12.469057"><ele>103.0</ele></rtept><rtept lat="57.529247" lon="12.46909"><ele>102.4</ele></rtept><rtept lat="57.529247" lon="12.46913"><ele>102.2</ele></rtept><rtept lat="57.52924" lon="12.469175"><ele>101.8</ele></rtept><rtept lat="57.529228" lon="12.469208"><ele>101.4</ele></rtept><rtept lat="57.529228" lon="12.469248"><ele>101.2</ele></rtept><rtept lat="57.529228" lon="12.469292"><ele>100.8</ele></rtept><rtept lat="57.529228" lon="12.469328"><ele>100.8</ele></rtept><rtept lat="57.529235" lon="12.469368"><ele>100.8</ele></rtept><rtept lat="57.52924" lon="12.469413"><ele>100.6</ele></rtept><rtept lat="57.52924" lon="12.469453"><ele>100.6</ele></rtept><rtept lat="57.52924" lon="12.469495"><ele>100.2</ele></rtept><rtept lat="57.52924" lon="12.46954"><ele>100.4</ele></rtept><rtept lat="57.52924" lon="12.469577"><ele>100.4</ele></rtept><rtept lat="57.529253" lon="12.469632"><ele>100.4</ele></rtept><rtept lat="57.529247" lon="12.469663"><ele>100.4</ele></rtept><rtept lat="57.529253" lon="12.469717"><ele>100.8</ele></rtept><rtept lat="57.52926" lon="12.469757"><ele>100.8</ele></rtept><rtept lat="57.52926" lon="12.469798"><ele>100.8</ele></rtept><rtept lat="57.529253" lon="12.46984"><ele>101.2</ele></rtept><rtept lat="57.529253" lon="12.469882"><ele>101.0</ele></rtept><rtept lat="57.529267" lon="12.469913"><ele>101.4</ele></rtept><rtept lat="57.52928" lon="12.469948"><ele>101.2</ele></rtept><rtept lat="57.52928" lon="12.469998"><ele>101.4</ele></rtept><rtept lat="57.52928" lon="12.470048"><ele>101.6</ele></rtept><rtept lat="57.529273" lon="12.470102"><ele>101.4</ele></rtept><rtept lat="57.52928" lon="12.470147"><ele>101.8</ele></rtept><rtept lat="57.529267" lon="12.470202"><ele>101.6</ele></rtept><rtept lat="57.529273" lon="12.470245"><ele>101.4</ele></rtept><rtept lat="57.529273" lon="12.470292"><ele>101.6</ele></rtept><rtept lat="57.52928" lon="12.47034"><ele>101.4</ele></rtept><rtept lat="57.529285" lon="12.470383"><ele>101.2</ele></rtept><rtept lat="57.529292" lon="12.470423"><ele>101.2</ele></rtept><rtept lat="57.529305" lon="12.470463"><ele>100.8</ele></rtept><rtept lat="57.529323" lon="12.470498"><ele>100.6</ele></rtept><rtept lat="57.529343" lon="12.470535"><ele>100.8</ele></rtept><rtept lat="57.529362" lon="12.47057"><ele>100.2</ele></rtept><rtept lat="57.529375" lon="12.470615"><ele>100.6</ele></rtept><rtept lat="57.5294" lon="12.470655"><ele>100.4</ele></rtept><rtept lat="57.529407" lon="12.470697"><ele>100.0</ele></rtept><rtept lat="57.52942" lon="12.47074"><ele>100.2</ele></rtept><rtept lat="57.529427" lon="12.47078"><ele>100.0</ele></rtept><rtept lat="57.529445" lon="12.470818"><ele>100.0</ele></rtept><rtept lat="57.529465" lon="12.47086"><ele>100.0</ele></rtept><rtept lat="57.529478" lon="12.470898"><ele>99.6</ele></rtept><rtept lat="57.529497" lon="12.470932"><ele>100.0</ele></rtept><rtept lat="57.529517" lon="12.470967"><ele>99.8</ele></rtept><rtept lat="57.529535" lon="12.471005"><ele>99.6</ele></rtept><rtept lat="57.529542" lon="12.471043"><ele>100.0</ele></rtept><rtept lat="57.529555" lon="12.47109"><ele>99.6</ele></rtept><rtept lat="57.529567" lon="12.471143"><ele>99.4</ele></rtept><rtept lat="57.52958" lon="12.471188"><ele>99.4</ele></rtept><rtept lat="57.529587" lon="12.471222"><ele>99.2</ele></rtept><rtept lat="57.529593" lon="12.471263"><ele>99.2</ele></rtept><rtept lat="57.529605" lon="12.471303"><ele>99.2</ele></rtept><rtept lat="57.529612" lon="12.471348"><ele>98.6</ele></rtept><rtept lat="57.529625" lon="12.471387"><ele>98.8</ele></rtept><rtept lat="57.529638" lon="12.471422"><ele>98.6</ele></rtept><rtept lat="57.52965" lon="12.471457"><ele>98.4</ele></rtept><rtept lat="57.529663" lon="12.471492"><ele>98.6</ele></rtept><rtept lat="57.529682" lon="12.471527"><ele>98.2</ele></rtept><rtept lat="57.529695" lon="12.471558"><ele>98.4</ele></rtept><rtept lat="57.52972" lon="12.471585"><ele>98.8</ele></rtept><rtept lat="57.52974" lon="12.47162"><ele>98.4</ele></rtept><rtept lat="57.529772" lon="12.471652"><ele>98.6</ele></rtept><rtept lat="57.529798" lon="12.47168"><ele>98.6</ele></rtept><rtept lat="57.529823" lon="12.471712"><ele>98.8</ele></rtept><rtept lat="57.529848" lon="12.471738"><ele>99.0</ele></rtept><rtept lat="57.529887" lon="12.471783"><ele>99.0</ele></rtept><rtept lat="57.529913" lon="12.471805"><ele>99.0</ele></rtept><rtept lat="57.529932" lon="12.471835"><ele>98.8</ele></rtept><rtept lat="57.529958" lon="12.47186"><ele>99.0</ele></rtept><rtept lat="57.529983" lon="12.47188"><ele>98.8</ele></rtept><rtept lat="57.530008" lon="12.471903"><ele>99.0</ele></rtept><rtept lat="57.530035" lon="12.471928"><ele>99.0</ele></rtept><rtept lat="57.53006" lon="12.471948"><ele>98.8</ele></rtept><rtept lat="57.53008" lon="12.471973"><ele>99.0</ele></rtept><rtept lat="57.530105" lon="12.472002"><ele>99.0</ele></rtept><rtept lat="57.53013" lon="12.472022"><ele>98.2</ele></rtept><rtept lat="57.530162" lon="12.472043"><ele>98.4</ele></rtept><rtept lat="57.530188" lon="12.472068"><ele>98.6</ele></rtept><rtept lat="57.5302" lon="12.472093"><ele>98.2</ele></rtept><rtept lat="57.530227" lon="12.472117"><ele>98.4</ele></rtept><rtept lat="57.530252" lon="12.47214"><ele>98.4</ele></rtept><rtept lat="57.530278" lon="12.472167"><ele>98.4</ele></rtept><rtept lat="57.530297" lon="12.472187"><ele>98.4</ele></rtept><rtept lat="57.53031" lon="12.472213"><ele>98.0</ele></rtept><rtept lat="57.530328" lon="12.472245"><ele>98.2</ele></rtept><rtept lat="57.530342" lon="12.472277"><ele>98.4</ele></rtept><rtept lat="57.530367" lon="12.472305"><ele>98.0</ele></rtept><rtept lat="57.530393" lon="12.472372"><ele>98.2</ele></rtept><rtept lat="57.5304" lon="12.472412"><ele>97.8</ele></rtept><rtept lat="57.530418" lon="12.472445"><ele>97.8</ele></rtept><rtept lat="57.530443" lon="12.472483"><ele>98.0</ele></rtept><rtept lat="57.530457" lon="12.472523"><ele>97.4</ele></rtept><rtept lat="57.53047" lon="12.472563"><ele>97.4</ele></rtept><rtept lat="57.530488" lon="12.4726"><ele>97.0</ele></rtept><rtept lat="57.530508" lon="12.472642"><ele>96.6</ele></rtept><rtept lat="57.530508" lon="12.472683"><ele>96.6</ele></rtept><rtept lat="57.530502" lon="12.47272"><ele>96.0</ele></rtept><rtept lat="57.530477" lon="12.472758"><ele>96.2</ele></rtept><rtept lat="57.530457" lon="12.472782"><ele>95.8</ele></rtept><rtept lat="57.530438" lon="12.472808"><ele>95.6</ele></rtept><rtept lat="57.530412" lon="12.472867"><ele>96.0</ele></rtept><rtept lat="57.530393" lon="12.472897"><ele>95.8</ele></rtept><rtept lat="57.530387" lon="12.472937"><ele>95.4</ele></rtept><rtept lat="57.530373" lon="12.472967"><ele>95.8</ele></rtept><rtept lat="57.530367" lon="12.473005"><ele>95.8</ele></rtept><rtept lat="57.530355" lon="12.473045"><ele>95.4</ele></rtept><rtept lat="57.530348" lon="12.473117"><ele>96.0</ele></rtept><rtept lat="57.530348" lon="12.47317"><ele>95.8</ele></rtept><rtept lat="57.530335" lon="12.47321"><ele>95.6</ele></rtept><rtept lat="57.530322" lon="12.47324"><ele>95.6</ele></rtept><rtept lat="57.53031" lon="12.47329"><ele>94.6</ele></rtept><rtept lat="57.530297" lon="12.47333"><ele>94.6</ele></rtept><rtept lat="57.530297" lon="12.473375"><ele>94.4</ele></rtept><rtept lat="57.530297" lon="12.473415"><ele>94.4</ele></rtept><rtept lat="57.53029" lon="12.473455"><ele>94.4</ele></rtept><rtept lat="57.53029" lon="12.4735"><ele>94.6</ele></rtept><rtept lat="57.530283" lon="12.473563"><ele>94.6</ele></rtept><rtept lat="57.530272" lon="12.473613"><ele>95.6</ele></rtept><rtept lat="57.530272" lon="12.473667"><ele>95.4</ele></rtept><rtept lat="57.530283" lon="12.473697"><ele>95.4</ele></rtept><rtept lat="57.530297" lon="12.473732"><ele>95.6</ele></rtept><rtept lat="57.53031" lon="12.473772"><ele>95.6</ele></rtept><rtept lat="57.530322" lon="12.473805"><ele>95.6</ele></rtept><rtept lat="57.530335" lon="12.473845"><ele>95.8</ele></rtept><rtept lat="57.530348" lon="12.473885"><ele>95.8</ele></rtept><rtept lat="57.53036" lon="12.473923"><ele>96.0</ele></rtept><rtept lat="57.530367" lon="12.473963"><ele>96.4</ele></rtept><rtept lat="57.53038" lon="12.47401"><ele>96.4</ele></rtept><rtept lat="57.530393" lon="12.474048"><ele>96.6</ele></rtept><rtept lat="57.530405" lon="12.474088"><ele>96.8</ele></rtept><rtept lat="57.530412" lon="12.474128"><ele>97.0</ele></rtept><rtept lat="57.530418" lon="12.474167"><ele>96.8</ele></rtept><rtept lat="57.530432" lon="12.474207"><ele>97.2</ele></rtept><rtept lat="57.530438" lon="12.474248"><ele>97.2</ele></rtept><rtept lat="57.53045" lon="12.474292"><ele>97.2</ele></rtept><rtept lat="57.530457" lon="12.474333"><ele>97.6</ele></rtept><rtept lat="57.530477" lon="12.474385"><ele>97.6</ele></rtept><rtept lat="57.530482" lon="12.474432"><ele>97.8</ele></rtept><rtept lat="57.530488" lon="12.474475"><ele>98.2</ele></rtept><rtept lat="57.530495" lon="12.47451"><ele>98.4</ele></rtept><rtept lat="57.530495" lon="12.474577"><ele>98.8</ele></rtept><rtept lat="57.530495" lon="12.47462"><ele>99.0</ele></rtept><rtept lat="57.530495" lon="12.47466"><ele>99.0</ele></rtept><rtept lat="57.530495" lon="12.474697"><ele>99.2</ele></rtept><rtept lat="57.530502" lon="12.47474"><ele>99.2</ele></rtept><rtept lat="57.530508" lon="12.474775"><ele>99.4</ele></rtept><rtept lat="57.530508" lon="12.474838"><ele>99.8</ele></rtept><rtept lat="57.530495" lon="12.474873"><ele>100.0</ele></rtept><rtept lat="57.530495" lon="12.474908"><ele>100.4</ele></rtept><rtept lat="57.530495" lon="12.474947"><ele>100.4</ele></rtept><rtept lat="57.530495" lon="12.474983"><ele>100.8</ele></rtept><rtept lat="57.530495" lon="12.47502"><ele>101.2</ele></rtept><rtept lat="57.530502" lon="12.475058"><ele>101.0</ele></rtept><rtept lat="57.530508" lon="12.475093"><ele>101.6</ele></rtept><rtept lat="57.530515" lon="12.475132"><ele>101.8</ele></rtept><rtept lat="57.53052" lon="12.47518"><ele>102.0</ele></rtept><rtept lat="57.530533" lon="12.47524"><ele>102.4</ele></rtept><rtept lat="57.530547" lon="12.475275"><ele>102.4</ele></rtept><rtept lat="57.530565" lon="12.475323"><ele>102.4</ele></rtept><rtept lat="57.530578" lon="12.475357"><ele>102.8</ele></rtept><rtept lat="57.530592" lon="12.47539"><ele>102.8</ele></rtept><rtept lat="57.53061" lon="12.475418"><ele>103.2</ele></rtept><rtept lat="57.530637" lon="12.475465"><ele>103.2</ele></rtept><rtept lat="57.530648" lon="12.475493"><ele>103.6</ele></rtept><rtept lat="57.530668" lon="12.475522"><ele>103.8</ele></rtept><rtept lat="57.53068" lon="12.475553"><ele>103.6</ele></rtept><rtept lat="57.530707" lon="12.475582"><ele>104.2</ele></rtept><rtept lat="57.530725" lon="12.475612"><ele>104.4</ele></rtept><rtept lat="57.530752" lon="12.475638"><ele>104.4</ele></rtept><rtept lat="57.53077" lon="12.475667"><ele>104.8</ele></rtept><rtept lat="57.53079" lon="12.475687"><ele>105.0</ele></rtept><rtept lat="57.530808" lon="12.475707"><ele>105.0</ele></rtept><rtept lat="57.530835" lon="12.47576"><ele>105.4</ele></rtept><rtept lat="57.530853" lon="12.47578"><ele>105.6</ele></rtept><rtept lat="57.530873" lon="12.475822"><ele>105.4</ele></rtept><rtept lat="57.530892" lon="12.475862"><ele>106.0</ele></rtept><rtept lat="57.530905" lon="12.475917"><ele>106.0</ele></rtept><rtept lat="57.530923" lon="12.475983"><ele>106.0</ele></rtept><rtept lat="57.530943" lon="12.476045"><ele>106.4</ele></rtept><rtept lat="57.530962" lon="12.476098"><ele>106.6</ele></rtept><rtept lat="57.530968" lon="12.476138"><ele>106.8</ele></rtept><rtept lat="57.530975" lon="12.476182"><ele>106.8</ele></rtept><rtept lat="57.530988" lon="12.476223"><ele>107.0</ele></rtept><rtept lat="57.531007" lon="12.476263"><ele>106.8</ele></rtept><rtept lat="57.53102" lon="12.476297"><ele>107.0</ele></rtept><rtept lat="57.53104" lon="12.476333"><ele>107.4</ele></rtept><rtept lat="57.531052" lon="12.476363"><ele>107.2</ele></rtept><rtept lat="57.531065" lon="12.476423"><ele>107.6</ele></rtept><rtept lat="57.531072" lon="12.476477"><ele>108.0</ele></rtept><rtept lat="57.531072" lon="12.476512"><ele>108.0</ele></rtept><rtept lat="57.53109" lon="12.476552"><ele>107.6</ele></rtept><rtept lat="57.531103" lon="12.476578"><ele>107.8</ele></rtept><rtept lat="57.531117" lon="12.476612"><ele>108.0</ele></rtept><rtept lat="57.531142" lon="12.476663"><ele>107.8</ele></rtept><rtept lat="57.531167" lon="12.47671"><ele>108.0</ele></rtept><rtept lat="57.531187" lon="12.476755"><ele>107.8</ele></rtept><rtept lat="57.531205" lon="12.4768"><ele>107.8</ele></rtept><rtept lat="57.531225" lon="12.476835"><ele>107.8</ele></rtept><rtept lat="57.531238" lon="12.47686"><ele>107.4</ele></rtept><rtept lat="57.53125" lon="12.476888"><ele>107.6</ele></rtept><rtept lat="57.531263" lon="12.476915"><ele>107.8</ele></rtept><rtept lat="57.531282" lon="12.476982"><ele>107.8</ele></rtept><rtept lat="57.531308" lon="12.477018"><ele>107.4</ele></rtept><rtept lat="57.53132" lon="12.477048"><ele>107.4</ele></rtept><rtept lat="57.531327" lon="12.477083"><ele>107.6</ele></rtept><rtept lat="57.531327" lon="12.47712"><ele>107.6</ele></rtept><rtept lat="57.531347" lon="12.477172"><ele>107.6</ele></rtept><rtept lat="57.531365" lon="12.477218"><ele>107.8</ele></rtept><rtept lat="57.531385" lon="12.477252"><ele>107.8</ele></rtept><rtept lat="57.531403" lon="12.477285"><ele>108.0</ele></rtept><rtept lat="57.531423" lon="12.477325"><ele>107.6</ele></rtept><rtept lat="57.531448" lon="12.477383"><ele>108.0</ele></rtept><rtept lat="57.531487" lon="12.477417"><ele>108.2</ele></rtept><rtept lat="57.531538" lon="12.477465"><ele>108.0</ele></rtept><rtept lat="57.531563" lon="12.477518"><ele>108.2</ele></rtept><rtept lat="57.531608" lon="12.477588"><ele>108.0</ele></rtept><rtept lat="57.531667" lon="12.477668"><ele>108.4</ele></rtept><rtept lat="57.531718" lon="12.477733"><ele>108.6</ele></rtept><rtept lat="57.531768" lon="12.477793"><ele>108.0</ele></rtept><rtept lat="57.53182" lon="12.47784"><ele>108.4</ele></rtept><rtept lat="57.531865" lon="12.4779"><ele>108.4</ele></rtept><rtept lat="57.53189" lon="12.47795"><ele>108.0</ele></rtept><rtept lat="57.531922" lon="12.478025"><ele>108.2</ele></rtept><rtept lat="57.531917" lon="12.47806"><ele>108.0</ele></rtept><rtept lat="57.53191" lon="12.478097"><ele>107.6</ele></rtept><rtept lat="57.531897" lon="12.47814"><ele>107.6</ele></rtept><rtept lat="57.53189" lon="12.478195"><ele>107.2</ele></rtept><rtept lat="57.531883" lon="12.478268"><ele>106.8</ele></rtept><rtept lat="57.531878" lon="12.478313"><ele>106.8</ele></rtept><rtept lat="57.531872" lon="12.478355"><ele>106.8</ele></rtept><rtept lat="57.531872" lon="12.478397"><ele>106.4</ele></rtept><rtept lat="57.531865" lon="12.478437"><ele>106.6</ele></rtept><rtept lat="57.531865" lon="12.478482"><ele>106.4</ele></rtept><rtept lat="57.531858" lon="12.478533"><ele>106.0</ele></rtept><rtept lat="57.531858" lon="12.478582"><ele>106.2</ele></rtept><rtept lat="57.531858" lon="12.478627"><ele>106.0</ele></rtept><rtept lat="57.531865" lon="12.47867"><ele>105.8</ele></rtept><rtept lat="57.531872" lon="12.478705"><ele>106.0</ele></rtept><rtept lat="57.531883" lon="12.478745"><ele>105.6</ele></rtept><rtept lat="57.531897" lon="12.478792"><ele>105.2</ele></rtept><rtept lat="57.531903" lon="12.47883"><ele>105.2</ele></rtept><rtept lat="57.53191" lon="12.478873"><ele>105.2</ele></rtept><rtept lat="57.531922" lon="12.478918"><ele>104.4</ele></rtept><rtept lat="57.531935" lon="12.478955"><ele>104.4</ele></rtept><rtept lat="57.531948" lon="12.478995"><ele>104.6</ele></rtept><rtept lat="57.531967" lon="12.479028"><ele>103.8</ele></rtept><rtept lat="57.531973" lon="12.479068"><ele>103.6</ele></rtept><rtept lat="57.531987" lon="12.479108"><ele>102.8</ele></rtept><rtept lat="57.531998" lon="12.479148"><ele>102.4</ele></rtept><rtept lat="57.532012" lon="12.479193"><ele>102.4</ele></rtept><rtept lat="57.532025" lon="12.479238"><ele>101.8</ele></rtept><rtept lat="57.532043" lon="12.479293"><ele>101.6</ele></rtept><rtept lat="57.53207" lon="12.479345"><ele>101.6</ele></rtept><rtept lat="57.532082" lon="12.479392"><ele>100.6</ele></rtept><rtept lat="57.532102" lon="12.479438"><ele>100.8</ele></rtept><rtept lat="57.53212" lon="12.479485"><ele>100.8</ele></rtept><rtept lat="57.532133" lon="12.479532"><ele>100.2</ele></rtept><rtept lat="57.532153" lon="12.479578"><ele>100.2</ele></rtept><rtept lat="57.532172" lon="12.47962"><ele>99.8</ele></rtept><rtept lat="57.532192" lon="12.479655"><ele>99.6</ele></rtept><rtept lat="57.532217" lon="12.479695"><ele>99.6</ele></rtept><rtept lat="57.532237" lon="12.479735"><ele>99.6</ele></rtept><rtept lat="57.532248" lon="12.479775"><ele>99.0</ele></rtept><rtept lat="57.532262" lon="12.479818"><ele>99.2</ele></rtept><rtept lat="57.532275" lon="12.479867"><ele>98.8</ele></rtept><rtept lat="57.532293" lon="12.479918"><ele>98.8</ele></rtept><rtept lat="57.5323" lon="12.479967"><ele>98.4</ele></rtept><rtept lat="57.53232" lon="12.48002"><ele>98.6</ele></rtept><rtept lat="57.532332" lon="12.480072"><ele>98.6</ele></rtept><rtept lat="57.532345" lon="12.480122"><ele>98.0</ele></rtept><rtept lat="57.532363" lon="12.48017"><ele>98.2</ele></rtept><rtept lat="57.532383" lon="12.48022"><ele>98.0</ele></rtept><rtept lat="57.532397" lon="12.480263"><ele>97.8</ele></rtept><rtept lat="57.532415" lon="12.480303"><ele>97.8</ele></rtept><rtept lat="57.532435" lon="12.48034"><ele>97.4</ele></rtept><rtept lat="57.53246" lon="12.480383"><ele>97.6</ele></rtept><rtept lat="57.53248" lon="12.480422"><ele>97.6</ele></rtept><rtept lat="57.532498" lon="12.480462"><ele>97.4</ele></rtept><rtept lat="57.532518" lon="12.480502"><ele>97.8</ele></rtept><rtept lat="57.53253" lon="12.480537"><ele>97.6</ele></rtept><rtept lat="57.53255" lon="12.480573"><ele>97.4</ele></rtept><rtept lat="57.532568" lon="12.480612"><ele>97.6</ele></rtept><rtept lat="57.532588" lon="12.480648"><ele>97.2</ele></rtept><rtept lat="57.532613" lon="12.480693"><ele>97.4</ele></rtept><rtept lat="57.532627" lon="12.480732"><ele>97.8</ele></rtept><rtept lat="57.532645" lon="12.480772"><ele>97.6</ele></rtept><rtept lat="57.532665" lon="12.48081"><ele>97.8</ele></rtept><rtept lat="57.532683" lon="12.480845"><ele>97.6</ele></rtept><rtept lat="57.53271" lon="12.480883"><ele>97.6</ele></rtept><rtept lat="57.532728" lon="12.480917"><ele>98.0</ele></rtept><rtept lat="57.532748" lon="12.48095"><ele>97.8</ele></rtept><rtept lat="57.532773" lon="12.480983"><ele>98.0</ele></rtept><rtept lat="57.532793" lon="12.481017"><ele>98.0</ele></rtept><rtept lat="57.532818" lon="12.481048"><ele>97.8</ele></rtept><rtept lat="57.532838" lon="12.481078"><ele>98.0</ele></rtept><rtept lat="57.532857" lon="12.481103"><ele>97.8</ele></rtept><rtept lat="57.532888" lon="12.481128"><ele>97.8</ele></rtept><rtept lat="57.532902" lon="12.481155"><ele>97.8</ele></rtept><rtept lat="57.532927" lon="12.481178"><ele>97.4</ele></rtept><rtept lat="57.532953" lon="12.481203"><ele>97.8</ele></rtept><rtept lat="57.532972" lon="12.481223"><ele>97.6</ele></rtept><rtept lat="57.533003" lon="12.481258"><ele>97.4</ele></rtept><rtept lat="57.53303" lon="12.481283"><ele>97.6</ele></rtept><rtept lat="57.533048" lon="12.481307"><ele>97.4</ele></rtept><rtept lat="57.533068" lon="12.481333"><ele>97.6</ele></rtept><rtept lat="57.533087" lon="12.481352"><ele>98.0</ele></rtept><rtept lat="57.53312" lon="12.481385"><ele>97.6</ele></rtept><rtept lat="57.533152" lon="12.481412"><ele>97.8</ele></rtept><rtept lat="57.53317" lon="12.481435"><ele>97.8</ele></rtept><rtept lat="57.53319" lon="12.481462"><ele>97.8</ele></rtept><rtept lat="57.533202" lon="12.481487"><ele>98.0</ele></rtept><rtept lat="57.533215" lon="12.481515"><ele>97.6</ele></rtept><rtept lat="57.533228" lon="12.48154"><ele>98.0</ele></rtept><rtept lat="57.53324" lon="12.481565"><ele>98.0</ele></rtept><rtept lat="57.533253" lon="12.48159"><ele>98.0</ele></rtept><rtept lat="57.533267" lon="12.481617"><ele>98.4</ele></rtept><rtept lat="57.533285" lon="12.48164"><ele>98.2</ele></rtept><rtept lat="57.533305" lon="12.481668"><ele>98.6</ele></rtept><rtept lat="57.533318" lon="12.481697"><ele>99.0</ele></rtept><rtept lat="57.533337" lon="12.481723"><ele>98.8</ele></rtept><rtept lat="57.533357" lon="12.481745"><ele>99.2</ele></rtept><rtept lat="57.533375" lon="12.48176"><ele>99.2</ele></rtept><rtept lat="57.5334" lon="12.48177"><ele>99.4</ele></rtept><rtept lat="57.53342" lon="12.481782"><ele>99.4</ele></rtept><rtept lat="57.533452" lon="12.481803"><ele>99.6</ele></rtept><rtept lat="57.533472" lon="12.481823"><ele>99.6</ele></rtept><rtept lat="57.53349" lon="12.481842"><ele>99.6</ele></rtept><rtept lat="57.53351" lon="12.481862"><ele>99.8</ele></rtept><rtept lat="57.533528" lon="12.48188"><ele>99.6</ele></rtept><rtept lat="57.533548" lon="12.481892"><ele>99.6</ele></rtept><rtept lat="57.53358" lon="12.48192"><ele>99.6</ele></rtept><rtept lat="57.5336" lon="12.481942"><ele>99.8</ele></rtept><rtept lat="57.533618" lon="12.481973"><ele>99.6</ele></rtept><rtept lat="57.533643" lon="12.482008"><ele>99.4</ele></rtept><rtept lat="57.533663" lon="12.482052"><ele>99.4</ele></rtept><rtept lat="57.533682" lon="12.482092"><ele>99.2</ele></rtept><rtept lat="57.533708" lon="12.482138"><ele>99.4</ele></rtept><rtept lat="57.533715" lon="12.48218"><ele>99.6</ele></rtept><rtept lat="57.533733" lon="12.482227"><ele>99.2</ele></rtept><rtept lat="57.533747" lon="12.48227"><ele>99.4</ele></rtept><rtept lat="57.533765" lon="12.482317"><ele>99.8</ele></rtept><rtept lat="57.533785" lon="12.48236"><ele>99.4</ele></rtept><rtept lat="57.53381" lon="12.48241"><ele>99.6</ele></rtept><rtept lat="57.53383" lon="12.482455"><ele>99.0</ele></rtept><rtept lat="57.533848" lon="12.482498"><ele>99.0</ele></rtept><rtept lat="57.533868" lon="12.482538"><ele>99.0</ele></rtept><rtept lat="57.533887" lon="12.4826"><ele>98.2</ele></rtept><rtept lat="57.533907" lon="12.482633"><ele>98.2</ele></rtept><rtept lat="57.533932" lon="12.482697"><ele>97.4</ele></rtept><rtept lat="57.533952" lon="12.48274"><ele>97.2</ele></rtept><rtept lat="57.53397" lon="12.482785"><ele>96.4</ele></rtept><rtept lat="57.53399" lon="12.482832"><ele>96.6</ele></rtept><rtept lat="57.534008" lon="12.48288"><ele>96.6</ele></rtept><rtept lat="57.534028" lon="12.482925"><ele>95.8</ele></rtept><rtept lat="57.53406" lon="12.482965"><ele>96.0</ele></rtept><rtept lat="57.534092" lon="12.483017"><ele>96.0</ele></rtept><rtept lat="57.534137" lon="12.483068"><ele>95.6</ele></rtept><rtept lat="57.534182" lon="12.483123"><ele>95.6</ele></rtept><rtept lat="57.534227" lon="12.483182"><ele>95.6</ele></rtept><rtept lat="57.534265" lon="12.483228"><ele>95.0</ele></rtept><rtept lat="57.534322" lon="12.483273"><ele>95.0</ele></rtept><rtept lat="57.534367" lon="12.483308"><ele>95.0</ele></rtept><rtept lat="57.534412" lon="12.483347"><ele>94.2</ele></rtept><rtept lat="57.53445" lon="12.483373"><ele>94.2</ele></rtept><rtept lat="57.534477" lon="12.483383"><ele>94.0</ele></rtept><rtept lat="57.534502" lon="12.483373"><ele>93.0</ele></rtept><rtept lat="57.534527" lon="12.483363"><ele>92.8</ele></rtept><rtept lat="57.534553" lon="12.483392"><ele>91.8</ele></rtept><rtept lat="57.534578" lon="12.483412"><ele>91.4</ele></rtept><rtept lat="57.534598" lon="12.483428"><ele>90.8</ele></rtept><rtept lat="57.534617" lon="12.483443"><ele>90.4</ele></rtept><rtept lat="57.534642" lon="12.483467"><ele>90.4</ele></rtept><rtept lat="57.534662" lon="12.483485"><ele>89.0</ele></rtept><rtept lat="57.5347" lon="12.483498"><ele>88.8</ele></rtept><rtept lat="57.534732" lon="12.483513"><ele>88.6</ele></rtept><rtept lat="57.534763" lon="12.48354"><ele>87.8</ele></rtept><rtept lat="57.534802" lon="12.48356"><ele>87.6</ele></rtept><rtept lat="57.534835" lon="12.48358"><ele>86.8</ele></rtept><rtept lat="57.534867" lon="12.483615"><ele>86.4</ele></rtept><rtept lat="57.534892" lon="12.48365"><ele>86.4</ele></rtept><rtept lat="57.534918" lon="12.483677"><ele>85.8</ele></rtept><rtept lat="57.534937" lon="12.4837"><ele>85.4</ele></rtept><rtept lat="57.534957" lon="12.483728"><ele>85.2</ele></rtept><rtept lat="57.534988" lon="12.483753"><ele>84.4</ele></rtept><rtept lat="57.53502" lon="12.48378"><ele>84.6</ele></rtept><rtept lat="57.535052" lon="12.483797"><ele>84.2</ele></rtept><rtept lat="57.535083" lon="12.48381"><ele>83.8</ele></rtept><rtept lat="57.535117" lon="12.48382"><ele>83.6</ele></rtept><rtept lat="57.535135" lon="12.483833"><ele>83.0</ele></rtept><rtept lat="57.53516" lon="12.48384"><ele>82.6</ele></rtept><rtept lat="57.535193" lon="12.48383"><ele>82.6</ele></rtept><rtept lat="57.535225" lon="12.483823"><ele>81.8</ele></rtept><rtept lat="57.535257" lon="12.483813"><ele>82.0</ele></rtept><rtept lat="57.535295" lon="12.48381"><ele>81.8</ele></rtept><rtept lat="57.535333" lon="12.483813"><ele>81.4</ele></rtept><rtept lat="57.53536" lon="12.483823"><ele>81.4</ele></rtept><rtept lat="57.535398" lon="12.48383"><ele>80.6</ele></rtept><rtept lat="57.535437" lon="12.483848"><ele>80.4</ele></rtept><rtept lat="57.535475" lon="12.483863"><ele>80.4</ele></rtept><rtept lat="57.5355" lon="12.483878"><ele>79.6</ele></rtept><rtept lat="57.535538" lon="12.483895"><ele>79.4</ele></rtept><rtept lat="57.535577" lon="12.483913"><ele>79.6</ele></rtept><rtept lat="57.535608" lon="12.483933"><ele>78.8</ele></rtept><rtept lat="57.535647" lon="12.48395"><ele>78.6</ele></rtept><rtept lat="57.53568" lon="12.483968"><ele>77.8</ele></rtept><rtept lat="57.535718" lon="12.483993"><ele>77.4</ele></rtept><rtept lat="57.53575" lon="12.484018"><ele>77.2</ele></rtept><rtept lat="57.535788" lon="12.484038"><ele>76.2</ele></rtept><rtept lat="57.53582" lon="12.484063"><ele>76.0</ele></rtept><rtept lat="57.535852" lon="12.484093"><ele>76.2</ele></rtept><rtept lat="57.535878" lon="12.484123"><ele>75.4</ele></rtept><rtept lat="57.53591" lon="12.484147"><ele>75.4</ele></rtept><rtept lat="57.535935" lon="12.484172"><ele>74.8</ele></rtept><rtept lat="57.535967" lon="12.484193"><ele>74.6</ele></rtept><rtept lat="57.535993" lon="12.484218"><ele>74.4</ele></rtept><rtept lat="57.536018" lon="12.484242"><ele>73.8</ele></rtept><rtept lat="57.536057" lon="12.484272"><ele>73.8</ele></rtept><rtept lat="57.536088" lon="12.484295"><ele>74.0</ele></rtept><rtept lat="57.536115" lon="12.484322"><ele>73.0</ele></rtept><rtept lat="57.536133" lon="12.48436"><ele>73.2</ele></rtept><rtept lat="57.536165" lon="12.48439"><ele>73.0</ele></rtept><rtept lat="57.536192" lon="12.484428"><ele>72.2</ele></rtept><rtept lat="57.536217" lon="12.484465"><ele>72.2</ele></rtept><rtept lat="57.536237" lon="12.484503"><ele>71.6</ele></rtept><rtept lat="57.536255" lon="12.484548"><ele>71.2</ele></rtept><rtept lat="57.536275" lon="12.484595"><ele>71.0</ele></rtept><rtept lat="57.536293" lon="12.484642"><ele>70.2</ele></rtept><rtept lat="57.536307" lon="12.484688"><ele>69.8</ele></rtept><rtept lat="57.536325" lon="12.484737"><ele>69.8</ele></rtept><rtept lat="57.536338" lon="12.484783"><ele>68.8</ele></rtept><rtept lat="57.536352" lon="12.484857"><ele>69.0</ele></rtept><rtept lat="57.53637" lon="12.484912"><ele>68.8</ele></rtept><rtept lat="57.53639" lon="12.484972"><ele>68.0</ele></rtept><rtept lat="57.536408" lon="12.485025"><ele>68.2</ele></rtept><rtept lat="57.536428" lon="12.485075"><ele>67.6</ele></rtept><rtept lat="57.536447" lon="12.485123"><ele>67.2</ele></rtept><rtept lat="57.536473" lon="12.485173"><ele>67.2</ele></rtept><rtept lat="57.536492" lon="12.485223"><ele>66.4</ele></rtept><rtept lat="57.536518" lon="12.485275"><ele>66.0</ele></rtept><rtept lat="57.536537" lon="12.48533"><ele>66.0</ele></rtept><rtept lat="57.536557" lon="12.485392"><ele>65.4</ele></rtept><rtept lat="57.536568" lon="12.485452"><ele>65.4</ele></rtept><rtept lat="57.536568" lon="12.485507"><ele>65.4</ele></rtept><rtept lat="57.536575" lon="12.485572"><ele>64.6</ele></rtept><rtept lat="57.536595" lon="12.485625"><ele>64.6</ele></rtept><rtept lat="57.536607" lon="12.485677"><ele>64.0</ele></rtept><rtept lat="57.536627" lon="12.485735"><ele>63.8</ele></rtept><rtept lat="57.53664" lon="12.485783"><ele>63.6</ele></rtept><rtept lat="57.536645" lon="12.485837"><ele>62.8</ele></rtept><rtept lat="57.536658" lon="12.485888"><ele>63.0</ele></rtept><rtept lat="57.536678" lon="12.485933"><ele>62.6</ele></rtept><rtept lat="57.536697" lon="12.485982"><ele>62.6</ele></rtept><rtept lat="57.536717" lon="12.486025"><ele>62.4</ele></rtept><rtept lat="57.536735" lon="12.486062"><ele>61.8</ele></rtept><rtept lat="57.53676" lon="12.486095"><ele>61.8</ele></rtept><rtept lat="57.53678" lon="12.486127"><ele>61.8</ele></rtept><rtept lat="57.536805" lon="12.48616"><ele>61.2</ele></rtept><rtept lat="57.536825" lon="12.486188"><ele>61.4</ele></rtept><rtept lat="57.53685" lon="12.486218"><ele>60.8</ele></rtept><rtept lat="57.53687" lon="12.48624"><ele>60.8</ele></rtept><rtept lat="57.536888" lon="12.48626"><ele>60.8</ele></rtept><rtept lat="57.536915" lon="12.486267"><ele>59.8</ele></rtept><rtept lat="57.536933" lon="12.486277"><ele>60.0</ele></rtept><rtept lat="57.536953" lon="12.48628"><ele>59.8</ele></rtept><rtept lat="57.536985" lon="12.486273"><ele>59.2</ele></rtept><rtept lat="57.537023" lon="12.486267"><ele>59.2</ele></rtept><rtept lat="57.537048" lon="12.486257"><ele>58.6</ele></rtept><rtept lat="57.53708" lon="12.486247"><ele>58.8</ele></rtept><rtept lat="57.537113" lon="12.486243"><ele>58.8</ele></rtept><rtept lat="57.537145" lon="12.48624"><ele>58.2</ele></rtept><rtept lat="57.53717" lon="12.486238"><ele>58.6</ele></rtept><rtept lat="57.537202" lon="12.48624"><ele>58.2</ele></rtept><rtept lat="57.537222" lon="12.486242"><ele>58.2</ele></rtept><rtept lat="57.537247" lon="12.48624"><ele>58.2</ele></rtept><rtept lat="57.537273" lon="12.486242"><ele>57.8</ele></rtept><rtept lat="57.537298" lon="12.486237"><ele>58.2</ele></rtept><rtept lat="57.537323" lon="12.486233"><ele>58.2</ele></rtept><rtept lat="57.53735" lon="12.486227"><ele>58.2</ele></rtept><rtept lat="57.537368" lon="12.48622"><ele>58.4</ele></rtept><rtept lat="57.5374" lon="12.486217"><ele>58.4</ele></rtept><rtept lat="57.53742" lon="12.486213"><ele>58.4</ele></rtept><rtept lat="57.537445" lon="12.486202"><ele>58.8</ele></rtept><rtept lat="57.537465" lon="12.486188"><ele>58.4</ele></rtept><rtept lat="57.537497" lon="12.486178"><ele>59.0</ele></rtept><rtept lat="57.537517" lon="12.486167"><ele>59.0</ele></rtept><rtept lat="57.537535" lon="12.486147"><ele>59.0</ele></rtept><rtept lat="57.537548" lon="12.486122"><ele>59.2</ele></rtept><rtept lat="57.537567" lon="12.4861"><ele>59.0</ele></rtept><rtept lat="57.537593" lon="12.486078"><ele>59.2</ele></rtept><rtept lat="57.537618" lon="12.48606"><ele>59.4</ele></rtept><rtept lat="57.537643" lon="12.486042"><ele>59.4</ele></rtept><rtept lat="57.537663" lon="12.486028"><ele>59.6</ele></rtept><rtept lat="57.537695" lon="12.486"><ele>59.6</ele></rtept><rtept lat="57.53772" lon="12.48597"><ele>59.6</ele></rtept><rtept lat="57.53774" lon="12.485945"><ele>59.8</ele></rtept><rtept lat="57.537765" lon="12.48592"><ele>59.6</ele></rtept><rtept lat="57.537798" lon="12.485888"><ele>59.6</ele></rtept><rtept lat="57.537823" lon="12.485857"><ele>59.8</ele></rtept><rtept lat="57.537848" lon="12.485823"><ele>59.4</ele></rtept><rtept lat="57.53788" lon="12.485797"><ele>59.6</ele></rtept><rtept lat="57.5379" lon="12.485772"><ele>59.4</ele></rtept><rtept lat="57.537907" lon="12.48574"><ele>59.6</ele></rtept><rtept lat="57.537932" lon="12.485738"><ele>58.8</ele></rtept><rtept lat="57.537958" lon="12.485717"><ele>58.8</ele></rtept><rtept lat="57.537983" lon="12.485705"><ele>59.0</ele></rtept><rtept lat="57.538015" lon="12.4857"><ele>59.2</ele></rtept><rtept lat="57.53804" lon="12.485685"><ele>59.2</ele></rtept><rtept lat="57.538067" lon="12.485678"><ele>59.4</ele></rtept><rtept lat="57.538098" lon="12.48567"><ele>59.6</ele></rtept><rtept lat="57.538123" lon="12.48566"><ele>59.6</ele></rtept><rtept lat="57.538157" lon="12.485652"><ele>59.8</ele></rtept><rtept lat="57.538182" lon="12.485645"><ele>59.8</ele></rtept><rtept lat="57.5382" lon="12.485635"><ele>59.6</ele></rtept><rtept lat="57.53822" lon="12.485618"><ele>59.8</ele></rtept><rtept lat="57.538245" lon="12.4856"><ele>59.6</ele></rtept><rtept lat="57.538272" lon="12.485585"><ele>59.4</ele></rtept><rtept lat="57.53829" lon="12.485568"><ele>59.6</ele></rtept><rtept lat="57.538317" lon="12.485557"><ele>59.4</ele></rtept><rtept lat="57.538335" lon="12.485542"><ele>59.8</ele></rtept><rtept lat="57.53836" lon="12.485528"><ele>59.8</ele></rtept><rtept lat="57.53838" lon="12.485517"><ele>59.8</ele></rtept><rtept lat="57.5384" lon="12.485502"><ele>60.0</ele></rtept><rtept lat="57.538418" lon="12.485487"><ele>59.8</ele></rtept><rtept lat="57.538438" lon="12.485473"><ele>60.2</ele></rtept><rtept lat="57.53847" lon="12.485442"><ele>60.4</ele></rtept><rtept lat="57.538502" lon="12.485408"><ele>60.2</ele></rtept><rtept lat="57.538527" lon="12.485392"><ele>60.6</ele></rtept><rtept lat="57.538553" lon="12.485367"><ele>60.4</ele></rtept><rtept lat="57.538585" lon="12.485353"><ele>60.4</ele></rtept><rtept lat="57.538617" lon="12.485335"><ele>60.6</ele></rtept><rtept lat="57.538637" lon="12.48532"><ele>60.2</ele></rtept><rtept lat="57.538662" lon="12.485298"><ele>60.4</ele></rtept><rtept lat="57.538687" lon="12.485278"><ele>60.6</ele></rtept><rtept lat="57.538713" lon="12.48526"><ele>60.8</ele></rtept><rtept lat="57.538738" lon="12.485242"><ele>60.6</ele></rtept><rtept lat="57.53877" lon="12.48523"><ele>60.4</ele></rtept><rtept lat="57.538797" lon="12.485218"><ele>60.2</ele></rtept><rtept lat="57.538822" lon="12.4852"><ele>60.2</ele></rtept><rtept lat="57.538847" lon="12.485177"><ele>60.2</ele></rtept><rtept lat="57.538867" lon="12.48516"><ele>60.2</ele></rtept><rtept lat="57.538892" lon="12.485128"><ele>60.0</ele></rtept><rtept lat="57.538912" lon="12.485097"><ele>60.2</ele></rtept><rtept lat="57.53893" lon="12.485072"><ele>60.0</ele></rtept><rtept lat="57.538957" lon="12.485055"><ele>60.0</ele></rtept><rtept lat="57.538988" lon="12.48504"><ele>60.0</ele></rtept><rtept lat="57.539013" lon="12.485025"><ele>59.8</ele></rtept><rtept lat="57.539033" lon="12.485015"><ele>60.0</ele></rtept><rtept lat="57.539058" lon="12.484997"><ele>60.0</ele></rtept><rtept lat="57.539083" lon="12.48498"><ele>60.0</ele></rtept><rtept lat="57.53911" lon="12.48497"><ele>60.2</ele></rtept><rtept lat="57.539142" lon="12.484962"><ele>59.8</ele></rtept><rtept lat="57.539167" lon="12.484955"><ele>60.0</ele></rtept><rtept lat="57.539193" lon="12.484942"><ele>60.0</ele></rtept><rtept lat="57.539218" lon="12.48493"><ele>60.2</ele></rtept><rtept lat="57.53925" lon="12.484907"><ele>60.4</ele></rtept><rtept lat="57.53927" lon="12.484882"><ele>60.2</ele></rtept><rtept lat="57.539295" lon="12.484853"><ele>60.6</ele></rtept><rtept lat="57.53932" lon="12.484832"><ele>60.4</ele></rtept><rtept lat="57.539347" lon="12.484812"><ele>60.4</ele></rtept><rtept lat="57.539372" lon="12.484792"><ele>60.6</ele></rtept><rtept lat="57.539403" lon="12.484767"><ele>60.4</ele></rtept><rtept lat="57.53943" lon="12.484743"><ele>61.0</ele></rtept><rtept lat="57.539455" lon="12.484732"><ele>61.0</ele></rtept><rtept lat="57.539475" lon="12.484715"><ele>61.0</ele></rtept><rtept lat="57.539493" lon="12.484698"><ele>61.2</ele></rtept><rtept lat="57.53952" lon="12.48468"><ele>61.2</ele></rtept><rtept lat="57.539545" lon="12.48466"><ele>61.8</ele></rtept><rtept lat="57.539563" lon="12.48464"><ele>62.2</ele></rtept><rtept lat="57.539583" lon="12.48462"><ele>62.4</ele></rtept><rtept lat="57.539608" lon="12.484595"><ele>62.8</ele></rtept><rtept lat="57.539635" lon="12.484575"><ele>62.6</ele></rtept><rtept lat="57.539667" lon="12.484558"><ele>62.6</ele></rtept><rtept lat="57.539705" lon="12.484528"><ele>62.4</ele></rtept><rtept lat="57.53973" lon="12.484513"><ele>62.4</ele></rtept><rtept lat="57.539757" lon="12.484498"><ele>62.2</ele></rtept><rtept lat="57.539788" lon="12.484483"><ele>62.0</ele></rtept><rtept lat="57.539827" lon="12.48447"><ele>61.8</ele></rtept><rtept lat="57.539852" lon="12.484463"><ele>61.8</ele></rtept><rtept lat="57.539883" lon="12.48446"><ele>61.2</ele></rtept><rtept lat="57.539922" lon="12.484453"><ele>61.2</ele></rtept><rtept lat="57.539948" lon="12.484455"><ele>61.0</ele></rtept><rtept lat="57.53998" lon="12.48446"><ele>60.6</ele></rtept><rtept lat="57.540012" lon="12.48446"><ele>60.8</ele></rtept><rtept lat="57.540038" lon="12.484457"><ele>60.8</ele></rtept><rtept lat="57.54007" lon="12.48446"><ele>60.6</ele></rtept><rtept lat="57.540095" lon="12.484465"><ele>60.6</ele></rtept><rtept lat="57.54012" lon="12.484477"><ele>60.4</ele></rtept><rtept lat="57.540153" lon="12.484488"><ele>60.6</ele></rtept><rtept lat="57.540185" lon="12.48449"><ele>60.6</ele></rtept><rtept lat="57.540217" lon="12.484493"><ele>60.2</ele></rtept><rtept lat="57.540242" lon="12.484497"><ele>60.4</ele></rtept><rtept lat="57.540268" lon="12.484497"><ele>60.2</ele></rtept><rtept lat="57.540293" lon="12.484497"><ele>60.0</ele></rtept><rtept lat="57.54032" lon="12.4845"><ele>60.4</ele></rtept><rtept lat="57.540338" lon="12.484508"><ele>60.2</ele></rtept><rtept lat="57.540363" lon="12.484523"><ele>60.8</ele></rtept><rtept lat="57.540402" lon="12.484533"><ele>60.8</ele></rtept><rtept lat="57.540428" lon="12.48454"><ele>60.8</ele></rtept><rtept lat="57.540453" lon="12.484548"><ele>61.2</ele></rtept><rtept lat="57.540485" lon="12.48455"><ele>61.0</ele></rtept><rtept lat="57.540518" lon="12.48455"><ele>61.0</ele></rtept><rtept lat="57.540543" lon="12.484555"><ele>61.2</ele></rtept><rtept lat="57.540562" lon="12.48456"><ele>60.8</ele></rtept><rtept lat="57.5406" lon="12.484565"><ele>60.8</ele></rtept><rtept lat="57.540633" lon="12.484568"><ele>61.0</ele></rtept><rtept lat="57.540658" lon="12.48457"><ele>60.6</ele></rtept><rtept lat="57.540683" lon="12.484573"><ele>61.0</ele></rtept><rtept lat="57.540717" lon="12.484573"><ele>61.0</ele></rtept><rtept lat="57.540742" lon="12.484573"><ele>61.0</ele></rtept><rtept lat="57.540767" lon="12.484573"><ele>61.0</ele></rtept><rtept lat="57.540793" lon="12.484568"><ele>60.8</ele></rtept><rtept lat="57.540812" lon="12.484555"><ele>60.6</ele></rtept><rtept lat="57.540838" lon="12.484542"><ele>60.8</ele></rtept><rtept lat="57.540863" lon="12.484525"><ele>60.4</ele></rtept><rtept lat="57.540888" lon="12.484503"><ele>60.2</ele></rtept><rtept lat="57.540915" lon="12.484483"><ele>60.0</ele></rtept><rtept lat="57.54094" lon="12.484463"><ele>59.4</ele></rtept><rtept lat="57.540972" lon="12.484443"><ele>59.4</ele></rtept><rtept lat="57.540998" lon="12.484428"><ele>59.4</ele></rtept><rtept lat="57.541023" lon="12.48442"><ele>59.0</ele></rtept><rtept lat="57.541048" lon="12.48442"><ele>59.2</ele></rtept><rtept lat="57.541075" lon="12.48444"><ele>58.8</ele></rtept><rtept lat="57.5411" lon="12.484477"><ele>58.8</ele></rtept><rtept lat="57.541113" lon="12.484525"><ele>59.0</ele></rtept><rtept lat="57.541125" lon="12.484582"><ele>58.6</ele></rtept><rtept lat="57.541132" lon="12.48464"><ele>58.8</ele></rtept><rtept lat="57.541138" lon="12.484695"><ele>58.6</ele></rtept><rtept lat="57.541152" lon="12.484753"><ele>58.6</ele></rtept><rtept lat="57.541158" lon="12.484808"><ele>58.6</ele></rtept><rtept lat="57.541177" lon="12.484862"><ele>58.2</ele></rtept><rtept lat="57.541197" lon="12.484907"><ele>58.6</ele></rtept><rtept lat="57.541215" lon="12.484925"><ele>58.4</ele></rtept><rtept lat="57.54124" lon="12.484927"><ele>58.4</ele></rtept><rtept lat="57.541267" lon="12.484917"><ele>58.8</ele></rtept><rtept lat="57.541292" lon="12.484905"><ele>58.4</ele></rtept><rtept lat="57.541318" lon="12.484898"><ele>58.8</ele></rtept><rtept lat="57.541343" lon="12.484888"><ele>58.8</ele></rtept><rtept lat="57.541375" lon="12.484878"><ele>58.8</ele></rtept><rtept lat="57.5414" lon="12.484863"><ele>59.2</ele></rtept><rtept lat="57.541433" lon="12.48486"><ele>58.8</ele></rtept><rtept lat="57.541458" lon="12.484852"><ele>59.2</ele></rtept><rtept lat="57.54149" lon="12.484837"><ele>59.4</ele></rtept><rtept lat="57.541517" lon="12.484817"><ele>59.0</ele></rtept><rtept lat="57.541555" lon="12.4848"><ele>59.0</ele></rtept><rtept lat="57.54158" lon="12.484793"><ele>58.6</ele></rtept><rtept lat="57.541605" lon="12.48478"><ele>58.4</ele></rtept><rtept lat="57.541632" lon="12.484762"><ele>58.6</ele></rtept><rtept lat="57.541663" lon="12.484747"><ele>58.2</ele></rtept><rtept lat="57.541688" lon="12.484733"><ele>58.4</ele></rtept><rtept lat="57.541715" lon="12.484722"><ele>58.8</ele></rtept><rtept lat="57.541747" lon="12.484713"><ele>58.4</ele></rtept><rtept lat="57.541772" lon="12.484707"><ele>58.6</ele></rtept><rtept lat="57.541798" lon="12.484693"><ele>58.4</ele></rtept><rtept lat="57.54183" lon="12.484683"><ele>58.4</ele></rtept><rtept lat="57.541855" lon="12.484675"><ele>58.6</ele></rtept><rtept lat="57.54188" lon="12.484668"><ele>58.6</ele></rtept><rtept lat="57.541907" lon="12.484655"><ele>58.8</ele></rtept><rtept lat="57.541932" lon="12.484642"><ele>58.4</ele></rtept><rtept lat="57.541952" lon="12.484635"><ele>58.2</ele></rtept><rtept lat="57.54197" lon="12.484628"><ele>58.4</ele></rtept><rtept lat="57.54199" lon="12.484622"><ele>58.2</ele></rtept><rtept lat="57.542015" lon="12.484615"><ele>58.2</ele></rtept><rtept lat="57.542035" lon="12.484602"><ele>58.6</ele></rtept><rtept lat="57.542053" lon="12.484595"><ele>58.0</ele></rtept><rtept lat="57.542092" lon="12.484578"><ele>58.4</ele></rtept><rtept lat="57.542112" lon="12.484568"><ele>58.2</ele></rtept><rtept lat="57.54215" lon="12.48455"><ele>58.6</ele></rtept><rtept lat="57.542168" lon="12.484543"><ele>58.4</ele></rtept><rtept lat="57.542195" lon="12.484535"><ele>58.6</ele></rtept><rtept lat="57.542213" lon="12.48452"><ele>58.8</ele></rtept><rtept lat="57.54224" lon="12.484508"><ele>58.6</ele></rtept><rtept lat="57.542265" lon="12.484497"><ele>59.0</ele></rtept><rtept lat="57.54229" lon="12.48449"><ele>59.2</ele></rtept><rtept lat="57.542322" lon="12.48448"><ele>59.0</ele></rtept><rtept lat="57.542348" lon="12.48447"><ele>59.2</ele></rtept><rtept lat="57.542373" lon="12.48446"><ele>59.2</ele></rtept><rtept lat="57.542405" lon="12.484445"><ele>59.2</ele></rtept><rtept lat="57.542432" lon="12.484435"><ele>59.4</ele></rtept><rtept lat="57.542463" lon="12.48442"><ele>59.0</ele></rtept><rtept lat="57.542488" lon="12.484405"><ele>59.4</ele></rtept><rtept lat="57.542508" lon="12.48439"><ele>59.6</ele></rtept><rtept lat="57.54254" lon="12.48438"><ele>59.6</ele></rtept><rtept lat="57.54256" lon="12.484367"><ele>59.8</ele></rtept><rtept lat="57.542585" lon="12.484352"><ele>59.6</ele></rtept><rtept lat="57.54261" lon="12.484337"><ele>59.6</ele></rtept><rtept lat="57.542637" lon="12.484322"><ele>59.8</ele></rtept><rtept lat="57.542662" lon="12.484305"><ele>59.4</ele></rtept><rtept lat="57.542687" lon="12.484292"><ele>59.8</ele></rtept><rtept lat="57.542707" lon="12.484278"><ele>60.0</ele></rtept><rtept lat="57.542732" lon="12.48426"><ele>59.8</ele></rtept><rtept lat="57.542752" lon="12.48424"><ele>60.0</ele></rtept><rtept lat="57.542777" lon="12.484222"><ele>59.6</ele></rtept><rtept lat="57.542802" lon="12.484198"><ele>59.6</ele></rtept><rtept lat="57.542828" lon="12.484173"><ele>59.8</ele></rtept><rtept lat="57.54286" lon="12.484137"><ele>59.6</ele></rtept><rtept lat="57.542885" lon="12.484107"><ele>60.0</ele></rtept><rtept lat="57.542912" lon="12.48408"><ele>60.2</ele></rtept><rtept lat="57.542943" lon="12.48406"><ele>59.8</ele></rtept><rtept lat="57.542968" lon="12.48404"><ele>60.2</ele></rtept><rtept lat="57.542995" lon="12.484013"><ele>60.2</ele></rtept><rtept lat="57.543027" lon="12.483995"><ele>60.0</ele></rtept><rtept lat="57.543052" lon="12.483975"><ele>60.2</ele></rtept><rtept lat="57.543078" lon="12.483955"><ele>60.0</ele></rtept><rtept lat="57.54311" lon="12.48394"><ele>60.2</ele></rtept><rtept lat="57.543135" lon="12.483928"><ele>60.4</ele></rtept><rtept lat="57.543167" lon="12.483908"><ele>60.2</ele></rtept><rtept lat="57.5432" lon="12.48389"><ele>60.6</ele></rtept><rtept lat="57.543232" lon="12.483878"><ele>60.4</ele></rtept><rtept lat="57.543263" lon="12.48386"><ele>60.4</ele></rtept><rtept lat="57.543282" lon="12.48385"><ele>60.6</ele></rtept><rtept lat="57.543315" lon="12.48384"><ele>60.6</ele></rtept><rtept lat="57.543333" lon="12.48383"><ele>60.6</ele></rtept><rtept lat="57.54336" lon="12.48382"><ele>60.6</ele></rtept><rtept lat="57.543385" lon="12.483805"><ele>60.2</ele></rtept><rtept lat="57.543417" lon="12.483795"><ele>60.4</ele></rtept><rtept lat="57.543437" lon="12.48378"><ele>60.4</ele></rtept><rtept lat="57.543462" lon="12.483765"><ele>60.4</ele></rtept><rtept lat="57.543493" lon="12.48375"><ele>60.4</ele></rtept><rtept lat="57.54352" lon="12.483737"><ele>60.2</ele></rtept><rtept lat="57.543545" lon="12.483717"><ele>60.4</ele></rtept><rtept lat="57.543577" lon="12.4837"><ele>60.4</ele></rtept><rtept lat="57.543602" lon="12.483683"><ele>60.0</ele></rtept><rtept lat="57.543635" lon="12.48367"><ele>60.2</ele></rtept><rtept lat="57.54366" lon="12.483658"><ele>60.2</ele></rtept><rtept lat="57.543685" lon="12.483642"><ele>60.0</ele></rtept><rtept lat="57.543712" lon="12.483625"><ele>60.2</ele></rtept><rtept lat="57.543743" lon="12.483612"><ele>60.0</ele></rtept><rtept lat="57.543768" lon="12.483595"><ele>60.2</ele></rtept><rtept lat="57.543795" lon="12.483577"><ele>60.4</ele></rtept><rtept lat="57.54382" lon="12.483552"><ele>60.2</ele></rtept><rtept lat="57.543852" lon="12.483525"><ele>60.6</ele></rtept><rtept lat="57.543878" lon="12.483498"><ele>60.6</ele></rtept><rtept lat="57.543897" lon="12.483473"><ele>60.8</ele></rtept><rtept lat="57.543922" lon="12.48344"><ele>61.0</ele></rtept><rtept lat="57.543942" lon="12.483413"><ele>60.6</ele></rtept><rtept lat="57.54396" lon="12.483378"><ele>60.8</ele></rtept><rtept lat="57.54398" lon="12.483342"><ele>61.0</ele></rtept><rtept lat="57.544" lon="12.483308"><ele>60.6</ele></rtept><rtept lat="57.544025" lon="12.483282"><ele>60.6</ele></rtept><rtept lat="57.54405" lon="12.483255"><ele>60.6</ele></rtept><rtept lat="57.54407" lon="12.483222"><ele>60.4</ele></rtept><rtept lat="57.544088" lon="12.48318"><ele>60.4</ele></rtept><rtept lat="57.544102" lon="12.483142"><ele>60.2</ele></rtept><rtept lat="57.54412" lon="12.483103"><ele>60.0</ele></rtept><rtept lat="57.54414" lon="12.48306"><ele>60.2</ele></rtept><rtept lat="57.544153" lon="12.483023"><ele>59.8</ele></rtept><rtept lat="57.544172" lon="12.48298"><ele>59.6</ele></rtept><rtept lat="57.544192" lon="12.482937"><ele>59.6</ele></rtept><rtept lat="57.54421" lon="12.482898"><ele>59.2</ele></rtept><rtept lat="57.54423" lon="12.482855"><ele>59.2</ele></rtept><rtept lat="57.544248" lon="12.482812"><ele>59.2</ele></rtept><rtept lat="57.544268" lon="12.482768"><ele>58.6</ele></rtept><rtept lat="57.544287" lon="12.482728"><ele>58.6</ele></rtept><rtept lat="57.5443" lon="12.482692"><ele>58.4</ele></rtept><rtept lat="57.54432" lon="12.482653"><ele>57.8</ele></rtept><rtept lat="57.544338" lon="12.482622"><ele>57.8</ele></rtept><rtept lat="57.544358" lon="12.482588"><ele>57.4</ele></rtept><rtept lat="57.544377" lon="12.482553"><ele>57.2</ele></rtept><rtept lat="57.544397" lon="12.482508"><ele>57.2</ele></rtept><rtept lat="57.544408" lon="12.482458"><ele>56.6</ele></rtept><rtept lat="57.544428" lon="12.48241"><ele>56.6</ele></rtept><rtept lat="57.54444" lon="12.482363"><ele>56.4</ele></rtept><rtept lat="57.544453" lon="12.482317"><ele>55.8</ele></rtept><rtept lat="57.544473" lon="12.48228"><ele>55.8</ele></rtept><rtept lat="57.544485" lon="12.482242"><ele>55.8</ele></rtept><rtept lat="57.544505" lon="12.482198"><ele>55.4</ele></rtept><rtept lat="57.544518" lon="12.482152"><ele>55.4</ele></rtept><rtept lat="57.544537" lon="12.482113"><ele>55.2</ele></rtept><rtept lat="57.54455" lon="12.482077"><ele>55.0</ele></rtept><rtept lat="57.544568" lon="12.482047"><ele>55.0</ele></rtept><rtept lat="57.544588" lon="12.482022"><ele>54.6</ele></rtept><rtept lat="57.5446" lon="12.481993"><ele>54.6</ele></rtept><rtept lat="57.54462" lon="12.481967"><ele>54.4</ele></rtept><rtept lat="57.54464" lon="12.481937"><ele>53.8</ele></rtept><rtept lat="57.544652" lon="12.481902"><ele>53.8</ele></rtept><rtept lat="57.544672" lon="12.481867"><ele>54.0</ele></rtept><rtept lat="57.544683" lon="12.481828"><ele>53.4</ele></rtept><rtept lat="57.544697" lon="12.481783"><ele>53.4</ele></rtept><rtept lat="57.544717" lon="12.481742"><ele>53.0</ele></rtept><rtept lat="57.544735" lon="12.481703"><ele>53.0</ele></rtept><rtept lat="57.544755" lon="12.481677"><ele>53.0</ele></rtept><rtept lat="57.54478" lon="12.481648"><ele>52.6</ele></rtept><rtept lat="57.5448" lon="12.48162"><ele>52.6</ele></rtept><rtept lat="57.544825" lon="12.481595"><ele>52.8</ele></rtept><rtept lat="57.54485" lon="12.481565"><ele>52.4</ele></rtept><rtept lat="57.54487" lon="12.481537"><ele>52.4</ele></rtept><rtept lat="57.544895" lon="12.481512"><ele>52.0</ele></rtept><rtept lat="57.544915" lon="12.481497"><ele>52.0</ele></rtept><rtept lat="57.54494" lon="12.481485"><ele>52.0</ele></rtept><rtept lat="57.544965" lon="12.481477"><ele>51.6</ele></rtept><rtept lat="57.544992" lon="12.481452"><ele>51.6</ele></rtept><rtept lat="57.54501" lon="12.481458"><ele>51.4</ele></rtept><rtept lat="57.545037" lon="12.481445"><ele>51.2</ele></rtept><rtept lat="57.545062" lon="12.481427"><ele>51.0</ele></rtept><rtept lat="57.545087" lon="12.481405"><ele>50.8</ele></rtept><rtept lat="57.545113" lon="12.481378"><ele>50.2</ele></rtept><rtept lat="57.545132" lon="12.481348"><ele>50.0</ele></rtept><rtept lat="57.545163" lon="12.481313"><ele>49.8</ele></rtept><rtept lat="57.54519" lon="12.481283"><ele>49.2</ele></rtept><rtept lat="57.545215" lon="12.48126"><ele>48.8</ele></rtept><rtept lat="57.54524" lon="12.481233"><ele>48.8</ele></rtept><rtept lat="57.545267" lon="12.481202"><ele>48.2</ele></rtept><rtept lat="57.545285" lon="12.481158"><ele>48.0</ele></rtept><rtept lat="57.545305" lon="12.481122"><ele>47.8</ele></rtept><rtept lat="57.54533" lon="12.481085"><ele>47.2</ele></rtept><rtept lat="57.54535" lon="12.48105"><ele>47.2</ele></rtept><rtept lat="57.545368" lon="12.48101"><ele>47.2</ele></rtept><rtept lat="57.545388" lon="12.48096"><ele>46.6</ele></rtept><rtept lat="57.545407" lon="12.480917"><ele>46.4</ele></rtept><rtept lat="57.54542" lon="12.480872"><ele>46.2</ele></rtept><rtept lat="57.54544" lon="12.480822"><ele>46.2</ele></rtept><rtept lat="57.545452" lon="12.480775"><ele>46.0</ele></rtept><rtept lat="57.545472" lon="12.480727"><ele>45.6</ele></rtept><rtept lat="57.54549" lon="12.48068"><ele>45.4</ele></rtept><rtept lat="57.545503" lon="12.480638"><ele>45.4</ele></rtept><rtept lat="57.545522" lon="12.480592"><ele>44.8</ele></rtept><rtept lat="57.545535" lon="12.48054"><ele>44.8</ele></rtept><rtept lat="57.545548" lon="12.480488"><ele>45.0</ele></rtept><rtept lat="57.54556" lon="12.480442"><ele>44.6</ele></rtept><rtept lat="57.54558" lon="12.48039"><ele>44.6</ele></rtept><rtept lat="57.545593" lon="12.480337"><ele>44.4</ele></rtept><rtept lat="57.545605" lon="12.480288"><ele>44.2</ele></rtept><rtept lat="57.545625" lon="12.480245"><ele>44.4</ele></rtept><rtept lat="57.545638" lon="12.48019"><ele>43.8</ele></rtept><rtept lat="57.54565" lon="12.480138"><ele>43.8</ele></rtept><rtept lat="57.54567" lon="12.4801"><ele>43.8</ele></rtept><rtept lat="57.545682" lon="12.480055"><ele>43.2</ele></rtept><rtept lat="57.545702" lon="12.48001"><ele>43.6</ele></rtept><rtept lat="57.545708" lon="12.479965"><ele>43.2</ele></rtept><rtept lat="57.545727" lon="12.47992"><ele>43.2</ele></rtept><rtept lat="57.54574" lon="12.47988"><ele>43.2</ele></rtept><rtept lat="57.545753" lon="12.479847"><ele>43.0</ele></rtept><rtept lat="57.545772" lon="12.479798"><ele>42.8</ele></rtept><rtept lat="57.545785" lon="12.479755"><ele>43.0</ele></rtept><rtept lat="57.545803" lon="12.479713"><ele>42.4</ele></rtept><rtept lat="57.545823" lon="12.479673"><ele>42.6</ele></rtept><rtept lat="57.545848" lon="12.479603"><ele>42.4</ele></rtept><rtept lat="57.545868" lon="12.47955"><ele>42.4</ele></rtept><rtept lat="57.54588" lon="12.479503"><ele>42.2</ele></rtept><rtept lat="57.5459" lon="12.47946"><ele>42.0</ele></rtept><rtept lat="57.545907" lon="12.47942"><ele>42.2</ele></rtept><rtept lat="57.545925" lon="12.47937"><ele>42.0</ele></rtept><rtept lat="57.545945" lon="12.479325"><ele>42.0</ele></rtept><rtept lat="57.545958" lon="12.479285"><ele>41.8</ele></rtept><rtept lat="57.545977" lon="12.479247"><ele>41.8</ele></rtept><rtept lat="57.545997" lon="12.479203"><ele>41.8</ele></rtept><rtept lat="57.546008" lon="12.47916"><ele>41.6</ele></rtept><rtept lat="57.546028" lon="12.479118"><ele>41.6</ele></rtept><rtept lat="57.54604" lon="12.479075"><ele>41.8</ele></rtept><rtept lat="57.54606" lon="12.479028"><ele>41.4</ele></rtept><rtept lat="57.54608" lon="12.47898"><ele>41.6</ele></rtept><rtept lat="57.546098" lon="12.47893"><ele>41.6</ele></rtept><rtept lat="57.546112" lon="12.478883"><ele>41.4</ele></rtept><rtept lat="57.546123" lon="12.478837"><ele>41.6</ele></rtept><rtept lat="57.546143" lon="12.4788"><ele>41.0</ele></rtept><rtept lat="57.546162" lon="12.478757"><ele>41.0</ele></rtept><rtept lat="57.546188" lon="12.478725"><ele>41.2</ele></rtept><rtept lat="57.546207" lon="12.478695"><ele>40.8</ele></rtept><rtept lat="57.546227" lon="12.478665"><ele>40.8</ele></rtept><rtept lat="57.546252" lon="12.478642"><ele>40.8</ele></rtept><rtept lat="57.546278" lon="12.478625"><ele>40.4</ele></rtept><rtept lat="57.546303" lon="12.478607"><ele>40.2</ele></rtept><rtept lat="57.546335" lon="12.478598"><ele>40.2</ele></rtept><rtept lat="57.54636" lon="12.478592"><ele>39.8</ele></rtept><rtept lat="57.54638" lon="12.478592"><ele>39.6</ele></rtept><rtept lat="57.546412" lon="12.478598"><ele>39.4</ele></rtept><rtept lat="57.546432" lon="12.478605"><ele>39.0</ele></rtept><rtept lat="57.546463" lon="12.478602"><ele>38.8</ele></rtept><rtept lat="57.546482" lon="12.478592"><ele>38.6</ele></rtept><rtept lat="57.546508" lon="12.478578"><ele>38.2</ele></rtept><rtept lat="57.546533" lon="12.478572"><ele>38.2</ele></rtept><rtept lat="57.54656" lon="12.478565"><ele>38.2</ele></rtept><rtept lat="57.546585" lon="12.478558"><ele>37.6</ele></rtept><rtept lat="57.54661" lon="12.478548"><ele>37.8</ele></rtept><rtept lat="57.546637" lon="12.478537"><ele>37.8</ele></rtept><rtept lat="57.546662" lon="12.478523"><ele>37.6</ele></rtept><rtept lat="57.546693" lon="12.478513"><ele>38.0</ele></rtept><rtept lat="57.546713" lon="12.478503"><ele>37.8</ele></rtept><rtept lat="57.546738" lon="12.478497"><ele>38.0</ele></rtept><rtept lat="57.546763" lon="12.47848"><ele>38.0</ele></rtept><rtept lat="57.54679" lon="12.478468"><ele>37.8</ele></rtept><rtept lat="57.546808" lon="12.478453"><ele>38.4</ele></rtept><rtept lat="57.546835" lon="12.478437"><ele>38.6</ele></rtept><rtept lat="57.546853" lon="12.478417"><ele>38.6</ele></rtept><rtept lat="57.546873" lon="12.478403"><ele>38.8</ele></rtept><rtept lat="57.546898" lon="12.478387"><ele>39.0</ele></rtept><rtept lat="57.546918" lon="12.478367"><ele>39.4</ele></rtept><rtept lat="57.546937" lon="12.478347"><ele>40.0</ele></rtept><rtept lat="57.546962" lon="12.478322"><ele>40.0</ele></rtept><rtept lat="57.546975" lon="12.478293"><ele>40.6</ele></rtept><rtept lat="57.546995" lon="12.478263"><ele>40.8</ele></rtept><rtept lat="57.547013" lon="12.478238"><ele>40.8</ele></rtept><rtept lat="57.547033" lon="12.47821"><ele>41.2</ele></rtept><rtept lat="57.547052" lon="12.478183"><ele>41.2</ele></rtept><rtept lat="57.547072" lon="12.47816"><ele>42.2</ele></rtept><rtept lat="57.547083" lon="12.478133"><ele>42.4</ele></rtept><rtept lat="57.547103" lon="12.478108"><ele>42.4</ele></rtept><rtept lat="57.547117" lon="12.478077"><ele>43.0</ele></rtept><rtept lat="57.547128" lon="12.478052"><ele>43.0</ele></rtept><rtept lat="57.547155" lon="12.478017"><ele>43.2</ele></rtept><rtept lat="57.547167" lon="12.477982"><ele>43.6</ele></rtept><rtept lat="57.54718" lon="12.47795"><ele>43.6</ele></rtept><rtept lat="57.5472" lon="12.477912"><ele>44.0</ele></rtept><rtept lat="57.547212" lon="12.477878"><ele>44.4</ele></rtept><rtept lat="57.547232" lon="12.477842"><ele>44.4</ele></rtept><rtept lat="57.54725" lon="12.477812"><ele>44.8</ele></rtept><rtept lat="57.547263" lon="12.47778"><ele>45.0</ele></rtept><rtept lat="57.547282" lon="12.477757"><ele>45.0</ele></rtept><rtept lat="57.547295" lon="12.477723"><ele>45.4</ele></rtept><rtept lat="57.547308" lon="12.477688"><ele>45.6</ele></rtept><rtept lat="57.547327" lon="12.477658"><ele>45.6</ele></rtept><rtept lat="57.547347" lon="12.477628"><ele>46.0</ele></rtept><rtept lat="57.54736" lon="12.47759"><ele>46.0</ele></rtept><rtept lat="57.547372" lon="12.477558"><ele>46.0</ele></rtept><rtept lat="57.547392" lon="12.47752"><ele>46.4</ele></rtept><rtept lat="57.547403" lon="12.477488"><ele>46.2</ele></rtept><rtept lat="57.547417" lon="12.477455"><ele>46.4</ele></rtept><rtept lat="57.547437" lon="12.477428"><ele>46.8</ele></rtept><rtept lat="57.547455" lon="12.47741"><ele>46.6</ele></rtept><rtept lat="57.547468" lon="12.477377"><ele>47.0</ele></rtept><rtept lat="57.54748" lon="12.477342"><ele>47.2</ele></rtept><rtept lat="57.547493" lon="12.477317"><ele>47.0</ele></rtept><rtept lat="57.547513" lon="12.477292"><ele>47.4</ele></rtept><rtept lat="57.547532" lon="12.477265"><ele>47.8</ele></rtept><rtept lat="57.547552" lon="12.47724"><ele>47.6</ele></rtept><rtept lat="57.54757" lon="12.477218"><ele>48.0</ele></rtept><rtept lat="57.54759" lon="12.477202"><ele>48.2</ele></rtept><rtept lat="57.547622" lon="12.477167"><ele>48.6</ele></rtept><rtept lat="57.54764" lon="12.47716"><ele>48.4</ele></rtept><rtept lat="57.547667" lon="12.477157"><ele>48.8</ele></rtept><rtept lat="57.547685" lon="12.477153"><ele>49.2</ele></rtept><rtept lat="57.547705" lon="12.477158"><ele>49.2</ele></rtept><rtept lat="57.54773" lon="12.477167"><ele>49.6</ele></rtept><rtept lat="57.54775" lon="12.477173"><ele>50.0</ele></rtept><rtept lat="57.547768" lon="12.47718"><ele>50.2</ele></rtept><rtept lat="57.547788" lon="12.477185"><ele>50.8</ele></rtept><rtept lat="57.547807" lon="12.477193"><ele>50.8</ele></rtept><rtept lat="57.547833" lon="12.477202"><ele>51.0</ele></rtept><rtept lat="57.547852" lon="12.47721"><ele>51.4</ele></rtept><rtept lat="57.547878" lon="12.477215"><ele>51.6</ele></rtept><rtept lat="57.547903" lon="12.477217"><ele>51.6</ele></rtept><rtept lat="57.547922" lon="12.477217"><ele>52.0</ele></rtept><rtept lat="57.547942" lon="12.477207"><ele>52.0</ele></rtept><rtept lat="57.547967" lon="12.47719"><ele>52.0</ele></rtept><rtept lat="57.54798" lon="12.477165"><ele>52.2</ele></rtept><rtept lat="57.547993" lon="12.47714"><ele>52.4</ele></rtept><rtept lat="57.548012" lon="12.477117"><ele>52.8</ele></rtept><rtept lat="57.548025" lon="12.477087"><ele>53.0</ele></rtept><rtept lat="57.548043" lon="12.477052"><ele>53.2</ele></rtept><rtept lat="57.548057" lon="12.477018"><ele>53.6</ele></rtept><rtept lat="57.54807" lon="12.476982"><ele>54.0</ele></rtept><rtept lat="57.548082" lon="12.476948"><ele>54.0</ele></rtept><rtept lat="57.548102" lon="12.47692"><ele>54.4</ele></rtept><rtept lat="57.54812" lon="12.476853"><ele>54.6</ele></rtept><rtept lat="57.548133" lon="12.476813"><ele>55.0</ele></rtept><rtept lat="57.548147" lon="12.476773"><ele>55.0</ele></rtept><rtept lat="57.54816" lon="12.476735"><ele>55.0</ele></rtept><rtept lat="57.548172" lon="12.476695"><ele>55.4</ele></rtept><rtept lat="57.548192" lon="12.476657"><ele>55.4</ele></rtept><rtept lat="57.54821" lon="12.476618"><ele>55.4</ele></rtept><rtept lat="57.548223" lon="12.476582"><ele>55.8</ele></rtept><rtept lat="57.548242" lon="12.47655"><ele>55.8</ele></rtept><rtept lat="57.548255" lon="12.476512"><ele>55.8</ele></rtept><rtept lat="57.548268" lon="12.476473"><ele>55.8</ele></rtept><rtept lat="57.548287" lon="12.476443"><ele>55.6</ele></rtept><rtept lat="57.548307" lon="12.47642"><ele>55.8</ele></rtept><rtept lat="57.548325" lon="12.476393"><ele>55.8</ele></rtept><rtept lat="57.548345" lon="12.476368"><ele>55.6</ele></rtept><rtept lat="57.548363" lon="12.476343"><ele>55.8</ele></rtept><rtept lat="57.548377" lon="12.476318"><ele>55.8</ele></rtept><rtept lat="57.548397" lon="12.476295"><ele>55.8</ele></rtept><rtept lat="57.548428" lon="12.476262"><ele>56.0</ele></rtept><rtept lat="57.548447" lon="12.47624"><ele>55.8</ele></rtept><rtept lat="57.548473" lon="12.476202"><ele>56.0</ele></rtept><rtept lat="57.548492" lon="12.476183"><ele>55.8</ele></rtept><rtept lat="57.548512" lon="12.476175"><ele>56.2</ele></rtept><rtept lat="57.54853" lon="12.47616"><ele>56.0</ele></rtept><rtept lat="57.54855" lon="12.476142"><ele>56.0</ele></rtept><rtept lat="57.548568" lon="12.476125"><ele>56.2</ele></rtept><rtept lat="57.548588" lon="12.47611"><ele>56.4</ele></rtept><rtept lat="57.548607" lon="12.476098"><ele>56.6</ele></rtept><rtept lat="57.548627" lon="12.476083"><ele>57.0</ele></rtept><rtept lat="57.548652" lon="12.47607"><ele>56.8</ele></rtept><rtept lat="57.548683" lon="12.47605"><ele>57.4</ele></rtept><rtept lat="57.548703" lon="12.476048"><ele>57.2</ele></rtept><rtept lat="57.548722" lon="12.476043"><ele>58.0</ele></rtept><rtept lat="57.548748" lon="12.476023"><ele>58.2</ele></rtept><rtept lat="57.548773" lon="12.476012"><ele>58.6</ele></rtept><rtept lat="57.548793" lon="12.476005"><ele>58.8</ele></rtept><rtept lat="57.548812" lon="12.475997"><ele>58.8</ele></rtept><rtept lat="57.548832" lon="12.475995"><ele>59.2</ele></rtept><rtept lat="57.54885" lon="12.47599"><ele>59.2</ele></rtept><rtept lat="57.548882" lon="12.475975"><ele>60.0</ele></rtept><rtept lat="57.548908" lon="12.47596"><ele>60.2</ele></rtept><rtept lat="57.548927" lon="12.475952"><ele>60.8</ele></rtept><rtept lat="57.54896" lon="12.47593"><ele>61.4</ele></rtept><rtept lat="57.548978" lon="12.47592"><ele>61.6</ele></rtept><rtept lat="57.548998" lon="12.475912"><ele>61.6</ele></rtept><rtept lat="57.549017" lon="12.475905"><ele>62.0</ele></rtept><rtept lat="57.549037" lon="12.475897"><ele>62.0</ele></rtept><rtept lat="57.549055" lon="12.47588"><ele>62.2</ele></rtept><rtept lat="57.549075" lon="12.475865"><ele>62.4</ele></rtept><rtept lat="57.5491" lon="12.475852"><ele>62.2</ele></rtept><rtept lat="57.54912" lon="12.475837"><ele>62.6</ele></rtept><rtept lat="57.549138" lon="12.47582"><ele>63.0</ele></rtept><rtept lat="57.549158" lon="12.47581"><ele>62.8</ele></rtept><rtept lat="57.54919" lon="12.475778"><ele>63.6</ele></rtept><rtept lat="57.549222" lon="12.475732"><ele>64.2</ele></rtept><rtept lat="57.549235" lon="12.47568"><ele>64.4</ele></rtept><rtept lat="57.549253" lon="12.475647"><ele>64.4</ele></rtept><rtept lat="57.549273" lon="12.475622"><ele>64.8</ele></rtept><rtept lat="57.549292" lon="12.475607"><ele>65.0</ele></rtept><rtept lat="57.549318" lon="12.475592"><ele>65.2</ele></rtept><rtept lat="57.549337" lon="12.475568"><ele>65.6</ele></rtept><rtept lat="57.549357" lon="12.475542"><ele>65.6</ele></rtept><rtept lat="57.549368" lon="12.475513"><ele>65.6</ele></rtept><rtept lat="57.549395" lon="12.475495"><ele>66.2</ele></rtept><rtept lat="57.549427" lon="12.475475"><ele>66.0</ele></rtept><rtept lat="57.549458" lon="12.475445"><ele>66.2</ele></rtept><rtept lat="57.549478" lon="12.475433"><ele>66.8</ele></rtept><rtept lat="57.54951" lon="12.47542"><ele>67.4</ele></rtept><rtept lat="57.549528" lon="12.47541"><ele>67.6</ele></rtept><rtept lat="57.54956" lon="12.475405"><ele>68.0</ele></rtept><rtept lat="57.54958" lon="12.475413"><ele>68.0</ele></rtept><rtept lat="57.5496" lon="12.47542"><ele>68.4</ele></rtept><rtept lat="57.549618" lon="12.47544"><ele>68.8</ele></rtept><rtept lat="57.549638" lon="12.475448"><ele>69.2</ele></rtept><rtept lat="57.549663" lon="12.475455"><ele>69.6</ele></rtept><rtept lat="57.549682" lon="12.47546"><ele>70.0</ele></rtept><rtept lat="57.54972" lon="12.475458"><ele>70.4</ele></rtept><rtept lat="57.549753" lon="12.475458"><ele>70.8</ele></rtept><rtept lat="57.549792" lon="12.475442"><ele>71.0</ele></rtept><rtept lat="57.549837" lon="12.475398"><ele>71.0</ele></rtept><rtept lat="57.549868" lon="12.475388"><ele>71.4</ele></rtept><rtept lat="57.549913" lon="12.475373"><ele>71.6</ele></rtept><rtept lat="57.549952" lon="12.475365"><ele>71.4</ele></rtept><rtept lat="57.54999" lon="12.475357"><ele>71.8</ele></rtept><rtept lat="57.550015" lon="12.47535"><ele>72.0</ele></rtept><rtept lat="57.550053" lon="12.475343"><ele>71.8</ele></rtept><rtept lat="57.550073" lon="12.47533"><ele>72.0</ele></rtept><rtept lat="57.550112" lon="12.475305"><ele>72.4</ele></rtept><rtept lat="57.550112" lon="12.47527"><ele>72.2</ele></rtept><rtept lat="57.55013" lon="12.475252"><ele>72.6</ele></rtept><rtept lat="57.550157" lon="12.47519"><ele>72.8</ele></rtept><rtept lat="57.550188" lon="12.475145"><ele>72.8</ele></rtept><rtept lat="57.550207" lon="12.47513"><ele>73.4</ele></rtept><rtept lat="57.550252" lon="12.475107"><ele>73.6</ele></rtept><rtept lat="57.550278" lon="12.475068"><ele>73.6</ele></rtept><rtept lat="57.550297" lon="12.47506"><ele>74.0</ele></rtept><rtept lat="57.550317" lon="12.475058"><ele>74.0</ele></rtept><rtept lat="57.550335" lon="12.475057"><ele>74.2</ele></rtept><rtept lat="57.550355" lon="12.475002"><ele>74.4</ele></rtept><rtept lat="57.550373" lon="12.47498"><ele>74.6</ele></rtept><rtept lat="57.550405" lon="12.474967"><ele>75.0</ele></rtept><rtept lat="57.550425" lon="12.474967"><ele>74.8</ele></rtept><rtept lat="57.550443" lon="12.474982"><ele>75.4</ele></rtept><rtept lat="57.55047" lon="12.475"><ele>75.4</ele></rtept><rtept lat="57.550508" lon="12.475018"><ele>75.6</ele></rtept><rtept lat="57.550547" lon="12.47504"><ele>75.6</ele></rtept><rtept lat="57.550565" lon="12.475067"><ele>76.0</ele></rtept><rtept lat="57.550592" lon="12.475085"><ele>76.2</ele></rtept><rtept lat="57.55061" lon="12.475098"><ele>76.0</ele></rtept><rtept lat="57.55063" lon="12.475118"><ele>76.2</ele></rtept><rtept lat="57.550648" lon="12.475137"><ele>76.4</ele></rtept><rtept lat="57.550675" lon="12.47514"><ele>76.6</ele></rtept><rtept lat="57.550693" lon="12.47514"><ele>76.8</ele></rtept><rtept lat="57.550713" lon="12.475137"><ele>76.6</ele></rtept><rtept lat="57.550732" lon="12.475138"><ele>76.8</ele></rtept><rtept lat="57.550758" lon="12.47514"><ele>76.6</ele></rtept><rtept lat="57.55079" lon="12.475138"><ele>76.6</ele></rtept><rtept lat="57.550815" lon="12.47514"><ele>76.6</ele></rtept><rtept lat="57.550835" lon="12.475137"><ele>76.6</ele></rtept><rtept lat="57.550853" lon="12.47513"><ele>77.0</ele></rtept><rtept lat="57.55088" lon="12.475125"><ele>77.2</ele></rtept><rtept lat="57.550905" lon="12.475118"><ele>76.6</ele></rtept><rtept lat="57.55093" lon="12.475117"><ele>76.8</ele></rtept><rtept lat="57.550962" lon="12.475093"><ele>76.6</ele></rtept><rtept lat="57.550982" lon="12.475085"><ele>76.8</ele></rtept><rtept lat="57.551007" lon="12.475073"><ele>76.4</ele></rtept><rtept lat="57.551033" lon="12.475067"><ele>76.2</ele></rtept><rtept lat="57.551052" lon="12.475053"><ele>76.4</ele></rtept><rtept lat="57.551072" lon="12.475027"><ele>76.2</ele></rtept><rtept lat="57.55109" lon="12.475002"><ele>76.0</ele></rtept><rtept lat="57.55111" lon="12.47498"><ele>76.2</ele></rtept><rtept lat="57.551122" lon="12.474953"><ele>76.0</ele></rtept><rtept lat="57.551148" lon="12.474908"><ele>76.0</ele></rtept><rtept lat="57.551173" lon="12.474892"><ele>75.8</ele></rtept><rtept lat="57.551193" lon="12.474868"><ele>76.0</ele></rtept><rtept lat="57.551218" lon="12.474855"><ele>76.2</ele></rtept><rtept lat="57.551243" lon="12.474842"><ele>75.8</ele></rtept><rtept lat="57.55127" lon="12.47483"><ele>76.2</ele></rtept><rtept lat="57.551302" lon="12.474802"><ele>76.2</ele></rtept><rtept lat="57.55132" lon="12.474783"><ele>76.6</ele></rtept><rtept lat="57.55134" lon="12.474768"><ele>76.4</ele></rtept><rtept lat="57.551365" lon="12.474733"><ele>76.8</ele></rtept><rtept lat="57.551385" lon="12.474715"><ele>76.6</ele></rtept><rtept lat="57.551417" lon="12.47469"><ele>77.0</ele></rtept><rtept lat="57.551437" lon="12.474683"><ele>77.4</ele></rtept><rtept lat="57.551462" lon="12.474673"><ele>77.2</ele></rtept><rtept lat="57.551493" lon="12.47464"><ele>77.6</ele></rtept><rtept lat="57.551525" lon="12.47461"><ele>77.8</ele></rtept><rtept lat="57.551558" lon="12.47459"><ele>78.0</ele></rtept><rtept lat="57.55159" lon="12.474575"><ele>78.4</ele></rtept><rtept lat="57.551615" lon="12.474563"><ele>78.6</ele></rtept><rtept lat="57.551635" lon="12.474557"><ele>78.8</ele></rtept><rtept lat="57.551667" lon="12.474538"><ele>79.0</ele></rtept><rtept lat="57.551692" lon="12.474522"><ele>79.4</ele></rtept><rtept lat="57.551723" lon="12.474498"><ele>79.2</ele></rtept><rtept lat="57.551743" lon="12.474472"><ele>79.6</ele></rtept><rtept lat="57.551762" lon="12.474457"><ele>79.8</ele></rtept><rtept lat="57.551788" lon="12.474438"><ele>79.6</ele></rtept><rtept lat="57.551813" lon="12.474427"><ele>80.0</ele></rtept><rtept lat="57.55184" lon="12.474415"><ele>80.0</ele></rtept><rtept lat="57.551865" lon="12.474398"><ele>79.8</ele></rtept><rtept lat="57.551883" lon="12.47439"><ele>80.0</ele></rtept><rtept lat="57.55191" lon="12.474378"><ele>80.0</ele></rtept><rtept lat="57.551928" lon="12.474372"><ele>80.0</ele></rtept><rtept lat="57.551948" lon="12.474367"><ele>80.0</ele></rtept><rtept lat="57.551967" lon="12.474362"><ele>80.0</ele></rtept><rtept lat="57.551987" lon="12.47436"><ele>79.4</ele></rtept><rtept lat="57.552005" lon="12.474358"><ele>79.4</ele></rtept><rtept lat="57.552038" lon="12.474347"><ele>79.4</ele></rtept><rtept lat="57.55207" lon="12.474333"><ele>79.4</ele></rtept><rtept lat="57.552095" lon="12.474322"><ele>79.4</ele></rtept><rtept lat="57.55212" lon="12.474312"><ele>79.2</ele></rtept><rtept lat="57.55214" lon="12.474293"><ele>79.2</ele></rtept><rtept lat="57.552172" lon="12.474273"><ele>79.0</ele></rtept><rtept lat="57.552198" lon="12.474253"><ele>79.0</ele></rtept><rtept lat="57.552223" lon="12.474227"><ele>79.4</ele></rtept><rtept lat="57.552242" lon="12.474207"><ele>79.0</ele></rtept><rtept lat="57.552275" lon="12.474188"><ele>79.2</ele></rtept><rtept lat="57.552293" lon="12.474167"><ele>79.2</ele></rtept><rtept lat="57.55232" lon="12.474143"><ele>79.0</ele></rtept><rtept lat="57.552338" lon="12.474122"><ele>78.8</ele></rtept><rtept lat="57.552358" lon="12.47411"><ele>78.8</ele></rtept><rtept lat="57.552377" lon="12.474103"><ele>78.4</ele></rtept><rtept lat="57.552397" lon="12.474102"><ele>78.2</ele></rtept><rtept lat="57.552415" lon="12.474098"><ele>78.2</ele></rtept><rtept lat="57.55244" lon="12.474088"><ele>78.0</ele></rtept><rtept lat="57.55246" lon="12.474075"><ele>77.8</ele></rtept><rtept lat="57.552492" lon="12.474062"><ele>77.8</ele></rtept><rtept lat="57.55253" lon="12.474045"><ele>77.4</ele></rtept><rtept lat="57.552575" lon="12.474018"><ele>77.4</ele></rtept><rtept lat="57.552613" lon="12.474"><ele>77.6</ele></rtept><rtept lat="57.552652" lon="12.473973"><ele>77.2</ele></rtept><rtept lat="57.55269" lon="12.473943"><ele>77.4</ele></rtept><rtept lat="57.552722" lon="12.473917"><ele>77.4</ele></rtept><rtept lat="57.552755" lon="12.473857"><ele>77.4</ele></rtept><rtept lat="57.55278" lon="12.473805"><ele>77.6</ele></rtept><rtept lat="57.552812" lon="12.473758"><ele>77.4</ele></rtept><rtept lat="57.552843" lon="12.473725"><ele>77.6</ele></rtept><rtept lat="57.552882" lon="12.473698"><ele>77.6</ele></rtept><rtept lat="57.552915" lon="12.473667"><ele>77.4</ele></rtept><rtept lat="57.55296" lon="12.473633"><ele>77.8</ele></rtept><rtept lat="57.552985" lon="12.4736"><ele>77.8</ele></rtept><rtept lat="57.552998" lon="12.473567"><ele>77.8</ele></rtept><rtept lat="57.553003" lon="12.473528"><ele>78.0</ele></rtept><rtept lat="57.553017" lon="12.473492"><ele>77.8</ele></rtept><rtept lat="57.553037" lon="12.473458"><ele>77.8</ele></rtept><rtept lat="57.553068" lon="12.473427"><ele>78.0</ele></rtept><rtept lat="57.553113" lon="12.473415"><ele>77.8</ele></rtept><rtept lat="57.553152" lon="12.473408"><ele>78.2</ele></rtept><rtept lat="57.553177" lon="12.47341"><ele>78.2</ele></rtept><rtept lat="57.553215" lon="12.473403"><ele>78.2</ele></rtept><rtept lat="57.553247" lon="12.473378"><ele>78.4</ele></rtept><rtept lat="57.55328" lon="12.473353"><ele>78.2</ele></rtept><rtept lat="57.553298" lon="12.473323"><ele>78.6</ele></rtept><rtept lat="57.553318" lon="12.473285"><ele>78.8</ele></rtept><rtept lat="57.55333" lon="12.473248"><ele>78.6</ele></rtept><rtept lat="57.55335" lon="12.473217"><ele>79.0</ele></rtept><rtept lat="57.553375" lon="12.47319"><ele>79.0</ele></rtept><rtept lat="57.553395" lon="12.473157"><ele>79.2</ele></rtept><rtept lat="57.55342" lon="12.473125"><ele>79.6</ele></rtept><rtept lat="57.553452" lon="12.4731"><ele>79.6</ele></rtept><rtept lat="57.553478" lon="12.473078"><ele>80.0</ele></rtept><rtept lat="57.553497" lon="12.473092"><ele>80.0</ele></rtept><rtept lat="57.553528" lon="12.473095"><ele>80.2</ele></rtept><rtept lat="57.55356" lon="12.473085"><ele>80.4</ele></rtept><rtept lat="57.553593" lon="12.473085"><ele>80.8</ele></rtept><rtept lat="57.553612" lon="12.473082"><ele>81.2</ele></rtept><rtept lat="57.553632" lon="12.473092"><ele>81.2</ele></rtept><rtept lat="57.55365" lon="12.4731"><ele>81.4</ele></rtept><rtept lat="57.55367" lon="12.4731"><ele>81.6</ele></rtept><rtept lat="57.553688" lon="12.4731"><ele>81.4</ele></rtept><rtept lat="57.55372" lon="12.47311"><ele>81.6</ele></rtept><rtept lat="57.55374" lon="12.473105"><ele>81.4</ele></rtept><rtept lat="57.553753" lon="12.473072"><ele>81.6</ele></rtept><rtept lat="57.553715" lon="12.47304"><ele>81.4</ele></rtept><rtept lat="57.553688" lon="12.473005"><ele>81.6</ele></rtept><rtept lat="57.553677" lon="12.472973"><ele>81.8</ele></rtept><rtept lat="57.553682" lon="12.47294"><ele>81.4</ele></rtept><rtept lat="57.553702" lon="12.472898"><ele>81.6</ele></rtept><rtept lat="57.553715" lon="12.472862"><ele>81.6</ele></rtept><rtept lat="57.553733" lon="12.472828"><ele>81.2</ele></rtept><rtept lat="57.553753" lon="12.472807"><ele>81.2</ele></rtept><rtept lat="57.553772" lon="12.472792"><ele>81.4</ele></rtept><rtept lat="57.553798" lon="12.472777"><ele>81.4</ele></rtept><rtept lat="57.553823" lon="12.472763"><ele>81.4</ele></rtept><rtept lat="57.553842" lon="12.472743"><ele>81.4</ele></rtept><rtept lat="57.553868" lon="12.472727"><ele>81.2</ele></rtept><rtept lat="57.5539" lon="12.472708"><ele>81.4</ele></rtept><rtept lat="57.553925" lon="12.472695"><ele>80.8</ele></rtept><rtept lat="57.553952" lon="12.472675"><ele>80.8</ele></rtept><rtept lat="57.553977" lon="12.472648"><ele>80.8</ele></rtept><rtept lat="57.554002" lon="12.47262"><ele>80.4</ele></rtept><rtept lat="57.554028" lon="12.472585"><ele>80.6</ele></rtept><rtept lat="57.554047" lon="12.47255"><ele>80.2</ele></rtept><rtept lat="57.55406" lon="12.47252"><ele>80.0</ele></rtept><rtept lat="57.55408" lon="12.472495"><ele>80.2</ele></rtept><rtept lat="57.554098" lon="12.472465"><ele>80.0</ele></rtept><rtept lat="57.554112" lon="12.47243"><ele>80.2</ele></rtept><rtept lat="57.55413" lon="12.4724"><ele>80.4</ele></rtept><rtept lat="57.55415" lon="12.472365"><ele>80.6</ele></rtept><rtept lat="57.554168" lon="12.472332"><ele>80.8</ele></rtept><rtept lat="57.554195" lon="12.472298"><ele>80.4</ele></rtept><rtept lat="57.554213" lon="12.472267"><ele>80.6</ele></rtept><rtept lat="57.554227" lon="12.472233"><ele>80.6</ele></rtept><rtept lat="57.554245" lon="12.472207"><ele>80.2</ele></rtept><rtept lat="57.554258" lon="12.47218"><ele>80.8</ele></rtept><rtept lat="57.554272" lon="12.472147"><ele>81.0</ele></rtept><rtept lat="57.554283" lon="12.472108"><ele>81.2</ele></rtept><rtept lat="57.554303" lon="12.472073"><ele>81.4</ele></rtept><rtept lat="57.554322" lon="12.472028"><ele>81.2</ele></rtept><rtept lat="57.554328" lon="12.471975"><ele>81.4</ele></rtept><rtept lat="57.554335" lon="12.47193"><ele>81.6</ele></rtept><rtept lat="57.554342" lon="12.471877"><ele>81.2</ele></rtept><rtept lat="57.554342" lon="12.471817"><ele>81.4</ele></rtept><rtept lat="57.554348" lon="12.47177"><ele>81.6</ele></rtept><rtept lat="57.554348" lon="12.471727"><ele>81.6</ele></rtept><rtept lat="57.55436" lon="12.47168"><ele>81.6</ele></rtept><rtept lat="57.55436" lon="12.47164"><ele>81.6</ele></rtept><rtept lat="57.55436" lon="12.471597"><ele>81.2</ele></rtept><rtept lat="57.554367" lon="12.47154"><ele>81.0</ele></rtept><rtept lat="57.55438" lon="12.471482"><ele>80.2</ele></rtept><rtept lat="57.554387" lon="12.471433"><ele>79.6</ele></rtept><rtept lat="57.5544" lon="12.471393"><ele>79.4</ele></rtept><rtept lat="57.554405" lon="12.471338"><ele>78.8</ele></rtept><rtept lat="57.554405" lon="12.471302"><ele>78.6</ele></rtept><rtept lat="57.5544" lon="12.471262"><ele>78.2</ele></rtept><rtept lat="57.554405" lon="12.471208"><ele>78.6</ele></rtept><rtept lat="57.5544" lon="12.47115"><ele>78.8</ele></rtept><rtept lat="57.5544" lon="12.47109"><ele>79.2</ele></rtept><rtept lat="57.554393" lon="12.471042"><ele>79.8</ele></rtept><rtept lat="57.554393" lon="12.471002"><ele>80.0</ele></rtept><rtept lat="57.554387" lon="12.470937"><ele>81.0</ele></rtept><rtept lat="57.554387" lon="12.47088"><ele>81.6</ele></rtept><rtept lat="57.55438" lon="12.47084"><ele>82.2</ele></rtept><rtept lat="57.554367" lon="12.470797"><ele>82.4</ele></rtept><rtept lat="57.554367" lon="12.470753"><ele>82.6</ele></rtept><rtept lat="57.554367" lon="12.4707"><ele>83.0</ele></rtept><rtept lat="57.554367" lon="12.47064"><ele>83.2</ele></rtept><rtept lat="57.554367" lon="12.470568"><ele>83.0</ele></rtept><rtept lat="57.554367" lon="12.470495"><ele>83.2</ele></rtept><rtept lat="57.554367" lon="12.470438"><ele>83.2</ele></rtept><rtept lat="57.55436" lon="12.470388"><ele>83.2</ele></rtept><rtept lat="57.554348" lon="12.470315"><ele>83.0</ele></rtept><rtept lat="57.554342" lon="12.470245"><ele>82.8</ele></rtept><rtept lat="57.554342" lon="12.470172"><ele>82.0</ele></rtept><rtept lat="57.554342" lon="12.470113"><ele>81.8</ele></rtept><rtept lat="57.554335" lon="12.470067"><ele>81.6</ele></rtept><rtept lat="57.554322" lon="12.47002"><ele>81.2</ele></rtept><rtept lat="57.554322" lon="12.469982"><ele>81.6</ele></rtept><rtept lat="57.554317" lon="12.469942"><ele>81.6</ele></rtept><rtept lat="57.554317" lon="12.469895"><ele>81.6</ele></rtept><rtept lat="57.55431" lon="12.46986"><ele>81.8</ele></rtept><rtept lat="57.554303" lon="12.469822"><ele>81.8</ele></rtept><rtept lat="57.554283" lon="12.46979"><ele>82.2</ele></rtept><rtept lat="57.554283" lon="12.469737"><ele>82.6</ele></rtept><rtept lat="57.554278" lon="12.469683"><ele>83.2</ele></rtept><rtept lat="57.554272" lon="12.46964"><ele>84.0</ele></rtept><rtept lat="57.554258" lon="12.469585"><ele>84.6</ele></rtept><rtept lat="57.554258" lon="12.469527"><ele>85.4</ele></rtept><rtept lat="57.554258" lon="12.469492"><ele>85.8</ele></rtept><rtept lat="57.554258" lon="12.469445"><ele>86.4</ele></rtept><rtept lat="57.554258" lon="12.469392"><ele>87.0</ele></rtept><rtept lat="57.554258" lon="12.469333"><ele>87.2</ele></rtept><rtept lat="57.554265" lon="12.469268"><ele>87.8</ele></rtept><rtept lat="57.554265" lon="12.469213"><ele>88.2</ele></rtept><rtept lat="57.554265" lon="12.469178"><ele>88.4</ele></rtept><rtept lat="57.554272" lon="12.469113"><ele>88.6</ele></rtept><rtept lat="57.554278" lon="12.46908"><ele>89.0</ele></rtept><rtept lat="57.554283" lon="12.469045"><ele>89.0</ele></rtept><rtept lat="57.554297" lon="12.468983"><ele>89.6</ele></rtept><rtept lat="57.55431" lon="12.468922"><ele>90.0</ele></rtept><rtept lat="57.554322" lon="12.468855"><ele>90.6</ele></rtept><rtept lat="57.554328" lon="12.468812"><ele>90.8</ele></rtept><rtept lat="57.554335" lon="12.468778"><ele>91.2</ele></rtept><rtept lat="57.554348" lon="12.468718"><ele>91.4</ele></rtept><rtept lat="57.554355" lon="12.468678"><ele>92.0</ele></rtept><rtept lat="57.55436" lon="12.468643"><ele>92.4</ele></rtept><rtept lat="57.554373" lon="12.468608"><ele>92.6</ele></rtept><rtept lat="57.554387" lon="12.468572"><ele>93.0</ele></rtept><rtept lat="57.554393" lon="12.468528"><ele>93.4</ele></rtept><rtept lat="57.554405" lon="12.468488"><ele>93.4</ele></rtept><rtept lat="57.554412" lon="12.468448"><ele>93.4</ele></rtept><rtept lat="57.554425" lon="12.468402"><ele>93.6</ele></rtept><rtept lat="57.554432" lon="12.468363"><ele>93.4</ele></rtept><rtept lat="57.554438" lon="12.46832"><ele>93.2</ele></rtept><rtept lat="57.554443" lon="12.468275"><ele>93.2</ele></rtept><rtept lat="57.554457" lon="12.46823"><ele>93.0</ele></rtept><rtept lat="57.554463" lon="12.468185"><ele>92.4</ele></rtept><rtept lat="57.554477" lon="12.468138"><ele>92.6</ele></rtept><rtept lat="57.554482" lon="12.468097"><ele>92.4</ele></rtept><rtept lat="57.554488" lon="12.468053"><ele>91.8</ele></rtept><rtept lat="57.554495" lon="12.468013"><ele>92.0</ele></rtept><rtept lat="57.554502" lon="12.467967"><ele>92.0</ele></rtept><rtept lat="57.554508" lon="12.46792"><ele>91.6</ele></rtept><rtept lat="57.55452" lon="12.467868"><ele>91.8</ele></rtept><rtept lat="57.554533" lon="12.467822"><ele>92.0</ele></rtept><rtept lat="57.554547" lon="12.46778"><ele>91.6</ele></rtept><rtept lat="57.55456" lon="12.467728"><ele>91.8</ele></rtept><rtept lat="57.554565" lon="12.467688"><ele>92.0</ele></rtept><rtept lat="57.554578" lon="12.46764"><ele>91.2</ele></rtept><rtept lat="57.554585" lon="12.46759"><ele>91.4</ele></rtept><rtept lat="57.554585" lon="12.46754"><ele>91.4</ele></rtept><rtept lat="57.554592" lon="12.467492"><ele>91.4</ele></rtept><rtept lat="57.554598" lon="12.46745"><ele>91.4</ele></rtept><rtept lat="57.554603" lon="12.467402"><ele>91.2</ele></rtept><rtept lat="57.554603" lon="12.467353"><ele>91.2</ele></rtept><rtept lat="57.55461" lon="12.467313"><ele>91.4</ele></rtept><rtept lat="57.554617" lon="12.467277"><ele>91.2</ele></rtept><rtept lat="57.554617" lon="12.467237"><ele>91.0</ele></rtept><rtept lat="57.55461" lon="12.467192"><ele>91.2</ele></rtept><rtept lat="57.55461" lon="12.467143"><ele>90.8</ele></rtept><rtept lat="57.554603" lon="12.467088"><ele>90.8</ele></rtept><rtept lat="57.554603" lon="12.467038"><ele>91.0</ele></rtept><rtept lat="57.554603" lon="12.466975"><ele>90.6</ele></rtept><rtept lat="57.554603" lon="12.466917"><ele>90.6</ele></rtept><rtept lat="57.554603" lon="12.466863"><ele>90.6</ele></rtept><rtept lat="57.554617" lon="12.466817"><ele>90.2</ele></rtept><rtept lat="57.554623" lon="12.466772"><ele>90.2</ele></rtept><rtept lat="57.55463" lon="12.466735"><ele>90.2</ele></rtept><rtept lat="57.554637" lon="12.4667"><ele>89.8</ele></rtept><rtept lat="57.554637" lon="12.466658"><ele>89.8</ele></rtept><rtept lat="57.554623" lon="12.466627"><ele>89.8</ele></rtept><rtept lat="57.554603" lon="12.466588"><ele>89.2</ele></rtept><rtept lat="57.554578" lon="12.466547"><ele>89.0</ele></rtept><rtept lat="57.55456" lon="12.466518"><ele>89.0</ele></rtept><rtept lat="57.554547" lon="12.466483"><ele>88.6</ele></rtept><rtept lat="57.554527" lon="12.466422"><ele>88.4</ele></rtept><rtept lat="57.554502" lon="12.466368"><ele>88.4</ele></rtept><rtept lat="57.554482" lon="12.466313"><ele>88.2</ele></rtept><rtept lat="57.554477" lon="12.466263"><ele>88.0</ele></rtept><rtept lat="57.554463" lon="12.46621"><ele>88.0</ele></rtept><rtept lat="57.554457" lon="12.466165"><ele>87.8</ele></rtept><rtept lat="57.554443" lon="12.466117"><ele>87.6</ele></rtept><rtept lat="57.554432" lon="12.46606"><ele>87.6</ele></rtept><rtept lat="57.554418" lon="12.466"><ele>87.4</ele></rtept><rtept lat="57.554405" lon="12.465962"><ele>87.0</ele></rtept><rtept lat="57.554387" lon="12.465928"><ele>87.0</ele></rtept><rtept lat="57.55438" lon="12.465897"><ele>87.0</ele></rtept><rtept lat="57.55438" lon="12.465853"><ele>86.2</ele></rtept><rtept lat="57.554373" lon="12.465793"><ele>86.0</ele></rtept><rtept lat="57.554367" lon="12.465738"><ele>85.8</ele></rtept><rtept lat="57.55436" lon="12.46568"><ele>85.0</ele></rtept><rtept lat="57.554367" lon="12.465633"><ele>84.8</ele></rtept><rtept lat="57.55438" lon="12.465565"><ele>84.8</ele></rtept><rtept lat="57.55438" lon="12.4655"><ele>84.2</ele></rtept><rtept lat="57.554387" lon="12.46544"><ele>84.2</ele></rtept><rtept lat="57.5544" lon="12.465382"><ele>84.0</ele></rtept><rtept lat="57.554405" lon="12.465342"><ele>83.8</ele></rtept><rtept lat="57.554418" lon="12.465305"><ele>84.0</ele></rtept><rtept lat="57.554425" lon="12.465257"><ele>83.8</ele></rtept><rtept lat="57.554425" lon="12.465213"><ele>84.2</ele></rtept><rtept lat="57.554425" lon="12.465167"><ele>84.2</ele></rtept><rtept lat="57.554438" lon="12.465128"><ele>84.4</ele></rtept><rtept lat="57.554443" lon="12.465093"><ele>84.8</ele></rtept><rtept lat="57.554443" lon="12.465053"><ele>84.6</ele></rtept><rtept lat="57.55445" lon="12.465008"><ele>85.0</ele></rtept><rtept lat="57.554457" lon="12.46496"><ele>85.4</ele></rtept><rtept lat="57.554463" lon="12.464918"><ele>85.2</ele></rtept><rtept lat="57.55447" lon="12.46487"><ele>85.6</ele></rtept><rtept lat="57.554477" lon="12.46482"><ele>85.8</ele></rtept><rtept lat="57.554477" lon="12.464777"><ele>85.4</ele></rtept><rtept lat="57.554482" lon="12.464727"><ele>85.4</ele></rtept><rtept lat="57.554482" lon="12.46468"><ele>85.8</ele></rtept><rtept lat="57.554482" lon="12.464632"><ele>85.2</ele></rtept><rtept lat="57.554477" lon="12.464572"><ele>85.2</ele></rtept><rtept lat="57.554477" lon="12.464518"><ele>85.4</ele></rtept><rtept lat="57.55447" lon="12.464463"><ele>84.6</ele></rtept><rtept lat="57.554463" lon="12.464413"><ele>84.8</ele></rtept><rtept lat="57.554463" lon="12.464368"><ele>84.4</ele></rtept><rtept lat="57.554457" lon="12.464322"><ele>84.4</ele></rtept><rtept lat="57.554443" lon="12.464275"><ele>84.6</ele></rtept><rtept lat="57.554438" lon="12.464235"><ele>84.4</ele></rtept><rtept lat="57.554432" lon="12.464195"><ele>84.6</ele></rtept><rtept lat="57.554418" lon="12.46416"><ele>84.6</ele></rtept><rtept lat="57.554412" lon="12.46412"><ele>84.4</ele></rtept><rtept lat="57.5544" lon="12.464077"><ele>84.6</ele></rtept><rtept lat="57.554387" lon="12.464037"><ele>84.8</ele></rtept><rtept lat="57.55438" lon="12.463998"><ele>84.4</ele></rtept><rtept lat="57.554367" lon="12.463962"><ele>84.8</ele></rtept><rtept lat="57.554355" lon="12.463927"><ele>85.0</ele></rtept><rtept lat="57.554348" lon="12.463885"><ele>84.8</ele></rtept><rtept lat="57.554342" lon="12.463852"><ele>85.2</ele></rtept><rtept lat="57.554328" lon="12.463818"><ele>85.2</ele></rtept><rtept lat="57.554322" lon="12.46378"><ele>85.2</ele></rtept><rtept lat="57.55431" lon="12.46374"><ele>85.6</ele></rtept><rtept lat="57.554303" lon="12.463693"><ele>85.4</ele></rtept><rtept lat="57.55429" lon="12.463648"><ele>86.0</ele></rtept><rtept lat="57.554283" lon="12.463603"><ele>86.2</ele></rtept><rtept lat="57.554272" lon="12.463565"><ele>86.2</ele></rtept><rtept lat="57.554258" lon="12.463533"><ele>86.6</ele></rtept><rtept lat="57.554245" lon="12.463495"><ele>86.8</ele></rtept><rtept lat="57.55424" lon="12.46346"><ele>87.4</ele></rtept><rtept lat="57.554233" lon="12.463428"><ele>87.8</ele></rtept><rtept lat="57.554227" lon="12.463388"><ele>87.6</ele></rtept><rtept lat="57.554227" lon="12.46335"><ele>88.0</ele></rtept><rtept lat="57.55422" lon="12.46331"><ele>87.8</ele></rtept><rtept lat="57.554207" lon="12.463262"><ele>87.8</ele></rtept><rtept lat="57.554207" lon="12.46322"><ele>88.0</ele></rtept><rtept lat="57.5542" lon="12.463178"><ele>88.0</ele></rtept><rtept lat="57.554195" lon="12.463138"><ele>87.8</ele></rtept><rtept lat="57.554188" lon="12.463098"><ele>87.8</ele></rtept><rtept lat="57.554188" lon="12.46306"><ele>88.0</ele></rtept><rtept lat="57.554182" lon="12.46302"><ele>87.4</ele></rtept><rtept lat="57.554168" lon="12.46298"><ele>87.2</ele></rtept><rtept lat="57.554162" lon="12.462947"><ele>87.0</ele></rtept><rtept lat="57.55415" lon="12.462907"><ele>86.6</ele></rtept><rtept lat="57.554137" lon="12.46286"><ele>86.2</ele></rtept><rtept lat="57.554123" lon="12.462808"><ele>86.2</ele></rtept><rtept lat="57.554112" lon="12.462758"><ele>85.2</ele></rtept><rtept lat="57.554105" lon="12.462718"><ele>84.8</ele></rtept><rtept lat="57.554092" lon="12.462683"><ele>84.6</ele></rtept><rtept lat="57.554085" lon="12.46264"><ele>83.8</ele></rtept><rtept lat="57.55408" lon="12.462598"><ele>83.8</ele></rtept><rtept lat="57.554067" lon="12.462558"><ele>83.4</ele></rtept><rtept lat="57.55406" lon="12.462512"><ele>83.2</ele></rtept><rtept lat="57.554047" lon="12.462467"><ele>83.2</ele></rtept><rtept lat="57.554047" lon="12.462427"><ele>82.8</ele></rtept><rtept lat="57.55404" lon="12.46238"><ele>83.0</ele></rtept><rtept lat="57.55404" lon="12.462342"><ele>83.2</ele></rtept><rtept lat="57.554035" lon="12.462303"><ele>83.0</ele></rtept><rtept lat="57.554028" lon="12.462257"><ele>83.2</ele></rtept><rtept lat="57.554022" lon="12.462208"><ele>83.4</ele></rtept><rtept lat="57.554028" lon="12.462168"><ele>83.2</ele></rtept><rtept lat="57.554035" lon="12.462118"><ele>83.4</ele></rtept><rtept lat="57.554035" lon="12.462068"><ele>83.6</ele></rtept><rtept lat="57.55404" lon="12.462015"><ele>83.0</ele></rtept><rtept lat="57.554047" lon="12.461968"><ele>82.8</ele></rtept><rtept lat="57.55406" lon="12.461917"><ele>82.8</ele></rtept><rtept lat="57.554067" lon="12.461865"><ele>82.2</ele></rtept><rtept lat="57.554073" lon="12.461825"><ele>82.0</ele></rtept><rtept lat="57.554085" lon="12.461785"><ele>82.0</ele></rtept><rtept lat="57.554092" lon="12.461747"><ele>81.2</ele></rtept><rtept lat="57.554105" lon="12.461708"><ele>81.4</ele></rtept><rtept lat="57.554123" lon="12.461673"><ele>81.2</ele></rtept><rtept lat="57.554137" lon="12.461633"><ele>81.0</ele></rtept><rtept lat="57.554143" lon="12.4616"><ele>81.2</ele></rtept><rtept lat="57.554162" lon="12.461568"><ele>80.8</ele></rtept><rtept lat="57.554182" lon="12.461507"><ele>81.0</ele></rtept><rtept lat="57.554188" lon="12.461462"><ele>80.6</ele></rtept><rtept lat="57.5542" lon="12.461428"><ele>80.8</ele></rtept><rtept lat="57.554213" lon="12.461402"><ele>80.8</ele></rtept><rtept lat="57.554227" lon="12.461365"><ele>80.6</ele></rtept><rtept lat="57.55424" lon="12.46133"><ele>81.0</ele></rtept><rtept lat="57.554258" lon="12.461275"><ele>81.0</ele></rtept><rtept lat="57.554272" lon="12.46125"><ele>81.4</ele></rtept><rtept lat="57.554283" lon="12.461223"><ele>81.2</ele></rtept><rtept lat="57.55429" lon="12.46119"><ele>81.6</ele></rtept><rtept lat="57.554297" lon="12.461157"><ele>81.8</ele></rtept><rtept lat="57.554317" lon="12.46113"><ele>81.8</ele></rtept><rtept lat="57.554335" lon="12.461105"><ele>82.2</ele></rtept><rtept lat="57.554367" lon="12.461055"><ele>83.0</ele></rtept><rtept lat="57.55438" lon="12.461018"><ele>83.6</ele></rtept><rtept lat="57.554393" lon="12.460993"><ele>83.6</ele></rtept><rtept lat="57.554425" lon="12.460952"><ele>84.4</ele></rtept><rtept lat="57.554438" lon="12.460927"><ele>84.4</ele></rtept><rtept lat="57.55445" lon="12.4609"><ele>84.8</ele></rtept><rtept lat="57.554482" lon="12.460853"><ele>85.0</ele></rtept><rtept lat="57.554495" lon="12.460815"><ele>85.6</ele></rtept><rtept lat="57.554508" lon="12.460787"><ele>85.8</ele></rtept><rtept lat="57.55454" lon="12.460742"><ele>85.6</ele></rtept><rtept lat="57.55456" lon="12.460718"><ele>86.0</ele></rtept><rtept lat="57.554578" lon="12.46069"><ele>85.6</ele></rtept><rtept lat="57.554598" lon="12.460665"><ele>86.0</ele></rtept><rtept lat="57.554617" lon="12.46064"><ele>86.2</ele></rtept><rtept lat="57.554637" lon="12.460615"><ele>85.8</ele></rtept><rtept lat="57.554655" lon="12.460597"><ele>86.0</ele></rtept><rtept lat="57.554675" lon="12.460577"><ele>86.0</ele></rtept><rtept lat="57.5547" lon="12.460557"><ele>85.6</ele></rtept><rtept lat="57.55472" lon="12.460535"><ele>85.6</ele></rtept><rtept lat="57.554745" lon="12.460512"><ele>85.8</ele></rtept><rtept lat="57.554763" lon="12.460475"><ele>85.4</ele></rtept><rtept lat="57.554783" lon="12.460437"><ele>85.2</ele></rtept><rtept lat="57.554808" lon="12.460398"><ele>85.2</ele></rtept><rtept lat="57.554822" lon="12.460357"><ele>85.0</ele></rtept><rtept lat="57.55484" lon="12.460325"><ele>84.4</ele></rtept><rtept lat="57.55486" lon="12.460293"><ele>84.4</ele></rtept><rtept lat="57.554878" lon="12.46026"><ele>84.4</ele></rtept><rtept lat="57.554892" lon="12.460227"><ele>83.8</ele></rtept><rtept lat="57.554905" lon="12.460192"><ele>83.8</ele></rtept><rtept lat="57.554912" lon="12.460152"><ele>83.8</ele></rtept><rtept lat="57.554918" lon="12.460102"><ele>83.2</ele></rtept><rtept lat="57.554923" lon="12.460055"><ele>83.2</ele></rtept><rtept lat="57.554923" lon="12.460013"><ele>83.2</ele></rtept><rtept lat="57.554923" lon="12.45997"><ele>82.6</ele></rtept><rtept lat="57.554918" lon="12.45992"><ele>82.6</ele></rtept><rtept lat="57.554905" lon="12.45986"><ele>82.8</ele></rtept><rtept lat="57.554898" lon="12.459812"><ele>82.2</ele></rtept><rtept lat="57.554892" lon="12.45976"><ele>82.4</ele></rtept><rtept lat="57.554878" lon="12.459717"><ele>82.4</ele></rtept><rtept lat="57.554873" lon="12.459675"><ele>82.2</ele></rtept><rtept lat="57.554853" lon="12.459637"><ele>82.4</ele></rtept><rtept lat="57.554835" lon="12.4596"><ele>82.2</ele></rtept><rtept lat="57.554815" lon="12.459558"><ele>82.0</ele></rtept><rtept lat="57.554797" lon="12.45952"><ele>82.0</ele></rtept><rtept lat="57.554777" lon="12.459483"><ele>81.8</ele></rtept><rtept lat="57.554752" lon="12.459442"><ele>81.4</ele></rtept><rtept lat="57.55472" lon="12.459403"><ele>81.6</ele></rtept><rtept lat="57.5547" lon="12.45938"><ele>81.2</ele></rtept><rtept lat="57.55468" lon="12.459348"><ele>81.4</ele></rtept><rtept lat="57.554655" lon="12.459323"><ele>81.6</ele></rtept><rtept lat="57.55463" lon="12.459295"><ele>81.0</ele></rtept><rtept lat="57.55461" lon="12.459262"><ele>81.4</ele></rtept><rtept lat="57.554585" lon="12.45924"><ele>81.4</ele></rtept><rtept lat="57.554565" lon="12.45923"><ele>81.4</ele></rtept><rtept lat="57.554547" lon="12.459218"><ele>81.6</ele></rtept><rtept lat="57.554515" lon="12.459195"><ele>81.8</ele></rtept><rtept lat="57.554495" lon="12.459188"><ele>82.0</ele></rtept><rtept lat="57.554477" lon="12.459185"><ele>81.6</ele></rtept><rtept lat="57.554457" lon="12.459183"><ele>82.2</ele></rtept><rtept lat="57.554438" lon="12.459183"><ele>82.2</ele></rtept><rtept lat="57.554418" lon="12.459177"><ele>82.2</ele></rtept><rtept lat="57.554393" lon="12.459177"><ele>82.6</ele></rtept><rtept lat="57.55436" lon="12.459195"><ele>82.4</ele></rtept><rtept lat="57.554335" lon="12.4592"><ele>82.6</ele></rtept><rtept lat="57.554317" lon="12.459197"><ele>82.8</ele></rtept><rtept lat="57.554297" lon="12.459195"><ele>82.8</ele></rtept><rtept lat="57.554278" lon="12.459195"><ele>83.0</ele></rtept><rtept lat="57.554245" lon="12.459195"><ele>83.2</ele></rtept><rtept lat="57.55422" lon="12.459203"><ele>83.0</ele></rtept><rtept lat="57.554195" lon="12.4592"><ele>83.2</ele></rtept><rtept lat="57.554168" lon="12.4592"><ele>83.4</ele></rtept><rtept lat="57.55415" lon="12.45919"><ele>83.4</ele></rtept><rtept lat="57.554123" lon="12.459195"><ele>83.6</ele></rtept><rtept lat="57.554092" lon="12.45918"><ele>83.8</ele></rtept><rtept lat="57.55406" lon="12.45916"><ele>83.8</ele></rtept><rtept lat="57.55404" lon="12.459152"><ele>84.0</ele></rtept><rtept lat="57.554008" lon="12.459148"><ele>84.4</ele></rtept><rtept lat="57.553983" lon="12.459143"><ele>84.2</ele></rtept><rtept lat="57.553952" lon="12.459137"><ele>84.4</ele></rtept><rtept lat="57.553925" lon="12.45913"><ele>85.0</ele></rtept><rtept lat="57.5539" lon="12.45911"><ele>84.8</ele></rtept><rtept lat="57.553868" lon="12.459087"><ele>85.0</ele></rtept><rtept lat="57.553848" lon="12.459062"><ele>84.8</ele></rtept><rtept lat="57.55383" lon="12.45903"><ele>85.0</ele></rtept><rtept lat="57.55381" lon="12.459"><ele>85.0</ele></rtept><rtept lat="57.553792" lon="12.458967"><ele>84.6</ele></rtept><rtept lat="57.553772" lon="12.458945"><ele>84.8</ele></rtept><rtept lat="57.553753" lon="12.458917"><ele>85.0</ele></rtept><rtept lat="57.553715" lon="12.458883"><ele>85.2</ele></rtept><rtept lat="57.553688" lon="12.458873"><ele>85.0</ele></rtept><rtept lat="57.55367" lon="12.458858"><ele>85.0</ele></rtept><rtept lat="57.55365" lon="12.458838"><ele>85.2</ele></rtept><rtept lat="57.553632" lon="12.45882"><ele>85.0</ele></rtept><rtept lat="57.553605" lon="12.458807"><ele>84.8</ele></rtept><rtept lat="57.553593" lon="12.458782"><ele>85.2</ele></rtept><rtept lat="57.55358" lon="12.458758"><ele>85.2</ele></rtept><rtept lat="57.553555" lon="12.458715"><ele>85.4</ele></rtept><rtept lat="57.553528" lon="12.458682"><ele>85.6</ele></rtept><rtept lat="57.553517" lon="12.458658"><ele>86.0</ele></rtept><rtept lat="57.553503" lon="12.45863"><ele>85.8</ele></rtept><rtept lat="57.553483" lon="12.4586"><ele>86.2</ele></rtept><rtept lat="57.553465" lon="12.45858"><ele>86.6</ele></rtept><rtept lat="57.553445" lon="12.45856"><ele>86.6</ele></rtept><rtept lat="57.553427" lon="12.45854"><ele>86.8</ele></rtept><rtept lat="57.553407" lon="12.45852"><ele>86.8</ele></rtept><rtept lat="57.553395" lon="12.458493"><ele>86.8</ele></rtept><rtept lat="57.553375" lon="12.45847"><ele>87.2</ele></rtept><rtept lat="57.553357" lon="12.45845"><ele>87.2</ele></rtept><rtept lat="57.55333" lon="12.458437"><ele>87.2</ele></rtept><rtept lat="57.553305" lon="12.45842"><ele>87.4</ele></rtept><rtept lat="57.553267" lon="12.458397"><ele>87.2</ele></rtept><rtept lat="57.55324" lon="12.45839"><ele>87.4</ele></rtept><rtept lat="57.553215" lon="12.458398"><ele>87.4</ele></rtept><rtept lat="57.553197" lon="12.45841"><ele>87.4</ele></rtept><rtept lat="57.553177" lon="12.45842"><ele>87.6</ele></rtept><rtept lat="57.553145" lon="12.458427"><ele>87.4</ele></rtept><rtept lat="57.55312" lon="12.458387"><ele>87.8</ele></rtept><rtept lat="57.553087" lon="12.458358"><ele>87.6</ele></rtept><rtept lat="57.553068" lon="12.45834"><ele>87.8</ele></rtept><rtept lat="57.553048" lon="12.458325"><ele>88.2</ele></rtept><rtept lat="57.55303" lon="12.458315"><ele>88.2</ele></rtept><rtept lat="57.55301" lon="12.4583"><ele>88.0</ele></rtept><rtept lat="57.552992" lon="12.45829"><ele>88.4</ele></rtept><rtept lat="57.552965" lon="12.458265"><ele>88.4</ele></rtept><rtept lat="57.552947" lon="12.458255"><ele>88.6</ele></rtept><rtept lat="57.552927" lon="12.458245"><ele>88.4</ele></rtept><rtept lat="57.552908" lon="12.458227"><ele>88.4</ele></rtept><rtept lat="57.552895" lon="12.4582"><ele>88.8</ele></rtept><rtept lat="57.552882" lon="12.458172"><ele>88.8</ele></rtept><rtept lat="57.552877" lon="12.45814"><ele>88.8</ele></rtept><rtept lat="57.552857" lon="12.458092"><ele>89.2</ele></rtept><rtept lat="57.552832" lon="12.45806"><ele>89.0</ele></rtept><rtept lat="57.552805" lon="12.458032"><ele>89.2</ele></rtept><rtept lat="57.552787" lon="12.458002"><ele>89.2</ele></rtept><rtept lat="57.552767" lon="12.457978"><ele>89.4</ele></rtept><rtept lat="57.552748" lon="12.45793"><ele>89.8</ele></rtept><rtept lat="57.552735" lon="12.457902"><ele>90.0</ele></rtept><rtept lat="57.55271" lon="12.457863"><ele>90.4</ele></rtept><rtept lat="57.55269" lon="12.457848"><ele>90.4</ele></rtept><rtept lat="57.552672" lon="12.45783"><ele>90.8</ele></rtept><rtept lat="57.552658" lon="12.457788"><ele>91.2</ele></rtept><rtept lat="57.552645" lon="12.457763"><ele>91.6</ele></rtept><rtept lat="57.552633" lon="12.457737"><ele>91.6</ele></rtept><rtept lat="57.55262" lon="12.457705"><ele>91.2</ele></rtept><rtept lat="57.552607" lon="12.457677"><ele>91.6</ele></rtept><rtept lat="57.552588" lon="12.457657"><ele>91.8</ele></rtept><rtept lat="57.552568" lon="12.457647"><ele>91.4</ele></rtept><rtept lat="57.552537" lon="12.457612"><ele>91.8</ele></rtept><rtept lat="57.552523" lon="12.45757"><ele>92.0</ele></rtept><rtept lat="57.552492" lon="12.457545"><ele>92.0</ele></rtept><rtept lat="57.552467" lon="12.457538"><ele>92.0</ele></rtept><rtept lat="57.552447" lon="12.457522"><ele>92.2</ele></rtept><rtept lat="57.552428" lon="12.457502"><ele>92.2</ele></rtept><rtept lat="57.552408" lon="12.457473"><ele>92.2</ele></rtept><rtept lat="57.552397" lon="12.457447"><ele>92.4</ele></rtept><rtept lat="57.552377" lon="12.457422"><ele>92.4</ele></rtept><rtept lat="57.552352" lon="12.4574"><ele>92.2</ele></rtept><rtept lat="57.552332" lon="12.457388"><ele>92.4</ele></rtept><rtept lat="57.552313" lon="12.457387"><ele>91.6</ele></rtept><rtept lat="57.552293" lon="12.457382"><ele>91.6</ele></rtept><rtept lat="57.552275" lon="12.457373"><ele>92.2</ele></rtept><rtept lat="57.552248" lon="12.457328"><ele>92.2</ele></rtept><rtept lat="57.552237" lon="12.4573"><ele>92.6</ele></rtept><rtept lat="57.552223" lon="12.457275"><ele>92.8</ele></rtept><rtept lat="57.552203" lon="12.457253"><ele>92.8</ele></rtept><rtept lat="57.552178" lon="12.4572"><ele>92.4</ele></rtept><rtept lat="57.552172" lon="12.457168"><ele>92.0</ele></rtept><rtept lat="57.552165" lon="12.457133"><ele>92.0</ele></rtept><rtept lat="57.55214" lon="12.457095"><ele>92.0</ele></rtept><rtept lat="57.55212" lon="12.457077"><ele>92.0</ele></rtept><rtept lat="57.552102" lon="12.457023"><ele>92.2</ele></rtept><rtept lat="57.552077" lon="12.456972"><ele>92.4</ele></rtept><rtept lat="57.552063" lon="12.456945"><ele>92.8</ele></rtept><rtept lat="57.55205" lon="12.456918"><ele>93.0</ele></rtept><rtept lat="57.552025" lon="12.456898"><ele>93.0</ele></rtept><rtept lat="57.552005" lon="12.456878"><ele>93.2</ele></rtept><rtept lat="57.551987" lon="12.456865"><ele>93.4</ele></rtept><rtept lat="57.55196" lon="12.456855"><ele>93.0</ele></rtept><rtept lat="57.551942" lon="12.45684"><ele>93.0</ele></rtept><rtept lat="57.551922" lon="12.45683"><ele>93.2</ele></rtept><rtept lat="57.551903" lon="12.456818"><ele>92.8</ele></rtept><rtept lat="57.551883" lon="12.4568"><ele>92.6</ele></rtept><rtept lat="57.551865" lon="12.456787"><ele>92.8</ele></rtept><rtept lat="57.55184" lon="12.45678"><ele>92.8</ele></rtept><rtept lat="57.55182" lon="12.456777"><ele>92.6</ele></rtept><rtept lat="57.5518" lon="12.456772"><ele>92.6</ele></rtept><rtept lat="57.551775" lon="12.456772"><ele>92.8</ele></rtept><rtept lat="57.551757" lon="12.456773"><ele>92.2</ele></rtept><rtept lat="57.551737" lon="12.456772"><ele>92.2</ele></rtept><rtept lat="57.551718" lon="12.45676"><ele>92.2</ele></rtept><rtept lat="57.551698" lon="12.456738"><ele>92.2</ele></rtept><rtept lat="57.55168" lon="12.45676"><ele>92.0</ele></rtept><rtept lat="57.55166" lon="12.456762"><ele>92.0</ele></rtept><rtept lat="57.55164" lon="12.45676"><ele>92.0</ele></rtept><rtept lat="57.551615" lon="12.456753"><ele>92.0</ele></rtept><rtept lat="57.551583" lon="12.456747"><ele>92.0</ele></rtept><rtept lat="57.551563" lon="12.45674"><ele>91.8</ele></rtept><rtept lat="57.551545" lon="12.456732"><ele>91.6</ele></rtept><rtept lat="57.551525" lon="12.456727"><ele>91.8</ele></rtept><rtept lat="57.551507" lon="12.45672"><ele>91.6</ele></rtept><rtept lat="57.551487" lon="12.456707"><ele>91.4</ele></rtept><rtept lat="57.551462" lon="12.456683"><ele>91.0</ele></rtept><rtept lat="57.55143" lon="12.456662"><ele>90.8</ele></rtept><rtept lat="57.55141" lon="12.456657"><ele>90.6</ele></rtept><rtept lat="57.551385" lon="12.456653"><ele>90.2</ele></rtept><rtept lat="57.55136" lon="12.456653"><ele>90.0</ele></rtept><rtept lat="57.551333" lon="12.456653"><ele>90.0</ele></rtept><rtept lat="57.551302" lon="12.456647"><ele>89.8</ele></rtept><rtept lat="57.55127" lon="12.456637"><ele>89.6</ele></rtept><rtept lat="57.551243" lon="12.456623"><ele>89.6</ele></rtept><rtept lat="57.551225" lon="12.456607"><ele>89.2</ele></rtept><rtept lat="57.551205" lon="12.456592"><ele>89.2</ele></rtept><rtept lat="57.551187" lon="12.45658"><ele>89.2</ele></rtept><rtept lat="57.55116" lon="12.456575"><ele>89.0</ele></rtept><rtept lat="57.551142" lon="12.456573"><ele>88.8</ele></rtept><rtept lat="57.551122" lon="12.456567"><ele>89.0</ele></rtept><rtept lat="57.551103" lon="12.456555"><ele>88.6</ele></rtept><rtept lat="57.551083" lon="12.456543"><ele>88.8</ele></rtept><rtept lat="57.551058" lon="12.45653"><ele>88.6</ele></rtept><rtept lat="57.55104" lon="12.45652"><ele>88.8</ele></rtept><rtept lat="57.55102" lon="12.456515"><ele>88.8</ele></rtept><rtept lat="57.550988" lon="12.456513"><ele>89.0</ele></rtept><rtept lat="57.550962" lon="12.456513"><ele>89.0</ele></rtept><rtept lat="57.550937" lon="12.456505"><ele>88.8</ele></rtept><rtept lat="57.550912" lon="12.456493"><ele>88.8</ele></rtept><rtept lat="57.550885" lon="12.456478"><ele>89.2</ele></rtept><rtept lat="57.55086" lon="12.456457"><ele>88.6</ele></rtept><rtept lat="57.55084" lon="12.456433"><ele>89.0</ele></rtept><rtept lat="57.550822" lon="12.456397"><ele>89.0</ele></rtept><rtept lat="57.550802" lon="12.45635"><ele>88.8</ele></rtept><rtept lat="57.550783" lon="12.456305"><ele>88.8</ele></rtept><rtept lat="57.550763" lon="12.456265"><ele>88.6</ele></rtept><rtept lat="57.550745" lon="12.45623"><ele>88.2</ele></rtept><rtept lat="57.550713" lon="12.4562"><ele>88.4</ele></rtept><rtept lat="57.550687" lon="12.456182"><ele>88.0</ele></rtept><rtept lat="57.550655" lon="12.456177"><ele>87.8</ele></rtept><rtept lat="57.550617" lon="12.456175"><ele>87.8</ele></rtept><rtept lat="57.550585" lon="12.45616"><ele>87.8</ele></rtept><rtept lat="57.550558" lon="12.456138"><ele>87.6</ele></rtept><rtept lat="57.550533" lon="12.456117"><ele>87.6</ele></rtept><rtept lat="57.550515" lon="12.456098"><ele>87.4</ele></rtept><rtept lat="57.550488" lon="12.456082"><ele>87.2</ele></rtept><rtept lat="57.550463" lon="12.456068"><ele>87.4</ele></rtept><rtept lat="57.550443" lon="12.456058"><ele>87.0</ele></rtept><rtept lat="57.550425" lon="12.456038"><ele>86.8</ele></rtept><rtept lat="57.550405" lon="12.456017"><ele>87.0</ele></rtept><rtept lat="57.550387" lon="12.455957"><ele>86.6</ele></rtept><rtept lat="57.55038" lon="12.455922"><ele>86.8</ele></rtept><rtept lat="57.550367" lon="12.455887"><ele>86.6</ele></rtept><rtept lat="57.550355" lon="12.455845"><ele>86.6</ele></rtept><rtept lat="57.550335" lon="12.455808"><ele>86.4</ele></rtept><rtept lat="57.550322" lon="12.45576"><ele>86.6</ele></rtept><rtept lat="57.550303" lon="12.45572"><ele>87.0</ele></rtept><rtept lat="57.55029" lon="12.455683"><ele>86.8</ele></rtept><rtept lat="57.550272" lon="12.455655"><ele>87.2</ele></rtept><rtept lat="57.550252" lon="12.455632"><ele>87.2</ele></rtept><rtept lat="57.550227" lon="12.455577"><ele>87.4</ele></rtept><rtept lat="57.5502" lon="12.455538"><ele>87.4</ele></rtept><rtept lat="57.550182" lon="12.455498"><ele>87.8</ele></rtept><rtept lat="57.550157" lon="12.45546"><ele>88.2</ele></rtept><rtept lat="57.55013" lon="12.455417"><ele>88.4</ele></rtept><rtept lat="57.550098" lon="12.455373"><ele>89.0</ele></rtept><rtept lat="57.55008" lon="12.455347"><ele>89.0</ele></rtept><rtept lat="57.55006" lon="12.4553"><ele>89.6</ele></rtept><rtept lat="57.55004" lon="12.45528"><ele>89.8</ele></rtept><rtept lat="57.550015" lon="12.455253"><ele>90.0</ele></rtept><rtept lat="57.549997" lon="12.455222"><ele>89.8</ele></rtept><rtept lat="57.549977" lon="12.455195"><ele>89.8</ele></rtept><rtept lat="57.549963" lon="12.455163"><ele>90.2</ele></rtept><rtept lat="57.549952" lon="12.45511"><ele>89.8</ele></rtept><rtept lat="57.549932" lon="12.455088"><ele>89.8</ele></rtept><rtept lat="57.549913" lon="12.455062"><ele>89.8</ele></rtept><rtept lat="57.549893" lon="12.455043"><ele>90.0</ele></rtept><rtept lat="57.549875" lon="12.45502"><ele>90.2</ele></rtept><rtept lat="57.549855" lon="12.454993"><ele>90.0</ele></rtept><rtept lat="57.549837" lon="12.454963"><ele>90.2</ele></rtept><rtept lat="57.549817" lon="12.45494"><ele>90.2</ele></rtept><rtept lat="57.549798" lon="12.454895"><ele>90.4</ele></rtept><rtept lat="57.549778" lon="12.45484"><ele>90.2</ele></rtept><rtept lat="57.549772" lon="12.454807"><ele>90.4</ele></rtept><rtept lat="57.549753" lon="12.45477"><ele>90.6</ele></rtept><rtept lat="57.54974" lon="12.45474"><ele>90.2</ele></rtept><rtept lat="57.549715" lon="12.454712"><ele>90.4</ele></rtept><rtept lat="57.549695" lon="12.454678"><ele>90.6</ele></rtept><rtept lat="57.549677" lon="12.454613"><ele>90.2</ele></rtept><rtept lat="57.549657" lon="12.454553"><ele>90.4</ele></rtept><rtept lat="57.549638" lon="12.454508"><ele>90.4</ele></rtept><rtept lat="57.549618" lon="12.454475"><ele>90.2</ele></rtept><rtept lat="57.549605" lon="12.454435"><ele>90.4</ele></rtept><rtept lat="57.549587" lon="12.454403"><ele>90.6</ele></rtept><rtept lat="57.549573" lon="12.454368"><ele>90.2</ele></rtept><rtept lat="57.54956" lon="12.454325"><ele>90.6</ele></rtept><rtept lat="57.549542" lon="12.454295"><ele>90.4</ele></rtept><rtept lat="57.549503" lon="12.45425"><ele>90.4</ele></rtept><rtept lat="57.549478" lon="12.454232"><ele>90.4</ele></rtept><rtept lat="57.549458" lon="12.45421"><ele>90.2</ele></rtept><rtept lat="57.549433" lon="12.454192"><ele>90.4</ele></rtept><rtept lat="57.549407" lon="12.454172"><ele>90.6</ele></rtept><rtept lat="57.549388" lon="12.454142"><ele>90.4</ele></rtept><rtept lat="57.549362" lon="12.454115"><ele>90.6</ele></rtept><rtept lat="57.549343" lon="12.454085"><ele>90.8</ele></rtept><rtept lat="57.549323" lon="12.454065"><ele>90.6</ele></rtept><rtept lat="57.549305" lon="12.454045"><ele>90.8</ele></rtept><rtept lat="57.54928" lon="12.454025"><ele>91.0</ele></rtept><rtept lat="57.549267" lon="12.454"><ele>90.6</ele></rtept><rtept lat="57.549247" lon="12.453977"><ele>91.0</ele></rtept><rtept lat="57.549228" lon="12.453967"><ele>91.0</ele></rtept><rtept lat="57.549197" lon="12.453952"><ele>91.0</ele></rtept><rtept lat="57.54917" lon="12.453938"><ele>91.2</ele></rtept><rtept lat="57.549152" lon="12.45392"><ele>90.6</ele></rtept><rtept lat="57.549125" lon="12.4539"><ele>90.8</ele></rtept><rtept lat="57.549093" lon="12.453848"><ele>90.4</ele></rtept><rtept lat="57.549075" lon="12.453827"><ele>90.6</ele></rtept><rtept lat="57.549055" lon="12.4538"><ele>91.0</ele></rtept><rtept lat="57.549037" lon="12.453762"><ele>90.6</ele></rtept><rtept lat="57.549017" lon="12.45374"><ele>90.6</ele></rtept><rtept lat="57.548998" lon="12.453715"><ele>90.6</ele></rtept><rtept lat="57.548972" lon="12.453678"><ele>90.2</ele></rtept><rtept lat="57.548947" lon="12.453643"><ele>90.2</ele></rtept><rtept lat="57.548927" lon="12.453618"><ele>90.2</ele></rtept><rtept lat="57.548902" lon="12.45359"><ele>90.0</ele></rtept><rtept lat="57.548877" lon="12.45357"><ele>90.0</ele></rtept><rtept lat="57.548857" lon="12.45355"><ele>89.8</ele></rtept><rtept lat="57.548838" lon="12.453523"><ele>89.6</ele></rtept><rtept lat="57.548818" lon="12.453497"><ele>89.8</ele></rtept><rtept lat="57.548793" lon="12.453475"><ele>89.6</ele></rtept><rtept lat="57.548767" lon="12.453457"><ele>89.2</ele></rtept><rtept lat="57.548748" lon="12.453437"><ele>89.4</ele></rtept><rtept lat="57.548728" lon="12.453415"><ele>89.2</ele></rtept><rtept lat="57.54871" lon="12.453395"><ele>88.6</ele></rtept><rtept lat="57.54869" lon="12.45337"><ele>88.8</ele></rtept><rtept lat="57.548672" lon="12.453347"><ele>88.4</ele></rtept><rtept lat="57.548658" lon="12.453318"><ele>88.0</ele></rtept><rtept lat="57.548645" lon="12.453273"><ele>87.8</ele></rtept><rtept lat="57.54864" lon="12.453233"><ele>87.8</ele></rtept><rtept lat="57.54862" lon="12.4532"><ele>87.4</ele></rtept><rtept lat="57.548595" lon="12.45316"><ele>87.2</ele></rtept><rtept lat="57.548582" lon="12.45312"><ele>87.2</ele></rtept><rtept lat="57.548575" lon="12.453073"><ele>86.6</ele></rtept><rtept lat="57.548562" lon="12.453008"><ele>86.6</ele></rtept><rtept lat="57.54855" lon="12.452962"><ele>86.6</ele></rtept><rtept lat="57.548537" lon="12.452928"><ele>86.0</ele></rtept><rtept lat="57.548523" lon="12.452888"><ele>86.0</ele></rtept><rtept lat="57.548518" lon="12.452855"><ele>86.0</ele></rtept><rtept lat="57.548492" lon="12.45282"><ele>85.4</ele></rtept><rtept lat="57.548473" lon="12.452775"><ele>84.8</ele></rtept><rtept lat="57.548447" lon="12.452738"><ele>84.0</ele></rtept><rtept lat="57.548428" lon="12.45272"><ele>83.8</ele></rtept><rtept lat="57.548402" lon="12.452677"><ele>82.8</ele></rtept><rtept lat="57.548377" lon="12.452645"><ele>82.0</ele></rtept><rtept lat="57.548352" lon="12.452613"><ele>81.8</ele></rtept><rtept lat="57.548325" lon="12.452597"><ele>81.6</ele></rtept><rtept lat="57.548307" lon="12.45258"><ele>81.4</ele></rtept><rtept lat="57.548287" lon="12.452563"><ele>81.6</ele></rtept><rtept lat="57.548268" lon="12.452517"><ele>81.4</ele></rtept><rtept lat="57.548262" lon="12.452472"><ele>81.4</ele></rtept><rtept lat="57.548262" lon="12.452433"><ele>81.8</ele></rtept><rtept lat="57.548262" lon="12.452387"><ele>82.0</ele></rtept><rtept lat="57.548268" lon="12.452322"><ele>82.6</ele></rtept><rtept lat="57.548262" lon="12.452278"><ele>83.0</ele></rtept><rtept lat="57.54823" lon="12.45225"><ele>83.8</ele></rtept><rtept lat="57.548203" lon="12.4522"><ele>84.6</ele></rtept><rtept lat="57.548192" lon="12.45217"><ele>85.0</ele></rtept><rtept lat="57.548172" lon="12.452123"><ele>85.4</ele></rtept><rtept lat="57.548153" lon="12.4521"><ele>85.8</ele></rtept><rtept lat="57.548127" lon="12.45207"><ele>86.0</ele></rtept><rtept lat="57.548108" lon="12.452057"><ele>86.4</ele></rtept><rtept lat="57.548082" lon="12.452038"><ele>86.0</ele></rtept><rtept lat="57.548063" lon="12.452027"><ele>86.6</ele></rtept><rtept lat="57.548043" lon="12.452012"><ele>86.8</ele></rtept><rtept lat="57.548012" lon="12.45197"><ele>86.6</ele></rtept><rtept lat="57.547987" lon="12.451952"><ele>87.2</ele></rtept><rtept lat="57.547955" lon="12.451947"><ele>87.0</ele></rtept><rtept lat="57.547922" lon="12.45196"><ele>87.6</ele></rtept><rtept lat="57.54789" lon="12.451992"><ele>87.4</ele></rtept><rtept lat="57.547858" lon="12.452"><ele>87.8</ele></rtept><rtept lat="57.54784" lon="12.451995"><ele>87.8</ele></rtept><rtept lat="57.547807" lon="12.451987"><ele>88.2</ele></rtept><rtept lat="57.547788" lon="12.451978"><ele>88.2</ele></rtept><rtept lat="57.547762" lon="12.451965"><ele>88.8</ele></rtept><rtept lat="57.547743" lon="12.451965"><ele>89.0</ele></rtept><rtept lat="57.547723" lon="12.45196"><ele>89.6</ele></rtept><rtept lat="57.547705" lon="12.451955"><ele>89.8</ele></rtept><rtept lat="57.547673" lon="12.451955"><ele>90.2</ele></rtept><rtept lat="57.547653" lon="12.451972"><ele>90.6</ele></rtept><rtept lat="57.547653" lon="12.452005"><ele>90.4</ele></rtept><rtept lat="57.547653" lon="12.452042"><ele>90.8</ele></rtept><rtept lat="57.547635" lon="12.452103"><ele>90.8</ele></rtept><rtept lat="57.547628" lon="12.452137"><ele>90.8</ele></rtept><rtept lat="57.547615" lon="12.45217"><ele>90.8</ele></rtept><rtept lat="57.547597" lon="12.4522"><ele>90.8</ele></rtept><rtept lat="57.547577" lon="12.45226"><ele>90.2</ele></rtept><rtept lat="57.547563" lon="12.452283"><ele>90.2</ele></rtept><rtept lat="57.547545" lon="12.452308"><ele>90.0</ele></rtept><rtept lat="57.547532" lon="12.452335"><ele>89.8</ele></rtept><rtept lat="57.547513" lon="12.452368"><ele>89.6</ele></rtept><rtept lat="57.547493" lon="12.452388"><ele>89.4</ele></rtept><rtept lat="57.547475" lon="12.452393"><ele>89.4</ele></rtept><rtept lat="57.547455" lon="12.452403"><ele>89.0</ele></rtept><rtept lat="57.547437" lon="12.452413"><ele>88.8</ele></rtept><rtept lat="57.547417" lon="12.452415"><ele>89.0</ele></rtept><rtept lat="57.547392" lon="12.452403"><ele>88.2</ele></rtept><rtept lat="57.547372" lon="12.452392"><ele>88.2</ele></rtept><rtept lat="57.547353" lon="12.452383"><ele>87.4</ele></rtept><rtept lat="57.547327" lon="12.452382"><ele>87.4</ele></rtept><rtept lat="57.547308" lon="12.452378"><ele>87.2</ele></rtept><rtept lat="57.547288" lon="12.452373"><ele>87.2</ele></rtept><rtept lat="57.547263" lon="12.452368"><ele>87.4</ele></rtept><rtept lat="57.547243" lon="12.452362"><ele>87.2</ele></rtept><rtept lat="57.547212" lon="12.452342"><ele>86.8</ele></rtept><rtept lat="57.547193" lon="12.452325"><ele>86.6</ele></rtept><rtept lat="57.547173" lon="12.452313"><ele>86.2</ele></rtept><rtept lat="57.547155" lon="12.452298"><ele>86.2</ele></rtept><rtept lat="57.547135" lon="12.452285"><ele>86.2</ele></rtept><rtept lat="57.547117" lon="12.452275"><ele>86.0</ele></rtept><rtept lat="57.547097" lon="12.45227"><ele>85.8</ele></rtept><rtept lat="57.547078" lon="12.452268"><ele>85.6</ele></rtept><rtept lat="57.547058" lon="12.452258"><ele>85.6</ele></rtept><rtept lat="57.54704" lon="12.452248"><ele>85.4</ele></rtept><rtept lat="57.547013" lon="12.452225"><ele>85.4</ele></rtept><rtept lat="57.546995" lon="12.45222"><ele>85.4</ele></rtept><rtept lat="57.546968" lon="12.452217"><ele>85.4</ele></rtept><rtept lat="57.546937" lon="12.452215"><ele>85.2</ele></rtept><rtept lat="57.546918" lon="12.452217"><ele>85.2</ele></rtept><rtept lat="57.546898" lon="12.452225"><ele>85.2</ele></rtept><rtept lat="57.54688" lon="12.452243"><ele>85.0</ele></rtept><rtept lat="57.54686" lon="12.452268"><ele>85.2</ele></rtept><rtept lat="57.54684" lon="12.452288"><ele>85.2</ele></rtept><rtept lat="57.546815" lon="12.452308"><ele>85.2</ele></rtept><rtept lat="57.54679" lon="12.452335"><ele>85.4</ele></rtept><rtept lat="57.546752" lon="12.452362"><ele>85.0</ele></rtept><rtept lat="57.54672" lon="12.452368"><ele>84.6</ele></rtept><rtept lat="57.546687" lon="12.452378"><ele>84.8</ele></rtept><rtept lat="57.546662" lon="12.452363"><ele>84.2</ele></rtept><rtept lat="57.54663" lon="12.452375"><ele>84.0</ele></rtept><rtept lat="57.546598" lon="12.452395"><ele>83.8</ele></rtept><rtept lat="57.546565" lon="12.45242"><ele>83.8</ele></rtept><rtept lat="57.546533" lon="12.452448"><ele>84.2</ele></rtept><rtept lat="57.546515" lon="12.452482"><ele>84.2</ele></rtept><rtept lat="57.546477" lon="12.452498"><ele>84.0</ele></rtept><rtept lat="57.546438" lon="12.452508"><ele>84.6</ele></rtept><rtept lat="57.546412" lon="12.452533"><ele>84.6</ele></rtept><rtept lat="57.546393" lon="12.452558"><ele>85.4</ele></rtept><rtept lat="57.546367" lon="12.45258"><ele>85.8</ele></rtept><rtept lat="57.546348" lon="12.452602"><ele>85.6</ele></rtept><rtept lat="57.546322" lon="12.452632"><ele>86.0</ele></rtept><rtept lat="57.546297" lon="12.45262"><ele>86.0</ele></rtept><rtept lat="57.546278" lon="12.452638"><ele>86.6</ele></rtept><rtept lat="57.546252" lon="12.452678"><ele>87.0</ele></rtept><rtept lat="57.546213" lon="12.452702"><ele>87.2</ele></rtept><rtept lat="57.546182" lon="12.452705"><ele>87.0</ele></rtept><rtept lat="57.54615" lon="12.45272"><ele>87.4</ele></rtept><rtept lat="57.546118" lon="12.452725"><ele>87.4</ele></rtept><rtept lat="57.546085" lon="12.452735"><ele>87.2</ele></rtept><rtept lat="57.546053" lon="12.45275"><ele>87.4</ele></rtept><rtept lat="57.546028" lon="12.45277"><ele>87.6</ele></rtept><rtept lat="57.546002" lon="12.452775"><ele>87.2</ele></rtept><rtept lat="57.545977" lon="12.452765"><ele>87.4</ele></rtept><rtept lat="57.545938" lon="12.45276"><ele>87.6</ele></rtept><rtept lat="57.545913" lon="12.452752"><ele>87.2</ele></rtept><rtept lat="57.54588" lon="12.452745"><ele>87.4</ele></rtept><rtept lat="57.545855" lon="12.452732"><ele>86.8</ele></rtept><rtept lat="57.545837" lon="12.45274"><ele>87.0</ele></rtept><rtept lat="57.545817" lon="12.452762"><ele>87.0</ele></rtept><rtept lat="57.545798" lon="12.45278"><ele>86.8</ele></rtept><rtept lat="57.545772" lon="12.452785"><ele>86.8</ele></rtept><rtept lat="57.545747" lon="12.452795"><ele>86.8</ele></rtept><rtept lat="57.54572" lon="12.45276"><ele>86.6</ele></rtept><rtept lat="57.545702" lon="12.45275"><ele>86.8</ele></rtept><rtept lat="57.545688" lon="12.452722"><ele>86.2</ele></rtept><rtept lat="57.54567" lon="12.452727"><ele>86.4</ele></rtept><rtept lat="57.545643" lon="12.452747"><ele>86.0</ele></rtept><rtept lat="57.545625" lon="12.45276"><ele>86.2</ele></rtept><rtept lat="57.545605" lon="12.45277"><ele>86.2</ele></rtept><rtept lat="57.545587" lon="12.45278"><ele>85.6</ele></rtept><rtept lat="57.545567" lon="12.45281"><ele>85.8</ele></rtept><rtept lat="57.545548" lon="12.452823"><ele>85.4</ele></rtept><rtept lat="57.545528" lon="12.45284"><ele>85.6</ele></rtept><rtept lat="57.54551" lon="12.452855"><ele>85.6</ele></rtept><rtept lat="57.54549" lon="12.45286"><ele>85.2</ele></rtept><rtept lat="57.545458" lon="12.452868"><ele>85.4</ele></rtept><rtept lat="57.54544" lon="12.452873"><ele>85.4</ele></rtept><rtept lat="57.545407" lon="12.452873"><ele>85.4</ele></rtept><rtept lat="57.545388" lon="12.45287"><ele>85.0</ele></rtept><rtept lat="57.545368" lon="12.45287"><ele>85.2</ele></rtept><rtept lat="57.545343" lon="12.452865"><ele>85.2</ele></rtept><rtept lat="57.545323" lon="12.452857"><ele>85.2</ele></rtept><rtept lat="57.545292" lon="12.45285"><ele>85.4</ele></rtept><rtept lat="57.545267" lon="12.452843"><ele>85.2</ele></rtept><rtept lat="57.54524" lon="12.452835"><ele>85.2</ele></rtept><rtept lat="57.545208" lon="12.452815"><ele>85.4</ele></rtept><rtept lat="57.545183" lon="12.452797"><ele>85.0</ele></rtept><rtept lat="57.545163" lon="12.452772"><ele>85.2</ele></rtept><rtept lat="57.545132" lon="12.452745"><ele>85.4</ele></rtept><rtept lat="57.545107" lon="12.452725"><ele>85.2</ele></rtept><rtept lat="57.545087" lon="12.45271"><ele>85.2</ele></rtept><rtept lat="57.545068" lon="12.452695"><ele>85.4</ele></rtept><rtept lat="57.545048" lon="12.45267"><ele>85.2</ele></rtept><rtept lat="57.545023" lon="12.452645"><ele>85.2</ele></rtept><rtept lat="57.545003" lon="12.45263"><ele>85.2</ele></rtept><rtept lat="57.544972" lon="12.452617"><ele>84.8</ele></rtept><rtept lat="57.544953" lon="12.452598"><ele>85.0</ele></rtept><rtept lat="57.544933" lon="12.452568"><ele>85.0</ele></rtept><rtept lat="57.544927" lon="12.452537"><ele>84.8</ele></rtept><rtept lat="57.54492" lon="12.4525"><ele>84.6</ele></rtept><rtept lat="57.544908" lon="12.452477"><ele>84.8</ele></rtept><rtept lat="57.544882" lon="12.452432"><ele>84.0</ele></rtept><rtept lat="57.544863" lon="12.452417"><ele>84.0</ele></rtept><rtept lat="57.544832" lon="12.452408"><ele>83.4</ele></rtept><rtept lat="57.544805" lon="12.452407"><ele>83.0</ele></rtept><rtept lat="57.544787" lon="12.452402"><ele>82.8</ele></rtept><rtept lat="57.544767" lon="12.452395"><ele>82.4</ele></rtept><rtept lat="57.544742" lon="12.452383"><ele>82.2</ele></rtept><rtept lat="57.544722" lon="12.452362"><ele>81.8</ele></rtept><rtept lat="57.54471" lon="12.452338"><ele>81.6</ele></rtept><rtept lat="57.54469" lon="12.45232"><ele>81.2</ele></rtept><rtept lat="57.544672" lon="12.4523"><ele>81.2</ele></rtept><rtept lat="57.544652" lon="12.45229"><ele>80.8</ele></rtept><rtept lat="57.544633" lon="12.452283"><ele>80.2</ele></rtept><rtept lat="57.544613" lon="12.452275"><ele>80.0</ele></rtept><rtept lat="57.544595" lon="12.45226"><ele>79.8</ele></rtept><rtept lat="57.544568" lon="12.45224"><ele>79.0</ele></rtept><rtept lat="57.544537" lon="12.45221"><ele>78.6</ele></rtept><rtept lat="57.544512" lon="12.452198"><ele>78.2</ele></rtept><rtept lat="57.544492" lon="12.452188"><ele>77.6</ele></rtept><rtept lat="57.544473" lon="12.452183"><ele>77.4</ele></rtept><rtept lat="57.544447" lon="12.45218"><ele>76.8</ele></rtept><rtept lat="57.544422" lon="12.452188"><ele>76.2</ele></rtept><rtept lat="57.54439" lon="12.452185"><ele>75.2</ele></rtept><rtept lat="57.544363" lon="12.452183"><ele>74.4</ele></rtept><rtept lat="57.544325" lon="12.4522"><ele>74.2</ele></rtept><rtept lat="57.5443" lon="12.452223"><ele>73.8</ele></rtept><rtept lat="57.54428" lon="12.452243"><ele>73.2</ele></rtept><rtept lat="57.544248" lon="12.452262"><ele>73.2</ele></rtept><rtept lat="57.54423" lon="12.452278"><ele>72.6</ele></rtept><rtept lat="57.54421" lon="12.452298"><ele>72.4</ele></rtept><rtept lat="57.544178" lon="12.45233"><ele>72.2</ele></rtept><rtept lat="57.544153" lon="12.452348"><ele>72.0</ele></rtept><rtept lat="57.54412" lon="12.452355"><ele>71.8</ele></rtept><rtept lat="57.544095" lon="12.452355"><ele>72.0</ele></rtept><rtept lat="57.54407" lon="12.452353"><ele>72.0</ele></rtept><rtept lat="57.54405" lon="12.452348"><ele>71.8</ele></rtept><rtept lat="57.544032" lon="12.452328"><ele>72.0</ele></rtept><rtept lat="57.544005" lon="12.452313"><ele>71.6</ele></rtept><rtept lat="57.54398" lon="12.452288"><ele>71.6</ele></rtept><rtept lat="57.54396" lon="12.45226"><ele>71.8</ele></rtept><rtept lat="57.543935" lon="12.452217"><ele>71.2</ele></rtept><rtept lat="57.543903" lon="12.45217"><ele>71.0</ele></rtept><rtept lat="57.54389" lon="12.45212"><ele>71.0</ele></rtept><rtept lat="57.543897" lon="12.45208"><ele>70.8</ele></rtept><rtept lat="57.543903" lon="12.452015"><ele>70.8</ele></rtept><rtept lat="57.54391" lon="12.451965"><ele>70.8</ele></rtept><rtept lat="57.543917" lon="12.451917"><ele>70.6</ele></rtept><rtept lat="57.543935" lon="12.451853"><ele>70.4</ele></rtept><rtept lat="57.543935" lon="12.451803"><ele>70.6</ele></rtept><rtept lat="57.543935" lon="12.451753"><ele>70.8</ele></rtept><rtept lat="57.543942" lon="12.4517"><ele>70.6</ele></rtept><rtept lat="57.543955" lon="12.451647"><ele>70.6</ele></rtept><rtept lat="57.543967" lon="12.4516"><ele>71.0</ele></rtept><rtept lat="57.543973" lon="12.451545"><ele>70.6</ele></rtept><rtept lat="57.543987" lon="12.45149"><ele>70.8</ele></rtept><rtept lat="57.544" lon="12.45144"><ele>70.4</ele></rtept><rtept lat="57.544018" lon="12.451375"><ele>70.4</ele></rtept><rtept lat="57.544032" lon="12.451345"><ele>70.6</ele></rtept><rtept lat="57.544043" lon="12.45132"><ele>70.4</ele></rtept><rtept lat="57.544057" lon="12.451297"><ele>70.4</ele></rtept><rtept lat="57.544077" lon="12.451267"><ele>70.6</ele></rtept><rtept lat="57.544088" lon="12.451238"><ele>70.2</ele></rtept><rtept lat="57.544102" lon="12.451205"><ele>70.4</ele></rtept><rtept lat="57.54412" lon="12.45118"><ele>70.6</ele></rtept><rtept lat="57.54414" lon="12.451147"><ele>70.2</ele></rtept><rtept lat="57.544153" lon="12.451113"><ele>70.6</ele></rtept><rtept lat="57.544172" lon="12.451077"><ele>70.4</ele></rtept><rtept lat="57.544192" lon="12.451047"><ele>70.4</ele></rtept><rtept lat="57.54421" lon="12.45102"><ele>70.8</ele></rtept><rtept lat="57.544237" lon="12.45098"><ele>70.4</ele></rtept><rtept lat="57.544255" lon="12.450962"><ele>70.6</ele></rtept><rtept lat="57.544275" lon="12.450942"><ele>70.4</ele></rtept><rtept lat="57.544293" lon="12.450915"><ele>70.6</ele></rtept><rtept lat="57.544313" lon="12.450888"><ele>70.8</ele></rtept><rtept lat="57.544325" lon="12.450853"><ele>70.6</ele></rtept><rtept lat="57.544338" lon="12.45082"><ele>71.0</ele></rtept><rtept lat="57.544352" lon="12.450795"><ele>71.0</ele></rtept><rtept lat="57.544363" lon="12.45077"><ele>70.8</ele></rtept><rtept lat="57.544377" lon="12.45074"><ele>71.0</ele></rtept><rtept lat="57.544397" lon="12.450728"><ele>71.0</ele></rtept><rtept lat="57.544415" lon="12.450717"><ele>71.2</ele></rtept><rtept lat="57.544435" lon="12.450707"><ele>71.4</ele></rtept><rtept lat="57.544447" lon="12.450682"><ele>71.0</ele></rtept><rtept lat="57.54446" lon="12.450637"><ele>71.0</ele></rtept><rtept lat="57.54448" lon="12.450597"><ele>71.2</ele></rtept><rtept lat="57.544498" lon="12.45056"><ele>71.2</ele></rtept><rtept lat="57.544512" lon="12.450518"><ele>71.4</ele></rtept><rtept lat="57.544518" lon="12.450477"><ele>71.6</ele></rtept><rtept lat="57.544518" lon="12.450418"><ele>71.6</ele></rtept><rtept lat="57.544518" lon="12.450372"><ele>71.8</ele></rtept><rtept lat="57.54453" lon="12.450342"><ele>71.8</ele></rtept><rtept lat="57.54455" lon="12.450283"><ele>71.4</ele></rtept><rtept lat="57.544562" lon="12.450218"><ele>71.6</ele></rtept><rtept lat="57.544575" lon="12.450185"><ele>72.0</ele></rtept><rtept lat="57.544588" lon="12.45016"><ele>72.2</ele></rtept><rtept lat="57.544595" lon="12.450125"><ele>72.2</ele></rtept><rtept lat="57.544613" lon="12.450103"><ele>72.8</ele></rtept><rtept lat="57.544633" lon="12.450073"><ele>72.8</ele></rtept><rtept lat="57.544645" lon="12.450043"><ele>72.8</ele></rtept><rtept lat="57.544665" lon="12.450015"><ele>73.0</ele></rtept><rtept lat="57.544678" lon="12.449977"><ele>73.0</ele></rtept><rtept lat="57.54471" lon="12.449945"><ele>73.8</ele></rtept><rtept lat="57.544728" lon="12.449927"><ele>73.8</ele></rtept><rtept lat="57.544748" lon="12.449905"><ele>74.2</ele></rtept><rtept lat="57.544755" lon="12.449862"><ele>74.2</ele></rtept><rtept lat="57.544767" lon="12.449817"><ele>74.2</ele></rtept><rtept lat="57.544773" lon="12.449773"><ele>74.4</ele></rtept><rtept lat="57.544773" lon="12.449732"><ele>74.2</ele></rtept><rtept lat="57.54478" lon="12.449692"><ele>74.6</ele></rtept><rtept lat="57.54478" lon="12.449648"><ele>74.6</ele></rtept><rtept lat="57.544787" lon="12.449608"><ele>74.4</ele></rtept><rtept lat="57.544793" lon="12.449558"><ele>75.0</ele></rtept><rtept lat="57.544812" lon="12.449513"><ele>74.4</ele></rtept><rtept lat="57.544838" lon="12.4495"><ele>74.8</ele></rtept><rtept lat="57.544857" lon="12.4495"><ele>74.6</ele></rtept><rtept lat="57.544888" lon="12.44952"><ele>74.6</ele></rtept><rtept lat="57.544915" lon="12.449553"><ele>74.4</ele></rtept><rtept lat="57.544933" lon="12.449562"><ele>74.6</ele></rtept><rtept lat="57.544965" lon="12.449583"><ele>74.4</ele></rtept><rtept lat="57.544992" lon="12.449607"><ele>74.4</ele></rtept><rtept lat="57.54501" lon="12.449618"><ele>74.6</ele></rtept><rtept lat="57.545042" lon="12.449623"><ele>74.6</ele></rtept><rtept lat="57.545075" lon="12.449617"><ele>74.6</ele></rtept><rtept lat="57.545093" lon="12.449615"><ele>74.6</ele></rtept><rtept lat="57.54512" lon="12.449608"><ele>74.8</ele></rtept><rtept lat="57.545145" lon="12.449602"><ele>74.6</ele></rtept><rtept lat="57.54517" lon="12.449588"><ele>74.8</ele></rtept><rtept lat="57.54519" lon="12.449578"><ele>75.0</ele></rtept><rtept lat="57.545208" lon="12.44956"><ele>75.0</ele></rtept><rtept lat="57.545235" lon="12.449542"><ele>75.2</ele></rtept><rtept lat="57.545253" lon="12.44953"><ele>75.2</ele></rtept><rtept lat="57.54528" lon="12.44951"><ele>75.4</ele></rtept><rtept lat="57.545298" lon="12.449495"><ele>75.6</ele></rtept><rtept lat="57.545318" lon="12.44948"><ele>75.8</ele></rtept><rtept lat="57.545337" lon="12.44946"><ele>76.2</ele></rtept><rtept lat="57.545362" lon="12.449438"><ele>76.4</ele></rtept><rtept lat="57.545388" lon="12.449423"><ele>76.6</ele></rtept><rtept lat="57.545413" lon="12.449418"><ele>77.2</ele></rtept><rtept lat="57.54544" lon="12.449403"><ele>77.4</ele></rtept><rtept lat="57.545465" lon="12.44939"><ele>77.6</ele></rtept><rtept lat="57.54549" lon="12.44938"><ele>78.0</ele></rtept><rtept lat="57.545517" lon="12.44937"><ele>78.2</ele></rtept><rtept lat="57.545542" lon="12.449357"><ele>78.6</ele></rtept><rtept lat="57.545567" lon="12.44934"><ele>79.0</ele></rtept><rtept lat="57.545587" lon="12.44932"><ele>79.0</ele></rtept><rtept lat="57.545605" lon="12.449303"><ele>79.6</ele></rtept><rtept lat="57.545638" lon="12.449262"><ele>79.8</ele></rtept><rtept lat="57.54567" lon="12.449232"><ele>80.4</ele></rtept><rtept lat="57.545688" lon="12.44922"><ele>80.6</ele></rtept><rtept lat="57.545708" lon="12.4492"><ele>80.8</ele></rtept><rtept lat="57.54574" lon="12.449178"><ele>81.0</ele></rtept><rtept lat="57.54576" lon="12.44916"><ele>81.2</ele></rtept><rtept lat="57.545778" lon="12.449138"><ele>81.6</ele></rtept><rtept lat="57.545817" lon="12.449098"><ele>82.0</ele></rtept><rtept lat="57.54583" lon="12.449067"><ele>82.2</ele></rtept><rtept lat="57.545848" lon="12.449037"><ele>82.2</ele></rtept><rtept lat="57.545868" lon="12.448998"><ele>82.4</ele></rtept><rtept lat="57.54588" lon="12.448967"><ele>82.6</ele></rtept><rtept lat="57.5459" lon="12.448923"><ele>82.4</ele></rtept><rtept lat="57.545907" lon="12.448882"><ele>82.6</ele></rtept><rtept lat="57.54592" lon="12.448842"><ele>82.6</ele></rtept><rtept lat="57.545938" lon="12.448803"><ele>82.2</ele></rtept><rtept lat="57.545963" lon="12.448773"><ele>82.2</ele></rtept><rtept lat="57.545983" lon="12.448735"><ele>82.2</ele></rtept><rtept lat="57.546002" lon="12.44871"><ele>81.8</ele></rtept><rtept lat="57.546022" lon="12.448673"><ele>81.4</ele></rtept><rtept lat="57.546035" lon="12.448632"><ele>81.2</ele></rtept><rtept lat="57.546053" lon="12.44859"><ele>80.8</ele></rtept><rtept lat="57.54608" lon="12.448547"><ele>80.0</ele></rtept><rtept lat="57.546098" lon="12.448505"><ele>79.6</ele></rtept><rtept lat="57.546123" lon="12.448465"><ele>79.4</ele></rtept><rtept lat="57.546137" lon="12.44843"><ele>78.4</ele></rtept><rtept lat="57.546162" lon="12.448377"><ele>78.4</ele></rtept><rtept lat="57.546175" lon="12.448338"><ele>78.2</ele></rtept><rtept lat="57.546182" lon="12.448298"><ele>77.6</ele></rtept><rtept lat="57.5462" lon="12.448258"><ele>77.6</ele></rtept><rtept lat="57.54622" lon="12.448213"><ele>77.2</ele></rtept><rtept lat="57.546245" lon="12.448175"><ele>76.8</ele></rtept><rtept lat="57.546265" lon="12.44813"><ele>76.8</ele></rtept><rtept lat="57.546283" lon="12.4481"><ele>76.6</ele></rtept><rtept lat="57.546303" lon="12.448062"><ele>76.0</ele></rtept><rtept lat="57.546322" lon="12.44802"><ele>76.2</ele></rtept><rtept lat="57.546342" lon="12.447977"><ele>75.4</ele></rtept><rtept lat="57.54636" lon="12.447932"><ele>75.0</ele></rtept><rtept lat="57.54638" lon="12.447892"><ele>75.0</ele></rtept><rtept lat="57.5464" lon="12.447855"><ele>74.4</ele></rtept><rtept lat="57.546418" lon="12.44782"><ele>74.2</ele></rtept><rtept lat="57.546438" lon="12.447782"><ele>74.0</ele></rtept><rtept lat="57.546457" lon="12.44774"><ele>73.2</ele></rtept><rtept lat="57.546477" lon="12.4477"><ele>73.4</ele></rtept><rtept lat="57.546495" lon="12.447667"><ele>73.0</ele></rtept><rtept lat="57.546508" lon="12.447628"><ele>72.8</ele></rtept><rtept lat="57.54652" lon="12.447588"><ele>73.0</ele></rtept><rtept lat="57.54654" lon="12.447552"><ele>72.6</ele></rtept><rtept lat="57.546553" lon="12.447513"><ele>72.8</ele></rtept><rtept lat="57.546572" lon="12.447475"><ele>72.8</ele></rtept><rtept lat="57.546592" lon="12.447413"><ele>72.4</ele></rtept><rtept lat="57.546598" lon="12.44735"><ele>72.4</ele></rtept><rtept lat="57.546603" lon="12.447288"><ele>72.2</ele></rtept><rtept lat="57.546623" lon="12.447237"><ele>72.0</ele></rtept><rtept lat="57.546637" lon="12.447195"><ele>72.0</ele></rtept><rtept lat="57.546642" lon="12.44715"><ele>71.6</ele></rtept><rtept lat="57.546662" lon="12.4471"><ele>71.8</ele></rtept><rtept lat="57.546675" lon="12.447057"><ele>72.0</ele></rtept><rtept lat="57.54668" lon="12.446998"><ele>71.4</ele></rtept><rtept lat="57.546693" lon="12.446965"><ele>71.6</ele></rtept><rtept lat="57.5467" lon="12.446932"><ele>71.6</ele></rtept><rtept lat="57.546713" lon="12.446893"><ele>71.6</ele></rtept><rtept lat="57.546713" lon="12.446857"><ele>71.8</ele></rtept><rtept lat="57.546713" lon="12.4468"><ele>71.8</ele></rtept><rtept lat="57.546707" lon="12.446753"><ele>72.0</ele></rtept><rtept lat="57.546707" lon="12.446702"><ele>72.2</ele></rtept><rtept lat="57.5467" lon="12.446655"><ele>71.8</ele></rtept><rtept lat="57.546693" lon="12.446617"><ele>72.0</ele></rtept><rtept lat="57.546675" lon="12.44656"><ele>72.2</ele></rtept><rtept lat="57.546662" lon="12.446533"><ele>72.2</ele></rtept><rtept lat="57.546642" lon="12.44647"><ele>72.2</ele></rtept><rtept lat="57.546617" lon="12.44643"><ele>72.2</ele></rtept><rtept lat="57.546585" lon="12.4464"><ele>72.6</ele></rtept><rtept lat="57.54654" lon="12.446372"><ele>73.2</ele></rtept><rtept lat="57.546515" lon="12.44636"><ele>73.4</ele></rtept><rtept lat="57.546495" lon="12.446345"><ele>74.0</ele></rtept><rtept lat="57.546477" lon="12.446322"><ele>74.2</ele></rtept><rtept lat="57.546457" lon="12.446305"><ele>74.0</ele></rtept><rtept lat="57.546443" lon="12.446278"><ele>74.4</ele></rtept><rtept lat="57.546425" lon="12.44626"><ele>74.8</ele></rtept><rtept lat="57.546393" lon="12.446218"><ele>76.0</ele></rtept><rtept lat="57.546373" lon="12.446193"><ele>76.2</ele></rtept><rtept lat="57.54636" lon="12.446153"><ele>76.8</ele></rtept><rtept lat="57.546342" lon="12.446108"><ele>77.0</ele></rtept><rtept lat="57.546322" lon="12.446073"><ele>77.8</ele></rtept><rtept lat="57.546303" lon="12.446038"><ele>78.4</ele></rtept><rtept lat="57.546278" lon="12.445988"><ele>79.0</ele></rtept><rtept lat="57.546272" lon="12.445933"><ele>79.4</ele></rtept><rtept lat="57.546272" lon="12.445897"><ele>79.8</ele></rtept><rtept lat="57.546278" lon="12.44586"><ele>79.8</ele></rtept><rtept lat="57.546278" lon="12.445817"><ele>80.0</ele></rtept><rtept lat="57.546278" lon="12.445752"><ele>80.2</ele></rtept><rtept lat="57.546278" lon="12.445707"><ele>80.2</ele></rtept><rtept lat="57.546283" lon="12.445662"><ele>80.4</ele></rtept><rtept lat="57.546297" lon="12.445632"><ele>80.6</ele></rtept><rtept lat="57.546322" lon="12.445585"><ele>81.0</ele></rtept><rtept lat="57.546348" lon="12.445565"><ele>81.6</ele></rtept><rtept lat="57.546367" lon="12.445553"><ele>81.6</ele></rtept><rtept lat="57.546393" lon="12.44554"><ele>81.8</ele></rtept><rtept lat="57.546412" lon="12.44552"><ele>82.2</ele></rtept><rtept lat="57.546438" lon="12.445503"><ele>82.4</ele></rtept><rtept lat="57.546477" lon="12.445507"><ele>82.4</ele></rtept><rtept lat="57.546502" lon="12.445507"><ele>82.8</ele></rtept><rtept lat="57.546527" lon="12.445508"><ele>82.8</ele></rtept><rtept lat="57.546565" lon="12.445513"><ele>83.0</ele></rtept><rtept lat="57.546598" lon="12.445502"><ele>83.2</ele></rtept><rtept lat="57.546637" lon="12.44548"><ele>83.4</ele></rtept><rtept lat="57.546675" lon="12.445452"><ele>83.4</ele></rtept><rtept lat="57.5467" lon="12.445432"><ele>83.6</ele></rtept><rtept lat="57.546732" lon="12.445403"><ele>83.4</ele></rtept><rtept lat="57.546752" lon="12.445382"><ele>83.4</ele></rtept><rtept lat="57.54677" lon="12.445373"><ele>83.6</ele></rtept><rtept lat="57.54679" lon="12.445367"><ele>83.6</ele></rtept><rtept lat="57.546808" lon="12.445342"><ele>83.6</ele></rtept><rtept lat="57.54684" lon="12.44533"><ele>83.6</ele></rtept><rtept lat="57.546873" lon="12.445327"><ele>83.6</ele></rtept><rtept lat="57.546892" lon="12.445343"><ele>83.6</ele></rtept><rtept lat="57.546912" lon="12.445393"><ele>83.8</ele></rtept><rtept lat="57.546937" lon="12.445397"><ele>83.6</ele></rtept><rtept lat="57.546962" lon="12.445373"><ele>83.6</ele></rtept><rtept lat="57.546982" lon="12.445363"><ele>83.8</ele></rtept><rtept lat="57.547013" lon="12.445355"><ele>83.6</ele></rtept><rtept lat="57.547052" lon="12.445327"><ele>83.8</ele></rtept><rtept lat="57.547072" lon="12.445322"><ele>84.0</ele></rtept><rtept lat="57.54709" lon="12.445323"><ele>84.0</ele></rtept><rtept lat="57.54711" lon="12.445322"><ele>84.0</ele></rtept><rtept lat="57.547128" lon="12.445322"><ele>84.0</ele></rtept><rtept lat="57.547155" lon="12.445318"><ele>83.8</ele></rtept><rtept lat="57.547187" lon="12.44531"><ele>84.0</ele></rtept><rtept lat="57.5472" lon="12.445285"><ele>83.6</ele></rtept><rtept lat="57.547225" lon="12.445262"><ele>83.2</ele></rtept><rtept lat="57.54725" lon="12.445235"><ele>83.2</ele></rtept><rtept lat="57.54727" lon="12.445217"><ele>82.4</ele></rtept><rtept lat="57.547288" lon="12.445185"><ele>82.2</ele></rtept><rtept lat="57.547315" lon="12.44513"><ele>81.4</ele></rtept><rtept lat="57.547327" lon="12.445103"><ele>81.8</ele></rtept><rtept lat="57.54734" lon="12.445045"><ele>81.2</ele></rtept><rtept lat="57.547353" lon="12.445018"><ele>81.2</ele></rtept><rtept lat="57.54736" lon="12.444978"><ele>80.6</ele></rtept><rtept lat="57.547372" lon="12.444927"><ele>80.4</ele></rtept><rtept lat="57.547378" lon="12.444887"><ele>80.4</ele></rtept><rtept lat="57.547392" lon="12.444838"><ele>80.0</ele></rtept><rtept lat="57.547403" lon="12.444792"><ele>80.0</ele></rtept><rtept lat="57.547417" lon="12.44476"><ele>79.8</ele></rtept><rtept lat="57.547442" lon="12.444718"><ele>79.4</ele></rtept><rtept lat="57.547455" lon="12.444692"><ele>79.2</ele></rtept><rtept lat="57.547475" lon="12.444668"><ele>78.8</ele></rtept><rtept lat="57.547493" lon="12.444652"><ele>78.8</ele></rtept><rtept lat="57.547525" lon="12.444615"><ele>78.4</ele></rtept><rtept lat="57.547552" lon="12.444583"><ele>78.8</ele></rtept><rtept lat="57.547577" lon="12.444553"><ele>79.0</ele></rtept><rtept lat="57.54759" lon="12.444528"><ele>79.0</ele></rtept><rtept lat="57.547608" lon="12.444485"><ele>79.2</ele></rtept><rtept lat="57.547628" lon="12.444453"><ele>79.6</ele></rtept><rtept lat="57.547635" lon="12.444417"><ele>79.8</ele></rtept><rtept lat="57.547647" lon="12.444362"><ele>79.8</ele></rtept><rtept lat="57.547653" lon="12.444318"><ele>80.2</ele></rtept><rtept lat="57.547667" lon="12.444285"><ele>80.2</ele></rtept><rtept lat="57.547673" lon="12.444237"><ele>80.4</ele></rtept><rtept lat="57.54768" lon="12.444193"><ele>80.6</ele></rtept><rtept lat="57.547692" lon="12.444142"><ele>80.6</ele></rtept><rtept lat="57.547692" lon="12.444093"><ele>80.8</ele></rtept><rtept lat="57.547692" lon="12.444047"><ele>81.0</ele></rtept><rtept lat="57.547692" lon="12.443993"><ele>80.6</ele></rtept><rtept lat="57.547685" lon="12.443942"><ele>81.2</ele></rtept><rtept lat="57.54766" lon="12.443883"><ele>81.0</ele></rtept><rtept lat="57.54764" lon="12.443855"><ele>81.0</ele></rtept><rtept lat="57.547622" lon="12.443833"><ele>81.0</ele></rtept><rtept lat="57.547597" lon="12.443808"><ele>81.2</ele></rtept><rtept lat="57.547577" lon="12.443785"><ele>81.0</ele></rtept><rtept lat="57.547563" lon="12.44376"><ele>81.4</ele></rtept><rtept lat="57.547545" lon="12.44373"><ele>81.6</ele></rtept><rtept lat="57.547525" lon="12.443705"><ele>81.4</ele></rtept><rtept lat="57.547552" lon="12.44371"><ele>81.8</ele></rtept><rtept lat="57.547583" lon="12.443757"><ele>81.8</ele></rtept><rtept lat="57.547602" lon="12.443783"><ele>81.8</ele></rtept><rtept lat="57.547622" lon="12.443805"><ele>81.6</ele></rtept><rtept lat="57.54764" lon="12.44383"><ele>81.6</ele></rtept><rtept lat="57.547667" lon="12.44386"><ele>81.6</ele></rtept><rtept lat="57.54768" lon="12.44389"><ele>81.6</ele></rtept><rtept lat="57.547685" lon="12.443933"><ele>81.4</ele></rtept><rtept lat="57.547692" lon="12.443982"><ele>81.4</ele></rtept><rtept lat="57.547692" lon="12.444027"><ele>81.2</ele></rtept><rtept lat="57.547692" lon="12.444082"><ele>81.0</ele></rtept><rtept lat="57.547692" lon="12.44412"><ele>81.0</ele></rtept><rtept lat="57.547692" lon="12.444165"><ele>80.8</ele></rtept><rtept lat="57.547685" lon="12.444205"><ele>81.0</ele></rtept><rtept lat="57.547685" lon="12.444242"><ele>81.4</ele></rtept><rtept lat="57.54768" lon="12.444285"><ele>81.2</ele></rtept><rtept lat="57.547667" lon="12.444327"><ele>81.2</ele></rtept><rtept lat="57.54766" lon="12.444363"><ele>81.2</ele></rtept><rtept lat="57.547647" lon="12.444408"><ele>81.0</ele></rtept><rtept lat="57.547635" lon="12.444437"><ele>81.0</ele></rtept><rtept lat="57.547622" lon="12.444473"><ele>81.0</ele></rtept><rtept lat="57.547608" lon="12.444503"><ele>80.8</ele></rtept><rtept lat="57.54759" lon="12.44454"><ele>80.6</ele></rtept><rtept lat="57.54757" lon="12.444575"><ele>80.6</ele></rtept><rtept lat="57.547552" lon="12.444608"><ele>80.4</ele></rtept><rtept lat="57.547532" lon="12.444643"><ele>80.2</ele></rtept><rtept lat="57.547507" lon="12.444687"><ele>80.2</ele></rtept><rtept lat="57.547487" lon="12.444732"><ele>79.6</ele></rtept><rtept lat="57.547468" lon="12.444773"><ele>79.6</ele></rtept><rtept lat="57.547442" lon="12.444812"><ele>79.6</ele></rtept><rtept lat="57.54743" lon="12.444847"><ele>79.0</ele></rtept><rtept lat="57.54741" lon="12.444887"><ele>78.8</ele></rtept><rtept lat="57.547398" lon="12.444925"><ele>78.6</ele></rtept><rtept lat="57.547403" lon="12.44497"><ele>78.4</ele></rtept><rtept lat="57.547403" lon="12.445012"><ele>78.2</ele></rtept><rtept lat="57.547392" lon="12.44507"><ele>77.8</ele></rtept><rtept lat="57.547378" lon="12.44513"><ele>78.4</ele></rtept><rtept lat="57.547365" lon="12.445177"><ele>78.0</ele></rtept><rtept lat="57.547353" lon="12.445215"><ele>78.8</ele></rtept><rtept lat="57.547333" lon="12.445238"><ele>78.4</ele></rtept><rtept lat="57.547315" lon="12.44526"><ele>78.8</ele></rtept><rtept lat="57.547295" lon="12.445275"><ele>79.2</ele></rtept><rtept lat="57.547277" lon="12.445302"><ele>79.6</ele></rtept><rtept lat="57.547257" lon="12.445327"><ele>79.8</ele></rtept><rtept lat="57.547238" lon="12.445343"><ele>80.0</ele></rtept><rtept lat="57.547212" lon="12.445378"><ele>80.2</ele></rtept><rtept lat="57.547193" lon="12.445388"><ele>80.4</ele></rtept><rtept lat="57.547155" lon="12.44542"><ele>81.0</ele></rtept><rtept lat="57.547135" lon="12.445428"><ele>81.0</ele></rtept><rtept lat="57.547117" lon="12.445442"><ele>81.2</ele></rtept><rtept lat="57.547097" lon="12.445453"><ele>81.4</ele></rtept><rtept lat="57.547078" lon="12.44546"><ele>81.4</ele></rtept><rtept lat="57.547052" lon="12.44546"><ele>82.4</ele></rtept><rtept lat="57.547033" lon="12.445463"><ele>82.0</ele></rtept><rtept lat="57.547013" lon="12.44548"><ele>82.2</ele></rtept><rtept lat="57.546988" lon="12.445487"><ele>82.6</ele></rtept><rtept lat="57.546957" lon="12.445498"><ele>82.6</ele></rtept><rtept lat="57.546937" lon="12.445502"><ele>83.2</ele></rtept><rtept lat="57.546912" lon="12.445512"><ele>83.4</ele></rtept><rtept lat="57.546885" lon="12.445527"><ele>83.2</ele></rtept><rtept lat="57.546853" lon="12.445538"><ele>83.6</ele></rtept><rtept lat="57.546822" lon="12.445543"><ele>83.6</ele></rtept><rtept lat="57.546797" lon="12.445533"><ele>83.6</ele></rtept><rtept lat="57.546783" lon="12.4455"><ele>83.8</ele></rtept><rtept lat="57.546758" lon="12.445447"><ele>83.8</ele></rtept><rtept lat="57.546758" lon="12.445397"><ele>83.8</ele></rtept><rtept lat="57.546738" lon="12.445363"><ele>83.8</ele></rtept><rtept lat="57.54672" lon="12.445305"><ele>83.2</ele></rtept><rtept lat="57.5467" lon="12.445278"><ele>83.8</ele></rtept><rtept lat="57.54668" lon="12.445248"><ele>83.4</ele></rtept><rtept lat="57.546668" lon="12.44521"><ele>83.4</ele></rtept><rtept lat="57.546655" lon="12.445177"><ele>83.6</ele></rtept><rtept lat="57.546642" lon="12.445135"><ele>83.6</ele></rtept><rtept lat="57.54663" lon="12.445083"><ele>83.8</ele></rtept><rtept lat="57.54661" lon="12.44502"><ele>84.0</ele></rtept><rtept lat="57.546603" lon="12.444958"><ele>84.2</ele></rtept><rtept lat="57.546617" lon="12.444918"><ele>84.4</ele></rtept><rtept lat="57.546617" lon="12.444865"><ele>84.8</ele></rtept><rtept lat="57.54663" lon="12.444823"><ele>84.8</ele></rtept><rtept lat="57.546642" lon="12.44476"><ele>85.2</ele></rtept><rtept lat="57.546648" lon="12.444693"><ele>85.4</ele></rtept><rtept lat="57.546648" lon="12.444638"><ele>85.0</ele></rtept><rtept lat="57.546655" lon="12.444568"><ele>85.0</ele></rtept><rtept lat="57.546655" lon="12.44451"><ele>85.0</ele></rtept><rtept lat="57.546662" lon="12.444468"><ele>84.8</ele></rtept><rtept lat="57.546668" lon="12.444423"><ele>84.6</ele></rtept><rtept lat="57.546668" lon="12.444357"><ele>84.8</ele></rtept><rtept lat="57.546675" lon="12.444312"><ele>84.6</ele></rtept><rtept lat="57.546675" lon="12.44426"><ele>84.4</ele></rtept><rtept lat="57.546675" lon="12.444215"><ele>84.6</ele></rtept><rtept lat="57.546675" lon="12.444167"><ele>84.2</ele></rtept><rtept lat="57.546662" lon="12.444123"><ele>84.2</ele></rtept><rtept lat="57.546648" lon="12.444087"><ele>84.2</ele></rtept><rtept lat="57.546642" lon="12.444047"><ele>83.6</ele></rtept><rtept lat="57.54663" lon="12.444022"><ele>83.8</ele></rtept><rtept lat="57.546617" lon="12.443993"><ele>84.0</ele></rtept><rtept lat="57.546598" lon="12.443967"><ele>83.6</ele></rtept><rtept lat="57.546578" lon="12.443942"><ele>83.8</ele></rtept><rtept lat="57.54656" lon="12.443923"><ele>83.6</ele></rtept><rtept lat="57.54654" lon="12.443898"><ele>83.6</ele></rtept><rtept lat="57.54652" lon="12.443848"><ele>83.8</ele></rtept><rtept lat="57.546502" lon="12.44378"><ele>83.4</ele></rtept><rtept lat="57.546482" lon="12.443723"><ele>83.4</ele></rtept><rtept lat="57.546463" lon="12.443667"><ele>83.0</ele></rtept><rtept lat="57.546457" lon="12.44362"><ele>83.4</ele></rtept><rtept lat="57.546438" lon="12.443587"><ele>83.6</ele></rtept><rtept lat="57.546418" lon="12.44355"><ele>83.2</ele></rtept><rtept lat="57.5464" lon="12.443497"><ele>83.4</ele></rtept><rtept lat="57.546373" lon="12.44346"><ele>83.2</ele></rtept><rtept lat="57.54636" lon="12.443428"><ele>83.4</ele></rtept><rtept lat="57.546342" lon="12.443377"><ele>84.2</ele></rtept><rtept lat="57.546322" lon="12.443337"><ele>83.8</ele></rtept><rtept lat="57.546317" lon="12.443293"><ele>84.0</ele></rtept><rtept lat="57.546317" lon="12.443293"><ele>84.0</ele></rtept><rtept lat="57.546265" lon="12.443135"><ele>83.6</ele></rtept><rtept lat="57.546245" lon="12.443117"><ele>83.6</ele></rtept><rtept lat="57.54622" lon="12.443058"><ele>82.4</ele></rtept><rtept lat="57.5462" lon="12.443025"><ele>82.2</ele></rtept><rtept lat="57.546188" lon="12.442992"><ele>81.6</ele></rtept><rtept lat="57.546175" lon="12.442957"><ele>81.8</ele></rtept><rtept lat="57.546157" lon="12.442917"><ele>81.4</ele></rtept><rtept lat="57.546123" lon="12.44288"><ele>81.2</ele></rtept><rtept lat="57.546085" lon="12.44285"><ele>81.2</ele></rtept><rtept lat="57.54606" lon="12.442818"><ele>81.0</ele></rtept><rtept lat="57.546047" lon="12.442787"><ele>80.4</ele></rtept><rtept lat="57.546028" lon="12.44276"><ele>80.4</ele></rtept><rtept lat="57.54599" lon="12.442722"><ele>79.4</ele></rtept><rtept lat="57.545963" lon="12.442712"><ele>79.0</ele></rtept><rtept lat="57.545945" lon="12.442703"><ele>78.8</ele></rtept><rtept lat="57.545925" lon="12.4427"><ele>78.6</ele></rtept><rtept lat="57.5459" lon="12.442692"><ele>78.2</ele></rtept><rtept lat="57.545868" lon="12.44268"><ele>78.4</ele></rtept><rtept lat="57.545842" lon="12.442668"><ele>78.2</ele></rtept><rtept lat="57.545817" lon="12.442662"><ele>78.0</ele></rtept><rtept lat="57.545792" lon="12.442653"><ele>78.4</ele></rtept><rtept lat="57.54576" lon="12.442628"><ele>78.4</ele></rtept><rtept lat="57.545727" lon="12.442607"><ele>79.0</ele></rtept><rtept lat="57.545702" lon="12.44258"><ele>79.0</ele></rtept><rtept lat="57.545682" lon="12.442555"><ele>79.4</ele></rtept><rtept lat="57.545643" lon="12.442513"><ele>80.0</ele></rtept><rtept lat="57.545625" lon="12.442468"><ele>80.0</ele></rtept><rtept lat="57.545618" lon="12.442428"><ele>80.2</ele></rtept><rtept lat="57.545612" lon="12.442393"><ele>80.2</ele></rtept><rtept lat="57.545605" lon="12.44235"><ele>80.2</ele></rtept><rtept lat="57.5456" lon="12.44231"><ele>80.0</ele></rtept><rtept lat="57.5456" lon="12.44224"><ele>79.8</ele></rtept><rtept lat="57.5456" lon="12.442197"><ele>79.4</ele></rtept><rtept lat="57.5456" lon="12.44215"><ele>79.0</ele></rtept><rtept lat="57.545605" lon="12.442102"><ele>78.8</ele></rtept><rtept lat="57.545612" lon="12.44206"><ele>78.2</ele></rtept><rtept lat="57.545618" lon="12.442018"><ele>77.8</ele></rtept><rtept lat="57.545632" lon="12.441977"><ele>77.4</ele></rtept><rtept lat="57.54565" lon="12.441933"><ele>76.8</ele></rtept><rtept lat="57.545663" lon="12.441887"><ele>76.2</ele></rtept><rtept lat="57.545682" lon="12.441842"><ele>76.2</ele></rtept><rtept lat="57.545702" lon="12.441805"><ele>76.0</ele></rtept><rtept lat="57.545727" lon="12.441768"><ele>75.0</ele></rtept><rtept lat="57.545747" lon="12.441722"><ele>74.8</ele></rtept><rtept lat="57.54576" lon="12.441685"><ele>74.8</ele></rtept><rtept lat="57.545765" lon="12.44165"><ele>74.0</ele></rtept><rtept lat="57.54576" lon="12.441617"><ele>74.2</ele></rtept><rtept lat="57.545747" lon="12.441583"><ele>74.0</ele></rtept><rtept lat="57.545727" lon="12.441557"><ele>73.6</ele></rtept><rtept lat="57.545702" lon="12.44154"><ele>73.8</ele></rtept><rtept lat="57.545682" lon="12.44152"><ele>73.2</ele></rtept><rtept lat="57.545663" lon="12.441498"><ele>73.0</ele></rtept><rtept lat="57.545643" lon="12.441482"><ele>73.2</ele></rtept><rtept lat="57.545618" lon="12.44146"><ele>73.0</ele></rtept><rtept lat="57.545587" lon="12.441438"><ele>72.6</ele></rtept><rtept lat="57.545548" lon="12.441402"><ele>72.6</ele></rtept><rtept lat="57.545522" lon="12.441372"><ele>72.4</ele></rtept><rtept lat="57.54549" lon="12.441342"><ele>72.0</ele></rtept><rtept lat="57.545465" lon="12.441328"><ele>72.0</ele></rtept><rtept lat="57.54544" lon="12.441312"><ele>72.0</ele></rtept><rtept lat="57.54542" lon="12.441292"><ele>71.6</ele></rtept><rtept lat="57.545388" lon="12.441253"><ele>71.6</ele></rtept><rtept lat="57.545368" lon="12.441227"><ele>71.6</ele></rtept><rtept lat="57.54535" lon="12.441193"><ele>70.8</ele></rtept><rtept lat="57.545323" lon="12.441142"><ele>70.8</ele></rtept><rtept lat="57.545305" lon="12.44109"><ele>70.6</ele></rtept><rtept lat="57.545292" lon="12.44106"><ele>70.0</ele></rtept><rtept lat="57.545267" lon="12.441028"><ele>69.8</ele></rtept><rtept lat="57.545247" lon="12.440997"><ele>69.8</ele></rtept><rtept lat="57.545228" lon="12.440983"><ele>69.6</ele></rtept><rtept lat="57.545208" lon="12.440963"><ele>69.2</ele></rtept><rtept lat="57.545197" lon="12.440937"><ele>69.2</ele></rtept><rtept lat="57.545183" lon="12.4409"><ele>69.0</ele></rtept><rtept lat="57.545163" lon="12.44087"><ele>68.4</ele></rtept><rtept lat="57.545145" lon="12.440837"><ele>68.2</ele></rtept><rtept lat="57.545125" lon="12.440807"><ele>68.2</ele></rtept><rtept lat="57.545107" lon="12.440772"><ele>67.6</ele></rtept><rtept lat="57.545087" lon="12.440737"><ele>67.4</ele></rtept><rtept lat="57.545068" lon="12.440697"><ele>67.2</ele></rtept><rtept lat="57.545042" lon="12.44066"><ele>66.4</ele></rtept><rtept lat="57.545023" lon="12.44064"><ele>66.2</ele></rtept><rtept lat="57.545003" lon="12.440627"><ele>66.0</ele></rtept><rtept lat="57.544985" lon="12.440598"><ele>65.6</ele></rtept><rtept lat="57.54496" lon="12.440558"><ele>64.8</ele></rtept><rtept lat="57.544947" lon="12.440527"><ele>64.8</ele></rtept><rtept lat="57.544927" lon="12.4405"><ele>64.0</ele></rtept><rtept lat="57.544915" lon="12.440463"><ele>63.6</ele></rtept><rtept lat="57.544902" lon="12.440438"><ele>63.6</ele></rtept><rtept lat="57.544888" lon="12.440405"><ele>62.8</ele></rtept><rtept lat="57.54487" lon="12.440368"><ele>62.4</ele></rtept><rtept lat="57.544843" lon="12.440323"><ele>62.2</ele></rtept><rtept lat="57.544825" lon="12.44028"><ele>61.6</ele></rtept><rtept lat="57.5448" lon="12.44024"><ele>61.4</ele></rtept><rtept lat="57.54478" lon="12.440197"><ele>61.2</ele></rtept><rtept lat="57.54476" lon="12.440147"><ele>60.4</ele></rtept><rtept lat="57.544742" lon="12.440098"><ele>60.4</ele></rtept><rtept lat="57.544728" lon="12.440057"><ele>60.4</ele></rtept><rtept lat="57.54471" lon="12.44002"><ele>59.8</ele></rtept><rtept lat="57.544683" lon="12.439985"><ele>59.8</ele></rtept><rtept lat="57.544665" lon="12.439948"><ele>60.0</ele></rtept><rtept lat="57.544633" lon="12.439917"><ele>59.4</ele></rtept><rtept lat="57.544607" lon="12.439882"><ele>59.4</ele></rtept><rtept lat="57.544582" lon="12.439847"><ele>59.0</ele></rtept><rtept lat="57.544557" lon="12.439808"><ele>58.8</ele></rtept><rtept lat="57.544537" lon="12.439777"><ele>59.0</ele></rtept><rtept lat="57.544518" lon="12.439742"><ele>58.4</ele></rtept><rtept lat="57.544498" lon="12.439702"><ele>58.6</ele></rtept><rtept lat="57.54448" lon="12.439658"><ele>58.6</ele></rtept><rtept lat="57.544467" lon="12.439623"><ele>58.0</ele></rtept><rtept lat="57.544435" lon="12.439588"><ele>58.2</ele></rtept><rtept lat="57.544428" lon="12.439545"><ele>58.2</ele></rtept><rtept lat="57.544408" lon="12.439503"><ele>58.0</ele></rtept><rtept lat="57.54439" lon="12.43947"><ele>58.0</ele></rtept><rtept lat="57.54437" lon="12.43943"><ele>57.6</ele></rtept><rtept lat="57.544352" lon="12.439382"><ele>57.8</ele></rtept><rtept lat="57.544332" lon="12.439352"><ele>58.0</ele></rtept><rtept lat="57.5443" lon="12.43932"><ele>57.6</ele></rtept><rtept lat="57.54428" lon="12.439285"><ele>57.8</ele></rtept><rtept lat="57.544255" lon="12.439242"><ele>57.6</ele></rtept><rtept lat="57.544242" lon="12.439187"><ele>57.6</ele></rtept><rtept lat="57.544242" lon="12.439128"><ele>57.8</ele></rtept><rtept lat="57.544248" lon="12.439068"><ele>57.4</ele></rtept><rtept lat="57.544268" lon="12.439013"><ele>57.6</ele></rtept><rtept lat="57.54428" lon="12.43896"><ele>57.4</ele></rtept><rtept lat="57.544293" lon="12.438903"><ele>57.6</ele></rtept><rtept lat="57.544313" lon="12.438855"><ele>57.8</ele></rtept><rtept lat="57.544332" lon="12.438792"><ele>57.6</ele></rtept><rtept lat="57.544352" lon="12.43874"><ele>58.0</ele></rtept><rtept lat="57.544377" lon="12.438702"><ele>58.2</ele></rtept><rtept lat="57.544397" lon="12.43866"><ele>58.2</ele></rtept><rtept lat="57.544415" lon="12.438612"><ele>58.6</ele></rtept><rtept lat="57.544422" lon="12.438565"><ele>58.4</ele></rtept><rtept lat="57.544428" lon="12.43852"><ele>58.8</ele></rtept><rtept lat="57.544422" lon="12.438488"><ele>59.0</ele></rtept><rtept lat="57.544402" lon="12.438442"><ele>59.2</ele></rtept><rtept lat="57.54439" lon="12.438408"><ele>59.4</ele></rtept><rtept lat="57.544377" lon="12.438353"><ele>59.6</ele></rtept><rtept lat="57.544377" lon="12.438308"><ele>60.2</ele></rtept><rtept lat="57.544363" lon="12.438268"><ele>60.2</ele></rtept><rtept lat="57.544358" lon="12.438225"><ele>60.2</ele></rtept><rtept lat="57.544358" lon="12.43819"><ele>60.6</ele></rtept><rtept lat="57.544352" lon="12.438157"><ele>60.6</ele></rtept><rtept lat="57.544338" lon="12.438115"><ele>60.8</ele></rtept><rtept lat="57.544338" lon="12.438072"><ele>61.2</ele></rtept><rtept lat="57.544332" lon="12.43804"><ele>61.2</ele></rtept><rtept lat="57.544332" lon="12.438002"><ele>61.6</ele></rtept><rtept lat="57.544332" lon="12.437952"><ele>62.0</ele></rtept><rtept lat="57.544313" lon="12.437912"><ele>62.8</ele></rtept><rtept lat="57.544287" lon="12.437873"><ele>63.4</ele></rtept><rtept lat="57.544262" lon="12.43784"><ele>63.6</ele></rtept><rtept lat="57.544242" lon="12.43782"><ele>64.2</ele></rtept><rtept lat="57.544217" lon="12.437798"><ele>64.4</ele></rtept><rtept lat="57.544192" lon="12.437763"><ele>65.0</ele></rtept><rtept lat="57.544172" lon="12.437758"><ele>65.2</ele></rtept><rtept lat="57.54414" lon="12.437742"><ele>65.6</ele></rtept><rtept lat="57.544102" lon="12.437707"><ele>66.0</ele></rtept><rtept lat="57.544077" lon="12.43768"><ele>66.4</ele></rtept><rtept lat="57.544057" lon="12.437653"><ele>66.4</ele></rtept><rtept lat="57.544038" lon="12.437627"><ele>66.4</ele></rtept><rtept lat="57.544005" lon="12.437588"><ele>66.6</ele></rtept><rtept lat="57.543967" lon="12.437558"><ele>67.0</ele></rtept><rtept lat="57.543948" lon="12.437533"><ele>66.8</ele></rtept><rtept lat="57.543928" lon="12.437515"><ele>66.4</ele></rtept><rtept lat="57.543903" lon="12.437483"><ele>66.6</ele></rtept><rtept lat="57.543878" lon="12.43747"><ele>66.2</ele></rtept><rtept lat="57.543858" lon="12.43746"><ele>66.2</ele></rtept><rtept lat="57.54384" lon="12.437443"><ele>66.4</ele></rtept><rtept lat="57.54382" lon="12.43743"><ele>66.0</ele></rtept><rtept lat="57.5438" lon="12.437417"><ele>66.0</ele></rtept><rtept lat="57.543782" lon="12.437408"><ele>66.0</ele></rtept><rtept lat="57.543757" lon="12.437392"><ele>65.8</ele></rtept><rtept lat="57.54373" lon="12.437383"><ele>66.0</ele></rtept><rtept lat="57.543692" lon="12.437385"><ele>65.6</ele></rtept><rtept lat="57.543653" lon="12.437388"><ele>65.8</ele></rtept><rtept lat="57.543622" lon="12.437392"><ele>65.2</ele></rtept><rtept lat="57.543597" lon="12.4374"><ele>65.2</ele></rtept><rtept lat="57.543558" lon="12.43741"><ele>65.2</ele></rtept><rtept lat="57.543532" lon="12.437408"><ele>64.6</ele></rtept><rtept lat="57.5435" lon="12.437403"><ele>64.2</ele></rtept><rtept lat="57.54348" lon="12.43739"><ele>64.4</ele></rtept><rtept lat="57.543455" lon="12.437377"><ele>64.0</ele></rtept><rtept lat="57.543423" lon="12.437365"><ele>63.8</ele></rtept><rtept lat="57.543398" lon="12.437357"><ele>63.8</ele></rtept><rtept lat="57.543365" lon="12.437342"><ele>63.4</ele></rtept><rtept lat="57.543347" lon="12.437337"><ele>63.4</ele></rtept><rtept lat="57.543327" lon="12.437337"><ele>63.4</ele></rtept><rtept lat="57.543308" lon="12.437343"><ele>63.0</ele></rtept><rtept lat="57.543282" lon="12.437357"><ele>63.2</ele></rtept><rtept lat="57.543263" lon="12.437363"><ele>62.2</ele></rtept><rtept lat="57.543243" lon="12.437383"><ele>62.4</ele></rtept><rtept lat="57.543225" lon="12.4374"><ele>62.6</ele></rtept><rtept lat="57.543205" lon="12.437403"><ele>62.4</ele></rtept><rtept lat="57.543187" lon="12.4374"><ele>62.4</ele></rtept><rtept lat="57.54316" lon="12.437388"><ele>62.2</ele></rtept><rtept lat="57.543142" lon="12.43737"><ele>62.0</ele></rtept><rtept lat="57.543122" lon="12.43734"><ele>61.4</ele></rtept><rtept lat="57.543097" lon="12.437298"><ele>61.4</ele></rtept><rtept lat="57.543083" lon="12.437255"><ele>60.8</ele></rtept><rtept lat="57.543072" lon="12.437207"><ele>60.6</ele></rtept><rtept lat="57.543058" lon="12.43716"><ele>60.4</ele></rtept><rtept lat="57.543052" lon="12.437108"><ele>60.2</ele></rtept><rtept lat="57.543045" lon="12.43706"><ele>60.2</ele></rtept><rtept lat="57.543033" lon="12.436987"><ele>60.0</ele></rtept><rtept lat="57.543027" lon="12.43694"><ele>59.6</ele></rtept><rtept lat="57.54302" lon="12.436893"><ele>59.6</ele></rtept><rtept lat="57.543007" lon="12.436843"><ele>59.6</ele></rtept><rtept lat="57.542988" lon="12.436783"><ele>59.0</ele></rtept><rtept lat="57.542982" lon="12.43673"><ele>59.0</ele></rtept><rtept lat="57.542982" lon="12.436695"><ele>59.2</ele></rtept><rtept lat="57.542968" lon="12.43665"><ele>58.8</ele></rtept><rtept lat="57.542962" lon="12.43661"><ele>58.6</ele></rtept><rtept lat="57.542957" lon="12.436565"><ele>58.6</ele></rtept><rtept lat="57.542943" lon="12.436525"><ele>58.2</ele></rtept><rtept lat="57.542937" lon="12.436475"><ele>58.2</ele></rtept><rtept lat="57.542923" lon="12.436438"><ele>58.2</ele></rtept><rtept lat="57.542918" lon="12.436392"><ele>57.8</ele></rtept><rtept lat="57.542905" lon="12.43634"><ele>57.6</ele></rtept><rtept lat="57.542898" lon="12.436298"><ele>57.4</ele></rtept><rtept lat="57.542885" lon="12.436267"><ele>57.0</ele></rtept><rtept lat="57.54288" lon="12.436218"><ele>56.8</ele></rtept><rtept lat="57.542867" lon="12.436175"><ele>56.6</ele></rtept><rtept lat="57.54286" lon="12.436135"><ele>56.2</ele></rtept><rtept lat="57.54284" lon="12.436083"><ele>55.8</ele></rtept><rtept lat="57.542828" lon="12.436023"><ele>55.6</ele></rtept><rtept lat="57.542822" lon="12.435963"><ele>54.8</ele></rtept><rtept lat="57.542815" lon="12.43591"><ele>54.6</ele></rtept><rtept lat="57.542802" lon="12.435845"><ele>54.4</ele></rtept><rtept lat="57.54279" lon="12.435785"><ele>53.6</ele></rtept><rtept lat="57.542783" lon="12.435727"><ele>53.4</ele></rtept><rtept lat="57.542783" lon="12.435668"><ele>53.2</ele></rtept><rtept lat="57.542783" lon="12.435608"><ele>52.4</ele></rtept><rtept lat="57.542777" lon="12.435542"><ele>52.4</ele></rtept><rtept lat="57.542777" lon="12.43549"><ele>52.2</ele></rtept><rtept lat="57.542777" lon="12.435455"><ele>51.6</ele></rtept><rtept lat="57.54277" lon="12.43539"><ele>51.6</ele></rtept><rtept lat="57.54277" lon="12.43533"><ele>51.4</ele></rtept><rtept lat="57.54277" lon="12.435277"><ele>51.0</ele></rtept><rtept lat="57.54277" lon="12.435218"><ele>51.0</ele></rtept><rtept lat="57.54277" lon="12.435157"><ele>50.8</ele></rtept><rtept lat="57.54277" lon="12.435098"><ele>50.4</ele></rtept><rtept lat="57.542763" lon="12.435037"><ele>50.4</ele></rtept><rtept lat="57.542763" lon="12.434978"><ele>50.0</ele></rtept><rtept lat="57.542763" lon="12.43492"><ele>49.8</ele></rtept><rtept lat="57.542763" lon="12.434873"><ele>49.8</ele></rtept><rtept lat="57.542763" lon="12.434815"><ele>49.2</ele></rtept><rtept lat="57.542752" lon="12.43476"><ele>49.0</ele></rtept><rtept lat="57.542752" lon="12.434708"><ele>49.0</ele></rtept><rtept lat="57.542752" lon="12.43466"><ele>48.4</ele></rtept><rtept lat="57.542752" lon="12.4346"><ele>48.6</ele></rtept><rtept lat="57.542752" lon="12.434543"><ele>48.8</ele></rtept><rtept lat="57.542752" lon="12.434485"><ele>48.2</ele></rtept><rtept lat="57.542745" lon="12.43442"><ele>48.4</ele></rtept><rtept lat="57.542738" lon="12.434365"><ele>48.0</ele></rtept><rtept lat="57.542738" lon="12.434318"><ele>47.6</ele></rtept><rtept lat="57.542738" lon="12.434247"><ele>47.6</ele></rtept><rtept lat="57.542732" lon="12.434193"><ele>47.2</ele></rtept><rtept lat="57.542732" lon="12.434127"><ele>47.2</ele></rtept><rtept lat="57.542732" lon="12.434068"><ele>47.2</ele></rtept><rtept lat="57.542738" lon="12.434018"><ele>46.8</ele></rtept><rtept lat="57.542738" lon="12.43396"><ele>46.6</ele></rtept><rtept lat="57.542738" lon="12.43391"><ele>46.4</ele></rtept><rtept lat="57.542738" lon="12.433857"><ele>46.2</ele></rtept><rtept lat="57.542738" lon="12.4338"><ele>46.2</ele></rtept><rtept lat="57.542738" lon="12.433747"><ele>45.6</ele></rtept><rtept lat="57.542738" lon="12.433678"><ele>45.6</ele></rtept><rtept lat="57.542738" lon="12.433627"><ele>45.8</ele></rtept><rtept lat="57.542738" lon="12.43358"><ele>45.2</ele></rtept><rtept lat="57.542725" lon="12.433503"><ele>45.4</ele></rtept><rtept lat="57.542707" lon="12.433458"><ele>45.2</ele></rtept><rtept lat="57.542693" lon="12.433423"><ele>45.0</ele></rtept><rtept lat="57.542668" lon="12.433402"><ele>45.2</ele></rtept><rtept lat="57.542648" lon="12.433402"><ele>44.8</ele></rtept><rtept lat="57.542617" lon="12.43341"><ele>45.0</ele></rtept><rtept lat="57.542585" lon="12.433422"><ele>45.0</ele></rtept><rtept lat="57.542553" lon="12.433435"><ele>44.8</ele></rtept><rtept lat="57.54252" lon="12.433473"><ele>45.0</ele></rtept><rtept lat="57.542488" lon="12.433497"><ele>44.6</ele></rtept><rtept lat="57.54247" lon="12.433512"><ele>44.6</ele></rtept><rtept lat="57.54245" lon="12.433523"><ele>44.8</ele></rtept><rtept lat="57.542432" lon="12.433523"><ele>44.4</ele></rtept><rtept lat="57.542405" lon="12.433527"><ele>44.8</ele></rtept><rtept lat="57.54238" lon="12.433522"><ele>44.6</ele></rtept><rtept lat="57.542342" lon="12.433522"><ele>44.8</ele></rtept><rtept lat="57.54231" lon="12.433523"><ele>45.0</ele></rtept><rtept lat="57.542278" lon="12.433532"><ele>44.6</ele></rtept><rtept lat="57.542252" lon="12.433533"><ele>45.0</ele></rtept><rtept lat="57.542227" lon="12.43354"><ele>45.2</ele></rtept><rtept lat="57.542207" lon="12.433543"><ele>44.8</ele></rtept><rtept lat="57.542182" lon="12.433548"><ele>45.2</ele></rtept><rtept lat="57.542157" lon="12.433553"><ele>44.8</ele></rtept><rtept lat="57.542123" lon="12.43356"><ele>45.0</ele></rtept><rtept lat="57.542085" lon="12.433562"><ele>45.0</ele></rtept><rtept lat="57.54206" lon="12.433557"><ele>44.6</ele></rtept><rtept lat="57.542035" lon="12.433557"><ele>45.0</ele></rtept><rtept lat="57.542015" lon="12.433548"><ele>45.0</ele></rtept><rtept lat="57.54199" lon="12.433567"><ele>45.0</ele></rtept><rtept lat="57.54197" lon="12.433572"><ele>45.0</ele></rtept><rtept lat="57.541945" lon="12.43358"><ele>44.6</ele></rtept><rtept lat="57.541918" lon="12.433592"><ele>45.0</ele></rtept><rtept lat="57.541893" lon="12.433603"><ele>45.4</ele></rtept><rtept lat="57.541868" lon="12.43364"><ele>45.0</ele></rtept><rtept lat="57.54183" lon="12.433685"><ele>45.4</ele></rtept><rtept lat="57.541798" lon="12.433707"><ele>45.2</ele></rtept><rtept lat="57.541765" lon="12.43373"><ele>45.2</ele></rtept><rtept lat="57.54174" lon="12.433752"><ele>45.2</ele></rtept><rtept lat="57.541715" lon="12.433778"><ele>44.8</ele></rtept><rtept lat="57.541688" lon="12.433818"><ele>45.2</ele></rtept><rtept lat="57.541663" lon="12.433857"><ele>45.4</ele></rtept><rtept lat="57.541643" lon="12.433885"><ele>45.0</ele></rtept><rtept lat="57.541612" lon="12.43392"><ele>45.4</ele></rtept><rtept lat="57.54158" lon="12.43395"><ele>45.0</ele></rtept><rtept lat="57.541555" lon="12.43398"><ele>45.2</ele></rtept><rtept lat="57.541528" lon="12.434002"><ele>45.2</ele></rtept><rtept lat="57.541497" lon="12.434025"><ele>44.8</ele></rtept><rtept lat="57.541472" lon="12.434055"><ele>45.2</ele></rtept><rtept lat="57.541445" lon="12.434088"><ele>45.0</ele></rtept><rtept lat="57.541413" lon="12.434118"><ele>45.0</ele></rtept><rtept lat="57.541382" lon="12.434148"><ele>45.0</ele></rtept><rtept lat="57.541357" lon="12.434177"><ele>44.6</ele></rtept><rtept lat="57.54133" lon="12.434207"><ele>44.8</ele></rtept><rtept lat="57.541305" lon="12.43424"><ele>45.0</ele></rtept><rtept lat="57.54128" lon="12.434268"><ele>44.6</ele></rtept><rtept lat="57.54126" lon="12.434292"><ele>44.8</ele></rtept><rtept lat="57.541235" lon="12.434307"><ele>44.6</ele></rtept><rtept lat="57.541215" lon="12.434332"><ele>44.6</ele></rtept><rtept lat="57.541197" lon="12.434352"><ele>44.6</ele></rtept><rtept lat="57.54117" lon="12.434377"><ele>44.0</ele></rtept><rtept lat="57.541145" lon="12.43441"><ele>44.4</ele></rtept><rtept lat="57.541113" lon="12.434438"><ele>44.4</ele></rtept><rtept lat="57.541093" lon="12.434465"><ele>44.2</ele></rtept><rtept lat="57.541062" lon="12.434495"><ele>44.6</ele></rtept><rtept lat="57.541037" lon="12.434525"><ele>44.2</ele></rtept><rtept lat="57.54101" lon="12.434545"><ele>44.4</ele></rtept><rtept lat="57.540985" lon="12.434557"><ele>44.4</ele></rtept><rtept lat="57.540953" lon="12.43457"><ele>44.2</ele></rtept><rtept lat="57.540927" lon="12.43459"><ele>44.4</ele></rtept><rtept lat="57.540902" lon="12.43461"><ele>44.2</ele></rtept><rtept lat="57.540877" lon="12.434635"><ele>44.2</ele></rtept><rtept lat="57.540832" lon="12.434658"><ele>44.4</ele></rtept><rtept lat="57.540805" lon="12.434673"><ele>44.0</ele></rtept><rtept lat="57.540787" lon="12.434685"><ele>44.2</ele></rtept><rtept lat="57.540767" lon="12.43469"><ele>44.4</ele></rtept><rtept lat="57.540742" lon="12.4347"><ele>44.2</ele></rtept><rtept lat="57.540722" lon="12.434713"><ele>44.6</ele></rtept><rtept lat="57.540697" lon="12.434728"><ele>44.4</ele></rtept><rtept lat="57.540678" lon="12.43474"><ele>44.6</ele></rtept><rtept lat="57.540658" lon="12.434745"><ele>44.8</ele></rtept><rtept lat="57.54064" lon="12.434758"><ele>44.4</ele></rtept><rtept lat="57.540613" lon="12.434775"><ele>44.6</ele></rtept><rtept lat="57.540595" lon="12.434785"><ele>44.8</ele></rtept><rtept lat="57.540575" lon="12.434793"><ele>44.6</ele></rtept><rtept lat="57.540557" lon="12.434802"><ele>44.8</ele></rtept><rtept lat="57.54053" lon="12.434813"><ele>44.6</ele></rtept><rtept lat="57.540505" lon="12.434823"><ele>44.8</ele></rtept><rtept lat="57.540485" lon="12.434838"><ele>44.8</ele></rtept><rtept lat="57.54046" lon="12.434848"><ele>44.4</ele></rtept><rtept lat="57.54044" lon="12.434855"><ele>44.6</ele></rtept><rtept lat="57.540415" lon="12.434857"><ele>44.8</ele></rtept><rtept lat="57.54039" lon="12.434855"><ele>44.6</ele></rtept><rtept lat="57.540358" lon="12.434848"><ele>44.8</ele></rtept><rtept lat="57.540325" lon="12.434833"><ele>44.6</ele></rtept><rtept lat="57.5403" lon="12.434808"><ele>44.8</ele></rtept><rtept lat="57.540268" lon="12.434785"><ele>44.8</ele></rtept><rtept lat="57.540248" lon="12.434753"><ele>44.8</ele></rtept><rtept lat="57.54023" lon="12.434705"><ele>45.0</ele></rtept><rtept lat="57.540203" lon="12.434668"><ele>45.0</ele></rtept><rtept lat="57.540185" lon="12.434635"><ele>44.6</ele></rtept><rtept lat="57.54016" lon="12.434617"><ele>44.6</ele></rtept><rtept lat="57.540127" lon="12.434603"><ele>44.0</ele></rtept><rtept lat="57.540102" lon="12.4346"><ele>44.4</ele></rtept><rtept lat="57.540077" lon="12.434605"><ele>44.2</ele></rtept><rtept lat="57.54005" lon="12.434623"><ele>44.0</ele></rtept><rtept lat="57.540025" lon="12.43465"><ele>44.0</ele></rtept><rtept lat="57.540005" lon="12.43468"><ele>43.8</ele></rtept><rtept lat="57.53998" lon="12.434715"><ele>44.0</ele></rtept><rtept lat="57.539955" lon="12.434748"><ele>44.4</ele></rtept><rtept lat="57.539928" lon="12.434778"><ele>44.2</ele></rtept><rtept lat="57.539903" lon="12.434815"><ele>44.4</ele></rtept><rtept lat="57.539878" lon="12.434848"><ele>44.0</ele></rtept><rtept lat="57.539858" lon="12.434878"><ele>43.8</ele></rtept><rtept lat="57.539833" lon="12.434912"><ele>44.0</ele></rtept><rtept lat="57.539807" lon="12.434947"><ele>43.4</ele></rtept><rtept lat="57.539788" lon="12.43498"><ele>43.6</ele></rtept><rtept lat="57.539762" lon="12.435003"><ele>43.6</ele></rtept><rtept lat="57.539737" lon="12.435025"><ele>43.2</ele></rtept><rtept lat="57.539712" lon="12.435038"><ele>43.4</ele></rtept><rtept lat="57.539685" lon="12.435062"><ele>43.2</ele></rtept><rtept lat="57.539667" lon="12.435085"><ele>43.4</ele></rtept><rtept lat="57.53964" lon="12.435115"><ele>43.8</ele></rtept><rtept lat="57.539622" lon="12.435145"><ele>43.8</ele></rtept><rtept lat="57.539597" lon="12.43519"><ele>44.2</ele></rtept><rtept lat="57.53957" lon="12.435222"><ele>44.2</ele></rtept><rtept lat="57.539545" lon="12.435247"><ele>44.2</ele></rtept><rtept lat="57.539525" lon="12.43528"><ele>44.6</ele></rtept><rtept lat="57.539507" lon="12.43531"><ele>44.2</ele></rtept><rtept lat="57.53948" lon="12.43533"><ele>44.2</ele></rtept><rtept lat="57.539462" lon="12.435335"><ele>44.4</ele></rtept><rtept lat="57.539442" lon="12.435325"><ele>43.8</ele></rtept><rtept lat="57.53943" lon="12.435288"><ele>43.6</ele></rtept><rtept lat="57.539423" lon="12.435232"><ele>43.4</ele></rtept><rtept lat="57.539423" lon="12.43518"><ele>43.0</ele></rtept><rtept lat="57.539417" lon="12.435125"><ele>42.6</ele></rtept><rtept lat="57.53941" lon="12.435072"><ele>42.0</ele></rtept><rtept lat="57.539403" lon="12.435027"><ele>41.4</ele></rtept><rtept lat="57.539403" lon="12.43498"><ele>40.8</ele></rtept><rtept lat="57.539398" lon="12.434927"><ele>40.4</ele></rtept><rtept lat="57.539398" lon="12.434878"><ele>39.8</ele></rtept><rtept lat="57.539392" lon="12.434822"><ele>39.0</ele></rtept><rtept lat="57.539392" lon="12.434775"><ele>38.4</ele></rtept><rtept lat="57.539392" lon="12.43471"><ele>37.6</ele></rtept><rtept lat="57.539392" lon="12.434643"><ele>37.2</ele></rtept><rtept lat="57.539392" lon="12.434577"><ele>36.2</ele></rtept><rtept lat="57.539385" lon="12.43452"><ele>35.8</ele></rtept><rtept lat="57.539385" lon="12.434462"><ele>35.4</ele></rtept><rtept lat="57.539372" lon="12.434425"><ele>34.4</ele></rtept><rtept lat="57.53936" lon="12.434395"><ele>34.0</ele></rtept><rtept lat="57.539327" lon="12.434358"><ele>32.8</ele></rtept><rtept lat="57.539295" lon="12.434353"><ele>32.4</ele></rtept><rtept lat="57.539277" lon="12.43435"><ele>32.2</ele></rtept><rtept lat="57.53925" lon="12.434327"><ele>31.4</ele></rtept><rtept lat="57.539232" lon="12.434312"><ele>31.4</ele></rtept><rtept lat="57.539205" lon="12.434293"><ele>30.4</ele></rtept><rtept lat="57.53918" lon="12.434273"><ele>30.4</ele></rtept><rtept lat="57.53916" lon="12.434257"><ele>30.0</ele></rtept><rtept lat="57.539142" lon="12.434233"><ele>29.6</ele></rtept><rtept lat="57.539117" lon="12.43422"><ele>29.8</ele></rtept><rtept lat="57.53909" lon="12.434208"><ele>29.4</ele></rtept><rtept lat="57.539072" lon="12.434198"><ele>29.4</ele></rtept><rtept lat="57.539052" lon="12.434183"><ele>29.6</ele></rtept><rtept lat="57.539027" lon="12.434177"><ele>29.2</ele></rtept><rtept lat="57.539007" lon="12.434175"><ele>29.4</ele></rtept><rtept lat="57.538975" lon="12.434168"><ele>29.6</ele></rtept><rtept lat="57.53895" lon="12.434163"><ele>28.8</ele></rtept><rtept lat="57.538918" lon="12.434167"><ele>29.0</ele></rtept><rtept lat="57.538885" lon="12.434173"><ele>28.6</ele></rtept><rtept lat="57.538847" lon="12.434177"><ele>28.4</ele></rtept><rtept lat="57.538815" lon="12.434172"><ele>28.4</ele></rtept><rtept lat="57.538777" lon="12.434163"><ele>27.8</ele></rtept><rtept lat="57.538752" lon="12.434153"><ele>27.8</ele></rtept><rtept lat="57.538725" lon="12.43414"><ele>27.8</ele></rtept><rtept lat="57.5387" lon="12.434138"><ele>27.2</ele></rtept><rtept lat="57.538668" lon="12.434098"><ele>27.4</ele></rtept><rtept lat="57.538648" lon="12.434075"><ele>27.0</ele></rtept><rtept lat="57.53863" lon="12.43406"><ele>27.0</ele></rtept><rtept lat="57.53861" lon="12.434045"><ele>26.8</ele></rtept><rtept lat="57.538592" lon="12.434045"><ele>27.2</ele></rtept><rtept lat="57.538553" lon="12.434025"><ele>27.0</ele></rtept><rtept lat="57.538533" lon="12.433995"><ele>27.0</ele></rtept><rtept lat="57.538515" lon="12.433973"><ele>26.8</ele></rtept><rtept lat="57.538488" lon="12.433943"><ele>26.8</ele></rtept><rtept lat="57.538457" lon="12.433917"><ele>26.8</ele></rtept><rtept lat="57.538425" lon="12.433893"><ele>26.6</ele></rtept><rtept lat="57.538412" lon="12.433868"><ele>26.6</ele></rtept><rtept lat="57.538387" lon="12.433835"><ele>26.4</ele></rtept><rtept lat="57.538367" lon="12.433802"><ele>26.8</ele></rtept><rtept lat="57.53836" lon="12.433752"><ele>26.8</ele></rtept><rtept lat="57.538355" lon="12.433707"><ele>26.8</ele></rtept><rtept lat="57.538355" lon="12.433672"><ele>27.0</ele></rtept><rtept lat="57.53836" lon="12.433617"><ele>26.8</ele></rtept><rtept lat="57.538373" lon="12.433568"><ele>26.8</ele></rtept><rtept lat="57.53838" lon="12.433517"><ele>27.0</ele></rtept><rtept lat="57.538393" lon="12.433473"><ele>26.8</ele></rtept><rtept lat="57.538405" lon="12.43342"><ele>27.0</ele></rtept><rtept lat="57.538418" lon="12.433383"><ele>26.8</ele></rtept><rtept lat="57.538438" lon="12.433328"><ele>26.8</ele></rtept><rtept lat="57.538457" lon="12.433288"><ele>27.0</ele></rtept><rtept lat="57.538477" lon="12.433243"><ele>26.6</ele></rtept><rtept lat="57.538495" lon="12.433188"><ele>26.8</ele></rtept><rtept lat="57.538515" lon="12.43315"><ele>26.8</ele></rtept><rtept lat="57.538533" lon="12.433127"><ele>26.4</ele></rtept><rtept lat="57.538553" lon="12.4331"><ele>26.6</ele></rtept><rtept lat="57.538585" lon="12.433077"><ele>26.2</ele></rtept><rtept lat="57.53861" lon="12.433055"><ele>26.4</ele></rtept><rtept lat="57.53863" lon="12.433035"><ele>26.2</ele></rtept><rtept lat="57.538655" lon="12.433018"><ele>26.2</ele></rtept><rtept lat="57.538687" lon="12.433002"><ele>26.2</ele></rtept><rtept lat="57.538707" lon="12.432987"><ele>25.8</ele></rtept><rtept lat="57.538732" lon="12.432972"><ele>26.4</ele></rtept><rtept lat="57.538758" lon="12.432957"><ele>26.4</ele></rtept><rtept lat="57.538783" lon="12.432945"><ele>26.4</ele></rtept><rtept lat="57.538815" lon="12.432922"><ele>26.8</ele></rtept><rtept lat="57.53884" lon="12.432912"><ele>26.8</ele></rtept><rtept lat="57.538873" lon="12.432893"><ele>27.0</ele></rtept><rtept lat="57.538892" lon="12.432867"><ele>27.4</ele></rtept><rtept lat="57.538918" lon="12.432843"><ele>26.8</ele></rtept><rtept lat="57.538937" lon="12.432818"><ele>27.0</ele></rtept><rtept lat="57.538957" lon="12.432787"><ele>26.4</ele></rtept><rtept lat="57.538975" lon="12.432753"><ele>26.6</ele></rtept><rtept lat="57.539" lon="12.432727"><ele>26.8</ele></rtept><rtept lat="57.539027" lon="12.432715"><ele>26.6</ele></rtept><rtept lat="57.539058" lon="12.432698"><ele>26.8</ele></rtept><rtept lat="57.539083" lon="12.432675"><ele>26.8</ele></rtept><rtept lat="57.539117" lon="12.432655"><ele>26.8</ele></rtept><rtept lat="57.539148" lon="12.432625"><ele>26.8</ele></rtept><rtept lat="57.539173" lon="12.432595"><ele>26.4</ele></rtept><rtept lat="57.539193" lon="12.43257"><ele>26.6</ele></rtept><rtept lat="57.539212" lon="12.432535"><ele>26.6</ele></rtept><rtept lat="57.539238" lon="12.4325"><ele>26.6</ele></rtept><rtept lat="57.539263" lon="12.432463"><ele>26.8</ele></rtept><rtept lat="57.539277" lon="12.432427"><ele>26.6</ele></rtept><rtept lat="57.539295" lon="12.432385"><ele>26.8</ele></rtept><rtept lat="57.539315" lon="12.432347"><ele>27.0</ele></rtept><rtept lat="57.539333" lon="12.432312"><ele>26.6</ele></rtept><rtept lat="57.539353" lon="12.432272"><ele>27.0</ele></rtept><rtept lat="57.539385" lon="12.432222"><ele>26.8</ele></rtept><rtept lat="57.539403" lon="12.432183"><ele>26.8</ele></rtept><rtept lat="57.539417" lon="12.432157"><ele>27.0</ele></rtept><rtept lat="57.539442" lon="12.432118"><ele>26.6</ele></rtept><rtept lat="57.539455" lon="12.432073"><ele>26.8</ele></rtept><rtept lat="57.539468" lon="12.432028"><ele>27.0</ele></rtept><rtept lat="57.539487" lon="12.431983"><ele>27.0</ele></rtept><rtept lat="57.539493" lon="12.431945"><ele>27.2</ele></rtept><rtept lat="57.539513" lon="12.431908"><ele>27.0</ele></rtept><rtept lat="57.539532" lon="12.43187"><ele>27.0</ele></rtept><rtept lat="57.539545" lon="12.431823"><ele>27.2</ele></rtept><rtept lat="57.539552" lon="12.431777"><ele>26.8</ele></rtept><rtept lat="57.539563" lon="12.43172"><ele>27.0</ele></rtept><rtept lat="57.539577" lon="12.431672"><ele>27.0</ele></rtept><rtept lat="57.53959" lon="12.43163"><ele>26.8</ele></rtept><rtept lat="57.539602" lon="12.431587"><ele>26.8</ele></rtept><rtept lat="57.539628" lon="12.43156"><ele>26.6</ele></rtept><rtept lat="57.53964" lon="12.431525"><ele>26.8</ele></rtept><rtept lat="57.53966" lon="12.431498"><ele>27.0</ele></rtept><rtept lat="57.539673" lon="12.431453"><ele>26.8</ele></rtept><rtept lat="57.539692" lon="12.431408"><ele>26.8</ele></rtept><rtept lat="57.539712" lon="12.431352"><ele>27.0</ele></rtept><rtept lat="57.53973" lon="12.431303"><ele>26.8</ele></rtept><rtept lat="57.539757" lon="12.431265"><ele>26.6</ele></rtept><rtept lat="57.539768" lon="12.431233"><ele>26.6</ele></rtept><rtept lat="57.539795" lon="12.431188"><ele>26.2</ele></rtept><rtept lat="57.539807" lon="12.43116"><ele>26.2</ele></rtept><rtept lat="57.539827" lon="12.431123"><ele>26.0</ele></rtept><rtept lat="57.539845" lon="12.43108"><ele>25.8</ele></rtept><rtept lat="57.539865" lon="12.431043"><ele>25.8</ele></rtept><rtept lat="57.539878" lon="12.431007"><ele>25.4</ele></rtept><rtept lat="57.53989" lon="12.430967"><ele>25.6</ele></rtept><rtept lat="57.539903" lon="12.430925"><ele>25.6</ele></rtept><rtept lat="57.539917" lon="12.430885"><ele>25.4</ele></rtept><rtept lat="57.539928" lon="12.430845"><ele>25.4</ele></rtept><rtept lat="57.539942" lon="12.4308"><ele>25.2</ele></rtept><rtept lat="57.539948" lon="12.430747"><ele>25.4</ele></rtept><rtept lat="57.53996" lon="12.4307"><ele>25.6</ele></rtept><rtept lat="57.539973" lon="12.430653"><ele>25.4</ele></rtept><rtept lat="57.539987" lon="12.430603"><ele>25.6</ele></rtept><rtept lat="57.54" lon="12.43056"><ele>25.4</ele></rtept><rtept lat="57.540005" lon="12.430515"><ele>25.2</ele></rtept><rtept lat="57.540018" lon="12.430465"><ele>25.4</ele></rtept><rtept lat="57.540032" lon="12.43042"><ele>25.2</ele></rtept><rtept lat="57.540038" lon="12.43037"><ele>25.2</ele></rtept><rtept lat="57.54005" lon="12.430323"><ele>25.2</ele></rtept><rtept lat="57.540063" lon="12.430277"><ele>25.0</ele></rtept><rtept lat="57.540077" lon="12.43023"><ele>25.2</ele></rtept><rtept lat="57.540088" lon="12.430187"><ele>25.2</ele></rtept><rtept lat="57.540102" lon="12.430145"><ele>25.0</ele></rtept><rtept lat="57.54012" lon="12.430102"><ele>25.2</ele></rtept><rtept lat="57.540127" lon="12.430068"><ele>25.2</ele></rtept><rtept lat="57.54014" lon="12.430037"><ele>25.2</ele></rtept><rtept lat="57.540153" lon="12.429997"><ele>25.4</ele></rtept><rtept lat="57.54016" lon="12.42996"><ele>25.4</ele></rtept><rtept lat="57.540178" lon="12.42989"><ele>25.6</ele></rtept><rtept lat="57.540185" lon="12.429855"><ele>25.2</ele></rtept><rtept lat="57.540198" lon="12.42981"><ele>25.4</ele></rtept><rtept lat="57.540198" lon="12.429773"><ele>25.6</ele></rtept><rtept lat="57.540192" lon="12.429738"><ele>25.6</ele></rtept><rtept lat="57.540185" lon="12.429693"><ele>25.6</ele></rtept><rtept lat="57.540178" lon="12.42964"><ele>25.2</ele></rtept><rtept lat="57.540178" lon="12.429585"><ele>25.0</ele></rtept><rtept lat="57.540185" lon="12.429532"><ele>25.2</ele></rtept><rtept lat="57.540185" lon="12.429482"><ele>25.0</ele></rtept><rtept lat="57.540185" lon="12.42944"><ele>25.0</ele></rtept><rtept lat="57.540185" lon="12.429402"><ele>25.0</ele></rtept><rtept lat="57.540192" lon="12.429347"><ele>24.8</ele></rtept><rtept lat="57.540192" lon="12.429308"><ele>24.8</ele></rtept><rtept lat="57.540192" lon="12.429263"><ele>24.4</ele></rtept><rtept lat="57.540192" lon="12.4292"><ele>24.2</ele></rtept><rtept lat="57.540198" lon="12.429162"><ele>23.6</ele></rtept><rtept lat="57.540198" lon="12.429082"><ele>23.4</ele></rtept><rtept lat="57.540198" lon="12.429035"><ele>22.8</ele></rtept><rtept lat="57.540198" lon="12.428977"><ele>23.0</ele></rtept><rtept lat="57.540198" lon="12.42893"><ele>23.0</ele></rtept><rtept lat="57.540198" lon="12.428877"><ele>22.6</ele></rtept><rtept lat="57.540203" lon="12.428832"><ele>22.6</ele></rtept><rtept lat="57.540217" lon="12.428792"><ele>22.4</ele></rtept><rtept lat="57.54023" lon="12.428758"><ele>22.2</ele></rtept><rtept lat="57.540242" lon="12.428713"><ele>22.2</ele></rtept><rtept lat="57.540242" lon="12.428663"><ele>22.2</ele></rtept><rtept lat="57.540248" lon="12.428623"><ele>21.6</ele></rtept><rtept lat="57.540262" lon="12.428587"><ele>21.6</ele></rtept><rtept lat="57.540268" lon="12.428542"><ele>21.4</ele></rtept><rtept lat="57.540287" lon="12.428513"><ele>20.8</ele></rtept><rtept lat="57.5403" lon="12.428478"><ele>20.6</ele></rtept><rtept lat="57.5403" lon="12.428435"><ele>20.4</ele></rtept><rtept lat="57.5403" lon="12.428383"><ele>19.8</ele></rtept><rtept lat="57.5403" lon="12.42833"><ele>19.6</ele></rtept><rtept lat="57.540307" lon="12.42828"><ele>19.6</ele></rtept><rtept lat="57.540313" lon="12.42824"><ele>18.8</ele></rtept><rtept lat="57.540313" lon="12.4282"><ele>18.6</ele></rtept><rtept lat="57.54032" lon="12.428157"><ele>18.6</ele></rtept><rtept lat="57.540325" lon="12.428117"><ele>18.0</ele></rtept><rtept lat="57.540325" lon="12.428072"><ele>17.8</ele></rtept><rtept lat="57.540338" lon="12.428038"><ele>17.8</ele></rtept><rtept lat="57.540352" lon="12.428007"><ele>17.2</ele></rtept><rtept lat="57.540363" lon="12.427933"><ele>17.0</ele></rtept><rtept lat="57.54037" lon="12.427872"><ele>17.0</ele></rtept><rtept lat="57.540377" lon="12.427808"><ele>16.6</ele></rtept><rtept lat="57.540397" lon="12.427762"><ele>16.2</ele></rtept><rtept lat="57.540415" lon="12.427715"><ele>16.0</ele></rtept><rtept lat="57.540435" lon="12.42768"><ele>15.0</ele></rtept><rtept lat="57.540453" lon="12.427643"><ele>15.2</ele></rtept><rtept lat="57.54048" lon="12.427603"><ele>15.0</ele></rtept><rtept lat="57.540505" lon="12.427563"><ele>14.8</ele></rtept><rtept lat="57.54053" lon="12.42753"><ele>15.0</ele></rtept><rtept lat="57.540562" lon="12.4275"><ele>14.6</ele></rtept><rtept lat="57.540595" lon="12.427472"><ele>14.6</ele></rtept><rtept lat="57.540627" lon="12.427452"><ele>14.8</ele></rtept><rtept lat="57.540652" lon="12.427435"><ele>14.4</ele></rtept><rtept lat="57.540678" lon="12.42741"><ele>14.8</ele></rtept><rtept lat="57.540703" lon="12.427387"><ele>14.8</ele></rtept><rtept lat="57.540735" lon="12.427367"><ele>14.8</ele></rtept><rtept lat="57.540767" lon="12.427347"><ele>14.8</ele></rtept><rtept lat="57.5408" lon="12.427325"><ele>14.4</ele></rtept><rtept lat="57.540825" lon="12.427308"><ele>14.6</ele></rtept><rtept lat="57.540857" lon="12.4273"><ele>14.8</ele></rtept><rtept lat="57.540882" lon="12.427288"><ele>14.6</ele></rtept><rtept lat="57.540915" lon="12.427273"><ele>14.8</ele></rtept><rtept lat="57.540933" lon="12.427272"><ele>14.4</ele></rtept><rtept lat="57.540972" lon="12.42726"><ele>14.6</ele></rtept><rtept lat="57.540998" lon="12.427257"><ele>14.8</ele></rtept><rtept lat="57.541017" lon="12.427252"><ele>14.6</ele></rtept><rtept lat="57.541055" lon="12.427233"><ele>14.8</ele></rtept><rtept lat="57.54108" lon="12.42722"><ele>14.6</ele></rtept><rtept lat="57.541113" lon="12.427203"><ele>14.6</ele></rtept><rtept lat="57.541138" lon="12.427188"><ele>15.0</ele></rtept><rtept lat="57.54117" lon="12.427182"><ele>14.6</ele></rtept><rtept lat="57.541197" lon="12.427177"><ele>15.0</ele></rtept><rtept lat="57.541228" lon="12.427168"><ele>14.6</ele></rtept><rtept lat="57.541253" lon="12.427163"><ele>14.8</ele></rtept><rtept lat="57.541273" lon="12.42716"><ele>15.0</ele></rtept><rtept lat="57.541298" lon="12.427153"><ele>14.6</ele></rtept><rtept lat="57.54133" lon="12.427152"><ele>15.0</ele></rtept><rtept lat="57.541357" lon="12.427148"><ele>14.6</ele></rtept><rtept lat="57.541388" lon="12.427148"><ele>14.8</ele></rtept><rtept lat="57.541413" lon="12.427152"><ele>15.0</ele></rtept><rtept lat="57.541445" lon="12.427158"><ele>14.8</ele></rtept><rtept lat="57.541472" lon="12.427167"><ele>15.2</ele></rtept><rtept lat="57.54151" lon="12.427173"><ele>15.0</ele></rtept><rtept lat="57.541535" lon="12.427178"><ele>15.2</ele></rtept><rtept lat="57.541555" lon="12.427167"><ele>15.2</ele></rtept><rtept lat="57.541573" lon="12.427173"><ele>15.0</ele></rtept><rtept lat="57.5416" lon="12.42718"><ele>15.4</ele></rtept><rtept lat="57.541632" lon="12.427193"><ele>15.4</ele></rtept><rtept lat="57.541657" lon="12.427203"><ele>15.4</ele></rtept><rtept lat="57.541695" lon="12.427217"><ele>15.4</ele></rtept><rtept lat="57.541727" lon="12.427222"><ele>15.2</ele></rtept><rtept lat="57.541753" lon="12.427238"><ele>15.6</ele></rtept><rtept lat="57.541778" lon="12.427247"><ele>15.2</ele></rtept><rtept lat="57.541803" lon="12.427253"><ele>15.4</ele></rtept><rtept lat="57.541837" lon="12.427262"><ele>15.6</ele></rtept><rtept lat="57.541862" lon="12.427272"><ele>15.2</ele></rtept><rtept lat="57.541887" lon="12.427282"><ele>15.4</ele></rtept><rtept lat="57.541918" lon="12.427287"><ele>15.2</ele></rtept><rtept lat="57.541945" lon="12.427297"><ele>15.2</ele></rtept><rtept lat="57.541977" lon="12.427307"><ele>15.4</ele></rtept><rtept lat="57.542002" lon="12.42732"><ele>14.8</ele></rtept><rtept lat="57.542028" lon="12.427332"><ele>15.2</ele></rtept><rtept lat="57.54206" lon="12.427347"><ele>15.2</ele></rtept><rtept lat="57.542092" lon="12.427358"><ele>15.2</ele></rtept><rtept lat="57.542112" lon="12.427367"><ele>15.2</ele></rtept><rtept lat="57.542137" lon="12.427378"><ele>14.8</ele></rtept><rtept lat="57.542168" lon="12.427387"><ele>15.2</ele></rtept><rtept lat="57.542195" lon="12.427392"><ele>15.2</ele></rtept><rtept lat="57.542213" lon="12.427395"><ele>14.8</ele></rtept><rtept lat="57.542245" lon="12.4274"><ele>15.0</ele></rtept><rtept lat="57.542283" lon="12.427407"><ele>14.6</ele></rtept><rtept lat="57.542303" lon="12.427417"><ele>15.0</ele></rtept><rtept lat="57.542335" lon="12.427425"><ele>15.0</ele></rtept><rtept lat="57.542367" lon="12.427425"><ele>14.8</ele></rtept><rtept lat="57.542393" lon="12.427422"><ele>15.0</ele></rtept><rtept lat="57.542425" lon="12.42742"><ele>14.6</ele></rtept><rtept lat="57.54245" lon="12.427405"><ele>15.0</ele></rtept><rtept lat="57.54247" lon="12.427372"><ele>15.0</ele></rtept><rtept lat="57.54247" lon="12.427332"><ele>15.0</ele></rtept><rtept lat="57.542482" lon="12.427282"><ele>15.2</ele></rtept><rtept lat="57.542488" lon="12.427233"><ele>14.8</ele></rtept><rtept lat="57.542488" lon="12.42718"><ele>15.2</ele></rtept><rtept lat="57.542502" lon="12.427133"><ele>14.8</ele></rtept><rtept lat="57.542502" lon="12.427082"><ele>14.8</ele></rtept><rtept lat="57.542502" lon="12.42702"><ele>14.8</ele></rtept><rtept lat="57.542488" lon="12.426965"><ele>14.4</ele></rtept><rtept lat="57.542488" lon="12.426895"><ele>14.6</ele></rtept><rtept lat="57.542482" lon="12.42685"><ele>14.6</ele></rtept><rtept lat="57.542488" lon="12.426787"><ele>14.0</ele></rtept><rtept lat="57.542482" lon="12.42675"><ele>14.2</ele></rtept><rtept lat="57.542482" lon="12.42671"><ele>14.0</ele></rtept><rtept lat="57.542482" lon="12.426667"><ele>13.8</ele></rtept><rtept lat="57.542488" lon="12.42662"><ele>14.0</ele></rtept><rtept lat="57.542488" lon="12.426573"><ele>13.8</ele></rtept><rtept lat="57.542488" lon="12.42652"><ele>13.8</ele></rtept><rtept lat="57.542495" lon="12.426472"><ele>14.0</ele></rtept><rtept lat="57.542502" lon="12.426427"><ele>13.6</ele></rtept><rtept lat="57.542502" lon="12.426373"><ele>13.8</ele></rtept><rtept lat="57.542502" lon="12.426335"><ele>13.8</ele></rtept><rtept lat="57.542502" lon="12.426282"><ele>13.6</ele></rtept><rtept lat="57.542502" lon="12.42623"><ele>13.8</ele></rtept><rtept lat="57.542502" lon="12.426165"><ele>13.4</ele></rtept><rtept lat="57.542508" lon="12.426117"><ele>13.6</ele></rtept><rtept lat="57.542508" lon="12.426065"><ele>13.8</ele></rtept><rtept lat="57.542508" lon="12.426025"><ele>13.4</ele></rtept><rtept lat="57.542508" lon="12.425972"><ele>13.6</ele></rtept><rtept lat="57.542515" lon="12.425913"><ele>13.4</ele></rtept><rtept lat="57.54252" lon="12.425873"><ele>13.6</ele></rtept><rtept lat="57.542527" lon="12.425823"><ele>13.6</ele></rtept><rtept lat="57.542547" lon="12.425773"><ele>13.4</ele></rtept><rtept lat="57.54256" lon="12.42574"><ele>13.4</ele></rtept><rtept lat="57.542572" lon="12.4257"><ele>13.4</ele></rtept><rtept lat="57.542592" lon="12.425645"><ele>13.2</ele></rtept><rtept lat="57.542598" lon="12.4256"><ele>13.4</ele></rtept><rtept lat="57.542603" lon="12.425548"><ele>13.2</ele></rtept><rtept lat="57.54261" lon="12.425483"><ele>13.4</ele></rtept><rtept lat="57.54261" lon="12.42544"><ele>13.4</ele></rtept><rtept lat="57.542603" lon="12.425383"><ele>13.0</ele></rtept><rtept lat="57.54261" lon="12.425342"><ele>13.4</ele></rtept><rtept lat="57.542603" lon="12.425292"><ele>13.0</ele></rtept><rtept lat="57.542598" lon="12.425222"><ele>13.0</ele></rtept><rtept lat="57.542592" lon="12.425163"><ele>13.0</ele></rtept><rtept lat="57.542598" lon="12.425127"><ele>12.6</ele></rtept><rtept lat="57.542603" lon="12.425073"><ele>13.0</ele></rtept><rtept lat="57.542598" lon="12.425022"><ele>12.8</ele></rtept><rtept lat="57.542603" lon="12.424982"><ele>12.8</ele></rtept><rtept lat="57.542603" lon="12.424935"><ele>12.8</ele></rtept><rtept lat="57.542603" lon="12.424898"><ele>12.6</ele></rtept><rtept lat="57.542603" lon="12.424845"><ele>12.8</ele></rtept><rtept lat="57.542603" lon="12.424785"><ele>13.0</ele></rtept><rtept lat="57.54261" lon="12.424737"><ele>12.8</ele></rtept><rtept lat="57.54261" lon="12.424692"><ele>13.0</ele></rtept><rtept lat="57.54261" lon="12.424645"><ele>12.8</ele></rtept><rtept lat="57.54261" lon="12.424598"><ele>12.8</ele></rtept><rtept lat="57.54261" lon="12.42455"><ele>13.0</ele></rtept><rtept lat="57.54261" lon="12.424498"><ele>12.6</ele></rtept><rtept lat="57.54261" lon="12.42444"><ele>13.0</ele></rtept><rtept lat="57.542617" lon="12.424387"><ele>13.0</ele></rtept><rtept lat="57.542623" lon="12.424337"><ele>12.8</ele></rtept><rtept lat="57.542623" lon="12.424288"><ele>13.0</ele></rtept><rtept lat="57.542623" lon="12.424242"><ele>12.6</ele></rtept><rtept lat="57.54263" lon="12.424193"><ele>12.8</ele></rtept><rtept lat="57.54263" lon="12.424155"><ele>13.0</ele></rtept><rtept lat="57.54263" lon="12.4241"><ele>12.8</ele></rtept><rtept lat="57.54263" lon="12.424045"><ele>13.0</ele></rtept><rtept lat="57.54263" lon="12.42399"><ele>12.8</ele></rtept><rtept lat="57.54263" lon="12.423925"><ele>13.0</ele></rtept><rtept lat="57.54263" lon="12.42388"><ele>13.2</ele></rtept><rtept lat="57.542637" lon="12.423827"><ele>13.0</ele></rtept><rtept lat="57.542648" lon="12.42378"><ele>13.2</ele></rtept><rtept lat="57.542655" lon="12.423733"><ele>12.8</ele></rtept><rtept lat="57.542668" lon="12.423673"><ele>13.0</ele></rtept><rtept lat="57.54268" lon="12.423622"><ele>13.0</ele></rtept><rtept lat="57.542687" lon="12.423582"><ele>12.8</ele></rtept><rtept lat="57.5427" lon="12.423528"><ele>12.8</ele></rtept><rtept lat="57.542707" lon="12.423482"><ele>12.8</ele></rtept><rtept lat="57.542713" lon="12.423445"><ele>12.8</ele></rtept><rtept lat="57.542725" lon="12.4234"><ele>12.8</ele></rtept><rtept lat="57.542738" lon="12.423357"><ele>12.4</ele></rtept><rtept lat="57.542752" lon="12.4233"><ele>12.6</ele></rtept><rtept lat="57.542763" lon="12.42327"><ele>12.6</ele></rtept><rtept lat="57.542783" lon="12.42325"><ele>12.4</ele></rtept><rtept lat="57.542802" lon="12.423225"><ele>12.4</ele></rtept><rtept lat="57.542822" lon="12.4232"><ele>12.2</ele></rtept><rtept lat="57.542828" lon="12.423152"><ele>12.2</ele></rtept><rtept lat="57.54284" lon="12.423098"><ele>12.2</ele></rtept><rtept lat="57.542847" lon="12.423047"><ele>11.8</ele></rtept><rtept lat="57.54286" lon="12.423017"><ele>12.2</ele></rtept><rtept lat="57.54288" lon="12.422992"><ele>12.2</ele></rtept><rtept lat="57.542885" lon="12.422943"><ele>12.4</ele></rtept><rtept lat="57.542898" lon="12.422882"><ele>12.4</ele></rtept><rtept lat="57.542898" lon="12.422828"><ele>12.2</ele></rtept><rtept lat="57.542912" lon="12.42278"><ele>12.6</ele></rtept><rtept lat="57.542918" lon="12.422735"><ele>12.4</ele></rtept><rtept lat="57.542923" lon="12.422695"><ele>12.4</ele></rtept><rtept lat="57.54293" lon="12.422652"><ele>12.6</ele></rtept><rtept lat="57.542943" lon="12.42261"><ele>12.4</ele></rtept><rtept lat="57.542943" lon="12.422557"><ele>12.6</ele></rtept><rtept lat="57.54295" lon="12.422497"><ele>12.8</ele></rtept><rtept lat="57.542962" lon="12.422452"><ele>12.6</ele></rtept><rtept lat="57.542982" lon="12.42241"><ele>12.8</ele></rtept><rtept lat="57.542988" lon="12.422378"><ele>12.6</ele></rtept><rtept lat="57.543" lon="12.422353"><ele>12.6</ele></rtept><rtept lat="57.543013" lon="12.422287"><ele>12.4</ele></rtept><rtept lat="57.54302" lon="12.422243"><ele>12.6</ele></rtept><rtept lat="57.54302" lon="12.422202"><ele>12.8</ele></rtept><rtept lat="57.543027" lon="12.422158"><ele>12.2</ele></rtept><rtept lat="57.54304" lon="12.42211"><ele>12.2</ele></rtept><rtept lat="57.543045" lon="12.422053"><ele>12.0</ele></rtept><rtept lat="57.543065" lon="12.422"><ele>12.0</ele></rtept><rtept lat="57.543083" lon="12.421943"><ele>12.0</ele></rtept><rtept lat="57.543103" lon="12.42191"><ele>11.6</ele></rtept><rtept lat="57.543122" lon="12.42187"><ele>11.8</ele></rtept><rtept lat="57.543142" lon="12.421817"><ele>11.6</ele></rtept><rtept lat="57.543155" lon="12.421775"><ele>11.6</ele></rtept><rtept lat="57.54316" lon="12.421732"><ele>11.6</ele></rtept><rtept lat="57.543173" lon="12.421687"><ele>11.2</ele></rtept><rtept lat="57.543187" lon="12.42164"><ele>11.4</ele></rtept><rtept lat="57.5432" lon="12.4216"><ele>11.4</ele></rtept><rtept lat="57.543212" lon="12.421543"><ele>11.0</ele></rtept><rtept lat="57.543218" lon="12.4215"><ele>11.0</ele></rtept><rtept lat="57.543225" lon="12.421455"><ele>10.8</ele></rtept><rtept lat="57.543238" lon="12.421418"><ele>10.8</ele></rtept><rtept lat="57.54325" lon="12.42138"><ele>10.8</ele></rtept><rtept lat="57.54327" lon="12.42136"><ele>10.6</ele></rtept><rtept lat="57.543295" lon="12.421305"><ele>10.6</ele></rtept><rtept lat="57.543308" lon="12.42127"><ele>10.8</ele></rtept><rtept lat="57.54332" lon="12.421223"><ele>10.6</ele></rtept><rtept lat="57.543333" lon="12.42117"><ele>10.8</ele></rtept><rtept lat="57.543347" lon="12.421127"><ele>10.6</ele></rtept><rtept lat="57.54336" lon="12.421092"><ele>10.6</ele></rtept><rtept lat="57.543378" lon="12.421047"><ele>10.8</ele></rtept><rtept lat="57.543392" lon="12.421022"><ele>10.6</ele></rtept><rtept lat="57.54341" lon="12.420985"><ele>10.8</ele></rtept><rtept lat="57.54343" lon="12.420933"><ele>11.0</ele></rtept><rtept lat="57.543442" lon="12.420892"><ele>11.0</ele></rtept><rtept lat="57.543455" lon="12.420853"><ele>11.0</ele></rtept><rtept lat="57.543475" lon="12.420818"><ele>10.6</ele></rtept><rtept lat="57.543493" lon="12.420783"><ele>10.8</ele></rtept><rtept lat="57.543513" lon="12.420742"><ele>10.8</ele></rtept><rtept lat="57.543525" lon="12.4207"><ele>10.4</ele></rtept><rtept lat="57.543545" lon="12.420668"><ele>10.4</ele></rtept><rtept lat="57.543563" lon="12.420638"><ele>10.2</ele></rtept><rtept lat="57.543583" lon="12.42061"><ele>10.0</ele></rtept><rtept lat="57.543602" lon="12.420583"><ele>10.0</ele></rtept><rtept lat="57.543622" lon="12.420557"><ele>9.8</ele></rtept><rtept lat="57.543635" lon="12.420525"><ele>10.0</ele></rtept><rtept lat="57.543647" lon="12.42049"><ele>9.8</ele></rtept><rtept lat="57.54366" lon="12.420455"><ele>9.8</ele></rtept><rtept lat="57.54368" lon="12.420417"><ele>10.0</ele></rtept><rtept lat="57.543698" lon="12.420385"><ele>9.8</ele></rtept><rtept lat="57.543712" lon="12.420352"><ele>9.8</ele></rtept><rtept lat="57.54373" lon="12.420317"><ele>10.0</ele></rtept><rtept lat="57.54375" lon="12.420293"><ele>9.6</ele></rtept><rtept lat="57.543768" lon="12.420273"><ele>10.0</ele></rtept><rtept lat="57.543782" lon="12.420247"><ele>10.0</ele></rtept><rtept lat="57.5438" lon="12.420213"><ele>10.2</ele></rtept><rtept lat="57.543813" lon="12.420173"><ele>10.6</ele></rtept><rtept lat="57.543833" lon="12.420147"><ele>10.4</ele></rtept><rtept lat="57.543845" lon="12.420117"><ele>11.0</ele></rtept><rtept lat="57.543858" lon="12.420083"><ele>10.8</ele></rtept><rtept lat="57.543878" lon="12.420048"><ele>11.0</ele></rtept><rtept lat="57.54389" lon="12.420022"><ele>11.2</ele></rtept><rtept lat="57.543922" lon="12.419962"><ele>11.6</ele></rtept><rtept lat="57.543942" lon="12.419923"><ele>11.8</ele></rtept><rtept lat="57.543955" lon="12.419888"><ele>11.8</ele></rtept><rtept lat="57.543973" lon="12.419853"><ele>12.0</ele></rtept><rtept lat="57.543993" lon="12.419817"><ele>12.0</ele></rtept><rtept lat="57.544012" lon="12.419795"><ele>12.0</ele></rtept><rtept lat="57.544025" lon="12.41977"><ele>12.2</ele></rtept><rtept lat="57.544043" lon="12.41975"><ele>12.0</ele></rtept><rtept lat="57.544063" lon="12.419717"><ele>12.2</ele></rtept><rtept lat="57.544077" lon="12.419682"><ele>12.4</ele></rtept><rtept lat="57.544088" lon="12.419645"><ele>12.2</ele></rtept><rtept lat="57.544095" lon="12.419607"><ele>12.6</ele></rtept><rtept lat="57.544095" lon="12.419562"><ele>12.4</ele></rtept><rtept lat="57.544095" lon="12.419482"><ele>12.4</ele></rtept><rtept lat="57.544095" lon="12.419432"><ele>12.6</ele></rtept><rtept lat="57.544095" lon="12.419393"><ele>12.4</ele></rtept><rtept lat="57.544102" lon="12.419348"><ele>12.6</ele></rtept><rtept lat="57.544102" lon="12.4193"><ele>12.8</ele></rtept><rtept lat="57.544108" lon="12.419253"><ele>12.4</ele></rtept><rtept lat="57.544115" lon="12.41921"><ele>12.6</ele></rtept><rtept lat="57.54412" lon="12.419168"><ele>12.6</ele></rtept><rtept lat="57.54412" lon="12.419112"><ele>12.6</ele></rtept><rtept lat="57.544133" lon="12.419065"><ele>12.8</ele></rtept><rtept lat="57.54414" lon="12.419017"><ele>12.6</ele></rtept><rtept lat="57.54414" lon="12.418958"><ele>12.8</ele></rtept><rtept lat="57.544153" lon="12.418912"><ele>12.8</ele></rtept><rtept lat="57.544153" lon="12.418858"><ele>12.4</ele></rtept><rtept lat="57.54416" lon="12.418797"><ele>12.6</ele></rtept><rtept lat="57.544165" lon="12.418758"><ele>13.0</ele></rtept><rtept lat="57.544172" lon="12.418712"><ele>12.6</ele></rtept><rtept lat="57.544178" lon="12.418655"><ele>13.0</ele></rtept><rtept lat="57.544178" lon="12.41862"><ele>12.8</ele></rtept><rtept lat="57.544185" lon="12.418575"><ele>12.8</ele></rtept><rtept lat="57.544185" lon="12.418523"><ele>13.0</ele></rtept><rtept lat="57.544192" lon="12.41847"><ele>12.8</ele></rtept><rtept lat="57.544203" lon="12.418415"><ele>13.0</ele></rtept><rtept lat="57.54421" lon="12.418365"><ele>13.0</ele></rtept><rtept lat="57.54421" lon="12.418318"><ele>12.8</ele></rtept><rtept lat="57.544217" lon="12.418252"><ele>13.0</ele></rtept><rtept lat="57.544217" lon="12.418193"><ele>13.2</ele></rtept><rtept lat="57.54423" lon="12.41814"><ele>13.0</ele></rtept><rtept lat="57.544237" lon="12.418092"><ele>13.2</ele></rtept><rtept lat="57.544237" lon="12.418053"><ele>13.0</ele></rtept><rtept lat="57.544242" lon="12.418002"><ele>13.2</ele></rtept><rtept lat="57.544248" lon="12.417955"><ele>13.6</ele></rtept><rtept lat="57.544248" lon="12.417903"><ele>13.2</ele></rtept><rtept lat="57.544255" lon="12.417855"><ele>13.6</ele></rtept><rtept lat="57.544255" lon="12.417805"><ele>13.6</ele></rtept><rtept lat="57.544268" lon="12.41776"><ele>13.6</ele></rtept><rtept lat="57.544268" lon="12.417707"><ele>13.8</ele></rtept><rtept lat="57.544275" lon="12.417665"><ele>13.6</ele></rtept><rtept lat="57.544275" lon="12.417612"><ele>14.0</ele></rtept><rtept lat="57.54428" lon="12.417577"><ele>14.2</ele></rtept><rtept lat="57.54428" lon="12.417532"><ele>14.0</ele></rtept><rtept lat="57.544287" lon="12.417487"><ele>14.2</ele></rtept><rtept lat="57.544293" lon="12.417433"><ele>14.2</ele></rtept><rtept lat="57.544293" lon="12.41738"><ele>14.2</ele></rtept><rtept lat="57.544293" lon="12.417328"><ele>14.4</ele></rtept><rtept lat="57.544293" lon="12.417282"><ele>14.0</ele></rtept><rtept lat="57.544293" lon="12.41723"><ele>14.2</ele></rtept><rtept lat="57.544293" lon="12.41718"><ele>14.4</ele></rtept><rtept lat="57.544287" lon="12.417137"><ele>14.2</ele></rtept><rtept lat="57.544287" lon="12.417075"><ele>14.2</ele></rtept><rtept lat="57.54428" lon="12.417037"><ele>14.4</ele></rtept><rtept lat="57.544275" lon="12.417003"><ele>14.6</ele></rtept><rtept lat="57.544268" lon="12.41697"><ele>14.2</ele></rtept><rtept lat="57.544255" lon="12.416932"><ele>14.6</ele></rtept><rtept lat="57.54423" lon="12.416885"><ele>14.8</ele></rtept><rtept lat="57.54421" lon="12.416838"><ele>15.2</ele></rtept><rtept lat="57.544178" lon="12.416798"><ele>15.8</ele></rtept><rtept lat="57.54416" lon="12.41678"><ele>15.8</ele></rtept><rtept lat="57.544133" lon="12.416743"><ele>16.6</ele></rtept><rtept lat="57.544115" lon="12.416723"><ele>17.2</ele></rtept><rtept lat="57.544088" lon="12.416707"><ele>17.8</ele></rtept><rtept lat="57.544057" lon="12.4167"><ele>18.4</ele></rtept><rtept lat="57.544032" lon="12.416698"><ele>19.0</ele></rtept><rtept lat="57.544" lon="12.416682"><ele>19.4</ele></rtept><rtept lat="57.54398" lon="12.416673"><ele>20.0</ele></rtept><rtept lat="57.54396" lon="12.41666"><ele>20.2</ele></rtept><rtept lat="57.543942" lon="12.416647"><ele>20.6</ele></rtept><rtept lat="57.543922" lon="12.416638"><ele>21.0</ele></rtept><rtept lat="57.543897" lon="12.41664"><ele>21.4</ele></rtept><rtept lat="57.543878" lon="12.41664"><ele>22.0</ele></rtept><rtept lat="57.543858" lon="12.416633"><ele>22.2</ele></rtept><rtept lat="57.543827" lon="12.416608"><ele>22.6</ele></rtept><rtept lat="57.543795" lon="12.416583"><ele>23.4</ele></rtept><rtept lat="57.543762" lon="12.416567"><ele>24.0</ele></rtept><rtept lat="57.543743" lon="12.416553"><ele>24.4</ele></rtept><rtept lat="57.543723" lon="12.416542"><ele>24.6</ele></rtept><rtept lat="57.543705" lon="12.41653"><ele>24.8</ele></rtept><rtept lat="57.54368" lon="12.416502"><ele>25.2</ele></rtept><rtept lat="57.543647" lon="12.41647"><ele>26.0</ele></rtept><rtept lat="57.543615" lon="12.416455"><ele>26.4</ele></rtept><rtept lat="57.543583" lon="12.416443"><ele>26.6</ele></rtept><rtept lat="57.543563" lon="12.416437"><ele>26.6</ele></rtept><rtept lat="57.543532" lon="12.416423"><ele>26.8</ele></rtept><rtept lat="57.543513" lon="12.416415"><ele>26.8</ele></rtept><rtept lat="57.54348" lon="12.416388"><ele>26.8</ele></rtept><rtept lat="57.543448" lon="12.416357"><ele>26.6</ele></rtept><rtept lat="57.543423" lon="12.416343"><ele>26.8</ele></rtept><rtept lat="57.543398" lon="12.416323"><ele>26.6</ele></rtept><rtept lat="57.543378" lon="12.416308"><ele>27.0</ele></rtept><rtept lat="57.54336" lon="12.41629"><ele>27.2</ele></rtept><rtept lat="57.54334" lon="12.416272"><ele>27.0</ele></rtept><rtept lat="57.543315" lon="12.416232"><ele>27.2</ele></rtept><rtept lat="57.543295" lon="12.416225"><ele>27.0</ele></rtept><rtept lat="57.543277" lon="12.416218"><ele>27.2</ele></rtept><rtept lat="57.543257" lon="12.416212"><ele>27.2</ele></rtept><rtept lat="57.543225" lon="12.4162"><ele>27.2</ele></rtept><rtept lat="57.543205" lon="12.416185"><ele>27.4</ele></rtept><rtept lat="57.543187" lon="12.416172"><ele>27.2</ele></rtept><rtept lat="57.54316" lon="12.416155"><ele>27.2</ele></rtept><rtept lat="57.543142" lon="12.41614"><ele>27.4</ele></rtept><rtept lat="57.543122" lon="12.41613"><ele>27.0</ele></rtept><rtept lat="57.543103" lon="12.416122"><ele>27.4</ele></rtept><rtept lat="57.543083" lon="12.416112"><ele>27.8</ele></rtept><rtept lat="57.543058" lon="12.4161"><ele>27.6</ele></rtept><rtept lat="57.543027" lon="12.416093"><ele>27.8</ele></rtept><rtept lat="57.543007" lon="12.416085"><ele>28.0</ele></rtept><rtept lat="57.542982" lon="12.416072"><ele>27.8</ele></rtept><rtept lat="57.54295" lon="12.416067"><ele>28.0</ele></rtept><rtept lat="57.542918" lon="12.416057"><ele>28.0</ele></rtept><rtept lat="57.542885" lon="12.416048"><ele>28.0</ele></rtept><rtept lat="57.542867" lon="12.416043"><ele>28.2</ele></rtept><rtept lat="57.54284" lon="12.416047"><ele>28.0</ele></rtept><rtept lat="57.542815" lon="12.416047"><ele>28.4</ele></rtept><rtept lat="57.542797" lon="12.416048"><ele>28.6</ele></rtept><rtept lat="57.542777" lon="12.416042"><ele>28.2</ele></rtept><rtept lat="57.542758" lon="12.416023"><ele>28.4</ele></rtept><rtept lat="57.542738" lon="12.416007"><ele>28.6</ele></rtept><rtept lat="57.542713" lon="12.416007"><ele>28.6</ele></rtept><rtept lat="57.542687" lon="12.416"><ele>28.8</ele></rtept><rtept lat="57.542668" lon="12.415987"><ele>28.8</ele></rtept><rtept lat="57.54263" lon="12.415947"><ele>29.0</ele></rtept><rtept lat="57.542603" lon="12.415928"><ele>29.0</ele></rtept><rtept lat="57.542585" lon="12.415908"><ele>29.4</ele></rtept><rtept lat="57.54256" lon="12.415862"><ele>29.8</ele></rtept><rtept lat="57.542547" lon="12.415835"><ele>30.2</ele></rtept><rtept lat="57.542527" lon="12.415788"><ele>30.6</ele></rtept><rtept lat="57.542508" lon="12.41578"><ele>31.0</ele></rtept><rtept lat="57.542482" lon="12.415735"><ele>31.4</ele></rtept><rtept lat="57.542463" lon="12.415703"><ele>31.8</ele></rtept><rtept lat="57.542443" lon="12.415657"><ele>32.2</ele></rtept><rtept lat="57.542412" lon="12.415597"><ele>32.6</ele></rtept><rtept lat="57.542412" lon="12.41554"><ele>33.2</ele></rtept><rtept lat="57.542387" lon="12.415495"><ele>33.4</ele></rtept><rtept lat="57.542373" lon="12.415435"><ele>34.0</ele></rtept><rtept lat="57.542367" lon="12.415352"><ele>34.4</ele></rtept><rtept lat="57.542367" lon="12.41528"><ele>34.6</ele></rtept><rtept lat="57.542348" lon="12.415208"><ele>35.2</ele></rtept><rtept lat="57.542342" lon="12.415155"><ele>35.6</ele></rtept><rtept lat="57.542342" lon="12.415098"><ele>35.8</ele></rtept><rtept lat="57.542328" lon="12.41504"><ele>36.2</ele></rtept><rtept lat="57.542355" lon="12.415013"><ele>36.4</ele></rtept><rtept lat="57.542367" lon="12.414977"><ele>36.6</ele></rtept><rtept lat="57.542367" lon="12.41492"><ele>37.6</ele></rtept><rtept lat="57.542387" lon="12.414923"><ele>37.8</ele></rtept><rtept lat="57.542405" lon="12.41489"><ele>38.6</ele></rtept><rtept lat="57.542425" lon="12.414903"><ele>39.0</ele></rtept><rtept lat="57.542443" lon="12.414883"><ele>39.4</ele></rtept><rtept lat="57.542463" lon="12.414857"><ele>40.0</ele></rtept><rtept lat="57.542488" lon="12.414835"><ele>40.4</ele></rtept><rtept lat="57.542495" lon="12.414798"><ele>40.6</ele></rtept><rtept lat="57.542502" lon="12.414758"><ele>41.0</ele></rtept><rtept lat="57.542515" lon="12.414715"><ele>41.4</ele></rtept><rtept lat="57.54252" lon="12.414673"><ele>41.4</ele></rtept><rtept lat="57.54252" lon="12.414622"><ele>41.8</ele></rtept><rtept lat="57.542502" lon="12.414522"><ele>42.0</ele></rtept><rtept lat="57.542508" lon="12.41445"><ele>42.2</ele></rtept><rtept lat="57.542533" lon="12.414433"><ele>42.6</ele></rtept><rtept lat="57.542553" lon="12.414415"><ele>43.0</ele></rtept><rtept lat="57.542585" lon="12.41436"><ele>43.6</ele></rtept><rtept lat="57.54261" lon="12.414325"><ele>43.8</ele></rtept><rtept lat="57.542642" lon="12.414323"><ele>44.6</ele></rtept><rtept lat="57.542662" lon="12.414313"><ele>44.6</ele></rtept><rtept lat="57.54268" lon="12.414313"><ele>45.0</ele></rtept><rtept lat="57.5427" lon="12.414318"><ele>45.2</ele></rtept><rtept lat="57.542732" lon="12.41432"><ele>45.8</ele></rtept><rtept lat="57.542752" lon="12.414335"><ele>46.0</ele></rtept><rtept lat="57.54277" lon="12.414345"><ele>46.0</ele></rtept><rtept lat="57.54279" lon="12.414348"><ele>46.4</ele></rtept><rtept lat="57.542808" lon="12.41434"><ele>46.6</ele></rtept><rtept lat="57.542828" lon="12.414337"><ele>46.6</ele></rtept><rtept lat="57.542853" lon="12.414335"><ele>47.0</ele></rtept><rtept lat="57.542885" lon="12.414338"><ele>47.2</ele></rtept><rtept lat="57.542905" lon="12.414338"><ele>47.6</ele></rtept><rtept lat="57.542923" lon="12.414328"><ele>47.8</ele></rtept><rtept lat="57.542957" lon="12.414305"><ele>48.6</ele></rtept><rtept lat="57.542982" lon="12.4143"><ele>48.6</ele></rtept><rtept lat="57.543" lon="12.4143"><ele>48.8</ele></rtept><rtept lat="57.543027" lon="12.414295"><ele>49.2</ele></rtept><rtept lat="57.543045" lon="12.41429"><ele>49.2</ele></rtept><rtept lat="57.543072" lon="12.414278"><ele>49.4</ele></rtept><rtept lat="57.543103" lon="12.414263"><ele>49.8</ele></rtept><rtept lat="57.543122" lon="12.414263"><ele>49.8</ele></rtept><rtept lat="57.543142" lon="12.41426"><ele>50.2</ele></rtept><rtept lat="57.54316" lon="12.414253"><ele>50.0</ele></rtept><rtept lat="57.543187" lon="12.414253"><ele>50.0</ele></rtept><rtept lat="57.543205" lon="12.414257"><ele>50.2</ele></rtept><rtept lat="57.543238" lon="12.414255"><ele>50.2</ele></rtept><rtept lat="57.543257" lon="12.414248"><ele>50.4</ele></rtept><rtept lat="57.543282" lon="12.414228"><ele>50.6</ele></rtept><rtept lat="57.543302" lon="12.41421"><ele>50.4</ele></rtept><rtept lat="57.543327" lon="12.414197"><ele>50.4</ele></rtept><rtept lat="57.543347" lon="12.414183"><ele>50.6</ele></rtept><rtept lat="57.543372" lon="12.41417"><ele>50.4</ele></rtept><rtept lat="57.543398" lon="12.414157"><ele>50.6</ele></rtept><rtept lat="57.543423" lon="12.414162"><ele>50.6</ele></rtept><rtept lat="57.543448" lon="12.414162"><ele>50.4</ele></rtept><rtept lat="57.54348" lon="12.41416"><ele>50.8</ele></rtept><rtept lat="57.5435" lon="12.414152"><ele>51.0</ele></rtept><rtept lat="57.543525" lon="12.414147"><ele>50.8</ele></rtept><rtept lat="57.543552" lon="12.414142"><ele>51.2</ele></rtept><rtept lat="57.543577" lon="12.414138"><ele>51.2</ele></rtept><rtept lat="57.543608" lon="12.414122"><ele>51.0</ele></rtept><rtept lat="57.543635" lon="12.414115"><ele>51.2</ele></rtept><rtept lat="57.54366" lon="12.414102"><ele>51.4</ele></rtept><rtept lat="57.543692" lon="12.414087"><ele>51.4</ele></rtept><rtept lat="57.543712" lon="12.414082"><ele>51.2</ele></rtept><rtept lat="57.543737" lon="12.414067"><ele>51.0</ele></rtept><rtept lat="57.543757" lon="12.414052"><ele>51.2</ele></rtept><rtept lat="57.543775" lon="12.414037"><ele>51.0</ele></rtept><rtept lat="57.543795" lon="12.414018"><ele>51.0</ele></rtept><rtept lat="57.54382" lon="12.413987"><ele>51.0</ele></rtept><rtept lat="57.54384" lon="12.413957"><ele>50.8</ele></rtept><rtept lat="57.543852" lon="12.413927"><ele>51.0</ele></rtept><rtept lat="57.543872" lon="12.413892"><ele>51.0</ele></rtept><rtept lat="57.543897" lon="12.413827"><ele>51.0</ele></rtept><rtept lat="57.54391" lon="12.413793"><ele>51.2</ele></rtept><rtept lat="57.543935" lon="12.413733"><ele>51.2</ele></rtept><rtept lat="57.543948" lon="12.413685"><ele>51.2</ele></rtept><rtept lat="57.543955" lon="12.41365"><ele>51.0</ele></rtept><rtept lat="57.543967" lon="12.413605"><ele>51.4</ele></rtept><rtept lat="57.543973" lon="12.413553"><ele>51.2</ele></rtept><rtept lat="57.54398" lon="12.413508"><ele>51.4</ele></rtept><rtept lat="57.543987" lon="12.413467"><ele>51.6</ele></rtept><rtept lat="57.543993" lon="12.413425"><ele>51.6</ele></rtept><rtept lat="57.543993" lon="12.413387"><ele>51.6</ele></rtept><rtept lat="57.544" lon="12.413355"><ele>51.8</ele></rtept><rtept lat="57.544" lon="12.41331"><ele>51.6</ele></rtept><rtept lat="57.544" lon="12.413268"><ele>51.8</ele></rtept><rtept lat="57.543993" lon="12.413237"><ele>52.2</ele></rtept><rtept lat="57.54398" lon="12.413207"><ele>52.0</ele></rtept><rtept lat="57.543973" lon="12.413173"><ele>52.4</ele></rtept><rtept lat="57.54396" lon="12.413143"><ele>52.6</ele></rtept><rtept lat="57.543955" lon="12.413107"><ele>52.6</ele></rtept><rtept lat="57.543942" lon="12.413058"><ele>52.8</ele></rtept><rtept lat="57.543935" lon="12.413022"><ele>53.0</ele></rtept><rtept lat="57.543928" lon="12.412983"><ele>53.0</ele></rtept><rtept lat="57.543922" lon="12.412943"><ele>53.6</ele></rtept><rtept lat="57.54391" lon="12.41288"><ele>53.8</ele></rtept><rtept lat="57.543903" lon="12.412843"><ele>54.2</ele></rtept><rtept lat="57.543903" lon="12.41281"><ele>54.4</ele></rtept><rtept lat="57.543897" lon="12.412777"><ele>54.8</ele></rtept><rtept lat="57.54389" lon="12.412712"><ele>55.4</ele></rtept><rtept lat="57.543883" lon="12.41268"><ele>56.0</ele></rtept><rtept lat="57.543878" lon="12.412647"><ele>56.2</ele></rtept><rtept lat="57.543872" lon="12.412598"><ele>56.8</ele></rtept><rtept lat="57.543878" lon="12.41254"><ele>57.8</ele></rtept><rtept lat="57.543883" lon="12.41248"><ele>58.6</ele></rtept><rtept lat="57.543897" lon="12.41242"><ele>59.8</ele></rtept><rtept lat="57.543922" lon="12.412363"><ele>60.8</ele></rtept><rtept lat="57.543935" lon="12.412328"><ele>61.0</ele></rtept><rtept lat="57.543948" lon="12.412303"><ele>61.4</ele></rtept><rtept lat="57.543967" lon="12.412273"><ele>62.2</ele></rtept><rtept lat="57.543993" lon="12.412242"><ele>62.4</ele></rtept><rtept lat="57.544012" lon="12.41222"><ele>62.4</ele></rtept><rtept lat="57.544032" lon="12.41219"><ele>63.2</ele></rtept><rtept lat="57.54405" lon="12.412155"><ele>63.6</ele></rtept><rtept lat="57.544063" lon="12.412117"><ele>64.0</ele></rtept><rtept lat="57.544077" lon="12.412078"><ele>64.4</ele></rtept><rtept lat="57.544088" lon="12.412052"><ele>64.6</ele></rtept><rtept lat="57.544108" lon="12.412032"><ele>64.8</ele></rtept><rtept lat="57.544133" lon="12.412"><ele>65.4</ele></rtept><rtept lat="57.544147" lon="12.411972"><ele>65.6</ele></rtept><rtept lat="57.544172" lon="12.41194"><ele>65.8</ele></rtept><rtept lat="57.544192" lon="12.411887"><ele>66.2</ele></rtept><rtept lat="57.544198" lon="12.41184"><ele>66.4</ele></rtept><rtept lat="57.54421" lon="12.411808"><ele>66.8</ele></rtept><rtept lat="57.544217" lon="12.411777"><ele>66.8</ele></rtept><rtept lat="57.544223" lon="12.411707"><ele>67.4</ele></rtept><rtept lat="57.544217" lon="12.411648"><ele>67.6</ele></rtept><rtept lat="57.544223" lon="12.411615"><ele>68.2</ele></rtept><rtept lat="57.544237" lon="12.41158"><ele>68.8</ele></rtept><rtept lat="57.544237" lon="12.411513"><ele>69.2</ele></rtept><rtept lat="57.544242" lon="12.41144"><ele>69.8</ele></rtept><rtept lat="57.544242" lon="12.411403"><ele>70.0</ele></rtept><rtept lat="57.544237" lon="12.41134"><ele>70.6</ele></rtept><rtept lat="57.544217" lon="12.411292"><ele>71.2</ele></rtept><rtept lat="57.544192" lon="12.411262"><ele>71.4</ele></rtept><rtept lat="57.54416" lon="12.411225"><ele>71.6</ele></rtept><rtept lat="57.54414" lon="12.411218"><ele>71.6</ele></rtept><rtept lat="57.544115" lon="12.411185"><ele>71.8</ele></rtept><rtept lat="57.544082" lon="12.41116"><ele>72.0</ele></rtept><rtept lat="57.54405" lon="12.411132"><ele>72.0</ele></rtept><rtept lat="57.544032" lon="12.41112"><ele>72.2</ele></rtept><rtept lat="57.544005" lon="12.411103"><ele>72.4</ele></rtept><rtept lat="57.543967" lon="12.411062"><ele>72.4</ele></rtept><rtept lat="57.543928" lon="12.411017"><ele>72.4</ele></rtept><rtept lat="57.543903" lon="12.410983"><ele>72.6</ele></rtept><rtept lat="57.54389" lon="12.410948"><ele>72.8</ele></rtept><rtept lat="57.543872" lon="12.41092"><ele>72.6</ele></rtept><rtept lat="57.543858" lon="12.410875"><ele>72.6</ele></rtept><rtept lat="57.543845" lon="12.410835"><ele>72.6</ele></rtept><rtept lat="57.54384" lon="12.41078"><ele>72.6</ele></rtept><rtept lat="57.54384" lon="12.41072"><ele>72.2</ele></rtept><rtept lat="57.54384" lon="12.41067"><ele>72.4</ele></rtept><rtept lat="57.543852" lon="12.41062"><ele>72.2</ele></rtept><rtept lat="57.543865" lon="12.410578"><ele>72.0</ele></rtept><rtept lat="57.543872" lon="12.410537"><ele>72.0</ele></rtept><rtept lat="57.543878" lon="12.410498"><ele>72.0</ele></rtept><rtept lat="57.543883" lon="12.410467"><ele>72.0</ele></rtept><rtept lat="57.54389" lon="12.410433"><ele>72.4</ele></rtept><rtept lat="57.543903" lon="12.410392"><ele>72.4</ele></rtept><rtept lat="57.543917" lon="12.410367"><ele>72.8</ele></rtept><rtept lat="57.543928" lon="12.410333"><ele>72.8</ele></rtept><rtept lat="57.543935" lon="12.4103"><ele>72.8</ele></rtept><rtept lat="57.543942" lon="12.41026"><ele>73.2</ele></rtept><rtept lat="57.543942" lon="12.410208"><ele>73.4</ele></rtept><rtept lat="57.543948" lon="12.410173"><ele>73.4</ele></rtept><rtept lat="57.543955" lon="12.410128"><ele>73.8</ele></rtept><rtept lat="57.543955" lon="12.410083"><ele>73.8</ele></rtept><rtept lat="57.543955" lon="12.410045"><ele>73.6</ele></rtept><rtept lat="57.543942" lon="12.41"><ele>74.0</ele></rtept><rtept lat="57.543942" lon="12.409965"><ele>74.4</ele></rtept><rtept lat="57.543928" lon="12.40994"><ele>74.4</ele></rtept><rtept lat="57.543903" lon="12.409918"><ele>74.6</ele></rtept><rtept lat="57.543883" lon="12.409915"><ele>74.8</ele></rtept><rtept lat="57.543865" lon="12.409905"><ele>75.0</ele></rtept><rtept lat="57.543845" lon="12.409892"><ele>75.0</ele></rtept><rtept lat="57.54382" lon="12.409875"><ele>75.4</ele></rtept><rtept lat="57.5438" lon="12.409858"><ele>75.6</ele></rtept><rtept lat="57.543768" lon="12.409835"><ele>75.4</ele></rtept><rtept lat="57.543743" lon="12.409817"><ele>76.0</ele></rtept><rtept lat="57.543718" lon="12.409797"><ele>76.2</ele></rtept><rtept lat="57.543692" lon="12.409778"><ele>76.2</ele></rtept><rtept lat="57.54368" lon="12.409753"><ele>76.6</ele></rtept><rtept lat="57.543653" lon="12.40972"><ele>76.8</ele></rtept><rtept lat="57.543635" lon="12.409702"><ele>77.0</ele></rtept><rtept lat="57.543615" lon="12.409682"><ele>77.2</ele></rtept><rtept lat="57.54359" lon="12.409667"><ele>77.2</ele></rtept><rtept lat="57.543563" lon="12.409652"><ele>77.4</ele></rtept><rtept lat="57.543545" lon="12.409638"><ele>77.4</ele></rtept><rtept lat="57.543525" lon="12.409627"><ele>77.4</ele></rtept><rtept lat="57.543493" lon="12.409618"><ele>77.6</ele></rtept><rtept lat="57.543462" lon="12.409597"><ele>77.8</ele></rtept><rtept lat="57.543442" lon="12.409592"><ele>78.0</ele></rtept><rtept lat="57.543417" lon="12.409582"><ele>78.2</ele></rtept><rtept lat="57.543398" lon="12.409578"><ele>78.6</ele></rtept><rtept lat="57.543372" lon="12.409572"><ele>78.6</ele></rtept><rtept lat="57.543347" lon="12.409573"><ele>78.6</ele></rtept><rtept lat="57.543327" lon="12.409592"><ele>78.8</ele></rtept><rtept lat="57.543302" lon="12.409612"><ele>78.8</ele></rtept><rtept lat="57.543277" lon="12.409627"><ele>78.6</ele></rtept><rtept lat="57.543257" lon="12.409638"><ele>79.0</ele></rtept><rtept lat="57.543238" lon="12.409637"><ele>79.2</ele></rtept><rtept lat="57.543205" lon="12.409633"><ele>79.4</ele></rtept><rtept lat="57.543187" lon="12.40964"><ele>79.6</ele></rtept><rtept lat="57.543167" lon="12.409643"><ele>79.6</ele></rtept><rtept lat="57.543148" lon="12.409647"><ele>80.0</ele></rtept><rtept lat="57.543128" lon="12.409647"><ele>80.0</ele></rtept><rtept lat="57.54311" lon="12.409647"><ele>79.8</ele></rtept><rtept lat="57.543083" lon="12.409648"><ele>80.2</ele></rtept><rtept lat="57.543065" lon="12.409653"><ele>80.0</ele></rtept><rtept lat="57.54304" lon="12.409653"><ele>80.2</ele></rtept><rtept lat="57.543" lon="12.409662"><ele>80.4</ele></rtept><rtept lat="57.542968" lon="12.409667"><ele>80.2</ele></rtept><rtept lat="57.542943" lon="12.409673"><ele>80.4</ele></rtept><rtept lat="57.542923" lon="12.409677"><ele>80.6</ele></rtept><rtept lat="57.542898" lon="12.409668"><ele>80.6</ele></rtept><rtept lat="57.54288" lon="12.40966"><ele>80.6</ele></rtept><rtept lat="57.542847" lon="12.409653"><ele>80.6</ele></rtept><rtept lat="57.542822" lon="12.409648"><ele>80.4</ele></rtept><rtept lat="57.542783" lon="12.409643"><ele>80.2</ele></rtept><rtept lat="57.542745" lon="12.409647"><ele>80.2</ele></rtept><rtept lat="57.542707" lon="12.409652"><ele>80.0</ele></rtept><rtept lat="57.54268" lon="12.409648"><ele>79.8</ele></rtept><rtept lat="57.542648" lon="12.409643"><ele>79.8</ele></rtept><rtept lat="57.542617" lon="12.40964"><ele>79.4</ele></rtept><rtept lat="57.542585" lon="12.409633"><ele>79.8</ele></rtept><rtept lat="57.54256" lon="12.409627"><ele>80.0</ele></rtept><rtept lat="57.542533" lon="12.40962"><ele>79.6</ele></rtept><rtept lat="57.542508" lon="12.409607"><ele>79.8</ele></rtept><rtept lat="57.542482" lon="12.409593"><ele>80.0</ele></rtept><rtept lat="57.542463" lon="12.409582"><ele>80.0</ele></rtept><rtept lat="57.542438" lon="12.409568"><ele>80.2</ele></rtept><rtept lat="57.542418" lon="12.40956"><ele>80.0</ele></rtept><rtept lat="57.542393" lon="12.409555"><ele>80.2</ele></rtept><rtept lat="57.542355" lon="12.409542"><ele>80.4</ele></rtept><rtept lat="57.542328" lon="12.40953"><ele>80.4</ele></rtept><rtept lat="57.542297" lon="12.409522"><ele>80.4</ele></rtept><rtept lat="57.542272" lon="12.409508"><ele>80.6</ele></rtept><rtept lat="57.542252" lon="12.409495"><ele>80.4</ele></rtept><rtept lat="57.542233" lon="12.409475"><ele>80.8</ele></rtept><rtept lat="57.542207" lon="12.409458"><ele>80.8</ele></rtept><rtept lat="57.542175" lon="12.409425"><ele>80.8</ele></rtept><rtept lat="57.542137" lon="12.409403"><ele>80.8</ele></rtept><rtept lat="57.542118" lon="12.4094"><ele>81.0</ele></rtept><rtept lat="57.542092" lon="12.409393"><ele>81.0</ele></rtept><rtept lat="57.542067" lon="12.409383"><ele>81.0</ele></rtept><rtept lat="57.54204" lon="12.409377"><ele>81.4</ele></rtept><rtept lat="57.542015" lon="12.409365"><ele>81.4</ele></rtept><rtept lat="57.541997" lon="12.40935"><ele>81.4</ele></rtept><rtept lat="57.54197" lon="12.40934"><ele>81.8</ele></rtept><rtept lat="57.541952" lon="12.409335"><ele>81.6</ele></rtept><rtept lat="57.541925" lon="12.409323"><ele>82.0</ele></rtept><rtept lat="57.5419" lon="12.40931"><ele>82.4</ele></rtept><rtept lat="57.541875" lon="12.4093"><ele>82.2</ele></rtept><rtept lat="57.541848" lon="12.409288"><ele>82.2</ele></rtept><rtept lat="57.54183" lon="12.40928"><ele>82.4</ele></rtept><rtept lat="57.541798" lon="12.409275"><ele>82.0</ele></rtept><rtept lat="57.541772" lon="12.409267"><ele>82.0</ele></rtept><rtept lat="57.541733" lon="12.409263"><ele>82.0</ele></rtept><rtept lat="57.541708" lon="12.409255"><ele>81.4</ele></rtept><rtept lat="57.541677" lon="12.409243"><ele>81.6</ele></rtept><rtept lat="57.541638" lon="12.409238"><ele>81.8</ele></rtept><rtept lat="57.541612" lon="12.40923"><ele>81.4</ele></rtept><rtept lat="57.541587" lon="12.40922"><ele>81.6</ele></rtept><rtept lat="57.541555" lon="12.409212"><ele>81.6</ele></rtept><rtept lat="57.541535" lon="12.4092"><ele>81.2</ele></rtept><rtept lat="57.54151" lon="12.409185"><ele>81.4</ele></rtept><rtept lat="57.541478" lon="12.409178"><ele>81.4</ele></rtept><rtept lat="57.541452" lon="12.409177"><ele>81.2</ele></rtept><rtept lat="57.54142" lon="12.409175"><ele>81.6</ele></rtept><rtept lat="57.541395" lon="12.409172"><ele>81.4</ele></rtept><rtept lat="57.541368" lon="12.409167"><ele>81.4</ele></rtept><rtept lat="57.541337" lon="12.409165"><ele>81.6</ele></rtept><rtept lat="57.541298" lon="12.409165"><ele>81.2</ele></rtept><rtept lat="57.54126" lon="12.409165"><ele>81.6</ele></rtept><rtept lat="57.54124" lon="12.409162"><ele>81.2</ele></rtept><rtept lat="57.541208" lon="12.409157"><ele>81.6</ele></rtept><rtept lat="57.54119" lon="12.409147"><ele>81.8</ele></rtept><rtept lat="57.54117" lon="12.409132"><ele>81.8</ele></rtept><rtept lat="57.541152" lon="12.409122"><ele>82.0</ele></rtept><rtept lat="57.54112" lon="12.4091"><ele>81.8</ele></rtept><rtept lat="57.5411" lon="12.40908"><ele>82.0</ele></rtept><rtept lat="57.54108" lon="12.409067"><ele>82.2</ele></rtept><rtept lat="57.541055" lon="12.409048"><ele>82.2</ele></rtept><rtept lat="57.541037" lon="12.409037"><ele>82.4</ele></rtept><rtept lat="57.541017" lon="12.409027"><ele>82.4</ele></rtept><rtept lat="57.540998" lon="12.409012"><ele>82.8</ele></rtept><rtept lat="57.540965" lon="12.408973"><ele>83.0</ele></rtept><rtept lat="57.540947" lon="12.40896"><ele>83.4</ele></rtept><rtept lat="57.540908" lon="12.408922"><ele>83.8</ele></rtept><rtept lat="57.540888" lon="12.4089"><ele>84.4</ele></rtept><rtept lat="57.540857" lon="12.408867"><ele>84.8</ele></rtept><rtept lat="57.540838" lon="12.408838"><ele>84.8</ele></rtept><rtept lat="57.540812" lon="12.408808"><ele>85.2</ele></rtept><rtept lat="57.5408" lon="12.408783"><ele>85.0</ele></rtept><rtept lat="57.54078" lon="12.408758"><ele>85.6</ele></rtept><rtept lat="57.54076" lon="12.408725"><ele>86.0</ele></rtept><rtept lat="57.540735" lon="12.4087"><ele>85.8</ele></rtept><rtept lat="57.540717" lon="12.40867"><ele>86.0</ele></rtept><rtept lat="57.540697" lon="12.408645"><ele>86.0</ele></rtept><rtept lat="57.540678" lon="12.40862"><ele>86.0</ele></rtept><rtept lat="57.540658" lon="12.408585"><ele>86.4</ele></rtept><rtept lat="57.54064" lon="12.408555"><ele>86.4</ele></rtept><rtept lat="57.540627" lon="12.40852"><ele>86.0</ele></rtept><rtept lat="57.540613" lon="12.408482"><ele>86.2</ele></rtept><rtept lat="57.540575" lon="12.408438"><ele>85.4</ele></rtept><rtept lat="57.540557" lon="12.408415"><ele>85.6</ele></rtept><rtept lat="57.54053" lon="12.408385"><ele>85.6</ele></rtept><rtept lat="57.540512" lon="12.40836"><ele>85.4</ele></rtept><rtept lat="57.540485" lon="12.408342"><ele>85.6</ele></rtept><rtept lat="57.540467" lon="12.408327"><ele>85.4</ele></rtept><rtept lat="57.540447" lon="12.408303"><ele>85.4</ele></rtept><rtept lat="57.540422" lon="12.408272"><ele>85.6</ele></rtept><rtept lat="57.540402" lon="12.408247"><ele>85.4</ele></rtept><rtept lat="57.540383" lon="12.408213"><ele>85.4</ele></rtept><rtept lat="57.540363" lon="12.408187"><ele>85.4</ele></rtept><rtept lat="57.540338" lon="12.408168"><ele>85.0</ele></rtept><rtept lat="57.54032" lon="12.408155"><ele>85.2</ele></rtept><rtept lat="57.5403" lon="12.408135"><ele>85.0</ele></rtept><rtept lat="57.54028" lon="12.408113"><ele>84.8</ele></rtept><rtept lat="57.540268" lon="12.408088"><ele>85.2</ele></rtept><rtept lat="57.540242" lon="12.408068"><ele>85.0</ele></rtept><rtept lat="57.540223" lon="12.40804"><ele>85.0</ele></rtept><rtept lat="57.540203" lon="12.408018"><ele>85.2</ele></rtept><rtept lat="57.540178" lon="12.407993"><ele>85.0</ele></rtept><rtept lat="57.540153" lon="12.40797"><ele>85.2</ele></rtept><rtept lat="57.540127" lon="12.407945"><ele>85.2</ele></rtept><rtept lat="57.540115" lon="12.407917"><ele>84.8</ele></rtept><rtept lat="57.540095" lon="12.407883"><ele>84.8</ele></rtept><rtept lat="57.54007" lon="12.407852"><ele>84.6</ele></rtept><rtept lat="57.54005" lon="12.407825"><ele>84.2</ele></rtept><rtept lat="57.540032" lon="12.407805"><ele>84.2</ele></rtept><rtept lat="57.539993" lon="12.40776"><ele>83.8</ele></rtept><rtept lat="57.53998" lon="12.407732"><ele>84.0</ele></rtept><rtept lat="57.539967" lon="12.407682"><ele>83.8</ele></rtept><rtept lat="57.539948" lon="12.40766"><ele>84.0</ele></rtept><rtept lat="57.539928" lon="12.40764"><ele>83.8</ele></rtept><rtept lat="57.53991" lon="12.407623"><ele>84.0</ele></rtept><rtept lat="57.53989" lon="12.407613"><ele>84.2</ele></rtept><rtept lat="57.539865" lon="12.407593"><ele>84.8</ele></rtept><rtept lat="57.539845" lon="12.407573"><ele>84.6</ele></rtept><rtept lat="57.539827" lon="12.40756"><ele>84.6</ele></rtept><rtept lat="57.5398" lon="12.407552"><ele>84.8</ele></rtept><rtept lat="57.539782" lon="12.407562"><ele>85.2</ele></rtept><rtept lat="57.539757" lon="12.40758"><ele>85.4</ele></rtept><rtept lat="57.539723" lon="12.407588"><ele>85.2</ele></rtept><rtept lat="57.539698" lon="12.407603"><ele>85.6</ele></rtept><rtept lat="57.539673" lon="12.407613"><ele>85.8</ele></rtept><rtept lat="57.539653" lon="12.407607"><ele>85.8</ele></rtept><rtept lat="57.539628" lon="12.407607"><ele>85.8</ele></rtept><rtept lat="57.539608" lon="12.407618"><ele>86.0</ele></rtept><rtept lat="57.539583" lon="12.407632"><ele>85.4</ele></rtept><rtept lat="57.539563" lon="12.407642"><ele>85.4</ele></rtept><rtept lat="57.539545" lon="12.407653"><ele>85.6</ele></rtept><rtept lat="57.53952" lon="12.407665"><ele>85.2</ele></rtept><rtept lat="57.539493" lon="12.407678"><ele>85.2</ele></rtept><rtept lat="57.539475" lon="12.40769"><ele>85.0</ele></rtept><rtept lat="57.539448" lon="12.407698"><ele>84.8</ele></rtept><rtept lat="57.539417" lon="12.40772"><ele>84.8</ele></rtept><rtept lat="57.539385" lon="12.407737"><ele>84.6</ele></rtept><rtept lat="57.53936" lon="12.407752"><ele>84.8</ele></rtept><rtept lat="57.539333" lon="12.407757"><ele>85.2</ele></rtept><rtept lat="57.539302" lon="12.40776"><ele>85.0</ele></rtept><rtept lat="57.53927" lon="12.40777"><ele>85.4</ele></rtept><rtept lat="57.539232" lon="12.407778"><ele>85.4</ele></rtept><rtept lat="57.539212" lon="12.407778"><ele>85.8</ele></rtept><rtept lat="57.539193" lon="12.407778"><ele>85.6</ele></rtept><rtept lat="57.539167" lon="12.407782"><ele>85.6</ele></rtept><rtept lat="57.539148" lon="12.407785"><ele>85.8</ele></rtept><rtept lat="57.539128" lon="12.407785"><ele>85.2</ele></rtept><rtept lat="57.539097" lon="12.407785"><ele>85.6</ele></rtept><rtept lat="57.539078" lon="12.407792"><ele>85.4</ele></rtept><rtept lat="57.539058" lon="12.407797"><ele>85.8</ele></rtept><rtept lat="57.539027" lon="12.407798"><ele>85.8</ele></rtept><rtept lat="57.538975" lon="12.407798"><ele>85.8</ele></rtept><rtept lat="57.53893" lon="12.407802"><ele>86.2</ele></rtept><rtept lat="57.538892" lon="12.407805"><ele>85.8</ele></rtept><rtept lat="57.538847" lon="12.407818"><ele>86.2</ele></rtept><rtept lat="57.538797" lon="12.40783"><ele>86.4</ele></rtept><rtept lat="57.538758" lon="12.407818"><ele>86.0</ele></rtept><rtept lat="57.538707" lon="12.407812"><ele>86.2</ele></rtept><rtept lat="57.538668" lon="12.407807"><ele>86.4</ele></rtept><rtept lat="57.53861" lon="12.4078"><ele>86.2</ele></rtept><rtept lat="57.538553" lon="12.407785"><ele>86.2</ele></rtept><rtept lat="57.538502" lon="12.407772"><ele>86.0</ele></rtept><rtept lat="57.53847" lon="12.407745"><ele>85.8</ele></rtept><rtept lat="57.538443" lon="12.407687"><ele>85.8</ele></rtept><rtept lat="57.538418" lon="12.407645"><ele>85.2</ele></rtept><rtept lat="57.538412" lon="12.407597"><ele>85.2</ele></rtept><rtept lat="57.538393" lon="12.407553"><ele>85.0</ele></rtept><rtept lat="57.53838" lon="12.407517"><ele>84.8</ele></rtept><rtept lat="57.53836" lon="12.407478"><ele>84.8</ele></rtept><rtept lat="57.538342" lon="12.407448"><ele>84.4</ele></rtept><rtept lat="57.538317" lon="12.40742"><ele>84.4</ele></rtept><rtept lat="57.538297" lon="12.407398"><ele>84.4</ele></rtept><rtept lat="57.538272" lon="12.407373"><ele>84.4</ele></rtept><rtept lat="57.538252" lon="12.407363"><ele>84.4</ele></rtept><rtept lat="57.538233" lon="12.407362"><ele>84.4</ele></rtept><rtept lat="57.538213" lon="12.407358"><ele>84.6</ele></rtept><rtept lat="57.538188" lon="12.407358"><ele>84.4</ele></rtept><rtept lat="57.538143" lon="12.40737"><ele>84.2</ele></rtept><rtept lat="57.538118" lon="12.407378"><ele>84.2</ele></rtept><rtept lat="57.538092" lon="12.407378"><ele>84.0</ele></rtept><rtept lat="57.538053" lon="12.407365"><ele>83.8</ele></rtept><rtept lat="57.538022" lon="12.40736"><ele>83.4</ele></rtept><rtept lat="57.537997" lon="12.407355"><ele>83.6</ele></rtept><rtept lat="57.537958" lon="12.40734"><ele>83.6</ele></rtept><rtept lat="57.537932" lon="12.407325"><ele>83.2</ele></rtept><rtept lat="57.537913" lon="12.407315"><ele>83.6</ele></rtept><rtept lat="57.537887" lon="12.407295"><ele>83.6</ele></rtept><rtept lat="57.537862" lon="12.407285"><ele>83.4</ele></rtept><rtept lat="57.53783" lon="12.40725"><ele>83.6</ele></rtept><rtept lat="57.53781" lon="12.40723"><ele>83.6</ele></rtept><rtept lat="57.537785" lon="12.407208"><ele>83.6</ele></rtept><rtept lat="57.53776" lon="12.407185"><ele>83.4</ele></rtept><rtept lat="57.53774" lon="12.40717"><ele>83.6</ele></rtept><rtept lat="57.537715" lon="12.40715"><ele>83.8</ele></rtept><rtept lat="57.537688" lon="12.40713"><ele>83.6</ele></rtept><rtept lat="57.53767" lon="12.407112"><ele>83.8</ele></rtept><rtept lat="57.537643" lon="12.407085"><ele>83.8</ele></rtept><rtept lat="57.537625" lon="12.40706"><ele>83.8</ele></rtept><rtept lat="57.537598" lon="12.407045"><ele>84.0</ele></rtept><rtept lat="57.537587" lon="12.40702"><ele>83.8</ele></rtept><rtept lat="57.537567" lon="12.406997"><ele>84.2</ele></rtept><rtept lat="57.537548" lon="12.406972"><ele>84.4</ele></rtept><rtept lat="57.537535" lon="12.406947"><ele>84.2</ele></rtept><rtept lat="57.537517" lon="12.40692"><ele>84.6</ele></rtept><rtept lat="57.53749" lon="12.406887"><ele>84.4</ele></rtept><rtept lat="57.537478" lon="12.406862"><ele>84.8</ele></rtept><rtept lat="57.537458" lon="12.406842"><ele>84.8</ele></rtept><rtept lat="57.537445" lon="12.406812"><ele>85.2</ele></rtept><rtept lat="57.537427" lon="12.406787"><ele>85.6</ele></rtept><rtept lat="57.537388" lon="12.406755"><ele>85.4</ele></rtept><rtept lat="57.537375" lon="12.40672"><ele>86.0</ele></rtept><rtept lat="57.53735" lon="12.406698"><ele>86.0</ele></rtept><rtept lat="57.537323" lon="12.406675"><ele>86.0</ele></rtept><rtept lat="57.537305" lon="12.406648"><ele>86.4</ele></rtept><rtept lat="57.537292" lon="12.40662"><ele>86.4</ele></rtept><rtept lat="57.537267" lon="12.406593"><ele>86.6</ele></rtept><rtept lat="57.53724" lon="12.40657"><ele>87.0</ele></rtept><rtept lat="57.537228" lon="12.406543"><ele>87.0</ele></rtept><rtept lat="57.537208" lon="12.40652"><ele>87.6</ele></rtept><rtept lat="57.53719" lon="12.406497"><ele>88.4</ele></rtept><rtept lat="57.537163" lon="12.406477"><ele>88.2</ele></rtept><rtept lat="57.537145" lon="12.406457"><ele>88.6</ele></rtept><rtept lat="57.537125" lon="12.406425"><ele>88.6</ele></rtept><rtept lat="57.537087" lon="12.406407"><ele>88.6</ele></rtept><rtept lat="57.537062" lon="12.406385"><ele>88.8</ele></rtept><rtept lat="57.537042" lon="12.406358"><ele>88.6</ele></rtept><rtept lat="57.537003" lon="12.406312"><ele>88.6</ele></rtept><rtept lat="57.536985" lon="12.406292"><ele>88.4</ele></rtept><rtept lat="57.536953" lon="12.406273"><ele>88.4</ele></rtept><rtept lat="57.536915" lon="12.406257"><ele>88.6</ele></rtept><rtept lat="57.536888" lon="12.40624"><ele>88.4</ele></rtept><rtept lat="57.536863" lon="12.406218"><ele>88.6</ele></rtept><rtept lat="57.536843" lon="12.406192"><ele>88.8</ele></rtept><rtept lat="57.536825" lon="12.406168"><ele>88.6</ele></rtept><rtept lat="57.536805" lon="12.406147"><ele>89.0</ele></rtept><rtept lat="57.536787" lon="12.406127"><ele>89.2</ele></rtept><rtept lat="57.53676" lon="12.406092"><ele>89.2</ele></rtept><rtept lat="57.536728" lon="12.406078"><ele>89.2</ele></rtept><rtept lat="57.53669" lon="12.406072"><ele>89.0</ele></rtept><rtept lat="57.536672" lon="12.406062"><ele>89.2</ele></rtept><rtept lat="57.536645" lon="12.406057"><ele>89.0</ele></rtept><rtept lat="57.536627" lon="12.406048"><ele>88.8</ele></rtept><rtept lat="57.536607" lon="12.406047"><ele>89.0</ele></rtept><rtept lat="57.536582" lon="12.406042"><ele>88.8</ele></rtept><rtept lat="57.536562" lon="12.406035"><ele>89.0</ele></rtept><rtept lat="57.536543" lon="12.406032"><ele>88.8</ele></rtept><rtept lat="57.536518" lon="12.406042"><ele>88.6</ele></rtept><rtept lat="57.536498" lon="12.406047"><ele>88.8</ele></rtept><rtept lat="57.536473" lon="12.406048"><ele>88.4</ele></rtept><rtept lat="57.536453" lon="12.406048"><ele>88.6</ele></rtept><rtept lat="57.536428" lon="12.406048"><ele>88.8</ele></rtept><rtept lat="57.536408" lon="12.406043"><ele>88.6</ele></rtept><rtept lat="57.53639" lon="12.406047"><ele>89.0</ele></rtept><rtept lat="57.53637" lon="12.406047"><ele>89.4</ele></rtept><rtept lat="57.536352" lon="12.406042"><ele>89.2</ele></rtept><rtept lat="57.536325" lon="12.40604"><ele>89.4</ele></rtept><rtept lat="57.536307" lon="12.406015"><ele>89.4</ele></rtept><rtept lat="57.536287" lon="12.405995"><ele>89.6</ele></rtept><rtept lat="57.536262" lon="12.405965"><ele>89.8</ele></rtept><rtept lat="57.53623" lon="12.405915"><ele>90.2</ele></rtept><rtept lat="57.53621" lon="12.405888"><ele>90.4</ele></rtept><rtept lat="57.536192" lon="12.40587"><ele>90.2</ele></rtept><rtept lat="57.536172" lon="12.405848"><ele>90.6</ele></rtept><rtept lat="57.53614" lon="12.405805"><ele>90.4</ele></rtept><rtept lat="57.536127" lon="12.40578"><ele>90.6</ele></rtept><rtept lat="57.536108" lon="12.40576"><ele>90.6</ele></rtept><rtept lat="57.536077" lon="12.405722"><ele>90.6</ele></rtept><rtept lat="57.536057" lon="12.405695"><ele>90.6</ele></rtept><rtept lat="57.536038" lon="12.405665"><ele>90.4</ele></rtept><rtept lat="57.536018" lon="12.40564"><ele>90.6</ele></rtept><rtept lat="57.536" lon="12.405622"><ele>90.2</ele></rtept><rtept lat="57.53598" lon="12.405598"><ele>90.6</ele></rtept><rtept lat="57.535955" lon="12.405578"><ele>90.8</ele></rtept><rtept lat="57.535935" lon="12.405553"><ele>90.6</ele></rtept><rtept lat="57.53591" lon="12.405533"><ele>90.8</ele></rtept><rtept lat="57.535883" lon="12.405508"><ele>91.0</ele></rtept><rtept lat="57.535858" lon="12.405487"><ele>90.4</ele></rtept><rtept lat="57.535833" lon="12.40546"><ele>90.6</ele></rtept><rtept lat="57.5358" lon="12.40544"><ele>90.6</ele></rtept><rtept lat="57.535775" lon="12.405413"><ele>90.6</ele></rtept><rtept lat="57.535757" lon="12.405387"><ele>90.6</ele></rtept><rtept lat="57.535737" lon="12.405362"><ele>90.4</ele></rtept><rtept lat="57.535718" lon="12.405333"><ele>90.8</ele></rtept><rtept lat="57.535692" lon="12.405302"><ele>91.0</ele></rtept><rtept lat="57.535673" lon="12.405282"><ele>90.8</ele></rtept><rtept lat="57.535653" lon="12.405245"><ele>91.0</ele></rtept><rtept lat="57.535635" lon="12.405218"><ele>91.2</ele></rtept><rtept lat="57.535602" lon="12.405188"><ele>91.2</ele></rtept><rtept lat="57.53559" lon="12.405163"><ele>91.4</ele></rtept><rtept lat="57.53557" lon="12.40513"><ele>91.4</ele></rtept><rtept lat="57.535538" lon="12.405083"><ele>91.6</ele></rtept><rtept lat="57.535513" lon="12.40505"><ele>91.8</ele></rtept><rtept lat="57.535475" lon="12.40502"><ele>91.4</ele></rtept><rtept lat="57.535448" lon="12.404985"><ele>91.4</ele></rtept><rtept lat="57.535417" lon="12.40496"><ele>91.6</ele></rtept><rtept lat="57.535385" lon="12.404935"><ele>91.0</ele></rtept><rtept lat="57.535353" lon="12.404898"><ele>91.4</ele></rtept><rtept lat="57.535333" lon="12.40486"><ele>91.4</ele></rtept><rtept lat="57.535302" lon="12.404827"><ele>91.2</ele></rtept><rtept lat="57.535277" lon="12.404792"><ele>91.2</ele></rtept><rtept lat="57.535257" lon="12.40476"><ele>91.0</ele></rtept><rtept lat="57.535238" lon="12.404723"><ele>91.2</ele></rtept><rtept lat="57.535218" lon="12.404693"><ele>91.4</ele></rtept><rtept lat="57.535187" lon="12.404662"><ele>91.2</ele></rtept><rtept lat="57.53516" lon="12.404642"><ele>91.4</ele></rtept><rtept lat="57.535135" lon="12.404622"><ele>91.2</ele></rtept><rtept lat="57.53511" lon="12.404593"><ele>91.2</ele></rtept><rtept lat="57.53509" lon="12.404568"><ele>91.2</ele></rtept><rtept lat="57.535052" lon="12.404538"><ele>91.2</ele></rtept><rtept lat="57.535027" lon="12.404513"><ele>91.2</ele></rtept><rtept lat="57.535007" lon="12.404488"><ele>91.2</ele></rtept><rtept lat="57.534982" lon="12.404463"><ele>91.0</ele></rtept><rtept lat="57.534962" lon="12.404433"><ele>90.8</ele></rtept><rtept lat="57.534943" lon="12.404403"><ele>91.0</ele></rtept><rtept lat="57.534923" lon="12.404377"><ele>90.8</ele></rtept><rtept lat="57.534905" lon="12.404345"><ele>90.6</ele></rtept><rtept lat="57.53488" lon="12.404312"><ele>90.6</ele></rtept><rtept lat="57.534867" lon="12.40428"><ele>90.0</ele></rtept><rtept lat="57.53484" lon="12.404252"><ele>90.0</ele></rtept><rtept lat="57.534822" lon="12.404232"><ele>89.8</ele></rtept><rtept lat="57.534802" lon="12.404212"><ele>89.6</ele></rtept><rtept lat="57.534783" lon="12.404197"><ele>89.6</ele></rtept><rtept lat="57.534763" lon="12.404178"><ele>89.8</ele></rtept><rtept lat="57.534745" lon="12.40416"><ele>89.4</ele></rtept><rtept lat="57.53472" lon="12.404145"><ele>89.4</ele></rtept><rtept lat="57.5347" lon="12.404128"><ele>89.2</ele></rtept><rtept lat="57.534668" lon="12.404113"><ele>89.0</ele></rtept><rtept lat="57.534648" lon="12.404092"><ele>89.2</ele></rtept><rtept lat="57.53463" lon="12.404068"><ele>88.8</ele></rtept><rtept lat="57.534603" lon="12.404047"><ele>88.8</ele></rtept><rtept lat="57.534578" lon="12.404027"><ele>89.0</ele></rtept><rtept lat="57.534547" lon="12.404008"><ele>88.8</ele></rtept><rtept lat="57.53452" lon="12.403988"><ele>89.2</ele></rtept><rtept lat="57.534502" lon="12.403983"><ele>89.4</ele></rtept><rtept lat="57.53447" lon="12.403972"><ele>89.4</ele></rtept><rtept lat="57.534443" lon="12.403955"><ele>89.4</ele></rtept><rtept lat="57.534418" lon="12.403928"><ele>89.4</ele></rtept><rtept lat="57.5344" lon="12.4039"><ele>89.8</ele></rtept><rtept lat="57.53438" lon="12.40387"><ele>90.2</ele></rtept><rtept lat="57.534335" lon="12.403835"><ele>90.6</ele></rtept><rtept lat="57.53431" lon="12.403808"><ele>90.4</ele></rtept><rtept lat="57.53429" lon="12.40378"><ele>90.6</ele></rtept><rtept lat="57.534272" lon="12.40375"><ele>90.8</ele></rtept><rtept lat="57.534252" lon="12.403723"><ele>90.8</ele></rtept><rtept lat="57.53422" lon="12.403683"><ele>91.6</ele></rtept><rtept lat="57.5342" lon="12.403663"><ele>91.6</ele></rtept><rtept lat="57.534182" lon="12.403647"><ele>92.0</ele></rtept><rtept lat="57.534143" lon="12.403625"><ele>91.8</ele></rtept><rtept lat="57.534123" lon="12.403607"><ele>92.2</ele></rtept><rtept lat="57.534105" lon="12.403592"><ele>92.6</ele></rtept><rtept lat="57.534085" lon="12.403577"><ele>92.2</ele></rtept><rtept lat="57.534067" lon="12.403552"><ele>92.8</ele></rtept><rtept lat="57.53404" lon="12.403538"><ele>92.8</ele></rtept><rtept lat="57.534008" lon="12.403532"><ele>92.6</ele></rtept><rtept lat="57.53399" lon="12.40351"><ele>92.8</ele></rtept><rtept lat="57.53397" lon="12.40349"><ele>92.8</ele></rtept><rtept lat="57.533958" lon="12.40346"><ele>92.6</ele></rtept><rtept lat="57.533945" lon="12.403437"><ele>92.8</ele></rtept><rtept lat="57.533925" lon="12.403408"><ele>92.6</ele></rtept><rtept lat="57.533907" lon="12.403373"><ele>92.8</ele></rtept><rtept lat="57.533875" lon="12.40334"><ele>92.8</ele></rtept><rtept lat="57.533848" lon="12.403318"><ele>92.4</ele></rtept><rtept lat="57.533823" lon="12.403313"><ele>92.4</ele></rtept><rtept lat="57.533785" lon="12.403303"><ele>92.4</ele></rtept><rtept lat="57.53376" lon="12.403292"><ele>92.0</ele></rtept><rtept lat="57.533727" lon="12.40328"><ele>92.2</ele></rtept><rtept lat="57.533695" lon="12.40326"><ele>92.2</ele></rtept><rtept lat="57.533677" lon="12.403242"><ele>92.0</ele></rtept><rtept lat="57.53365" lon="12.403215"><ele>92.2</ele></rtept><rtept lat="57.533632" lon="12.403203"><ele>92.0</ele></rtept><rtept lat="57.533605" lon="12.403188"><ele>92.0</ele></rtept><rtept lat="57.533587" lon="12.403173"><ele>92.2</ele></rtept><rtept lat="57.533567" lon="12.403153"><ele>91.8</ele></rtept><rtept lat="57.533535" lon="12.403115"><ele>92.2</ele></rtept><rtept lat="57.53351" lon="12.403083"><ele>92.4</ele></rtept><rtept lat="57.533478" lon="12.403057"><ele>92.4</ele></rtept><rtept lat="57.53344" lon="12.403023"><ele>92.0</ele></rtept><rtept lat="57.533413" lon="12.40301"><ele>92.2</ele></rtept><rtept lat="57.533388" lon="12.402997"><ele>92.2</ele></rtept><rtept lat="57.53335" lon="12.402977"><ele>91.8</ele></rtept><rtept lat="57.533312" lon="12.402955"><ele>92.0</ele></rtept><rtept lat="57.533278" lon="12.40293"><ele>91.8</ele></rtept><rtept lat="57.533253" lon="12.402912"><ele>91.8</ele></rtept><rtept lat="57.533235" lon="12.402897"><ele>92.0</ele></rtept><rtept lat="57.533208" lon="12.40288"><ele>91.6</ele></rtept><rtept lat="57.533177" lon="12.40286"><ele>91.8</ele></rtept><rtept lat="57.533152" lon="12.40284"><ele>92.0</ele></rtept><rtept lat="57.53312" lon="12.402825"><ele>91.8</ele></rtept><rtept lat="57.533087" lon="12.402812"><ele>92.0</ele></rtept><rtept lat="57.533055" lon="12.402798"><ele>91.6</ele></rtept><rtept lat="57.53303" lon="12.402778"><ele>91.6</ele></rtept><rtept lat="57.532998" lon="12.402753"><ele>91.8</ele></rtept><rtept lat="57.53296" lon="12.402732"><ele>91.4</ele></rtept><rtept lat="57.532927" lon="12.402707"><ele>91.8</ele></rtept><rtept lat="57.532902" lon="12.402687"><ele>91.8</ele></rtept><rtept lat="57.532877" lon="12.402663"><ele>91.6</ele></rtept><rtept lat="57.532857" lon="12.40264"><ele>91.8</ele></rtept><rtept lat="57.532825" lon="12.40262"><ele>91.4</ele></rtept><rtept lat="57.5328" lon="12.4026"><ele>91.8</ele></rtept><rtept lat="57.532773" lon="12.402568"><ele>92.0</ele></rtept><rtept lat="57.532748" lon="12.402543"><ele>91.6</ele></rtept><rtept lat="57.532722" lon="12.40252"><ele>91.8</ele></rtept><rtept lat="57.532703" lon="12.402495"><ele>91.8</ele></rtept><rtept lat="57.532672" lon="12.402475"><ele>91.6</ele></rtept><rtept lat="57.53264" lon="12.402443"><ele>91.8</ele></rtept><rtept lat="57.532613" lon="12.40241"><ele>91.6</ele></rtept><rtept lat="57.532588" lon="12.402375"><ele>91.6</ele></rtept><rtept lat="57.532575" lon="12.40234"><ele>91.6</ele></rtept><rtept lat="57.53255" lon="12.4023"><ele>91.0</ele></rtept><rtept lat="57.53253" lon="12.402257"><ele>91.2</ele></rtept><rtept lat="57.532505" lon="12.402217"><ele>91.4</ele></rtept><rtept lat="57.532485" lon="12.402175"><ele>91.0</ele></rtept><rtept lat="57.532473" lon="12.402127"><ele>91.0</ele></rtept><rtept lat="57.532447" lon="12.402072"><ele>90.8</ele></rtept><rtept lat="57.532422" lon="12.402018"><ele>90.8</ele></rtept><rtept lat="57.532402" lon="12.401973"><ele>90.8</ele></rtept><rtept lat="57.532377" lon="12.401928"><ele>90.4</ele></rtept><rtept lat="57.532363" lon="12.401873"><ele>90.4</ele></rtept><rtept lat="57.532345" lon="12.401827"><ele>90.6</ele></rtept><rtept lat="57.532325" lon="12.401773"><ele>90.0</ele></rtept><rtept lat="57.532313" lon="12.401722"><ele>90.0</ele></rtept><rtept lat="57.5323" lon="12.40168"><ele>89.8</ele></rtept><rtept lat="57.53228" lon="12.401645"><ele>89.6</ele></rtept><rtept lat="57.532275" lon="12.401605"><ele>89.6</ele></rtept><rtept lat="57.532255" lon="12.401563"><ele>88.8</ele></rtept><rtept lat="57.532237" lon="12.401523"><ele>89.0</ele></rtept><rtept lat="57.532217" lon="12.401487"><ele>89.0</ele></rtept><rtept lat="57.532198" lon="12.40145"><ele>88.8</ele></rtept><rtept lat="57.532172" lon="12.401412"><ele>88.8</ele></rtept><rtept lat="57.53216" lon="12.401375"><ele>88.6</ele></rtept><rtept lat="57.532133" lon="12.401338"><ele>88.6</ele></rtept><rtept lat="57.532115" lon="12.401303"><ele>88.6</ele></rtept><rtept lat="57.532082" lon="12.401277"><ele>88.2</ele></rtept><rtept lat="57.532057" lon="12.401247"><ele>88.2</ele></rtept><rtept lat="57.532025" lon="12.401218"><ele>88.2</ele></rtept><rtept lat="57.532005" lon="12.401183"><ele>88.0</ele></rtept><rtept lat="57.531987" lon="12.401155"><ele>88.0</ele></rtept><rtept lat="57.531967" lon="12.401123"><ele>87.8</ele></rtept><rtept lat="57.531948" lon="12.4011"><ele>88.0</ele></rtept><rtept lat="57.53191" lon="12.401062"><ele>87.8</ele></rtept><rtept lat="57.531878" lon="12.401025"><ele>88.0</ele></rtept><rtept lat="57.531858" lon="12.401005"><ele>88.2</ele></rtept><rtept lat="57.531833" lon="12.400988"><ele>88.2</ele></rtept><rtept lat="57.531807" lon="12.400978"><ele>88.2</ele></rtept><rtept lat="57.531788" lon="12.400965"><ele>88.6</ele></rtept><rtept lat="57.531768" lon="12.400957"><ele>88.8</ele></rtept><rtept lat="57.531743" lon="12.40095"><ele>88.8</ele></rtept><rtept lat="57.531718" lon="12.40093"><ele>89.0</ele></rtept><rtept lat="57.531685" lon="12.400903"><ele>89.0</ele></rtept><rtept lat="57.531667" lon="12.400883"><ele>89.4</ele></rtept><rtept lat="57.53164" lon="12.400863"><ele>89.8</ele></rtept><rtept lat="57.531608" lon="12.400855"><ele>90.0</ele></rtept><rtept lat="57.531563" lon="12.400843"><ele>90.0</ele></rtept><rtept lat="57.531538" lon="12.400837"><ele>90.4</ele></rtept><rtept lat="57.53152" lon="12.400832"><ele>91.0</ele></rtept><rtept lat="57.5315" lon="12.400822"><ele>91.0</ele></rtept><rtept lat="57.53148" lon="12.400822"><ele>91.6</ele></rtept><rtept lat="57.531442" lon="12.400837"><ele>91.6</ele></rtept><rtept lat="57.531423" lon="12.400837"><ele>92.0</ele></rtept><rtept lat="57.531392" lon="12.40084"><ele>91.8</ele></rtept><rtept lat="57.531365" lon="12.400837"><ele>92.2</ele></rtept><rtept lat="57.531347" lon="12.40083"><ele>92.4</ele></rtept><rtept lat="57.531327" lon="12.400827"><ele>92.2</ele></rtept><rtept lat="57.531308" lon="12.400822"><ele>92.4</ele></rtept><rtept lat="57.531282" lon="12.400823"><ele>92.6</ele></rtept><rtept lat="57.531263" lon="12.400827"><ele>93.0</ele></rtept><rtept lat="57.531243" lon="12.400827"><ele>93.0</ele></rtept><rtept lat="57.531225" lon="12.400832"><ele>93.4</ele></rtept><rtept lat="57.531205" lon="12.400845"><ele>93.6</ele></rtept><rtept lat="57.531187" lon="12.40086"><ele>93.4</ele></rtept><rtept lat="57.531155" lon="12.400865"><ele>93.6</ele></rtept><rtept lat="57.531128" lon="12.400872"><ele>93.8</ele></rtept><rtept lat="57.531103" lon="12.40088"><ele>93.6</ele></rtept><rtept lat="57.531083" lon="12.400888"><ele>94.0</ele></rtept><rtept lat="57.531065" lon="12.400897"><ele>94.0</ele></rtept><rtept lat="57.53104" lon="12.400903"><ele>93.8</ele></rtept><rtept lat="57.531013" lon="12.40091"><ele>94.0</ele></rtept><rtept lat="57.530988" lon="12.400915"><ele>93.8</ele></rtept><rtept lat="57.530962" lon="12.400918"><ele>93.8</ele></rtept><rtept lat="57.53093" lon="12.400915"><ele>94.0</ele></rtept><rtept lat="57.530912" lon="12.400913"><ele>93.6</ele></rtept><rtept lat="57.530885" lon="12.40091"><ele>93.8</ele></rtept><rtept lat="57.53086" lon="12.40091"><ele>94.0</ele></rtept><rtept lat="57.530835" lon="12.40091"><ele>93.8</ele></rtept><rtept lat="57.530808" lon="12.400915"><ele>93.8</ele></rtept><rtept lat="57.53079" lon="12.400923"><ele>93.4</ele></rtept><rtept lat="57.53077" lon="12.40093"><ele>93.6</ele></rtept><rtept lat="57.530745" lon="12.400937"><ele>94.0</ele></rtept><rtept lat="57.530713" lon="12.400943"><ele>93.6</ele></rtept><rtept lat="57.530693" lon="12.40094"><ele>93.8</ele></rtept><rtept lat="57.530668" lon="12.40094"><ele>93.8</ele></rtept><rtept lat="57.530642" lon="12.400937"><ele>93.8</ele></rtept><rtept lat="57.53061" lon="12.40093"><ele>93.6</ele></rtept><rtept lat="57.530585" lon="12.400938"><ele>94.0</ele></rtept><rtept lat="57.530565" lon="12.400938"><ele>94.0</ele></rtept><rtept lat="57.530527" lon="12.40094"><ele>94.0</ele></rtept><rtept lat="57.530495" lon="12.400945"><ele>94.2</ele></rtept><rtept lat="57.53047" lon="12.40094"><ele>94.4</ele></rtept><rtept lat="57.53045" lon="12.400943"><ele>94.4</ele></rtept><rtept lat="57.530432" lon="12.400945"><ele>94.2</ele></rtept><rtept lat="57.530405" lon="12.400953"><ele>94.6</ele></rtept><rtept lat="57.530373" lon="12.400963"><ele>94.4</ele></rtept><rtept lat="57.530335" lon="12.40097"><ele>94.2</ele></rtept><rtept lat="57.53029" lon="12.400975"><ele>94.4</ele></rtept><rtept lat="57.530258" lon="12.40098"><ele>94.0</ele></rtept><rtept lat="57.530233" lon="12.40098"><ele>94.4</ele></rtept><rtept lat="57.5302" lon="12.400978"><ele>94.6</ele></rtept><rtept lat="57.530182" lon="12.40098"><ele>94.0</ele></rtept><rtept lat="57.530157" lon="12.400983"><ele>94.4</ele></rtept><rtept lat="57.530137" lon="12.400983"><ele>94.4</ele></rtept><rtept lat="57.530098" lon="12.400988"><ele>94.0</ele></rtept><rtept lat="57.530073" lon="12.400995"><ele>93.8</ele></rtept><rtept lat="57.53004" lon="12.401005"><ele>93.4</ele></rtept><rtept lat="57.530008" lon="12.401013"><ele>93.4</ele></rtept><rtept lat="57.529983" lon="12.40102"><ele>93.4</ele></rtept><rtept lat="57.529958" lon="12.401028"><ele>92.8</ele></rtept><rtept lat="57.529932" lon="12.40103"><ele>93.0</ele></rtept><rtept lat="57.529913" lon="12.401038"><ele>92.8</ele></rtept><rtept lat="57.529887" lon="12.401038"><ele>92.4</ele></rtept><rtept lat="57.529862" lon="12.401035"><ele>92.4</ele></rtept><rtept lat="57.529837" lon="12.401033"><ele>92.0</ele></rtept><rtept lat="57.529798" lon="12.401023"><ele>91.8</ele></rtept><rtept lat="57.529733" lon="12.401033"><ele>91.8</ele></rtept><rtept lat="57.529682" lon="12.401035"><ele>91.6</ele></rtept><rtept lat="57.529638" lon="12.40105"><ele>91.6</ele></rtept><rtept lat="57.529587" lon="12.401063"><ele>91.6</ele></rtept><rtept lat="57.529528" lon="12.401082"><ele>91.2</ele></rtept><rtept lat="57.529472" lon="12.401102"><ele>91.4</ele></rtept><rtept lat="57.5294" lon="12.401123"><ele>91.4</ele></rtept><rtept lat="57.52935" lon="12.401152"><ele>91.4</ele></rtept><rtept lat="57.529298" lon="12.40118"><ele>91.6</ele></rtept><rtept lat="57.52928" lon="12.401168"><ele>91.6</ele></rtept><rtept lat="57.529235" lon="12.40116"><ele>91.6</ele></rtept><rtept lat="57.52919" lon="12.401148"><ele>91.6</ele></rtept><rtept lat="57.529145" lon="12.401122"><ele>91.6</ele></rtept><rtept lat="57.52912" lon="12.401112"><ele>91.8</ele></rtept><rtept lat="57.529093" lon="12.401102"><ele>91.6</ele></rtept><rtept lat="57.529075" lon="12.401095"><ele>92.0</ele></rtept><rtept lat="57.529042" lon="12.401088"><ele>91.8</ele></rtept><rtept lat="57.529023" lon="12.401073"><ele>92.0</ele></rtept><rtept lat="57.528998" lon="12.401058"><ele>91.8</ele></rtept><rtept lat="57.528965" lon="12.401062"><ele>92.2</ele></rtept><rtept lat="57.528947" lon="12.401062"><ele>92.2</ele></rtept><rtept lat="57.528927" lon="12.401038"><ele>92.0</ele></rtept><rtept lat="57.528902" lon="12.401018"><ele>92.2</ele></rtept><rtept lat="57.528882" lon="12.401005"><ele>92.2</ele></rtept><rtept lat="57.52885" lon="12.401"><ele>92.2</ele></rtept><rtept lat="57.528818" lon="12.400998"><ele>92.0</ele></rtept><rtept lat="57.528787" lon="12.400985"><ele>92.2</ele></rtept><rtept lat="57.528755" lon="12.400975"><ele>92.4</ele></rtept><rtept lat="57.528728" lon="12.400968"><ele>92.4</ele></rtept><rtept lat="57.52871" lon="12.400958"><ele>92.6</ele></rtept><rtept lat="57.528678" lon="12.40095"><ele>92.4</ele></rtept><rtept lat="57.528645" lon="12.40095"><ele>92.6</ele></rtept><rtept lat="57.528627" lon="12.400948"><ele>92.6</ele></rtept><rtept lat="57.5286" lon="12.400945"><ele>92.2</ele></rtept><rtept lat="57.528582" lon="12.400945"><ele>92.6</ele></rtept><rtept lat="57.528562" lon="12.400948"><ele>92.8</ele></rtept><rtept lat="57.528543" lon="12.400955"><ele>92.4</ele></rtept><rtept lat="57.528512" lon="12.400963"><ele>92.4</ele></rtept><rtept lat="57.528492" lon="12.400968"><ele>92.4</ele></rtept><rtept lat="57.528467" lon="12.400975"><ele>92.6</ele></rtept><rtept lat="57.528447" lon="12.401008"><ele>92.2</ele></rtept><rtept lat="57.528422" lon="12.40102"><ele>92.4</ele></rtept><rtept lat="57.52839" lon="12.401035"><ele>91.6</ele></rtept><rtept lat="57.52837" lon="12.401058"><ele>91.8</ele></rtept><rtept lat="57.528345" lon="12.401078"><ele>91.8</ele></rtept><rtept lat="57.52832" lon="12.401102"><ele>91.2</ele></rtept><rtept lat="57.528293" lon="12.401128"><ele>91.4</ele></rtept><rtept lat="57.528275" lon="12.401152"><ele>91.0</ele></rtept><rtept lat="57.528255" lon="12.401168"><ele>90.8</ele></rtept><rtept lat="57.528217" lon="12.401198"><ele>90.6</ele></rtept><rtept lat="57.528185" lon="12.4012"><ele>90.6</ele></rtept><rtept lat="57.528153" lon="12.401197"><ele>90.8</ele></rtept><rtept lat="57.52812" lon="12.401177"><ele>90.6</ele></rtept><rtept lat="57.528095" lon="12.40114"><ele>90.6</ele></rtept><rtept lat="57.528077" lon="12.401098"><ele>90.4</ele></rtept><rtept lat="57.52807" lon="12.401053"><ele>90.4</ele></rtept><rtept lat="57.52805" lon="12.401008"><ele>90.4</ele></rtept><rtept lat="57.528032" lon="12.400965"><ele>90.0</ele></rtept><rtept lat="57.528012" lon="12.400923"><ele>90.4</ele></rtept><rtept lat="57.528" lon="12.40088"><ele>90.2</ele></rtept><rtept lat="57.52798" lon="12.400832"><ele>90.0</ele></rtept><rtept lat="57.527967" lon="12.40079"><ele>90.2</ele></rtept><rtept lat="57.527955" lon="12.400752"><ele>90.0</ele></rtept><rtept lat="57.527942" lon="12.400712"><ele>90.4</ele></rtept><rtept lat="57.527928" lon="12.400678"><ele>90.6</ele></rtept><rtept lat="57.527917" lon="12.400645"><ele>90.2</ele></rtept><rtept lat="57.52791" lon="12.400612"><ele>90.4</ele></rtept><rtept lat="57.527897" lon="12.400577"><ele>90.4</ele></rtept><rtept lat="57.52789" lon="12.400533"><ele>90.4</ele></rtept><rtept lat="57.527878" lon="12.400498"><ele>90.6</ele></rtept><rtept lat="57.527865" lon="12.400462"><ele>90.2</ele></rtept><rtept lat="57.527852" lon="12.400433"><ele>90.4</ele></rtept><rtept lat="57.52784" lon="12.4004"><ele>90.4</ele></rtept><rtept lat="57.527827" lon="12.400368"><ele>90.4</ele></rtept><rtept lat="57.527813" lon="12.400338"><ele>90.4</ele></rtept><rtept lat="57.527795" lon="12.400308"><ele>90.4</ele></rtept><rtept lat="57.527775" lon="12.400283"><ele>90.4</ele></rtept><rtept lat="57.527757" lon="12.400258"><ele>90.6</ele></rtept><rtept lat="57.527718" lon="12.40023"><ele>90.4</ele></rtept><rtept lat="57.527685" lon="12.4002"><ele>90.8</ele></rtept><rtept lat="57.527673" lon="12.400163"><ele>90.8</ele></rtept><rtept lat="57.527653" lon="12.400137"><ele>90.8</ele></rtept><rtept lat="57.527628" lon="12.400107"><ele>91.0</ele></rtept><rtept lat="57.527608" lon="12.400078"><ele>90.8</ele></rtept><rtept lat="57.527583" lon="12.400052"><ele>91.0</ele></rtept><rtept lat="57.527558" lon="12.400025"><ele>91.2</ele></rtept><rtept lat="57.527538" lon="12.399998"><ele>91.0</ele></rtept><rtept lat="57.5275" lon="12.39998"><ele>91.2</ele></rtept><rtept lat="57.52748" lon="12.399972"><ele>91.0</ele></rtept><rtept lat="57.527462" lon="12.399952"><ele>91.2</ele></rtept><rtept lat="57.527437" lon="12.39993"><ele>91.2</ele></rtept><rtept lat="57.52741" lon="12.399907"><ele>91.0</ele></rtept><rtept lat="57.527378" lon="12.399892"><ele>91.2</ele></rtept><rtept lat="57.52736" lon="12.399863"><ele>91.6</ele></rtept><rtept lat="57.52734" lon="12.39984"><ele>91.4</ele></rtept><rtept lat="57.52732" lon="12.399813"><ele>91.8</ele></rtept><rtept lat="57.527308" lon="12.399787"><ele>91.8</ele></rtept><rtept lat="57.527288" lon="12.399753"><ele>92.0</ele></rtept><rtept lat="57.527277" lon="12.399715"><ele>92.0</ele></rtept><rtept lat="57.527277" lon="12.399673"><ele>91.8</ele></rtept><rtept lat="57.527263" lon="12.399635"><ele>92.2</ele></rtept><rtept lat="57.52725" lon="12.3996"><ele>92.6</ele></rtept><rtept lat="57.527232" lon="12.39957"><ele>92.4</ele></rtept><rtept lat="57.527205" lon="12.399545"><ele>92.6</ele></rtept><rtept lat="57.52718" lon="12.399518"><ele>92.6</ele></rtept><rtept lat="57.52716" lon="12.399477"><ele>92.8</ele></rtept><rtept lat="57.527148" lon="12.399447"><ele>93.0</ele></rtept><rtept lat="57.527122" lon="12.399427"><ele>93.2</ele></rtept><rtept lat="57.527097" lon="12.399457"><ele>93.2</ele></rtept><rtept lat="57.527072" lon="12.3995"><ele>93.4</ele></rtept><rtept lat="57.527058" lon="12.399528"><ele>93.6</ele></rtept><rtept lat="57.52704" lon="12.39958"><ele>93.4</ele></rtept><rtept lat="57.52702" lon="12.399628"><ele>93.8</ele></rtept><rtept lat="57.527" lon="12.39967"><ele>93.8</ele></rtept><rtept lat="57.526988" lon="12.399698"><ele>93.8</ele></rtept><rtept lat="57.526975" lon="12.399757"><ele>93.8</ele></rtept><rtept lat="57.526968" lon="12.399802"><ele>93.6</ele></rtept><rtept lat="57.526943" lon="12.399848"><ele>93.6</ele></rtept><rtept lat="57.52693" lon="12.399877"><ele>93.6</ele></rtept><rtept lat="57.526918" lon="12.399902"><ele>93.6</ele></rtept><rtept lat="57.526898" lon="12.399927"><ele>93.4</ele></rtept><rtept lat="57.52688" lon="12.399952"><ele>93.6</ele></rtept><rtept lat="57.52686" lon="12.399975"><ele>93.6</ele></rtept><rtept lat="57.526847" lon="12.400027"><ele>93.8</ele></rtept><rtept lat="57.526822" lon="12.400077"><ele>93.8</ele></rtept><rtept lat="57.526802" lon="12.400132"><ele>94.4</ele></rtept><rtept lat="57.526783" lon="12.400163"><ele>94.4</ele></rtept><rtept lat="57.526763" lon="12.40022"><ele>95.0</ele></rtept><rtept lat="57.526752" lon="12.400275"><ele>95.0</ele></rtept><rtept lat="57.526738" lon="12.40031"><ele>95.0</ele></rtept><rtept lat="57.52672" lon="12.400348"><ele>95.4</ele></rtept><rtept lat="57.526687" lon="12.400383"><ele>95.2</ele></rtept><rtept lat="57.526662" lon="12.400418"><ele>95.0</ele></rtept><rtept lat="57.526655" lon="12.400455"><ele>95.0</ele></rtept><rtept lat="57.526655" lon="12.400493"><ele>94.8</ele></rtept><rtept lat="57.526655" lon="12.400533"><ele>94.6</ele></rtept><rtept lat="57.526655" lon="12.400592"><ele>94.4</ele></rtept><rtept lat="57.526648" lon="12.400627"><ele>94.4</ele></rtept><rtept lat="57.526637" lon="12.400658"><ele>94.4</ele></rtept><rtept lat="57.526623" lon="12.400695"><ele>94.0</ele></rtept><rtept lat="57.526603" lon="12.40073"><ele>94.0</ele></rtept><rtept lat="57.526585" lon="12.400752"><ele>94.0</ele></rtept><rtept lat="57.526565" lon="12.40077"><ele>93.4</ele></rtept><rtept lat="57.526547" lon="12.400785"><ele>93.6</ele></rtept><rtept lat="57.52652" lon="12.400815"><ele>94.2</ele></rtept><rtept lat="57.526508" lon="12.400843"><ele>94.2</ele></rtept><rtept lat="57.526495" lon="12.40087"><ele>94.0</ele></rtept><rtept lat="57.526482" lon="12.400897"><ele>94.6</ele></rtept><rtept lat="57.526457" lon="12.400923"><ele>94.6</ele></rtept><rtept lat="57.526443" lon="12.400948"><ele>94.4</ele></rtept><rtept lat="57.526418" lon="12.400995"><ele>94.6</ele></rtept><rtept lat="57.5264" lon="12.40102"><ele>94.6</ele></rtept><rtept lat="57.526387" lon="12.401048"><ele>94.6</ele></rtept><rtept lat="57.526367" lon="12.401088"><ele>94.4</ele></rtept><rtept lat="57.526342" lon="12.401133"><ele>94.4</ele></rtept><rtept lat="57.52631" lon="12.401187"><ele>94.4</ele></rtept><rtept lat="57.526278" lon="12.401243"><ele>94.2</ele></rtept><rtept lat="57.526233" lon="12.401307"><ele>94.4</ele></rtept><rtept lat="57.526168" lon="12.401375"><ele>94.4</ele></rtept><rtept lat="57.526098" lon="12.40144"><ele>94.0</ele></rtept><rtept lat="57.52604" lon="12.401495"><ele>94.4</ele></rtept><rtept lat="57.525977" lon="12.40154"><ele>94.6</ele></rtept><rtept lat="57.525925" lon="12.401565"><ele>94.4</ele></rtept><rtept lat="57.525868" lon="12.40158"><ele>94.6</ele></rtept><rtept lat="57.52583" lon="12.401617"><ele>94.8</ele></rtept><rtept lat="57.525803" lon="12.40164"><ele>95.6</ele></rtept><rtept lat="57.525772" lon="12.401645"><ele>95.8</ele></rtept><rtept lat="57.525747" lon="12.401678"><ele>96.4</ele></rtept><rtept lat="57.525727" lon="12.401683"><ele>96.6</ele></rtept><rtept lat="57.525702" lon="12.401693"><ele>96.4</ele></rtept><rtept lat="57.525663" lon="12.401702"><ele>96.6</ele></rtept><rtept lat="57.525625" lon="12.4017"><ele>96.8</ele></rtept><rtept lat="57.5256" lon="12.401695"><ele>96.8</ele></rtept><rtept lat="57.525573" lon="12.40169"><ele>97.2</ele></rtept><rtept lat="57.525548" lon="12.401668"><ele>97.2</ele></rtept><rtept lat="57.525522" lon="12.401657"><ele>97.6</ele></rtept><rtept lat="57.525497" lon="12.401645"><ele>97.4</ele></rtept><rtept lat="57.525472" lon="12.401633"><ele>97.2</ele></rtept><rtept lat="57.525452" lon="12.40162"><ele>97.4</ele></rtept><rtept lat="57.525427" lon="12.40161"><ele>97.4</ele></rtept><rtept lat="57.525407" lon="12.4016"><ele>97.2</ele></rtept><rtept lat="57.525388" lon="12.401588"><ele>97.4</ele></rtept><rtept lat="57.525362" lon="12.40158"><ele>97.2</ele></rtept><rtept lat="57.525323" lon="12.401583"><ele>97.0</ele></rtept><rtept lat="57.525305" lon="12.401603"><ele>97.2</ele></rtept><rtept lat="57.525285" lon="12.40161"><ele>96.8</ele></rtept><rtept lat="57.525253" lon="12.40164"><ele>96.8</ele></rtept><rtept lat="57.525235" lon="12.401668"><ele>96.4</ele></rtept><rtept lat="57.525208" lon="12.40174"><ele>96.4</ele></rtept><rtept lat="57.52519" lon="12.401775"><ele>95.8</ele></rtept><rtept lat="57.52517" lon="12.401802"><ele>95.8</ele></rtept><rtept lat="57.525145" lon="12.401823"><ele>95.8</ele></rtept><rtept lat="57.525113" lon="12.401847"><ele>95.4</ele></rtept><rtept lat="57.525093" lon="12.401862"><ele>95.6</ele></rtept><rtept lat="57.525075" lon="12.401873"><ele>95.4</ele></rtept><rtept lat="57.525055" lon="12.401883"><ele>95.2</ele></rtept><rtept lat="57.525017" lon="12.401917"><ele>95.2</ele></rtept><rtept lat="57.524998" lon="12.40194"><ele>95.4</ele></rtept><rtept lat="57.52496" lon="12.401982"><ele>95.4</ele></rtept><rtept lat="57.524927" lon="12.402003"><ele>95.8</ele></rtept><rtept lat="57.524902" lon="12.402027"><ele>96.0</ele></rtept><rtept lat="57.52487" lon="12.402052"><ele>95.8</ele></rtept><rtept lat="57.524825" lon="12.402095"><ele>95.8</ele></rtept><rtept lat="57.5248" lon="12.402107"><ele>95.8</ele></rtept><rtept lat="57.524793" lon="12.402152"><ele>95.6</ele></rtept><rtept lat="57.524773" lon="12.402172"><ele>95.6</ele></rtept><rtept lat="57.524755" lon="12.402202"><ele>95.6</ele></rtept><rtept lat="57.524717" lon="12.40222"><ele>95.2</ele></rtept><rtept lat="57.524678" lon="12.402237"><ele>95.4</ele></rtept><rtept lat="57.524645" lon="12.402245"><ele>95.4</ele></rtept><rtept lat="57.52462" lon="12.402257"><ele>95.2</ele></rtept><rtept lat="57.524595" lon="12.40226"><ele>95.4</ele></rtept><rtept lat="57.524575" lon="12.40226"><ele>95.2</ele></rtept><rtept lat="57.52455" lon="12.40226"><ele>95.4</ele></rtept><rtept lat="57.524523" lon="12.40225"><ele>95.6</ele></rtept><rtept lat="57.524498" lon="12.402243"><ele>95.6</ele></rtept><rtept lat="57.524473" lon="12.402232"><ele>96.0</ele></rtept><rtept lat="57.524447" lon="12.40222"><ele>96.2</ele></rtept><rtept lat="57.524428" lon="12.402203"><ele>96.0</ele></rtept><rtept lat="57.524408" lon="12.40219"><ele>96.2</ele></rtept><rtept lat="57.524377" lon="12.402152"><ele>96.4</ele></rtept><rtept lat="57.524352" lon="12.402135"><ele>96.4</ele></rtept><rtept lat="57.524332" lon="12.402118"><ele>96.2</ele></rtept><rtept lat="57.524307" lon="12.402105"><ele>96.6</ele></rtept><rtept lat="57.52428" lon="12.4021"><ele>96.8</ele></rtept><rtept lat="57.524255" lon="12.402105"><ele>96.8</ele></rtept><rtept lat="57.524223" lon="12.402112"><ele>97.0</ele></rtept><rtept lat="57.524192" lon="12.402125"><ele>96.8</ele></rtept><rtept lat="57.52416" lon="12.40213"><ele>96.6</ele></rtept><rtept lat="57.524127" lon="12.40213"><ele>96.8</ele></rtept><rtept lat="57.524095" lon="12.402132"><ele>96.4</ele></rtept><rtept lat="57.524077" lon="12.402135"><ele>96.4</ele></rtept><rtept lat="57.524043" lon="12.402135"><ele>96.0</ele></rtept><rtept lat="57.524018" lon="12.40214"><ele>95.6</ele></rtept><rtept lat="57.524" lon="12.402145"><ele>95.8</ele></rtept><rtept lat="57.52398" lon="12.402142"><ele>95.6</ele></rtept><rtept lat="57.52396" lon="12.402172"><ele>95.0</ele></rtept><rtept lat="57.523948" lon="12.402203"><ele>95.0</ele></rtept><rtept lat="57.523935" lon="12.402247"><ele>94.4</ele></rtept><rtept lat="57.523922" lon="12.402303"><ele>94.4</ele></rtept><rtept lat="57.523917" lon="12.40236"><ele>94.2</ele></rtept><rtept lat="57.523897" lon="12.402418"><ele>93.6</ele></rtept><rtept lat="57.523878" lon="12.402502"><ele>93.4</ele></rtept><rtept lat="57.523878" lon="12.402592"><ele>93.4</ele></rtept><rtept lat="57.523865" lon="12.402713"><ele>92.6</ele></rtept><rtept lat="57.523858" lon="12.40281"><ele>92.2</ele></rtept><rtept lat="57.5238" lon="12.40289"><ele>92.0</ele></rtept><rtept lat="57.523757" lon="12.40294"><ele>91.4</ele></rtept><rtept lat="57.523718" lon="12.402977"><ele>91.0</ele></rtept><rtept lat="57.52366" lon="12.40301"><ele>91.0</ele></rtept><rtept lat="57.523615" lon="12.40302"><ele>90.6</ele></rtept><rtept lat="57.523597" lon="12.403015"><ele>90.0</ele></rtept><rtept lat="57.523577" lon="12.403"><ele>90.0</ele></rtept><rtept lat="57.523558" lon="12.402988"><ele>89.6</ele></rtept><rtept lat="57.523532" lon="12.402977"><ele>89.4</ele></rtept><rtept lat="57.523507" lon="12.402977"><ele>89.0</ele></rtept><rtept lat="57.52348" lon="12.402965"><ele>88.4</ele></rtept><rtept lat="57.523462" lon="12.402963"><ele>88.6</ele></rtept><rtept lat="57.523442" lon="12.402963"><ele>88.6</ele></rtept><rtept lat="57.52341" lon="12.402965"><ele>88.4</ele></rtept><rtept lat="57.523378" lon="12.402975"><ele>88.4</ele></rtept><rtept lat="57.523347" lon="12.402983"><ele>88.0</ele></rtept><rtept lat="57.523327" lon="12.402997"><ele>88.2</ele></rtept><rtept lat="57.523308" lon="12.40302"><ele>87.4</ele></rtept><rtept lat="57.523263" lon="12.403065"><ele>87.4</ele></rtept><rtept lat="57.523205" lon="12.403077"><ele>86.6</ele></rtept><rtept lat="57.523148" lon="12.40307"><ele>86.2</ele></rtept><rtept lat="57.52311" lon="12.403068"><ele>86.2</ele></rtept><rtept lat="57.523097" lon="12.403033"><ele>85.4</ele></rtept><rtept lat="57.523065" lon="12.403005"><ele>85.2</ele></rtept><rtept lat="57.523027" lon="12.402972"><ele>84.8</ele></rtept><rtept lat="57.522995" lon="12.40294"><ele>84.2</ele></rtept><rtept lat="57.522962" lon="12.40288"><ele>84.2</ele></rtept><rtept lat="57.52295" lon="12.402852"><ele>83.8</ele></rtept><rtept lat="57.522912" lon="12.402797"><ele>83.6</ele></rtept><rtept lat="57.522873" lon="12.402782"><ele>83.4</ele></rtept><rtept lat="57.522802" lon="12.402767"><ele>83.6</ele></rtept><rtept lat="57.522745" lon="12.40275"><ele>83.0</ele></rtept><rtept lat="57.522713" lon="12.402725"><ele>83.2</ele></rtept><rtept lat="57.522687" lon="12.402707"><ele>83.4</ele></rtept><rtept lat="57.522648" lon="12.402692"><ele>83.2</ele></rtept><rtept lat="57.522617" lon="12.402673"><ele>83.6</ele></rtept><rtept lat="57.522547" lon="12.402672"><ele>83.6</ele></rtept><rtept lat="57.522508" lon="12.402653"><ele>83.8</ele></rtept><rtept lat="57.522508" lon="12.402617"><ele>83.6</ele></rtept><rtept lat="57.522477" lon="12.402588"><ele>83.8</ele></rtept><rtept lat="57.522443" lon="12.40258"><ele>84.0</ele></rtept><rtept lat="57.522405" lon="12.402508"><ele>84.0</ele></rtept><rtept lat="57.522348" lon="12.40249"><ele>84.6</ele></rtept><rtept lat="57.522328" lon="12.402478"><ele>84.8</ele></rtept><rtept lat="57.52231" lon="12.402453"><ele>84.6</ele></rtept><rtept lat="57.522297" lon="12.402423"><ele>84.8</ele></rtept><rtept lat="57.522303" lon="12.402377"><ele>84.8</ele></rtept><rtept lat="57.522272" lon="12.402337"><ele>84.8</ele></rtept><rtept lat="57.522245" lon="12.40231"><ele>84.6</ele></rtept><rtept lat="57.522213" lon="12.402277"><ele>84.8</ele></rtept><rtept lat="57.522195" lon="12.402252"><ele>85.0</ele></rtept><rtept lat="57.522175" lon="12.40222"><ele>85.0</ele></rtept><rtept lat="57.52215" lon="12.40219"><ele>84.8</ele></rtept><rtept lat="57.522123" lon="12.402177"><ele>85.0</ele></rtept><rtept lat="57.522105" lon="12.40216"><ele>84.8</ele></rtept><rtept lat="57.522073" lon="12.402122"><ele>85.2</ele></rtept><rtept lat="57.522053" lon="12.402105"><ele>85.2</ele></rtept><rtept lat="57.522028" lon="12.402075"><ele>85.6</ele></rtept><rtept lat="57.52199" lon="12.402032"><ele>85.8</ele></rtept><rtept lat="57.521977" lon="12.402002"><ele>86.0</ele></rtept><rtept lat="57.521958" lon="12.40198"><ele>85.8</ele></rtept><rtept lat="57.521925" lon="12.401942"><ele>86.2</ele></rtept><rtept lat="57.521907" lon="12.40192"><ele>86.4</ele></rtept><rtept lat="57.521887" lon="12.401898"><ele>86.6</ele></rtept><rtept lat="57.521848" lon="12.401848"><ele>86.8</ele></rtept><rtept lat="57.521823" lon="12.401827"><ele>87.0</ele></rtept><rtept lat="57.521803" lon="12.401808"><ele>87.0</ele></rtept><rtept lat="57.521765" lon="12.401765"><ele>87.8</ele></rtept><rtept lat="57.52174" lon="12.401743"><ele>87.6</ele></rtept><rtept lat="57.52172" lon="12.401718"><ele>88.0</ele></rtept><rtept lat="57.521708" lon="12.401695"><ele>88.2</ele></rtept><rtept lat="57.521688" lon="12.401678"><ele>88.2</ele></rtept><rtept lat="57.52167" lon="12.401665"><ele>88.4</ele></rtept><rtept lat="57.52165" lon="12.401648"><ele>88.4</ele></rtept><rtept lat="57.521632" lon="12.401633"><ele>88.2</ele></rtept><rtept lat="57.521612" lon="12.40162"><ele>88.4</ele></rtept><rtept lat="57.521587" lon="12.40158"><ele>88.6</ele></rtept><rtept lat="57.521567" lon="12.40156"><ele>88.8</ele></rtept><rtept lat="57.521542" lon="12.401543"><ele>88.6</ele></rtept><rtept lat="57.521517" lon="12.40153"><ele>88.8</ele></rtept><rtept lat="57.52149" lon="12.401512"><ele>89.0</ele></rtept><rtept lat="57.521472" lon="12.40149"><ele>89.0</ele></rtept><rtept lat="57.52144" lon="12.401462"><ele>89.2</ele></rtept><rtept lat="57.52142" lon="12.40144"><ele>89.4</ele></rtept><rtept lat="57.5214" lon="12.401412"><ele>89.2</ele></rtept><rtept lat="57.521382" lon="12.401387"><ele>89.6</ele></rtept><rtept lat="57.521382" lon="12.401353"><ele>89.6</ele></rtept><rtept lat="57.521375" lon="12.40132"><ele>89.4</ele></rtept><rtept lat="57.521362" lon="12.401287"><ele>89.8</ele></rtept><rtept lat="57.521343" lon="12.401258"><ele>90.0</ele></rtept><rtept lat="57.52133" lon="12.401233"><ele>89.8</ele></rtept><rtept lat="57.521318" lon="12.4012"><ele>90.0</ele></rtept><rtept lat="57.521318" lon="12.401163"><ele>90.0</ele></rtept><rtept lat="57.521312" lon="12.401132"><ele>89.8</ele></rtept><rtept lat="57.521292" lon="12.4011"><ele>90.0</ele></rtept><rtept lat="57.521273" lon="12.401065"><ele>89.8</ele></rtept><rtept lat="57.521253" lon="12.401035"><ele>89.8</ele></rtept><rtept lat="57.521235" lon="12.400995"><ele>90.0</ele></rtept><rtept lat="57.521208" lon="12.400958"><ele>89.6</ele></rtept><rtept lat="57.521177" lon="12.40092"><ele>90.0</ele></rtept><rtept lat="57.521158" lon="12.4009"><ele>89.6</ele></rtept><rtept lat="57.52112" lon="12.40086"><ele>90.0</ele></rtept><rtept lat="57.521093" lon="12.40085"><ele>89.6</ele></rtept><rtept lat="57.521062" lon="12.40084"><ele>89.8</ele></rtept><rtept lat="57.521037" lon="12.400832"><ele>89.8</ele></rtept><rtept lat="57.52101" lon="12.400817"><ele>89.4</ele></rtept><rtept lat="57.520985" lon="12.400798"><ele>89.4</ele></rtept><rtept lat="57.52096" lon="12.40079"><ele>89.4</ele></rtept><rtept lat="57.520933" lon="12.400787"><ele>89.4</ele></rtept><rtept lat="57.520915" lon="12.40078"><ele>89.6</ele></rtept><rtept lat="57.520882" lon="12.400762"><ele>89.2</ele></rtept><rtept lat="57.520857" lon="12.400762"><ele>89.4</ele></rtept><rtept lat="57.520838" lon="12.400772"><ele>89.2</ele></rtept><rtept lat="57.520818" lon="12.400775"><ele>88.8</ele></rtept><rtept lat="57.520787" lon="12.400777"><ele>88.8</ele></rtept><rtept lat="57.520748" lon="12.400765"><ele>88.6</ele></rtept><rtept lat="57.52071" lon="12.400752"><ele>88.0</ele></rtept><rtept lat="57.520683" lon="12.40072"><ele>88.2</ele></rtept><rtept lat="57.520658" lon="12.400707"><ele>88.0</ele></rtept><rtept lat="57.520627" lon="12.400687"><ele>87.6</ele></rtept><rtept lat="57.520588" lon="12.400658"><ele>87.6</ele></rtept><rtept lat="57.520537" lon="12.400627"><ele>87.4</ele></rtept><rtept lat="57.520492" lon="12.400602"><ele>87.4</ele></rtept><rtept lat="57.52044" lon="12.400567"><ele>87.4</ele></rtept><rtept lat="57.520402" lon="12.400533"><ele>87.0</ele></rtept><rtept lat="57.52037" lon="12.400507"><ele>87.0</ele></rtept><rtept lat="57.520332" lon="12.400487"><ele>86.6</ele></rtept><rtept lat="57.52028" lon="12.400442"><ele>86.8</ele></rtept><rtept lat="57.520242" lon="12.40039"><ele>86.8</ele></rtept><rtept lat="57.520223" lon="12.40034"><ele>86.6</ele></rtept><rtept lat="57.52021" lon="12.400295"><ele>86.8</ele></rtept><rtept lat="57.520185" lon="12.400253"><ele>86.6</ele></rtept><rtept lat="57.520165" lon="12.400223"><ele>86.4</ele></rtept><rtept lat="57.520153" lon="12.400197"><ele>86.6</ele></rtept><rtept lat="57.520133" lon="12.40017"><ele>86.2</ele></rtept><rtept lat="57.520115" lon="12.400157"><ele>85.8</ele></rtept><rtept lat="57.520077" lon="12.40014"><ele>86.0</ele></rtept><rtept lat="57.52005" lon="12.400117"><ele>85.6</ele></rtept><rtept lat="57.520043" lon="12.400085"><ele>85.2</ele></rtept><rtept lat="57.520025" lon="12.40003"><ele>84.8</ele></rtept><rtept lat="57.520012" lon="12.4"><ele>84.4</ele></rtept><rtept lat="57.520012" lon="12.399962"><ele>84.0</ele></rtept><rtept lat="57.519987" lon="12.399953"><ele>83.4</ele></rtept><rtept lat="57.519967" lon="12.399933"><ele>83.6</ele></rtept><rtept lat="57.519955" lon="12.399907"><ele>83.2</ele></rtept><rtept lat="57.519928" lon="12.399913"><ele>83.0</ele></rtept><rtept lat="57.519897" lon="12.399902"><ele>83.2</ele></rtept><rtept lat="57.519872" lon="12.399887"><ele>82.8</ele></rtept><rtept lat="57.519858" lon="12.399857"><ele>83.0</ele></rtept><rtept lat="57.519833" lon="12.39982"><ele>83.0</ele></rtept><rtept lat="57.519813" lon="12.399793"><ele>83.0</ele></rtept><rtept lat="57.519782" lon="12.39976"><ele>83.0</ele></rtept><rtept lat="57.519743" lon="12.399722"><ele>83.2</ele></rtept><rtept lat="57.519718" lon="12.399715"><ele>83.0</ele></rtept><rtept lat="57.519698" lon="12.399695"><ele>83.4</ele></rtept><rtept lat="57.51968" lon="12.399675"><ele>83.6</ele></rtept><rtept lat="57.519647" lon="12.399662"><ele>83.2</ele></rtept><rtept lat="57.519628" lon="12.399642"><ele>83.4</ele></rtept><rtept lat="57.519608" lon="12.399622"><ele>83.4</ele></rtept><rtept lat="57.519583" lon="12.3996"><ele>83.2</ele></rtept><rtept lat="57.519558" lon="12.399583"><ele>83.4</ele></rtept><rtept lat="57.519532" lon="12.39955"><ele>83.4</ele></rtept><rtept lat="57.519507" lon="12.399497"><ele>83.2</ele></rtept><rtept lat="57.519493" lon="12.399468"><ele>83.4</ele></rtept><rtept lat="57.519475" lon="12.39944"><ele>83.6</ele></rtept><rtept lat="57.519455" lon="12.399412"><ele>83.2</ele></rtept><rtept lat="57.51943" lon="12.399372"><ele>83.2</ele></rtept><rtept lat="57.519417" lon="12.399332"><ele>83.0</ele></rtept><rtept lat="57.519392" lon="12.3993"><ele>83.0</ele></rtept><rtept lat="57.519378" lon="12.399262"><ele>83.2</ele></rtept><rtept lat="57.519365" lon="12.399227"><ele>83.0</ele></rtept><rtept lat="57.519347" lon="12.3992"><ele>83.0</ele></rtept><rtept lat="57.519333" lon="12.399163"><ele>82.8</ele></rtept><rtept lat="57.519308" lon="12.39912"><ele>83.0</ele></rtept><rtept lat="57.519277" lon="12.399107"><ele>83.0</ele></rtept><rtept lat="57.519257" lon="12.399092"><ele>83.4</ele></rtept><rtept lat="57.519225" lon="12.399057"><ele>83.6</ele></rtept><rtept lat="57.519205" lon="12.399035"><ele>83.8</ele></rtept><rtept lat="57.519173" lon="12.398993"><ele>83.8</ele></rtept><rtept lat="57.519142" lon="12.398982"><ele>84.0</ele></rtept><rtept lat="57.519117" lon="12.398968"><ele>83.8</ele></rtept><rtept lat="57.519097" lon="12.398953"><ele>84.0</ele></rtept><rtept lat="57.519078" lon="12.398938"><ele>84.0</ele></rtept><rtept lat="57.519058" lon="12.398922"><ele>83.8</ele></rtept><rtept lat="57.519033" lon="12.398903"><ele>84.0</ele></rtept><rtept lat="57.519013" lon="12.398888"><ele>84.0</ele></rtept><rtept lat="57.518988" lon="12.398858"><ele>84.0</ele></rtept><rtept lat="57.518962" lon="12.398825"><ele>84.4</ele></rtept><rtept lat="57.518943" lon="12.398795"><ele>84.0</ele></rtept><rtept lat="57.518923" lon="12.398772"><ele>84.2</ele></rtept><rtept lat="57.518898" lon="12.398757"><ele>84.2</ele></rtept><rtept lat="57.51888" lon="12.398737"><ele>84.4</ele></rtept><rtept lat="57.51886" lon="12.39872"><ele>84.4</ele></rtept><rtept lat="57.51884" lon="12.398702"><ele>84.2</ele></rtept><rtept lat="57.518808" lon="12.398667"><ele>84.6</ele></rtept><rtept lat="57.518777" lon="12.39864"><ele>84.4</ele></rtept><rtept lat="57.518752" lon="12.398602"><ele>84.6</ele></rtept><rtept lat="57.51872" lon="12.398577"><ele>84.6</ele></rtept><rtept lat="57.518693" lon="12.398555"><ele>84.4</ele></rtept><rtept lat="57.518655" lon="12.398508"><ele>84.4</ele></rtept><rtept lat="57.518623" lon="12.398492"><ele>84.6</ele></rtept><rtept lat="57.518598" lon="12.398473"><ele>84.8</ele></rtept><rtept lat="57.518572" lon="12.39846"><ele>84.6</ele></rtept><rtept lat="57.518553" lon="12.398438"><ele>85.0</ele></rtept><rtept lat="57.518533" lon="12.398417"><ele>85.2</ele></rtept><rtept lat="57.518508" lon="12.398397"><ele>85.0</ele></rtept><rtept lat="57.518482" lon="12.398362"><ele>85.4</ele></rtept><rtept lat="57.518457" lon="12.398333"><ele>85.4</ele></rtept><rtept lat="57.518432" lon="12.398308"><ele>85.6</ele></rtept><rtept lat="57.5184" lon="12.398282"><ele>85.8</ele></rtept><rtept lat="57.518367" lon="12.398263"><ele>86.0</ele></rtept><rtept lat="57.518335" lon="12.398238"><ele>87.0</ele></rtept><rtept lat="57.518317" lon="12.398225"><ele>86.8</ele></rtept><rtept lat="57.518283" lon="12.398218"><ele>87.4</ele></rtept><rtept lat="57.518258" lon="12.398208"><ele>87.6</ele></rtept><rtept lat="57.518233" lon="12.398178"><ele>87.6</ele></rtept><rtept lat="57.518213" lon="12.398153"><ele>87.6</ele></rtept><rtept lat="57.518182" lon="12.398103"><ele>87.6</ele></rtept><rtept lat="57.518157" lon="12.398075"><ele>87.6</ele></rtept><rtept lat="57.518137" lon="12.39805"><ele>87.6</ele></rtept><rtept lat="57.518118" lon="12.39803"><ele>87.8</ele></rtept><rtept lat="57.51808" lon="12.398003"><ele>87.4</ele></rtept><rtept lat="57.51806" lon="12.397985"><ele>87.6</ele></rtept><rtept lat="57.518028" lon="12.397958"><ele>87.2</ele></rtept><rtept lat="57.518008" lon="12.397932"><ele>87.4</ele></rtept><rtept lat="57.517983" lon="12.397905"><ele>87.4</ele></rtept><rtept lat="57.517958" lon="12.397872"><ele>87.4</ele></rtept><rtept lat="57.517925" lon="12.397845"><ele>87.4</ele></rtept><rtept lat="57.5179" lon="12.397812"><ele>87.2</ele></rtept><rtept lat="57.51788" lon="12.397777"><ele>87.2</ele></rtept><rtept lat="57.517868" lon="12.39774"><ele>87.2</ele></rtept><rtept lat="57.517855" lon="12.397707"><ele>87.2</ele></rtept><rtept lat="57.517837" lon="12.397677"><ele>87.2</ele></rtept><rtept lat="57.517817" lon="12.397652"><ele>87.2</ele></rtept><rtept lat="57.517803" lon="12.397627"><ele>87.2</ele></rtept><rtept lat="57.517785" lon="12.397598"><ele>87.2</ele></rtept><rtept lat="57.51776" lon="12.397568"><ele>87.2</ele></rtept><rtept lat="57.51774" lon="12.397538"><ele>87.0</ele></rtept><rtept lat="57.51772" lon="12.397508"><ele>87.0</ele></rtept><rtept lat="57.517702" lon="12.39747"><ele>87.0</ele></rtept><rtept lat="57.517682" lon="12.39744"><ele>86.6</ele></rtept><rtept lat="57.517663" lon="12.397413"><ele>86.6</ele></rtept><rtept lat="57.517638" lon="12.397393"><ele>86.6</ele></rtept><rtept lat="57.5176" lon="12.39736"><ele>86.0</ele></rtept><rtept lat="57.517567" lon="12.397335"><ele>86.2</ele></rtept><rtept lat="57.517528" lon="12.397315"><ele>86.2</ele></rtept><rtept lat="57.51751" lon="12.397295"><ele>85.8</ele></rtept><rtept lat="57.517483" lon="12.397282"><ele>86.0</ele></rtept><rtept lat="57.517458" lon="12.397265"><ele>85.8</ele></rtept><rtept lat="57.517433" lon="12.397237"><ele>85.8</ele></rtept><rtept lat="57.517407" lon="12.397218"><ele>86.0</ele></rtept><rtept lat="57.517388" lon="12.397197"><ele>85.6</ele></rtept><rtept lat="57.517357" lon="12.397155"><ele>86.0</ele></rtept><rtept lat="57.517318" lon="12.397125"><ele>85.4</ele></rtept><rtept lat="57.517285" lon="12.397097"><ele>85.6</ele></rtept><rtept lat="57.517267" lon="12.397067"><ele>85.8</ele></rtept><rtept lat="57.51724" lon="12.397038"><ele>85.4</ele></rtept><rtept lat="57.517222" lon="12.397013"><ele>85.6</ele></rtept><rtept lat="57.517202" lon="12.396997"><ele>85.4</ele></rtept><rtept lat="57.517177" lon="12.39698"><ele>85.2</ele></rtept><rtept lat="57.517158" lon="12.396963"><ele>85.4</ele></rtept><rtept lat="57.517132" lon="12.39694"><ele>85.2</ele></rtept><rtept lat="57.517113" lon="12.396902"><ele>85.2</ele></rtept><rtept lat="57.517075" lon="12.396855"><ele>84.8</ele></rtept><rtept lat="57.517048" lon="12.396815"><ele>84.6</ele></rtept><rtept lat="57.51703" lon="12.3968"><ele>84.8</ele></rtept><rtept lat="57.51701" lon="12.39678"><ele>84.4</ele></rtept><rtept lat="57.516992" lon="12.39676"><ele>84.2</ele></rtept><rtept lat="57.516965" lon="12.396743"><ele>84.4</ele></rtept><rtept lat="57.516933" lon="12.396725"><ele>84.0</ele></rtept><rtept lat="57.516915" lon="12.39671"><ele>84.0</ele></rtept><rtept lat="57.516888" lon="12.396668"><ele>83.6</ele></rtept><rtept lat="57.516863" lon="12.396643"><ele>83.8</ele></rtept><rtept lat="57.516832" lon="12.396625"><ele>84.0</ele></rtept><rtept lat="57.516793" lon="12.39661"><ele>83.6</ele></rtept><rtept lat="57.516767" lon="12.3966"><ele>83.8</ele></rtept><rtept lat="57.516735" lon="12.396585"><ele>83.6</ele></rtept><rtept lat="57.51671" lon="12.39657"><ele>83.6</ele></rtept><rtept lat="57.51669" lon="12.396545"><ele>83.8</ele></rtept><rtept lat="57.516678" lon="12.39652"><ele>83.6</ele></rtept><rtept lat="57.516652" lon="12.396498"><ele>83.4</ele></rtept><rtept lat="57.516627" lon="12.396475"><ele>83.2</ele></rtept><rtept lat="57.5166" lon="12.396465"><ele>83.2</ele></rtept><rtept lat="57.516568" lon="12.396455"><ele>83.4</ele></rtept><rtept lat="57.51655" lon="12.396447"><ele>83.0</ele></rtept><rtept lat="57.51653" lon="12.396447"><ele>83.4</ele></rtept><rtept lat="57.516512" lon="12.396447"><ele>83.2</ele></rtept><rtept lat="57.516492" lon="12.396438"><ele>82.8</ele></rtept><rtept lat="57.516473" lon="12.396422"><ele>83.0</ele></rtept><rtept lat="57.516447" lon="12.396413"><ele>82.8</ele></rtept><rtept lat="57.516422" lon="12.396407"><ele>82.6</ele></rtept><rtept lat="57.516397" lon="12.3964"><ele>82.8</ele></rtept><rtept lat="57.51637" lon="12.396392"><ele>82.4</ele></rtept><rtept lat="57.516352" lon="12.396383"><ele>82.6</ele></rtept><rtept lat="57.516325" lon="12.396377"><ele>82.8</ele></rtept><rtept lat="57.5163" lon="12.396377"><ele>82.4</ele></rtept><rtept lat="57.516275" lon="12.396377"><ele>82.8</ele></rtept><rtept lat="57.516255" lon="12.396362"><ele>82.8</ele></rtept><rtept lat="57.51623" lon="12.396333"><ele>82.8</ele></rtept><rtept lat="57.516203" lon="12.396303"><ele>83.0</ele></rtept><rtept lat="57.516192" lon="12.396278"><ele>83.0</ele></rtept><rtept lat="57.516172" lon="12.396248"><ele>83.4</ele></rtept><rtept lat="57.516147" lon="12.396218"><ele>84.0</ele></rtept><rtept lat="57.51612" lon="12.396182"><ele>83.8</ele></rtept><rtept lat="57.516102" lon="12.396143"><ele>84.2</ele></rtept><rtept lat="57.516095" lon="12.396103"><ele>84.4</ele></rtept><rtept lat="57.516088" lon="12.396068"><ele>84.4</ele></rtept><rtept lat="57.516077" lon="12.396033"><ele>84.6</ele></rtept><rtept lat="57.516057" lon="12.396"><ele>84.6</ele></rtept><rtept lat="57.516038" lon="12.395957"><ele>84.6</ele></rtept><rtept lat="57.516032" lon="12.395915"><ele>84.8</ele></rtept><rtept lat="57.516012" lon="12.395845"><ele>85.0</ele></rtept><rtept lat="57.516005" lon="12.395805"><ele>85.0</ele></rtept><rtept lat="57.51598" lon="12.395765"><ele>85.0</ele></rtept><rtept lat="57.515955" lon="12.395732"><ele>85.4</ele></rtept><rtept lat="57.515935" lon="12.395705"><ele>85.2</ele></rtept><rtept lat="57.515903" lon="12.39568"><ele>85.4</ele></rtept><rtept lat="57.515878" lon="12.395643"><ele>85.6</ele></rtept><rtept lat="57.515865" lon="12.395608"><ele>85.2</ele></rtept><rtept lat="57.515852" lon="12.39558"><ele>85.4</ele></rtept><rtept lat="57.51584" lon="12.395547"><ele>85.6</ele></rtept><rtept lat="57.515833" lon="12.395515"><ele>85.2</ele></rtept><rtept lat="57.51582" lon="12.395488"><ele>85.4</ele></rtept><rtept lat="57.515807" lon="12.39545"><ele>85.6</ele></rtept><rtept lat="57.515788" lon="12.395408"><ele>85.2</ele></rtept><rtept lat="57.515775" lon="12.39537"><ele>85.2</ele></rtept><rtept lat="57.515757" lon="12.39533"><ele>85.0</ele></rtept><rtept lat="57.515737" lon="12.395295"><ele>85.0</ele></rtept><rtept lat="57.515718" lon="12.395257"><ele>85.2</ele></rtept><rtept lat="57.515698" lon="12.39521"><ele>85.0</ele></rtept><rtept lat="57.51568" lon="12.395167"><ele>85.0</ele></rtept><rtept lat="57.51566" lon="12.395135"><ele>85.0</ele></rtept><rtept lat="57.51564" lon="12.395112"><ele>84.6</ele></rtept><rtept lat="57.515622" lon="12.39508"><ele>84.6</ele></rtept><rtept lat="57.515602" lon="12.395038"><ele>84.8</ele></rtept><rtept lat="57.515583" lon="12.394998"><ele>84.2</ele></rtept><rtept lat="57.515558" lon="12.394968"><ele>84.6</ele></rtept><rtept lat="57.515538" lon="12.39494"><ele>84.6</ele></rtept><rtept lat="57.51552" lon="12.394923"><ele>84.4</ele></rtept><rtept lat="57.515493" lon="12.394892"><ele>84.6</ele></rtept><rtept lat="57.51548" lon="12.394862"><ele>84.4</ele></rtept><rtept lat="57.515462" lon="12.394837"><ele>84.4</ele></rtept><rtept lat="57.515442" lon="12.3948"><ele>84.4</ele></rtept><rtept lat="57.515423" lon="12.394767"><ele>84.0</ele></rtept><rtept lat="57.515403" lon="12.394735"><ele>84.4</ele></rtept><rtept lat="57.515385" lon="12.394695"><ele>84.4</ele></rtept><rtept lat="57.515372" lon="12.394662"><ele>84.2</ele></rtept><rtept lat="57.515353" lon="12.394623"><ele>84.6</ele></rtept><rtept lat="57.51534" lon="12.39459"><ele>84.6</ele></rtept><rtept lat="57.51532" lon="12.394555"><ele>84.8</ele></rtept><rtept lat="57.515308" lon="12.39452"><ele>84.8</ele></rtept><rtept lat="57.515295" lon="12.394485"><ele>84.6</ele></rtept><rtept lat="57.515277" lon="12.394445"><ele>85.0</ele></rtept><rtept lat="57.515257" lon="12.394412"><ele>85.0</ele></rtept><rtept lat="57.515243" lon="12.394367"><ele>85.0</ele></rtept><rtept lat="57.515225" lon="12.394325"><ele>85.4</ele></rtept><rtept lat="57.515212" lon="12.394282"><ele>85.6</ele></rtept><rtept lat="57.5152" lon="12.39424"><ele>85.6</ele></rtept><rtept lat="57.51518" lon="12.394198"><ele>85.8</ele></rtept><rtept lat="57.51516" lon="12.39416"><ele>86.0</ele></rtept><rtept lat="57.515148" lon="12.394128"><ele>86.4</ele></rtept><rtept lat="57.515135" lon="12.394095"><ele>86.6</ele></rtept><rtept lat="57.515122" lon="12.394062"><ele>86.6</ele></rtept><rtept lat="57.515103" lon="12.394033"><ele>86.8</ele></rtept><rtept lat="57.51509" lon="12.394003"><ele>86.8</ele></rtept><rtept lat="57.515078" lon="12.393975"><ele>87.2</ele></rtept><rtept lat="57.515058" lon="12.393948"><ele>87.4</ele></rtept><rtept lat="57.515045" lon="12.39392"><ele>87.4</ele></rtept><rtept lat="57.515027" lon="12.393885"><ele>87.4</ele></rtept><rtept lat="57.515" lon="12.393857"><ele>87.6</ele></rtept><rtept lat="57.514982" lon="12.393825"><ele>87.4</ele></rtept><rtept lat="57.514968" lon="12.3938"><ele>87.4</ele></rtept><rtept lat="57.514957" lon="12.393775"><ele>87.8</ele></rtept><rtept lat="57.514937" lon="12.393745"><ele>87.4</ele></rtept><rtept lat="57.514912" lon="12.393717"><ele>87.8</ele></rtept><rtept lat="57.514898" lon="12.393685"><ele>88.0</ele></rtept><rtept lat="57.51488" lon="12.393658"><ele>87.8</ele></rtept><rtept lat="57.514867" lon="12.393633"><ele>88.0</ele></rtept><rtept lat="57.514847" lon="12.3936"><ele>88.2</ele></rtept><rtept lat="57.51484" lon="12.393567"><ele>87.8</ele></rtept><rtept lat="57.514828" lon="12.39354"><ele>88.2</ele></rtept><rtept lat="57.514808" lon="12.393513"><ele>88.4</ele></rtept><rtept lat="57.51479" lon="12.393478"><ele>88.0</ele></rtept><rtept lat="57.51477" lon="12.393443"><ele>88.2</ele></rtept><rtept lat="57.514758" lon="12.393417"><ele>88.6</ele></rtept><rtept lat="57.514738" lon="12.393375"><ele>88.2</ele></rtept><rtept lat="57.514725" lon="12.39335"><ele>88.4</ele></rtept><rtept lat="57.514713" lon="12.393315"><ele>88.4</ele></rtept><rtept lat="57.5147" lon="12.39328"><ele>88.0</ele></rtept><rtept lat="57.51468" lon="12.393225"><ele>88.4</ele></rtept><rtept lat="57.514662" lon="12.39319"><ele>88.2</ele></rtept><rtept lat="57.514648" lon="12.393148"><ele>88.2</ele></rtept><rtept lat="57.51463" lon="12.393085"><ele>87.8</ele></rtept><rtept lat="57.514623" lon="12.393052"><ele>88.2</ele></rtept><rtept lat="57.514603" lon="12.39302"><ele>88.2</ele></rtept><rtept lat="57.514592" lon="12.39298"><ele>87.8</ele></rtept><rtept lat="57.514578" lon="12.392947"><ele>87.8</ele></rtept><rtept lat="57.514565" lon="12.392918"><ele>87.6</ele></rtept><rtept lat="57.514553" lon="12.392882"><ele>87.6</ele></rtept><rtept lat="57.514527" lon="12.392843"><ele>87.6</ele></rtept><rtept lat="57.514515" lon="12.392812"><ele>87.2</ele></rtept><rtept lat="57.514488" lon="12.39278"><ele>87.2</ele></rtept><rtept lat="57.51447" lon="12.392747"><ele>87.0</ele></rtept><rtept lat="57.514457" lon="12.392708"><ele>86.6</ele></rtept><rtept lat="57.514443" lon="12.392673"><ele>86.6</ele></rtept><rtept lat="57.514425" lon="12.392635"><ele>86.8</ele></rtept><rtept lat="57.514412" lon="12.392595"><ele>86.2</ele></rtept><rtept lat="57.514393" lon="12.392548"><ele>86.4</ele></rtept><rtept lat="57.514387" lon="12.392513"><ele>86.4</ele></rtept><rtept lat="57.514373" lon="12.392475"><ele>86.0</ele></rtept><rtept lat="57.51436" lon="12.392437"><ele>86.2</ele></rtept><rtept lat="57.514342" lon="12.392397"><ele>86.4</ele></rtept><rtept lat="57.514335" lon="12.392358"><ele>86.0</ele></rtept><rtept lat="57.514328" lon="12.392317"><ele>86.0</ele></rtept><rtept lat="57.514322" lon="12.392277"><ele>86.0</ele></rtept><rtept lat="57.51431" lon="12.392235"><ele>85.8</ele></rtept><rtept lat="57.514303" lon="12.392192"><ele>86.0</ele></rtept><rtept lat="57.51429" lon="12.392157"><ele>85.8</ele></rtept><rtept lat="57.514272" lon="12.392118"><ele>85.6</ele></rtept><rtept lat="57.514265" lon="12.392073"><ele>85.8</ele></rtept><rtept lat="57.514252" lon="12.392033"><ele>85.6</ele></rtept><rtept lat="57.514245" lon="12.391998"><ele>85.4</ele></rtept><rtept lat="57.514233" lon="12.391955"><ele>85.4</ele></rtept><rtept lat="57.514227" lon="12.391908"><ele>85.4</ele></rtept><rtept lat="57.514213" lon="12.391868"><ele>85.0</ele></rtept><rtept lat="57.514188" lon="12.391817"><ele>85.0</ele></rtept><rtept lat="57.514175" lon="12.39178"><ele>85.0</ele></rtept><rtept lat="57.514162" lon="12.39174"><ele>84.4</ele></rtept><rtept lat="57.514143" lon="12.391695"><ele>84.4</ele></rtept><rtept lat="57.514123" lon="12.391645"><ele>84.4</ele></rtept><rtept lat="57.514123" lon="12.391607"><ele>83.8</ele></rtept><rtept lat="57.514118" lon="12.391562"><ele>83.6</ele></rtept><rtept lat="57.514118" lon="12.391513"><ele>83.6</ele></rtept><rtept lat="57.514112" lon="12.39148"><ele>83.2</ele></rtept><rtept lat="57.514098" lon="12.391433"><ele>83.2</ele></rtept><rtept lat="57.514085" lon="12.39138"><ele>83.2</ele></rtept><rtept lat="57.514085" lon="12.391333"><ele>82.8</ele></rtept><rtept lat="57.51408" lon="12.391282"><ele>82.6</ele></rtept><rtept lat="57.514073" lon="12.391228"><ele>82.4</ele></rtept><rtept lat="57.514067" lon="12.39118"><ele>82.2</ele></rtept><rtept lat="57.514053" lon="12.39113"><ele>82.0</ele></rtept><rtept lat="57.514053" lon="12.391077"><ele>81.8</ele></rtept><rtept lat="57.514047" lon="12.391025"><ele>81.4</ele></rtept><rtept lat="57.514047" lon="12.39098"><ele>81.0</ele></rtept><rtept lat="57.51404" lon="12.390938"><ele>81.0</ele></rtept><rtept lat="57.514028" lon="12.390897"><ele>81.0</ele></rtept><rtept lat="57.514015" lon="12.390858"><ele>80.4</ele></rtept><rtept lat="57.514015" lon="12.390818"><ele>80.2</ele></rtept><rtept lat="57.514008" lon="12.390772"><ele>80.0</ele></rtept><rtept lat="57.513997" lon="12.390727"><ele>79.4</ele></rtept><rtept lat="57.51399" lon="12.390683"><ele>79.2</ele></rtept><rtept lat="57.513977" lon="12.390633"><ele>79.0</ele></rtept><rtept lat="57.513963" lon="12.390592"><ele>78.4</ele></rtept><rtept lat="57.513945" lon="12.390545"><ele>78.4</ele></rtept><rtept lat="57.513932" lon="12.3905"><ele>78.2</ele></rtept><rtept lat="57.513925" lon="12.390445"><ele>77.6</ele></rtept><rtept lat="57.513907" lon="12.39039"><ele>77.6</ele></rtept><rtept lat="57.513893" lon="12.39035"><ele>77.6</ele></rtept><rtept lat="57.513887" lon="12.390317"><ele>77.2</ele></rtept><rtept lat="57.51388" lon="12.39027"><ele>77.2</ele></rtept><rtept lat="57.51388" lon="12.390222"><ele>77.0</ele></rtept><rtept lat="57.513887" lon="12.390177"><ele>76.8</ele></rtept><rtept lat="57.513887" lon="12.39013"><ele>76.8</ele></rtept><rtept lat="57.513887" lon="12.390088"><ele>76.4</ele></rtept><rtept lat="57.513893" lon="12.390047"><ele>76.4</ele></rtept><rtept lat="57.513907" lon="12.389997"><ele>76.4</ele></rtept><rtept lat="57.51392" lon="12.389953"><ele>76.2</ele></rtept><rtept lat="57.513938" lon="12.389912"><ele>76.2</ele></rtept><rtept lat="57.513952" lon="12.389867"><ele>76.0</ele></rtept><rtept lat="57.513963" lon="12.389818"><ele>75.8</ele></rtept><rtept lat="57.513963" lon="12.389765"><ele>75.6</ele></rtept><rtept lat="57.513977" lon="12.389728"><ele>75.6</ele></rtept><rtept lat="57.51397" lon="12.389688"><ele>75.2</ele></rtept><rtept lat="57.513977" lon="12.38964"><ele>75.2</ele></rtept><rtept lat="57.51397" lon="12.389587"><ele>75.2</ele></rtept><rtept lat="57.513963" lon="12.38954"><ele>74.8</ele></rtept><rtept lat="57.513952" lon="12.389492"><ele>74.6</ele></rtept><rtept lat="57.513938" lon="12.389465"><ele>74.8</ele></rtept><rtept lat="57.513925" lon="12.389437"><ele>74.4</ele></rtept><rtept lat="57.513913" lon="12.38941"><ele>74.6</ele></rtept><rtept lat="57.513893" lon="12.38938"><ele>74.8</ele></rtept><rtept lat="57.513868" lon="12.389328"><ele>74.8</ele></rtept><rtept lat="57.513842" lon="12.389302"><ele>74.8</ele></rtept><rtept lat="57.513817" lon="12.389277"><ele>74.4</ele></rtept><rtept lat="57.513792" lon="12.38924"><ele>74.6</ele></rtept><rtept lat="57.513772" lon="12.389168"><ele>75.2</ele></rtept><rtept lat="57.513765" lon="12.38913"><ele>75.4</ele></rtept><rtept lat="57.513747" lon="12.389093"><ele>75.2</ele></rtept><rtept lat="57.513733" lon="12.389048"><ele>75.4</ele></rtept><rtept lat="57.51372" lon="12.389015"><ele>75.6</ele></rtept><rtept lat="57.513708" lon="12.388973"><ele>75.2</ele></rtept><rtept lat="57.513688" lon="12.388937"><ele>75.4</ele></rtept><rtept lat="57.51367" lon="12.388895"><ele>75.6</ele></rtept><rtept lat="57.513657" lon="12.38887"><ele>75.2</ele></rtept><rtept lat="57.513643" lon="12.388835"><ele>75.4</ele></rtept><rtept lat="57.513625" lon="12.388797"><ele>75.6</ele></rtept><rtept lat="57.513612" lon="12.388767"><ele>75.4</ele></rtept><rtept lat="57.513593" lon="12.388732"><ele>75.6</ele></rtept><rtept lat="57.51358" lon="12.388705"><ele>75.4</ele></rtept><rtept lat="57.513567" lon="12.388667"><ele>75.4</ele></rtept><rtept lat="57.513542" lon="12.38862"><ele>75.4</ele></rtept><rtept lat="57.513528" lon="12.388593"><ele>75.4</ele></rtept><rtept lat="57.513503" lon="12.388568"><ele>75.8</ele></rtept><rtept lat="57.513483" lon="12.38854"><ele>75.6</ele></rtept><rtept lat="57.513465" lon="12.388508"><ele>76.2</ele></rtept><rtept lat="57.513452" lon="12.388478"><ele>76.2</ele></rtept><rtept lat="57.51344" lon="12.388448"><ele>76.4</ele></rtept><rtept lat="57.51342" lon="12.388418"><ele>76.8</ele></rtept><rtept lat="57.513407" lon="12.388385"><ele>76.8</ele></rtept><rtept lat="57.5134" lon="12.38835"><ele>76.8</ele></rtept><rtept lat="57.513388" lon="12.38831"><ele>77.2</ele></rtept><rtept lat="57.513375" lon="12.388283"><ele>77.2</ele></rtept><rtept lat="57.513362" lon="12.38822"><ele>77.6</ele></rtept><rtept lat="57.51335" lon="12.38819"><ele>77.6</ele></rtept><rtept lat="57.51333" lon="12.388145"><ele>77.8</ele></rtept><rtept lat="57.513318" lon="12.388118"><ele>78.0</ele></rtept><rtept lat="57.513312" lon="12.388082"><ele>77.8</ele></rtept><rtept lat="57.513298" lon="12.388052"><ele>78.0</ele></rtept><rtept lat="57.513285" lon="12.38802"><ele>78.4</ele></rtept><rtept lat="57.513273" lon="12.387988"><ele>78.2</ele></rtept><rtept lat="57.513253" lon="12.38796"><ele>78.6</ele></rtept><rtept lat="57.513235" lon="12.387928"><ele>78.8</ele></rtept><rtept lat="57.513215" lon="12.387902"><ele>78.8</ele></rtept><rtept lat="57.513197" lon="12.387868"><ele>79.2</ele></rtept><rtept lat="57.51317" lon="12.38784"><ele>79.2</ele></rtept><rtept lat="57.513152" lon="12.387807"><ele>79.2</ele></rtept><rtept lat="57.513132" lon="12.387778"><ele>79.4</ele></rtept><rtept lat="57.513113" lon="12.387748"><ele>79.2</ele></rtept><rtept lat="57.513093" lon="12.387718"><ele>79.4</ele></rtept><rtept lat="57.51308" lon="12.387685"><ele>79.6</ele></rtept><rtept lat="57.513062" lon="12.387662"><ele>79.4</ele></rtept><rtept lat="57.513042" lon="12.38764"><ele>79.8</ele></rtept><rtept lat="57.513017" lon="12.387623"><ele>80.4</ele></rtept><rtept lat="57.512998" lon="12.3876"><ele>80.2</ele></rtept><rtept lat="57.512972" lon="12.387577"><ele>80.2</ele></rtept><rtept lat="57.51296" lon="12.38755"><ele>80.2</ele></rtept><rtept lat="57.51294" lon="12.387523"><ele>80.0</ele></rtept><rtept lat="57.51292" lon="12.3875"><ele>80.0</ele></rtept><rtept lat="57.512902" lon="12.387477"><ele>80.2</ele></rtept><rtept lat="57.512877" lon="12.387447"><ele>80.0</ele></rtept><rtept lat="57.51285" lon="12.387418"><ele>79.8</ele></rtept><rtept lat="57.512832" lon="12.387392"><ele>79.8</ele></rtept><rtept lat="57.512805" lon="12.38736"><ele>79.6</ele></rtept><rtept lat="57.512787" lon="12.387325"><ele>79.4</ele></rtept><rtept lat="57.512773" lon="12.387287"><ele>79.4</ele></rtept><rtept lat="57.512755" lon="12.387252"><ele>79.2</ele></rtept><rtept lat="57.512742" lon="12.3872"><ele>78.8</ele></rtept><rtept lat="57.512722" lon="12.387133"><ele>78.2</ele></rtept><rtept lat="57.512703" lon="12.387093"><ele>78.2</ele></rtept><rtept lat="57.512683" lon="12.387067"><ele>78.2</ele></rtept><rtept lat="57.512665" lon="12.38703"><ele>77.8</ele></rtept><rtept lat="57.512652" lon="12.386998"><ele>77.8</ele></rtept><rtept lat="57.512645" lon="12.386962"><ele>77.8</ele></rtept><rtept lat="57.512627" lon="12.386903"><ele>77.2</ele></rtept><rtept lat="57.512613" lon="12.38687"><ele>77.2</ele></rtept><rtept lat="57.512595" lon="12.386835"><ele>76.8</ele></rtept><rtept lat="57.512582" lon="12.386803"><ele>77.0</ele></rtept><rtept lat="57.512568" lon="12.38678"><ele>76.8</ele></rtept><rtept lat="57.51255" lon="12.38674"><ele>76.8</ele></rtept><rtept lat="57.51253" lon="12.3867"><ele>76.8</ele></rtept><rtept lat="57.512518" lon="12.386672"><ele>76.8</ele></rtept><rtept lat="57.512505" lon="12.38664"><ele>76.6</ele></rtept><rtept lat="57.512498" lon="12.386605"><ele>76.6</ele></rtept><rtept lat="57.512498" lon="12.386572"><ele>76.6</ele></rtept><rtept lat="57.512485" lon="12.386507"><ele>76.4</ele></rtept><rtept lat="57.51248" lon="12.386472"><ele>76.8</ele></rtept><rtept lat="57.512473" lon="12.38644"><ele>76.6</ele></rtept><rtept lat="57.512467" lon="12.386407"><ele>77.0</ele></rtept><rtept lat="57.51246" lon="12.386375"><ele>77.2</ele></rtept><rtept lat="57.512447" lon="12.38634"><ele>77.2</ele></rtept><rtept lat="57.512435" lon="12.386288"><ele>77.6</ele></rtept><rtept lat="57.512428" lon="12.386248"><ele>77.6</ele></rtept><rtept lat="57.512408" lon="12.386205"><ele>77.6</ele></rtept><rtept lat="57.512402" lon="12.38617"><ele>78.2</ele></rtept><rtept lat="57.51239" lon="12.386143"><ele>78.4</ele></rtept><rtept lat="57.512377" lon="12.38612"><ele>78.4</ele></rtept><rtept lat="57.512338" lon="12.386075"><ele>79.2</ele></rtept><rtept lat="57.51232" lon="12.386052"><ele>79.4</ele></rtept><rtept lat="57.512293" lon="12.386015"><ele>80.2</ele></rtept><rtept lat="57.512268" lon="12.385958"><ele>80.6</ele></rtept><rtept lat="57.512268" lon="12.385918"><ele>80.8</ele></rtept><rtept lat="57.512268" lon="12.385878"><ele>80.8</ele></rtept><rtept lat="57.512262" lon="12.38584"><ele>81.2</ele></rtept><rtept lat="57.512242" lon="12.385817"><ele>81.4</ele></rtept><rtept lat="57.512223" lon="12.385793"><ele>81.4</ele></rtept><rtept lat="57.512203" lon="12.385777"><ele>81.6</ele></rtept><rtept lat="57.512185" lon="12.385733"><ele>81.8</ele></rtept><rtept lat="57.51216" lon="12.385702"><ele>82.0</ele></rtept><rtept lat="57.51214" lon="12.385687"><ele>82.0</ele></rtept><rtept lat="57.51212" lon="12.385668"><ele>82.2</ele></rtept><rtept lat="57.512095" lon="12.385648"><ele>82.4</ele></rtept><rtept lat="57.51207" lon="12.38562"><ele>82.4</ele></rtept><rtept lat="57.51205" lon="12.385588"><ele>82.6</ele></rtept><rtept lat="57.512032" lon="12.385558"><ele>83.0</ele></rtept><rtept lat="57.512012" lon="12.385523"><ele>83.0</ele></rtept><rtept lat="57.511993" lon="12.3855"><ele>83.0</ele></rtept><rtept lat="57.511973" lon="12.385483"><ele>83.2</ele></rtept><rtept lat="57.511948" lon="12.385457"><ele>83.2</ele></rtept><rtept lat="57.511922" lon="12.385435"><ele>83.2</ele></rtept><rtept lat="57.511903" lon="12.385395"><ele>83.6</ele></rtept><rtept lat="57.511883" lon="12.38535"><ele>83.6</ele></rtept><rtept lat="57.511883" lon="12.385312"><ele>83.6</ele></rtept><rtept lat="57.511897" lon="12.385267"><ele>84.0</ele></rtept><rtept lat="57.51189" lon="12.385312"><ele>84.6</ele></rtept><rtept lat="57.511878" lon="12.385363"><ele>84.6</ele></rtept><rtept lat="57.511865" lon="12.385405"><ele>84.6</ele></rtept><rtept lat="57.511845" lon="12.385428"><ele>84.6</ele></rtept><rtept lat="57.511827" lon="12.38544"><ele>84.6</ele></rtept><rtept lat="57.511813" lon="12.385465"><ele>84.6</ele></rtept><rtept lat="57.511788" lon="12.385483"><ele>84.8</ele></rtept><rtept lat="57.511768" lon="12.3855"><ele>85.0</ele></rtept><rtept lat="57.511757" lon="12.38553"><ele>85.0</ele></rtept><rtept lat="57.511723" lon="12.38556"><ele>84.8</ele></rtept><rtept lat="57.511705" lon="12.385582"><ele>84.6</ele></rtept><rtept lat="57.511692" lon="12.385625"><ele>84.8</ele></rtept><rtept lat="57.511678" lon="12.38566"><ele>84.6</ele></rtept><rtept lat="57.511647" lon="12.385703"><ele>84.2</ele></rtept><rtept lat="57.511635" lon="12.38574"><ele>84.0</ele></rtept><rtept lat="57.511615" lon="12.385763"><ele>84.0</ele></rtept><rtept lat="57.51159" lon="12.38578"><ele>84.2</ele></rtept><rtept lat="57.511563" lon="12.385793"><ele>84.0</ele></rtept><rtept lat="57.511538" lon="12.38582"><ele>84.2</ele></rtept><rtept lat="57.511507" lon="12.385847"><ele>84.4</ele></rtept><rtept lat="57.51148" lon="12.385857"><ele>84.8</ele></rtept><rtept lat="57.511455" lon="12.385865"><ele>84.6</ele></rtept><rtept lat="57.511437" lon="12.385882"><ele>84.0</ele></rtept><rtept lat="57.51141" lon="12.385893"><ele>84.0</ele></rtept><rtept lat="57.511392" lon="12.385907"><ele>83.6</ele></rtept><rtept lat="57.511372" lon="12.385912"><ele>83.2</ele></rtept><rtept lat="57.511347" lon="12.38592"><ele>83.0</ele></rtept><rtept lat="57.511327" lon="12.385937"><ele>82.8</ele></rtept><rtept lat="57.511295" lon="12.385965"><ele>83.0</ele></rtept><rtept lat="57.511277" lon="12.385975"><ele>82.8</ele></rtept><rtept lat="57.51125" lon="12.385982"><ele>82.4</ele></rtept><rtept lat="57.511225" lon="12.385985"><ele>82.4</ele></rtept><rtept lat="57.511193" lon="12.385992"><ele>82.0</ele></rtept><rtept lat="57.511173" lon="12.385992"><ele>81.8</ele></rtept><rtept lat="57.511155" lon="12.385992"><ele>81.4</ele></rtept><rtept lat="57.511167" lon="12.386027"><ele>80.6</ele></rtept><rtept lat="57.511167" lon="12.386077"><ele>80.0</ele></rtept><rtept lat="57.511173" lon="12.386123"><ele>79.4</ele></rtept><rtept lat="57.511148" lon="12.386168"><ele>78.8</ele></rtept><rtept lat="57.511128" lon="12.38619"><ele>77.6</ele></rtept><rtept lat="57.511117" lon="12.386218"><ele>75.6</ele></rtept><rtept lat="57.511097" lon="12.38625"><ele>74.8</ele></rtept><rtept lat="57.511078" lon="12.386295"><ele>73.8</ele></rtept><rtept lat="57.511065" lon="12.386325"><ele>73.4</ele></rtept><rtept lat="57.51104" lon="12.386363"><ele>73.0</ele></rtept><rtept lat="57.511027" lon="12.386402"><ele>72.4</ele></rtept><rtept lat="57.511007" lon="12.38644"><ele>72.4</ele></rtept><rtept lat="57.510988" lon="12.386487"><ele>72.0</ele></rtept><rtept lat="57.510975" lon="12.38652"><ele>71.6</ele></rtept><rtept lat="57.510957" lon="12.386552"><ele>71.8</ele></rtept><rtept lat="57.510943" lon="12.386577"><ele>71.6</ele></rtept><rtept lat="57.510918" lon="12.386612"><ele>71.6</ele></rtept><rtept lat="57.510892" lon="12.386637"><ele>71.4</ele></rtept><rtept lat="57.51088" lon="12.386672"><ele>70.8</ele></rtept><rtept lat="57.510853" lon="12.386707"><ele>70.2</ele></rtept><rtept lat="57.510835" lon="12.386747"><ele>70.0</ele></rtept><rtept lat="57.510815" lon="12.386803"><ele>70.0</ele></rtept><rtept lat="57.510808" lon="12.386843"><ele>69.6</ele></rtept><rtept lat="57.510802" lon="12.386877"><ele>69.2</ele></rtept><rtept lat="57.510797" lon="12.38691"><ele>69.4</ele></rtept><rtept lat="57.51079" lon="12.386945"><ele>69.2</ele></rtept><rtept lat="57.510777" lon="12.38699"><ele>68.8</ele></rtept><rtept lat="57.510758" lon="12.387043"><ele>69.0</ele></rtept><rtept lat="57.510752" lon="12.387102"><ele>69.0</ele></rtept><rtept lat="57.510738" lon="12.387167"><ele>68.4</ele></rtept><rtept lat="57.510738" lon="12.387223"><ele>68.6</ele></rtept><rtept lat="57.510732" lon="12.387287"><ele>68.8</ele></rtept><rtept lat="57.510725" lon="12.387347"><ele>68.4</ele></rtept><rtept lat="57.510725" lon="12.387405"><ele>68.8</ele></rtept><rtept lat="57.510725" lon="12.38745"><ele>68.8</ele></rtept><rtept lat="57.51072" lon="12.38751"><ele>69.0</ele></rtept><rtept lat="57.510713" lon="12.387575"><ele>68.8</ele></rtept><rtept lat="57.510713" lon="12.38763"><ele>69.0</ele></rtept><rtept lat="57.510732" lon="12.387703"><ele>69.0</ele></rtept><rtept lat="57.510713" lon="12.387762"><ele>68.6</ele></rtept><rtept lat="57.510687" lon="12.387827"><ele>68.8</ele></rtept><rtept lat="57.510707" lon="12.387913"><ele>68.8</ele></rtept><rtept lat="57.510738" lon="12.388002"><ele>68.2</ele></rtept><rtept lat="57.51077" lon="12.388052"><ele>68.0</ele></rtept><rtept lat="57.51079" lon="12.388085"><ele>68.2</ele></rtept><rtept lat="57.51077" lon="12.388138"><ele>67.8</ele></rtept><rtept lat="57.510777" lon="12.38819"><ele>67.6</ele></rtept><rtept lat="57.510783" lon="12.388243"><ele>67.4</ele></rtept><rtept lat="57.510802" lon="12.388283"><ele>67.2</ele></rtept><rtept lat="57.510808" lon="12.38832"><ele>67.0</ele></rtept><rtept lat="57.510867" lon="12.388325"><ele>66.4</ele></rtept><rtept lat="57.510892" lon="12.388355"><ele>66.4</ele></rtept><rtept lat="57.51093" lon="12.388403"><ele>66.6</ele></rtept><rtept lat="57.510968" lon="12.388448"><ele>66.2</ele></rtept><rtept lat="57.510988" lon="12.388487"><ele>66.4</ele></rtept><rtept lat="57.510982" lon="12.38852"><ele>67.0</ele></rtept><rtept lat="57.510975" lon="12.38858"><ele>67.8</ele></rtept><rtept lat="57.510968" lon="12.388627"><ele>67.8</ele></rtept><rtept lat="57.51095" lon="12.388667"><ele>67.8</ele></rtept><rtept lat="57.510943" lon="12.3887"><ele>68.4</ele></rtept><rtept lat="57.51093" lon="12.388725"><ele>68.4</ele></rtept><rtept lat="57.510905" lon="12.388772"><ele>69.0</ele></rtept><rtept lat="57.510918" lon="12.388815"><ele>69.0</ele></rtept><rtept lat="57.51095" lon="12.388855"><ele>69.2</ele></rtept><rtept lat="57.510988" lon="12.38889"><ele>69.2</ele></rtept><rtept lat="57.51102" lon="12.38892"><ele>70.0</ele></rtept><rtept lat="57.51104" lon="12.388937"><ele>70.4</ele></rtept><rtept lat="57.511052" lon="12.388988"><ele>70.4</ele></rtept><rtept lat="57.51104" lon="12.389015"><ele>71.0</ele></rtept><rtept lat="57.511033" lon="12.389048"><ele>71.0</ele></rtept><rtept lat="57.51104" lon="12.389088"><ele>71.4</ele></rtept><rtept lat="57.511027" lon="12.389133"><ele>71.8</ele></rtept><rtept lat="57.511052" lon="12.389193"><ele>72.0</ele></rtept><rtept lat="57.511078" lon="12.389228"><ele>72.0</ele></rtept><rtept lat="57.51109" lon="12.38926"><ele>72.2</ele></rtept><rtept lat="57.51109" lon="12.389313"><ele>72.6</ele></rtept><rtept lat="57.511097" lon="12.389367"><ele>72.8</ele></rtept><rtept lat="57.511097" lon="12.3894"><ele>73.0</ele></rtept><rtept lat="57.511097" lon="12.38946"><ele>73.2</ele></rtept><rtept lat="57.51109" lon="12.389525"><ele>73.6</ele></rtept><rtept lat="57.511083" lon="12.389567"><ele>73.2</ele></rtept><rtept lat="57.511072" lon="12.389612"><ele>73.0</ele></rtept><rtept lat="57.511052" lon="12.389693"><ele>73.0</ele></rtept><rtept lat="57.511052" lon="12.389748"><ele>72.8</ele></rtept><rtept lat="57.511072" lon="12.389805"><ele>73.0</ele></rtept><rtept lat="57.511083" lon="12.389863"><ele>73.0</ele></rtept><rtept lat="57.511083" lon="12.389923"><ele>72.6</ele></rtept><rtept lat="57.51109" lon="12.389978"><ele>72.6</ele></rtept><rtept lat="57.511083" lon="12.390033"><ele>72.6</ele></rtept><rtept lat="57.511083" lon="12.390093"><ele>72.4</ele></rtept><rtept lat="57.51109" lon="12.39016"><ele>72.0</ele></rtept><rtept lat="57.511103" lon="12.390218"><ele>71.8</ele></rtept><rtept lat="57.511128" lon="12.390282"><ele>71.8</ele></rtept><rtept lat="57.511167" lon="12.39034"><ele>71.2</ele></rtept><rtept lat="57.5112" lon="12.390383"><ele>71.0</ele></rtept><rtept lat="57.511167" lon="12.390437"><ele>69.8</ele></rtept><rtept lat="57.511155" lon="12.390468"><ele>69.8</ele></rtept><rtept lat="57.51116" lon="12.3905"><ele>69.2</ele></rtept><rtept lat="57.511187" lon="12.39054"><ele>69.0</ele></rtept><rtept lat="57.5112" lon="12.390568"><ele>69.2</ele></rtept><rtept lat="57.511212" lon="12.390613"><ele>69.0</ele></rtept><rtept lat="57.511225" lon="12.39066"><ele>68.8</ele></rtept><rtept lat="57.511218" lon="12.3907"><ele>69.0</ele></rtept><rtept lat="57.511225" lon="12.390733"><ele>68.6</ele></rtept><rtept lat="57.511232" lon="12.39078"><ele>68.2</ele></rtept><rtept lat="57.511238" lon="12.390817"><ele>68.0</ele></rtept><rtept lat="57.511238" lon="12.39086"><ele>68.2</ele></rtept><rtept lat="57.511243" lon="12.3909"><ele>68.2</ele></rtept><rtept lat="57.511263" lon="12.390957"><ele>68.0</ele></rtept><rtept lat="57.511282" lon="12.390997"><ele>67.6</ele></rtept><rtept lat="57.511295" lon="12.391025"><ele>67.6</ele></rtept><rtept lat="57.511315" lon="12.391055"><ele>67.2</ele></rtept><rtept lat="57.511333" lon="12.39107"><ele>67.0</ele></rtept><rtept lat="57.511353" lon="12.391085"><ele>67.0</ele></rtept><rtept lat="57.511372" lon="12.391128"><ele>66.8</ele></rtept><rtept lat="57.511385" lon="12.391158"><ele>66.8</ele></rtept><rtept lat="57.51141" lon="12.391182"><ele>66.6</ele></rtept><rtept lat="57.511448" lon="12.391202"><ele>66.4</ele></rtept><rtept lat="57.511468" lon="12.391202"><ele>66.4</ele></rtept><rtept lat="57.511487" lon="12.3912"><ele>65.8</ele></rtept><rtept lat="57.511507" lon="12.391262"><ele>65.4</ele></rtept><rtept lat="57.511513" lon="12.391298"><ele>65.6</ele></rtept><rtept lat="57.511532" lon="12.391357"><ele>64.6</ele></rtept><rtept lat="57.511558" lon="12.391402"><ele>64.6</ele></rtept><rtept lat="57.511583" lon="12.391448"><ele>64.4</ele></rtept><rtept lat="57.51157" lon="12.391505"><ele>63.8</ele></rtept><rtept lat="57.511577" lon="12.39156"><ele>63.4</ele></rtept><rtept lat="57.511602" lon="12.391577"><ele>63.0</ele></rtept><rtept lat="57.511628" lon="12.391607"><ele>62.8</ele></rtept><rtept lat="57.511647" lon="12.391632"><ele>62.6</ele></rtept><rtept lat="57.511673" lon="12.39165"><ele>62.2</ele></rtept><rtept lat="57.511698" lon="12.391672"><ele>61.6</ele></rtept><rtept lat="57.511737" lon="12.391715"><ele>61.2</ele></rtept><rtept lat="57.511737" lon="12.39175"><ele>60.6</ele></rtept><rtept lat="57.511737" lon="12.391803"><ele>60.2</ele></rtept><rtept lat="57.511723" lon="12.391835"><ele>59.8</ele></rtept><rtept lat="57.511705" lon="12.391888"><ele>59.4</ele></rtept><rtept lat="57.511685" lon="12.391933"><ele>58.8</ele></rtept><rtept lat="57.511692" lon="12.391995"><ele>58.2</ele></rtept><rtept lat="57.511705" lon="12.392023"><ele>58.0</ele></rtept><rtept lat="57.51173" lon="12.392057"><ele>57.8</ele></rtept><rtept lat="57.51175" lon="12.39208"><ele>57.6</ele></rtept><rtept lat="57.51175" lon="12.392118"><ele>58.0</ele></rtept><rtept lat="57.511762" lon="12.392158"><ele>58.8</ele></rtept><rtept lat="57.511775" lon="12.392193"><ele>59.2</ele></rtept><rtept lat="57.511795" lon="12.39221"><ele>59.4</ele></rtept><rtept lat="57.511827" lon="12.392257"><ele>59.8</ele></rtept><rtept lat="57.51184" lon="12.392285"><ele>59.8</ele></rtept><rtept lat="57.511852" lon="12.392312"><ele>60.0</ele></rtept><rtept lat="57.511865" lon="12.392347"><ele>60.6</ele></rtept><rtept lat="57.511872" lon="12.392385"><ele>60.8</ele></rtept><rtept lat="57.51189" lon="12.392405"><ele>61.2</ele></rtept><rtept lat="57.51191" lon="12.39242"><ele>61.2</ele></rtept><rtept lat="57.511922" lon="12.39245"><ele>62.4</ele></rtept><rtept lat="57.511942" lon="12.39246"><ele>63.4</ele></rtept><rtept lat="57.51196" lon="12.392477"><ele>64.8</ele></rtept><rtept lat="57.511993" lon="12.392503"><ele>65.2</ele></rtept><rtept lat="57.512012" lon="12.392545"><ele>65.6</ele></rtept><rtept lat="57.512018" lon="12.39259"><ele>66.2</ele></rtept><rtept lat="57.512025" lon="12.392625"><ele>66.0</ele></rtept><rtept lat="57.512018" lon="12.392662"><ele>66.0</ele></rtept><rtept lat="57.512012" lon="12.392698"><ele>66.2</ele></rtept><rtept lat="57.512012" lon="12.392737"><ele>66.2</ele></rtept><rtept lat="57.512005" lon="12.392798"><ele>66.2</ele></rtept><rtept lat="57.512005" lon="12.392858"><ele>66.0</ele></rtept><rtept lat="57.512005" lon="12.3929"><ele>65.6</ele></rtept><rtept lat="57.512012" lon="12.39294"><ele>65.8</ele></rtept><rtept lat="57.512025" lon="12.393"><ele>65.0</ele></rtept><rtept lat="57.512043" lon="12.39304"><ele>65.0</ele></rtept><rtept lat="57.51207" lon="12.393067"><ele>64.4</ele></rtept><rtept lat="57.512082" lon="12.393095"><ele>64.0</ele></rtept><rtept lat="57.512095" lon="12.39312"><ele>64.0</ele></rtept><rtept lat="57.512115" lon="12.39318"><ele>63.4</ele></rtept><rtept lat="57.512115" lon="12.393218"><ele>63.4</ele></rtept><rtept lat="57.51212" lon="12.393258"><ele>63.8</ele></rtept><rtept lat="57.51212" lon="12.393302"><ele>63.6</ele></rtept><rtept lat="57.512133" lon="12.393335"><ele>63.6</ele></rtept><rtept lat="57.51214" lon="12.393367"><ele>63.2</ele></rtept><rtept lat="57.512172" lon="12.393415"><ele>63.4</ele></rtept><rtept lat="57.512185" lon="12.393442"><ele>63.2</ele></rtept><rtept lat="57.512198" lon="12.393497"><ele>62.8</ele></rtept><rtept lat="57.51221" lon="12.393558"><ele>62.4</ele></rtept><rtept lat="57.51223" lon="12.393605"><ele>62.2</ele></rtept><rtept lat="57.512262" lon="12.393645"><ele>61.8</ele></rtept><rtept lat="57.51228" lon="12.393695"><ele>61.0</ele></rtept><rtept lat="57.512287" lon="12.393745"><ele>60.2</ele></rtept><rtept lat="57.5123" lon="12.393777"><ele>59.6</ele></rtept><rtept lat="57.5123" lon="12.39381"><ele>59.4</ele></rtept><rtept lat="57.512307" lon="12.393843"><ele>58.6</ele></rtept><rtept lat="57.512313" lon="12.393877"><ele>58.2</ele></rtept><rtept lat="57.51232" lon="12.39391"><ele>58.2</ele></rtept><rtept lat="57.51232" lon="12.393958"><ele>57.2</ele></rtept><rtept lat="57.512345" lon="12.394"><ele>56.6</ele></rtept><rtept lat="57.512358" lon="12.394048"><ele>56.2</ele></rtept><rtept lat="57.51237" lon="12.394087"><ele>56.2</ele></rtept><rtept lat="57.512383" lon="12.394115"><ele>55.8</ele></rtept><rtept lat="57.512377" lon="12.394157"><ele>55.6</ele></rtept><rtept lat="57.51239" lon="12.394212"><ele>55.0</ele></rtept><rtept lat="57.512402" lon="12.394273"><ele>54.8</ele></rtept><rtept lat="57.512415" lon="12.394305"><ele>54.4</ele></rtept><rtept lat="57.512428" lon="12.394338"><ele>54.2</ele></rtept><rtept lat="57.512447" lon="12.394372"><ele>54.4</ele></rtept><rtept lat="57.51246" lon="12.39442"><ele>53.8</ele></rtept><rtept lat="57.512467" lon="12.394465"><ele>54.0</ele></rtept><rtept lat="57.512473" lon="12.39451"><ele>53.8</ele></rtept><rtept lat="57.512485" lon="12.394545"><ele>54.0</ele></rtept><rtept lat="57.512512" lon="12.394563"><ele>53.6</ele></rtept><rtept lat="57.51253" lon="12.394575"><ele>52.4</ele></rtept><rtept lat="57.51255" lon="12.3946"><ele>52.6</ele></rtept><rtept lat="57.512568" lon="12.394625"><ele>52.6</ele></rtept><rtept lat="57.512582" lon="12.394655"><ele>52.6</ele></rtept><rtept lat="57.512588" lon="12.394688"><ele>53.0</ele></rtept><rtept lat="57.5126" lon="12.394733"><ele>53.2</ele></rtept><rtept lat="57.512607" lon="12.394783"><ele>53.8</ele></rtept><rtept lat="57.5126" lon="12.394827"><ele>54.2</ele></rtept><rtept lat="57.512613" lon="12.394867"><ele>54.6</ele></rtept><rtept lat="57.512627" lon="12.394897"><ele>54.8</ele></rtept><rtept lat="57.512627" lon="12.394957"><ele>55.0</ele></rtept><rtept lat="57.512627" lon="12.395007"><ele>55.4</ele></rtept><rtept lat="57.51264" lon="12.395065"><ele>55.4</ele></rtept><rtept lat="57.512645" lon="12.39513"><ele>55.6</ele></rtept><rtept lat="57.512652" lon="12.395177"><ele>55.6</ele></rtept><rtept lat="57.512678" lon="12.395232"><ele>55.8</ele></rtept><rtept lat="57.512703" lon="12.395283"><ele>55.8</ele></rtept><rtept lat="57.512748" lon="12.395338"><ele>55.8</ele></rtept><rtept lat="57.512787" lon="12.395393"><ele>55.6</ele></rtept><rtept lat="57.512818" lon="12.395438"><ele>56.0</ele></rtept><rtept lat="57.512838" lon="12.395475"><ele>56.0</ele></rtept><rtept lat="57.512857" lon="12.395518"><ele>56.2</ele></rtept><rtept lat="57.512863" lon="12.395573"><ele>56.4</ele></rtept><rtept lat="57.512882" lon="12.395618"><ele>56.4</ele></rtept><rtept lat="57.512882" lon="12.395667"><ele>56.6</ele></rtept><rtept lat="57.512902" lon="12.3957"><ele>56.8</ele></rtept><rtept lat="57.51292" lon="12.395738"><ele>56.8</ele></rtept><rtept lat="57.51296" lon="12.39578"><ele>57.4</ele></rtept><rtept lat="57.512992" lon="12.395792"><ele>57.8</ele></rtept><rtept lat="57.513023" lon="12.39582"><ele>57.6</ele></rtept><rtept lat="57.513048" lon="12.395832"><ele>57.6</ele></rtept><rtept lat="57.513075" lon="12.395855"><ele>57.8</ele></rtept><rtept lat="57.5131" lon="12.395857"><ele>57.6</ele></rtept><rtept lat="57.513125" lon="12.395852"><ele>57.4</ele></rtept><rtept lat="57.513158" lon="12.395875"><ele>57.6</ele></rtept><rtept lat="57.51319" lon="12.395885"><ele>57.4</ele></rtept><rtept lat="57.513202" lon="12.395927"><ele>56.8</ele></rtept><rtept lat="57.513235" lon="12.395968"><ele>56.2</ele></rtept><rtept lat="57.51326" lon="12.395997"><ele>56.2</ele></rtept><rtept lat="57.513285" lon="12.39602"><ele>55.8</ele></rtept><rtept lat="57.513305" lon="12.39607"><ele>55.8</ele></rtept><rtept lat="57.51333" lon="12.39612"><ele>55.8</ele></rtept><rtept lat="57.513357" lon="12.39616"><ele>55.4</ele></rtept><rtept lat="57.513395" lon="12.396188"><ele>55.2</ele></rtept><rtept lat="57.513413" lon="12.396247"><ele>54.8</ele></rtept><rtept lat="57.51342" lon="12.396322"><ele>55.0</ele></rtept><rtept lat="57.513427" lon="12.396408"><ele>54.4</ele></rtept><rtept lat="57.51342" lon="12.396502"><ele>54.0</ele></rtept><rtept lat="57.51342" lon="12.396552"><ele>54.2</ele></rtept><rtept lat="57.513427" lon="12.396603"><ele>54.0</ele></rtept><rtept lat="57.51344" lon="12.396637"><ele>53.8</ele></rtept><rtept lat="57.513452" lon="12.396675"><ele>53.6</ele></rtept><rtept lat="57.513452" lon="12.396708"><ele>53.8</ele></rtept><rtept lat="57.513458" lon="12.396758"><ele>53.4</ele></rtept><rtept lat="57.513472" lon="12.396815"><ele>53.2</ele></rtept><rtept lat="57.513472" lon="12.396862"><ele>53.0</ele></rtept><rtept lat="57.513472" lon="12.396908"><ele>52.4</ele></rtept><rtept lat="57.513472" lon="12.396963"><ele>52.4</ele></rtept><rtept lat="57.513472" lon="12.397022"><ele>52.4</ele></rtept><rtept lat="57.513478" lon="12.397073"><ele>52.0</ele></rtept><rtept lat="57.513472" lon="12.397122"><ele>52.2</ele></rtept><rtept lat="57.513478" lon="12.397165"><ele>52.2</ele></rtept><rtept lat="57.513483" lon="12.397218"><ele>52.2</ele></rtept><rtept lat="57.513472" lon="12.39728"><ele>51.8</ele></rtept><rtept lat="57.513458" lon="12.39735"><ele>51.6</ele></rtept><rtept lat="57.513433" lon="12.397417"><ele>51.2</ele></rtept><rtept lat="57.513407" lon="12.397475"><ele>50.8</ele></rtept><rtept lat="57.513388" lon="12.397545"><ele>50.6</ele></rtept><rtept lat="57.513395" lon="12.397618"><ele>50.6</ele></rtept><rtept lat="57.513382" lon="12.397683"><ele>50.2</ele></rtept><rtept lat="57.513357" lon="12.39774"><ele>50.2</ele></rtept><rtept lat="57.513388" lon="12.39774"><ele>49.4</ele></rtept><rtept lat="57.513395" lon="12.397787"><ele>49.8</ele></rtept><rtept lat="57.513413" lon="12.397808"><ele>49.8</ele></rtept><rtept lat="57.513433" lon="12.397822"><ele>50.4</ele></rtept><rtept lat="57.513472" lon="12.397827"><ele>50.8</ele></rtept><rtept lat="57.513497" lon="12.397852"><ele>50.8</ele></rtept><rtept lat="57.513522" lon="12.39787"><ele>51.4</ele></rtept><rtept lat="57.513555" lon="12.397885"><ele>51.8</ele></rtept><rtept lat="57.513573" lon="12.397882"><ele>51.6</ele></rtept><rtept lat="57.513605" lon="12.397865"><ele>52.0</ele></rtept><rtept lat="57.513643" lon="12.397867"><ele>51.8</ele></rtept><rtept lat="57.513663" lon="12.397885"><ele>52.0</ele></rtept><rtept lat="57.513688" lon="12.397925"><ele>51.8</ele></rtept><rtept lat="57.513715" lon="12.39798"><ele>51.8</ele></rtept><rtept lat="57.513733" lon="12.398055"><ele>52.2</ele></rtept><rtept lat="57.513765" lon="12.398118"><ele>52.2</ele></rtept><rtept lat="57.51376" lon="12.398165"><ele>53.2</ele></rtept><rtept lat="57.513772" lon="12.398195"><ele>53.4</ele></rtept><rtept lat="57.513792" lon="12.398222"><ele>54.0</ele></rtept><rtept lat="57.513803" lon="12.398263"><ele>54.4</ele></rtept><rtept lat="57.513817" lon="12.3983"><ele>54.2</ele></rtept><rtept lat="57.513837" lon="12.398353"><ele>54.2</ele></rtept><rtept lat="57.513868" lon="12.39836"><ele>54.2</ele></rtept><rtept lat="57.513893" lon="12.398348"><ele>53.8</ele></rtept><rtept lat="57.513925" lon="12.398348"><ele>53.0</ele></rtept><rtept lat="57.513952" lon="12.398342"><ele>52.8</ele></rtept><rtept lat="57.513977" lon="12.398342"><ele>52.2</ele></rtept><rtept lat="57.514002" lon="12.398328"><ele>51.8</ele></rtept><rtept lat="57.514028" lon="12.398335"><ele>51.2</ele></rtept><rtept lat="57.514067" lon="12.398343"><ele>50.6</ele></rtept><rtept lat="57.514092" lon="12.398367"><ele>50.2</ele></rtept><rtept lat="57.514112" lon="12.3984"><ele>49.8</ele></rtept><rtept lat="57.514123" lon="12.398432"><ele>49.2</ele></rtept><rtept lat="57.51413" lon="12.398467"><ele>49.0</ele></rtept><rtept lat="57.51413" lon="12.3985"><ele>49.0</ele></rtept><rtept lat="57.51413" lon="12.398547"><ele>47.8</ele></rtept><rtept lat="57.514143" lon="12.398587"><ele>47.8</ele></rtept><rtept lat="57.51415" lon="12.39865"><ele>47.4</ele></rtept><rtept lat="57.514162" lon="12.398678"><ele>47.2</ele></rtept><rtept lat="57.514175" lon="12.398743"><ele>46.8</ele></rtept><rtept lat="57.514182" lon="12.39879"><ele>46.4</ele></rtept><rtept lat="57.514207" lon="12.398843"><ele>46.4</ele></rtept><rtept lat="57.51422" lon="12.39887"><ele>46.4</ele></rtept><rtept lat="57.514245" lon="12.398895"><ele>46.4</ele></rtept><rtept lat="57.514265" lon="12.398935"><ele>46.4</ele></rtept><rtept lat="57.514278" lon="12.398968"><ele>46.8</ele></rtept><rtept lat="57.514303" lon="12.398982"><ele>46.6</ele></rtept><rtept lat="57.514322" lon="12.398993"><ele>46.6</ele></rtept><rtept lat="57.514342" lon="12.399003"><ele>46.4</ele></rtept><rtept lat="57.51436" lon="12.399008"><ele>46.4</ele></rtept><rtept lat="57.514387" lon="12.398995"><ele>46.4</ele></rtept><rtept lat="57.514412" lon="12.398988"><ele>46.0</ele></rtept><rtept lat="57.514438" lon="12.39898"><ele>46.0</ele></rtept><rtept lat="57.51447" lon="12.398973"><ele>46.0</ele></rtept><rtept lat="57.514488" lon="12.398968"><ele>45.8</ele></rtept><rtept lat="57.51452" lon="12.398968"><ele>45.6</ele></rtept><rtept lat="57.514547" lon="12.398975"><ele>45.8</ele></rtept><rtept lat="57.514572" lon="12.39897"><ele>45.6</ele></rtept><rtept lat="57.514603" lon="12.398968"><ele>45.4</ele></rtept><rtept lat="57.51463" lon="12.398982"><ele>45.6</ele></rtept><rtept lat="57.514648" lon="12.399003"><ele>45.6</ele></rtept><rtept lat="57.514668" lon="12.399023"><ele>45.8</ele></rtept><rtept lat="57.51468" lon="12.399048"><ele>46.0</ele></rtept><rtept lat="57.5147" lon="12.39908"><ele>45.6</ele></rtept><rtept lat="57.514725" lon="12.399107"><ele>46.0</ele></rtept><rtept lat="57.514738" lon="12.399132"><ele>45.8</ele></rtept><rtept lat="57.514758" lon="12.399158"><ele>46.2</ele></rtept><rtept lat="57.51477" lon="12.399183"><ele>46.2</ele></rtept><rtept lat="57.514783" lon="12.399212"><ele>46.2</ele></rtept><rtept lat="57.514797" lon="12.399238"><ele>46.6</ele></rtept><rtept lat="57.514808" lon="12.3993"><ele>46.4</ele></rtept><rtept lat="57.514822" lon="12.399332"><ele>46.8</ele></rtept><rtept lat="57.514835" lon="12.39936"><ele>46.6</ele></rtept><rtept lat="57.514867" lon="12.399403"><ele>46.4</ele></rtept><rtept lat="57.51488" lon="12.399475"><ele>46.4</ele></rtept><rtept lat="57.514885" lon="12.39951"><ele>46.0</ele></rtept><rtept lat="57.514898" lon="12.399553"><ele>45.8</ele></rtept><rtept lat="57.514892" lon="12.399595"><ele>46.0</ele></rtept><rtept lat="57.514898" lon="12.399642"><ele>45.8</ele></rtept><rtept lat="57.514898" lon="12.399687"><ele>45.6</ele></rtept><rtept lat="57.514918" lon="12.399723"><ele>46.0</ele></rtept><rtept lat="57.514937" lon="12.399738"><ele>46.6</ele></rtept><rtept lat="57.514957" lon="12.399748"><ele>46.6</ele></rtept><rtept lat="57.514975" lon="12.39976"><ele>47.0</ele></rtept><rtept lat="57.515" lon="12.399797"><ele>47.2</ele></rtept><rtept lat="57.515013" lon="12.39982"><ele>47.6</ele></rtept><rtept lat="57.515027" lon="12.399853"><ele>47.6</ele></rtept><rtept lat="57.51504" lon="12.39988"><ele>47.8</ele></rtept><rtept lat="57.515058" lon="12.39992"><ele>48.2</ele></rtept><rtept lat="57.515078" lon="12.399937"><ele>48.8</ele></rtept><rtept lat="57.515103" lon="12.399945"><ele>49.2</ele></rtept><rtept lat="57.515122" lon="12.399953"><ele>49.4</ele></rtept><rtept lat="57.515142" lon="12.39996"><ele>49.8</ele></rtept><rtept lat="57.51516" lon="12.399972"><ele>50.0</ele></rtept><rtept lat="57.51518" lon="12.399985"><ele>50.2</ele></rtept><rtept lat="57.515205" lon="12.400025"><ele>51.0</ele></rtept><rtept lat="57.515238" lon="12.400055"><ele>51.4</ele></rtept><rtept lat="57.51527" lon="12.40009"><ele>52.0</ele></rtept><rtept lat="57.515288" lon="12.400117"><ele>52.4</ele></rtept><rtept lat="57.515295" lon="12.40015"><ele>52.4</ele></rtept><rtept lat="57.51532" lon="12.40018"><ele>52.6</ele></rtept><rtept lat="57.515347" lon="12.400228"><ele>53.0</ele></rtept><rtept lat="57.515365" lon="12.400257"><ele>52.8</ele></rtept><rtept lat="57.515385" lon="12.400298"><ele>53.4</ele></rtept><rtept lat="57.51541" lon="12.400348"><ele>53.2</ele></rtept><rtept lat="57.515423" lon="12.400378"><ele>53.4</ele></rtept><rtept lat="57.515442" lon="12.400402"><ele>53.2</ele></rtept><rtept lat="57.515475" lon="12.400442"><ele>53.6</ele></rtept><rtept lat="57.5155" lon="12.40046"><ele>53.4</ele></rtept><rtept lat="57.51552" lon="12.400487"><ele>53.6</ele></rtept><rtept lat="57.515538" lon="12.400508"><ele>53.8</ele></rtept><rtept lat="57.515552" lon="12.40054"><ele>53.6</ele></rtept><rtept lat="57.515563" lon="12.400567"><ele>53.8</ele></rtept><rtept lat="57.515577" lon="12.4006"><ele>54.2</ele></rtept><rtept lat="57.515597" lon="12.400628"><ele>54.0</ele></rtept><rtept lat="57.515628" lon="12.40067"><ele>54.6</ele></rtept><rtept lat="57.515667" lon="12.400682"><ele>54.6</ele></rtept><rtept lat="57.515723" lon="12.400712"><ele>54.8</ele></rtept><rtept lat="57.515775" lon="12.400725"><ele>54.6</ele></rtept><rtept lat="57.515827" lon="12.400732"><ele>54.6</ele></rtept><rtept lat="57.515865" lon="12.400745"><ele>55.0</ele></rtept><rtept lat="57.51589" lon="12.400762"><ele>54.6</ele></rtept><rtept lat="57.515917" lon="12.40078"><ele>54.8</ele></rtept><rtept lat="57.515942" lon="12.400797"><ele>54.8</ele></rtept><rtept lat="57.51596" lon="12.400812"><ele>54.8</ele></rtept><rtept lat="57.51598" lon="12.400822"><ele>54.6</ele></rtept><rtept lat="57.515998" lon="12.40084"><ele>55.0</ele></rtept><rtept lat="57.516012" lon="12.400865"><ele>54.8</ele></rtept><rtept lat="57.516038" lon="12.40092"><ele>55.2</ele></rtept><rtept lat="57.516057" lon="12.400948"><ele>55.4</ele></rtept><rtept lat="57.516077" lon="12.400975"><ele>55.4</ele></rtept><rtept lat="57.516095" lon="12.40102"><ele>55.8</ele></rtept><rtept lat="57.516108" lon="12.401045"><ele>56.0</ele></rtept><rtept lat="57.516127" lon="12.401068"><ele>56.0</ele></rtept><rtept lat="57.516147" lon="12.401093"><ele>56.2</ele></rtept><rtept lat="57.516165" lon="12.401132"><ele>56.4</ele></rtept><rtept lat="57.516172" lon="12.401163"><ele>56.6</ele></rtept><rtept lat="57.516178" lon="12.401198"><ele>56.4</ele></rtept><rtept lat="57.516198" lon="12.401237"><ele>56.4</ele></rtept><rtept lat="57.516217" lon="12.401257"><ele>56.4</ele></rtept><rtept lat="57.516237" lon="12.4013"><ele>56.8</ele></rtept><rtept lat="57.516255" lon="12.401333"><ele>57.4</ele></rtept><rtept lat="57.516275" lon="12.40134"><ele>57.4</ele></rtept><rtept lat="57.5163" lon="12.40134"><ele>57.6</ele></rtept><rtept lat="57.516332" lon="12.401358"><ele>57.4</ele></rtept><rtept lat="57.516352" lon="12.401372"><ele>57.4</ele></rtept><rtept lat="57.516377" lon="12.40138"><ele>57.0</ele></rtept><rtept lat="57.516397" lon="12.401397"><ele>57.4</ele></rtept><rtept lat="57.516422" lon="12.40142"><ele>57.4</ele></rtept><rtept lat="57.51644" lon="12.401442"><ele>57.2</ele></rtept><rtept lat="57.516453" lon="12.401482"><ele>57.2</ele></rtept><rtept lat="57.516473" lon="12.401523"><ele>56.8</ele></rtept><rtept lat="57.516492" lon="12.401545"><ele>56.6</ele></rtept><rtept lat="57.516518" lon="12.40158"><ele>55.6</ele></rtept><rtept lat="57.51655" lon="12.401623"><ele>54.8</ele></rtept><rtept lat="57.516562" lon="12.401655"><ele>54.2</ele></rtept><rtept lat="57.516582" lon="12.401688"><ele>53.8</ele></rtept><rtept lat="57.516613" lon="12.401715"><ele>52.8</ele></rtept><rtept lat="57.516633" lon="12.401723"><ele>52.4</ele></rtept><rtept lat="57.516652" lon="12.401742"><ele>51.6</ele></rtept><rtept lat="57.516678" lon="12.401762"><ele>50.4</ele></rtept><rtept lat="57.516697" lon="12.40179"><ele>49.0</ele></rtept><rtept lat="57.516717" lon="12.401815"><ele>47.6</ele></rtept><rtept lat="57.516748" lon="12.401843"><ele>47.0</ele></rtept><rtept lat="57.51678" lon="12.401862"><ele>45.8</ele></rtept><rtept lat="57.5168" lon="12.401872"><ele>45.6</ele></rtept><rtept lat="57.516838" lon="12.401882"><ele>45.0</ele></rtept><rtept lat="57.51687" lon="12.401897"><ele>43.4</ele></rtept><rtept lat="57.516888" lon="12.4019"><ele>43.2</ele></rtept><rtept lat="57.516915" lon="12.401913"><ele>42.8</ele></rtept><rtept lat="57.516947" lon="12.401937"><ele>41.8</ele></rtept><rtept lat="57.516985" lon="12.401967"><ele>41.0</ele></rtept><rtept lat="57.517017" lon="12.401992"><ele>40.4</ele></rtept><rtept lat="57.517042" lon="12.40202"><ele>39.4</ele></rtept><rtept lat="57.517062" lon="12.402028"><ele>39.2</ele></rtept><rtept lat="57.517087" lon="12.40204"><ele>38.8</ele></rtept><rtept lat="57.517107" lon="12.402065"><ele>38.6</ele></rtept><rtept lat="57.517125" lon="12.402112"><ele>37.6</ele></rtept><rtept lat="57.517152" lon="12.402142"><ele>36.8</ele></rtept><rtept lat="57.51717" lon="12.402177"><ele>35.8</ele></rtept><rtept lat="57.51719" lon="12.402212"><ele>34.8</ele></rtept><rtept lat="57.517215" lon="12.40223"><ele>34.6</ele></rtept><rtept lat="57.517235" lon="12.402255"><ele>33.8</ele></rtept><rtept lat="57.517267" lon="12.402297"><ele>33.6</ele></rtept><rtept lat="57.51728" lon="12.40233"><ele>33.4</ele></rtept><rtept lat="57.517273" lon="12.402368"><ele>32.4</ele></rtept><rtept lat="57.517298" lon="12.40238"><ele>31.8</ele></rtept><rtept lat="57.517323" lon="12.402402"><ele>31.4</ele></rtept><rtept lat="57.517343" lon="12.40243"><ele>31.2</ele></rtept><rtept lat="57.517357" lon="12.402455"><ele>30.4</ele></rtept><rtept lat="57.517382" lon="12.402502"><ele>29.6</ele></rtept><rtept lat="57.517395" lon="12.402562"><ele>28.8</ele></rtept><rtept lat="57.517407" lon="12.402588"><ele>28.6</ele></rtept><rtept lat="57.51742" lon="12.402613"><ele>28.4</ele></rtept><rtept lat="57.51744" lon="12.40266"><ele>27.4</ele></rtept><rtept lat="57.517445" lon="12.402692"><ele>27.2</ele></rtept><rtept lat="57.517458" lon="12.40274"><ele>26.4</ele></rtept><rtept lat="57.517465" lon="12.402782"><ele>25.0</ele></rtept><rtept lat="57.517483" lon="12.40281"><ele>23.6</ele></rtept><rtept lat="57.51749" lon="12.402847"><ele>22.0</ele></rtept><rtept lat="57.51751" lon="12.402885"><ele>21.0</ele></rtept><rtept lat="57.517517" lon="12.402935"><ele>20.2</ele></rtept><rtept lat="57.51751" lon="12.402983"><ele>19.6</ele></rtept><rtept lat="57.51751" lon="12.403033"><ele>18.8</ele></rtept><rtept lat="57.517503" lon="12.40308"><ele>17.8</ele></rtept><rtept lat="57.51749" lon="12.403123"><ele>17.4</ele></rtept><rtept lat="57.517478" lon="12.40315"><ele>16.8</ele></rtept><rtept lat="57.517472" lon="12.403207"><ele>16.6</ele></rtept><rtept lat="57.517458" lon="12.403233"><ele>16.2</ele></rtept><rtept lat="57.517445" lon="12.403282"><ele>16.0</ele></rtept><rtept lat="57.517445" lon="12.403318"><ele>15.6</ele></rtept><rtept lat="57.517433" lon="12.40338"><ele>15.2</ele></rtept><rtept lat="57.517427" lon="12.403445"><ele>15.4</ele></rtept><rtept lat="57.517427" lon="12.403498"><ele>15.6</ele></rtept><rtept lat="57.51742" lon="12.403542"><ele>15.2</ele></rtept><rtept lat="57.517413" lon="12.403592"><ele>15.4</ele></rtept><rtept lat="57.517413" lon="12.403637"><ele>15.4</ele></rtept><rtept lat="57.51742" lon="12.40369"><ele>15.0</ele></rtept><rtept lat="57.517427" lon="12.403753"><ele>15.0</ele></rtept><rtept lat="57.517427" lon="12.403808"><ele>15.2</ele></rtept><rtept lat="57.51744" lon="12.403863"><ele>14.8</ele></rtept><rtept lat="57.517445" lon="12.403933"><ele>14.6</ele></rtept><rtept lat="57.517458" lon="12.404"><ele>14.8</ele></rtept><rtept lat="57.517465" lon="12.404063"><ele>14.4</ele></rtept><rtept lat="57.517465" lon="12.404125"><ele>14.4</ele></rtept><rtept lat="57.517472" lon="12.404178"><ele>14.6</ele></rtept><rtept lat="57.517483" lon="12.40422"><ele>14.4</ele></rtept><rtept lat="57.517497" lon="12.404257"><ele>14.2</ele></rtept><rtept lat="57.517522" lon="12.4043"><ele>14.4</ele></rtept><rtept lat="57.517548" lon="12.404332"><ele>14.0</ele></rtept><rtept lat="57.517567" lon="12.404343"><ele>14.0</ele></rtept><rtept lat="57.517567" lon="12.404297"><ele>15.2</ele></rtept><rtept lat="57.517587" lon="12.404277"><ele>15.2</ele></rtept><rtept lat="57.517618" lon="12.404252"><ele>15.8</ele></rtept><rtept lat="57.517643" lon="12.404247"><ele>16.6</ele></rtept><rtept lat="57.51767" lon="12.404212"><ele>17.2</ele></rtept><rtept lat="57.517708" lon="12.404198"><ele>17.4</ele></rtept><rtept lat="57.517727" lon="12.404185"><ele>17.6</ele></rtept><rtept lat="57.517747" lon="12.40421"><ele>18.0</ele></rtept><rtept lat="57.517792" lon="12.40426"><ele>18.2</ele></rtept><rtept lat="57.517842" lon="12.404305"><ele>18.4</ele></rtept><rtept lat="57.517875" lon="12.404327"><ele>18.8</ele></rtept><rtept lat="57.517907" lon="12.40437"><ele>18.8</ele></rtept><rtept lat="57.517925" lon="12.40441"><ele>19.0</ele></rtept><rtept lat="57.51792" lon="12.40445"><ele>19.4</ele></rtept><rtept lat="57.517938" lon="12.404508"><ele>19.6</ele></rtept><rtept lat="57.517977" lon="12.404565"><ele>19.8</ele></rtept><rtept lat="57.517997" lon="12.404615"><ele>20.4</ele></rtept><rtept lat="57.517958" lon="12.40462"><ele>21.0</ele></rtept><rtept lat="57.517938" lon="12.404635"><ele>21.4</ele></rtept><rtept lat="57.517932" lon="12.40468"><ele>22.0</ele></rtept><rtept lat="57.5179" lon="12.404668"><ele>22.0</ele></rtept><rtept lat="57.51788" lon="12.40468"><ele>22.4</ele></rtept><rtept lat="57.517875" lon="12.404717"><ele>22.6</ele></rtept><rtept lat="57.517868" lon="12.40476"><ele>23.0</ele></rtept><rtept lat="57.517875" lon="12.404807"><ele>23.2</ele></rtept><rtept lat="57.517862" lon="12.404862"><ele>23.6</ele></rtept><rtept lat="57.517887" lon="12.404917"><ele>23.8</ele></rtept><rtept lat="57.5179" lon="12.404955"><ele>24.2</ele></rtept><rtept lat="57.517907" lon="12.404917"><ele>24.4</ele></rtept><rtept lat="57.517945" lon="12.40495"><ele>24.4</ele></rtept><rtept lat="57.517963" lon="12.404985"><ele>24.6</ele></rtept><rtept lat="57.517977" lon="12.405022"><ele>25.4</ele></rtept><rtept lat="57.51799" lon="12.405047"><ele>25.4</ele></rtept><rtept lat="57.518008" lon="12.405065"><ele>25.6</ele></rtept><rtept lat="57.518035" lon="12.405108"><ele>25.8</ele></rtept><rtept lat="57.518053" lon="12.405135"><ele>26.6</ele></rtept><rtept lat="57.518067" lon="12.405188"><ele>27.8</ele></rtept><rtept lat="57.51808" lon="12.405215"><ele>28.8</ele></rtept><rtept lat="57.518098" lon="12.405268"><ele>29.4</ele></rtept><rtept lat="57.518118" lon="12.405293"><ele>30.0</ele></rtept><rtept lat="57.518143" lon="12.405315"><ele>30.2</ele></rtept><rtept lat="57.518162" lon="12.405327"><ele>30.4</ele></rtept><rtept lat="57.518143" lon="12.40534"><ele>30.6</ele></rtept><rtept lat="57.518123" lon="12.405357"><ele>30.8</ele></rtept><rtept lat="57.518098" lon="12.405348"><ele>31.4</ele></rtept><rtept lat="57.518073" lon="12.405323"><ele>31.6</ele></rtept><rtept lat="57.518047" lon="12.405285"><ele>31.6</ele></rtept><rtept lat="57.518022" lon="12.40524"><ele>31.4</ele></rtept><rtept lat="57.517997" lon="12.405203"><ele>31.2</ele></rtept><rtept lat="57.517983" lon="12.405177"><ele>30.2</ele></rtept><rtept lat="57.517963" lon="12.405137"><ele>29.6</ele></rtept><rtept lat="57.517945" lon="12.405105"><ele>29.0</ele></rtept><rtept lat="57.517925" lon="12.405045"><ele>28.8</ele></rtept><rtept lat="57.517907" lon="12.405032"><ele>28.2</ele></rtept><rtept lat="57.517875" lon="12.404997"><ele>27.2</ele></rtept><rtept lat="57.517862" lon="12.404967"><ele>26.4</ele></rtept><rtept lat="57.517848" lon="12.404995"><ele>26.0</ele></rtept><rtept lat="57.517842" lon="12.405043"><ele>25.6</ele></rtept><rtept lat="57.517842" lon="12.405097"><ele>25.6</ele></rtept><rtept lat="57.517842" lon="12.40515"><ele>25.4</ele></rtept><rtept lat="57.517848" lon="12.405202"><ele>25.4</ele></rtept><rtept lat="57.517862" lon="12.40524"><ele>25.4</ele></rtept><rtept lat="57.517862" lon="12.405275"><ele>25.2</ele></rtept><rtept lat="57.517855" lon="12.405315"><ele>25.6</ele></rtept><rtept lat="57.517855" lon="12.405348"><ele>25.6</ele></rtept><rtept lat="57.517862" lon="12.405387"><ele>25.8</ele></rtept><rtept lat="57.517875" lon="12.405438"><ele>26.6</ele></rtept><rtept lat="57.517887" lon="12.405472"><ele>26.6</ele></rtept><rtept lat="57.5179" lon="12.405527"><ele>27.4</ele></rtept><rtept lat="57.517913" lon="12.405572"><ele>27.8</ele></rtept><rtept lat="57.51792" lon="12.405618"><ele>28.4</ele></rtept><rtept lat="57.517932" lon="12.40566"><ele>28.6</ele></rtept><rtept lat="57.517945" lon="12.405725"><ele>29.0</ele></rtept><rtept lat="57.517958" lon="12.405767"><ele>29.0</ele></rtept><rtept lat="57.517963" lon="12.40581"><ele>29.2</ele></rtept><rtept lat="57.517977" lon="12.40585"><ele>29.6</ele></rtept><rtept lat="57.517983" lon="12.405905"><ele>30.2</ele></rtept><rtept lat="57.51799" lon="12.405943"><ele>30.4</ele></rtept><rtept lat="57.518002" lon="12.405982"><ele>30.4</ele></rtept><rtept lat="57.518008" lon="12.406028"><ele>30.8</ele></rtept><rtept lat="57.518015" lon="12.406077"><ele>31.0</ele></rtept><rtept lat="57.518028" lon="12.406122"><ele>31.6</ele></rtept><rtept lat="57.518035" lon="12.406163"><ele>32.2</ele></rtept><rtept lat="57.51804" lon="12.406213"><ele>32.6</ele></rtept><rtept lat="57.51804" lon="12.406253"><ele>33.2</ele></rtept><rtept lat="57.518053" lon="12.406278"><ele>33.4</ele></rtept><rtept lat="57.51808" lon="12.406305"><ele>33.2</ele></rtept><rtept lat="57.518098" lon="12.406327"><ele>33.6</ele></rtept><rtept lat="57.518105" lon="12.406378"><ele>33.8</ele></rtept><rtept lat="57.518118" lon="12.406422"><ele>34.4</ele></rtept><rtept lat="57.51813" lon="12.406475"><ele>34.4</ele></rtept><rtept lat="57.518137" lon="12.40653"><ele>34.8</ele></rtept><rtept lat="57.51815" lon="12.406585"><ele>35.0</ele></rtept><rtept lat="57.518162" lon="12.40662"><ele>35.2</ele></rtept><rtept lat="57.518175" lon="12.406648"><ele>35.4</ele></rtept><rtept lat="57.518182" lon="12.406682"><ele>35.4</ele></rtept><rtept lat="57.518182" lon="12.406733"><ele>35.4</ele></rtept><rtept lat="57.518188" lon="12.406767"><ele>35.4</ele></rtept><rtept lat="57.5182" lon="12.4068"><ele>35.4</ele></rtept><rtept lat="57.518213" lon="12.40684"><ele>35.6</ele></rtept><rtept lat="57.518233" lon="12.406878"><ele>35.6</ele></rtept><rtept lat="57.518258" lon="12.406912"><ele>35.4</ele></rtept><rtept lat="57.51829" lon="12.40696"><ele>35.4</ele></rtept><rtept lat="57.518317" lon="12.407"><ele>35.8</ele></rtept><rtept lat="57.518355" lon="12.407045"><ele>35.6</ele></rtept><rtept lat="57.518387" lon="12.407078"><ele>35.6</ele></rtept><rtept lat="57.518405" lon="12.4071"><ele>35.8</ele></rtept><rtept lat="57.518432" lon="12.40712"><ele>36.0</ele></rtept><rtept lat="57.51845" lon="12.407137"><ele>35.8</ele></rtept><rtept lat="57.518477" lon="12.407155"><ele>36.0</ele></rtept><rtept lat="57.518508" lon="12.407175"><ele>36.4</ele></rtept><rtept lat="57.51854" lon="12.407208"><ele>36.2</ele></rtept><rtept lat="57.518572" lon="12.40724"><ele>36.4</ele></rtept><rtept lat="57.518592" lon="12.40727"><ele>36.6</ele></rtept><rtept lat="57.518617" lon="12.407298"><ele>36.8</ele></rtept><rtept lat="57.518637" lon="12.407302"><ele>36.8</ele></rtept><rtept lat="57.518642" lon="12.407257"><ele>37.2</ele></rtept><rtept lat="57.518662" lon="12.407278"><ele>37.6</ele></rtept><rtept lat="57.518687" lon="12.407328"><ele>37.8</ele></rtept><rtept lat="57.518713" lon="12.40737"><ele>38.0</ele></rtept><rtept lat="57.518732" lon="12.40738"><ele>38.2</ele></rtept><rtept lat="57.518738" lon="12.407415"><ele>38.4</ele></rtept><rtept lat="57.518758" lon="12.40741"><ele>39.0</ele></rtept><rtept lat="57.51877" lon="12.407435"><ele>39.0</ele></rtept><rtept lat="57.51879" lon="12.407433"><ele>39.6</ele></rtept><rtept lat="57.518808" lon="12.407455"><ele>40.2</ele></rtept><rtept lat="57.518835" lon="12.407478"><ele>40.4</ele></rtept><rtept lat="57.518853" lon="12.40748"><ele>41.0</ele></rtept><rtept lat="57.518873" lon="12.407473"><ele>41.4</ele></rtept><rtept lat="57.518892" lon="12.407482"><ele>42.4</ele></rtept><rtept lat="57.518923" lon="12.4075"><ele>42.6</ele></rtept><rtept lat="57.51895" lon="12.407513"><ele>43.0</ele></rtept><rtept lat="57.518968" lon="12.407527"><ele>43.4</ele></rtept><rtept lat="57.518995" lon="12.40752"><ele>43.4</ele></rtept><rtept lat="57.51902" lon="12.407512"><ele>43.8</ele></rtept><rtept lat="57.519045" lon="12.407517"><ele>43.8</ele></rtept><rtept lat="57.519083" lon="12.407518"><ele>44.0</ele></rtept><rtept lat="57.519103" lon="12.407518"><ele>44.2</ele></rtept><rtept lat="57.519122" lon="12.40752"><ele>44.4</ele></rtept><rtept lat="57.519128" lon="12.40756"><ele>44.8</ele></rtept><rtept lat="57.51916" lon="12.407583"><ele>45.2</ele></rtept><rtept lat="57.519187" lon="12.40762"><ele>45.4</ele></rtept><rtept lat="57.519205" lon="12.407648"><ele>45.8</ele></rtept><rtept lat="57.519225" lon="12.407658"><ele>46.4</ele></rtept><rtept lat="57.51925" lon="12.407678"><ele>46.2</ele></rtept><rtept lat="57.51927" lon="12.4077"><ele>46.2</ele></rtept><rtept lat="57.519282" lon="12.407732"><ele>46.2</ele></rtept><rtept lat="57.519282" lon="12.40778"><ele>45.2</ele></rtept><rtept lat="57.519295" lon="12.407805"><ele>44.8</ele></rtept><rtept lat="57.51932" lon="12.407838"><ele>44.6</ele></rtept><rtept lat="57.519333" lon="12.40787"><ele>44.6</ele></rtept><rtept lat="57.519347" lon="12.407897"><ele>44.0</ele></rtept><rtept lat="57.519365" lon="12.407938"><ele>43.6</ele></rtept><rtept lat="57.519385" lon="12.407973"><ele>43.2</ele></rtept><rtept lat="57.519398" lon="12.408"><ele>42.6</ele></rtept><rtept lat="57.519417" lon="12.408035"><ele>42.6</ele></rtept><rtept lat="57.519437" lon="12.408048"><ele>42.4</ele></rtept><rtept lat="57.519462" lon="12.408075"><ele>42.6</ele></rtept><rtept lat="57.519487" lon="12.40809"><ele>42.6</ele></rtept><rtept lat="57.519507" lon="12.40811"><ele>42.8</ele></rtept><rtept lat="57.519525" lon="12.408155"><ele>42.4</ele></rtept><rtept lat="57.519545" lon="12.408182"><ele>42.8</ele></rtept><rtept lat="57.519558" lon="12.408232"><ele>42.8</ele></rtept><rtept lat="57.519583" lon="12.408267"><ele>43.4</ele></rtept><rtept lat="57.519608" lon="12.408292"><ele>43.2</ele></rtept><rtept lat="57.519628" lon="12.408307"><ele>43.6</ele></rtept><rtept lat="57.519653" lon="12.408345"><ele>43.4</ele></rtept><rtept lat="57.51968" lon="12.40837"><ele>43.0</ele></rtept><rtept lat="57.519705" lon="12.40837"><ele>43.2</ele></rtept><rtept lat="57.51973" lon="12.408367"><ele>43.0</ele></rtept><rtept lat="57.51975" lon="12.408357"><ele>43.0</ele></rtept><rtept lat="57.519768" lon="12.408353"><ele>43.0</ele></rtept><rtept lat="57.519788" lon="12.408365"><ele>42.8</ele></rtept><rtept lat="57.519807" lon="12.408378"><ele>43.0</ele></rtept><rtept lat="57.519827" lon="12.408402"><ele>43.0</ele></rtept><rtept lat="57.519852" lon="12.40842"><ele>43.0</ele></rtept><rtept lat="57.519883" lon="12.40847"><ele>42.6</ele></rtept><rtept lat="57.519903" lon="12.4085"><ele>42.8</ele></rtept><rtept lat="57.519922" lon="12.40853"><ele>42.6</ele></rtept><rtept lat="57.519948" lon="12.408555"><ele>42.2</ele></rtept><rtept lat="57.519973" lon="12.40857"><ele>42.2</ele></rtept><rtept lat="57.519993" lon="12.408577"><ele>42.4</ele></rtept><rtept lat="57.520025" lon="12.40858"><ele>42.2</ele></rtept><rtept lat="57.52005" lon="12.40858"><ele>41.8</ele></rtept><rtept lat="57.520082" lon="12.408588"><ele>42.0</ele></rtept><rtept lat="57.520108" lon="12.408595"><ele>42.0</ele></rtept><rtept lat="57.520147" lon="12.40861"><ele>41.8</ele></rtept><rtept lat="57.520185" lon="12.408633"><ele>41.2</ele></rtept><rtept lat="57.520223" lon="12.408657"><ele>41.0</ele></rtept><rtept lat="57.520262" lon="12.40869"><ele>41.2</ele></rtept><rtept lat="57.5203" lon="12.408722"><ele>41.0</ele></rtept><rtept lat="57.520325" lon="12.408743"><ele>40.4</ele></rtept><rtept lat="57.520352" lon="12.408768"><ele>40.0</ele></rtept><rtept lat="57.52037" lon="12.408782"><ele>39.8</ele></rtept><rtept lat="57.52039" lon="12.408795"><ele>39.4</ele></rtept><rtept lat="57.520422" lon="12.408808"><ele>39.0</ele></rtept><rtept lat="57.520447" lon="12.408818"><ele>39.0</ele></rtept><rtept lat="57.520485" lon="12.40882"><ele>39.2</ele></rtept><rtept lat="57.520518" lon="12.408822"><ele>39.0</ele></rtept><rtept lat="57.520537" lon="12.40883"><ele>38.6</ele></rtept><rtept lat="57.520557" lon="12.408835"><ele>37.8</ele></rtept><rtept lat="57.520575" lon="12.408858"><ele>38.0</ele></rtept><rtept lat="57.520595" lon="12.408868"><ele>37.6</ele></rtept><rtept lat="57.520613" lon="12.408862"><ele>37.4</ele></rtept><rtept lat="57.520633" lon="12.408867"><ele>37.8</ele></rtept><rtept lat="57.520658" lon="12.408873"><ele>37.8</ele></rtept><rtept lat="57.52069" lon="12.408873"><ele>38.0</ele></rtept><rtept lat="57.52071" lon="12.408862"><ele>38.6</ele></rtept><rtept lat="57.520735" lon="12.408833"><ele>38.8</ele></rtept><rtept lat="57.52076" lon="12.40883"><ele>39.2</ele></rtept><rtept lat="57.52078" lon="12.408842"><ele>39.2</ele></rtept><rtept lat="57.5208" lon="12.408847"><ele>39.4</ele></rtept><rtept lat="57.520818" lon="12.40886"><ele>39.6</ele></rtept><rtept lat="57.520843" lon="12.408902"><ele>40.2</ele></rtept><rtept lat="57.520863" lon="12.408937"><ele>41.0</ele></rtept><rtept lat="57.520882" lon="12.408972"><ele>41.0</ele></rtept><rtept lat="57.520902" lon="12.40902"><ele>41.6</ele></rtept><rtept lat="57.520915" lon="12.409053"><ele>41.8</ele></rtept><rtept lat="57.520933" lon="12.409098"><ele>41.8</ele></rtept><rtept lat="57.520953" lon="12.40912"><ele>41.8</ele></rtept><rtept lat="57.520972" lon="12.40914"><ele>42.2</ele></rtept><rtept lat="57.520998" lon="12.409157"><ele>42.0</ele></rtept><rtept lat="57.521017" lon="12.40921"><ele>42.2</ele></rtept><rtept lat="57.521037" lon="12.40926"><ele>42.4</ele></rtept><rtept lat="57.521055" lon="12.409277"><ele>42.6</ele></rtept><rtept lat="57.52108" lon="12.40932"><ele>43.0</ele></rtept><rtept lat="57.521093" lon="12.409355"><ele>43.4</ele></rtept><rtept lat="57.521107" lon="12.409405"><ele>43.6</ele></rtept><rtept lat="57.521138" lon="12.40945"><ele>43.8</ele></rtept><rtept lat="57.521158" lon="12.409475"><ele>43.4</ele></rtept><rtept lat="57.521183" lon="12.4095"><ele>43.6</ele></rtept><rtept lat="57.521202" lon="12.409508"><ele>43.4</ele></rtept><rtept lat="57.521222" lon="12.409527"><ele>43.2</ele></rtept><rtept lat="57.521253" lon="12.409552"><ele>43.4</ele></rtept><rtept lat="57.521273" lon="12.409567"><ele>42.6</ele></rtept><rtept lat="57.521305" lon="12.409595"><ele>42.4</ele></rtept><rtept lat="57.521337" lon="12.409627"><ele>42.2</ele></rtept><rtept lat="57.521375" lon="12.409652"><ele>41.8</ele></rtept><rtept lat="57.521413" lon="12.40966"><ele>41.4</ele></rtept><rtept lat="57.521452" lon="12.40966"><ele>41.2</ele></rtept><rtept lat="57.521503" lon="12.40968"><ele>41.0</ele></rtept><rtept lat="57.52156" lon="12.409702"><ele>41.0</ele></rtept><rtept lat="57.521618" lon="12.409745"><ele>40.4</ele></rtept><rtept lat="57.52167" lon="12.409757"><ele>40.0</ele></rtept><rtept lat="57.52172" lon="12.40977"><ele>39.4</ele></rtept><rtept lat="57.521765" lon="12.409772"><ele>39.2</ele></rtept><rtept lat="57.521803" lon="12.409778"><ele>39.0</ele></rtept><rtept lat="57.521837" lon="12.409792"><ele>38.8</ele></rtept><rtept lat="57.521868" lon="12.409797"><ele>38.2</ele></rtept><rtept lat="57.521887" lon="12.40984"><ele>37.8</ele></rtept><rtept lat="57.5219" lon="12.409887"><ele>37.0</ele></rtept><rtept lat="57.52192" lon="12.4099"><ele>37.0</ele></rtept><rtept lat="57.521938" lon="12.409925"><ele>36.6</ele></rtept><rtept lat="57.52197" lon="12.409922"><ele>36.6</ele></rtept><rtept lat="57.521997" lon="12.409917"><ele>36.8</ele></rtept><rtept lat="57.522028" lon="12.409905"><ele>36.8</ele></rtept><rtept lat="57.522053" lon="12.409907"><ele>37.0</ele></rtept><rtept lat="57.522073" lon="12.409912"><ele>37.2</ele></rtept><rtept lat="57.522105" lon="12.409897"><ele>37.2</ele></rtept><rtept lat="57.522137" lon="12.409865"><ele>37.0</ele></rtept><rtept lat="57.522168" lon="12.40984"><ele>37.4</ele></rtept><rtept lat="57.522188" lon="12.409842"><ele>37.4</ele></rtept><rtept lat="57.522213" lon="12.409845"><ele>37.8</ele></rtept><rtept lat="57.522245" lon="12.40984"><ele>37.4</ele></rtept><rtept lat="57.522272" lon="12.409838"><ele>37.6</ele></rtept><rtept lat="57.522297" lon="12.409842"><ele>37.2</ele></rtept><rtept lat="57.522317" lon="12.409852"><ele>37.0</ele></rtept><rtept lat="57.522335" lon="12.409862"><ele>36.8</ele></rtept><rtept lat="57.522355" lon="12.40988"><ele>36.6</ele></rtept><rtept lat="57.522373" lon="12.409897"><ele>36.2</ele></rtept><rtept lat="57.5224" lon="12.409932"><ele>35.6</ele></rtept><rtept lat="57.522432" lon="12.409955"><ele>35.0</ele></rtept><rtept lat="57.522463" lon="12.40995"><ele>34.4</ele></rtept><rtept lat="57.522488" lon="12.409937"><ele>34.2</ele></rtept><rtept lat="57.522508" lon="12.40995"><ele>32.8</ele></rtept><rtept lat="57.522547" lon="12.409952"><ele>32.4</ele></rtept><rtept lat="57.522565" lon="12.409952"><ele>32.2</ele></rtept><rtept lat="57.522585" lon="12.409952"><ele>32.0</ele></rtept><rtept lat="57.52261" lon="12.409963"><ele>31.4</ele></rtept><rtept lat="57.52263" lon="12.409978"><ele>31.4</ele></rtept><rtept lat="57.522648" lon="12.409992"><ele>31.2</ele></rtept><rtept lat="57.522675" lon="12.410023"><ele>31.2</ele></rtept><rtept lat="57.522693" lon="12.410037"><ele>31.0</ele></rtept><rtept lat="57.522725" lon="12.41005"><ele>30.8</ele></rtept><rtept lat="57.522745" lon="12.41007"><ele>30.6</ele></rtept><rtept lat="57.52277" lon="12.410093"><ele>30.8</ele></rtept><rtept lat="57.52279" lon="12.410115"><ele>29.8</ele></rtept><rtept lat="57.522808" lon="12.410143"><ele>29.6</ele></rtept><rtept lat="57.522828" lon="12.410165"><ele>29.4</ele></rtept><rtept lat="57.522847" lon="12.410185"><ele>29.6</ele></rtept><rtept lat="57.52286" lon="12.410227"><ele>29.6</ele></rtept><rtept lat="57.52286" lon="12.410263"><ele>29.4</ele></rtept><rtept lat="57.522867" lon="12.410308"><ele>29.2</ele></rtept><rtept lat="57.522867" lon="12.410363"><ele>29.0</ele></rtept><rtept lat="57.522847" lon="12.410387"><ele>28.6</ele></rtept><rtept lat="57.522828" lon="12.410393"><ele>28.2</ele></rtept><rtept lat="57.522808" lon="12.410433"><ele>27.6</ele></rtept><rtept lat="57.522808" lon="12.410473"><ele>27.4</ele></rtept><rtept lat="57.522822" lon="12.410505"><ele>27.4</ele></rtept><rtept lat="57.522835" lon="12.41057"><ele>26.6</ele></rtept><rtept lat="57.522847" lon="12.4106"><ele>26.4</ele></rtept><rtept lat="57.522867" lon="12.410627"><ele>26.0</ele></rtept><rtept lat="57.522892" lon="12.410657"><ele>25.8</ele></rtept><rtept lat="57.522923" lon="12.41069"><ele>26.0</ele></rtept><rtept lat="57.522943" lon="12.410717"><ele>25.8</ele></rtept><rtept lat="57.522957" lon="12.410745"><ele>25.6</ele></rtept><rtept lat="57.522975" lon="12.410797"><ele>26.0</ele></rtept><rtept lat="57.523007" lon="12.410838"><ele>25.8</ele></rtept><rtept lat="57.523033" lon="12.410868"><ele>26.0</ele></rtept><rtept lat="57.523045" lon="12.4109"><ele>25.6</ele></rtept><rtept lat="57.523065" lon="12.410928"><ele>25.6</ele></rtept><rtept lat="57.523097" lon="12.410973"><ele>25.4</ele></rtept><rtept lat="57.523117" lon="12.410987"><ele>25.4</ele></rtept><rtept lat="57.523142" lon="12.410998"><ele>25.8</ele></rtept><rtept lat="57.52316" lon="12.411007"><ele>25.4</ele></rtept><rtept lat="57.523187" lon="12.41102"><ele>25.8</ele></rtept><rtept lat="57.523205" lon="12.411028"><ele>26.0</ele></rtept><rtept lat="57.523232" lon="12.411018"><ele>26.0</ele></rtept><rtept lat="57.52325" lon="12.411022"><ele>26.4</ele></rtept><rtept lat="57.52327" lon="12.411033"><ele>26.6</ele></rtept><rtept lat="57.523295" lon="12.411047"><ele>26.6</ele></rtept><rtept lat="57.523327" lon="12.41108"><ele>26.8</ele></rtept><rtept lat="57.523358" lon="12.411108"><ele>26.2</ele></rtept><rtept lat="57.523378" lon="12.411123"><ele>25.8</ele></rtept><rtept lat="57.523417" lon="12.411178"><ele>25.8</ele></rtept><rtept lat="57.523437" lon="12.4112"><ele>25.2</ele></rtept><rtept lat="57.523468" lon="12.411238"><ele>25.0</ele></rtept><rtept lat="57.523487" lon="12.411252"><ele>24.8</ele></rtept><rtept lat="57.523507" lon="12.41126"><ele>24.0</ele></rtept><rtept lat="57.523525" lon="12.411265"><ele>23.8</ele></rtept><rtept lat="57.523552" lon="12.411272"><ele>23.8</ele></rtept><rtept lat="57.523577" lon="12.41127"><ele>23.4</ele></rtept><rtept lat="57.523597" lon="12.411265"><ele>23.4</ele></rtept><rtept lat="57.523615" lon="12.41126"><ele>23.4</ele></rtept><rtept lat="57.523635" lon="12.411252"><ele>23.2</ele></rtept><rtept lat="57.52366" lon="12.411237"><ele>23.2</ele></rtept><rtept lat="57.523698" lon="12.41122"><ele>23.8</ele></rtept><rtept lat="57.523723" lon="12.411215"><ele>23.4</ele></rtept><rtept lat="57.523757" lon="12.41121"><ele>23.4</ele></rtept><rtept lat="57.523782" lon="12.411198"><ele>23.6</ele></rtept><rtept lat="57.523807" lon="12.411185"><ele>23.4</ele></rtept><rtept lat="57.523833" lon="12.411182"><ele>23.8</ele></rtept><rtept lat="57.523852" lon="12.411178"><ele>24.0</ele></rtept><rtept lat="57.523883" lon="12.411158"><ele>24.0</ele></rtept><rtept lat="57.52391" lon="12.411147"><ele>24.4</ele></rtept><rtept lat="57.523935" lon="12.411145"><ele>24.4</ele></rtept><rtept lat="57.523973" lon="12.411148"><ele>24.2</ele></rtept><rtept lat="57.524" lon="12.411153"><ele>24.4</ele></rtept><rtept lat="57.524025" lon="12.41118"><ele>24.6</ele></rtept><rtept lat="57.52405" lon="12.4112"><ele>23.8</ele></rtept><rtept lat="57.524077" lon="12.411212"><ele>24.0</ele></rtept><rtept lat="57.524102" lon="12.411225"><ele>24.0</ele></rtept><rtept lat="57.52412" lon="12.411232"><ele>23.6</ele></rtept><rtept lat="57.524153" lon="12.411247"><ele>24.0</ele></rtept><rtept lat="57.524172" lon="12.411258"><ele>24.0</ele></rtept><rtept lat="57.524198" lon="12.411265"><ele>24.0</ele></rtept><rtept lat="57.524223" lon="12.411267"><ele>24.2</ele></rtept><rtept lat="57.524255" lon="12.411278"><ele>24.4</ele></rtept><rtept lat="57.524275" lon="12.411292"><ele>24.6</ele></rtept><rtept lat="57.5243" lon="12.41132"><ele>24.8</ele></rtept><rtept lat="57.524325" lon="12.411352"><ele>24.8</ele></rtept><rtept lat="57.524352" lon="12.41139"><ele>25.0</ele></rtept><rtept lat="57.524383" lon="12.411425"><ele>24.8</ele></rtept><rtept lat="57.524415" lon="12.41144"><ele>25.0</ele></rtept><rtept lat="57.524435" lon="12.41144"><ele>24.8</ele></rtept><rtept lat="57.52446" lon="12.411435"><ele>24.8</ele></rtept><rtept lat="57.52448" lon="12.411428"><ele>24.8</ele></rtept><rtept lat="57.524498" lon="12.411415"><ele>24.6</ele></rtept><rtept lat="57.524523" lon="12.411403"><ele>24.6</ele></rtept><rtept lat="57.524543" lon="12.411405"><ele>24.6</ele></rtept><rtept lat="57.524562" lon="12.411412"><ele>24.8</ele></rtept><rtept lat="57.524588" lon="12.41142"><ele>24.4</ele></rtept><rtept lat="57.524607" lon="12.411423"><ele>24.2</ele></rtept><rtept lat="57.524633" lon="12.411428"><ele>23.6</ele></rtept><rtept lat="57.524658" lon="12.411433"><ele>23.2</ele></rtept><rtept lat="57.524678" lon="12.41144"><ele>23.0</ele></rtept><rtept lat="57.524697" lon="12.411437"><ele>22.4</ele></rtept><rtept lat="57.524722" lon="12.41143"><ele>22.0</ele></rtept><rtept lat="57.524748" lon="12.411425"><ele>21.2</ele></rtept><rtept lat="57.524787" lon="12.411423"><ele>20.6</ele></rtept><rtept lat="57.524832" lon="12.41142"><ele>20.4</ele></rtept><rtept lat="57.524877" lon="12.41142"><ele>20.4</ele></rtept><rtept lat="57.524915" lon="12.411423"><ele>20.2</ele></rtept><rtept lat="57.524953" lon="12.411408"><ele>19.8</ele></rtept><rtept lat="57.524992" lon="12.411403"><ele>20.0</ele></rtept><rtept lat="57.52503" lon="12.4114"><ele>19.6</ele></rtept><rtept lat="57.525068" lon="12.411395"><ele>19.6</ele></rtept><rtept lat="57.525093" lon="12.411392"><ele>19.8</ele></rtept><rtept lat="57.525132" lon="12.411395"><ele>19.6</ele></rtept><rtept lat="57.525125" lon="12.411443"><ele>19.4</ele></rtept><rtept lat="57.525138" lon="12.41147"><ele>19.4</ele></rtept><rtept lat="57.525163" lon="12.41151"><ele>19.4</ele></rtept><rtept lat="57.52519" lon="12.411525"><ele>19.2</ele></rtept><rtept lat="57.525215" lon="12.411543"><ele>19.2</ele></rtept><rtept lat="57.525235" lon="12.41155"><ele>19.0</ele></rtept><rtept lat="57.525253" lon="12.411553"><ele>18.6</ele></rtept><rtept lat="57.52528" lon="12.41158"><ele>18.8</ele></rtept><rtept lat="57.525305" lon="12.411608"><ele>19.0</ele></rtept><rtept lat="57.525323" lon="12.411628"><ele>19.0</ele></rtept><rtept lat="57.525337" lon="12.411658"><ele>20.0</ele></rtept><rtept lat="57.525362" lon="12.411663"><ele>21.6</ele></rtept><rtept lat="57.525388" lon="12.411697"><ele>22.6</ele></rtept><rtept lat="57.525407" lon="12.411722"><ele>23.0</ele></rtept><rtept lat="57.525427" lon="12.411748"><ele>23.4</ele></rtept><rtept lat="57.525445" lon="12.4118"><ele>24.2</ele></rtept><rtept lat="57.525465" lon="12.411838"><ele>24.2</ele></rtept><rtept lat="57.525483" lon="12.41188"><ele>24.8</ele></rtept><rtept lat="57.525503" lon="12.4119"><ele>24.6</ele></rtept><rtept lat="57.525522" lon="12.411932"><ele>25.0</ele></rtept><rtept lat="57.525535" lon="12.411975"><ele>24.8</ele></rtept><rtept lat="57.525528" lon="12.412012"><ele>24.8</ele></rtept><rtept lat="57.525542" lon="12.412055"><ele>25.0</ele></rtept><rtept lat="57.525567" lon="12.4121"><ele>25.0</ele></rtept><rtept lat="57.525587" lon="12.412148"><ele>24.6</ele></rtept><rtept lat="57.525605" lon="12.412183"><ele>24.2</ele></rtept><rtept lat="57.525625" lon="12.41222"><ele>24.4</ele></rtept><rtept lat="57.52565" lon="12.412253"><ele>24.2</ele></rtept><rtept lat="57.52567" lon="12.412288"><ele>23.6</ele></rtept><rtept lat="57.525682" lon="12.412322"><ele>23.6</ele></rtept><rtept lat="57.525702" lon="12.412355"><ele>23.4</ele></rtept><rtept lat="57.525715" lon="12.41238"><ele>23.4</ele></rtept><rtept lat="57.525733" lon="12.412418"><ele>22.8</ele></rtept><rtept lat="57.52576" lon="12.412453"><ele>22.4</ele></rtept><rtept lat="57.525778" lon="12.4125"><ele>22.2</ele></rtept><rtept lat="57.525803" lon="12.412553"><ele>22.2</ele></rtept><rtept lat="57.52583" lon="12.412618"><ele>21.6</ele></rtept><rtept lat="57.525848" lon="12.412665"><ele>21.0</ele></rtept><rtept lat="57.525887" lon="12.41271"><ele>20.8</ele></rtept><rtept lat="57.525913" lon="12.412712"><ele>20.2</ele></rtept><rtept lat="57.525925" lon="12.41268"><ele>19.8</ele></rtept><rtept lat="57.525932" lon="12.412645"><ele>19.6</ele></rtept><rtept lat="57.52597" lon="12.412647"><ele>19.0</ele></rtept><rtept lat="57.52599" lon="12.41267"><ele>18.8</ele></rtept><rtept lat="57.526008" lon="12.412697"><ele>18.6</ele></rtept><rtept lat="57.526028" lon="12.412727"><ele>18.4</ele></rtept><rtept lat="57.52604" lon="12.41276"><ele>17.6</ele></rtept><rtept lat="57.526067" lon="12.41279"><ele>17.2</ele></rtept><rtept lat="57.526092" lon="12.41279"><ele>17.0</ele></rtept><rtept lat="57.526112" lon="12.412777"><ele>16.6</ele></rtept><rtept lat="57.526137" lon="12.412752"><ele>16.8</ele></rtept><rtept lat="57.526182" lon="12.412747"><ele>16.8</ele></rtept><rtept lat="57.5262" lon="12.41276"><ele>16.6</ele></rtept><rtept lat="57.526227" lon="12.412762"><ele>16.4</ele></rtept><rtept lat="57.526265" lon="12.41275"><ele>16.8</ele></rtept><rtept lat="57.526303" lon="12.412732"><ele>16.6</ele></rtept><rtept lat="57.526335" lon="12.412718"><ele>16.6</ele></rtept><rtept lat="57.526367" lon="12.4127"><ele>16.8</ele></rtept><rtept lat="57.5264" lon="12.4127"><ele>16.8</ele></rtept><rtept lat="57.526425" lon="12.412727"><ele>17.2</ele></rtept><rtept lat="57.526443" lon="12.412752"><ele>16.8</ele></rtept><rtept lat="57.526463" lon="12.41278"><ele>16.8</ele></rtept><rtept lat="57.526488" lon="12.412803"><ele>16.0</ele></rtept><rtept lat="57.526515" lon="12.412835"><ele>15.2</ele></rtept><rtept lat="57.526533" lon="12.412828"><ele>15.4</ele></rtept><rtept lat="57.526553" lon="12.41283"><ele>15.4</ele></rtept><rtept lat="57.526578" lon="12.41283"><ele>15.8</ele></rtept><rtept lat="57.526598" lon="12.412803"><ele>15.8</ele></rtept><rtept lat="57.526617" lon="12.412805"><ele>16.0</ele></rtept><rtept lat="57.526637" lon="12.41282"><ele>16.2</ele></rtept><rtept lat="57.526655" lon="12.412843"><ele>16.2</ele></rtept><rtept lat="57.526675" lon="12.41285"><ele>15.8</ele></rtept><rtept lat="57.526693" lon="12.41285"><ele>16.0</ele></rtept><rtept lat="57.52672" lon="12.41285"><ele>16.0</ele></rtept><rtept lat="57.526738" lon="12.41286"><ele>16.2</ele></rtept><rtept lat="57.526763" lon="12.412865"><ele>16.2</ele></rtept><rtept lat="57.526783" lon="12.412865"><ele>16.4</ele></rtept><rtept lat="57.526802" lon="12.412863"><ele>16.6</ele></rtept><rtept lat="57.526835" lon="12.41286"><ele>16.6</ele></rtept><rtept lat="57.52686" lon="12.41285"><ele>16.8</ele></rtept><rtept lat="57.52688" lon="12.412838"><ele>16.8</ele></rtept><rtept lat="57.526912" lon="12.41282"><ele>17.4</ele></rtept><rtept lat="57.526937" lon="12.41283"><ele>17.8</ele></rtept><rtept lat="57.526957" lon="12.412828"><ele>17.8</ele></rtept><rtept lat="57.526988" lon="12.41282"><ele>18.0</ele></rtept><rtept lat="57.527013" lon="12.41281"><ele>18.4</ele></rtept><rtept lat="57.527033" lon="12.412805"><ele>19.0</ele></rtept><rtept lat="57.527052" lon="12.412833"><ele>19.8</ele></rtept><rtept lat="57.527072" lon="12.41284"><ele>20.2</ele></rtept><rtept lat="57.52709" lon="12.412837"><ele>20.8</ele></rtept><rtept lat="57.52711" lon="12.412828"><ele>21.2</ele></rtept><rtept lat="57.527128" lon="12.4128"><ele>21.6</ele></rtept><rtept lat="57.52716" lon="12.412783"><ele>21.6</ele></rtept><rtept lat="57.527187" lon="12.412785"><ele>21.8</ele></rtept><rtept lat="57.527212" lon="12.4128"><ele>22.2</ele></rtept><rtept lat="57.527238" lon="12.412817"><ele>22.6</ele></rtept><rtept lat="57.527263" lon="12.412817"><ele>22.6</ele></rtept><rtept lat="57.527288" lon="12.41283"><ele>22.6</ele></rtept><rtept lat="57.527308" lon="12.412833"><ele>22.8</ele></rtept><rtept lat="57.52734" lon="12.412835"><ele>23.0</ele></rtept><rtept lat="57.52736" lon="12.412843"><ele>22.8</ele></rtept><rtept lat="57.527392" lon="12.412843"><ele>22.2</ele></rtept><rtept lat="57.52741" lon="12.412837"><ele>22.2</ele></rtept><rtept lat="57.52743" lon="12.41283"><ele>22.0</ele></rtept><rtept lat="57.527448" lon="12.412828"><ele>22.0</ele></rtept><rtept lat="57.527468" lon="12.412823"><ele>22.0</ele></rtept><rtept lat="57.527487" lon="12.412823"><ele>22.4</ele></rtept><rtept lat="57.527507" lon="12.41282"><ele>22.8</ele></rtept><rtept lat="57.527525" lon="12.412805"><ele>22.8</ele></rtept><rtept lat="57.527552" lon="12.412797"><ele>23.2</ele></rtept><rtept lat="57.52757" lon="12.41283"><ele>23.6</ele></rtept><rtept lat="57.52759" lon="12.41286"><ele>23.6</ele></rtept><rtept lat="57.527602" lon="12.412883"><ele>23.6</ele></rtept><rtept lat="57.527628" lon="12.412923"><ele>23.8</ele></rtept><rtept lat="57.527647" lon="12.412948"><ele>23.6</ele></rtept><rtept lat="57.527667" lon="12.412968"><ele>23.4</ele></rtept><rtept lat="57.527685" lon="12.413008"><ele>24.0</ele></rtept><rtept lat="57.527698" lon="12.413035"><ele>23.8</ele></rtept><rtept lat="57.527723" lon="12.413058"><ele>23.2</ele></rtept><rtept lat="57.527757" lon="12.413073"><ele>22.6</ele></rtept><rtept lat="57.527775" lon="12.413075"><ele>21.8</ele></rtept><rtept lat="57.527795" lon="12.41308"><ele>21.8</ele></rtept><rtept lat="57.527827" lon="12.413082"><ele>21.4</ele></rtept><rtept lat="57.527845" lon="12.413095"><ele>20.6</ele></rtept><rtept lat="57.527872" lon="12.413097"><ele>20.0</ele></rtept><rtept lat="57.52789" lon="12.413095"><ele>20.0</ele></rtept><rtept lat="57.52791" lon="12.413093"><ele>19.8</ele></rtept><rtept lat="57.527928" lon="12.413092"><ele>19.4</ele></rtept><rtept lat="57.527948" lon="12.413088"><ele>19.2</ele></rtept><rtept lat="57.527967" lon="12.413082"><ele>19.2</ele></rtept><rtept lat="57.527987" lon="12.413068"><ele>19.0</ele></rtept><rtept lat="57.528005" lon="12.413053"><ele>18.4</ele></rtept><rtept lat="57.528032" lon="12.413035"><ele>18.4</ele></rtept><rtept lat="57.52805" lon="12.41303"><ele>18.4</ele></rtept><rtept lat="57.528077" lon="12.413033"><ele>18.2</ele></rtept><rtept lat="57.528102" lon="12.413033"><ele>18.2</ele></rtept><rtept lat="57.528127" lon="12.413035"><ele>18.2</ele></rtept><rtept lat="57.528147" lon="12.413033"><ele>17.8</ele></rtept><rtept lat="57.528165" lon="12.413028"><ele>17.2</ele></rtept><rtept lat="57.528192" lon="12.413015"><ele>17.2</ele></rtept><rtept lat="57.528223" lon="12.413002"><ele>17.0</ele></rtept><rtept lat="57.528248" lon="12.41299"><ele>16.8</ele></rtept><rtept lat="57.528268" lon="12.41298"><ele>16.8</ele></rtept><rtept lat="57.528293" lon="12.412968"><ele>17.0</ele></rtept><rtept lat="57.52832" lon="12.412953"><ele>16.4</ele></rtept><rtept lat="57.528338" lon="12.41294"><ele>16.6</ele></rtept><rtept lat="57.52837" lon="12.412923"><ele>16.6</ele></rtept><rtept lat="57.528402" lon="12.41291"><ele>17.0</ele></rtept><rtept lat="57.528428" lon="12.412898"><ele>16.8</ele></rtept><rtept lat="57.528467" lon="12.41287"><ele>16.8</ele></rtept><rtept lat="57.528485" lon="12.412845"><ele>17.2</ele></rtept><rtept lat="57.528512" lon="12.41283"><ele>17.6</ele></rtept><rtept lat="57.528543" lon="12.412817"><ele>17.6</ele></rtept><rtept lat="57.528595" lon="12.4128"><ele>17.8</ele></rtept><rtept lat="57.528652" lon="12.41278"><ele>18.2</ele></rtept><rtept lat="57.528703" lon="12.412765"><ele>18.0</ele></rtept><rtept lat="57.528735" lon="12.412777"><ele>18.0</ele></rtept><rtept lat="57.528767" lon="12.41278"><ele>18.6</ele></rtept><rtept lat="57.528832" lon="12.412803"><ele>18.4</ele></rtept><rtept lat="57.528895" lon="12.412828"><ele>18.2</ele></rtept><rtept lat="57.528947" lon="12.412863"><ele>18.2</ele></rtept><rtept lat="57.528978" lon="12.412878"><ele>18.4</ele></rtept><rtept lat="57.528978" lon="12.412928"><ele>17.4</ele></rtept><rtept lat="57.528965" lon="12.412953"><ele>17.6</ele></rtept><rtept lat="57.528985" lon="12.41298"><ele>17.2</ele></rtept><rtept lat="57.529003" lon="12.412988"><ele>17.2</ele></rtept><rtept lat="57.52903" lon="12.41298"><ele>17.4</ele></rtept><rtept lat="57.529048" lon="12.412973"><ele>17.2</ele></rtept><rtept lat="57.529068" lon="12.412968"><ele>17.6</ele></rtept><rtept lat="57.529087" lon="12.412975"><ele>17.8</ele></rtept><rtept lat="57.529113" lon="12.413005"><ele>17.2</ele></rtept><rtept lat="57.529145" lon="12.412998"><ele>16.8</ele></rtept><rtept lat="57.529163" lon="12.412998"><ele>16.8</ele></rtept><rtept lat="57.52919" lon="12.413008"><ele>17.4</ele></rtept><rtept lat="57.529215" lon="12.413022"><ele>17.4</ele></rtept><rtept lat="57.529235" lon="12.413042"><ele>18.0</ele></rtept><rtept lat="57.52926" lon="12.413082"><ele>18.6</ele></rtept><rtept lat="57.52928" lon="12.413092"><ele>18.6</ele></rtept><rtept lat="57.529305" lon="12.413107"><ele>18.8</ele></rtept><rtept lat="57.529343" lon="12.413113"><ele>18.6</ele></rtept><rtept lat="57.529362" lon="12.413113"><ele>18.8</ele></rtept><rtept lat="57.529388" lon="12.413102"><ele>18.6</ele></rtept><rtept lat="57.529413" lon="12.413087"><ele>19.4</ele></rtept><rtept lat="57.52944" lon="12.413082"><ele>19.6</ele></rtept><rtept lat="57.529465" lon="12.413093"><ele>19.6</ele></rtept><rtept lat="57.529483" lon="12.413095"><ele>19.6</ele></rtept><rtept lat="57.529503" lon="12.413095"><ele>20.0</ele></rtept><rtept lat="57.529535" lon="12.413087"><ele>19.8</ele></rtept><rtept lat="57.52956" lon="12.413062"><ele>20.0</ele></rtept><rtept lat="57.52958" lon="12.413048"><ele>20.0</ele></rtept><rtept lat="57.529605" lon="12.413008"><ele>20.4</ele></rtept><rtept lat="57.529632" lon="12.41296"><ele>20.4</ele></rtept><rtept lat="57.529643" lon="12.412935"><ele>20.8</ele></rtept><rtept lat="57.529657" lon="12.412908"><ele>21.2</ele></rtept><rtept lat="57.529677" lon="12.412883"><ele>21.4</ele></rtept><rtept lat="57.529715" lon="12.412857"><ele>21.8</ele></rtept><rtept lat="57.52974" lon="12.412858"><ele>21.8</ele></rtept><rtept lat="57.529778" lon="12.412858"><ele>22.2</ele></rtept><rtept lat="57.529798" lon="12.41287"><ele>22.0</ele></rtept><rtept lat="57.529823" lon="12.412888"><ele>22.2</ele></rtept><rtept lat="57.529842" lon="12.412893"><ele>22.4</ele></rtept><rtept lat="57.529862" lon="12.41289"><ele>22.2</ele></rtept><rtept lat="57.52988" lon="12.412877"><ele>21.8</ele></rtept><rtept lat="57.529913" lon="12.412855"><ele>22.4</ele></rtept><rtept lat="57.529932" lon="12.412845"><ele>22.2</ele></rtept><rtept lat="57.529952" lon="12.412845"><ele>22.0</ele></rtept><rtept lat="57.52997" lon="12.412843"><ele>22.2</ele></rtept><rtept lat="57.529997" lon="12.41283"><ele>22.2</ele></rtept><rtept lat="57.530015" lon="12.412825"><ele>22.2</ele></rtept><rtept lat="57.530035" lon="12.41283"><ele>22.6</ele></rtept><rtept lat="57.530073" lon="12.412853"><ele>22.4</ele></rtept><rtept lat="57.530092" lon="12.412868"><ele>22.8</ele></rtept><rtept lat="57.530112" lon="12.412883"><ele>22.6</ele></rtept><rtept lat="57.530137" lon="12.412893"><ele>22.2</ele></rtept><rtept lat="57.530157" lon="12.412877"><ele>22.4</ele></rtept><rtept lat="57.530175" lon="12.412873"><ele>21.8</ele></rtept><rtept lat="57.530195" lon="12.412883"><ele>21.6</ele></rtept><rtept lat="57.53022" lon="12.412903"><ele>21.6</ele></rtept><rtept lat="57.53024" lon="12.412915"><ele>21.0</ele></rtept><rtept lat="57.530258" lon="12.41291"><ele>20.8</ele></rtept><rtept lat="57.530278" lon="12.412895"><ele>21.0</ele></rtept><rtept lat="57.530303" lon="12.412878"><ele>21.4</ele></rtept><rtept lat="57.530335" lon="12.412873"><ele>22.0</ele></rtept><rtept lat="57.53036" lon="12.412873"><ele>22.4</ele></rtept><rtept lat="57.53038" lon="12.412885"><ele>23.2</ele></rtept><rtept lat="57.530412" lon="12.4129"><ele>23.6</ele></rtept><rtept lat="57.530443" lon="12.412908"><ele>23.8</ele></rtept><rtept lat="57.530463" lon="12.412898"><ele>24.0</ele></rtept><rtept lat="57.530482" lon="12.412885"><ele>24.0</ele></rtept><rtept lat="57.530508" lon="12.412893"><ele>23.8</ele></rtept><rtept lat="57.53054" lon="12.412888"><ele>23.8</ele></rtept><rtept lat="57.53056" lon="12.412893"><ele>23.6</ele></rtept><rtept lat="57.530578" lon="12.412903"><ele>23.6</ele></rtept><rtept lat="57.530598" lon="12.412923"><ele>23.0</ele></rtept><rtept lat="57.530617" lon="12.41294"><ele>23.0</ele></rtept><rtept lat="57.530637" lon="12.41296"><ele>21.8</ele></rtept><rtept lat="57.530655" lon="12.412985"><ele>22.4</ele></rtept><rtept lat="57.530668" lon="12.413015"><ele>22.6</ele></rtept><rtept lat="57.530675" lon="12.413052"><ele>23.0</ele></rtept><rtept lat="57.530707" lon="12.41308"><ele>23.0</ele></rtept><rtept lat="57.530725" lon="12.413097"><ele>23.4</ele></rtept><rtept lat="57.530745" lon="12.413137"><ele>23.0</ele></rtept><rtept lat="57.530763" lon="12.413177"><ele>23.2</ele></rtept><rtept lat="57.530808" lon="12.413207"><ele>22.6</ele></rtept><rtept lat="57.530847" lon="12.413228"><ele>22.6</ele></rtept><rtept lat="57.53088" lon="12.41324"><ele>22.8</ele></rtept><rtept lat="57.530912" lon="12.413252"><ele>22.2</ele></rtept><rtept lat="57.53095" lon="12.41326"><ele>21.8</ele></rtept><rtept lat="57.530988" lon="12.413278"><ele>21.8</ele></rtept><rtept lat="57.531013" lon="12.413298"><ele>21.4</ele></rtept><rtept lat="57.531033" lon="12.41331"><ele>21.6</ele></rtept><rtept lat="57.531065" lon="12.413305"><ele>21.6</ele></rtept><rtept lat="57.531083" lon="12.413297"><ele>21.4</ele></rtept><rtept lat="57.531103" lon="12.413285"><ele>21.4</ele></rtept><rtept lat="57.531128" lon="12.413262"><ele>21.4</ele></rtept><rtept lat="57.531155" lon="12.413237"><ele>21.2</ele></rtept><rtept lat="57.531193" lon="12.413227"><ele>21.8</ele></rtept><rtept lat="57.531218" lon="12.413222"><ele>21.6</ele></rtept><rtept lat="57.531243" lon="12.413232"><ele>22.2</ele></rtept><rtept lat="57.53127" lon="12.413227"><ele>22.4</ele></rtept><rtept lat="57.531302" lon="12.413227"><ele>22.4</ele></rtept><rtept lat="57.531327" lon="12.413232"><ele>23.0</ele></rtept><rtept lat="57.531365" lon="12.413227"><ele>23.2</ele></rtept><rtept lat="57.531392" lon="12.413217"><ele>23.4</ele></rtept><rtept lat="57.53141" lon="12.413198"><ele>23.4</ele></rtept><rtept lat="57.531423" lon="12.413172"><ele>23.6</ele></rtept><rtept lat="57.531448" lon="12.413157"><ele>23.4</ele></rtept><rtept lat="57.53148" lon="12.413152"><ele>23.6</ele></rtept><rtept lat="57.5315" lon="12.41316"><ele>23.8</ele></rtept><rtept lat="57.53152" lon="12.413168"><ele>23.8</ele></rtept><rtept lat="57.531545" lon="12.413177"><ele>24.2</ele></rtept><rtept lat="57.53157" lon="12.413203"><ele>24.6</ele></rtept><rtept lat="57.531602" lon="12.413227"><ele>24.8</ele></rtept><rtept lat="57.531615" lon="12.413257"><ele>24.8</ele></rtept><rtept lat="57.531653" lon="12.413265"><ele>24.6</ele></rtept><rtept lat="57.531685" lon="12.413272"><ele>24.8</ele></rtept><rtept lat="57.531718" lon="12.413287"><ele>24.8</ele></rtept><rtept lat="57.531737" lon="12.413307"><ele>25.0</ele></rtept><rtept lat="57.531768" lon="12.413358"><ele>24.2</ele></rtept><rtept lat="57.531788" lon="12.41338"><ele>23.8</ele></rtept><rtept lat="57.531807" lon="12.4134"><ele>23.4</ele></rtept><rtept lat="57.531827" lon="12.413425"><ele>22.8</ele></rtept><rtept lat="57.531845" lon="12.413452"><ele>22.6</ele></rtept><rtept lat="57.531858" lon="12.413483"><ele>22.2</ele></rtept><rtept lat="57.531878" lon="12.413503"><ele>21.6</ele></rtept><rtept lat="57.531897" lon="12.413528"><ele>21.0</ele></rtept><rtept lat="57.531922" lon="12.413568"><ele>20.4</ele></rtept><rtept lat="57.531942" lon="12.413585"><ele>19.4</ele></rtept><rtept lat="57.53196" lon="12.413603"><ele>19.2</ele></rtept><rtept lat="57.531987" lon="12.41362"><ele>19.2</ele></rtept><rtept lat="57.532018" lon="12.413655"><ele>18.6</ele></rtept><rtept lat="57.532043" lon="12.413675"><ele>18.2</ele></rtept><rtept lat="57.53207" lon="12.413695"><ele>17.4</ele></rtept><rtept lat="57.532095" lon="12.41372"><ele>16.8</ele></rtept><rtept lat="57.53212" lon="12.413752"><ele>17.0</ele></rtept><rtept lat="57.532147" lon="12.413788"><ele>16.6</ele></rtept><rtept lat="57.532165" lon="12.413822"><ele>16.4</ele></rtept><rtept lat="57.532192" lon="12.413858"><ele>16.6</ele></rtept><rtept lat="57.532217" lon="12.413887"><ele>16.2</ele></rtept><rtept lat="57.53223" lon="12.413918"><ele>16.2</ele></rtept><rtept lat="57.532255" lon="12.413953"><ele>16.4</ele></rtept><rtept lat="57.532268" lon="12.413997"><ele>16.2</ele></rtept><rtept lat="57.5323" lon="12.41401"><ele>16.0</ele></rtept><rtept lat="57.532338" lon="12.414017"><ele>16.2</ele></rtept><rtept lat="57.53237" lon="12.41402"><ele>16.2</ele></rtept><rtept lat="57.532402" lon="12.414032"><ele>15.8</ele></rtept><rtept lat="57.532435" lon="12.414052"><ele>15.8</ele></rtept><rtept lat="57.532453" lon="12.414067"><ele>16.0</ele></rtept><rtept lat="57.532492" lon="12.414105"><ele>15.8</ele></rtept><rtept lat="57.532523" lon="12.414145"><ele>15.6</ele></rtept><rtept lat="57.532562" lon="12.414183"><ele>15.8</ele></rtept><rtept lat="57.532588" lon="12.4142"><ele>16.0</ele></rtept><rtept lat="57.532627" lon="12.41419"><ele>15.6</ele></rtept><rtept lat="57.532658" lon="12.41417"><ele>15.6</ele></rtept><rtept lat="57.53269" lon="12.414145"><ele>15.8</ele></rtept><rtept lat="57.532717" lon="12.41413"><ele>15.6</ele></rtept><rtept lat="57.532755" lon="12.414137"><ele>15.8</ele></rtept><rtept lat="57.532773" lon="12.41414"><ele>16.0</ele></rtept><rtept lat="57.5328" lon="12.414152"><ele>15.8</ele></rtept><rtept lat="57.532825" lon="12.41416"><ele>16.0</ele></rtept><rtept lat="57.532843" lon="12.414162"><ele>16.0</ele></rtept><rtept lat="57.53287" lon="12.41416"><ele>17.0</ele></rtept><rtept lat="57.532888" lon="12.414163"><ele>17.6</ele></rtept><rtept lat="57.532908" lon="12.41418"><ele>17.8</ele></rtept><rtept lat="57.532933" lon="12.414203"><ele>18.2</ele></rtept><rtept lat="57.532947" lon="12.41423"><ele>18.4</ele></rtept><rtept lat="57.532972" lon="12.41425"><ele>19.0</ele></rtept><rtept lat="57.532998" lon="12.41426"><ele>19.2</ele></rtept><rtept lat="57.533023" lon="12.414275"><ele>19.6</ele></rtept><rtept lat="57.533042" lon="12.414278"><ele>19.2</ele></rtept><rtept lat="57.533068" lon="12.414288"><ele>19.4</ele></rtept><rtept lat="57.533087" lon="12.414293"><ele>19.6</ele></rtept><rtept lat="57.533113" lon="12.41432"><ele>19.8</ele></rtept><rtept lat="57.533132" lon="12.414323"><ele>20.0</ele></rtept><rtept lat="57.533158" lon="12.414348"><ele>20.2</ele></rtept><rtept lat="57.533177" lon="12.41435"><ele>20.2</ele></rtept><rtept lat="57.533197" lon="12.41435"><ele>20.2</ele></rtept><rtept lat="57.533228" lon="12.414353"><ele>20.0</ele></rtept><rtept lat="57.533253" lon="12.41436"><ele>20.2</ele></rtept><rtept lat="57.533273" lon="12.414368"><ele>20.2</ele></rtept><rtept lat="57.533292" lon="12.41437"><ele>20.2</ele></rtept><rtept lat="57.533318" lon="12.41438"><ele>20.4</ele></rtept><rtept lat="57.533343" lon="12.414383"><ele>20.0</ele></rtept><rtept lat="57.533362" lon="12.414393"><ele>20.2</ele></rtept><rtept lat="57.5334" lon="12.4144"><ele>20.4</ele></rtept><rtept lat="57.53342" lon="12.41441"><ele>20.2</ele></rtept><rtept lat="57.533452" lon="12.414442"><ele>20.2</ele></rtept><rtept lat="57.533478" lon="12.414462"><ele>19.8</ele></rtept><rtept lat="57.53351" lon="12.414468"><ele>19.8</ele></rtept><rtept lat="57.533542" lon="12.414468"><ele>19.4</ele></rtept><rtept lat="57.53356" lon="12.414475"><ele>19.4</ele></rtept><rtept lat="57.533587" lon="12.414488"><ele>19.0</ele></rtept><rtept lat="57.533612" lon="12.414507"><ele>19.0</ele></rtept><rtept lat="57.533632" lon="12.414517"><ele>18.2</ele></rtept><rtept lat="57.53367" lon="12.414543"><ele>17.6</ele></rtept><rtept lat="57.533688" lon="12.414573"><ele>17.2</ele></rtept><rtept lat="57.533715" lon="12.414592"><ele>17.0</ele></rtept><rtept lat="57.533733" lon="12.414628"><ele>16.4</ele></rtept><rtept lat="57.533753" lon="12.414648"><ele>16.2</ele></rtept><rtept lat="57.533772" lon="12.41469"><ele>16.0</ele></rtept><rtept lat="57.533798" lon="12.414698"><ele>15.2</ele></rtept><rtept lat="57.533817" lon="12.41472"><ele>14.8</ele></rtept><rtept lat="57.533842" lon="12.41475"><ele>14.0</ele></rtept><rtept lat="57.533862" lon="12.414742"><ele>13.6</ele></rtept><rtept lat="57.533893" lon="12.414752"><ele>13.2</ele></rtept><rtept lat="57.533913" lon="12.414772"><ele>13.2</ele></rtept><rtept lat="57.533932" lon="12.414775"><ele>13.0</ele></rtept><rtept lat="57.533958" lon="12.414752"><ele>12.8</ele></rtept><rtept lat="57.533977" lon="12.41476"><ele>13.2</ele></rtept><rtept lat="57.534002" lon="12.414785"><ele>13.4</ele></rtept><rtept lat="57.534022" lon="12.414785"><ele>13.4</ele></rtept><rtept lat="57.53404" lon="12.4148"><ele>13.8</ele></rtept><rtept lat="57.53406" lon="12.414812"><ele>13.6</ele></rtept><rtept lat="57.534085" lon="12.414825"><ele>13.6</ele></rtept><rtept lat="57.534118" lon="12.41482"><ele>13.6</ele></rtept><rtept lat="57.53415" lon="12.41481"><ele>14.0</ele></rtept><rtept lat="57.534168" lon="12.414825"><ele>14.0</ele></rtept><rtept lat="57.534195" lon="12.41482"><ele>14.0</ele></rtept><rtept lat="57.534227" lon="12.41482"><ele>14.4</ele></rtept><rtept lat="57.534252" lon="12.414825"><ele>14.4</ele></rtept><rtept lat="57.534272" lon="12.41482"><ele>14.4</ele></rtept><rtept lat="57.53429" lon="12.414817"><ele>14.4</ele></rtept><rtept lat="57.53431" lon="12.414822"><ele>14.4</ele></rtept><rtept lat="57.534342" lon="12.414837"><ele>14.0</ele></rtept><rtept lat="57.53436" lon="12.414842"><ele>13.8</ele></rtept><rtept lat="57.53438" lon="12.414847"><ele>13.6</ele></rtept><rtept lat="57.534405" lon="12.41487"><ele>13.4</ele></rtept><rtept lat="57.534432" lon="12.414883"><ele>13.8</ele></rtept><rtept lat="57.53445" lon="12.41488"><ele>13.6</ele></rtept><rtept lat="57.53447" lon="12.414897"><ele>13.8</ele></rtept><rtept lat="57.534488" lon="12.41489"><ele>13.8</ele></rtept><rtept lat="57.53452" lon="12.414895"><ele>13.2</ele></rtept><rtept lat="57.53454" lon="12.414903"><ele>13.4</ele></rtept><rtept lat="57.534578" lon="12.414937"><ele>13.6</ele></rtept><rtept lat="57.534617" lon="12.414975"><ele>13.6</ele></rtept><rtept lat="57.534642" lon="12.414998"><ele>13.8</ele></rtept><rtept lat="57.534668" lon="12.415008"><ele>13.6</ele></rtept><rtept lat="57.534687" lon="12.415023"><ele>13.4</ele></rtept><rtept lat="57.53472" lon="12.41502"><ele>13.6</ele></rtept><rtept lat="57.534738" lon="12.415023"><ele>13.8</ele></rtept><rtept lat="57.534763" lon="12.415033"><ele>14.0</ele></rtept><rtept lat="57.534783" lon="12.415045"><ele>13.8</ele></rtept><rtept lat="57.534802" lon="12.41506"><ele>13.6</ele></rtept><rtept lat="57.534828" lon="12.415063"><ele>13.6</ele></rtept><rtept lat="57.534853" lon="12.415078"><ele>13.4</ele></rtept><rtept lat="57.534873" lon="12.415082"><ele>13.6</ele></rtept><rtept lat="57.534898" lon="12.415063"><ele>13.8</ele></rtept><rtept lat="57.534923" lon="12.415055"><ele>14.0</ele></rtept><rtept lat="57.53495" lon="12.41504"><ele>14.2</ele></rtept><rtept lat="57.534968" lon="12.415023"><ele>14.4</ele></rtept><rtept lat="57.534988" lon="12.41501"><ele>14.0</ele></rtept><rtept lat="57.535013" lon="12.41501"><ele>14.4</ele></rtept><rtept lat="57.535045" lon="12.414998"><ele>15.2</ele></rtept><rtept lat="57.535065" lon="12.414978"><ele>15.8</ele></rtept><rtept lat="57.535083" lon="12.41495"><ele>15.8</ele></rtept><rtept lat="57.53511" lon="12.41492"><ele>16.2</ele></rtept><rtept lat="57.535128" lon="12.414908"><ele>16.6</ele></rtept><rtept lat="57.535155" lon="12.41489"><ele>17.0</ele></rtept><rtept lat="57.535187" lon="12.41486"><ele>17.4</ele></rtept><rtept lat="57.535212" lon="12.414863"><ele>18.6</ele></rtept><rtept lat="57.535238" lon="12.414872"><ele>18.8</ele></rtept><rtept lat="57.535257" lon="12.414875"><ele>19.0</ele></rtept><rtept lat="57.535277" lon="12.414863"><ele>19.8</ele></rtept><rtept lat="57.535295" lon="12.414852"><ele>21.4</ele></rtept><rtept lat="57.535315" lon="12.414818"><ele>23.0</ele></rtept><rtept lat="57.535333" lon="12.414802"><ele>23.0</ele></rtept><rtept lat="57.535353" lon="12.414787"><ele>23.6</ele></rtept><rtept lat="57.535372" lon="12.414758"><ele>23.8</ele></rtept><rtept lat="57.535398" lon="12.414755"><ele>24.4</ele></rtept><rtept lat="57.535417" lon="12.414758"><ele>24.8</ele></rtept><rtept lat="57.535437" lon="12.41476"><ele>25.2</ele></rtept><rtept lat="57.535455" lon="12.414755"><ele>25.4</ele></rtept><rtept lat="57.53548" lon="12.41474"><ele>25.8</ele></rtept><rtept lat="57.535507" lon="12.414725"><ele>25.6</ele></rtept><rtept lat="57.535525" lon="12.41471"><ele>26.0</ele></rtept><rtept lat="57.535558" lon="12.414693"><ele>26.4</ele></rtept><rtept lat="57.535577" lon="12.414692"><ele>26.4</ele></rtept><rtept lat="57.535597" lon="12.414687"><ele>26.6</ele></rtept><rtept lat="57.535615" lon="12.414685"><ele>26.6</ele></rtept><rtept lat="57.53564" lon="12.414682"><ele>27.0</ele></rtept><rtept lat="57.53566" lon="12.414672"><ele>27.0</ele></rtept><rtept lat="57.53568" lon="12.41466"><ele>26.8</ele></rtept><rtept lat="57.535698" lon="12.414648"><ele>27.0</ele></rtept><rtept lat="57.53573" lon="12.414627"><ele>27.0</ele></rtept><rtept lat="57.535757" lon="12.414612"><ele>27.0</ele></rtept><rtept lat="57.535782" lon="12.414602"><ele>27.0</ele></rtept><rtept lat="57.53582" lon="12.41458"><ele>27.4</ele></rtept><rtept lat="57.53584" lon="12.414567"><ele>27.4</ele></rtept><rtept lat="57.535858" lon="12.41456"><ele>27.2</ele></rtept><rtept lat="57.535878" lon="12.414543"><ele>27.6</ele></rtept><rtept lat="57.53589" lon="12.414495"><ele>27.6</ele></rtept><rtept lat="57.53591" lon="12.414462"><ele>28.0</ele></rtept><rtept lat="57.535935" lon="12.414448"><ele>28.0</ele></rtept><rtept lat="57.535955" lon="12.414435"><ele>28.2</ele></rtept><rtept lat="57.53598" lon="12.414415"><ele>28.4</ele></rtept><rtept lat="57.535993" lon="12.41439"><ele>28.4</ele></rtept><rtept lat="57.536018" lon="12.414342"><ele>28.6</ele></rtept><rtept lat="57.536038" lon="12.414315"><ele>28.6</ele></rtept><rtept lat="57.536057" lon="12.414265"><ele>29.2</ele></rtept><rtept lat="57.53607" lon="12.414237"><ele>29.2</ele></rtept><rtept lat="57.536082" lon="12.4142"><ele>29.2</ele></rtept><rtept lat="57.536095" lon="12.41417"><ele>29.6</ele></rtept><rtept lat="57.536108" lon="12.414135"><ele>29.6</ele></rtept><rtept lat="57.536127" lon="12.414105"><ele>30.0</ele></rtept><rtept lat="57.53614" lon="12.414075"><ele>30.4</ele></rtept><rtept lat="57.536153" lon="12.414035"><ele>30.4</ele></rtept><rtept lat="57.536172" lon="12.413998"><ele>30.4</ele></rtept><rtept lat="57.536165" lon="12.41396"><ele>30.6</ele></rtept><rtept lat="57.536147" lon="12.413947"><ele>31.0</ele></rtept><rtept lat="57.536133" lon="12.413908"><ele>31.4</ele></rtept><rtept lat="57.53614" lon="12.413862"><ele>31.8</ele></rtept><rtept lat="57.536147" lon="12.413823"><ele>32.4</ele></rtept><rtept lat="57.53616" lon="12.413798"><ele>33.0</ele></rtept><rtept lat="57.536178" lon="12.413775"><ele>33.4</ele></rtept><rtept lat="57.536203" lon="12.413763"><ele>33.2</ele></rtept><rtept lat="57.53623" lon="12.413762"><ele>33.4</ele></rtept><rtept lat="57.536248" lon="12.413755"><ele>33.2</ele></rtept><rtept lat="57.536268" lon="12.413742"><ele>33.0</ele></rtept><rtept lat="57.536287" lon="12.41372"><ele>32.8</ele></rtept><rtept lat="57.5363" lon="12.41366"><ele>32.4</ele></rtept><rtept lat="57.536307" lon="12.4136"><ele>32.6</ele></rtept><rtept lat="57.53632" lon="12.41356"><ele>32.6</ele></rtept><rtept lat="57.536332" lon="12.41351"><ele>32.6</ele></rtept><rtept lat="57.536352" lon="12.41347"><ele>33.0</ele></rtept><rtept lat="57.53637" lon="12.41347"><ele>33.0</ele></rtept><rtept lat="57.536397" lon="12.413475"><ele>33.4</ele></rtept><rtept lat="57.536415" lon="12.413485"><ele>33.8</ele></rtept><rtept lat="57.536435" lon="12.413497"><ele>33.8</ele></rtept><rtept lat="57.536467" lon="12.41355"><ele>33.8</ele></rtept><rtept lat="57.536492" lon="12.41359"><ele>33.6</ele></rtept><rtept lat="57.536505" lon="12.413615"><ele>33.4</ele></rtept><rtept lat="57.536523" lon="12.41366"><ele>33.8</ele></rtept><rtept lat="57.53655" lon="12.413708"><ele>33.4</ele></rtept><rtept lat="57.536568" lon="12.413747"><ele>33.4</ele></rtept><rtept lat="57.536582" lon="12.413775"><ele>33.0</ele></rtept><rtept lat="57.536607" lon="12.413792"><ele>33.0</ele></rtept><rtept lat="57.536627" lon="12.413807"><ele>33.0</ele></rtept><rtept lat="57.536652" lon="12.41382"><ele>32.6</ele></rtept><rtept lat="57.536678" lon="12.413847"><ele>32.8</ele></rtept><rtept lat="57.536697" lon="12.413888"><ele>32.6</ele></rtept><rtept lat="57.536703" lon="12.41392"><ele>32.4</ele></rtept><rtept lat="57.536703" lon="12.413958"><ele>32.6</ele></rtept><rtept lat="57.536703" lon="12.413992"><ele>32.4</ele></rtept><rtept lat="57.536697" lon="12.41404"><ele>31.8</ele></rtept><rtept lat="57.536717" lon="12.414078"><ele>31.6</ele></rtept><rtept lat="57.536728" lon="12.414102"><ele>31.4</ele></rtept><rtept lat="57.536748" lon="12.414127"><ele>31.0</ele></rtept><rtept lat="57.53676" lon="12.414152"><ele>30.2</ele></rtept><rtept lat="57.53678" lon="12.41419"><ele>29.8</ele></rtept><rtept lat="57.536793" lon="12.414243"><ele>29.0</ele></rtept><rtept lat="57.5368" lon="12.4143"><ele>28.6</ele></rtept><rtept lat="57.536812" lon="12.414325"><ele>28.2</ele></rtept><rtept lat="57.536832" lon="12.41437"><ele>28.0</ele></rtept><rtept lat="57.536843" lon="12.414398"><ele>27.8</ele></rtept><rtept lat="57.536857" lon="12.41444"><ele>27.6</ele></rtept><rtept lat="57.536877" lon="12.414468"><ele>27.4</ele></rtept><rtept lat="57.536888" lon="12.414498"><ele>27.4</ele></rtept><rtept lat="57.53692" lon="12.414533"><ele>27.8</ele></rtept><rtept lat="57.53694" lon="12.414567"><ele>27.4</ele></rtept><rtept lat="57.536965" lon="12.414612"><ele>27.6</ele></rtept><rtept lat="57.537003" lon="12.414672"><ele>27.8</ele></rtept><rtept lat="57.537042" lon="12.41473"><ele>28.0</ele></rtept><rtept lat="57.53708" lon="12.41478"><ele>27.6</ele></rtept><rtept lat="57.53712" lon="12.414832"><ele>27.6</ele></rtept><rtept lat="57.537145" lon="12.41488"><ele>27.6</ele></rtept><rtept lat="57.53717" lon="12.414937"><ele>27.4</ele></rtept><rtept lat="57.537197" lon="12.415003"><ele>27.0</ele></rtept><rtept lat="57.537228" lon="12.41506"><ele>27.0</ele></rtept><rtept lat="57.537253" lon="12.415113"><ele>27.0</ele></rtept><rtept lat="57.537273" lon="12.415162"><ele>26.8</ele></rtept><rtept lat="57.537285" lon="12.41522"><ele>26.6</ele></rtept><rtept lat="57.537285" lon="12.415293"><ele>27.0</ele></rtept><rtept lat="57.537273" lon="12.415378"><ele>26.6</ele></rtept><rtept lat="57.537253" lon="12.415452"><ele>26.4</ele></rtept><rtept lat="57.53724" lon="12.415547"><ele>26.6</ele></rtept><rtept lat="57.537228" lon="12.4156"><ele>26.8</ele></rtept><rtept lat="57.537208" lon="12.41565"><ele>26.4</ele></rtept><rtept lat="57.53719" lon="12.415683"><ele>26.6</ele></rtept><rtept lat="57.537183" lon="12.415742"><ele>26.4</ele></rtept><rtept lat="57.537183" lon="12.41578"><ele>26.6</ele></rtept><rtept lat="57.53719" lon="12.415835"><ele>26.2</ele></rtept><rtept lat="57.537202" lon="12.41588"><ele>26.2</ele></rtept><rtept lat="57.537208" lon="12.41592"><ele>26.4</ele></rtept><rtept lat="57.537208" lon="12.415972"><ele>26.2</ele></rtept><rtept lat="57.537183" lon="12.416023"><ele>26.2</ele></rtept><rtept lat="57.53717" lon="12.416102"><ele>26.4</ele></rtept><rtept lat="57.53717" lon="12.416152"><ele>26.0</ele></rtept><rtept lat="57.537152" lon="12.416205"><ele>25.8</ele></rtept><rtept lat="57.537132" lon="12.416245"><ele>26.2</ele></rtept><rtept lat="57.53712" lon="12.416277"><ele>25.8</ele></rtept><rtept lat="57.5371" lon="12.4163"><ele>26.0</ele></rtept><rtept lat="57.537093" lon="12.416345"><ele>25.6</ele></rtept><rtept lat="57.537062" lon="12.416383"><ele>26.0</ele></rtept><rtept lat="57.53703" lon="12.416425"><ele>26.0</ele></rtept><rtept lat="57.537003" lon="12.416463"><ele>25.6</ele></rtept><rtept lat="57.536992" lon="12.416508"><ele>25.6</ele></rtept><rtept lat="57.536972" lon="12.416555"><ele>25.6</ele></rtept><rtept lat="57.536965" lon="12.416587"><ele>25.0</ele></rtept><rtept lat="57.536947" lon="12.416633"><ele>24.4</ele></rtept><rtept lat="57.536927" lon="12.416693"><ele>23.8</ele></rtept><rtept lat="57.536908" lon="12.416727"><ele>23.4</ele></rtept><rtept lat="57.536888" lon="12.416753"><ele>23.6</ele></rtept><rtept lat="57.53687" lon="12.416787"><ele>23.4</ele></rtept><rtept lat="57.536857" lon="12.416812"><ele>23.0</ele></rtept><rtept lat="57.536843" lon="12.41686"><ele>23.0</ele></rtept><rtept lat="57.536832" lon="12.41691"><ele>22.0</ele></rtept><rtept lat="57.53685" lon="12.416905"><ele>21.8</ele></rtept><rtept lat="57.53687" lon="12.416912"><ele>21.8</ele></rtept><rtept lat="57.536888" lon="12.416947"><ele>21.0</ele></rtept><rtept lat="57.536908" lon="12.416987"><ele>21.0</ele></rtept><rtept lat="57.53692" lon="12.417012"><ele>20.4</ele></rtept><rtept lat="57.53694" lon="12.417035"><ele>19.8</ele></rtept><rtept lat="57.53696" lon="12.417057"><ele>19.8</ele></rtept><rtept lat="57.536985" lon="12.417083"><ele>18.8</ele></rtept><rtept lat="57.53701" lon="12.417113"><ele>18.6</ele></rtept><rtept lat="57.53703" lon="12.417133"><ele>18.4</ele></rtept><rtept lat="57.537048" lon="12.41715"><ele>17.8</ele></rtept><rtept lat="57.537068" lon="12.417155"><ele>17.2</ele></rtept><rtept lat="57.537087" lon="12.41715"><ele>17.2</ele></rtept><rtept lat="57.53712" lon="12.417155"><ele>16.6</ele></rtept><rtept lat="57.537138" lon="12.417168"><ele>16.2</ele></rtept><rtept lat="57.537158" lon="12.41718"><ele>16.0</ele></rtept><rtept lat="57.537183" lon="12.417195"><ele>15.8</ele></rtept><rtept lat="57.537202" lon="12.41721"><ele>15.6</ele></rtept><rtept lat="57.537222" lon="12.417228"><ele>15.2</ele></rtept><rtept lat="57.537247" lon="12.417247"><ele>15.0</ele></rtept><rtept lat="57.537273" lon="12.417255"><ele>15.0</ele></rtept><rtept lat="57.537298" lon="12.417262"><ele>15.6</ele></rtept><rtept lat="57.537337" lon="12.417275"><ele>15.4</ele></rtept><rtept lat="57.537362" lon="12.417288"><ele>15.0</ele></rtept><rtept lat="57.537388" lon="12.4173"><ele>14.8</ele></rtept><rtept lat="57.53742" lon="12.417313"><ele>14.8</ele></rtept><rtept lat="57.537452" lon="12.41734"><ele>14.4</ele></rtept><rtept lat="57.537465" lon="12.417367"><ele>14.2</ele></rtept><rtept lat="57.537483" lon="12.417397"><ele>14.6</ele></rtept><rtept lat="57.537517" lon="12.417428"><ele>14.4</ele></rtept><rtept lat="57.537528" lon="12.417453"><ele>14.4</ele></rtept><rtept lat="57.53756" lon="12.417478"><ele>14.6</ele></rtept><rtept lat="57.537587" lon="12.417497"><ele>14.4</ele></rtept><rtept lat="57.537605" lon="12.417512"><ele>14.2</ele></rtept><rtept lat="57.537632" lon="12.417532"><ele>14.6</ele></rtept><rtept lat="57.537663" lon="12.417547"><ele>14.6</ele></rtept><rtept lat="57.537682" lon="12.417565"><ele>14.4</ele></rtept><rtept lat="57.537702" lon="12.41758"><ele>14.8</ele></rtept><rtept lat="57.53772" lon="12.417592"><ele>15.0</ele></rtept><rtept lat="57.53774" lon="12.417615"><ele>14.6</ele></rtept><rtept lat="57.53776" lon="12.417637"><ele>15.0</ele></rtept><rtept lat="57.537778" lon="12.417652"><ele>15.0</ele></rtept><rtept lat="57.537817" lon="12.41769"><ele>14.8</ele></rtept><rtept lat="57.537837" lon="12.417703"><ele>15.0</ele></rtept><rtept lat="57.537855" lon="12.417712"><ele>14.8</ele></rtept><rtept lat="57.537875" lon="12.41773"><ele>14.8</ele></rtept><rtept lat="57.537893" lon="12.41776"><ele>15.2</ele></rtept><rtept lat="57.53792" lon="12.417795"><ele>14.8</ele></rtept><rtept lat="57.537938" lon="12.417817"><ele>15.2</ele></rtept><rtept lat="57.537958" lon="12.41784"><ele>15.4</ele></rtept><rtept lat="57.537977" lon="12.417858"><ele>15.0</ele></rtept><rtept lat="57.537997" lon="12.417875"><ele>15.4</ele></rtept><rtept lat="57.538015" lon="12.417898"><ele>15.6</ele></rtept><rtept lat="57.53804" lon="12.417923"><ele>15.2</ele></rtept><rtept lat="57.538073" lon="12.417962"><ele>15.8</ele></rtept><rtept lat="57.538092" lon="12.417982"><ele>15.4</ele></rtept><rtept lat="57.538112" lon="12.418008"><ele>15.2</ele></rtept><rtept lat="57.53813" lon="12.418023"><ele>15.6</ele></rtept><rtept lat="57.538162" lon="12.418053"><ele>15.2</ele></rtept><rtept lat="57.538195" lon="12.41806"><ele>15.6</ele></rtept><rtept lat="57.538213" lon="12.418057"><ele>15.6</ele></rtept><rtept lat="57.538233" lon="12.418052"><ele>15.4</ele></rtept><rtept lat="57.538252" lon="12.418047"><ele>15.6</ele></rtept><rtept lat="57.538272" lon="12.418047"><ele>15.4</ele></rtept><rtept lat="57.53829" lon="12.418047"><ele>15.2</ele></rtept><rtept lat="57.53831" lon="12.41804"><ele>15.4</ele></rtept><rtept lat="57.538328" lon="12.418033"><ele>15.2</ele></rtept><rtept lat="57.538355" lon="12.418028"><ele>15.4</ele></rtept><rtept lat="57.53838" lon="12.418033"><ele>15.6</ele></rtept><rtept lat="57.538405" lon="12.418038"><ele>15.4</ele></rtept><rtept lat="57.538425" lon="12.418053"><ele>15.4</ele></rtept><rtept lat="57.538443" lon="12.41808"><ele>15.8</ele></rtept><rtept lat="57.538463" lon="12.4181"><ele>15.4</ele></rtept><rtept lat="57.538488" lon="12.418122"><ele>15.4</ele></rtept><rtept lat="57.538508" lon="12.418133"><ele>15.6</ele></rtept><rtept lat="57.538527" lon="12.418133"><ele>15.4</ele></rtept><rtept lat="57.538553" lon="12.418133"><ele>15.4</ele></rtept><rtept lat="57.538578" lon="12.418132"><ele>15.6</ele></rtept><rtept lat="57.538598" lon="12.418132"><ele>15.4</ele></rtept><rtept lat="57.53863" lon="12.418138"><ele>15.4</ele></rtept><rtept lat="57.538648" lon="12.418147"><ele>15.8</ele></rtept><rtept lat="57.538675" lon="12.418167"><ele>15.8</ele></rtept><rtept lat="57.5387" lon="12.418177"><ele>15.6</ele></rtept><rtept lat="57.53872" lon="12.418187"><ele>16.2</ele></rtept><rtept lat="57.538738" lon="12.418198"><ele>16.0</ele></rtept><rtept lat="57.53877" lon="12.418207"><ele>15.8</ele></rtept><rtept lat="57.53879" lon="12.41822"><ele>16.2</ele></rtept><rtept lat="57.538808" lon="12.41823"><ele>16.2</ele></rtept><rtept lat="57.538835" lon="12.418232"><ele>16.0</ele></rtept><rtept lat="57.53886" lon="12.418237"><ele>16.2</ele></rtept><rtept lat="57.53888" lon="12.418245"><ele>16.2</ele></rtept><rtept lat="57.538898" lon="12.418297"><ele>16.2</ele></rtept><rtept lat="57.538923" lon="12.418345"><ele>16.0</ele></rtept><rtept lat="57.538962" lon="12.418375"><ele>15.8</ele></rtept><rtept lat="57.538982" lon="12.418385"><ele>15.8</ele></rtept><rtept lat="57.539007" lon="12.418392"><ele>15.4</ele></rtept><rtept lat="57.539027" lon="12.4184"><ele>15.8</ele></rtept><rtept lat="57.539045" lon="12.418403"><ele>16.0</ele></rtept><rtept lat="57.539065" lon="12.418405"><ele>15.6</ele></rtept><rtept lat="57.539083" lon="12.418415"><ele>15.6</ele></rtept><rtept lat="57.539103" lon="12.418423"><ele>15.6</ele></rtept><rtept lat="57.539135" lon="12.41845"><ele>15.0</ele></rtept><rtept lat="57.539173" lon="12.41848"><ele>14.8</ele></rtept><rtept lat="57.539193" lon="12.418495"><ele>14.8</ele></rtept><rtept lat="57.539225" lon="12.41852"><ele>15.0</ele></rtept><rtept lat="57.539243" lon="12.418528"><ele>15.0</ele></rtept><rtept lat="57.539263" lon="12.418537"><ele>15.2</ele></rtept><rtept lat="57.539282" lon="12.418542"><ele>15.4</ele></rtept><rtept lat="57.539315" lon="12.418568"><ele>15.4</ele></rtept><rtept lat="57.539333" lon="12.418573"><ele>15.6</ele></rtept><rtept lat="57.539365" lon="12.418582"><ele>15.8</ele></rtept><rtept lat="57.539385" lon="12.418588"><ele>15.8</ele></rtept><rtept lat="57.539403" lon="12.418595"><ele>15.8</ele></rtept><rtept lat="57.539423" lon="12.4186"><ele>15.8</ele></rtept><rtept lat="57.539442" lon="12.418605"><ele>16.2</ele></rtept><rtept lat="57.539462" lon="12.41861"><ele>16.0</ele></rtept><rtept lat="57.5395" lon="12.418647"><ele>16.4</ele></rtept><rtept lat="57.539532" lon="12.41868"><ele>16.0</ele></rtept><rtept lat="57.539563" lon="12.418695"><ele>16.4</ele></rtept><rtept lat="57.539597" lon="12.418713"><ele>16.2</ele></rtept><rtept lat="57.539628" lon="12.418732"><ele>16.2</ele></rtept><rtept lat="57.539653" lon="12.418763"><ele>16.2</ele></rtept><rtept lat="57.539685" lon="12.418797"><ele>16.4</ele></rtept><rtept lat="57.539705" lon="12.418803"><ele>16.4</ele></rtept><rtept lat="57.539723" lon="12.418818"><ele>16.6</ele></rtept><rtept lat="57.539743" lon="12.418833"><ele>16.6</ele></rtept><rtept lat="57.539768" lon="12.418867"><ele>16.2</ele></rtept><rtept lat="57.539788" lon="12.418878"><ele>16.4</ele></rtept><rtept lat="57.539807" lon="12.418878"><ele>16.2</ele></rtept><rtept lat="57.53984" lon="12.41886"><ele>16.4</ele></rtept><rtept lat="57.539858" lon="12.418852"><ele>16.4</ele></rtept><rtept lat="57.539878" lon="12.41884"><ele>16.8</ele></rtept><rtept lat="57.539897" lon="12.418833"><ele>17.2</ele></rtept><rtept lat="57.539917" lon="12.418827"><ele>17.0</ele></rtept><rtept lat="57.539942" lon="12.418817"><ele>16.8</ele></rtept><rtept lat="57.53996" lon="12.418803"><ele>17.2</ele></rtept><rtept lat="57.53998" lon="12.418797"><ele>17.0</ele></rtept><rtept lat="57.54" lon="12.418793"><ele>17.0</ele></rtept><rtept lat="57.540018" lon="12.418788"><ele>17.2</ele></rtept><rtept lat="57.540038" lon="12.41878"><ele>17.2</ele></rtept><rtept lat="57.54005" lon="12.418753"><ele>17.0</ele></rtept><rtept lat="57.540063" lon="12.418722"><ele>17.4</ele></rtept><rtept lat="57.540082" lon="12.418655"><ele>17.2</ele></rtept><rtept lat="57.540095" lon="12.418628"><ele>17.6</ele></rtept><rtept lat="57.540108" lon="12.4186"><ele>17.4</ele></rtept><rtept lat="57.540133" lon="12.418565"><ele>17.4</ele></rtept><rtept lat="57.54016" lon="12.41854"><ele>17.8</ele></rtept><rtept lat="57.540178" lon="12.41851"><ele>17.2</ele></rtept><rtept lat="57.540203" lon="12.41848"><ele>17.4</ele></rtept><rtept lat="57.540223" lon="12.41845"><ele>17.6</ele></rtept><rtept lat="57.540242" lon="12.41842"><ele>17.2</ele></rtept><rtept lat="57.540262" lon="12.418387"><ele>17.6</ele></rtept><rtept lat="57.540287" lon="12.418347"><ele>17.8</ele></rtept><rtept lat="57.540307" lon="12.418307"><ele>17.4</ele></rtept><rtept lat="57.540325" lon="12.418275"><ele>17.8</ele></rtept><rtept lat="57.540358" lon="12.418262"><ele>17.8</ele></rtept><rtept lat="57.54039" lon="12.41826"><ele>17.6</ele></rtept><rtept lat="57.540422" lon="12.418272"><ele>17.8</ele></rtept><rtept lat="57.540447" lon="12.418292"><ele>17.6</ele></rtept><rtept lat="57.54048" lon="12.4183"><ele>17.6</ele></rtept><rtept lat="57.540512" lon="12.4183"><ele>18.0</ele></rtept><rtept lat="57.540543" lon="12.418312"><ele>17.6</ele></rtept><rtept lat="57.540562" lon="12.418315"><ele>18.0</ele></rtept><rtept lat="57.540582" lon="12.418312"><ele>18.2</ele></rtept><rtept lat="57.540613" lon="12.418312"><ele>18.0</ele></rtept><rtept lat="57.54064" lon="12.418317"><ele>18.4</ele></rtept><rtept lat="57.540658" lon="12.418332"><ele>18.2</ele></rtept><rtept lat="57.54069" lon="12.418345"><ele>18.2</ele></rtept><rtept lat="57.540717" lon="12.418347"><ele>18.4</ele></rtept><rtept lat="57.540735" lon="12.41835"><ele>18.0</ele></rtept><rtept lat="57.54076" lon="12.418352"><ele>18.2</ele></rtept><rtept lat="57.54078" lon="12.418362"><ele>18.4</ele></rtept><rtept lat="57.540812" lon="12.41836"><ele>18.0</ele></rtept><rtept lat="57.540838" lon="12.418355"><ele>18.6</ele></rtept><rtept lat="57.540857" lon="12.41836"><ele>18.6</ele></rtept><rtept lat="57.540877" lon="12.41837"><ele>18.2</ele></rtept><rtept lat="57.540902" lon="12.418377"><ele>18.6</ele></rtept><rtept lat="57.540933" lon="12.418387"><ele>18.4</ele></rtept><rtept lat="57.54096" lon="12.418392"><ele>18.6</ele></rtept><rtept lat="57.540985" lon="12.418405"><ele>18.8</ele></rtept><rtept lat="57.54101" lon="12.41842"><ele>18.4</ele></rtept><rtept lat="57.541042" lon="12.418432"><ele>18.6</ele></rtept><rtept lat="57.541075" lon="12.418453"><ele>18.8</ele></rtept><rtept lat="57.5411" lon="12.418468"><ele>18.4</ele></rtept><rtept lat="57.54112" lon="12.418477"><ele>19.0</ele></rtept><rtept lat="57.541138" lon="12.41848"><ele>19.0</ele></rtept><rtept lat="57.541177" lon="12.41849"><ele>18.8</ele></rtept><rtept lat="57.541208" lon="12.4185"><ele>19.0</ele></rtept><rtept lat="57.54124" lon="12.418517"><ele>18.6</ele></rtept><rtept lat="57.541273" lon="12.41853"><ele>18.8</ele></rtept><rtept lat="57.541298" lon="12.418548"><ele>19.0</ele></rtept><rtept lat="57.54133" lon="12.418562"><ele>18.6</ele></rtept><rtept lat="57.541357" lon="12.418575"><ele>19.0</ele></rtept><rtept lat="57.541388" lon="12.41858"><ele>19.0</ele></rtept><rtept lat="57.541413" lon="12.418585"><ele>19.0</ele></rtept><rtept lat="57.541445" lon="12.418593"><ele>19.0</ele></rtept><rtept lat="57.541472" lon="12.418602"><ele>18.8</ele></rtept><rtept lat="57.541497" lon="12.418615"><ele>19.0</ele></rtept><rtept lat="57.541528" lon="12.418625"><ele>19.0</ele></rtept><rtept lat="57.541555" lon="12.418642"><ele>18.8</ele></rtept><rtept lat="57.54158" lon="12.418662"><ele>19.0</ele></rtept><rtept lat="57.5416" lon="12.418675"><ele>18.8</ele></rtept><rtept lat="57.541632" lon="12.418687"><ele>19.0</ele></rtept><rtept lat="57.541657" lon="12.418702"><ele>19.0</ele></rtept><rtept lat="57.541682" lon="12.418717"><ele>18.4</ele></rtept><rtept lat="57.541708" lon="12.418727"><ele>19.0</ele></rtept><rtept lat="57.541733" lon="12.418723"><ele>19.0</ele></rtept><rtept lat="57.541765" lon="12.418727"><ele>19.0</ele></rtept><rtept lat="57.541785" lon="12.418733"><ele>19.0</ele></rtept><rtept lat="57.54181" lon="12.418747"><ele>18.6</ele></rtept><rtept lat="57.54183" lon="12.418753"><ele>19.0</ele></rtept><rtept lat="57.541855" lon="12.418763"><ele>19.0</ele></rtept><rtept lat="57.54188" lon="12.418773"><ele>18.8</ele></rtept><rtept lat="57.541907" lon="12.41878"><ele>19.2</ele></rtept><rtept lat="57.541938" lon="12.418788"><ele>19.0</ele></rtept><rtept lat="57.541963" lon="12.418802"><ele>19.0</ele></rtept><rtept lat="57.541997" lon="12.418823"><ele>19.2</ele></rtept><rtept lat="57.542028" lon="12.418847"><ele>18.8</ele></rtept><rtept lat="57.542053" lon="12.41886"><ele>19.0</ele></rtept><rtept lat="57.54208" lon="12.418873"><ele>18.8</ele></rtept><rtept lat="57.542105" lon="12.418882"><ele>18.8</ele></rtept><rtept lat="57.542123" lon="12.418888"><ele>19.0</ele></rtept><rtept lat="57.54215" lon="12.418898"><ele>18.6</ele></rtept><rtept lat="57.542168" lon="12.418912"><ele>19.0</ele></rtept><rtept lat="57.542195" lon="12.41893"><ele>19.2</ele></rtept><rtept lat="57.542227" lon="12.41895"><ele>19.0</ele></rtept><rtept lat="57.542252" lon="12.418957"><ele>19.4</ele></rtept><rtept lat="57.542283" lon="12.418958"><ele>19.2</ele></rtept><rtept lat="57.54231" lon="12.418965"><ele>19.2</ele></rtept><rtept lat="57.542335" lon="12.418972"><ele>19.2</ele></rtept><rtept lat="57.54236" lon="12.418987"><ele>18.8</ele></rtept><rtept lat="57.542387" lon="12.418998"><ele>19.0</ele></rtept><rtept lat="57.542412" lon="12.41902"><ele>19.0</ele></rtept><rtept lat="57.542432" lon="12.419038"><ele>19.0</ele></rtept><rtept lat="57.542457" lon="12.419052"><ele>19.2</ele></rtept><rtept lat="57.542482" lon="12.419065"><ele>18.8</ele></rtept><rtept lat="57.542502" lon="12.419077"><ele>19.0</ele></rtept><rtept lat="57.542527" lon="12.4191"><ele>19.2</ele></rtept><rtept lat="57.542547" lon="12.41912"><ele>19.0</ele></rtept><rtept lat="57.542572" lon="12.419123"><ele>19.2</ele></rtept><rtept lat="57.542598" lon="12.419125"><ele>19.0</ele></rtept><rtept lat="57.542623" lon="12.419125"><ele>19.2</ele></rtept><rtept lat="57.542648" lon="12.41912"><ele>19.4</ele></rtept><rtept lat="57.542675" lon="12.41912"><ele>18.8</ele></rtept><rtept lat="57.5427" lon="12.419117"><ele>19.0</ele></rtept><rtept lat="57.54272" lon="12.41912"><ele>19.2</ele></rtept><rtept lat="57.542738" lon="12.419128"><ele>19.0</ele></rtept><rtept lat="57.542763" lon="12.41916"><ele>19.0</ele></rtept><rtept lat="57.54279" lon="12.4192"><ele>19.0</ele></rtept><rtept lat="57.542808" lon="12.419215"><ele>19.4</ele></rtept><rtept lat="57.542835" lon="12.419223"><ele>19.0</ele></rtept><rtept lat="57.54286" lon="12.419238"><ele>18.8</ele></rtept><rtept lat="57.54288" lon="12.419243"><ele>18.8</ele></rtept><rtept lat="57.542905" lon="12.41925"><ele>18.6</ele></rtept><rtept lat="57.542937" lon="12.419253"><ele>18.6</ele></rtept><rtept lat="57.542982" lon="12.419265"><ele>18.4</ele></rtept><rtept lat="57.543007" lon="12.419275"><ele>18.6</ele></rtept><rtept lat="57.54304" lon="12.419288"><ele>18.6</ele></rtept><rtept lat="57.543065" lon="12.419308"><ele>18.4</ele></rtept><rtept lat="57.543083" lon="12.419335"><ele>18.6</ele></rtept><rtept lat="57.54311" lon="12.419373"><ele>18.2</ele></rtept><rtept lat="57.543128" lon="12.419422"><ele>18.2</ele></rtept><rtept lat="57.543142" lon="12.419473"><ele>18.4</ele></rtept><rtept lat="57.543148" lon="12.41952"><ele>18.0</ele></rtept><rtept lat="57.54316" lon="12.419568"><ele>18.2</ele></rtept><rtept lat="57.543167" lon="12.419613"><ele>18.4</ele></rtept><rtept lat="57.54318" lon="12.41966"><ele>18.0</ele></rtept><rtept lat="57.543193" lon="12.419702"><ele>18.2</ele></rtept><rtept lat="57.543205" lon="12.419752"><ele>18.0</ele></rtept><rtept lat="57.543218" lon="12.4198"><ele>18.0</ele></rtept><rtept lat="57.543225" lon="12.419848"><ele>18.2</ele></rtept><rtept lat="57.543232" lon="12.419898"><ele>17.6</ele></rtept><rtept lat="57.543238" lon="12.419945"><ele>18.0</ele></rtept><rtept lat="57.543238" lon="12.419993"><ele>18.0</ele></rtept><rtept lat="57.543238" lon="12.420038"><ele>17.6</ele></rtept><rtept lat="57.543238" lon="12.420082"><ele>18.0</ele></rtept><rtept lat="57.543232" lon="12.420127"><ele>18.0</ele></rtept><rtept lat="57.543225" lon="12.420172"><ele>18.0</ele></rtept><rtept lat="57.543225" lon="12.420217"><ele>18.0</ele></rtept><rtept lat="57.543225" lon="12.420263"><ele>17.8</ele></rtept><rtept lat="57.543225" lon="12.420312"><ele>18.0</ele></rtept><rtept lat="57.543225" lon="12.42036"><ele>18.2</ele></rtept><rtept lat="57.543218" lon="12.420412"><ele>18.0</ele></rtept><rtept lat="57.543218" lon="12.420458"><ele>18.0</ele></rtept><rtept lat="57.543212" lon="12.420505"><ele>18.2</ele></rtept><rtept lat="57.543205" lon="12.420557"><ele>18.0</ele></rtept><rtept lat="57.5432" lon="12.420603"><ele>18.0</ele></rtept><rtept lat="57.543187" lon="12.42065"><ele>17.8</ele></rtept><rtept lat="57.543187" lon="12.4207"><ele>18.0</ele></rtept><rtept lat="57.54318" lon="12.42074"><ele>18.2</ele></rtept><rtept lat="57.543173" lon="12.420802"><ele>18.0</ele></rtept><rtept lat="57.543167" lon="12.420842"><ele>18.2</ele></rtept><rtept lat="57.54316" lon="12.420907"><ele>18.0</ele></rtept><rtept lat="57.543155" lon="12.420962"><ele>17.8</ele></rtept><rtept lat="57.543142" lon="12.421007"><ele>18.0</ele></rtept><rtept lat="57.543135" lon="12.42106"><ele>17.6</ele></rtept><rtept lat="57.543122" lon="12.42111"><ele>17.8</ele></rtept><rtept lat="57.543117" lon="12.421155"><ele>18.4</ele></rtept><rtept lat="57.54311" lon="12.42119"><ele>18.0</ele></rtept><rtept lat="57.543097" lon="12.42124"><ele>18.2</ele></rtept><rtept lat="57.543078" lon="12.421317"><ele>17.8</ele></rtept><rtept lat="57.543072" lon="12.42136"><ele>18.0</ele></rtept><rtept lat="57.543058" lon="12.42141"><ele>17.4</ele></rtept><rtept lat="57.543045" lon="12.421448"><ele>17.8</ele></rtept><rtept lat="57.54304" lon="12.421503"><ele>17.8</ele></rtept><rtept lat="57.543027" lon="12.421548"><ele>17.6</ele></rtept><rtept lat="57.543013" lon="12.421583"><ele>17.6</ele></rtept><rtept lat="57.543" lon="12.421627"><ele>17.6</ele></rtept><rtept lat="57.542988" lon="12.421685"><ele>17.4</ele></rtept><rtept lat="57.542982" lon="12.421732"><ele>17.6</ele></rtept><rtept lat="57.542968" lon="12.421765"><ele>17.4</ele></rtept><rtept lat="57.542962" lon="12.42181"><ele>17.6</ele></rtept><rtept lat="57.54295" lon="12.421852"><ele>17.6</ele></rtept><rtept lat="57.542937" lon="12.421897"><ele>17.2</ele></rtept><rtept lat="57.542923" lon="12.42195"><ele>17.6</ele></rtept><rtept lat="57.542918" lon="12.421997"><ele>17.4</ele></rtept><rtept lat="57.542905" lon="12.42203"><ele>17.4</ele></rtept><rtept lat="57.542898" lon="12.422068"><ele>17.6</ele></rtept><rtept lat="57.542885" lon="12.422108"><ele>17.2</ele></rtept><rtept lat="57.542873" lon="12.422155"><ele>17.6</ele></rtept><rtept lat="57.54286" lon="12.422202"><ele>17.6</ele></rtept><rtept lat="57.542847" lon="12.42224"><ele>17.4</ele></rtept><rtept lat="57.542835" lon="12.42228"><ele>17.6</ele></rtept><rtept lat="57.542828" lon="12.422327"><ele>17.2</ele></rtept><rtept lat="57.542822" lon="12.422368"><ele>17.6</ele></rtept><rtept lat="57.542808" lon="12.42241"><ele>17.6</ele></rtept><rtept lat="57.542802" lon="12.422455"><ele>17.4</ele></rtept><rtept lat="57.54279" lon="12.422498"><ele>17.6</ele></rtept><rtept lat="57.542783" lon="12.42255"><ele>17.4</ele></rtept><rtept lat="57.542777" lon="12.4226"><ele>17.4</ele></rtept><rtept lat="57.54277" lon="12.422645"><ele>17.6</ele></rtept><rtept lat="57.542763" lon="12.422683"><ele>17.4</ele></rtept><rtept lat="57.542752" lon="12.422737"><ele>17.6</ele></rtept><rtept lat="57.542745" lon="12.422782"><ele>17.8</ele></rtept><rtept lat="57.542738" lon="12.422828"><ele>17.6</ele></rtept><rtept lat="57.542732" lon="12.422873"><ele>17.8</ele></rtept><rtept lat="57.54272" lon="12.422922"><ele>17.6</ele></rtept><rtept lat="57.542713" lon="12.422967"><ele>17.8</ele></rtept><rtept lat="57.542707" lon="12.423013"><ele>17.8</ele></rtept><rtept lat="57.5427" lon="12.42306"><ele>17.6</ele></rtept><rtept lat="57.542687" lon="12.42311"><ele>17.8</ele></rtept><rtept lat="57.54268" lon="12.423165"><ele>17.8</ele></rtept><rtept lat="57.542668" lon="12.423207"><ele>17.8</ele></rtept><rtept lat="57.542662" lon="12.42325"><ele>17.8</ele></rtept><rtept lat="57.542662" lon="12.42329"><ele>17.4</ele></rtept><rtept lat="57.542655" lon="12.423332"><ele>17.6</ele></rtept><rtept lat="57.542648" lon="12.423375"><ele>17.6</ele></rtept><rtept lat="57.542642" lon="12.42342"><ele>17.6</ele></rtept><rtept lat="57.542637" lon="12.423465"><ele>17.8</ele></rtept><rtept lat="57.54263" lon="12.42351"><ele>17.4</ele></rtept><rtept lat="57.542623" lon="12.423555"><ele>17.8</ele></rtept><rtept lat="57.54261" lon="12.4236"><ele>17.8</ele></rtept><rtept lat="57.542592" lon="12.423637"><ele>17.8</ele></rtept><rtept lat="57.542572" lon="12.423662"><ele>18.0</ele></rtept><rtept lat="57.542547" lon="12.4237"><ele>18.0</ele></rtept><rtept lat="57.542527" lon="12.423728"><ele>18.2</ele></rtept><rtept lat="57.542508" lon="12.423753"><ele>18.2</ele></rtept><rtept lat="57.542488" lon="12.42378"><ele>18.0</ele></rtept><rtept lat="57.542463" lon="12.4238"><ele>18.2</ele></rtept><rtept lat="57.542443" lon="12.423825"><ele>18.4</ele></rtept><rtept lat="57.542425" lon="12.42385"><ele>18.0</ele></rtept><rtept lat="57.5424" lon="12.423872"><ele>18.4</ele></rtept><rtept lat="57.54238" lon="12.423895"><ele>18.4</ele></rtept><rtept lat="57.542355" lon="12.423912"><ele>18.0</ele></rtept><rtept lat="57.542335" lon="12.42394"><ele>18.4</ele></rtept><rtept lat="57.542317" lon="12.423972"><ele>18.4</ele></rtept><rtept lat="57.54229" lon="12.423997"><ele>18.2</ele></rtept><rtept lat="57.542272" lon="12.424025"><ele>18.4</ele></rtept><rtept lat="57.542252" lon="12.42406"><ele>18.2</ele></rtept><rtept lat="57.542227" lon="12.424083"><ele>18.4</ele></rtept><rtept lat="57.542188" lon="12.424133"><ele>18.0</ele></rtept><rtept lat="57.542168" lon="12.424153"><ele>18.2</ele></rtept><rtept lat="57.54215" lon="12.424178"><ele>18.2</ele></rtept><rtept lat="57.54213" lon="12.424203"><ele>18.0</ele></rtept><rtept lat="57.542112" lon="12.42423"><ele>18.4</ele></rtept><rtept lat="57.542092" lon="12.424258"><ele>18.2</ele></rtept><rtept lat="57.542067" lon="12.424282"><ele>18.0</ele></rtept><rtept lat="57.54204" lon="12.424298"><ele>18.2</ele></rtept><rtept lat="57.542022" lon="12.42432"><ele>18.0</ele></rtept><rtept lat="57.542002" lon="12.42434"><ele>18.0</ele></rtept><rtept lat="57.541983" lon="12.424362"><ele>18.0</ele></rtept><rtept lat="57.541963" lon="12.424387"><ele>17.8</ele></rtept><rtept lat="57.541945" lon="12.424403"><ele>18.0</ele></rtept><rtept lat="57.541918" lon="12.424428"><ele>18.2</ele></rtept><rtept lat="57.5419" lon="12.424448"><ele>17.8</ele></rtept><rtept lat="57.54188" lon="12.424468"><ele>18.0</ele></rtept><rtept lat="57.541862" lon="12.424482"><ele>18.0</ele></rtept><rtept lat="57.541842" lon="12.424493"><ele>17.8</ele></rtept><rtept lat="57.541817" lon="12.424517"><ele>18.0</ele></rtept><rtept lat="57.541798" lon="12.424537"><ele>17.8</ele></rtept><rtept lat="57.541778" lon="12.424555"><ele>17.8</ele></rtept><rtept lat="57.54176" lon="12.424578"><ele>17.8</ele></rtept><rtept lat="57.541733" lon="12.4246"><ele>17.6</ele></rtept><rtept lat="57.541715" lon="12.42462"><ele>17.8</ele></rtept><rtept lat="57.541695" lon="12.424638"><ele>18.0</ele></rtept><rtept lat="57.541677" lon="12.42466"><ele>17.6</ele></rtept><rtept lat="57.54165" lon="12.42468"><ele>17.8</ele></rtept><rtept lat="57.541632" lon="12.4247"><ele>18.0</ele></rtept><rtept lat="57.541612" lon="12.42472"><ele>17.8</ele></rtept><rtept lat="57.541587" lon="12.424737"><ele>18.0</ele></rtept><rtept lat="57.541567" lon="12.42475"><ele>17.6</ele></rtept><rtept lat="57.541528" lon="12.42479"><ele>17.8</ele></rtept><rtept lat="57.54151" lon="12.424813"><ele>17.4</ele></rtept><rtept lat="57.541483" lon="12.424833"><ele>17.2</ele></rtept><rtept lat="57.541465" lon="12.424855"><ele>17.6</ele></rtept><rtept lat="57.541445" lon="12.424875"><ele>17.4</ele></rtept><rtept lat="57.54142" lon="12.424895"><ele>17.6</ele></rtept><rtept lat="57.541375" lon="12.424928"><ele>17.4</ele></rtept><rtept lat="57.541357" lon="12.424948"><ele>17.4</ele></rtept><rtept lat="57.541337" lon="12.424975"><ele>17.6</ele></rtept><rtept lat="57.541312" lon="12.425008"><ele>17.0</ele></rtept><rtept lat="57.541292" lon="12.425037"><ele>17.4</ele></rtept><rtept lat="57.541273" lon="12.425062"><ele>17.4</ele></rtept><rtept lat="57.541247" lon="12.425088"><ele>17.2</ele></rtept><rtept lat="57.541228" lon="12.425108"><ele>17.4</ele></rtept><rtept lat="57.54119" lon="12.425153"><ele>17.0</ele></rtept><rtept lat="57.54117" lon="12.425168"><ele>17.2</ele></rtept><rtept lat="57.541152" lon="12.425187"><ele>17.2</ele></rtept><rtept lat="57.541132" lon="12.425205"><ele>16.8</ele></rtept><rtept lat="57.541113" lon="12.425217"><ele>17.0</ele></rtept><rtept lat="57.541093" lon="12.425227"><ele>17.0</ele></rtept><rtept lat="57.541068" lon="12.425245"><ele>16.6</ele></rtept><rtept lat="57.541048" lon="12.425262"><ele>16.6</ele></rtept><rtept lat="57.541017" lon="12.425305"><ele>16.4</ele></rtept><rtept lat="57.540992" lon="12.425325"><ele>16.6</ele></rtept><rtept lat="57.540953" lon="12.425365"><ele>16.2</ele></rtept><rtept lat="57.540933" lon="12.42538"><ele>16.4</ele></rtept><rtept lat="57.540915" lon="12.4254"><ele>16.4</ele></rtept><rtept lat="57.540895" lon="12.42542"><ele>16.2</ele></rtept><rtept lat="57.540877" lon="12.425443"><ele>16.4</ele></rtept><rtept lat="57.54085" lon="12.425468"><ele>16.4</ele></rtept><rtept lat="57.540832" lon="12.42549"><ele>16.2</ele></rtept><rtept lat="57.540812" lon="12.42551"><ele>16.4</ele></rtept><rtept lat="57.540793" lon="12.425535"><ele>16.4</ele></rtept><rtept lat="57.54078" lon="12.42556"><ele>16.2</ele></rtept><rtept lat="57.54076" lon="12.42558"><ele>16.2</ele></rtept><rtept lat="57.540742" lon="12.4256"><ele>16.2</ele></rtept><rtept lat="57.540728" lon="12.425623"><ele>15.8</ele></rtept><rtept lat="57.540717" lon="12.425648"><ele>16.0</ele></rtept><rtept lat="57.540697" lon="12.42567"><ele>16.2</ele></rtept><rtept lat="57.540678" lon="12.425703"><ele>15.6</ele></rtept><rtept lat="57.540658" lon="12.425733"><ele>16.0</ele></rtept><rtept lat="57.540633" lon="12.425767"><ele>15.6</ele></rtept><rtept lat="57.540613" lon="12.425787"><ele>15.8</ele></rtept><rtept lat="57.5406" lon="12.425817"><ele>15.8</ele></rtept><rtept lat="57.540588" lon="12.425847"><ele>15.8</ele></rtept><rtept lat="57.540575" lon="12.425873"><ele>16.0</ele></rtept><rtept lat="57.540562" lon="12.425905"><ele>16.2</ele></rtept><rtept lat="57.54055" lon="12.42594"><ele>15.6</ele></rtept><rtept lat="57.540537" lon="12.42598"><ele>16.0</ele></rtept><rtept lat="57.540523" lon="12.426017"><ele>16.0</ele></rtept><rtept lat="57.540505" lon="12.426055"><ele>15.6</ele></rtept><rtept lat="57.540498" lon="12.426087"><ele>15.8</ele></rtept><rtept lat="57.540485" lon="12.426118"><ele>16.0</ele></rtept><rtept lat="57.540467" lon="12.42616"><ele>15.6</ele></rtept><rtept lat="57.54046" lon="12.4262"><ele>15.8</ele></rtept><rtept lat="57.540447" lon="12.426237"><ele>16.0</ele></rtept><rtept lat="57.54044" lon="12.42628"><ele>15.6</ele></rtept><rtept lat="57.540435" lon="12.42632"><ele>15.6</ele></rtept><rtept lat="57.540428" lon="12.426355"><ele>15.8</ele></rtept><rtept lat="57.540415" lon="12.426395"><ele>15.4</ele></rtept><rtept lat="57.540402" lon="12.426437"><ele>15.6</ele></rtept><rtept lat="57.54039" lon="12.426473"><ele>15.8</ele></rtept><rtept lat="57.540383" lon="12.426513"><ele>15.4</ele></rtept><rtept lat="57.54037" lon="12.426547"><ele>15.6</ele></rtept><rtept lat="57.540358" lon="12.426578"><ele>15.4</ele></rtept><rtept lat="57.540345" lon="12.426612"><ele>15.2</ele></rtept><rtept lat="57.540338" lon="12.42665"><ele>15.6</ele></rtept><rtept lat="57.540325" lon="12.426685"><ele>15.2</ele></rtept><rtept lat="57.54032" lon="12.42672"><ele>15.2</ele></rtept><rtept lat="57.540307" lon="12.426757"><ele>15.2</ele></rtept><rtept lat="57.5403" lon="12.426792"><ele>14.8</ele></rtept><rtept lat="57.540287" lon="12.426823"><ele>15.0</ele></rtept><rtept lat="57.540275" lon="12.426855"><ele>15.0</ele></rtept><rtept lat="57.540262" lon="12.426897"><ele>14.8</ele></rtept><rtept lat="57.540248" lon="12.426935"><ele>15.0</ele></rtept><rtept lat="57.540242" lon="12.42697"><ele>15.2</ele></rtept><rtept lat="57.54023" lon="12.42701"><ele>14.8</ele></rtept><rtept lat="57.540217" lon="12.427045"><ele>15.0</ele></rtept><rtept lat="57.540203" lon="12.427082"><ele>15.2</ele></rtept><rtept lat="57.540192" lon="12.427128"><ele>14.8</ele></rtept><rtept lat="57.540178" lon="12.42716"><ele>15.2</ele></rtept><rtept lat="57.540165" lon="12.427193"><ele>15.0</ele></rtept><rtept lat="57.54016" lon="12.427228"><ele>14.8</ele></rtept><rtept lat="57.540147" lon="12.427267"><ele>15.0</ele></rtept><rtept lat="57.54014" lon="12.4273"><ele>15.0</ele></rtept><rtept lat="57.540127" lon="12.427337"><ele>14.8</ele></rtept><rtept lat="57.540108" lon="12.427367"><ele>15.0</ele></rtept><rtept lat="57.540102" lon="12.4274"><ele>14.8</ele></rtept><rtept lat="57.540082" lon="12.427427"><ele>14.8</ele></rtept><rtept lat="57.54007" lon="12.427457"><ele>15.0</ele></rtept><rtept lat="57.540057" lon="12.42749"><ele>15.0</ele></rtept><rtept lat="57.54005" lon="12.427527"><ele>14.8</ele></rtept><rtept lat="57.54005" lon="12.427568"><ele>15.0</ele></rtept><rtept lat="57.540043" lon="12.427603"><ele>15.0</ele></rtept><rtept lat="57.540043" lon="12.427643"><ele>14.8</ele></rtept><rtept lat="57.540032" lon="12.427688"><ele>15.0</ele></rtept><rtept lat="57.540025" lon="12.427735"><ele>15.0</ele></rtept><rtept lat="57.540018" lon="12.427773"><ele>14.6</ele></rtept><rtept lat="57.540005" lon="12.427802"><ele>14.8</ele></rtept><rtept lat="57.539993" lon="12.427828"><ele>14.6</ele></rtept><rtept lat="57.539987" lon="12.42786"><ele>14.4</ele></rtept><rtept lat="57.53998" lon="12.427897"><ele>14.6</ele></rtept><rtept lat="57.539967" lon="12.42796"><ele>14.4</ele></rtept><rtept lat="57.539955" lon="12.427993"><ele>14.6</ele></rtept><rtept lat="57.539942" lon="12.428027"><ele>14.8</ele></rtept><rtept lat="57.539922" lon="12.428067"><ele>14.4</ele></rtept><rtept lat="57.539903" lon="12.4281"><ele>14.6</ele></rtept><rtept lat="57.53989" lon="12.428132"><ele>14.8</ele></rtept><rtept lat="57.539883" lon="12.428165"><ele>14.4</ele></rtept><rtept lat="57.539872" lon="12.428217"><ele>15.0</ele></rtept><rtept lat="57.539852" lon="12.428277"><ele>15.0</ele></rtept><rtept lat="57.53984" lon="12.428303"><ele>15.2</ele></rtept><rtept lat="57.539827" lon="12.428328"><ele>15.2</ele></rtept><rtept lat="57.539813" lon="12.428357"><ele>15.4</ele></rtept><rtept lat="57.5398" lon="12.428383"><ele>15.4</ele></rtept><rtept lat="57.539788" lon="12.42841"><ele>15.2</ele></rtept><rtept lat="57.539775" lon="12.428435"><ele>15.6</ele></rtept><rtept lat="57.539757" lon="12.42846"><ele>15.8</ele></rtept><rtept lat="57.539737" lon="12.428483"><ele>15.8</ele></rtept><rtept lat="57.539712" lon="12.428507"><ele>16.2</ele></rtept><rtept lat="57.539692" lon="12.428523"><ele>16.6</ele></rtept><rtept lat="57.539667" lon="12.428552"><ele>16.4</ele></rtept><rtept lat="57.539647" lon="12.428573"><ele>16.6</ele></rtept><rtept lat="57.539622" lon="12.428592"><ele>16.4</ele></rtept><rtept lat="57.539602" lon="12.428618"><ele>16.2</ele></rtept><rtept lat="57.539583" lon="12.428638"><ele>16.4</ele></rtept><rtept lat="57.539552" lon="12.428667"><ele>16.2</ele></rtept><rtept lat="57.539525" lon="12.428697"><ele>16.0</ele></rtept><rtept lat="57.539507" lon="12.428725"><ele>16.2</ele></rtept><rtept lat="57.539475" lon="12.428757"><ele>16.0</ele></rtept><rtept lat="57.539448" lon="12.428785"><ele>15.8</ele></rtept><rtept lat="57.539423" lon="12.428798"><ele>16.0</ele></rtept><rtept lat="57.539403" lon="12.428815"><ele>15.8</ele></rtept><rtept lat="57.539378" lon="12.42882"><ele>15.6</ele></rtept><rtept lat="57.539353" lon="12.428818"><ele>15.8</ele></rtept><rtept lat="57.539333" lon="12.4288"><ele>15.8</ele></rtept><rtept lat="57.539315" lon="12.428777"><ele>15.6</ele></rtept><rtept lat="57.539295" lon="12.428752"><ele>15.6</ele></rtept><rtept lat="57.539277" lon="12.428725"><ele>15.4</ele></rtept><rtept lat="57.539263" lon="12.428692"><ele>15.2</ele></rtept><rtept lat="57.539243" lon="12.428663"><ele>15.4</ele></rtept><rtept lat="57.539232" lon="12.42864"><ele>14.8</ele></rtept><rtept lat="57.5392" lon="12.428582"><ele>15.2</ele></rtept><rtept lat="57.539187" lon="12.428553"><ele>14.8</ele></rtept><rtept lat="57.539167" lon="12.42852"><ele>15.0</ele></rtept><rtept lat="57.539155" lon="12.428482"><ele>15.0</ele></rtept><rtept lat="57.539135" lon="12.428448"><ele>14.6</ele></rtept><rtept lat="57.53911" lon="12.42841"><ele>14.8</ele></rtept><rtept lat="57.53909" lon="12.428377"><ele>14.8</ele></rtept><rtept lat="57.539072" lon="12.42834"><ele>14.4</ele></rtept><rtept lat="57.539045" lon="12.428308"><ele>14.4</ele></rtept><rtept lat="57.539027" lon="12.428273"><ele>14.2</ele></rtept><rtept lat="57.539" lon="12.42823"><ele>14.0</ele></rtept><rtept lat="57.538995" lon="12.428197"><ele>14.0</ele></rtept><rtept lat="57.538982" lon="12.428172"><ele>13.6</ele></rtept><rtept lat="57.538968" lon="12.42814"><ele>13.6</ele></rtept><rtept lat="57.538957" lon="12.428112"><ele>13.6</ele></rtept><rtept lat="57.538937" lon="12.42807"><ele>13.4</ele></rtept><rtept lat="57.538918" lon="12.428037"><ele>13.4</ele></rtept><rtept lat="57.538905" lon="12.428007"><ele>13.4</ele></rtept><rtept lat="57.538892" lon="12.42798"><ele>13.2</ele></rtept><rtept lat="57.538873" lon="12.42796"><ele>13.2</ele></rtept><rtept lat="57.538853" lon="12.427942"><ele>13.4</ele></rtept><rtept lat="57.538828" lon="12.427923"><ele>12.8</ele></rtept><rtept lat="57.538808" lon="12.427902"><ele>13.0</ele></rtept><rtept lat="57.538777" lon="12.427868"><ele>12.6</ele></rtept><rtept lat="57.538758" lon="12.427857"><ele>12.8</ele></rtept><rtept lat="57.538738" lon="12.427847"><ele>12.8</ele></rtept><rtept lat="57.538713" lon="12.427837"><ele>12.8</ele></rtept><rtept lat="57.538693" lon="12.42784"><ele>12.8</ele></rtept><rtept lat="57.538668" lon="12.427852"><ele>12.6</ele></rtept><rtept lat="57.538648" lon="12.427867"><ele>12.8</ele></rtept><rtept lat="57.538617" lon="12.427877"><ele>12.4</ele></rtept><rtept lat="57.538598" lon="12.427878"><ele>12.6</ele></rtept><rtept lat="57.538578" lon="12.427862"><ele>12.4</ele></rtept><rtept lat="57.53856" lon="12.427868"><ele>12.4</ele></rtept><rtept lat="57.53854" lon="12.427913"><ele>12.6</ele></rtept><rtept lat="57.538515" lon="12.427938"><ele>12.4</ele></rtept><rtept lat="57.538488" lon="12.427933"><ele>12.4</ele></rtept><rtept lat="57.53845" lon="12.427912"><ele>12.6</ele></rtept><rtept lat="57.538412" lon="12.427882"><ele>12.6</ele></rtept><rtept lat="57.538393" lon="12.427858"><ele>12.8</ele></rtept><rtept lat="57.538373" lon="12.427838"><ele>12.8</ele></rtept><rtept lat="57.538355" lon="12.427812"><ele>12.8</ele></rtept><rtept lat="57.538322" lon="12.427768"><ele>13.0</ele></rtept><rtept lat="57.538303" lon="12.427748"><ele>13.2</ele></rtept><rtept lat="57.538283" lon="12.427728"><ele>13.2</ele></rtept><rtept lat="57.538258" lon="12.427715"><ele>13.0</ele></rtept><rtept lat="57.538233" lon="12.427713"><ele>13.2</ele></rtept><rtept lat="57.538213" lon="12.427722"><ele>13.4</ele></rtept><rtept lat="57.538175" lon="12.427738"><ele>13.0</ele></rtept><rtept lat="57.538137" lon="12.427753"><ele>13.2</ele></rtept><rtept lat="57.538098" lon="12.42778"><ele>13.2</ele></rtept><rtept lat="57.538053" lon="12.427793"><ele>13.0</ele></rtept><rtept lat="57.538015" lon="12.427768"><ele>13.2</ele></rtept><rtept lat="57.537997" lon="12.427742"><ele>13.2</ele></rtept><rtept lat="57.537977" lon="12.427725"><ele>13.0</ele></rtept><rtept lat="57.537958" lon="12.427735"><ele>13.2</ele></rtept><rtept lat="57.537938" lon="12.427742"><ele>13.4</ele></rtept><rtept lat="57.537907" lon="12.42772"><ele>13.0</ele></rtept><rtept lat="57.537875" lon="12.427688"><ele>13.2</ele></rtept><rtept lat="57.537837" lon="12.427638"><ele>13.0</ele></rtept><rtept lat="57.537803" lon="12.42761"><ele>12.8</ele></rtept><rtept lat="57.537778" lon="12.427577"><ele>13.2</ele></rtept><rtept lat="57.537765" lon="12.427537"><ele>13.0</ele></rtept><rtept lat="57.53776" lon="12.427497"><ele>13.0</ele></rtept><rtept lat="57.53774" lon="12.427492"><ele>13.0</ele></rtept><rtept lat="57.53772" lon="12.427482"><ele>13.2</ele></rtept><rtept lat="57.537682" lon="12.427497"><ele>13.0</ele></rtept><rtept lat="57.537663" lon="12.427523"><ele>13.4</ele></rtept><rtept lat="57.537643" lon="12.427557"><ele>13.4</ele></rtept><rtept lat="57.537638" lon="12.42759"><ele>13.2</ele></rtept><rtept lat="57.537618" lon="12.42763"><ele>13.6</ele></rtept><rtept lat="57.537605" lon="12.427677"><ele>13.4</ele></rtept><rtept lat="57.53758" lon="12.427703"><ele>13.4</ele></rtept><rtept lat="57.537548" lon="12.427728"><ele>13.4</ele></rtept><rtept lat="57.537503" lon="12.427748"><ele>13.4</ele></rtept><rtept lat="57.537465" lon="12.42776"><ele>13.2</ele></rtept><rtept lat="57.53744" lon="12.42779"><ele>13.4</ele></rtept><rtept lat="57.537413" lon="12.427813"><ele>13.4</ele></rtept><rtept lat="57.537388" lon="12.427835"><ele>13.4</ele></rtept><rtept lat="57.537362" lon="12.42786"><ele>13.4</ele></rtept><rtept lat="57.537337" lon="12.427892"><ele>13.2</ele></rtept><rtept lat="57.537323" lon="12.42792"><ele>13.2</ele></rtept><rtept lat="57.537298" lon="12.427933"><ele>13.4</ele></rtept><rtept lat="57.537298" lon="12.427987"><ele>13.0</ele></rtept><rtept lat="57.537285" lon="12.42802"><ele>13.2</ele></rtept><rtept lat="57.53728" lon="12.428058"><ele>13.4</ele></rtept><rtept lat="57.537267" lon="12.428092"><ele>13.2</ele></rtept><rtept lat="57.537253" lon="12.42815"><ele>13.2</ele></rtept><rtept lat="57.53724" lon="12.42821"><ele>13.4</ele></rtept><rtept lat="57.537228" lon="12.42824"><ele>13.0</ele></rtept><rtept lat="57.537228" lon="12.428277"><ele>13.0</ele></rtept><rtept lat="57.537228" lon="12.42831"><ele>13.2</ele></rtept><rtept lat="57.537222" lon="12.428343"><ele>12.8</ele></rtept><rtept lat="57.537222" lon="12.42838"><ele>13.2</ele></rtept><rtept lat="57.537208" lon="12.42842"><ele>13.2</ele></rtept><rtept lat="57.537208" lon="12.428463"><ele>13.0</ele></rtept><rtept lat="57.537202" lon="12.428512"><ele>13.2</ele></rtept><rtept lat="57.53719" lon="12.428553"><ele>13.0</ele></rtept><rtept lat="57.53719" lon="12.428597"><ele>13.0</ele></rtept><rtept lat="57.537183" lon="12.428647"><ele>13.0</ele></rtept><rtept lat="57.53717" lon="12.428697"><ele>12.8</ele></rtept><rtept lat="57.537163" lon="12.428738"><ele>13.0</ele></rtept><rtept lat="57.537163" lon="12.42878"><ele>13.0</ele></rtept><rtept lat="57.537152" lon="12.428827"><ele>12.8</ele></rtept><rtept lat="57.537145" lon="12.42888"><ele>13.2</ele></rtept><rtept lat="57.537145" lon="12.428923"><ele>13.0</ele></rtept><rtept lat="57.537138" lon="12.428963"><ele>12.8</ele></rtept><rtept lat="57.537138" lon="12.42903"><ele>12.8</ele></rtept><rtept lat="57.537132" lon="12.429068"><ele>12.8</ele></rtept><rtept lat="57.537125" lon="12.42911"><ele>13.0</ele></rtept><rtept lat="57.53712" lon="12.429158"><ele>12.6</ele></rtept><rtept lat="57.537107" lon="12.429203"><ele>13.0</ele></rtept><rtept lat="57.5371" lon="12.429252"><ele>12.8</ele></rtept><rtept lat="57.537087" lon="12.429307"><ele>12.4</ele></rtept><rtept lat="57.537075" lon="12.42936"><ele>12.6</ele></rtept><rtept lat="57.537068" lon="12.429408"><ele>12.4</ele></rtept><rtept lat="57.537062" lon="12.429452"><ele>12.8</ele></rtept><rtept lat="57.537062" lon="12.42949"><ele>13.0</ele></rtept><rtept lat="57.537055" lon="12.42953"><ele>12.8</ele></rtept><rtept lat="57.537042" lon="12.429572"><ele>13.0</ele></rtept><rtept lat="57.537023" lon="12.429612"><ele>12.6</ele></rtept><rtept lat="57.537003" lon="12.42964"><ele>12.8</ele></rtept><rtept lat="57.536985" lon="12.429663"><ele>13.0</ele></rtept><rtept lat="57.536953" lon="12.429703"><ele>12.8</ele></rtept><rtept lat="57.53692" lon="12.42972"><ele>12.6</ele></rtept><rtept lat="57.536888" lon="12.42973"><ele>12.6</ele></rtept><rtept lat="57.536857" lon="12.429737"><ele>12.8</ele></rtept><rtept lat="57.536818" lon="12.42974"><ele>12.4</ele></rtept><rtept lat="57.53678" lon="12.429738"><ele>12.8</ele></rtept><rtept lat="57.536742" lon="12.429725"><ele>12.6</ele></rtept><rtept lat="57.53671" lon="12.429717"><ele>12.8</ele></rtept><rtept lat="57.536672" lon="12.429697"><ele>13.2</ele></rtept><rtept lat="57.53664" lon="12.42967"><ele>12.8</ele></rtept><rtept lat="57.536607" lon="12.429643"><ele>13.0</ele></rtept><rtept lat="57.536575" lon="12.429605"><ele>12.6</ele></rtept><rtept lat="57.53655" lon="12.429562"><ele>13.0</ele></rtept><rtept lat="57.536523" lon="12.429515"><ele>13.2</ele></rtept><rtept lat="57.536505" lon="12.429458"><ele>13.0</ele></rtept><rtept lat="57.536492" lon="12.4294"><ele>13.2</ele></rtept><rtept lat="57.536473" lon="12.42934"><ele>12.6</ele></rtept><rtept lat="57.536473" lon="12.429278"><ele>13.0</ele></rtept><rtept lat="57.536473" lon="12.429208"><ele>12.8</ele></rtept><rtept lat="57.536473" lon="12.429145"><ele>12.8</ele></rtept><rtept lat="57.536473" lon="12.429082"><ele>13.2</ele></rtept><rtept lat="57.536485" lon="12.429023"><ele>13.0</ele></rtept><rtept lat="57.536492" lon="12.428977"><ele>13.2</ele></rtept><rtept lat="57.536505" lon="12.42893"><ele>12.8</ele></rtept><rtept lat="57.536523" lon="12.428887"><ele>13.0</ele></rtept><rtept lat="57.53653" lon="12.428835"><ele>13.2</ele></rtept><rtept lat="57.53655" lon="12.428777"><ele>12.8</ele></rtept><rtept lat="57.536562" lon="12.428717"><ele>13.0</ele></rtept><rtept lat="57.536568" lon="12.428657"><ele>12.8</ele></rtept><rtept lat="57.536568" lon="12.4286"><ele>13.0</ele></rtept><rtept lat="57.536575" lon="12.428548"><ele>13.2</ele></rtept><rtept lat="57.536575" lon="12.428478"><ele>13.0</ele></rtept><rtept lat="57.536582" lon="12.428408"><ele>13.0</ele></rtept><rtept lat="57.536595" lon="12.42835"><ele>12.8</ele></rtept><rtept lat="57.5366" lon="12.428308"><ele>13.2</ele></rtept><rtept lat="57.536607" lon="12.42826"><ele>13.0</ele></rtept><rtept lat="57.536607" lon="12.4282"><ele>12.8</ele></rtept><rtept lat="57.536613" lon="12.428132"><ele>13.0</ele></rtept><rtept lat="57.536613" lon="12.428072"><ele>12.8</ele></rtept><rtept lat="57.536627" lon="12.428022"><ele>13.2</ele></rtept><rtept lat="57.536633" lon="12.42798"><ele>13.4</ele></rtept><rtept lat="57.536645" lon="12.427922"><ele>13.2</ele></rtept><rtept lat="57.536652" lon="12.427872"><ele>13.4</ele></rtept><rtept lat="57.536665" lon="12.427822"><ele>13.0</ele></rtept><rtept lat="57.536678" lon="12.427768"><ele>13.2</ele></rtept><rtept lat="57.53669" lon="12.42772"><ele>13.4</ele></rtept><rtept lat="57.53671" lon="12.427678"><ele>13.2</ele></rtept><rtept lat="57.536728" lon="12.42764"><ele>13.4</ele></rtept><rtept lat="57.536748" lon="12.427608"><ele>13.0</ele></rtept><rtept lat="57.536773" lon="12.42757"><ele>13.4</ele></rtept><rtept lat="57.536805" lon="12.427552"><ele>13.2</ele></rtept><rtept lat="57.536832" lon="12.427552"><ele>13.0</ele></rtept><rtept lat="57.536863" lon="12.42756"><ele>13.2</ele></rtept><rtept lat="57.536902" lon="12.427577"><ele>12.8</ele></rtept><rtept lat="57.53694" lon="12.4276"><ele>13.2</ele></rtept><rtept lat="57.536985" lon="12.427618"><ele>12.6</ele></rtept><rtept lat="57.53703" lon="12.427645"><ele>13.2</ele></rtept><rtept lat="57.537062" lon="12.427668"><ele>13.2</ele></rtept><rtept lat="57.537042" lon="12.42766"><ele>12.4</ele></rtept><rtept lat="57.53703" lon="12.427625"><ele>11.6</ele></rtept></rte></gpx>