<?xml version="1.0" encoding="UTF-8" standalone="no"?><gpx xmlns="http://www.topografix.com/GPX/1/1" xmlns:gpxtpx="http://www.garmin.com/xmlschemas/TrackPointExtension/v1" xmlns:xsi="http://www.w3.org/2001/XMLSchema-instance" creator="Suunto app" version="1.1" xsi:schemaLocation="http://www.topografix.com/GPX/1/1 http://www.topografix.com/GPX/1/1/gpx.xsd http://www.garmin.com/xmlschemas/TrackPointExtension/v1 http://www.garmin.com/xmlschemas/TrackPointExtensionv1.xsd"><metadata><name>suuntoapp-Running-2022-11-12T09-00-06Z</name><desc>Sätila trail Marathon 43 km 2022</desc><author><name>Stefan Bengtsson</name></author></metadata><rte><name>suuntoapp-Running-2022-11-12T09-00-06Z</name><rtept lat="57.536192" lon="12.42961"><ele>12.4</ele></rtept><rtept lat="57.536192" lon="12.42961"><ele>12.4</ele></rtept><rtept lat="57.536192" lon="12.42955"><ele>12.4</ele></rtept><rtept lat="57.536198" lon="12.429487"><ele>12.4</ele></rtept><rtept lat="57.53621" lon="12.429422"><ele>12.4</ele></rtept><rtept lat="57.536217" lon="12.429367"><ele>12.4</ele></rtept><rtept lat="57.536217" lon="12.429307"><ele>12.4</ele></rtept><rtept lat="57.536217" lon="12.429247"><ele>12.4</ele></rtept><rtept lat="57.536217" lon="12.429183"><ele>12.4</ele></rtept><rtept lat="57.536223" lon="12.429122"><ele>12.4</ele></rtept><rtept lat="57.53623" lon="12.429082"><ele>12.2</ele></rtept><rtept lat="57.53623" lon="12.429037"><ele>12.4</ele></rtept><rtept lat="57.536237" lon="12.428997"><ele>12.4</ele></rtept><rtept lat="57.536242" lon="12.428955"><ele>12.2</ele></rtept><rtept lat="57.536248" lon="12.4289"><ele>12.4</ele></rtept><rtept lat="57.536248" lon="12.428842"><ele>12.2</ele></rtept><rtept lat="57.536248" lon="12.428782"><ele>12.2</ele></rtept><rtept lat="57.536248" lon="12.428737"><ele>12.2</ele></rtept><rtept lat="57.536248" lon="12.428683"><ele>12.2</ele></rtept><rtept lat="57.536248" lon="12.428632"><ele>12.2</ele></rtept><rtept lat="57.536255" lon="12.428587"><ele>12.4</ele></rtept><rtept lat="57.536262" lon="12.428522"><ele>12.4</ele></rtept><rtept lat="57.536268" lon="12.428468"><ele>12.2</ele></rtept><rtept lat="57.536275" lon="12.428423"><ele>12.4</ele></rtept><rtept lat="57.536287" lon="12.428377"><ele>12.4</ele></rtept><rtept lat="57.536287" lon="12.428315"><ele>12.4</ele></rtept><rtept lat="57.536287" lon="12.42827"><ele>12.6</ele></rtept><rtept lat="57.53628" lon="12.428217"><ele>12.6</ele></rtept><rtept lat="57.536275" lon="12.428158"><ele>12.4</ele></rtept><rtept lat="57.536275" lon="12.428112"><ele>12.6</ele></rtept><rtept lat="57.53628" lon="12.428058"><ele>12.4</ele></rtept><rtept lat="57.53628" lon="12.428007"><ele>12.4</ele></rtept><rtept lat="57.53628" lon="12.42796"><ele>12.4</ele></rtept><rtept lat="57.53628" lon="12.427903"><ele>12.2</ele></rtept><rtept lat="57.53628" lon="12.427838"><ele>12.0</ele></rtept><rtept lat="57.536287" lon="12.427782"><ele>12.4</ele></rtept><rtept lat="57.536293" lon="12.427738"><ele>12.0</ele></rtept><rtept lat="57.536307" lon="12.427695"><ele>12.0</ele></rtept><rtept lat="57.536313" lon="12.427658"><ele>12.2</ele></rtept><rtept lat="57.536325" lon="12.427608"><ele>12.2</ele></rtept><rtept lat="57.536332" lon="12.427548"><ele>12.0</ele></rtept><rtept lat="57.536338" lon="12.427502"><ele>12.2</ele></rtept><rtept lat="57.536345" lon="12.427455"><ele>12.2</ele></rtept><rtept lat="57.536345" lon="12.427397"><ele>12.2</ele></rtept><rtept lat="57.536345" lon="12.427327"><ele>12.6</ele></rtept><rtept lat="57.536345" lon="12.427277"><ele>12.2</ele></rtept><rtept lat="57.536352" lon="12.427218"><ele>12.2</ele></rtept><rtept lat="57.536358" lon="12.427157"><ele>12.6</ele></rtept><rtept lat="57.536363" lon="12.427108"><ele>12.4</ele></rtept><rtept lat="57.53637" lon="12.42706"><ele>12.4</ele></rtept><rtept lat="57.536383" lon="12.42702"><ele>12.6</ele></rtept><rtept lat="57.53639" lon="12.42698"><ele>12.6</ele></rtept><rtept lat="57.536397" lon="12.426925"><ele>12.6</ele></rtept><rtept lat="57.536402" lon="12.42687"><ele>12.8</ele></rtept><rtept lat="57.536415" lon="12.426837"><ele>12.6</ele></rtept><rtept lat="57.536428" lon="12.426797"><ele>12.4</ele></rtept><rtept lat="57.536447" lon="12.426752"><ele>12.8</ele></rtept><rtept lat="57.536453" lon="12.4267"><ele>12.6</ele></rtept><rtept lat="57.536453" lon="12.426652"><ele>12.6</ele></rtept><rtept lat="57.53646" lon="12.4266"><ele>12.6</ele></rtept><rtept lat="57.536467" lon="12.426543"><ele>12.4</ele></rtept><rtept lat="57.536467" lon="12.426497"><ele>12.4</ele></rtept><rtept lat="57.536473" lon="12.426447"><ele>12.4</ele></rtept><rtept lat="57.536467" lon="12.426398"><ele>12.4</ele></rtept><rtept lat="57.536467" lon="12.426343"><ele>12.2</ele></rtept><rtept lat="57.536467" lon="12.426305"><ele>12.4</ele></rtept><rtept lat="57.536473" lon="12.42624"><ele>12.4</ele></rtept><rtept lat="57.536473" lon="12.426183"><ele>12.6</ele></rtept><rtept lat="57.53648" lon="12.426132"><ele>12.8</ele></rtept><rtept lat="57.536485" lon="12.42608"><ele>12.6</ele></rtept><rtept lat="57.536485" lon="12.426037"><ele>12.8</ele></rtept><rtept lat="57.536492" lon="12.42599"><ele>12.8</ele></rtept><rtept lat="57.536498" lon="12.425938"><ele>12.8</ele></rtept><rtept lat="57.536492" lon="12.4259"><ele>13.0</ele></rtept><rtept lat="57.536505" lon="12.425843"><ele>12.8</ele></rtept><rtept lat="57.536512" lon="12.4258"><ele>12.6</ele></rtept><rtept lat="57.536518" lon="12.42576"><ele>12.8</ele></rtept><rtept lat="57.536523" lon="12.425717"><ele>12.6</ele></rtept><rtept lat="57.536523" lon="12.425678"><ele>12.6</ele></rtept><rtept lat="57.536523" lon="12.425635"><ele>13.0</ele></rtept><rtept lat="57.53653" lon="12.4256"><ele>12.8</ele></rtept><rtept lat="57.53653" lon="12.425553"><ele>12.8</ele></rtept><rtept lat="57.53653" lon="12.425495"><ele>12.8</ele></rtept><rtept lat="57.536523" lon="12.425443"><ele>12.8</ele></rtept><rtept lat="57.53653" lon="12.425397"><ele>12.6</ele></rtept><rtept lat="57.53653" lon="12.425357"><ele>12.8</ele></rtept><rtept lat="57.53653" lon="12.42526"><ele>13.0</ele></rtept><rtept lat="57.53653" lon="12.425213"><ele>13.0</ele></rtept><rtept lat="57.536523" lon="12.42518"><ele>12.8</ele></rtept><rtept lat="57.53653" lon="12.42514"><ele>12.8</ele></rtept><rtept lat="57.53653" lon="12.425087"><ele>13.0</ele></rtept><rtept lat="57.536523" lon="12.425037"><ele>12.6</ele></rtept><rtept lat="57.536523" lon="12.424987"><ele>12.8</ele></rtept><rtept lat="57.536523" lon="12.424942"><ele>13.0</ele></rtept><rtept lat="57.53653" lon="12.424903"><ele>12.8</ele></rtept><rtept lat="57.53653" lon="12.42486"><ele>12.8</ele></rtept><rtept lat="57.536537" lon="12.424795"><ele>13.0</ele></rtept><rtept lat="57.536543" lon="12.424735"><ele>12.8</ele></rtept><rtept lat="57.536543" lon="12.424678"><ele>13.0</ele></rtept><rtept lat="57.536543" lon="12.424625"><ele>12.8</ele></rtept><rtept lat="57.53653" lon="12.424575"><ele>12.6</ele></rtept><rtept lat="57.536523" lon="12.424525"><ele>12.8</ele></rtept><rtept lat="57.536512" lon="12.424487"><ele>12.6</ele></rtept><rtept lat="57.536505" lon="12.424452"><ele>12.6</ele></rtept><rtept lat="57.536492" lon="12.424408"><ele>12.8</ele></rtept><rtept lat="57.536485" lon="12.424363"><ele>12.6</ele></rtept><rtept lat="57.53648" lon="12.424323"><ele>12.8</ele></rtept><rtept lat="57.536467" lon="12.424287"><ele>12.8</ele></rtept><rtept lat="57.536447" lon="12.42425"><ele>12.8</ele></rtept><rtept lat="57.536428" lon="12.424228"><ele>12.6</ele></rtept><rtept lat="57.536408" lon="12.42421"><ele>12.6</ele></rtept><rtept lat="57.536377" lon="12.424183"><ele>12.4</ele></rtept><rtept lat="57.536345" lon="12.424168"><ele>12.6</ele></rtept><rtept lat="57.536325" lon="12.424153"><ele>12.4</ele></rtept><rtept lat="57.5363" lon="12.424135"><ele>12.4</ele></rtept><rtept lat="57.53628" lon="12.424117"><ele>12.6</ele></rtept><rtept lat="57.536262" lon="12.42409"><ele>12.4</ele></rtept><rtept lat="57.536248" lon="12.424055"><ele>12.2</ele></rtept><rtept lat="57.536237" lon="12.424017"><ele>12.4</ele></rtept><rtept lat="57.53621" lon="12.423955"><ele>12.4</ele></rtept><rtept lat="57.536192" lon="12.423905"><ele>12.2</ele></rtept><rtept lat="57.536178" lon="12.423858"><ele>12.0</ele></rtept><rtept lat="57.536172" lon="12.42382"><ele>12.0</ele></rtept><rtept lat="57.536172" lon="12.423777"><ele>12.0</ele></rtept><rtept lat="57.536165" lon="12.42372"><ele>11.8</ele></rtept><rtept lat="57.53616" lon="12.423678"><ele>12.0</ele></rtept><rtept lat="57.536153" lon="12.423635"><ele>11.8</ele></rtept><rtept lat="57.53614" lon="12.423587"><ele>11.8</ele></rtept><rtept lat="57.536133" lon="12.423548"><ele>12.2</ele></rtept><rtept lat="57.536127" lon="12.423505"><ele>12.2</ele></rtept><rtept lat="57.536127" lon="12.42346"><ele>12.0</ele></rtept><rtept lat="57.53612" lon="12.423413"><ele>12.2</ele></rtept><rtept lat="57.536108" lon="12.423373"><ele>12.2</ele></rtept><rtept lat="57.536102" lon="12.423335"><ele>12.0</ele></rtept><rtept lat="57.536095" lon="12.423297"><ele>12.2</ele></rtept><rtept lat="57.536095" lon="12.423252"><ele>12.4</ele></rtept><rtept lat="57.536088" lon="12.423212"><ele>12.0</ele></rtept><rtept lat="57.536077" lon="12.423172"><ele>12.2</ele></rtept><rtept lat="57.53607" lon="12.423125"><ele>12.4</ele></rtept><rtept lat="57.536063" lon="12.42308"><ele>12.2</ele></rtept><rtept lat="57.536057" lon="12.423027"><ele>12.0</ele></rtept><rtept lat="57.536043" lon="12.422987"><ele>12.2</ele></rtept><rtept lat="57.536025" lon="12.42292"><ele>11.8</ele></rtept><rtept lat="57.536012" lon="12.422878"><ele>11.8</ele></rtept><rtept lat="57.535993" lon="12.422822"><ele>11.8</ele></rtept><rtept lat="57.535987" lon="12.422788"><ele>11.8</ele></rtept><rtept lat="57.535987" lon="12.422748"><ele>12.0</ele></rtept><rtept lat="57.535973" lon="12.422708"><ele>12.0</ele></rtept><rtept lat="57.535967" lon="12.42266"><ele>12.0</ele></rtept><rtept lat="57.535955" lon="12.4226"><ele>12.2</ele></rtept><rtept lat="57.535948" lon="12.422565"><ele>12.2</ele></rtept><rtept lat="57.535935" lon="12.422512"><ele>12.0</ele></rtept><rtept lat="57.535928" lon="12.42247"><ele>12.4</ele></rtept><rtept lat="57.535922" lon="12.422417"><ele>12.4</ele></rtept><rtept lat="57.535917" lon="12.422372"><ele>12.2</ele></rtept><rtept lat="57.535917" lon="12.422323"><ele>12.4</ele></rtept><rtept lat="57.535897" lon="12.422272"><ele>12.4</ele></rtept><rtept lat="57.53589" lon="12.422218"><ele>12.2</ele></rtept><rtept lat="57.535878" lon="12.422148"><ele>12.6</ele></rtept><rtept lat="57.535858" lon="12.422088"><ele>12.4</ele></rtept><rtept lat="57.535845" lon="12.422038"><ele>12.0</ele></rtept><rtept lat="57.535833" lon="12.421977"><ele>12.4</ele></rtept><rtept lat="57.535813" lon="12.421917"><ele>12.2</ele></rtept><rtept lat="57.535795" lon="12.42186"><ele>12.0</ele></rtept><rtept lat="57.535782" lon="12.421792"><ele>12.4</ele></rtept><rtept lat="57.535762" lon="12.42172"><ele>12.2</ele></rtept><rtept lat="57.535743" lon="12.421657"><ele>12.2</ele></rtept><rtept lat="57.535737" lon="12.421597"><ele>12.6</ele></rtept><rtept lat="57.53573" lon="12.421543"><ele>12.4</ele></rtept><rtept lat="57.535718" lon="12.421488"><ele>12.4</ele></rtept><rtept lat="57.535712" lon="12.42143"><ele>12.4</ele></rtept><rtept lat="57.535705" lon="12.421373"><ele>12.4</ele></rtept><rtept lat="57.535698" lon="12.421313"><ele>12.4</ele></rtept><rtept lat="57.535692" lon="12.421253"><ele>12.6</ele></rtept><rtept lat="57.535685" lon="12.42119"><ele>12.4</ele></rtept><rtept lat="57.53568" lon="12.421132"><ele>12.6</ele></rtept><rtept lat="57.535673" lon="12.42108"><ele>13.0</ele></rtept><rtept lat="57.535673" lon="12.421007"><ele>12.6</ele></rtept><rtept lat="57.535673" lon="12.420952"><ele>13.0</ele></rtept><rtept lat="57.53568" lon="12.420908"><ele>13.0</ele></rtept><rtept lat="57.535685" lon="12.420852"><ele>12.8</ele></rtept><rtept lat="57.535698" lon="12.420782"><ele>13.0</ele></rtept><rtept lat="57.535718" lon="12.420743"><ele>12.8</ele></rtept><rtept lat="57.53573" lon="12.420693"><ele>12.6</ele></rtept><rtept lat="57.535743" lon="12.420635"><ele>12.8</ele></rtept><rtept lat="57.535757" lon="12.420588"><ele>12.6</ele></rtept><rtept lat="57.535775" lon="12.420543"><ele>12.4</ele></rtept><rtept lat="57.535795" lon="12.420497"><ele>12.6</ele></rtept><rtept lat="57.535807" lon="12.420458"><ele>12.4</ele></rtept><rtept lat="57.535827" lon="12.420418"><ele>12.4</ele></rtept><rtept lat="57.535845" lon="12.420372"><ele>12.6</ele></rtept><rtept lat="57.535858" lon="12.420332"><ele>12.4</ele></rtept><rtept lat="57.535883" lon="12.420293"><ele>12.2</ele></rtept><rtept lat="57.535903" lon="12.420258"><ele>12.4</ele></rtept><rtept lat="57.535922" lon="12.42022"><ele>12.2</ele></rtept><rtept lat="57.535942" lon="12.420192"><ele>12.4</ele></rtept><rtept lat="57.535967" lon="12.420147"><ele>12.6</ele></rtept><rtept lat="57.535987" lon="12.420117"><ele>12.4</ele></rtept><rtept lat="57.536005" lon="12.420093"><ele>12.2</ele></rtept><rtept lat="57.536032" lon="12.420055"><ele>12.4</ele></rtept><rtept lat="57.53605" lon="12.420015"><ele>12.2</ele></rtept><rtept lat="57.53607" lon="12.419968"><ele>12.4</ele></rtept><rtept lat="57.536088" lon="12.419943"><ele>12.6</ele></rtept><rtept lat="57.536127" lon="12.419923"><ele>12.4</ele></rtept><rtept lat="57.536153" lon="12.419928"><ele>12.6</ele></rtept><rtept lat="57.536172" lon="12.419913"><ele>12.8</ele></rtept><rtept lat="57.536198" lon="12.419917"><ele>12.6</ele></rtept><rtept lat="57.53623" lon="12.419935"><ele>12.8</ele></rtept><rtept lat="57.536262" lon="12.419978"><ele>13.0</ele></rtept><rtept lat="57.536287" lon="12.420022"><ele>12.8</ele></rtept><rtept lat="57.536293" lon="12.420068"><ele>13.0</ele></rtept><rtept lat="57.536313" lon="12.420122"><ele>13.2</ele></rtept><rtept lat="57.536325" lon="12.420172"><ele>13.0</ele></rtept><rtept lat="57.536338" lon="12.420227"><ele>13.2</ele></rtept><rtept lat="57.536345" lon="12.42026"><ele>13.2</ele></rtept><rtept lat="57.536363" lon="12.420312"><ele>13.2</ele></rtept><rtept lat="57.536377" lon="12.42034"><ele>13.2</ele></rtept><rtept lat="57.536397" lon="12.420377"><ele>12.8</ele></rtept><rtept lat="57.536408" lon="12.42042"><ele>13.0</ele></rtept><rtept lat="57.536415" lon="12.42046"><ele>13.0</ele></rtept><rtept lat="57.536422" lon="12.420543"><ele>13.0</ele></rtept><rtept lat="57.536435" lon="12.4206"><ele>12.8</ele></rtept><rtept lat="57.53644" lon="12.420645"><ele>12.6</ele></rtept><rtept lat="57.536447" lon="12.420695"><ele>12.8</ele></rtept><rtept lat="57.536447" lon="12.420738"><ele>12.6</ele></rtept><rtept lat="57.536447" lon="12.420775"><ele>12.4</ele></rtept><rtept lat="57.536453" lon="12.420813"><ele>12.6</ele></rtept><rtept lat="57.536467" lon="12.420858"><ele>12.4</ele></rtept><rtept lat="57.53648" lon="12.420907"><ele>12.4</ele></rtept><rtept lat="57.536492" lon="12.420958"><ele>12.6</ele></rtept><rtept lat="57.536498" lon="12.421007"><ele>12.4</ele></rtept><rtept lat="57.536505" lon="12.421057"><ele>12.6</ele></rtept><rtept lat="57.536505" lon="12.421105"><ele>12.8</ele></rtept><rtept lat="57.536505" lon="12.421152"><ele>12.6</ele></rtept><rtept lat="57.536505" lon="12.4212"><ele>13.0</ele></rtept><rtept lat="57.536505" lon="12.421253"><ele>12.8</ele></rtept><rtept lat="57.536505" lon="12.421303"><ele>12.8</ele></rtept><rtept lat="57.536512" lon="12.42136"><ele>13.0</ele></rtept><rtept lat="57.536512" lon="12.421422"><ele>12.8</ele></rtept><rtept lat="57.536523" lon="12.421488"><ele>13.0</ele></rtept><rtept lat="57.53653" lon="12.421542"><ele>13.2</ele></rtept><rtept lat="57.536543" lon="12.421608"><ele>13.0</ele></rtept><rtept lat="57.536557" lon="12.421685"><ele>13.2</ele></rtept><rtept lat="57.536568" lon="12.42177"><ele>13.2</ele></rtept><rtept lat="57.536595" lon="12.421858"><ele>13.0</ele></rtept><rtept lat="57.53662" lon="12.421943"><ele>13.2</ele></rtept><rtept lat="57.536645" lon="12.42203"><ele>13.0</ele></rtept><rtept lat="57.536658" lon="12.422125"><ele>13.2</ele></rtept><rtept lat="57.536652" lon="12.422253"><ele>13.2</ele></rtept><rtept lat="57.53664" lon="12.422373"><ele>13.2</ele></rtept><rtept lat="57.53662" lon="12.42246"><ele>13.2</ele></rtept><rtept lat="57.536607" lon="12.422525"><ele>13.6</ele></rtept><rtept lat="57.536588" lon="12.422545"><ele>13.6</ele></rtept><rtept lat="57.536575" lon="12.422587"><ele>13.4</ele></rtept><rtept lat="57.536575" lon="12.422657"><ele>13.4</ele></rtept><rtept lat="57.536588" lon="12.42271"><ele>13.2</ele></rtept><rtept lat="57.536595" lon="12.42277"><ele>13.4</ele></rtept><rtept lat="57.536595" lon="12.42281"><ele>13.2</ele></rtept><rtept lat="57.536595" lon="12.422855"><ele>13.4</ele></rtept><rtept lat="57.536595" lon="12.4229"><ele>13.4</ele></rtept><rtept lat="57.536595" lon="12.422958"><ele>13.4</ele></rtept><rtept lat="57.536595" lon="12.423002"><ele>13.4</ele></rtept><rtept lat="57.536595" lon="12.423052"><ele>13.2</ele></rtept><rtept lat="57.536595" lon="12.423088"><ele>13.6</ele></rtept><rtept lat="57.536595" lon="12.423125"><ele>13.8</ele></rtept><rtept lat="57.536595" lon="12.423197"><ele>13.8</ele></rtept><rtept lat="57.536595" lon="12.423245"><ele>13.6</ele></rtept><rtept lat="57.5366" lon="12.42329"><ele>13.4</ele></rtept><rtept lat="57.5366" lon="12.423327"><ele>13.4</ele></rtept><rtept lat="57.536607" lon="12.423383"><ele>13.4</ele></rtept><rtept lat="57.536613" lon="12.423443"><ele>13.2</ele></rtept><rtept lat="57.53662" lon="12.423503"><ele>13.4</ele></rtept><rtept lat="57.536627" lon="12.423562"><ele>13.2</ele></rtept><rtept lat="57.536633" lon="12.423612"><ele>13.4</ele></rtept><rtept lat="57.53664" lon="12.423652"><ele>13.4</ele></rtept><rtept lat="57.536652" lon="12.423697"><ele>13.2</ele></rtept><rtept lat="57.536652" lon="12.423737"><ele>13.4</ele></rtept><rtept lat="57.536652" lon="12.423785"><ele>13.8</ele></rtept><rtept lat="57.536658" lon="12.423832"><ele>13.4</ele></rtept><rtept lat="57.536665" lon="12.42388"><ele>13.4</ele></rtept><rtept lat="57.536678" lon="12.423925"><ele>13.6</ele></rtept><rtept lat="57.53669" lon="12.423975"><ele>13.2</ele></rtept><rtept lat="57.536703" lon="12.42403"><ele>13.4</ele></rtept><rtept lat="57.53671" lon="12.424083"><ele>13.4</ele></rtept><rtept lat="57.536722" lon="12.424145"><ele>13.2</ele></rtept><rtept lat="57.536728" lon="12.424205"><ele>13.4</ele></rtept><rtept lat="57.536735" lon="12.424263"><ele>13.2</ele></rtept><rtept lat="57.536748" lon="12.424322"><ele>13.4</ele></rtept><rtept lat="57.53676" lon="12.424373"><ele>13.6</ele></rtept><rtept lat="57.536767" lon="12.424433"><ele>13.4</ele></rtept><rtept lat="57.536767" lon="12.424478"><ele>13.6</ele></rtept><rtept lat="57.536773" lon="12.424518"><ele>13.6</ele></rtept><rtept lat="57.536787" lon="12.424565"><ele>13.4</ele></rtept><rtept lat="57.536793" lon="12.424605"><ele>13.4</ele></rtept><rtept lat="57.536793" lon="12.42465"><ele>13.4</ele></rtept><rtept lat="57.536805" lon="12.424705"><ele>13.4</ele></rtept><rtept lat="57.536805" lon="12.42476"><ele>13.4</ele></rtept><rtept lat="57.536812" lon="12.424817"><ele>13.2</ele></rtept><rtept lat="57.536812" lon="12.424863"><ele>13.4</ele></rtept><rtept lat="57.536812" lon="12.424905"><ele>13.6</ele></rtept><rtept lat="57.536812" lon="12.424948"><ele>13.4</ele></rtept><rtept lat="57.536825" lon="12.424995"><ele>13.6</ele></rtept><rtept lat="57.536832" lon="12.42504"><ele>13.6</ele></rtept><rtept lat="57.536838" lon="12.425083"><ele>13.2</ele></rtept><rtept lat="57.536843" lon="12.425132"><ele>13.2</ele></rtept><rtept lat="57.53685" lon="12.425187"><ele>13.2</ele></rtept><rtept lat="57.53687" lon="12.425255"><ele>12.8</ele></rtept><rtept lat="57.536877" lon="12.425312"><ele>13.0</ele></rtept><rtept lat="57.536877" lon="12.425365"><ele>13.0</ele></rtept><rtept lat="57.536877" lon="12.425415"><ele>12.8</ele></rtept><rtept lat="57.53687" lon="12.425463"><ele>13.0</ele></rtept><rtept lat="57.53687" lon="12.42551"><ele>13.0</ele></rtept><rtept lat="57.536863" lon="12.425558"><ele>12.8</ele></rtept><rtept lat="57.536863" lon="12.4256"><ele>13.0</ele></rtept><rtept lat="57.536857" lon="12.425643"><ele>13.0</ele></rtept><rtept lat="57.53685" lon="12.425695"><ele>13.0</ele></rtept><rtept lat="57.53685" lon="12.425757"><ele>13.0</ele></rtept><rtept lat="57.536863" lon="12.42582"><ele>12.8</ele></rtept><rtept lat="57.53687" lon="12.425892"><ele>13.0</ele></rtept><rtept lat="57.536877" lon="12.425958"><ele>13.2</ele></rtept><rtept lat="57.536895" lon="12.42603"><ele>12.8</ele></rtept><rtept lat="57.53692" lon="12.4261"><ele>13.2</ele></rtept><rtept lat="57.536947" lon="12.42617"><ele>13.0</ele></rtept><rtept lat="57.536978" lon="12.426243"><ele>12.8</ele></rtept><rtept lat="57.53701" lon="12.42632"><ele>13.0</ele></rtept><rtept lat="57.537037" lon="12.426395"><ele>12.8</ele></rtept><rtept lat="57.537055" lon="12.426442"><ele>12.6</ele></rtept><rtept lat="57.53708" lon="12.426498"><ele>12.8</ele></rtept><rtept lat="57.537107" lon="12.426552"><ele>12.8</ele></rtept><rtept lat="57.537125" lon="12.426553"><ele>12.8</ele></rtept><rtept lat="57.537158" lon="12.426562"><ele>13.0</ele></rtept><rtept lat="57.537183" lon="12.426562"><ele>13.2</ele></rtept><rtept lat="57.537202" lon="12.426528"><ele>13.0</ele></rtept><rtept lat="57.537228" lon="12.426552"><ele>13.4</ele></rtept><rtept lat="57.53726" lon="12.426592"><ele>13.0</ele></rtept><rtept lat="57.537285" lon="12.426625"><ele>13.4</ele></rtept><rtept lat="57.537318" lon="12.426685"><ele>13.4</ele></rtept><rtept lat="57.537337" lon="12.426727"><ele>13.6</ele></rtept><rtept lat="57.537343" lon="12.42676"><ele>13.6</ele></rtept><rtept lat="57.537362" lon="12.42679"><ele>13.4</ele></rtept><rtept lat="57.537375" lon="12.42686"><ele>13.6</ele></rtept><rtept lat="57.537375" lon="12.4269"><ele>13.4</ele></rtept><rtept lat="57.537388" lon="12.426943"><ele>13.6</ele></rtept><rtept lat="57.537395" lon="12.42698"><ele>13.8</ele></rtept><rtept lat="57.5374" lon="12.427038"><ele>13.6</ele></rtept><rtept lat="57.537407" lon="12.427102"><ele>14.0</ele></rtept><rtept lat="57.537413" lon="12.427198"><ele>14.0</ele></rtept><rtept lat="57.537407" lon="12.427307"><ele>14.0</ele></rtept><rtept lat="57.537407" lon="12.4274"><ele>14.0</ele></rtept><rtept lat="57.537407" lon="12.427482"><ele>14.0</ele></rtept><rtept lat="57.537407" lon="12.427563"><ele>14.0</ele></rtept><rtept lat="57.537413" lon="12.42765"><ele>14.2</ele></rtept><rtept lat="57.537407" lon="12.427742"><ele>14.0</ele></rtept><rtept lat="57.537395" lon="12.427822"><ele>14.0</ele></rtept><rtept lat="57.537382" lon="12.4279"><ele>14.2</ele></rtept><rtept lat="57.537368" lon="12.427972"><ele>14.2</ele></rtept><rtept lat="57.537362" lon="12.428032"><ele>14.4</ele></rtept><rtept lat="57.537343" lon="12.42807"><ele>14.4</ele></rtept><rtept lat="57.537323" lon="12.428105"><ele>14.2</ele></rtept><rtept lat="57.537312" lon="12.42814"><ele>14.2</ele></rtept><rtept lat="57.537292" lon="12.428185"><ele>14.0</ele></rtept><rtept lat="57.537273" lon="12.428225"><ele>14.2</ele></rtept><rtept lat="57.53726" lon="12.42828"><ele>14.2</ele></rtept><rtept lat="57.537247" lon="12.428317"><ele>14.0</ele></rtept><rtept lat="57.53724" lon="12.428385"><ele>14.4</ele></rtept><rtept lat="57.53724" lon="12.428423"><ele>14.2</ele></rtept><rtept lat="57.53724" lon="12.428482"><ele>14.4</ele></rtept><rtept lat="57.537228" lon="12.428547"><ele>14.4</ele></rtept><rtept lat="57.537228" lon="12.428608"><ele>14.0</ele></rtept><rtept lat="57.537222" lon="12.428688"><ele>14.2</ele></rtept><rtept lat="57.537215" lon="12.428772"><ele>14.0</ele></rtept><rtept lat="57.537208" lon="12.428855"><ele>13.8</ele></rtept><rtept lat="57.53719" lon="12.428927"><ele>14.0</ele></rtept><rtept lat="57.537177" lon="12.428975"><ele>14.0</ele></rtept><rtept lat="57.53717" lon="12.42902"><ele>13.8</ele></rtept><rtept lat="57.537158" lon="12.429063"><ele>13.8</ele></rtept><rtept lat="57.537152" lon="12.429105"><ele>13.8</ele></rtept><rtept lat="57.537138" lon="12.429178"><ele>13.6</ele></rtept><rtept lat="57.53712" lon="12.429238"><ele>13.8</ele></rtept><rtept lat="57.537107" lon="12.429273"><ele>13.6</ele></rtept><rtept lat="57.5371" lon="12.429332"><ele>13.8</ele></rtept><rtept lat="57.537093" lon="12.42938"><ele>14.0</ele></rtept><rtept lat="57.537087" lon="12.429433"><ele>14.0</ele></rtept><rtept lat="57.53708" lon="12.429485"><ele>14.0</ele></rtept><rtept lat="57.537075" lon="12.42952"><ele>14.2</ele></rtept><rtept lat="57.537068" lon="12.429552"><ele>14.0</ele></rtept><rtept lat="57.537062" lon="12.42959"><ele>14.2</ele></rtept><rtept lat="57.537055" lon="12.42963"><ele>14.0</ele></rtept><rtept lat="57.537042" lon="12.429688"><ele>14.0</ele></rtept><rtept lat="57.53703" lon="12.429723"><ele>13.8</ele></rtept><rtept lat="57.537023" lon="12.42978"><ele>13.8</ele></rtept><rtept lat="57.536992" lon="12.429833"><ele>13.8</ele></rtept><rtept lat="57.536972" lon="12.42986"><ele>13.8</ele></rtept><rtept lat="57.536953" lon="12.42988"><ele>13.6</ele></rtept><rtept lat="57.536927" lon="12.429903"><ele>14.0</ele></rtept><rtept lat="57.536902" lon="12.429928"><ele>14.2</ele></rtept><rtept lat="57.536877" lon="12.429953"><ele>14.0</ele></rtept><rtept lat="57.53685" lon="12.429978"><ele>14.0</ele></rtept><rtept lat="57.536818" lon="12.429982"><ele>14.2</ele></rtept><rtept lat="57.53678" lon="12.429987"><ele>13.8</ele></rtept><rtept lat="57.536742" lon="12.429982"><ele>14.2</ele></rtept><rtept lat="57.536703" lon="12.429963"><ele>14.0</ele></rtept><rtept lat="57.536672" lon="12.429948"><ele>13.8</ele></rtept><rtept lat="57.53664" lon="12.429937"><ele>14.0</ele></rtept><rtept lat="57.536613" lon="12.429927"><ele>13.8</ele></rtept><rtept lat="57.536568" lon="12.42989"><ele>13.6</ele></rtept><rtept lat="57.53653" lon="12.429843"><ele>13.8</ele></rtept><rtept lat="57.536492" lon="12.42979"><ele>13.4</ele></rtept><rtept lat="57.536467" lon="12.42974"><ele>13.4</ele></rtept><rtept lat="57.536428" lon="12.429683"><ele>13.8</ele></rtept><rtept lat="57.536402" lon="12.42962"><ele>13.4</ele></rtept><rtept lat="57.536383" lon="12.429547"><ele>13.6</ele></rtept><rtept lat="57.53639" lon="12.429462"><ele>13.6</ele></rtept><rtept lat="57.53637" lon="12.429392"><ele>13.4</ele></rtept><rtept lat="57.536338" lon="12.42936"><ele>13.6</ele></rtept><rtept lat="57.536307" lon="12.429347"><ele>13.8</ele></rtept><rtept lat="57.536287" lon="12.429343"><ele>13.4</ele></rtept><rtept lat="57.536255" lon="12.42936"><ele>13.6</ele></rtept><rtept lat="57.53623" lon="12.429388"><ele>13.2</ele></rtept><rtept lat="57.536217" lon="12.429442"><ele>13.4</ele></rtept><rtept lat="57.536217" lon="12.4295"><ele>13.6</ele></rtept><rtept lat="57.536217" lon="12.429552"><ele>13.4</ele></rtept><rtept lat="57.536223" lon="12.429602"><ele>13.8</ele></rtept><rtept lat="57.536217" lon="12.429657"><ele>14.0</ele></rtept><rtept lat="57.536217" lon="12.429703"><ele>13.8</ele></rtept><rtept lat="57.53621" lon="12.429753"><ele>13.8</ele></rtept><rtept lat="57.536203" lon="12.4298"><ele>14.0</ele></rtept><rtept lat="57.536192" lon="12.429848"><ele>13.8</ele></rtept><rtept lat="57.536178" lon="12.42989"><ele>13.8</ele></rtept><rtept lat="57.536165" lon="12.429938"><ele>13.8</ele></rtept><rtept lat="57.536147" lon="12.429983"><ele>13.6</ele></rtept><rtept lat="57.536133" lon="12.43002"><ele>13.8</ele></rtept><rtept lat="57.536127" lon="12.430057"><ele>14.0</ele></rtept><rtept lat="57.536115" lon="12.4301"><ele>13.6</ele></rtept><rtept lat="57.536108" lon="12.430145"><ele>13.8</ele></rtept><rtept lat="57.536095" lon="12.430195"><ele>13.6</ele></rtept><rtept lat="57.536095" lon="12.430242"><ele>13.4</ele></rtept><rtept lat="57.536088" lon="12.430292"><ele>13.4</ele></rtept><rtept lat="57.536095" lon="12.430332"><ele>13.2</ele></rtept><rtept lat="57.536088" lon="12.430388"><ele>13.0</ele></rtept><rtept lat="57.536088" lon="12.430433"><ele>13.2</ele></rtept><rtept lat="57.536082" lon="12.430482"><ele>13.0</ele></rtept><rtept lat="57.536082" lon="12.43053"><ele>12.8</ele></rtept><rtept lat="57.536077" lon="12.430588"><ele>13.0</ele></rtept><rtept lat="57.536063" lon="12.430638"><ele>13.0</ele></rtept><rtept lat="57.536057" lon="12.430688"><ele>13.0</ele></rtept><rtept lat="57.536057" lon="12.430737"><ele>13.2</ele></rtept><rtept lat="57.536043" lon="12.430787"><ele>13.0</ele></rtept><rtept lat="57.536032" lon="12.43084"><ele>13.0</ele></rtept><rtept lat="57.536012" lon="12.430898"><ele>13.2</ele></rtept><rtept lat="57.535993" lon="12.43095"><ele>13.4</ele></rtept><rtept lat="57.53598" lon="12.431015"><ele>13.4</ele></rtept><rtept lat="57.53596" lon="12.431063"><ele>13.4</ele></rtept><rtept lat="57.535935" lon="12.431133"><ele>13.4</ele></rtept><rtept lat="57.535917" lon="12.431225"><ele>13.4</ele></rtept><rtept lat="57.535897" lon="12.431308"><ele>13.6</ele></rtept><rtept lat="57.535878" lon="12.431398"><ele>13.4</ele></rtept><rtept lat="57.535858" lon="12.43148"><ele>13.6</ele></rtept><rtept lat="57.53584" lon="12.431558"><ele>13.8</ele></rtept><rtept lat="57.535827" lon="12.431637"><ele>13.6</ele></rtept><rtept lat="57.535788" lon="12.431672"><ele>13.8</ele></rtept><rtept lat="57.535737" lon="12.43169"><ele>13.6</ele></rtept><rtept lat="57.535698" lon="12.431735"><ele>13.4</ele></rtept><rtept lat="57.535667" lon="12.431765"><ele>13.4</ele></rtept><rtept lat="57.535628" lon="12.431845"><ele>13.4</ele></rtept><rtept lat="57.535602" lon="12.431875"><ele>13.2</ele></rtept><rtept lat="57.535583" lon="12.431908"><ele>13.4</ele></rtept><rtept lat="57.535552" lon="12.431925"><ele>13.2</ele></rtept><rtept lat="57.535513" lon="12.431923"><ele>13.2</ele></rtept><rtept lat="57.535493" lon="12.431938"><ele>13.4</ele></rtept><rtept lat="57.535462" lon="12.431948"><ele>13.6</ele></rtept><rtept lat="57.535437" lon="12.43196"><ele>13.2</ele></rtept><rtept lat="57.535417" lon="12.43196"><ele>13.2</ele></rtept><rtept lat="57.535398" lon="12.431962"><ele>13.0</ele></rtept><rtept lat="57.53541" lon="12.432008"><ele>12.6</ele></rtept><rtept lat="57.535403" lon="12.432043"><ele>12.8</ele></rtept><rtept lat="57.535398" lon="12.432078"><ele>12.6</ele></rtept><rtept lat="57.535378" lon="12.432107"><ele>12.8</ele></rtept><rtept lat="57.535365" lon="12.432147"><ele>12.4</ele></rtept><rtept lat="57.53536" lon="12.432207"><ele>12.6</ele></rtept><rtept lat="57.535353" lon="12.432258"><ele>12.4</ele></rtept><rtept lat="57.535353" lon="12.432297"><ele>12.6</ele></rtept><rtept lat="57.53534" lon="12.432327"><ele>12.2</ele></rtept><rtept lat="57.535333" lon="12.432372"><ele>12.4</ele></rtept><rtept lat="57.53532" lon="12.432445"><ele>12.4</ele></rtept><rtept lat="57.535315" lon="12.432497"><ele>12.4</ele></rtept><rtept lat="57.535295" lon="12.43255"><ele>12.4</ele></rtept><rtept lat="57.535282" lon="12.432577"><ele>12.4</ele></rtept><rtept lat="57.535277" lon="12.432608"><ele>12.0</ele></rtept><rtept lat="57.53527" lon="12.43264"><ele>12.0</ele></rtept><rtept lat="57.535263" lon="12.432728"><ele>11.8</ele></rtept><rtept lat="57.535257" lon="12.4328"><ele>11.8</ele></rtept><rtept lat="57.535243" lon="12.432882"><ele>12.0</ele></rtept><rtept lat="57.535238" lon="12.432965"><ele>11.8</ele></rtept><rtept lat="57.535218" lon="12.433052"><ele>11.8</ele></rtept><rtept lat="57.5352" lon="12.433143"><ele>12.0</ele></rtept><rtept lat="57.535173" lon="12.43326"><ele>12.0</ele></rtept><rtept lat="57.53516" lon="12.43335"><ele>11.8</ele></rtept><rtept lat="57.535148" lon="12.433415"><ele>12.0</ele></rtept><rtept lat="57.535122" lon="12.433462"><ele>12.2</ele></rtept><rtept lat="57.535083" lon="12.4335"><ele>12.0</ele></rtept><rtept lat="57.535065" lon="12.43356"><ele>12.2</ele></rtept><rtept lat="57.535045" lon="12.433627"><ele>12.4</ele></rtept><rtept lat="57.535027" lon="12.433687"><ele>12.2</ele></rtept><rtept lat="57.53504" lon="12.433717"><ele>12.2</ele></rtept><rtept lat="57.535058" lon="12.43377"><ele>12.2</ele></rtept><rtept lat="57.535072" lon="12.433805"><ele>12.4</ele></rtept><rtept lat="57.535078" lon="12.433863"><ele>12.2</ele></rtept><rtept lat="57.535078" lon="12.433915"><ele>12.4</ele></rtept><rtept lat="57.535072" lon="12.433953"><ele>12.6</ele></rtept><rtept lat="57.535078" lon="12.434013"><ele>12.4</ele></rtept><rtept lat="57.535078" lon="12.434053"><ele>12.6</ele></rtept><rtept lat="57.535078" lon="12.434093"><ele>12.4</ele></rtept><rtept lat="57.535078" lon="12.434133"><ele>12.4</ele></rtept><rtept lat="57.535078" lon="12.434182"><ele>12.6</ele></rtept><rtept lat="57.535065" lon="12.434248"><ele>12.4</ele></rtept><rtept lat="57.535058" lon="12.434312"><ele>12.6</ele></rtept><rtept lat="57.535045" lon="12.434392"><ele>12.6</ele></rtept><rtept lat="57.53502" lon="12.434478"><ele>12.2</ele></rtept><rtept lat="57.535" lon="12.434545"><ele>12.4</ele></rtept><rtept lat="57.534982" lon="12.4346"><ele>12.6</ele></rtept><rtept lat="57.534975" lon="12.43464"><ele>12.4</ele></rtept><rtept lat="57.534975" lon="12.434678"><ele>12.6</ele></rtept><rtept lat="57.534962" lon="12.434748"><ele>12.8</ele></rtept><rtept lat="57.53495" lon="12.434823"><ele>12.6</ele></rtept><rtept lat="57.534937" lon="12.434893"><ele>12.8</ele></rtept><rtept lat="57.53493" lon="12.43498"><ele>12.8</ele></rtept><rtept lat="57.534918" lon="12.435047"><ele>12.4</ele></rtept><rtept lat="57.534885" lon="12.435132"><ele>12.6</ele></rtept><rtept lat="57.534853" lon="12.43522"><ele>12.6</ele></rtept><rtept lat="57.534835" lon="12.435297"><ele>12.2</ele></rtept><rtept lat="57.534808" lon="12.435357"><ele>12.4</ele></rtept><rtept lat="57.534783" lon="12.435423"><ele>12.4</ele></rtept><rtept lat="57.534777" lon="12.435522"><ele>12.4</ele></rtept><rtept lat="57.534783" lon="12.435613"><ele>12.4</ele></rtept><rtept lat="57.53479" lon="12.435693"><ele>12.2</ele></rtept><rtept lat="57.534777" lon="12.435753"><ele>12.2</ele></rtept><rtept lat="57.534758" lon="12.435802"><ele>12.4</ele></rtept><rtept lat="57.534752" lon="12.435842"><ele>12.2</ele></rtept><rtept lat="57.534725" lon="12.435882"><ele>12.4</ele></rtept><rtept lat="57.5347" lon="12.435905"><ele>12.4</ele></rtept><rtept lat="57.53468" lon="12.43593"><ele>12.2</ele></rtept><rtept lat="57.534668" lon="12.435957"><ele>12.4</ele></rtept><rtept lat="57.534648" lon="12.43598"><ele>12.2</ele></rtept><rtept lat="57.534623" lon="12.435997"><ele>12.2</ele></rtept><rtept lat="57.534603" lon="12.43601"><ele>11.8</ele></rtept><rtept lat="57.534578" lon="12.43605"><ele>12.0</ele></rtept><rtept lat="57.53456" lon="12.436068"><ele>12.0</ele></rtept><rtept lat="57.53454" lon="12.436113"><ele>12.0</ele></rtept><rtept lat="57.53452" lon="12.43615"><ele>11.8</ele></rtept><rtept lat="57.534508" lon="12.436202"><ele>12.0</ele></rtept><rtept lat="57.534502" lon="12.436255"><ele>11.8</ele></rtept><rtept lat="57.534488" lon="12.43628"><ele>11.6</ele></rtept><rtept lat="57.534482" lon="12.436337"><ele>11.6</ele></rtept><rtept lat="57.534502" lon="12.436383"><ele>11.4</ele></rtept><rtept lat="57.534515" lon="12.436447"><ele>11.6</ele></rtept><rtept lat="57.534502" lon="12.43649"><ele>11.4</ele></rtept><rtept lat="57.53447" lon="12.436507"><ele>11.2</ele></rtept><rtept lat="57.53445" lon="12.43656"><ele>11.4</ele></rtept><rtept lat="57.534438" lon="12.43662"><ele>11.4</ele></rtept><rtept lat="57.534425" lon="12.436683"><ele>11.2</ele></rtept><rtept lat="57.534405" lon="12.436763"><ele>11.6</ele></rtept><rtept lat="57.534387" lon="12.43685"><ele>11.4</ele></rtept><rtept lat="57.534367" lon="12.43692"><ele>11.4</ele></rtept><rtept lat="57.534348" lon="12.436968"><ele>11.6</ele></rtept><rtept lat="57.534328" lon="12.436998"><ele>11.6</ele></rtept><rtept lat="57.534303" lon="12.437017"><ele>11.6</ele></rtept><rtept lat="57.534272" lon="12.43704"><ele>11.8</ele></rtept><rtept lat="57.534245" lon="12.437098"><ele>11.6</ele></rtept><rtept lat="57.53422" lon="12.437153"><ele>11.4</ele></rtept><rtept lat="57.534188" lon="12.437205"><ele>11.6</ele></rtept><rtept lat="57.53415" lon="12.437242"><ele>11.6</ele></rtept><rtept lat="57.534118" lon="12.437285"><ele>11.4</ele></rtept><rtept lat="57.534085" lon="12.437305"><ele>11.4</ele></rtept><rtept lat="57.534067" lon="12.437363"><ele>11.2</ele></rtept><rtept lat="57.534047" lon="12.43742"><ele>11.2</ele></rtept><rtept lat="57.534008" lon="12.437438"><ele>11.0</ele></rtept><rtept lat="57.53399" lon="12.437435"><ele>11.0</ele></rtept><rtept lat="57.533963" lon="12.43746"><ele>10.8</ele></rtept><rtept lat="57.533952" lon="12.437508"><ele>10.6</ele></rtept><rtept lat="57.533938" lon="12.437553"><ele>10.6</ele></rtept><rtept lat="57.533925" lon="12.437582"><ele>10.4</ele></rtept><rtept lat="57.533913" lon="12.437618"><ele>10.2</ele></rtept><rtept lat="57.5339" lon="12.437668"><ele>10.2</ele></rtept><rtept lat="57.533887" lon="12.437713"><ele>10.0</ele></rtept><rtept lat="57.533868" lon="12.437772"><ele>10.2</ele></rtept><rtept lat="57.533862" lon="12.437807"><ele>10.0</ele></rtept><rtept lat="57.533842" lon="12.437853"><ele>10.2</ele></rtept><rtept lat="57.533823" lon="12.437907"><ele>10.2</ele></rtept><rtept lat="57.533798" lon="12.437977"><ele>10.4</ele></rtept><rtept lat="57.533772" lon="12.438045"><ele>10.4</ele></rtept><rtept lat="57.533747" lon="12.43811"><ele>10.4</ele></rtept><rtept lat="57.533708" lon="12.43819"><ele>10.4</ele></rtept><rtept lat="57.533677" lon="12.438265"><ele>10.6</ele></rtept><rtept lat="57.533638" lon="12.438347"><ele>10.4</ele></rtept><rtept lat="57.533593" lon="12.438413"><ele>10.4</ele></rtept><rtept lat="57.53356" lon="12.438492"><ele>10.4</ele></rtept><rtept lat="57.533548" lon="12.438542"><ele>10.2</ele></rtept><rtept lat="57.533522" lon="12.438602"><ele>10.2</ele></rtept><rtept lat="57.53351" lon="12.438645"><ele>10.2</ele></rtept><rtept lat="57.533497" lon="12.438672"><ele>10.0</ele></rtept><rtept lat="57.533483" lon="12.438698"><ele>10.4</ele></rtept><rtept lat="57.533452" lon="12.43876"><ele>11.0</ele></rtept><rtept lat="57.53342" lon="12.43881"><ele>11.0</ele></rtept><rtept lat="57.533395" lon="12.43884"><ele>10.8</ele></rtept><rtept lat="57.533375" lon="12.438878"><ele>10.8</ele></rtept><rtept lat="57.53335" lon="12.438913"><ele>10.6</ele></rtept><rtept lat="57.53333" lon="12.438948"><ele>10.4</ele></rtept><rtept lat="57.533312" lon="12.438973"><ele>10.4</ele></rtept><rtept lat="57.533285" lon="12.438993"><ele>10.2</ele></rtept><rtept lat="57.533267" lon="12.439028"><ele>10.2</ele></rtept><rtept lat="57.533247" lon="12.439063"><ele>10.4</ele></rtept><rtept lat="57.533215" lon="12.4391"><ele>10.4</ele></rtept><rtept lat="57.533197" lon="12.43914"><ele>10.2</ele></rtept><rtept lat="57.53317" lon="12.439168"><ele>10.4</ele></rtept><rtept lat="57.533152" lon="12.43918"><ele>10.2</ele></rtept><rtept lat="57.533125" lon="12.439193"><ele>10.2</ele></rtept><rtept lat="57.533107" lon="12.439202"><ele>10.0</ele></rtept><rtept lat="57.533093" lon="12.439227"><ele>10.2</ele></rtept><rtept lat="57.5331" lon="12.43926"><ele>10.0</ele></rtept><rtept lat="57.533113" lon="12.439297"><ele>9.8</ele></rtept><rtept lat="57.533125" lon="12.439332"><ele>10.0</ele></rtept><rtept lat="57.533132" lon="12.439387"><ele>9.6</ele></rtept><rtept lat="57.53312" lon="12.43944"><ele>9.8</ele></rtept><rtept lat="57.533107" lon="12.439467"><ele>9.8</ele></rtept><rtept lat="57.533068" lon="12.4395"><ele>9.8</ele></rtept><rtept lat="57.533048" lon="12.439513"><ele>10.0</ele></rtept><rtept lat="57.533017" lon="12.439517"><ele>10.0</ele></rtept><rtept lat="57.532992" lon="12.439523"><ele>10.0</ele></rtept><rtept lat="57.532965" lon="12.439533"><ele>10.0</ele></rtept><rtept lat="57.53294" lon="12.439537"><ele>10.2</ele></rtept><rtept lat="57.532915" lon="12.439543"><ele>10.0</ele></rtept><rtept lat="57.532888" lon="12.439555"><ele>10.2</ele></rtept><rtept lat="57.532863" lon="12.439563"><ele>10.2</ele></rtept><rtept lat="57.532832" lon="12.43958"><ele>10.0</ele></rtept><rtept lat="57.5328" lon="12.4396"><ele>10.0</ele></rtept><rtept lat="57.532773" lon="12.43962"><ele>10.0</ele></rtept><rtept lat="57.532742" lon="12.439628"><ele>9.8</ele></rtept><rtept lat="57.532717" lon="12.43964"><ele>10.0</ele></rtept><rtept lat="57.532697" lon="12.439648"><ele>10.0</ele></rtept><rtept lat="57.532672" lon="12.439658"><ele>10.0</ele></rtept><rtept lat="57.53264" lon="12.439675"><ele>10.2</ele></rtept><rtept lat="57.532613" lon="12.439682"><ele>10.2</ele></rtept><rtept lat="57.532595" lon="12.439685"><ele>10.0</ele></rtept><rtept lat="57.532568" lon="12.439685"><ele>10.2</ele></rtept><rtept lat="57.532543" lon="12.439685"><ele>10.2</ele></rtept><rtept lat="57.532518" lon="12.439698"><ele>9.8</ele></rtept><rtept lat="57.532498" lon="12.439703"><ele>10.0</ele></rtept><rtept lat="57.532473" lon="12.43969"><ele>10.2</ele></rtept><rtept lat="57.532453" lon="12.43967"><ele>9.8</ele></rtept><rtept lat="57.532435" lon="12.439653"><ele>10.0</ele></rtept><rtept lat="57.532415" lon="12.439628"><ele>9.8</ele></rtept><rtept lat="57.53239" lon="12.439605"><ele>9.6</ele></rtept><rtept lat="57.532358" lon="12.439563"><ele>9.6</ele></rtept><rtept lat="57.532338" lon="12.43954"><ele>9.4</ele></rtept><rtept lat="57.53232" lon="12.439515"><ele>9.4</ele></rtept><rtept lat="57.5323" lon="12.439485"><ele>9.4</ele></rtept><rtept lat="57.532275" lon="12.439467"><ele>9.2</ele></rtept><rtept lat="57.532255" lon="12.43945"><ele>9.2</ele></rtept><rtept lat="57.532223" lon="12.43945"><ele>9.2</ele></rtept><rtept lat="57.532198" lon="12.43945"><ele>9.6</ele></rtept><rtept lat="57.532165" lon="12.439447"><ele>9.8</ele></rtept><rtept lat="57.53214" lon="12.439452"><ele>9.8</ele></rtept><rtept lat="57.532115" lon="12.439443"><ele>10.2</ele></rtept><rtept lat="57.532095" lon="12.439435"><ele>10.6</ele></rtept><rtept lat="57.532063" lon="12.439427"><ele>10.8</ele></rtept><rtept lat="57.532043" lon="12.43943"><ele>11.2</ele></rtept><rtept lat="57.532018" lon="12.439432"><ele>11.0</ele></rtept><rtept lat="57.531998" lon="12.43943"><ele>11.0</ele></rtept><rtept lat="57.53196" lon="12.43943"><ele>11.6</ele></rtept><rtept lat="57.531935" lon="12.439425"><ele>12.0</ele></rtept><rtept lat="57.531917" lon="12.439425"><ele>12.2</ele></rtept><rtept lat="57.531897" lon="12.439427"><ele>12.6</ele></rtept><rtept lat="57.531878" lon="12.439432"><ele>12.8</ele></rtept><rtept lat="57.531852" lon="12.439437"><ele>13.2</ele></rtept><rtept lat="57.531833" lon="12.43944"><ele>13.4</ele></rtept><rtept lat="57.531813" lon="12.43944"><ele>13.6</ele></rtept><rtept lat="57.531782" lon="12.439397"><ele>14.4</ele></rtept><rtept lat="57.531768" lon="12.43937"><ele>14.4</ele></rtept><rtept lat="57.531757" lon="12.439342"><ele>14.8</ele></rtept><rtept lat="57.531743" lon="12.439297"><ele>14.8</ele></rtept><rtept lat="57.531723" lon="12.439242"><ele>15.0</ele></rtept><rtept lat="57.531718" lon="12.439202"><ele>15.4</ele></rtept><rtept lat="57.531698" lon="12.43916"><ele>15.2</ele></rtept><rtept lat="57.531685" lon="12.439107"><ele>15.4</ele></rtept><rtept lat="57.531667" lon="12.439058"><ele>16.0</ele></rtept><rtept lat="57.531653" lon="12.439015"><ele>16.0</ele></rtept><rtept lat="57.53164" lon="12.438978"><ele>15.8</ele></rtept><rtept lat="57.531628" lon="12.438922"><ele>16.2</ele></rtept><rtept lat="57.531608" lon="12.43888"><ele>16.4</ele></rtept><rtept lat="57.53159" lon="12.43884"><ele>16.0</ele></rtept><rtept lat="57.531577" lon="12.4388"><ele>15.6</ele></rtept><rtept lat="57.531563" lon="12.438757"><ele>16.0</ele></rtept><rtept lat="57.531552" lon="12.438718"><ele>16.2</ele></rtept><rtept lat="57.531538" lon="12.438678"><ele>15.2</ele></rtept><rtept lat="57.531525" lon="12.438638"><ele>15.4</ele></rtept><rtept lat="57.531513" lon="12.438605"><ele>15.4</ele></rtept><rtept lat="57.531493" lon="12.438572"><ele>14.6</ele></rtept><rtept lat="57.531475" lon="12.43854"><ele>14.2</ele></rtept><rtept lat="57.531455" lon="12.438503"><ele>14.6</ele></rtept><rtept lat="57.531442" lon="12.438472"><ele>15.0</ele></rtept><rtept lat="57.531423" lon="12.438447"><ele>13.8</ele></rtept><rtept lat="57.531403" lon="12.438417"><ele>13.6</ele></rtept><rtept lat="57.531378" lon="12.438388"><ele>13.6</ele></rtept><rtept lat="57.53136" lon="12.438358"><ele>13.0</ele></rtept><rtept lat="57.53134" lon="12.438333"><ele>12.6</ele></rtept><rtept lat="57.53132" lon="12.438315"><ele>12.8</ele></rtept><rtept lat="57.531288" lon="12.43828"><ele>12.2</ele></rtept><rtept lat="57.53127" lon="12.438263"><ele>12.2</ele></rtept><rtept lat="57.531243" lon="12.43825"><ele>12.0</ele></rtept><rtept lat="57.531212" lon="12.43825"><ele>11.8</ele></rtept><rtept lat="57.531187" lon="12.438253"><ele>12.0</ele></rtept><rtept lat="57.53116" lon="12.438245"><ele>11.8</ele></rtept><rtept lat="57.531128" lon="12.438218"><ele>11.8</ele></rtept><rtept lat="57.53111" lon="12.43819"><ele>12.0</ele></rtept><rtept lat="57.53109" lon="12.43817"><ele>11.8</ele></rtept><rtept lat="57.531072" lon="12.43812"><ele>12.0</ele></rtept><rtept lat="57.531065" lon="12.43808"><ele>11.6</ele></rtept><rtept lat="57.531052" lon="12.438037"><ele>11.6</ele></rtept><rtept lat="57.531045" lon="12.437997"><ele>12.0</ele></rtept><rtept lat="57.531027" lon="12.437965"><ele>11.6</ele></rtept><rtept lat="57.531007" lon="12.43791"><ele>12.2</ele></rtept><rtept lat="57.530995" lon="12.437878"><ele>12.0</ele></rtept><rtept lat="57.530982" lon="12.437845"><ele>12.2</ele></rtept><rtept lat="57.530962" lon="12.437827"><ele>12.0</ele></rtept><rtept lat="57.530943" lon="12.437808"><ele>11.6</ele></rtept><rtept lat="57.530923" lon="12.437793"><ele>11.6</ele></rtept><rtept lat="57.530905" lon="12.43778"><ele>11.6</ele></rtept><rtept lat="57.530885" lon="12.43776"><ele>11.8</ele></rtept><rtept lat="57.530867" lon="12.437742"><ele>11.6</ele></rtept><rtept lat="57.530847" lon="12.43772"><ele>11.8</ele></rtept><rtept lat="57.530828" lon="12.437693"><ele>11.8</ele></rtept><rtept lat="57.530815" lon="12.437658"><ele>11.6</ele></rtept><rtept lat="57.530797" lon="12.437632"><ele>11.6</ele></rtept><rtept lat="57.53077" lon="12.437585"><ele>11.6</ele></rtept><rtept lat="57.530752" lon="12.437555"><ele>11.6</ele></rtept><rtept lat="57.530732" lon="12.437518"><ele>12.0</ele></rtept><rtept lat="57.53072" lon="12.43749"><ele>11.8</ele></rtept><rtept lat="57.5307" lon="12.437463"><ele>11.6</ele></rtept><rtept lat="57.530687" lon="12.437438"><ele>11.8</ele></rtept><rtept lat="57.530662" lon="12.437415"><ele>11.8</ele></rtept><rtept lat="57.530637" lon="12.437383"><ele>11.8</ele></rtept><rtept lat="57.530617" lon="12.437352"><ele>11.8</ele></rtept><rtept lat="57.530598" lon="12.437332"><ele>11.4</ele></rtept><rtept lat="57.530572" lon="12.437297"><ele>11.6</ele></rtept><rtept lat="57.53056" lon="12.437267"><ele>11.0</ele></rtept><rtept lat="57.53054" lon="12.437237"><ele>11.2</ele></rtept><rtept lat="57.530527" lon="12.437202"><ele>11.4</ele></rtept><rtept lat="57.530508" lon="12.437178"><ele>10.8</ele></rtept><rtept lat="57.530488" lon="12.437165"><ele>10.8</ele></rtept><rtept lat="57.53047" lon="12.437162"><ele>10.6</ele></rtept><rtept lat="57.530443" lon="12.43715"><ele>11.0</ele></rtept><rtept lat="57.530425" lon="12.437133"><ele>11.2</ele></rtept><rtept lat="57.530405" lon="12.437112"><ele>11.6</ele></rtept><rtept lat="57.530373" lon="12.437067"><ele>11.6</ele></rtept><rtept lat="57.530355" lon="12.437052"><ele>11.8</ele></rtept><rtept lat="57.530328" lon="12.437032"><ele>11.6</ele></rtept><rtept lat="57.530303" lon="12.43702"><ele>11.8</ele></rtept><rtept lat="57.530272" lon="12.437003"><ele>11.2</ele></rtept><rtept lat="57.530252" lon="12.436982"><ele>11.2</ele></rtept><rtept lat="57.530233" lon="12.436967"><ele>11.0</ele></rtept><rtept lat="57.530213" lon="12.436962"><ele>10.6</ele></rtept><rtept lat="57.530195" lon="12.436963"><ele>10.4</ele></rtept><rtept lat="57.530168" lon="12.436958"><ele>10.2</ele></rtept><rtept lat="57.53015" lon="12.436947"><ele>10.4</ele></rtept><rtept lat="57.53013" lon="12.436932"><ele>10.0</ele></rtept><rtept lat="57.530112" lon="12.436918"><ele>9.8</ele></rtept><rtept lat="57.530085" lon="12.436913"><ele>9.0</ele></rtept><rtept lat="57.53006" lon="12.43692"><ele>9.2</ele></rtept><rtept lat="57.53004" lon="12.436922"><ele>8.8</ele></rtept><rtept lat="57.530022" lon="12.436922"><ele>9.0</ele></rtept><rtept lat="57.529997" lon="12.436938"><ele>9.0</ele></rtept><rtept lat="57.52997" lon="12.43696"><ele>8.8</ele></rtept><rtept lat="57.529945" lon="12.436967"><ele>9.0</ele></rtept><rtept lat="57.529913" lon="12.436962"><ele>9.2</ele></rtept><rtept lat="57.529875" lon="12.436982"><ele>9.4</ele></rtept><rtept lat="57.529842" lon="12.437008"><ele>9.4</ele></rtept><rtept lat="57.52981" lon="12.437047"><ele>9.4</ele></rtept><rtept lat="57.529778" lon="12.437103"><ele>9.8</ele></rtept><rtept lat="57.529733" lon="12.437138"><ele>10.0</ele></rtept><rtept lat="57.529695" lon="12.437113"><ele>10.2</ele></rtept><rtept lat="57.529682" lon="12.437167"><ele>10.4</ele></rtept><rtept lat="57.529638" lon="12.437178"><ele>10.6</ele></rtept><rtept lat="57.529593" lon="12.437192"><ele>10.4</ele></rtept><rtept lat="57.529542" lon="12.437205"><ele>10.6</ele></rtept><rtept lat="57.529503" lon="12.437232"><ele>11.0</ele></rtept><rtept lat="57.529472" lon="12.437272"><ele>10.8</ele></rtept><rtept lat="57.529465" lon="12.437323"><ele>11.0</ele></rtept><rtept lat="57.529445" lon="12.43738"><ele>11.2</ele></rtept><rtept lat="57.52942" lon="12.437413"><ele>11.2</ele></rtept><rtept lat="57.5294" lon="12.43743"><ele>11.2</ele></rtept><rtept lat="57.529375" lon="12.437403"><ele>11.4</ele></rtept><rtept lat="57.529323" lon="12.43739"><ele>11.4</ele></rtept><rtept lat="57.529312" lon="12.43736"><ele>11.4</ele></rtept><rtept lat="57.529298" lon="12.437335"><ele>11.6</ele></rtept><rtept lat="57.529285" lon="12.437307"><ele>11.4</ele></rtept><rtept lat="57.529253" lon="12.437285"><ele>11.2</ele></rtept><rtept lat="57.529235" lon="12.437277"><ele>11.0</ele></rtept><rtept lat="57.529202" lon="12.43726"><ele>10.8</ele></rtept><rtept lat="57.529183" lon="12.437238"><ele>10.8</ele></rtept><rtept lat="57.529163" lon="12.437232"><ele>10.6</ele></rtept><rtept lat="57.529132" lon="12.437245"><ele>10.4</ele></rtept><rtept lat="57.529107" lon="12.437252"><ele>10.6</ele></rtept><rtept lat="57.529087" lon="12.437245"><ele>10.6</ele></rtept><rtept lat="57.529068" lon="12.43724"><ele>10.6</ele></rtept><rtept lat="57.529048" lon="12.43724"><ele>10.8</ele></rtept><rtept lat="57.52903" lon="12.437235"><ele>10.4</ele></rtept><rtept lat="57.52901" lon="12.437225"><ele>10.6</ele></rtept><rtept lat="57.528992" lon="12.437212"><ele>10.8</ele></rtept><rtept lat="57.528972" lon="12.437202"><ele>10.6</ele></rtept><rtept lat="57.52894" lon="12.437185"><ele>10.6</ele></rtept><rtept lat="57.528902" lon="12.437158"><ele>10.2</ele></rtept><rtept lat="57.528882" lon="12.437133"><ele>10.4</ele></rtept><rtept lat="57.528863" lon="12.437113"><ele>10.0</ele></rtept><rtept lat="57.528843" lon="12.437088"><ele>10.0</ele></rtept><rtept lat="57.528818" lon="12.437053"><ele>9.8</ele></rtept><rtept lat="57.5288" lon="12.437037"><ele>9.6</ele></rtept><rtept lat="57.52878" lon="12.43702"><ele>9.6</ele></rtept><rtept lat="57.528767" lon="12.436993"><ele>9.4</ele></rtept><rtept lat="57.528742" lon="12.436973"><ele>9.8</ele></rtept><rtept lat="57.52871" lon="12.436957"><ele>9.6</ele></rtept><rtept lat="57.528683" lon="12.436958"><ele>9.6</ele></rtept><rtept lat="57.528652" lon="12.43696"><ele>9.8</ele></rtept><rtept lat="57.528627" lon="12.436952"><ele>9.8</ele></rtept><rtept lat="57.5286" lon="12.436938"><ele>10.2</ele></rtept><rtept lat="57.528568" lon="12.436918"><ele>10.2</ele></rtept><rtept lat="57.52853" lon="12.436915"><ele>9.8</ele></rtept><rtept lat="57.528485" lon="12.436893"><ele>10.2</ele></rtept><rtept lat="57.528435" lon="12.436843"><ele>10.2</ele></rtept><rtept lat="57.528377" lon="12.436798"><ele>9.8</ele></rtept><rtept lat="57.528325" lon="12.436755"><ele>10.0</ele></rtept><rtept lat="57.528262" lon="12.436697"><ele>10.0</ele></rtept><rtept lat="57.528198" lon="12.436643"><ele>9.8</ele></rtept><rtept lat="57.52814" lon="12.43662"><ele>9.6</ele></rtept><rtept lat="57.528082" lon="12.436587"><ele>9.8</ele></rtept><rtept lat="57.528043" lon="12.436575"><ele>9.6</ele></rtept><rtept lat="57.528" lon="12.436562"><ele>9.8</ele></rtept><rtept lat="57.527967" lon="12.436552"><ele>10.0</ele></rtept><rtept lat="57.527948" lon="12.436538"><ele>10.0</ele></rtept><rtept lat="57.527935" lon="12.4365"><ele>10.4</ele></rtept><rtept lat="57.52791" lon="12.436485"><ele>10.8</ele></rtept><rtept lat="57.527883" lon="12.436458"><ele>11.0</ele></rtept><rtept lat="57.527865" lon="12.436452"><ele>10.8</ele></rtept><rtept lat="57.527845" lon="12.436452"><ele>11.2</ele></rtept><rtept lat="57.527827" lon="12.436462"><ele>11.0</ele></rtept><rtept lat="57.5278" lon="12.43646"><ele>11.0</ele></rtept><rtept lat="57.527768" lon="12.436462"><ele>10.6</ele></rtept><rtept lat="57.527743" lon="12.436458"><ele>10.6</ele></rtept><rtept lat="57.527723" lon="12.436452"><ele>10.6</ele></rtept><rtept lat="57.527692" lon="12.43645"><ele>10.0</ele></rtept><rtept lat="57.527673" lon="12.436452"><ele>10.2</ele></rtept><rtept lat="57.527653" lon="12.436437"><ele>9.6</ele></rtept><rtept lat="57.52764" lon="12.436403"><ele>9.8</ele></rtept><rtept lat="57.527615" lon="12.436397"><ele>9.4</ele></rtept><rtept lat="57.527597" lon="12.436382"><ele>9.0</ele></rtept><rtept lat="57.527577" lon="12.436382"><ele>8.2</ele></rtept><rtept lat="57.527558" lon="12.436383"><ele>8.4</ele></rtept><rtept lat="57.527538" lon="12.436393"><ele>8.8</ele></rtept><rtept lat="57.527513" lon="12.436387"><ele>8.6</ele></rtept><rtept lat="57.527493" lon="12.436372"><ele>8.8</ele></rtept><rtept lat="57.527475" lon="12.436343"><ele>9.0</ele></rtept><rtept lat="57.527455" lon="12.436323"><ele>8.6</ele></rtept><rtept lat="57.52743" lon="12.436327"><ele>8.2</ele></rtept><rtept lat="57.52741" lon="12.436328"><ele>8.2</ele></rtept><rtept lat="57.527392" lon="12.43632"><ele>8.4</ele></rtept><rtept lat="57.527365" lon="12.436307"><ele>8.0</ele></rtept><rtept lat="57.527333" lon="12.436293"><ele>8.0</ele></rtept><rtept lat="57.527302" lon="12.43628"><ele>8.4</ele></rtept><rtept lat="57.52727" lon="12.436275"><ele>8.0</ele></rtept><rtept lat="57.527243" lon="12.436267"><ele>8.0</ele></rtept><rtept lat="57.527218" lon="12.436262"><ele>8.2</ele></rtept><rtept lat="57.527193" lon="12.436262"><ele>8.2</ele></rtept><rtept lat="57.527167" lon="12.436258"><ele>8.0</ele></rtept><rtept lat="57.527135" lon="12.436277"><ele>7.8</ele></rtept><rtept lat="57.527117" lon="12.436288"><ele>7.8</ele></rtept><rtept lat="57.52709" lon="12.436307"><ele>8.0</ele></rtept><rtept lat="57.527072" lon="12.43632"><ele>8.2</ele></rtept><rtept lat="57.527045" lon="12.436347"><ele>8.2</ele></rtept><rtept lat="57.527013" lon="12.436397"><ele>8.6</ele></rtept><rtept lat="57.526982" lon="12.43642"><ele>8.8</ele></rtept><rtept lat="57.526937" lon="12.436452"><ele>9.2</ele></rtept><rtept lat="57.52688" lon="12.436492"><ele>9.0</ele></rtept><rtept lat="57.526802" lon="12.436537"><ele>9.0</ele></rtept><rtept lat="57.526732" lon="12.43658"><ele>9.0</ele></rtept><rtept lat="57.526655" lon="12.4366"><ele>8.8</ele></rtept><rtept lat="57.526578" lon="12.436587"><ele>8.6</ele></rtept><rtept lat="57.52652" lon="12.436572"><ele>8.8</ele></rtept><rtept lat="57.526457" lon="12.436595"><ele>8.8</ele></rtept><rtept lat="57.526405" lon="12.436615"><ele>8.4</ele></rtept><rtept lat="57.526367" lon="12.436605"><ele>8.4</ele></rtept><rtept lat="57.52636" lon="12.436535"><ele>8.2</ele></rtept><rtept lat="57.52636" lon="12.436487"><ele>7.8</ele></rtept><rtept lat="57.526348" lon="12.436453"><ele>7.2</ele></rtept><rtept lat="57.526317" lon="12.436425"><ele>6.4</ele></rtept><rtept lat="57.526297" lon="12.436382"><ele>6.0</ele></rtept><rtept lat="57.526272" lon="12.436348"><ele>5.8</ele></rtept><rtept lat="57.52624" lon="12.436303"><ele>5.6</ele></rtept><rtept lat="57.526213" lon="12.436248"><ele>5.8</ele></rtept><rtept lat="57.5262" lon="12.436215"><ele>5.6</ele></rtept><rtept lat="57.526168" lon="12.436182"><ele>6.0</ele></rtept><rtept lat="57.526143" lon="12.436178"><ele>5.8</ele></rtept><rtept lat="57.526118" lon="12.436173"><ele>5.8</ele></rtept><rtept lat="57.526092" lon="12.436158"><ele>6.2</ele></rtept><rtept lat="57.526067" lon="12.43614"><ele>6.2</ele></rtept><rtept lat="57.52604" lon="12.436118"><ele>6.6</ele></rtept><rtept lat="57.526022" lon="12.436098"><ele>6.8</ele></rtept><rtept lat="57.525997" lon="12.43607"><ele>6.6</ele></rtept><rtept lat="57.525977" lon="12.43605"><ele>7.0</ele></rtept><rtept lat="57.525963" lon="12.436023"><ele>7.2</ele></rtept><rtept lat="57.525938" lon="12.436"><ele>7.2</ele></rtept><rtept lat="57.5259" lon="12.435955"><ele>8.0</ele></rtept><rtept lat="57.525875" lon="12.435937"><ele>7.6</ele></rtept><rtept lat="57.525855" lon="12.435918"><ele>8.0</ele></rtept><rtept lat="57.52583" lon="12.435898"><ele>8.6</ele></rtept><rtept lat="57.525803" lon="12.435878"><ele>8.2</ele></rtept><rtept lat="57.525785" lon="12.435857"><ele>8.6</ele></rtept><rtept lat="57.52576" lon="12.435832"><ele>8.8</ele></rtept><rtept lat="57.52574" lon="12.435805"><ele>8.6</ele></rtept><rtept lat="57.525708" lon="12.43578"><ele>9.0</ele></rtept><rtept lat="57.525682" lon="12.435758"><ele>9.0</ele></rtept><rtept lat="57.525657" lon="12.435737"><ele>9.0</ele></rtept><rtept lat="57.525638" lon="12.435708"><ele>9.4</ele></rtept><rtept lat="57.525612" lon="12.435687"><ele>9.4</ele></rtept><rtept lat="57.525593" lon="12.435657"><ele>9.2</ele></rtept><rtept lat="57.525573" lon="12.435633"><ele>9.6</ele></rtept><rtept lat="57.525542" lon="12.435598"><ele>9.6</ele></rtept><rtept lat="57.525517" lon="12.435573"><ele>10.0</ele></rtept><rtept lat="57.525497" lon="12.435548"><ele>9.8</ele></rtept><rtept lat="57.525472" lon="12.435542"><ele>10.2</ele></rtept><rtept lat="57.525452" lon="12.435533"><ele>10.6</ele></rtept><rtept lat="57.525427" lon="12.435527"><ele>10.4</ele></rtept><rtept lat="57.525407" lon="12.435518"><ele>11.0</ele></rtept><rtept lat="57.525375" lon="12.43549"><ele>11.4</ele></rtept><rtept lat="57.525357" lon="12.435475"><ele>11.8</ele></rtept><rtept lat="57.52533" lon="12.435458"><ele>12.0</ele></rtept><rtept lat="57.525305" lon="12.435435"><ele>12.2</ele></rtept><rtept lat="57.525285" lon="12.4354"><ele>12.8</ele></rtept><rtept lat="57.525267" lon="12.43537"><ele>13.0</ele></rtept><rtept lat="57.525253" lon="12.435335"><ele>13.2</ele></rtept><rtept lat="57.525235" lon="12.4353"><ele>13.6</ele></rtept><rtept lat="57.525215" lon="12.435257"><ele>13.6</ele></rtept><rtept lat="57.525202" lon="12.435205"><ele>13.4</ele></rtept><rtept lat="57.525183" lon="12.435158"><ele>13.6</ele></rtept><rtept lat="57.525152" lon="12.435125"><ele>13.6</ele></rtept><rtept lat="57.525132" lon="12.4351"><ele>13.0</ele></rtept><rtept lat="57.525107" lon="12.435062"><ele>13.0</ele></rtept><rtept lat="57.52508" lon="12.435038"><ele>12.8</ele></rtept><rtept lat="57.525062" lon="12.435007"><ele>12.6</ele></rtept><rtept lat="57.525042" lon="12.434993"><ele>12.2</ele></rtept><rtept lat="57.525017" lon="12.43498"><ele>12.2</ele></rtept><rtept lat="57.524992" lon="12.434972"><ele>11.8</ele></rtept><rtept lat="57.524965" lon="12.434963"><ele>11.4</ele></rtept><rtept lat="57.52494" lon="12.434962"><ele>11.2</ele></rtept><rtept lat="57.524915" lon="12.434972"><ele>10.8</ele></rtept><rtept lat="57.524888" lon="12.434987"><ele>10.4</ele></rtept><rtept lat="57.52487" lon="12.435007"><ele>10.4</ele></rtept><rtept lat="57.524843" lon="12.435027"><ele>10.0</ele></rtept><rtept lat="57.524812" lon="12.43504"><ele>9.6</ele></rtept><rtept lat="57.524793" lon="12.43505"><ele>9.2</ele></rtept><rtept lat="57.524767" lon="12.435065"><ele>9.2</ele></rtept><rtept lat="57.524735" lon="12.43507"><ele>8.8</ele></rtept><rtept lat="57.524717" lon="12.435075"><ele>8.8</ele></rtept><rtept lat="57.52469" lon="12.435092"><ele>8.6</ele></rtept><rtept lat="57.524672" lon="12.435095"><ele>8.6</ele></rtept><rtept lat="57.524652" lon="12.4351"><ele>8.6</ele></rtept><rtept lat="57.524633" lon="12.435112"><ele>8.2</ele></rtept><rtept lat="57.524607" lon="12.435142"><ele>8.0</ele></rtept><rtept lat="57.524588" lon="12.435172"><ele>8.2</ele></rtept><rtept lat="57.524568" lon="12.435202"><ele>7.8</ele></rtept><rtept lat="57.524557" lon="12.43523"><ele>8.0</ele></rtept><rtept lat="57.524537" lon="12.435285"><ele>7.8</ele></rtept><rtept lat="57.524518" lon="12.43531"><ele>8.0</ele></rtept><rtept lat="57.524492" lon="12.435337"><ele>8.0</ele></rtept><rtept lat="57.524473" lon="12.435353"><ele>8.0</ele></rtept><rtept lat="57.524453" lon="12.43536"><ele>8.2</ele></rtept><rtept lat="57.524435" lon="12.43539"><ele>8.2</ele></rtept><rtept lat="57.524422" lon="12.43542"><ele>8.2</ele></rtept><rtept lat="57.524408" lon="12.435445"><ele>8.4</ele></rtept><rtept lat="57.524383" lon="12.435482"><ele>8.4</ele></rtept><rtept lat="57.524363" lon="12.435488"><ele>8.8</ele></rtept><rtept lat="57.524345" lon="12.435488"><ele>8.6</ele></rtept><rtept lat="57.524313" lon="12.435507"><ele>8.8</ele></rtept><rtept lat="57.524293" lon="12.435523"><ele>8.4</ele></rtept><rtept lat="57.524275" lon="12.435528"><ele>8.4</ele></rtept><rtept lat="57.524248" lon="12.435522"><ele>8.6</ele></rtept><rtept lat="57.52421" lon="12.435508"><ele>8.4</ele></rtept><rtept lat="57.524192" lon="12.43551"><ele>8.4</ele></rtept><rtept lat="57.524172" lon="12.435513"><ele>8.0</ele></rtept><rtept lat="57.524153" lon="12.435522"><ele>7.8</ele></rtept><rtept lat="57.524133" lon="12.435538"><ele>7.8</ele></rtept><rtept lat="57.524102" lon="12.435577"><ele>7.6</ele></rtept><rtept lat="57.524063" lon="12.435622"><ele>7.6</ele></rtept><rtept lat="57.524043" lon="12.435642"><ele>7.8</ele></rtept><rtept lat="57.524025" lon="12.435667"><ele>7.4</ele></rtept><rtept lat="57.524012" lon="12.435693"><ele>7.4</ele></rtept><rtept lat="57.523973" lon="12.43575"><ele>7.4</ele></rtept><rtept lat="57.523942" lon="12.435797"><ele>7.2</ele></rtept><rtept lat="57.523903" lon="12.43585"><ele>7.4</ele></rtept><rtept lat="57.523872" lon="12.4359"><ele>7.6</ele></rtept><rtept lat="57.523833" lon="12.435943"><ele>7.6</ele></rtept><rtept lat="57.523795" lon="12.435997"><ele>7.6</ele></rtept><rtept lat="57.523757" lon="12.43606"><ele>8.0</ele></rtept><rtept lat="57.523705" lon="12.436105"><ele>8.0</ele></rtept><rtept lat="57.52366" lon="12.436158"><ele>8.2</ele></rtept><rtept lat="57.523622" lon="12.436208"><ele>8.0</ele></rtept><rtept lat="57.523583" lon="12.436267"><ele>8.0</ele></rtept><rtept lat="57.523545" lon="12.43632"><ele>8.4</ele></rtept><rtept lat="57.52352" lon="12.43632"><ele>8.2</ele></rtept><rtept lat="57.5235" lon="12.436327"><ele>8.2</ele></rtept><rtept lat="57.523475" lon="12.436358"><ele>8.2</ele></rtept><rtept lat="57.523455" lon="12.436377"><ele>8.0</ele></rtept><rtept lat="57.523437" lon="12.436392"><ele>7.6</ele></rtept><rtept lat="57.523403" lon="12.436433"><ele>7.4</ele></rtept><rtept lat="57.523392" lon="12.436472"><ele>7.0</ele></rtept><rtept lat="57.523378" lon="12.43652"><ele>7.2</ele></rtept><rtept lat="57.523365" lon="12.436557"><ele>7.2</ele></rtept><rtept lat="57.52334" lon="12.43659"><ele>7.4</ele></rtept><rtept lat="57.523315" lon="12.436605"><ele>7.4</ele></rtept><rtept lat="57.523288" lon="12.436615"><ele>7.4</ele></rtept><rtept lat="57.52327" lon="12.436623"><ele>7.2</ele></rtept><rtept lat="57.52325" lon="12.436627"><ele>7.4</ele></rtept><rtept lat="57.523225" lon="12.436618"><ele>7.2</ele></rtept><rtept lat="57.523205" lon="12.436618"><ele>7.0</ele></rtept><rtept lat="57.52318" lon="12.436637"><ele>7.0</ele></rtept><rtept lat="57.523155" lon="12.436657"><ele>6.8</ele></rtept><rtept lat="57.523122" lon="12.436677"><ele>6.6</ele></rtept><rtept lat="57.52309" lon="12.436695"><ele>6.6</ele></rtept><rtept lat="57.523065" lon="12.436717"><ele>6.2</ele></rtept><rtept lat="57.523045" lon="12.436743"><ele>6.2</ele></rtept><rtept lat="57.523027" lon="12.43677"><ele>6.4</ele></rtept><rtept lat="57.523007" lon="12.43681"><ele>6.4</ele></rtept><rtept lat="57.522995" lon="12.436858"><ele>6.6</ele></rtept><rtept lat="57.522975" lon="12.436902"><ele>6.6</ele></rtept><rtept lat="57.522957" lon="12.436943"><ele>7.0</ele></rtept><rtept lat="57.522937" lon="12.436978"><ele>7.4</ele></rtept><rtept lat="57.522912" lon="12.437023"><ele>7.2</ele></rtept><rtept lat="57.522892" lon="12.437088"><ele>7.4</ele></rtept><rtept lat="57.522867" lon="12.437132"><ele>7.4</ele></rtept><rtept lat="57.52284" lon="12.437178"><ele>7.4</ele></rtept><rtept lat="57.522808" lon="12.437218"><ele>7.4</ele></rtept><rtept lat="57.52279" lon="12.437265"><ele>7.6</ele></rtept><rtept lat="57.522783" lon="12.437307"><ele>7.8</ele></rtept><rtept lat="57.522808" lon="12.43736"><ele>8.2</ele></rtept><rtept lat="57.522835" lon="12.437403"><ele>8.6</ele></rtept><rtept lat="57.522853" lon="12.43746"><ele>9.0</ele></rtept><rtept lat="57.522867" lon="12.4375"><ele>9.4</ele></rtept><rtept lat="57.522892" lon="12.437488"><ele>9.8</ele></rtept><rtept lat="57.522898" lon="12.437455"><ele>10.4</ele></rtept><rtept lat="57.52293" lon="12.437457"><ele>10.8</ele></rtept><rtept lat="57.522962" lon="12.43746"><ele>11.2</ele></rtept><rtept lat="57.522995" lon="12.43746"><ele>11.0</ele></rtept><rtept lat="57.52302" lon="12.43745"><ele>11.6</ele></rtept><rtept lat="57.523052" lon="12.43744"><ele>11.8</ele></rtept><rtept lat="57.523072" lon="12.43743"><ele>12.2</ele></rtept><rtept lat="57.523117" lon="12.437435"><ele>12.4</ele></rtept><rtept lat="57.52316" lon="12.437428"><ele>12.4</ele></rtept><rtept lat="57.523205" lon="12.43744"><ele>13.0</ele></rtept><rtept lat="57.523238" lon="12.437433"><ele>14.0</ele></rtept><rtept lat="57.523263" lon="12.437443"><ele>14.2</ele></rtept><rtept lat="57.523295" lon="12.437478"><ele>14.4</ele></rtept><rtept lat="57.52332" lon="12.437518"><ele>14.8</ele></rtept><rtept lat="57.523353" lon="12.437562"><ele>15.0</ele></rtept><rtept lat="57.523365" lon="12.437608"><ele>15.8</ele></rtept><rtept lat="57.523365" lon="12.437668"><ele>16.4</ele></rtept><rtept lat="57.523378" lon="12.437723"><ele>17.0</ele></rtept><rtept lat="57.523385" lon="12.437793"><ele>17.6</ele></rtept><rtept lat="57.523392" lon="12.437838"><ele>18.0</ele></rtept><rtept lat="57.523398" lon="12.437877"><ele>18.6</ele></rtept><rtept lat="57.523403" lon="12.437912"><ele>18.8</ele></rtept><rtept lat="57.523417" lon="12.43794"><ele>19.2</ele></rtept><rtept lat="57.523437" lon="12.437997"><ele>20.0</ele></rtept><rtept lat="57.523448" lon="12.43806"><ele>20.4</ele></rtept><rtept lat="57.523468" lon="12.43812"><ele>20.4</ele></rtept><rtept lat="57.52348" lon="12.438163"><ele>20.6</ele></rtept><rtept lat="57.52352" lon="12.438228"><ele>20.8</ele></rtept><rtept lat="57.523525" lon="12.438275"><ele>20.0</ele></rtept><rtept lat="57.523532" lon="12.438332"><ele>19.8</ele></rtept><rtept lat="57.523552" lon="12.438393"><ele>19.0</ele></rtept><rtept lat="57.523563" lon="12.438423"><ele>19.0</ele></rtept><rtept lat="57.523577" lon="12.438453"><ele>19.0</ele></rtept><rtept lat="57.523583" lon="12.4385"><ele>18.8</ele></rtept><rtept lat="57.523597" lon="12.438552"><ele>18.8</ele></rtept><rtept lat="57.523602" lon="12.438617"><ele>19.2</ele></rtept><rtept lat="57.523602" lon="12.438652"><ele>19.0</ele></rtept><rtept lat="57.523602" lon="12.438685"><ele>19.2</ele></rtept><rtept lat="57.523615" lon="12.43872"><ele>19.4</ele></rtept><rtept lat="57.523628" lon="12.43878"><ele>19.2</ele></rtept><rtept lat="57.523647" lon="12.438805"><ele>19.2</ele></rtept><rtept lat="57.52368" lon="12.43885"><ele>19.6</ele></rtept><rtept lat="57.523692" lon="12.438875"><ele>19.4</ele></rtept><rtept lat="57.523712" lon="12.438915"><ele>19.8</ele></rtept><rtept lat="57.52373" lon="12.438953"><ele>20.0</ele></rtept><rtept lat="57.52375" lon="12.43899"><ele>19.8</ele></rtept><rtept lat="57.523775" lon="12.439032"><ele>19.2</ele></rtept><rtept lat="57.523813" lon="12.439068"><ele>18.4</ele></rtept><rtept lat="57.52384" lon="12.43908"><ele>18.2</ele></rtept><rtept lat="57.523865" lon="12.43908"><ele>18.2</ele></rtept><rtept lat="57.52391" lon="12.43908"><ele>17.8</ele></rtept><rtept lat="57.523935" lon="12.439098"><ele>18.0</ele></rtept><rtept lat="57.523955" lon="12.439127"><ele>18.0</ele></rtept><rtept lat="57.524" lon="12.439167"><ele>18.0</ele></rtept><rtept lat="57.524038" lon="12.439193"><ele>18.0</ele></rtept><rtept lat="57.52405" lon="12.439227"><ele>17.4</ele></rtept><rtept lat="57.524077" lon="12.439265"><ele>17.2</ele></rtept><rtept lat="57.524088" lon="12.439292"><ele>16.4</ele></rtept><rtept lat="57.524095" lon="12.439335"><ele>15.2</ele></rtept><rtept lat="57.524077" lon="12.439345"><ele>14.8</ele></rtept><rtept lat="57.524057" lon="12.439358"><ele>14.4</ele></rtept><rtept lat="57.524038" lon="12.439378"><ele>14.0</ele></rtept><rtept lat="57.524018" lon="12.439398"><ele>13.6</ele></rtept><rtept lat="57.523993" lon="12.439425"><ele>12.8</ele></rtept><rtept lat="57.523973" lon="12.43942"><ele>12.4</ele></rtept><rtept lat="57.523942" lon="12.439405"><ele>11.2</ele></rtept><rtept lat="57.523922" lon="12.439397"><ele>10.8</ele></rtept><rtept lat="57.523903" lon="12.439432"><ele>9.4</ele></rtept><rtept lat="57.523897" lon="12.43948"><ele>8.4</ele></rtept><rtept lat="57.523897" lon="12.439533"><ele>7.4</ele></rtept><rtept lat="57.523897" lon="12.43959"><ele>6.8</ele></rtept><rtept lat="57.523872" lon="12.439642"><ele>6.8</ele></rtept><rtept lat="57.523858" lon="12.439673"><ele>6.6</ele></rtept><rtept lat="57.523852" lon="12.439748"><ele>6.8</ele></rtept><rtept lat="57.523852" lon="12.439793"><ele>6.4</ele></rtept><rtept lat="57.523852" lon="12.439833"><ele>6.4</ele></rtept><rtept lat="57.523858" lon="12.43988"><ele>6.2</ele></rtept><rtept lat="57.523858" lon="12.439932"><ele>6.0</ele></rtept><rtept lat="57.523858" lon="12.439967"><ele>6.2</ele></rtept><rtept lat="57.523865" lon="12.440005"><ele>6.4</ele></rtept><rtept lat="57.523858" lon="12.440047"><ele>6.4</ele></rtept><rtept lat="57.523845" lon="12.44009"><ele>6.6</ele></rtept><rtept lat="57.52384" lon="12.440137"><ele>6.8</ele></rtept><rtept lat="57.523833" lon="12.440183"><ele>6.6</ele></rtept><rtept lat="57.52382" lon="12.440225"><ele>6.4</ele></rtept><rtept lat="57.523813" lon="12.440265"><ele>6.4</ele></rtept><rtept lat="57.5238" lon="12.440303"><ele>6.2</ele></rtept><rtept lat="57.523795" lon="12.44035"><ele>6.4</ele></rtept><rtept lat="57.523775" lon="12.440402"><ele>6.4</ele></rtept><rtept lat="57.523757" lon="12.440468"><ele>6.2</ele></rtept><rtept lat="57.523737" lon="12.44052"><ele>6.2</ele></rtept><rtept lat="57.523723" lon="12.440573"><ele>6.2</ele></rtept><rtept lat="57.523712" lon="12.44064"><ele>6.2</ele></rtept><rtept lat="57.52368" lon="12.440772"><ele>6.0</ele></rtept><rtept lat="57.52364" lon="12.440845"><ele>6.0</ele></rtept><rtept lat="57.523615" lon="12.44089"><ele>6.0</ele></rtept><rtept lat="57.523577" lon="12.440945"><ele>5.8</ele></rtept><rtept lat="57.523538" lon="12.441017"><ele>6.0</ele></rtept><rtept lat="57.52352" lon="12.441048"><ele>6.0</ele></rtept><rtept lat="57.5235" lon="12.441075"><ele>5.8</ele></rtept><rtept lat="57.52348" lon="12.441083"><ele>5.8</ele></rtept><rtept lat="57.523462" lon="12.441095"><ele>5.6</ele></rtept><rtept lat="57.523442" lon="12.44112"><ele>5.6</ele></rtept><rtept lat="57.52343" lon="12.441148"><ele>5.8</ele></rtept><rtept lat="57.523398" lon="12.441177"><ele>5.6</ele></rtept><rtept lat="57.523378" lon="12.441192"><ele>5.8</ele></rtept><rtept lat="57.523358" lon="12.441212"><ele>5.6</ele></rtept><rtept lat="57.52334" lon="12.441242"><ele>5.4</ele></rtept><rtept lat="57.52332" lon="12.44126"><ele>5.4</ele></rtept><rtept lat="57.523308" lon="12.441287"><ele>5.4</ele></rtept><rtept lat="57.523288" lon="12.441312"><ele>5.2</ele></rtept><rtept lat="57.52327" lon="12.441337"><ele>5.4</ele></rtept><rtept lat="57.523238" lon="12.441378"><ele>5.2</ele></rtept><rtept lat="57.523212" lon="12.44141"><ele>5.2</ele></rtept><rtept lat="57.523187" lon="12.441447"><ele>5.4</ele></rtept><rtept lat="57.523173" lon="12.441492"><ele>5.2</ele></rtept><rtept lat="57.52316" lon="12.44153"><ele>5.2</ele></rtept><rtept lat="57.523148" lon="12.44158"><ele>5.2</ele></rtept><rtept lat="57.523142" lon="12.441625"><ele>5.0</ele></rtept><rtept lat="57.523128" lon="12.441665"><ele>4.8</ele></rtept><rtept lat="57.523117" lon="12.441705"><ele>4.8</ele></rtept><rtept lat="57.52311" lon="12.441755"><ele>4.6</ele></rtept><rtept lat="57.523103" lon="12.441808"><ele>4.8</ele></rtept><rtept lat="57.52309" lon="12.441853"><ele>5.0</ele></rtept><rtept lat="57.523083" lon="12.441893"><ele>4.4</ele></rtept><rtept lat="57.523065" lon="12.441923"><ele>4.6</ele></rtept><rtept lat="57.523045" lon="12.441958"><ele>4.8</ele></rtept><rtept lat="57.523027" lon="12.44198"><ele>4.6</ele></rtept><rtept lat="57.523007" lon="12.441997"><ele>4.8</ele></rtept><rtept lat="57.522982" lon="12.442012"><ele>4.8</ele></rtept><rtept lat="57.522957" lon="12.442007"><ele>4.4</ele></rtept><rtept lat="57.52293" lon="12.442008"><ele>4.6</ele></rtept><rtept lat="57.522898" lon="12.44202"><ele>4.4</ele></rtept><rtept lat="57.522867" lon="12.442032"><ele>4.4</ele></rtept><rtept lat="57.522847" lon="12.442033"><ele>4.6</ele></rtept><rtept lat="57.522828" lon="12.44204"><ele>4.2</ele></rtept><rtept lat="57.522802" lon="12.442042"><ele>4.4</ele></rtept><rtept lat="57.522777" lon="12.442038"><ele>4.4</ele></rtept><rtept lat="57.522745" lon="12.442042"><ele>4.2</ele></rtept><rtept lat="57.522713" lon="12.442053"><ele>4.4</ele></rtept><rtept lat="57.52268" lon="12.442067"><ele>4.6</ele></rtept><rtept lat="57.522648" lon="12.442092"><ele>4.4</ele></rtept><rtept lat="57.522623" lon="12.44211"><ele>4.6</ele></rtept><rtept lat="57.522598" lon="12.44211"><ele>4.4</ele></rtept><rtept lat="57.522578" lon="12.442112"><ele>4.2</ele></rtept><rtept lat="57.522547" lon="12.44211"><ele>4.2</ele></rtept><rtept lat="57.52252" lon="12.442118"><ele>4.2</ele></rtept><rtept lat="57.522495" lon="12.442127"><ele>4.2</ele></rtept><rtept lat="57.522457" lon="12.442145"><ele>4.2</ele></rtept><rtept lat="57.522432" lon="12.442152"><ele>4.4</ele></rtept><rtept lat="57.522405" lon="12.442185"><ele>4.2</ele></rtept><rtept lat="57.52238" lon="12.442225"><ele>4.2</ele></rtept><rtept lat="57.522355" lon="12.44225"><ele>4.4</ele></rtept><rtept lat="57.522322" lon="12.442283"><ele>4.2</ele></rtept><rtept lat="57.522297" lon="12.442305"><ele>4.6</ele></rtept><rtept lat="57.522272" lon="12.442317"><ele>4.6</ele></rtept><rtept lat="57.522245" lon="12.442328"><ele>4.2</ele></rtept><rtept lat="57.522227" lon="12.44234"><ele>4.6</ele></rtept><rtept lat="57.522195" lon="12.44236"><ele>4.6</ele></rtept><rtept lat="57.522175" lon="12.44238"><ele>4.6</ele></rtept><rtept lat="57.52215" lon="12.442397"><ele>4.6</ele></rtept><rtept lat="57.522112" lon="12.442425"><ele>4.4</ele></rtept><rtept lat="57.522067" lon="12.442445"><ele>4.6</ele></rtept><rtept lat="57.522002" lon="12.442503"><ele>4.6</ele></rtept><rtept lat="57.521963" lon="12.442535"><ele>4.4</ele></rtept><rtept lat="57.52192" lon="12.442568"><ele>4.6</ele></rtept><rtept lat="57.521887" lon="12.442597"><ele>4.8</ele></rtept><rtept lat="57.521855" lon="12.442628"><ele>4.4</ele></rtept><rtept lat="57.521837" lon="12.442648"><ele>4.6</ele></rtept><rtept lat="57.521803" lon="12.442662"><ele>5.0</ele></rtept><rtept lat="57.521778" lon="12.442658"><ele>4.8</ele></rtept><rtept lat="57.521733" lon="12.442667"><ele>5.0</ele></rtept><rtept lat="57.521688" lon="12.442678"><ele>4.8</ele></rtept><rtept lat="57.521657" lon="12.442688"><ele>4.8</ele></rtept><rtept lat="57.521625" lon="12.4427"><ele>5.0</ele></rtept><rtept lat="57.521587" lon="12.442702"><ele>4.8</ele></rtept><rtept lat="57.521542" lon="12.442717"><ele>5.0</ele></rtept><rtept lat="57.521517" lon="12.442733"><ele>5.2</ele></rtept><rtept lat="57.521478" lon="12.442748"><ele>5.0</ele></rtept><rtept lat="57.521458" lon="12.442765"><ele>5.2</ele></rtept><rtept lat="57.52142" lon="12.442778"><ele>5.0</ele></rtept><rtept lat="57.521395" lon="12.44279"><ele>5.0</ele></rtept><rtept lat="57.521368" lon="12.442793"><ele>5.4</ele></rtept><rtept lat="57.521343" lon="12.442792"><ele>5.2</ele></rtept><rtept lat="57.521318" lon="12.4428"><ele>5.2</ele></rtept><rtept lat="57.521292" lon="12.442812"><ele>5.6</ele></rtept><rtept lat="57.521267" lon="12.442805"><ele>5.2</ele></rtept><rtept lat="57.521247" lon="12.442802"><ele>5.6</ele></rtept><rtept lat="57.521222" lon="12.44281"><ele>5.8</ele></rtept><rtept lat="57.521197" lon="12.442807"><ele>5.6</ele></rtept><rtept lat="57.521177" lon="12.442798"><ele>6.0</ele></rtept><rtept lat="57.521152" lon="12.442793"><ele>6.0</ele></rtept><rtept lat="57.521132" lon="12.442793"><ele>6.2</ele></rtept><rtept lat="57.5211" lon="12.442812"><ele>6.6</ele></rtept><rtept lat="57.52108" lon="12.44282"><ele>6.8</ele></rtept><rtept lat="57.521062" lon="12.442825"><ele>7.4</ele></rtept><rtept lat="57.521042" lon="12.44281"><ele>7.8</ele></rtept><rtept lat="57.521023" lon="12.4428"><ele>8.0</ele></rtept><rtept lat="57.521003" lon="12.442797"><ele>8.4</ele></rtept><rtept lat="57.520978" lon="12.44278"><ele>8.6</ele></rtept><rtept lat="57.520947" lon="12.442773"><ele>8.6</ele></rtept><rtept lat="57.52092" lon="12.442762"><ele>9.0</ele></rtept><rtept lat="57.520895" lon="12.442753"><ele>9.0</ele></rtept><rtept lat="57.52087" lon="12.442752"><ele>9.0</ele></rtept><rtept lat="57.520843" lon="12.442752"><ele>9.2</ele></rtept><rtept lat="57.520818" lon="12.442748"><ele>9.0</ele></rtept><rtept lat="57.5208" lon="12.442748"><ele>9.0</ele></rtept><rtept lat="57.520773" lon="12.442745"><ele>9.2</ele></rtept><rtept lat="57.520748" lon="12.442733"><ele>9.2</ele></rtept><rtept lat="57.520728" lon="12.442723"><ele>8.8</ele></rtept><rtept lat="57.520703" lon="12.442728"><ele>9.0</ele></rtept><rtept lat="57.520672" lon="12.442733"><ele>9.0</ele></rtept><rtept lat="57.520645" lon="12.442733"><ele>8.6</ele></rtept><rtept lat="57.52062" lon="12.442738"><ele>8.8</ele></rtept><rtept lat="57.520588" lon="12.44274"><ele>8.6</ele></rtept><rtept lat="57.52055" lon="12.442748"><ele>8.2</ele></rtept><rtept lat="57.520518" lon="12.442757"><ele>8.2</ele></rtept><rtept lat="57.520485" lon="12.44276"><ele>8.0</ele></rtept><rtept lat="57.52046" lon="12.44276"><ele>7.8</ele></rtept><rtept lat="57.520428" lon="12.442762"><ele>7.8</ele></rtept><rtept lat="57.520402" lon="12.442757"><ele>7.8</ele></rtept><rtept lat="57.52037" lon="12.442752"><ele>7.6</ele></rtept><rtept lat="57.520338" lon="12.442752"><ele>7.6</ele></rtept><rtept lat="57.520307" lon="12.44276"><ele>7.2</ele></rtept><rtept lat="57.52028" lon="12.442757"><ele>7.2</ele></rtept><rtept lat="57.520255" lon="12.442747"><ele>7.4</ele></rtept><rtept lat="57.52023" lon="12.442738"><ele>6.8</ele></rtept><rtept lat="57.520203" lon="12.442728"><ele>6.8</ele></rtept><rtept lat="57.520178" lon="12.442723"><ele>6.8</ele></rtept><rtept lat="57.520153" lon="12.442737"><ele>6.2</ele></rtept><rtept lat="57.52012" lon="12.442742"><ele>6.2</ele></rtept><rtept lat="57.520088" lon="12.442747"><ele>6.4</ele></rtept><rtept lat="57.520057" lon="12.442738"><ele>6.0</ele></rtept><rtept lat="57.520025" lon="12.442727"><ele>6.2</ele></rtept><rtept lat="57.519993" lon="12.44272"><ele>5.8</ele></rtept><rtept lat="57.519967" lon="12.442702"><ele>5.8</ele></rtept><rtept lat="57.519942" lon="12.442687"><ele>5.8</ele></rtept><rtept lat="57.51991" lon="12.442682"><ele>5.6</ele></rtept><rtept lat="57.519883" lon="12.442673"><ele>5.6</ele></rtept><rtept lat="57.519852" lon="12.44266"><ele>5.6</ele></rtept><rtept lat="57.519827" lon="12.442647"><ele>5.2</ele></rtept><rtept lat="57.5198" lon="12.442633"><ele>5.6</ele></rtept><rtept lat="57.519775" lon="12.442623"><ele>5.8</ele></rtept><rtept lat="57.519757" lon="12.442607"><ele>5.4</ele></rtept><rtept lat="57.51973" lon="12.442592"><ele>5.8</ele></rtept><rtept lat="57.519712" lon="12.442573"><ele>6.0</ele></rtept><rtept lat="57.519685" lon="12.442555"><ele>5.8</ele></rtept><rtept lat="57.51966" lon="12.44254"><ele>6.0</ele></rtept><rtept lat="57.519635" lon="12.442533"><ele>5.8</ele></rtept><rtept lat="57.519608" lon="12.442522"><ele>6.0</ele></rtept><rtept lat="57.519583" lon="12.442508"><ele>6.4</ele></rtept><rtept lat="57.519558" lon="12.442493"><ele>6.0</ele></rtept><rtept lat="57.519532" lon="12.442482"><ele>6.4</ele></rtept><rtept lat="57.519507" lon="12.44248"><ele>6.6</ele></rtept><rtept lat="57.519475" lon="12.442478"><ele>6.6</ele></rtept><rtept lat="57.519455" lon="12.442478"><ele>6.8</ele></rtept><rtept lat="57.51943" lon="12.44247"><ele>6.6</ele></rtept><rtept lat="57.51941" lon="12.442462"><ele>6.8</ele></rtept><rtept lat="57.519378" lon="12.442453"><ele>6.8</ele></rtept><rtept lat="57.519353" lon="12.442442"><ele>6.6</ele></rtept><rtept lat="57.519327" lon="12.442433"><ele>6.8</ele></rtept><rtept lat="57.519295" lon="12.44242"><ele>6.6</ele></rtept><rtept lat="57.51927" lon="12.442408"><ele>6.8</ele></rtept><rtept lat="57.519238" lon="12.442393"><ele>7.0</ele></rtept><rtept lat="57.519218" lon="12.44238"><ele>6.8</ele></rtept><rtept lat="57.519173" lon="12.44239"><ele>7.0</ele></rtept><rtept lat="57.519135" lon="12.442393"><ele>7.2</ele></rtept><rtept lat="57.519097" lon="12.442383"><ele>7.0</ele></rtept><rtept lat="57.519072" lon="12.442365"><ele>7.4</ele></rtept><rtept lat="57.519038" lon="12.442353"><ele>7.6</ele></rtept><rtept lat="57.519007" lon="12.442337"><ele>7.4</ele></rtept><rtept lat="57.518982" lon="12.442317"><ele>7.4</ele></rtept><rtept lat="57.51895" lon="12.442303"><ele>7.4</ele></rtept><rtept lat="57.518918" lon="12.44229"><ele>7.2</ele></rtept><rtept lat="57.518892" lon="12.442277"><ele>7.6</ele></rtept><rtept lat="57.518867" lon="12.442263"><ele>7.4</ele></rtept><rtept lat="57.518847" lon="12.442252"><ele>7.4</ele></rtept><rtept lat="57.518822" lon="12.44224"><ele>7.8</ele></rtept><rtept lat="57.51879" lon="12.44221"><ele>7.8</ele></rtept><rtept lat="57.518763" lon="12.442192"><ele>8.2</ele></rtept><rtept lat="57.518738" lon="12.442167"><ele>8.2</ele></rtept><rtept lat="57.51872" lon="12.44214"><ele>8.6</ele></rtept><rtept lat="57.518693" lon="12.442107"><ele>8.8</ele></rtept><rtept lat="57.518675" lon="12.442065"><ele>8.6</ele></rtept><rtept lat="57.518648" lon="12.442038"><ele>9.0</ele></rtept><rtept lat="57.518637" lon="12.442007"><ele>9.0</ele></rtept><rtept lat="57.518603" lon="12.44196"><ele>8.8</ele></rtept><rtept lat="57.518578" lon="12.441922"><ele>9.0</ele></rtept><rtept lat="57.51856" lon="12.441893"><ele>9.0</ele></rtept><rtept lat="57.518533" lon="12.44186"><ele>8.6</ele></rtept><rtept lat="57.518508" lon="12.441823"><ele>8.8</ele></rtept><rtept lat="57.518482" lon="12.441788"><ele>8.8</ele></rtept><rtept lat="57.518463" lon="12.441755"><ele>8.4</ele></rtept><rtept lat="57.518443" lon="12.441722"><ele>8.4</ele></rtept><rtept lat="57.518418" lon="12.441695"><ele>8.2</ele></rtept><rtept lat="57.5184" lon="12.441668"><ele>7.8</ele></rtept><rtept lat="57.51838" lon="12.441637"><ele>7.8</ele></rtept><rtept lat="57.518355" lon="12.44161"><ele>7.6</ele></rtept><rtept lat="57.518335" lon="12.44158"><ele>7.2</ele></rtept><rtept lat="57.51831" lon="12.44155"><ele>7.6</ele></rtept><rtept lat="57.518283" lon="12.44152"><ele>7.2</ele></rtept><rtept lat="57.518258" lon="12.441482"><ele>7.0</ele></rtept><rtept lat="57.518233" lon="12.441442"><ele>7.2</ele></rtept><rtept lat="57.518213" lon="12.441415"><ele>6.8</ele></rtept><rtept lat="57.518195" lon="12.44139"><ele>7.0</ele></rtept><rtept lat="57.518175" lon="12.441373"><ele>7.0</ele></rtept><rtept lat="57.518143" lon="12.44136"><ele>6.6</ele></rtept><rtept lat="57.518123" lon="12.441333"><ele>7.0</ele></rtept><rtept lat="57.518098" lon="12.441307"><ele>7.2</ele></rtept><rtept lat="57.51808" lon="12.441278"><ele>6.6</ele></rtept><rtept lat="57.518047" lon="12.441247"><ele>7.0</ele></rtept><rtept lat="57.518028" lon="12.441217"><ele>6.8</ele></rtept><rtept lat="57.517997" lon="12.441188"><ele>6.6</ele></rtept><rtept lat="57.517963" lon="12.441172"><ele>6.8</ele></rtept><rtept lat="57.517938" lon="12.441148"><ele>6.6</ele></rtept><rtept lat="57.5179" lon="12.44112"><ele>6.6</ele></rtept><rtept lat="57.517868" lon="12.441095"><ele>6.6</ele></rtept><rtept lat="57.517842" lon="12.441068"><ele>6.2</ele></rtept><rtept lat="57.51781" lon="12.441048"><ele>6.6</ele></rtept><rtept lat="57.517778" lon="12.441038"><ele>6.4</ele></rtept><rtept lat="57.517747" lon="12.44102"><ele>6.2</ele></rtept><rtept lat="57.51772" lon="12.441005"><ele>6.6</ele></rtept><rtept lat="57.517695" lon="12.44099"><ele>6.4</ele></rtept><rtept lat="57.51767" lon="12.440978"><ele>6.2</ele></rtept><rtept lat="57.517643" lon="12.44097"><ele>6.6</ele></rtept><rtept lat="57.517605" lon="12.44097"><ele>6.2</ele></rtept><rtept lat="57.51758" lon="12.440958"><ele>6.0</ele></rtept><rtept lat="57.517548" lon="12.440943"><ele>6.2</ele></rtept><rtept lat="57.517522" lon="12.44092"><ele>5.8</ele></rtept><rtept lat="57.517497" lon="12.4409"><ele>5.8</ele></rtept><rtept lat="57.517472" lon="12.44088"><ele>6.0</ele></rtept><rtept lat="57.517427" lon="12.44085"><ele>5.6</ele></rtept><rtept lat="57.517407" lon="12.440825"><ele>6.0</ele></rtept><rtept lat="57.517382" lon="12.44081"><ele>5.4</ele></rtept><rtept lat="57.51735" lon="12.440797"><ele>5.6</ele></rtept><rtept lat="57.51733" lon="12.440785"><ele>6.0</ele></rtept><rtept lat="57.517305" lon="12.440777"><ele>5.6</ele></rtept><rtept lat="57.517273" lon="12.44077"><ele>6.0</ele></rtept><rtept lat="57.517247" lon="12.440767"><ele>6.0</ele></rtept><rtept lat="57.517228" lon="12.440762"><ele>5.6</ele></rtept><rtept lat="57.517202" lon="12.440757"><ele>5.8</ele></rtept><rtept lat="57.51717" lon="12.440752"><ele>5.6</ele></rtept><rtept lat="57.517145" lon="12.440752"><ele>5.6</ele></rtept><rtept lat="57.517113" lon="12.440745"><ele>5.8</ele></rtept><rtept lat="57.517087" lon="12.440747"><ele>5.4</ele></rtept><rtept lat="57.517068" lon="12.440747"><ele>5.6</ele></rtept><rtept lat="57.517042" lon="12.44075"><ele>5.8</ele></rtept><rtept lat="57.51701" lon="12.440752"><ele>5.6</ele></rtept><rtept lat="57.516985" lon="12.440752"><ele>5.8</ele></rtept><rtept lat="57.516947" lon="12.44076"><ele>6.2</ele></rtept><rtept lat="57.516915" lon="12.44076"><ele>5.8</ele></rtept><rtept lat="57.516895" lon="12.440752"><ele>6.2</ele></rtept><rtept lat="57.51687" lon="12.44074"><ele>6.4</ele></rtept><rtept lat="57.516843" lon="12.440732"><ele>6.0</ele></rtept><rtept lat="57.516812" lon="12.440722"><ele>6.2</ele></rtept><rtept lat="57.516787" lon="12.440707"><ele>6.2</ele></rtept><rtept lat="57.516755" lon="12.44068"><ele>5.8</ele></rtept><rtept lat="57.516717" lon="12.440662"><ele>6.0</ele></rtept><rtept lat="57.51669" lon="12.440647"><ele>5.8</ele></rtept><rtept lat="57.516658" lon="12.440645"><ele>5.6</ele></rtept><rtept lat="57.516633" lon="12.440633"><ele>6.0</ele></rtept><rtept lat="57.516607" lon="12.440627"><ele>5.8</ele></rtept><rtept lat="57.516575" lon="12.440612"><ele>5.8</ele></rtept><rtept lat="57.51655" lon="12.440602"><ele>6.0</ele></rtept><rtept lat="57.516518" lon="12.440587"><ele>5.8</ele></rtept><rtept lat="57.516492" lon="12.440573"><ele>6.0</ele></rtept><rtept lat="57.516467" lon="12.440548"><ele>6.2</ele></rtept><rtept lat="57.516447" lon="12.440523"><ele>5.8</ele></rtept><rtept lat="57.516428" lon="12.440502"><ele>6.0</ele></rtept><rtept lat="57.516408" lon="12.440493"><ele>6.4</ele></rtept><rtept lat="57.51637" lon="12.44048"><ele>6.0</ele></rtept><rtept lat="57.516358" lon="12.440455"><ele>6.4</ele></rtept><rtept lat="57.516332" lon="12.440428"><ele>6.2</ele></rtept><rtept lat="57.516313" lon="12.440408"><ele>6.2</ele></rtept><rtept lat="57.516287" lon="12.440393"><ele>6.6</ele></rtept><rtept lat="57.516255" lon="12.440368"><ele>6.4</ele></rtept><rtept lat="57.51623" lon="12.440348"><ele>6.6</ele></rtept><rtept lat="57.51621" lon="12.440328"><ele>7.0</ele></rtept><rtept lat="57.516178" lon="12.440317"><ele>6.8</ele></rtept><rtept lat="57.51616" lon="12.440303"><ele>7.2</ele></rtept><rtept lat="57.516133" lon="12.440285"><ele>7.4</ele></rtept><rtept lat="57.516108" lon="12.44027"><ele>7.0</ele></rtept><rtept lat="57.516082" lon="12.440255"><ele>7.2</ele></rtept><rtept lat="57.516057" lon="12.440233"><ele>7.0</ele></rtept><rtept lat="57.516032" lon="12.440217"><ele>6.8</ele></rtept><rtept lat="57.516005" lon="12.440203"><ele>7.0</ele></rtept><rtept lat="57.515973" lon="12.440183"><ele>6.6</ele></rtept><rtept lat="57.515942" lon="12.44017"><ele>6.6</ele></rtept><rtept lat="57.515917" lon="12.44015"><ele>7.0</ele></rtept><rtept lat="57.51589" lon="12.44013"><ele>6.6</ele></rtept><rtept lat="57.515865" lon="12.44012"><ele>6.8</ele></rtept><rtept lat="57.515845" lon="12.440107"><ele>6.8</ele></rtept><rtept lat="57.51582" lon="12.440092"><ele>6.4</ele></rtept><rtept lat="57.515795" lon="12.440078"><ele>6.4</ele></rtept><rtept lat="57.515762" lon="12.440065"><ele>6.4</ele></rtept><rtept lat="57.515737" lon="12.440052"><ele>6.4</ele></rtept><rtept lat="57.515712" lon="12.440025"><ele>6.6</ele></rtept><rtept lat="57.515692" lon="12.439998"><ele>6.8</ele></rtept><rtept lat="57.515673" lon="12.43998"><ele>6.6</ele></rtept><rtept lat="57.515653" lon="12.43997"><ele>6.6</ele></rtept><rtept lat="57.515622" lon="12.439957"><ele>7.0</ele></rtept><rtept lat="57.515602" lon="12.43994"><ele>6.6</ele></rtept><rtept lat="57.515577" lon="12.439923"><ele>6.8</ele></rtept><rtept lat="57.515545" lon="12.439907"><ele>6.8</ele></rtept><rtept lat="57.515507" lon="12.4399"><ele>6.6</ele></rtept><rtept lat="57.51548" lon="12.439888"><ele>6.6</ele></rtept><rtept lat="57.515455" lon="12.43988"><ele>6.4</ele></rtept><rtept lat="57.51541" lon="12.43988"><ele>6.2</ele></rtept><rtept lat="57.515378" lon="12.439877"><ele>6.4</ele></rtept><rtept lat="57.515347" lon="12.43986"><ele>6.2</ele></rtept><rtept lat="57.51532" lon="12.439842"><ele>6.0</ele></rtept><rtept lat="57.515295" lon="12.439832"><ele>6.2</ele></rtept><rtept lat="57.515263" lon="12.439817"><ele>6.0</ele></rtept><rtept lat="57.515238" lon="12.439802"><ele>5.8</ele></rtept><rtept lat="57.515212" lon="12.439792"><ele>5.8</ele></rtept><rtept lat="57.515187" lon="12.439775"><ele>5.6</ele></rtept><rtept lat="57.51516" lon="12.439758"><ele>5.4</ele></rtept><rtept lat="57.515135" lon="12.439738"><ele>5.4</ele></rtept><rtept lat="57.51511" lon="12.439722"><ele>5.2</ele></rtept><rtept lat="57.515083" lon="12.439713"><ele>5.2</ele></rtept><rtept lat="57.515052" lon="12.439708"><ele>5.4</ele></rtept><rtept lat="57.51502" lon="12.4397"><ele>5.0</ele></rtept><rtept lat="57.515" lon="12.439688"><ele>5.2</ele></rtept><rtept lat="57.514975" lon="12.439678"><ele>5.4</ele></rtept><rtept lat="57.514957" lon="12.439668"><ele>5.2</ele></rtept><rtept lat="57.514937" lon="12.439663"><ele>5.4</ele></rtept><rtept lat="57.514912" lon="12.439668"><ele>5.8</ele></rtept><rtept lat="57.514892" lon="12.439673"><ele>5.4</ele></rtept><rtept lat="57.514873" lon="12.439683"><ele>5.8</ele></rtept><rtept lat="57.514847" lon="12.439715"><ele>5.8</ele></rtept><rtept lat="57.514828" lon="12.439748"><ele>6.0</ele></rtept><rtept lat="57.514808" lon="12.439773"><ele>6.0</ele></rtept><rtept lat="57.514783" lon="12.439827"><ele>6.2</ele></rtept><rtept lat="57.51477" lon="12.439857"><ele>6.6</ele></rtept><rtept lat="57.514758" lon="12.439903"><ele>7.0</ele></rtept><rtept lat="57.514752" lon="12.43996"><ele>7.4</ele></rtept><rtept lat="57.514752" lon="12.440007"><ele>8.4</ele></rtept><rtept lat="57.514758" lon="12.44004"><ele>8.6</ele></rtept><rtept lat="57.514763" lon="12.44008"><ele>9.0</ele></rtept><rtept lat="57.514783" lon="12.440142"><ele>9.2</ele></rtept><rtept lat="57.514802" lon="12.440197"><ele>9.6</ele></rtept><rtept lat="57.514828" lon="12.44024"><ele>10.2</ele></rtept><rtept lat="57.514847" lon="12.440265"><ele>10.4</ele></rtept><rtept lat="57.514873" lon="12.440303"><ele>11.0</ele></rtept><rtept lat="57.514898" lon="12.440343"><ele>11.4</ele></rtept><rtept lat="57.514905" lon="12.440398"><ele>12.4</ele></rtept><rtept lat="57.514918" lon="12.440443"><ele>13.0</ele></rtept><rtept lat="57.514943" lon="12.4405"><ele>13.4</ele></rtept><rtept lat="57.514962" lon="12.440552"><ele>14.0</ele></rtept><rtept lat="57.514982" lon="12.440587"><ele>14.2</ele></rtept><rtept lat="57.515" lon="12.440637"><ele>14.8</ele></rtept><rtept lat="57.515013" lon="12.440698"><ele>15.2</ele></rtept><rtept lat="57.51502" lon="12.44077"><ele>15.4</ele></rtept><rtept lat="57.515033" lon="12.44084"><ele>16.0</ele></rtept><rtept lat="57.515045" lon="12.44093"><ele>16.4</ele></rtept><rtept lat="57.515045" lon="12.440997"><ele>16.4</ele></rtept><rtept lat="57.515027" lon="12.441017"><ele>17.0</ele></rtept><rtept lat="57.51495" lon="12.441043"><ele>17.6</ele></rtept><rtept lat="57.514847" lon="12.441035"><ele>17.6</ele></rtept><rtept lat="57.514797" lon="12.441003"><ele>18.2</ele></rtept><rtept lat="57.514763" lon="12.440963"><ele>18.4</ele></rtept><rtept lat="57.514738" lon="12.440948"><ele>18.4</ele></rtept><rtept lat="57.514707" lon="12.44092"><ele>19.0</ele></rtept><rtept lat="57.514687" lon="12.440897"><ele>18.6</ele></rtept><rtept lat="57.514662" lon="12.440865"><ele>18.6</ele></rtept><rtept lat="57.514642" lon="12.440842"><ele>18.8</ele></rtept><rtept lat="57.514623" lon="12.44081"><ele>18.8</ele></rtept><rtept lat="57.514603" lon="12.440778"><ele>18.2</ele></rtept><rtept lat="57.514578" lon="12.440735"><ele>18.2</ele></rtept><rtept lat="57.514547" lon="12.440698"><ele>18.2</ele></rtept><rtept lat="57.514515" lon="12.44066"><ele>17.6</ele></rtept><rtept lat="57.514488" lon="12.440637"><ele>17.2</ele></rtept><rtept lat="57.514463" lon="12.440608"><ele>17.2</ele></rtept><rtept lat="57.514432" lon="12.440587"><ele>17.0</ele></rtept><rtept lat="57.5144" lon="12.440568"><ele>16.4</ele></rtept><rtept lat="57.514367" lon="12.44056"><ele>16.4</ele></rtept><rtept lat="57.514335" lon="12.440547"><ele>16.4</ele></rtept><rtept lat="57.51431" lon="12.440523"><ele>16.0</ele></rtept><rtept lat="57.51429" lon="12.440493"><ele>15.4</ele></rtept><rtept lat="57.514265" lon="12.440468"><ele>15.4</ele></rtept><rtept lat="57.51424" lon="12.440443"><ele>15.0</ele></rtept><rtept lat="57.514207" lon="12.440428"><ele>14.6</ele></rtept><rtept lat="57.514182" lon="12.440423"><ele>14.6</ele></rtept><rtept lat="57.514162" lon="12.44041"><ele>14.4</ele></rtept><rtept lat="57.514143" lon="12.440393"><ele>13.8</ele></rtept><rtept lat="57.514112" lon="12.440355"><ele>13.8</ele></rtept><rtept lat="57.514092" lon="12.44034"><ele>13.2</ele></rtept><rtept lat="57.514073" lon="12.440328"><ele>13.0</ele></rtept><rtept lat="57.514047" lon="12.440328"><ele>12.8</ele></rtept><rtept lat="57.514028" lon="12.440325"><ele>12.2</ele></rtept><rtept lat="57.514008" lon="12.440328"><ele>11.8</ele></rtept><rtept lat="57.51399" lon="12.440323"><ele>11.8</ele></rtept><rtept lat="57.513963" lon="12.440315"><ele>11.4</ele></rtept><rtept lat="57.513932" lon="12.440308"><ele>11.0</ele></rtept><rtept lat="57.513907" lon="12.44029"><ele>10.8</ele></rtept><rtept lat="57.513875" lon="12.440275"><ele>10.4</ele></rtept><rtept lat="57.513842" lon="12.440263"><ele>10.4</ele></rtept><rtept lat="57.513803" lon="12.44027"><ele>10.6</ele></rtept><rtept lat="57.513772" lon="12.44025"><ele>10.2</ele></rtept><rtept lat="57.51374" lon="12.440237"><ele>10.2</ele></rtept><rtept lat="57.513715" lon="12.440217"><ele>10.2</ele></rtept><rtept lat="57.513688" lon="12.440192"><ele>10.0</ele></rtept><rtept lat="57.513663" lon="12.44017"><ele>10.0</ele></rtept><rtept lat="57.513638" lon="12.440155"><ele>10.2</ele></rtept><rtept lat="57.513612" lon="12.440155"><ele>9.6</ele></rtept><rtept lat="57.513593" lon="12.440155"><ele>10.0</ele></rtept><rtept lat="57.513573" lon="12.44015"><ele>10.2</ele></rtept><rtept lat="57.513548" lon="12.440142"><ele>10.0</ele></rtept><rtept lat="57.513522" lon="12.440132"><ele>10.4</ele></rtept><rtept lat="57.513497" lon="12.440122"><ele>10.6</ele></rtept><rtept lat="57.513465" lon="12.440112"><ele>10.4</ele></rtept><rtept lat="57.513433" lon="12.4401"><ele>10.8</ele></rtept><rtept lat="57.513407" lon="12.440087"><ele>10.8</ele></rtept><rtept lat="57.513382" lon="12.440072"><ele>10.6</ele></rtept><rtept lat="57.513357" lon="12.44006"><ele>11.0</ele></rtept><rtept lat="57.513337" lon="12.44006"><ele>11.0</ele></rtept><rtept lat="57.513312" lon="12.440052"><ele>11.0</ele></rtept><rtept lat="57.513292" lon="12.440038"><ele>11.2</ele></rtept><rtept lat="57.513267" lon="12.440032"><ele>11.2</ele></rtept><rtept lat="57.51324" lon="12.440025"><ele>11.0</ele></rtept><rtept lat="57.513222" lon="12.440015"><ele>11.2</ele></rtept><rtept lat="57.513197" lon="12.440007"><ele>11.0</ele></rtept><rtept lat="57.513145" lon="12.439997"><ele>11.2</ele></rtept><rtept lat="57.513093" lon="12.439972"><ele>11.4</ele></rtept><rtept lat="57.513062" lon="12.439947"><ele>11.0</ele></rtept><rtept lat="57.513042" lon="12.439923"><ele>11.2</ele></rtept><rtept lat="57.513017" lon="12.4399"><ele>11.2</ele></rtept><rtept lat="57.512992" lon="12.439877"><ele>10.8</ele></rtept><rtept lat="57.512972" lon="12.439853"><ele>11.2</ele></rtept><rtept lat="57.512953" lon="12.439828"><ele>11.6</ele></rtept><rtept lat="57.512927" lon="12.439802"><ele>11.0</ele></rtept><rtept lat="57.512895" lon="12.439755"><ele>11.2</ele></rtept><rtept lat="57.51287" lon="12.439708"><ele>11.2</ele></rtept><rtept lat="57.512838" lon="12.439682"><ele>10.8</ele></rtept><rtept lat="57.512812" lon="12.439648"><ele>10.8</ele></rtept><rtept lat="57.51278" lon="12.43961"><ele>10.6</ele></rtept><rtept lat="57.512755" lon="12.43957"><ele>10.2</ele></rtept><rtept lat="57.512722" lon="12.439517"><ele>10.2</ele></rtept><rtept lat="57.512703" lon="12.439465"><ele>10.2</ele></rtept><rtept lat="57.512672" lon="12.43941"><ele>9.8</ele></rtept><rtept lat="57.512633" lon="12.439327"><ele>9.6</ele></rtept><rtept lat="57.512595" lon="12.439252"><ele>9.6</ele></rtept><rtept lat="57.512557" lon="12.439213"><ele>9.4</ele></rtept><rtept lat="57.512537" lon="12.43918"><ele>9.4</ele></rtept><rtept lat="57.512505" lon="12.43912"><ele>9.4</ele></rtept><rtept lat="57.51246" lon="12.439053"><ele>9.2</ele></rtept><rtept lat="57.51244" lon="12.438973"><ele>8.8</ele></rtept><rtept lat="57.512435" lon="12.438915"><ele>8.6</ele></rtept><rtept lat="57.512415" lon="12.438863"><ele>8.4</ele></rtept><rtept lat="57.512408" lon="12.43881"><ele>8.2</ele></rtept><rtept lat="57.512402" lon="12.438732"><ele>7.8</ele></rtept><rtept lat="57.512402" lon="12.438687"><ele>8.0</ele></rtept><rtept lat="57.51239" lon="12.438637"><ele>7.6</ele></rtept><rtept lat="57.512377" lon="12.438557"><ele>7.8</ele></rtept><rtept lat="57.512363" lon="12.438507"><ele>7.4</ele></rtept><rtept lat="57.512358" lon="12.438473"><ele>7.4</ele></rtept><rtept lat="57.512352" lon="12.438427"><ele>7.6</ele></rtept><rtept lat="57.512345" lon="12.438377"><ele>7.0</ele></rtept><rtept lat="57.512338" lon="12.438322"><ele>7.2</ele></rtept><rtept lat="57.512325" lon="12.438275"><ele>7.0</ele></rtept><rtept lat="57.51232" lon="12.43823"><ele>6.8</ele></rtept><rtept lat="57.512307" lon="12.438183"><ele>6.8</ele></rtept><rtept lat="57.5123" lon="12.43813"><ele>6.8</ele></rtept><rtept lat="57.512287" lon="12.438095"><ele>6.4</ele></rtept><rtept lat="57.51228" lon="12.438057"><ele>6.6</ele></rtept><rtept lat="57.512268" lon="12.438027"><ele>6.4</ele></rtept><rtept lat="57.512255" lon="12.43798"><ele>6.2</ele></rtept><rtept lat="57.51223" lon="12.437935"><ele>6.4</ele></rtept><rtept lat="57.512203" lon="12.43787"><ele>6.2</ele></rtept><rtept lat="57.512185" lon="12.437812"><ele>6.2</ele></rtept><rtept lat="57.512178" lon="12.437777"><ele>6.4</ele></rtept><rtept lat="57.512165" lon="12.437737"><ele>6.2</ele></rtept><rtept lat="57.512153" lon="12.437683"><ele>6.2</ele></rtept><rtept lat="57.512147" lon="12.437627"><ele>6.4</ele></rtept><rtept lat="57.51214" lon="12.43756"><ele>6.0</ele></rtept><rtept lat="57.51214" lon="12.43751"><ele>6.0</ele></rtept><rtept lat="57.51214" lon="12.43747"><ele>6.4</ele></rtept><rtept lat="57.512127" lon="12.437425"><ele>6.0</ele></rtept><rtept lat="57.51212" lon="12.43738"><ele>6.2</ele></rtept><rtept lat="57.512108" lon="12.437337"><ele>6.4</ele></rtept><rtept lat="57.512102" lon="12.437285"><ele>6.0</ele></rtept><rtept lat="57.512088" lon="12.437252"><ele>6.4</ele></rtept><rtept lat="57.512082" lon="12.437212"><ele>6.6</ele></rtept><rtept lat="57.512077" lon="12.437172"><ele>6.2</ele></rtept><rtept lat="57.51207" lon="12.437137"><ele>6.6</ele></rtept><rtept lat="57.512057" lon="12.437082"><ele>6.4</ele></rtept><rtept lat="57.512043" lon="12.437053"><ele>6.6</ele></rtept><rtept lat="57.512038" lon="12.436997"><ele>6.6</ele></rtept><rtept lat="57.512038" lon="12.436957"><ele>7.0</ele></rtept><rtept lat="57.512038" lon="12.436918"><ele>7.0</ele></rtept><rtept lat="57.512032" lon="12.436875"><ele>7.0</ele></rtept><rtept lat="57.512032" lon="12.436833"><ele>7.4</ele></rtept><rtept lat="57.512025" lon="12.436777"><ele>7.0</ele></rtept><rtept lat="57.512018" lon="12.436703"><ele>6.8</ele></rtept><rtept lat="57.512018" lon="12.436623"><ele>7.0</ele></rtept><rtept lat="57.512018" lon="12.436515"><ele>6.8</ele></rtept><rtept lat="57.512018" lon="12.436417"><ele>6.4</ele></rtept><rtept lat="57.512018" lon="12.436313"><ele>6.2</ele></rtept><rtept lat="57.512012" lon="12.436215"><ele>6.2</ele></rtept><rtept lat="57.512005" lon="12.436115"><ele>5.6</ele></rtept><rtept lat="57.511993" lon="12.436035"><ele>5.4</ele></rtept><rtept lat="57.511993" lon="12.435957"><ele>5.4</ele></rtept><rtept lat="57.512005" lon="12.435898"><ele>5.0</ele></rtept><rtept lat="57.512" lon="12.435827"><ele>5.0</ele></rtept><rtept lat="57.51198" lon="12.435797"><ele>4.6</ele></rtept><rtept lat="57.511967" lon="12.435762"><ele>4.8</ele></rtept><rtept lat="57.511948" lon="12.435733"><ele>4.8</ele></rtept><rtept lat="57.511928" lon="12.435693"><ele>4.4</ele></rtept><rtept lat="57.51191" lon="12.435653"><ele>4.8</ele></rtept><rtept lat="57.511897" lon="12.43562"><ele>5.0</ele></rtept><rtept lat="57.511878" lon="12.435588"><ele>4.6</ele></rtept><rtept lat="57.511852" lon="12.43552"><ele>4.8</ele></rtept><rtept lat="57.511833" lon="12.435475"><ele>4.6</ele></rtept><rtept lat="57.511807" lon="12.435425"><ele>4.8</ele></rtept><rtept lat="57.511795" lon="12.435353"><ele>4.6</ele></rtept><rtept lat="57.511788" lon="12.43531"><ele>5.0</ele></rtept><rtept lat="57.511775" lon="12.435268"><ele>4.6</ele></rtept><rtept lat="57.511762" lon="12.435225"><ele>4.8</ele></rtept><rtept lat="57.511743" lon="12.435185"><ele>5.0</ele></rtept><rtept lat="57.51173" lon="12.435147"><ele>4.8</ele></rtept><rtept lat="57.511723" lon="12.435107"><ele>5.0</ele></rtept><rtept lat="57.511718" lon="12.435067"><ele>5.4</ele></rtept><rtept lat="57.511712" lon="12.435013"><ele>5.0</ele></rtept><rtept lat="57.511705" lon="12.434947"><ele>5.4</ele></rtept><rtept lat="57.511705" lon="12.434892"><ele>6.0</ele></rtept><rtept lat="57.511698" lon="12.434832"><ele>5.8</ele></rtept><rtept lat="57.511685" lon="12.434763"><ele>6.0</ele></rtept><rtept lat="57.511667" lon="12.434682"><ele>6.4</ele></rtept><rtept lat="57.51166" lon="12.434623"><ele>6.0</ele></rtept><rtept lat="57.511667" lon="12.43456"><ele>6.4</ele></rtept><rtept lat="57.511653" lon="12.43446"><ele>6.6</ele></rtept><rtept lat="57.511622" lon="12.434367"><ele>6.4</ele></rtept><rtept lat="57.511608" lon="12.4343"><ele>6.8</ele></rtept><rtept lat="57.51157" lon="12.434232"><ele>6.8</ele></rtept><rtept lat="57.511563" lon="12.434177"><ele>6.8</ele></rtept><rtept lat="57.511532" lon="12.434095"><ele>7.0</ele></rtept><rtept lat="57.511552" lon="12.434035"><ele>7.0</ele></rtept><rtept lat="57.511545" lon="12.433973"><ele>7.0</ele></rtept><rtept lat="57.511532" lon="12.433915"><ele>7.2</ele></rtept><rtept lat="57.511513" lon="12.433855"><ele>7.2</ele></rtept><rtept lat="57.511525" lon="12.43381"><ele>7.4</ele></rtept><rtept lat="57.51152" lon="12.433752"><ele>7.4</ele></rtept><rtept lat="57.511513" lon="12.433698"><ele>7.6</ele></rtept><rtept lat="57.51148" lon="12.433652"><ele>8.0</ele></rtept><rtept lat="57.511462" lon="12.433613"><ele>8.2</ele></rtept><rtept lat="57.511462" lon="12.433573"><ele>8.4</ele></rtept><rtept lat="57.511448" lon="12.433533"><ele>8.8</ele></rtept><rtept lat="57.511437" lon="12.433457"><ele>9.4</ele></rtept><rtept lat="57.511455" lon="12.433447"><ele>10.0</ele></rtept><rtept lat="57.51148" lon="12.433447"><ele>10.4</ele></rtept><rtept lat="57.511507" lon="12.433387"><ele>10.8</ele></rtept><rtept lat="57.511493" lon="12.433358"><ele>11.6</ele></rtept><rtept lat="57.511468" lon="12.43333"><ele>12.0</ele></rtept><rtept lat="57.511455" lon="12.4333"><ele>12.4</ele></rtept><rtept lat="57.511442" lon="12.433268"><ele>12.8</ele></rtept><rtept lat="57.51143" lon="12.433237"><ele>13.0</ele></rtept><rtept lat="57.51141" lon="12.433205"><ele>13.4</ele></rtept><rtept lat="57.511403" lon="12.433157"><ele>14.0</ele></rtept><rtept lat="57.511385" lon="12.433115"><ele>14.4</ele></rtept><rtept lat="57.511372" lon="12.433082"><ele>14.6</ele></rtept><rtept lat="57.511347" lon="12.433052"><ele>14.8</ele></rtept><rtept lat="57.511327" lon="12.433005"><ele>15.4</ele></rtept><rtept lat="57.511308" lon="12.43296"><ele>15.8</ele></rtept><rtept lat="57.511288" lon="12.432937"><ele>15.8</ele></rtept><rtept lat="57.51127" lon="12.432888"><ele>16.4</ele></rtept><rtept lat="57.511263" lon="12.432857"><ele>16.8</ele></rtept><rtept lat="57.511238" lon="12.432793"><ele>17.0</ele></rtept><rtept lat="57.511225" lon="12.432748"><ele>17.6</ele></rtept><rtept lat="57.51125" lon="12.432728"><ele>18.0</ele></rtept><rtept lat="57.51127" lon="12.432698"><ele>18.2</ele></rtept><rtept lat="57.51127" lon="12.432655"><ele>18.6</ele></rtept><rtept lat="57.51125" lon="12.432602"><ele>19.0</ele></rtept><rtept lat="57.511232" lon="12.43259"><ele>19.2</ele></rtept><rtept lat="57.511212" lon="12.432563"><ele>20.0</ele></rtept><rtept lat="57.511193" lon="12.432515"><ele>20.0</ele></rtept><rtept lat="57.511193" lon="12.432477"><ele>20.4</ele></rtept><rtept lat="57.511187" lon="12.432437"><ele>20.8</ele></rtept><rtept lat="57.51118" lon="12.43238"><ele>21.2</ele></rtept><rtept lat="57.511167" lon="12.43233"><ele>21.6</ele></rtept><rtept lat="57.511167" lon="12.432297"><ele>21.6</ele></rtept><rtept lat="57.511148" lon="12.432252"><ele>22.2</ele></rtept><rtept lat="57.511117" lon="12.432193"><ele>22.8</ele></rtept><rtept lat="57.511122" lon="12.432158"><ele>23.2</ele></rtept><rtept lat="57.51111" lon="12.432093"><ele>24.0</ele></rtept><rtept lat="57.511097" lon="12.432053"><ele>24.2</ele></rtept><rtept lat="57.511083" lon="12.431995"><ele>24.4</ele></rtept><rtept lat="57.511072" lon="12.431953"><ele>25.0</ele></rtept><rtept lat="57.511052" lon="12.431882"><ele>25.6</ele></rtept><rtept lat="57.511033" lon="12.43185"><ele>26.2</ele></rtept><rtept lat="57.511013" lon="12.431803"><ele>26.4</ele></rtept><rtept lat="57.511" lon="12.43176"><ele>27.2</ele></rtept><rtept lat="57.510975" lon="12.431705"><ele>27.6</ele></rtept><rtept lat="57.51095" lon="12.431662"><ele>28.6</ele></rtept><rtept lat="57.51093" lon="12.431637"><ele>28.6</ele></rtept><rtept lat="57.510918" lon="12.431607"><ele>29.2</ele></rtept><rtept lat="57.510892" lon="12.431533"><ele>29.6</ele></rtept><rtept lat="57.510885" lon="12.431498"><ele>30.0</ele></rtept><rtept lat="57.510873" lon="12.431473"><ele>30.4</ele></rtept><rtept lat="57.51086" lon="12.431428"><ele>30.8</ele></rtept><rtept lat="57.510847" lon="12.431398"><ele>31.4</ele></rtept><rtept lat="57.510835" lon="12.431368"><ele>31.4</ele></rtept><rtept lat="57.510815" lon="12.431328"><ele>31.6</ele></rtept><rtept lat="57.510797" lon="12.431287"><ele>31.8</ele></rtept><rtept lat="57.51079" lon="12.431255"><ele>32.0</ele></rtept><rtept lat="57.510777" lon="12.431218"><ele>31.6</ele></rtept><rtept lat="57.510758" lon="12.431198"><ele>32.0</ele></rtept><rtept lat="57.510738" lon="12.431168"><ele>32.0</ele></rtept><rtept lat="57.51072" lon="12.43114"><ele>31.8</ele></rtept><rtept lat="57.510707" lon="12.43111"><ele>31.8</ele></rtept><rtept lat="57.510693" lon="12.43108"><ele>32.0</ele></rtept><rtept lat="57.510675" lon="12.431047"><ele>31.6</ele></rtept><rtept lat="57.510655" lon="12.431023"><ele>31.8</ele></rtept><rtept lat="57.510623" lon="12.430977"><ele>31.8</ele></rtept><rtept lat="57.51061" lon="12.430938"><ele>31.6</ele></rtept><rtept lat="57.510598" lon="12.430897"><ele>31.6</ele></rtept><rtept lat="57.510578" lon="12.430858"><ele>31.8</ele></rtept><rtept lat="57.510565" lon="12.43082"><ele>31.4</ele></rtept><rtept lat="57.51054" lon="12.430777"><ele>31.4</ele></rtept><rtept lat="57.510515" lon="12.4307"><ele>30.8</ele></rtept><rtept lat="57.510502" lon="12.430663"><ele>30.4</ele></rtept><rtept lat="57.510482" lon="12.430632"><ele>30.4</ele></rtept><rtept lat="57.51047" lon="12.430593"><ele>30.4</ele></rtept><rtept lat="57.51045" lon="12.430555"><ele>29.6</ele></rtept><rtept lat="57.510432" lon="12.43051"><ele>29.4</ele></rtept><rtept lat="57.510412" lon="12.430468"><ele>29.2</ele></rtept><rtept lat="57.510393" lon="12.43043"><ele>28.8</ele></rtept><rtept lat="57.510367" lon="12.43039"><ele>28.6</ele></rtept><rtept lat="57.510348" lon="12.430357"><ele>28.6</ele></rtept><rtept lat="57.510335" lon="12.430327"><ele>28.2</ele></rtept><rtept lat="57.510317" lon="12.430305"><ele>27.8</ele></rtept><rtept lat="57.510303" lon="12.430278"><ele>27.8</ele></rtept><rtept lat="57.510283" lon="12.430247"><ele>27.6</ele></rtept><rtept lat="57.510272" lon="12.430215"><ele>27.4</ele></rtept><rtept lat="57.510252" lon="12.430185"><ele>27.6</ele></rtept><rtept lat="57.510233" lon="12.430165"><ele>27.6</ele></rtept><rtept lat="57.510213" lon="12.430152"><ele>27.4</ele></rtept><rtept lat="57.510195" lon="12.430145"><ele>27.6</ele></rtept><rtept lat="57.510157" lon="12.430172"><ele>27.8</ele></rtept><rtept lat="57.510137" lon="12.430187"><ele>28.0</ele></rtept><rtept lat="57.510118" lon="12.4302"><ele>28.2</ele></rtept><rtept lat="57.510098" lon="12.430222"><ele>29.4</ele></rtept><rtept lat="57.51008" lon="12.430235"><ele>30.0</ele></rtept><rtept lat="57.510053" lon="12.43026"><ele>30.6</ele></rtept><rtept lat="57.510022" lon="12.430297"><ele>31.2</ele></rtept><rtept lat="57.509997" lon="12.430315"><ele>32.0</ele></rtept><rtept lat="57.509977" lon="12.43032"><ele>32.4</ele></rtept><rtept lat="57.509958" lon="12.43033"><ele>33.0</ele></rtept><rtept lat="57.509938" lon="12.430343"><ele>33.0</ele></rtept><rtept lat="57.509913" lon="12.430352"><ele>33.6</ele></rtept><rtept lat="57.509893" lon="12.430355"><ele>34.0</ele></rtept><rtept lat="57.509875" lon="12.430343"><ele>34.2</ele></rtept><rtept lat="57.509855" lon="12.43033"><ele>34.6</ele></rtept><rtept lat="57.509817" lon="12.430312"><ele>35.2</ele></rtept><rtept lat="57.509798" lon="12.430312"><ele>35.4</ele></rtept><rtept lat="57.509778" lon="12.430307"><ele>36.0</ele></rtept><rtept lat="57.50974" lon="12.430285"><ele>36.4</ele></rtept><rtept lat="57.50972" lon="12.430272"><ele>37.0</ele></rtept><rtept lat="57.509688" lon="12.43026"><ele>37.4</ele></rtept><rtept lat="57.509657" lon="12.43023"><ele>37.4</ele></rtept><rtept lat="57.509618" lon="12.430205"><ele>38.0</ele></rtept><rtept lat="57.509593" lon="12.430185"><ele>38.4</ele></rtept><rtept lat="57.50956" lon="12.430145"><ele>38.6</ele></rtept><rtept lat="57.509535" lon="12.430112"><ele>39.2</ele></rtept><rtept lat="57.509503" lon="12.430087"><ele>39.4</ele></rtept><rtept lat="57.509478" lon="12.430053"><ele>39.4</ele></rtept><rtept lat="57.509458" lon="12.430032"><ele>39.8</ele></rtept><rtept lat="57.50944" lon="12.430007"><ele>40.0</ele></rtept><rtept lat="57.50942" lon="12.429987"><ele>40.4</ele></rtept><rtept lat="57.5094" lon="12.429962"><ele>40.4</ele></rtept><rtept lat="57.509375" lon="12.429932"><ele>40.8</ele></rtept><rtept lat="57.50935" lon="12.42994"><ele>41.4</ele></rtept><rtept lat="57.509318" lon="12.429958"><ele>41.4</ele></rtept><rtept lat="57.509318" lon="12.430027"><ele>41.6</ele></rtept><rtept lat="57.509305" lon="12.430062"><ele>42.0</ele></rtept><rtept lat="57.509285" lon="12.430057"><ele>42.0</ele></rtept><rtept lat="57.50926" lon="12.430003"><ele>42.2</ele></rtept><rtept lat="57.50924" lon="12.430007"><ele>42.6</ele></rtept><rtept lat="57.509228" lon="12.429963"><ele>42.6</ele></rtept><rtept lat="57.509197" lon="12.429928"><ele>43.0</ele></rtept><rtept lat="57.50917" lon="12.429912"><ele>43.2</ele></rtept><rtept lat="57.509158" lon="12.429887"><ele>43.4</ele></rtept><rtept lat="57.509138" lon="12.429858"><ele>43.8</ele></rtept><rtept lat="57.50912" lon="12.42984"><ele>44.0</ele></rtept><rtept lat="57.5091" lon="12.429815"><ele>44.4</ele></rtept><rtept lat="57.509068" lon="12.429768"><ele>45.0</ele></rtept><rtept lat="57.509048" lon="12.429748"><ele>45.4</ele></rtept><rtept lat="57.50903" lon="12.42971"><ele>45.8</ele></rtept><rtept lat="57.50901" lon="12.42969"><ele>46.2</ele></rtept><rtept lat="57.508998" lon="12.429665"><ele>46.0</ele></rtept><rtept lat="57.508985" lon="12.42964"><ele>46.4</ele></rtept><rtept lat="57.50896" lon="12.429582"><ele>46.4</ele></rtept><rtept lat="57.50894" lon="12.42955"><ele>46.6</ele></rtept><rtept lat="57.508927" lon="12.429525"><ele>46.8</ele></rtept><rtept lat="57.508908" lon="12.429497"><ele>46.8</ele></rtept><rtept lat="57.508882" lon="12.42946"><ele>47.0</ele></rtept><rtept lat="57.508863" lon="12.429442"><ele>47.0</ele></rtept><rtept lat="57.508843" lon="12.429413"><ele>47.0</ele></rtept><rtept lat="57.508825" lon="12.429393"><ele>47.0</ele></rtept><rtept lat="57.508793" lon="12.42934"><ele>47.2</ele></rtept><rtept lat="57.508767" lon="12.429307"><ele>47.4</ele></rtept><rtept lat="57.508742" lon="12.42926"><ele>47.4</ele></rtept><rtept lat="57.508703" lon="12.429207"><ele>47.8</ele></rtept><rtept lat="57.508678" lon="12.429135"><ele>47.8</ele></rtept><rtept lat="57.508658" lon="12.42909"><ele>47.8</ele></rtept><rtept lat="57.50864" lon="12.42904"><ele>48.2</ele></rtept><rtept lat="57.508607" lon="12.428995"><ele>48.6</ele></rtept><rtept lat="57.508582" lon="12.428912"><ele>48.4</ele></rtept><rtept lat="57.508568" lon="12.428845"><ele>48.8</ele></rtept><rtept lat="57.50855" lon="12.428778"><ele>49.0</ele></rtept><rtept lat="57.508543" lon="12.428732"><ele>48.6</ele></rtept><rtept lat="57.508518" lon="12.428678"><ele>49.0</ele></rtept><rtept lat="57.508492" lon="12.428613"><ele>49.2</ele></rtept><rtept lat="57.508473" lon="12.428563"><ele>49.2</ele></rtept><rtept lat="57.508453" lon="12.42854"><ele>49.8</ele></rtept><rtept lat="57.508428" lon="12.428488"><ele>49.8</ele></rtept><rtept lat="57.508408" lon="12.428475"><ele>50.2</ele></rtept><rtept lat="57.508383" lon="12.428443"><ele>50.2</ele></rtept><rtept lat="57.508363" lon="12.428428"><ele>50.4</ele></rtept><rtept lat="57.508345" lon="12.4284"><ele>50.6</ele></rtept><rtept lat="57.508313" lon="12.42837"><ele>50.8</ele></rtept><rtept lat="57.508293" lon="12.428363"><ele>51.0</ele></rtept><rtept lat="57.508275" lon="12.428353"><ele>50.8</ele></rtept><rtept lat="57.508237" lon="12.428328"><ele>51.4</ele></rtept><rtept lat="57.50821" lon="12.428297"><ele>51.4</ele></rtept><rtept lat="57.508178" lon="12.42826"><ele>51.4</ele></rtept><rtept lat="57.508147" lon="12.428223"><ele>51.8</ele></rtept><rtept lat="57.50812" lon="12.428183"><ele>51.6</ele></rtept><rtept lat="57.508102" lon="12.42816"><ele>51.8</ele></rtept><rtept lat="57.508077" lon="12.428127"><ele>51.8</ele></rtept><rtept lat="57.50805" lon="12.428092"><ele>51.6</ele></rtept><rtept lat="57.508018" lon="12.428052"><ele>52.2</ele></rtept><rtept lat="57.507993" lon="12.428013"><ele>52.6</ele></rtept><rtept lat="57.507973" lon="12.427993"><ele>52.8</ele></rtept><rtept lat="57.507948" lon="12.427973"><ele>53.0</ele></rtept><rtept lat="57.507917" lon="12.427933"><ele>53.4</ele></rtept><rtept lat="57.507897" lon="12.427898"><ele>53.6</ele></rtept><rtept lat="57.507883" lon="12.427857"><ele>53.6</ele></rtept><rtept lat="57.507858" lon="12.427828"><ele>54.0</ele></rtept><rtept lat="57.507833" lon="12.427803"><ele>54.2</ele></rtept><rtept lat="57.507813" lon="12.42776"><ele>54.4</ele></rtept><rtept lat="57.507795" lon="12.427705"><ele>54.4</ele></rtept><rtept lat="57.507782" lon="12.427653"><ele>54.2</ele></rtept><rtept lat="57.507768" lon="12.427613"><ele>54.4</ele></rtept><rtept lat="57.507757" lon="12.427577"><ele>54.2</ele></rtept><rtept lat="57.50775" lon="12.42754"><ele>54.0</ele></rtept><rtept lat="57.507743" lon="12.427503"><ele>54.2</ele></rtept><rtept lat="57.507737" lon="12.427472"><ele>54.2</ele></rtept><rtept lat="57.50773" lon="12.427405"><ele>54.4</ele></rtept><rtept lat="57.507718" lon="12.427372"><ele>54.6</ele></rtept><rtept lat="57.507705" lon="12.427347"><ele>54.8</ele></rtept><rtept lat="57.507685" lon="12.427307"><ele>55.0</ele></rtept><rtept lat="57.507667" lon="12.427262"><ele>54.8</ele></rtept><rtept lat="57.507647" lon="12.427222"><ele>55.0</ele></rtept><rtept lat="57.507635" lon="12.427173"><ele>55.0</ele></rtept><rtept lat="57.507615" lon="12.427115"><ele>54.8</ele></rtept><rtept lat="57.507597" lon="12.427038"><ele>54.8</ele></rtept><rtept lat="57.50759" lon="12.426982"><ele>54.8</ele></rtept><rtept lat="57.50757" lon="12.42692"><ele>54.6</ele></rtept><rtept lat="57.507552" lon="12.426873"><ele>54.8</ele></rtept><rtept lat="57.507538" lon="12.426837"><ele>54.8</ele></rtept><rtept lat="57.507513" lon="12.426785"><ele>54.6</ele></rtept><rtept lat="57.507493" lon="12.42672"><ele>54.8</ele></rtept><rtept lat="57.507487" lon="12.426678"><ele>54.6</ele></rtept><rtept lat="57.507475" lon="12.426627"><ele>54.4</ele></rtept><rtept lat="57.507462" lon="12.426583"><ele>54.6</ele></rtept><rtept lat="57.507455" lon="12.426548"><ele>54.6</ele></rtept><rtept lat="57.507448" lon="12.4265"><ele>54.0</ele></rtept><rtept lat="57.507437" lon="12.426438"><ele>54.2</ele></rtept><rtept lat="57.507437" lon="12.4264"><ele>54.4</ele></rtept><rtept lat="57.50741" lon="12.426328"><ele>54.0</ele></rtept><rtept lat="57.507398" lon="12.426282"><ele>54.2</ele></rtept><rtept lat="57.507378" lon="12.426237"><ele>54.0</ele></rtept><rtept lat="57.507358" lon="12.426185"><ele>54.2</ele></rtept><rtept lat="57.50734" lon="12.426132"><ele>54.2</ele></rtept><rtept lat="57.507315" lon="12.426085"><ele>54.0</ele></rtept><rtept lat="57.507288" lon="12.426045"><ele>54.0</ele></rtept><rtept lat="57.507277" lon="12.426018"><ele>54.0</ele></rtept><rtept lat="57.507263" lon="12.425982"><ele>53.8</ele></rtept><rtept lat="57.50725" lon="12.42595"><ele>53.8</ele></rtept><rtept lat="57.507238" lon="12.425922"><ele>54.0</ele></rtept><rtept lat="57.507212" lon="12.425878"><ele>53.6</ele></rtept><rtept lat="57.507193" lon="12.425848"><ele>53.8</ele></rtept><rtept lat="57.50718" lon="12.425813"><ele>54.0</ele></rtept><rtept lat="57.50716" lon="12.425772"><ele>53.8</ele></rtept><rtept lat="57.507148" lon="12.425735"><ele>54.0</ele></rtept><rtept lat="57.507135" lon="12.425698"><ele>54.2</ele></rtept><rtept lat="57.507122" lon="12.425667"><ele>53.8</ele></rtept><rtept lat="57.507103" lon="12.425613"><ele>54.0</ele></rtept><rtept lat="57.507078" lon="12.425545"><ele>54.0</ele></rtept><rtept lat="57.507052" lon="12.425477"><ele>53.6</ele></rtept><rtept lat="57.50704" lon="12.425423"><ele>53.4</ele></rtept><rtept lat="57.507027" lon="12.425377"><ele>53.6</ele></rtept><rtept lat="57.507013" lon="12.425332"><ele>53.2</ele></rtept><rtept lat="57.506995" lon="12.425285"><ele>53.0</ele></rtept><rtept lat="57.506975" lon="12.425238"><ele>53.0</ele></rtept><rtept lat="57.506957" lon="12.425192"><ele>52.6</ele></rtept><rtept lat="57.50693" lon="12.425148"><ele>52.4</ele></rtept><rtept lat="57.506905" lon="12.425113"><ele>52.4</ele></rtept><rtept lat="57.506892" lon="12.425073"><ele>52.0</ele></rtept><rtept lat="57.50688" lon="12.425038"><ele>51.6</ele></rtept><rtept lat="57.50686" lon="12.424993"><ele>51.8</ele></rtept><rtept lat="57.50684" lon="12.424955"><ele>51.4</ele></rtept><rtept lat="57.506822" lon="12.424938"><ele>51.2</ele></rtept><rtept lat="57.506802" lon="12.424933"><ele>51.0</ele></rtept><rtept lat="57.506783" lon="12.424942"><ele>51.0</ele></rtept><rtept lat="57.506763" lon="12.424945"><ele>51.2</ele></rtept><rtept lat="57.506745" lon="12.424948"><ele>51.4</ele></rtept><rtept lat="57.506725" lon="12.424955"><ele>51.4</ele></rtept><rtept lat="57.506693" lon="12.424948"><ele>51.8</ele></rtept><rtept lat="57.506662" lon="12.424942"><ele>52.0</ele></rtept><rtept lat="57.506642" lon="12.42494"><ele>52.2</ele></rtept><rtept lat="57.506617" lon="12.42496"><ele>52.6</ele></rtept><rtept lat="57.506603" lon="12.425002"><ele>52.6</ele></rtept><rtept lat="57.506603" lon="12.425053"><ele>52.8</ele></rtept><rtept lat="57.506603" lon="12.425107"><ele>53.0</ele></rtept><rtept lat="57.50661" lon="12.425153"><ele>53.2</ele></rtept><rtept lat="57.506617" lon="12.425198"><ele>53.6</ele></rtept><rtept lat="57.50663" lon="12.425245"><ele>53.8</ele></rtept><rtept lat="57.506642" lon="12.425285"><ele>54.2</ele></rtept><rtept lat="57.506642" lon="12.425322"><ele>54.8</ele></rtept><rtept lat="57.506642" lon="12.425383"><ele>55.6</ele></rtept><rtept lat="57.506642" lon="12.425427"><ele>56.2</ele></rtept><rtept lat="57.506655" lon="12.425457"><ele>56.4</ele></rtept><rtept lat="57.506668" lon="12.42548"><ele>57.0</ele></rtept><rtept lat="57.50668" lon="12.425515"><ele>57.4</ele></rtept><rtept lat="57.506693" lon="12.425543"><ele>57.6</ele></rtept><rtept lat="57.506707" lon="12.425568"><ele>58.0</ele></rtept><rtept lat="57.50672" lon="12.425623"><ele>58.2</ele></rtept><rtept lat="57.506725" lon="12.425658"><ele>58.6</ele></rtept><rtept lat="57.506738" lon="12.425693"><ele>59.2</ele></rtept><rtept lat="57.506758" lon="12.425713"><ele>59.6</ele></rtept><rtept lat="57.506777" lon="12.425752"><ele>60.0</ele></rtept><rtept lat="57.50677" lon="12.425793"><ele>60.2</ele></rtept><rtept lat="57.506763" lon="12.425828"><ele>60.4</ele></rtept><rtept lat="57.506758" lon="12.42588"><ele>60.8</ele></rtept><rtept lat="57.506758" lon="12.425922"><ele>61.2</ele></rtept><rtept lat="57.506763" lon="12.42596"><ele>61.6</ele></rtept><rtept lat="57.506777" lon="12.425992"><ele>62.2</ele></rtept><rtept lat="57.50677" lon="12.426025"><ele>62.2</ele></rtept><rtept lat="57.506763" lon="12.426062"><ele>63.0</ele></rtept><rtept lat="57.506752" lon="12.42611"><ele>63.6</ele></rtept><rtept lat="57.506745" lon="12.426168"><ele>64.0</ele></rtept><rtept lat="57.506752" lon="12.42622"><ele>64.2</ele></rtept><rtept lat="57.506745" lon="12.42626"><ele>64.6</ele></rtept><rtept lat="57.506752" lon="12.42633"><ele>65.0</ele></rtept><rtept lat="57.506758" lon="12.426382"><ele>65.4</ele></rtept><rtept lat="57.506752" lon="12.426428"><ele>65.6</ele></rtept><rtept lat="57.506752" lon="12.426468"><ele>66.0</ele></rtept><rtept lat="57.506752" lon="12.426508"><ele>66.4</ele></rtept><rtept lat="57.506745" lon="12.42654"><ele>66.6</ele></rtept><rtept lat="57.506738" lon="12.426593"><ele>67.2</ele></rtept><rtept lat="57.506738" lon="12.426627"><ele>67.2</ele></rtept><rtept lat="57.506725" lon="12.426662"><ele>67.4</ele></rtept><rtept lat="57.50672" lon="12.426695"><ele>67.6</ele></rtept><rtept lat="57.506713" lon="12.426732"><ele>67.6</ele></rtept><rtept lat="57.506713" lon="12.42677"><ele>67.6</ele></rtept><rtept lat="57.50672" lon="12.42681"><ele>68.0</ele></rtept><rtept lat="57.506725" lon="12.42685"><ele>67.8</ele></rtept><rtept lat="57.506738" lon="12.426883"><ele>68.0</ele></rtept><rtept lat="57.506745" lon="12.426923"><ele>68.2</ele></rtept><rtept lat="57.506758" lon="12.42697"><ele>68.0</ele></rtept><rtept lat="57.506763" lon="12.427025"><ele>68.0</ele></rtept><rtept lat="57.506777" lon="12.427098"><ele>68.0</ele></rtept><rtept lat="57.50679" lon="12.42716"><ele>68.0</ele></rtept><rtept lat="57.506802" lon="12.427237"><ele>68.0</ele></rtept><rtept lat="57.506815" lon="12.427332"><ele>68.2</ele></rtept><rtept lat="57.506835" lon="12.427405"><ele>68.0</ele></rtept><rtept lat="57.506853" lon="12.427487"><ele>68.0</ele></rtept><rtept lat="57.50688" lon="12.427557"><ele>68.0</ele></rtept><rtept lat="57.506898" lon="12.42765"><ele>68.0</ele></rtept><rtept lat="57.506912" lon="12.427745"><ele>68.0</ele></rtept><rtept lat="57.506912" lon="12.427788"><ele>68.4</ele></rtept><rtept lat="57.506912" lon="12.42784"><ele>68.4</ele></rtept><rtept lat="57.506918" lon="12.427877"><ele>68.4</ele></rtept><rtept lat="57.506918" lon="12.427917"><ele>68.4</ele></rtept><rtept lat="57.506918" lon="12.42796"><ele>68.6</ele></rtept><rtept lat="57.506923" lon="12.428"><ele>68.6</ele></rtept><rtept lat="57.506937" lon="12.428033"><ele>68.6</ele></rtept><rtept lat="57.506943" lon="12.428072"><ele>69.0</ele></rtept><rtept lat="57.50695" lon="12.428105"><ele>69.0</ele></rtept><rtept lat="57.506957" lon="12.428145"><ele>68.8</ele></rtept><rtept lat="57.506962" lon="12.428182"><ele>69.0</ele></rtept><rtept lat="57.506962" lon="12.428237"><ele>69.0</ele></rtept><rtept lat="57.506957" lon="12.428293"><ele>69.2</ele></rtept><rtept lat="57.506962" lon="12.428325"><ele>69.0</ele></rtept><rtept lat="57.506962" lon="12.428363"><ele>69.2</ele></rtept><rtept lat="57.506975" lon="12.4284"><ele>69.2</ele></rtept><rtept lat="57.506988" lon="12.428448"><ele>69.2</ele></rtept><rtept lat="57.507" lon="12.428508"><ele>69.6</ele></rtept><rtept lat="57.507013" lon="12.42858"><ele>69.8</ele></rtept><rtept lat="57.507033" lon="12.42866"><ele>69.6</ele></rtept><rtept lat="57.507052" lon="12.42873"><ele>70.0</ele></rtept><rtept lat="57.507083" lon="12.428785"><ele>70.2</ele></rtept><rtept lat="57.507103" lon="12.428817"><ele>70.0</ele></rtept><rtept lat="57.507122" lon="12.42889"><ele>70.4</ele></rtept><rtept lat="57.507135" lon="12.428968"><ele>70.4</ele></rtept><rtept lat="57.50716" lon="12.42905"><ele>70.4</ele></rtept><rtept lat="57.50718" lon="12.429135"><ele>70.6</ele></rtept><rtept lat="57.507218" lon="12.429195"><ele>70.8</ele></rtept><rtept lat="57.507243" lon="12.429207"><ele>71.2</ele></rtept><rtept lat="57.507263" lon="12.429195"><ele>71.6</ele></rtept><rtept lat="57.507288" lon="12.429213"><ele>71.6</ele></rtept><rtept lat="57.507295" lon="12.429248"><ele>72.0</ele></rtept><rtept lat="57.507288" lon="12.429293"><ele>72.6</ele></rtept><rtept lat="57.507282" lon="12.429327"><ele>72.8</ele></rtept><rtept lat="57.507277" lon="12.429387"><ele>73.4</ele></rtept><rtept lat="57.507277" lon="12.429445"><ele>74.0</ele></rtept><rtept lat="57.507263" lon="12.429485"><ele>74.4</ele></rtept><rtept lat="57.507257" lon="12.429547"><ele>74.8</ele></rtept><rtept lat="57.50727" lon="12.429592"><ele>75.2</ele></rtept><rtept lat="57.507282" lon="12.429617"><ele>75.4</ele></rtept><rtept lat="57.507302" lon="12.429663"><ele>75.8</ele></rtept><rtept lat="57.507315" lon="12.4297"><ele>75.8</ele></rtept><rtept lat="57.507333" lon="12.429755"><ele>76.2</ele></rtept><rtept lat="57.507353" lon="12.42982"><ele>76.6</ele></rtept><rtept lat="57.507372" lon="12.429895"><ele>76.4</ele></rtept><rtept lat="57.507378" lon="12.429962"><ele>77.0</ele></rtept><rtept lat="57.507392" lon="12.430003"><ele>77.2</ele></rtept><rtept lat="57.507398" lon="12.430037"><ele>77.0</ele></rtept><rtept lat="57.507398" lon="12.430102"><ele>77.4</ele></rtept><rtept lat="57.507398" lon="12.430185"><ele>77.8</ele></rtept><rtept lat="57.507398" lon="12.430245"><ele>77.6</ele></rtept><rtept lat="57.507398" lon="12.430282"><ele>78.0</ele></rtept><rtept lat="57.507398" lon="12.430323"><ele>78.2</ele></rtept><rtept lat="57.50741" lon="12.430375"><ele>78.0</ele></rtept><rtept lat="57.50741" lon="12.43042"><ele>78.2</ele></rtept><rtept lat="57.507437" lon="12.43047"><ele>78.4</ele></rtept><rtept lat="57.507448" lon="12.430553"><ele>78.4</ele></rtept><rtept lat="57.507462" lon="12.430622"><ele>78.6</ele></rtept><rtept lat="57.50748" lon="12.43066"><ele>78.6</ele></rtept><rtept lat="57.5075" lon="12.430702"><ele>78.6</ele></rtept><rtept lat="57.50752" lon="12.43074"><ele>78.8</ele></rtept><rtept lat="57.507538" lon="12.430757"><ele>78.8</ele></rtept><rtept lat="57.507558" lon="12.430773"><ele>78.4</ele></rtept><rtept lat="57.507577" lon="12.430787"><ele>78.8</ele></rtept><rtept lat="57.507602" lon="12.430773"><ele>78.6</ele></rtept><rtept lat="57.507615" lon="12.430833"><ele>78.8</ele></rtept><rtept lat="57.507622" lon="12.430885"><ele>79.0</ele></rtept><rtept lat="57.507635" lon="12.43092"><ele>79.4</ele></rtept><rtept lat="57.507635" lon="12.43096"><ele>79.8</ele></rtept><rtept lat="57.507635" lon="12.430995"><ele>80.2</ele></rtept><rtept lat="57.50764" lon="12.431043"><ele>80.4</ele></rtept><rtept lat="57.50764" lon="12.431097"><ele>80.4</ele></rtept><rtept lat="57.507647" lon="12.431137"><ele>80.8</ele></rtept><rtept lat="57.50764" lon="12.431183"><ele>80.8</ele></rtept><rtept lat="57.507653" lon="12.431215"><ele>81.2</ele></rtept><rtept lat="57.507653" lon="12.431268"><ele>81.4</ele></rtept><rtept lat="57.50766" lon="12.431318"><ele>81.2</ele></rtept><rtept lat="57.50768" lon="12.431362"><ele>81.4</ele></rtept><rtept lat="57.507712" lon="12.431402"><ele>81.4</ele></rtept><rtept lat="57.50773" lon="12.431457"><ele>81.6</ele></rtept><rtept lat="57.507757" lon="12.431512"><ele>81.8</ele></rtept><rtept lat="57.507775" lon="12.431557"><ele>81.6</ele></rtept><rtept lat="57.507795" lon="12.431612"><ele>81.8</ele></rtept><rtept lat="57.507813" lon="12.43168"><ele>81.8</ele></rtept><rtept lat="57.50782" lon="12.43174"><ele>81.6</ele></rtept><rtept lat="57.507807" lon="12.431783"><ele>81.8</ele></rtept><rtept lat="57.507782" lon="12.431838"><ele>82.0</ele></rtept><rtept lat="57.50773" lon="12.43186"><ele>82.0</ele></rtept><rtept lat="57.507653" lon="12.43189"><ele>82.2</ele></rtept><rtept lat="57.507615" lon="12.4319"><ele>82.4</ele></rtept><rtept lat="57.50759" lon="12.431895"><ele>82.2</ele></rtept><rtept lat="57.50757" lon="12.431878"><ele>82.4</ele></rtept><rtept lat="57.507532" lon="12.431833"><ele>82.8</ele></rtept><rtept lat="57.507513" lon="12.431815"><ele>83.2</ele></rtept><rtept lat="57.507487" lon="12.431797"><ele>83.4</ele></rtept><rtept lat="57.507462" lon="12.431783"><ele>83.4</ele></rtept><rtept lat="57.507442" lon="12.431775"><ele>83.6</ele></rtept><rtept lat="57.50741" lon="12.43174"><ele>83.8</ele></rtept><rtept lat="57.507385" lon="12.43172"><ele>84.2</ele></rtept><rtept lat="57.507358" lon="12.431702"><ele>84.4</ele></rtept><rtept lat="57.507333" lon="12.431678"><ele>84.0</ele></rtept><rtept lat="57.507315" lon="12.43166"><ele>84.4</ele></rtept><rtept lat="57.507295" lon="12.431642"><ele>84.4</ele></rtept><rtept lat="57.507277" lon="12.43163"><ele>84.2</ele></rtept><rtept lat="57.507238" lon="12.43161"><ele>84.4</ele></rtept><rtept lat="57.5072" lon="12.431585"><ele>84.6</ele></rtept><rtept lat="57.507167" lon="12.431558"><ele>84.4</ele></rtept><rtept lat="57.507148" lon="12.431525"><ele>84.6</ele></rtept><rtept lat="57.507117" lon="12.431482"><ele>84.6</ele></rtept><rtept lat="57.507078" lon="12.431443"><ele>84.6</ele></rtept><rtept lat="57.507027" lon="12.431413"><ele>84.8</ele></rtept><rtept lat="57.506988" lon="12.431368"><ele>84.8</ele></rtept><rtept lat="57.506962" lon="12.431342"><ele>84.8</ele></rtept><rtept lat="57.50693" lon="12.4313"><ele>85.0</ele></rtept><rtept lat="57.506898" lon="12.431262"><ele>85.2</ele></rtept><rtept lat="57.506867" lon="12.431222"><ele>85.2</ele></rtept><rtept lat="57.506835" lon="12.431195"><ele>85.4</ele></rtept><rtept lat="57.506822" lon="12.43124"><ele>85.2</ele></rtept><rtept lat="57.506763" lon="12.4312"><ele>85.4</ele></rtept><rtept lat="57.506745" lon="12.431173"><ele>85.6</ele></rtept><rtept lat="57.506725" lon="12.431115"><ele>85.6</ele></rtept><rtept lat="57.50672" lon="12.43104"><ele>86.0</ele></rtept><rtept lat="57.5067" lon="12.430985"><ele>86.4</ele></rtept><rtept lat="57.506668" lon="12.430977"><ele>87.2</ele></rtept><rtept lat="57.506642" lon="12.430932"><ele>87.4</ele></rtept><rtept lat="57.506617" lon="12.430905"><ele>89.0</ele></rtept><rtept lat="57.506598" lon="12.43091"><ele>89.2</ele></rtept><rtept lat="57.506578" lon="12.43091"><ele>89.4</ele></rtept><rtept lat="57.506553" lon="12.43091"><ele>89.4</ele></rtept><rtept lat="57.506527" lon="12.430892"><ele>89.4</ele></rtept><rtept lat="57.506508" lon="12.430865"><ele>89.6</ele></rtept><rtept lat="57.506488" lon="12.43084"><ele>89.4</ele></rtept><rtept lat="57.50647" lon="12.430817"><ele>89.4</ele></rtept><rtept lat="57.50645" lon="12.430792"><ele>89.6</ele></rtept><rtept lat="57.506432" lon="12.43078"><ele>89.6</ele></rtept><rtept lat="57.5064" lon="12.43074"><ele>89.8</ele></rtept><rtept lat="57.506367" lon="12.430702"><ele>89.8</ele></rtept><rtept lat="57.506348" lon="12.430687"><ele>89.8</ele></rtept><rtept lat="57.506328" lon="12.430653"><ele>89.6</ele></rtept><rtept lat="57.50631" lon="12.430618"><ele>89.6</ele></rtept><rtept lat="57.50629" lon="12.430575"><ele>89.4</ele></rtept><rtept lat="57.506265" lon="12.430515"><ele>89.2</ele></rtept><rtept lat="57.506245" lon="12.43048"><ele>89.2</ele></rtept><rtept lat="57.506227" lon="12.430453"><ele>88.8</ele></rtept><rtept lat="57.5062" lon="12.430395"><ele>89.2</ele></rtept><rtept lat="57.506188" lon="12.43037"><ele>89.2</ele></rtept><rtept lat="57.506162" lon="12.430347"><ele>89.2</ele></rtept><rtept lat="57.506143" lon="12.430335"><ele>89.4</ele></rtept><rtept lat="57.506123" lon="12.430317"><ele>89.4</ele></rtept><rtept lat="57.506105" lon="12.430297"><ele>89.8</ele></rtept><rtept lat="57.506078" lon="12.43029"><ele>89.6</ele></rtept><rtept lat="57.50606" lon="12.430275"><ele>90.2</ele></rtept><rtept lat="57.506035" lon="12.430267"><ele>90.4</ele></rtept><rtept lat="57.506015" lon="12.430262"><ele>90.2</ele></rtept><rtept lat="57.505983" lon="12.430252"><ele>90.4</ele></rtept><rtept lat="57.505963" lon="12.43024"><ele>90.6</ele></rtept><rtept lat="57.505945" lon="12.430227"><ele>90.2</ele></rtept><rtept lat="57.505893" lon="12.430205"><ele>90.8</ele></rtept><rtept lat="57.505862" lon="12.430197"><ele>90.6</ele></rtept><rtept lat="57.505837" lon="12.430172"><ele>90.8</ele></rtept><rtept lat="57.50581" lon="12.430158"><ele>91.0</ele></rtept><rtept lat="57.505785" lon="12.430145"><ele>90.8</ele></rtept><rtept lat="57.50576" lon="12.43012"><ele>91.0</ele></rtept><rtept lat="57.505733" lon="12.430093"><ele>91.0</ele></rtept><rtept lat="57.505715" lon="12.430077"><ele>90.8</ele></rtept><rtept lat="57.505688" lon="12.430047"><ele>91.0</ele></rtept><rtept lat="57.505663" lon="12.430043"><ele>90.8</ele></rtept><rtept lat="57.505643" lon="12.430067"><ele>91.2</ele></rtept><rtept lat="57.505625" lon="12.430093"><ele>90.8</ele></rtept><rtept lat="57.505605" lon="12.430125"><ele>91.0</ele></rtept><rtept lat="57.505573" lon="12.430145"><ele>90.6</ele></rtept><rtept lat="57.505555" lon="12.430152"><ele>90.8</ele></rtept><rtept lat="57.505535" lon="12.430162"><ele>90.6</ele></rtept><rtept lat="57.505517" lon="12.430175"><ele>90.2</ele></rtept><rtept lat="57.505483" lon="12.430195"><ele>90.0</ele></rtept><rtept lat="57.505465" lon="12.43021"><ele>89.8</ele></rtept><rtept lat="57.50544" lon="12.430237"><ele>89.8</ele></rtept><rtept lat="57.505427" lon="12.430277"><ele>89.8</ele></rtept><rtept lat="57.50542" lon="12.43031"><ele>89.6</ele></rtept><rtept lat="57.50542" lon="12.430372"><ele>89.6</ele></rtept><rtept lat="57.50542" lon="12.43041"><ele>89.4</ele></rtept><rtept lat="57.505413" lon="12.430445"><ele>89.4</ele></rtept><rtept lat="57.50542" lon="12.430478"><ele>89.4</ele></rtept><rtept lat="57.505427" lon="12.430538"><ele>89.6</ele></rtept><rtept lat="57.50542" lon="12.430607"><ele>89.6</ele></rtept><rtept lat="57.505413" lon="12.430667"><ele>90.2</ele></rtept><rtept lat="57.5054" lon="12.430698"><ele>90.2</ele></rtept><rtept lat="57.505388" lon="12.430758"><ele>91.0</ele></rtept><rtept lat="57.505388" lon="12.430798"><ele>91.0</ele></rtept><rtept lat="57.505375" lon="12.43085"><ele>91.4</ele></rtept><rtept lat="57.505375" lon="12.4309"><ele>91.8</ele></rtept><rtept lat="57.505375" lon="12.430978"><ele>92.0</ele></rtept><rtept lat="57.505388" lon="12.431043"><ele>92.4</ele></rtept><rtept lat="57.505395" lon="12.431105"><ele>92.8</ele></rtept><rtept lat="57.505395" lon="12.431168"><ele>93.0</ele></rtept><rtept lat="57.5054" lon="12.431235"><ele>93.4</ele></rtept><rtept lat="57.505388" lon="12.43134"><ele>93.8</ele></rtept><rtept lat="57.505388" lon="12.431447"><ele>94.0</ele></rtept><rtept lat="57.505388" lon="12.431527"><ele>94.4</ele></rtept><rtept lat="57.5054" lon="12.431578"><ele>94.8</ele></rtept><rtept lat="57.505413" lon="12.43162"><ele>95.0</ele></rtept><rtept lat="57.505413" lon="12.431658"><ele>95.4</ele></rtept><rtept lat="57.505407" lon="12.4317"><ele>96.0</ele></rtept><rtept lat="57.5054" lon="12.431757"><ele>96.2</ele></rtept><rtept lat="57.505382" lon="12.43179"><ele>96.6</ele></rtept><rtept lat="57.505368" lon="12.431833"><ele>97.0</ele></rtept><rtept lat="57.505357" lon="12.431868"><ele>97.4</ele></rtept><rtept lat="57.505362" lon="12.431922"><ele>98.8</ele></rtept><rtept lat="57.50535" lon="12.431953"><ele>99.4</ele></rtept><rtept lat="57.505337" lon="12.43198"><ele>100.0</ele></rtept><rtept lat="57.505318" lon="12.432012"><ele>100.6</ele></rtept><rtept lat="57.50533" lon="12.432073"><ele>101.2</ele></rtept><rtept lat="57.50535" lon="12.432162"><ele>101.6</ele></rtept><rtept lat="57.505357" lon="12.432218"><ele>102.2</ele></rtept><rtept lat="57.505362" lon="12.43227"><ele>102.6</ele></rtept><rtept lat="57.505362" lon="12.432335"><ele>102.8</ele></rtept><rtept lat="57.505362" lon="12.432417"><ele>103.2</ele></rtept><rtept lat="57.505368" lon="12.432477"><ele>103.4</ele></rtept><rtept lat="57.505388" lon="12.432523"><ele>103.6</ele></rtept><rtept lat="57.5054" lon="12.432575"><ele>104.0</ele></rtept><rtept lat="57.5054" lon="12.432622"><ele>104.0</ele></rtept><rtept lat="57.505395" lon="12.432693"><ele>104.2</ele></rtept><rtept lat="57.505395" lon="12.432733"><ele>104.6</ele></rtept><rtept lat="57.505407" lon="12.432763"><ele>104.6</ele></rtept><rtept lat="57.505433" lon="12.432778"><ele>105.0</ele></rtept><rtept lat="57.505452" lon="12.432828"><ele>105.4</ele></rtept><rtept lat="57.505465" lon="12.432947"><ele>105.2</ele></rtept><rtept lat="57.505465" lon="12.433062"><ele>105.6</ele></rtept><rtept lat="57.505458" lon="12.433152"><ele>105.8</ele></rtept><rtept lat="57.505452" lon="12.43321"><ele>105.6</ele></rtept><rtept lat="57.505458" lon="12.433282"><ele>106.0</ele></rtept><rtept lat="57.505465" lon="12.433322"><ele>106.2</ele></rtept><rtept lat="57.505465" lon="12.433382"><ele>106.4</ele></rtept><rtept lat="57.505472" lon="12.433438"><ele>106.4</ele></rtept><rtept lat="57.505472" lon="12.433492"><ele>106.4</ele></rtept><rtept lat="57.505478" lon="12.433547"><ele>106.6</ele></rtept><rtept lat="57.505472" lon="12.4336"><ele>106.8</ele></rtept><rtept lat="57.505465" lon="12.433647"><ele>106.8</ele></rtept><rtept lat="57.505465" lon="12.43368"><ele>106.8</ele></rtept><rtept lat="57.505445" lon="12.433672"><ele>107.2</ele></rtept><rtept lat="57.505433" lon="12.43371"><ele>107.2</ele></rtept><rtept lat="57.50544" lon="12.433752"><ele>107.4</ele></rtept><rtept lat="57.50544" lon="12.43381"><ele>107.6</ele></rtept><rtept lat="57.505445" lon="12.433847"><ele>107.4</ele></rtept><rtept lat="57.50544" lon="12.43389"><ele>107.6</ele></rtept><rtept lat="57.505433" lon="12.433938"><ele>107.6</ele></rtept><rtept lat="57.505433" lon="12.43398"><ele>108.0</ele></rtept><rtept lat="57.50544" lon="12.434038"><ele>108.2</ele></rtept><rtept lat="57.50544" lon="12.434075"><ele>108.6</ele></rtept><rtept lat="57.505433" lon="12.434122"><ele>108.8</ele></rtept><rtept lat="57.505427" lon="12.434162"><ele>108.8</ele></rtept><rtept lat="57.50542" lon="12.434207"><ele>109.2</ele></rtept><rtept lat="57.505413" lon="12.434267"><ele>109.4</ele></rtept><rtept lat="57.5054" lon="12.434313"><ele>109.6</ele></rtept><rtept lat="57.505395" lon="12.43438"><ele>109.8</ele></rtept><rtept lat="57.505375" lon="12.434465"><ele>110.0</ele></rtept><rtept lat="57.505362" lon="12.434502"><ele>110.2</ele></rtept><rtept lat="57.50535" lon="12.434547"><ele>110.6</ele></rtept><rtept lat="57.50533" lon="12.434603"><ele>110.8</ele></rtept><rtept lat="57.505298" lon="12.434663"><ele>110.8</ele></rtept><rtept lat="57.505267" lon="12.434758"><ele>111.2</ele></rtept><rtept lat="57.505235" lon="12.434822"><ele>111.2</ele></rtept><rtept lat="57.505202" lon="12.434907"><ele>111.4</ele></rtept><rtept lat="57.50519" lon="12.43494"><ele>111.8</ele></rtept><rtept lat="57.505177" lon="12.434977"><ele>111.8</ele></rtept><rtept lat="57.505158" lon="12.434997"><ele>112.2</ele></rtept><rtept lat="57.505138" lon="12.435025"><ele>112.2</ele></rtept><rtept lat="57.50512" lon="12.435058"><ele>112.6</ele></rtept><rtept lat="57.505093" lon="12.43509"><ele>113.0</ele></rtept><rtept lat="57.505093" lon="12.435162"><ele>113.4</ele></rtept><rtept lat="57.505075" lon="12.435222"><ele>114.2</ele></rtept><rtept lat="57.505062" lon="12.435283"><ele>114.4</ele></rtept><rtept lat="57.505048" lon="12.435317"><ele>114.6</ele></rtept><rtept lat="57.505037" lon="12.435355"><ele>114.6</ele></rtept><rtept lat="57.50503" lon="12.435395"><ele>114.8</ele></rtept><rtept lat="57.505017" lon="12.43543"><ele>115.0</ele></rtept><rtept lat="57.50501" lon="12.43547"><ele>114.6</ele></rtept><rtept lat="57.505003" lon="12.435502"><ele>114.8</ele></rtept><rtept lat="57.504998" lon="12.435548"><ele>115.0</ele></rtept><rtept lat="57.504992" lon="12.435587"><ele>114.8</ele></rtept><rtept lat="57.504978" lon="12.435627"><ele>115.0</ele></rtept><rtept lat="57.504965" lon="12.435678"><ele>115.0</ele></rtept><rtept lat="57.50496" lon="12.435722"><ele>114.8</ele></rtept><rtept lat="57.504947" lon="12.435765"><ele>115.0</ele></rtept><rtept lat="57.504933" lon="12.435812"><ele>115.2</ele></rtept><rtept lat="57.50492" lon="12.435862"><ele>114.8</ele></rtept><rtept lat="57.504915" lon="12.43591"><ele>115.2</ele></rtept><rtept lat="57.504908" lon="12.43595"><ele>115.4</ele></rtept><rtept lat="57.504895" lon="12.435992"><ele>115.2</ele></rtept><rtept lat="57.504888" lon="12.436033"><ele>115.6</ele></rtept><rtept lat="57.504877" lon="12.43608"><ele>115.6</ele></rtept><rtept lat="57.50487" lon="12.436128"><ele>115.6</ele></rtept><rtept lat="57.504857" lon="12.436165"><ele>115.8</ele></rtept><rtept lat="57.504857" lon="12.43622"><ele>116.0</ele></rtept><rtept lat="57.50485" lon="12.436262"><ele>116.2</ele></rtept><rtept lat="57.504832" lon="12.43632"><ele>116.4</ele></rtept><rtept lat="57.504818" lon="12.436373"><ele>116.4</ele></rtept><rtept lat="57.504805" lon="12.436412"><ele>116.4</ele></rtept><rtept lat="57.504793" lon="12.43646"><ele>116.6</ele></rtept><rtept lat="57.504773" lon="12.4365"><ele>116.4</ele></rtept><rtept lat="57.504767" lon="12.43654"><ele>116.6</ele></rtept><rtept lat="57.504755" lon="12.436592"><ele>116.8</ele></rtept><rtept lat="57.504742" lon="12.436637"><ele>116.6</ele></rtept><rtept lat="57.504735" lon="12.43668"><ele>116.8</ele></rtept><rtept lat="57.504728" lon="12.436717"><ele>117.0</ele></rtept><rtept lat="57.504728" lon="12.436763"><ele>116.6</ele></rtept><rtept lat="57.504722" lon="12.436808"><ele>116.8</ele></rtept><rtept lat="57.504717" lon="12.436865"><ele>117.0</ele></rtept><rtept lat="57.50471" lon="12.436915"><ele>116.8</ele></rtept><rtept lat="57.504703" lon="12.436958"><ele>117.2</ele></rtept><rtept lat="57.504697" lon="12.437017"><ele>117.2</ele></rtept><rtept lat="57.504697" lon="12.437062"><ele>117.2</ele></rtept><rtept lat="57.50469" lon="12.43712"><ele>117.4</ele></rtept><rtept lat="57.50469" lon="12.437167"><ele>117.2</ele></rtept><rtept lat="57.50469" lon="12.437207"><ele>117.4</ele></rtept><rtept lat="57.50469" lon="12.437255"><ele>117.8</ele></rtept><rtept lat="57.50469" lon="12.437302"><ele>117.6</ele></rtept><rtept lat="57.504683" lon="12.43734"><ele>117.8</ele></rtept><rtept lat="57.504678" lon="12.43738"><ele>118.0</ele></rtept><rtept lat="57.504678" lon="12.437425"><ele>117.8</ele></rtept><rtept lat="57.504678" lon="12.437468"><ele>118.0</ele></rtept><rtept lat="57.504678" lon="12.437503"><ele>118.0</ele></rtept><rtept lat="57.504672" lon="12.43755"><ele>118.0</ele></rtept><rtept lat="57.504672" lon="12.437595"><ele>118.0</ele></rtept><rtept lat="57.504678" lon="12.437648"><ele>118.0</ele></rtept><rtept lat="57.50469" lon="12.437707"><ele>118.2</ele></rtept><rtept lat="57.504697" lon="12.437748"><ele>118.4</ele></rtept><rtept lat="57.50471" lon="12.437793"><ele>118.0</ele></rtept><rtept lat="57.504717" lon="12.437838"><ele>118.2</ele></rtept><rtept lat="57.504742" lon="12.437922"><ele>118.0</ele></rtept><rtept lat="57.50476" lon="12.43796"><ele>118.2</ele></rtept><rtept lat="57.50478" lon="12.437995"><ele>118.2</ele></rtept><rtept lat="57.5048" lon="12.438025"><ele>118.0</ele></rtept><rtept lat="57.504825" lon="12.438057"><ele>118.2</ele></rtept><rtept lat="57.50485" lon="12.43809"><ele>118.0</ele></rtept><rtept lat="57.504877" lon="12.438123"><ele>118.2</ele></rtept><rtept lat="57.504895" lon="12.438158"><ele>118.4</ele></rtept><rtept lat="57.504915" lon="12.438195"><ele>118.0</ele></rtept><rtept lat="57.50494" lon="12.438233"><ele>118.4</ele></rtept><rtept lat="57.50496" lon="12.438263"><ele>118.4</ele></rtept><rtept lat="57.504985" lon="12.438298"><ele>118.2</ele></rtept><rtept lat="57.505003" lon="12.438332"><ele>118.4</ele></rtept><rtept lat="57.505023" lon="12.438375"><ele>118.4</ele></rtept><rtept lat="57.505042" lon="12.438403"><ele>118.2</ele></rtept><rtept lat="57.505055" lon="12.43844"><ele>118.4</ele></rtept><rtept lat="57.50508" lon="12.43848"><ele>118.2</ele></rtept><rtept lat="57.505107" lon="12.438518"><ele>118.2</ele></rtept><rtept lat="57.505132" lon="12.438552"><ele>118.2</ele></rtept><rtept lat="57.505152" lon="12.438585"><ele>118.0</ele></rtept><rtept lat="57.505177" lon="12.438637"><ele>117.6</ele></rtept><rtept lat="57.505197" lon="12.43867"><ele>117.8</ele></rtept><rtept lat="57.505208" lon="12.438712"><ele>117.4</ele></rtept><rtept lat="57.505228" lon="12.438755"><ele>117.4</ele></rtept><rtept lat="57.505247" lon="12.438803"><ele>117.6</ele></rtept><rtept lat="57.505253" lon="12.43884"><ele>117.4</ele></rtept><rtept lat="57.505273" lon="12.438883"><ele>117.6</ele></rtept><rtept lat="57.505292" lon="12.438935"><ele>117.4</ele></rtept><rtept lat="57.505305" lon="12.438968"><ele>117.4</ele></rtept><rtept lat="57.505323" lon="12.439048"><ele>117.6</ele></rtept><rtept lat="57.505337" lon="12.439092"><ele>117.8</ele></rtept><rtept lat="57.505357" lon="12.439132"><ele>118.0</ele></rtept><rtept lat="57.505375" lon="12.43918"><ele>117.8</ele></rtept><rtept lat="57.505395" lon="12.439218"><ele>118.2</ele></rtept><rtept lat="57.505407" lon="12.43926"><ele>118.4</ele></rtept><rtept lat="57.505427" lon="12.4393"><ele>118.2</ele></rtept><rtept lat="57.505445" lon="12.439332"><ele>118.6</ele></rtept><rtept lat="57.505465" lon="12.439372"><ele>118.4</ele></rtept><rtept lat="57.505483" lon="12.439415"><ele>118.2</ele></rtept><rtept lat="57.505497" lon="12.439452"><ele>118.4</ele></rtept><rtept lat="57.50551" lon="12.439503"><ele>118.4</ele></rtept><rtept lat="57.505517" lon="12.439543"><ele>118.4</ele></rtept><rtept lat="57.505517" lon="12.439585"><ele>118.6</ele></rtept><rtept lat="57.50551" lon="12.43963"><ele>118.4</ele></rtept><rtept lat="57.50551" lon="12.439682"><ele>118.8</ele></rtept><rtept lat="57.50551" lon="12.439728"><ele>118.8</ele></rtept><rtept lat="57.505497" lon="12.439778"><ele>118.6</ele></rtept><rtept lat="57.50549" lon="12.439823"><ele>119.0</ele></rtept><rtept lat="57.505472" lon="12.439877"><ele>119.2</ele></rtept><rtept lat="57.505465" lon="12.439922"><ele>119.0</ele></rtept><rtept lat="57.50544" lon="12.440012"><ele>119.2</ele></rtept><rtept lat="57.505427" lon="12.44006"><ele>119.2</ele></rtept><rtept lat="57.5054" lon="12.44011"><ele>119.6</ele></rtept><rtept lat="57.505375" lon="12.440155"><ele>119.6</ele></rtept><rtept lat="57.505362" lon="12.4402"><ele>119.8</ele></rtept><rtept lat="57.505343" lon="12.440243"><ele>120.0</ele></rtept><rtept lat="57.50533" lon="12.440273"><ele>119.8</ele></rtept><rtept lat="57.505312" lon="12.440308"><ele>120.0</ele></rtept><rtept lat="57.505292" lon="12.440355"><ele>120.4</ele></rtept><rtept lat="57.505285" lon="12.440395"><ele>120.2</ele></rtept><rtept lat="57.505273" lon="12.440435"><ele>120.6</ele></rtept><rtept lat="57.50526" lon="12.44048"><ele>120.8</ele></rtept><rtept lat="57.505253" lon="12.440522"><ele>120.6</ele></rtept><rtept lat="57.505247" lon="12.440567"><ele>121.0</ele></rtept><rtept lat="57.505247" lon="12.440613"><ele>120.8</ele></rtept><rtept lat="57.50524" lon="12.440665"><ele>120.8</ele></rtept><rtept lat="57.505235" lon="12.440722"><ele>121.0</ele></rtept><rtept lat="57.505235" lon="12.44076"><ele>120.8</ele></rtept><rtept lat="57.505235" lon="12.440823"><ele>120.6</ele></rtept><rtept lat="57.50524" lon="12.44088"><ele>120.8</ele></rtept><rtept lat="57.505247" lon="12.440937"><ele>120.8</ele></rtept><rtept lat="57.505247" lon="12.44099"><ele>120.6</ele></rtept><rtept lat="57.505253" lon="12.44103"><ele>120.6</ele></rtept><rtept lat="57.505253" lon="12.441093"><ele>120.6</ele></rtept><rtept lat="57.505253" lon="12.441142"><ele>120.6</ele></rtept><rtept lat="57.505267" lon="12.441193"><ele>120.8</ele></rtept><rtept lat="57.505267" lon="12.441238"><ele>120.6</ele></rtept><rtept lat="57.50526" lon="12.441282"><ele>120.8</ele></rtept><rtept lat="57.505273" lon="12.441378"><ele>120.6</ele></rtept><rtept lat="57.505285" lon="12.441485"><ele>121.0</ele></rtept><rtept lat="57.505292" lon="12.441525"><ele>120.8</ele></rtept><rtept lat="57.505305" lon="12.441572"><ele>121.0</ele></rtept><rtept lat="57.505318" lon="12.441615"><ele>121.0</ele></rtept><rtept lat="57.505337" lon="12.44166"><ele>121.0</ele></rtept><rtept lat="57.505368" lon="12.441758"><ele>121.0</ele></rtept><rtept lat="57.505382" lon="12.441802"><ele>121.2</ele></rtept><rtept lat="57.505395" lon="12.441847"><ele>121.6</ele></rtept><rtept lat="57.505413" lon="12.441892"><ele>121.4</ele></rtept><rtept lat="57.505427" lon="12.441933"><ele>121.6</ele></rtept><rtept lat="57.50544" lon="12.441967"><ele>121.8</ele></rtept><rtept lat="57.505452" lon="12.442013"><ele>121.6</ele></rtept><rtept lat="57.505465" lon="12.44206"><ele>121.8</ele></rtept><rtept lat="57.505472" lon="12.442097"><ele>121.8</ele></rtept><rtept lat="57.50549" lon="12.44214"><ele>121.8</ele></rtept><rtept lat="57.505503" lon="12.44218"><ele>121.8</ele></rtept><rtept lat="57.505528" lon="12.442272"><ele>121.8</ele></rtept><rtept lat="57.505535" lon="12.442315"><ele>121.8</ele></rtept><rtept lat="57.505548" lon="12.44236"><ele>121.8</ele></rtept><rtept lat="57.50556" lon="12.442403"><ele>121.8</ele></rtept><rtept lat="57.505573" lon="12.442448"><ele>122.4</ele></rtept><rtept lat="57.505593" lon="12.442495"><ele>122.2</ele></rtept><rtept lat="57.505605" lon="12.442538"><ele>122.2</ele></rtept><rtept lat="57.505625" lon="12.442622"><ele>122.0</ele></rtept><rtept lat="57.505638" lon="12.442652"><ele>122.0</ele></rtept><rtept lat="57.50565" lon="12.442688"><ele>121.8</ele></rtept><rtept lat="57.505663" lon="12.442737"><ele>121.8</ele></rtept><rtept lat="57.505682" lon="12.44277"><ele>121.8</ele></rtept><rtept lat="57.505695" lon="12.44281"><ele>121.8</ele></rtept><rtept lat="57.505715" lon="12.442847"><ele>121.6</ele></rtept><rtept lat="57.505733" lon="12.442885"><ele>121.6</ele></rtept><rtept lat="57.505753" lon="12.44292"><ele>121.4</ele></rtept><rtept lat="57.505772" lon="12.442958"><ele>121.0</ele></rtept><rtept lat="57.505785" lon="12.442992"><ele>121.0</ele></rtept><rtept lat="57.505803" lon="12.443023"><ele>120.8</ele></rtept><rtept lat="57.505817" lon="12.443063"><ele>120.4</ele></rtept><rtept lat="57.505837" lon="12.4431"><ele>120.2</ele></rtept><rtept lat="57.505848" lon="12.443138"><ele>120.0</ele></rtept><rtept lat="57.505868" lon="12.443175"><ele>119.6</ele></rtept><rtept lat="57.505887" lon="12.443213"><ele>119.2</ele></rtept><rtept lat="57.50592" lon="12.443252"><ele>119.0</ele></rtept><rtept lat="57.505938" lon="12.443293"><ele>118.8</ele></rtept><rtept lat="57.505958" lon="12.443332"><ele>118.2</ele></rtept><rtept lat="57.505977" lon="12.443368"><ele>118.0</ele></rtept><rtept lat="57.506002" lon="12.443417"><ele>117.6</ele></rtept><rtept lat="57.506015" lon="12.44346"><ele>117.0</ele></rtept><rtept lat="57.50604" lon="12.443502"><ele>116.8</ele></rtept><rtept lat="57.506053" lon="12.443542"><ele>116.6</ele></rtept><rtept lat="57.506073" lon="12.443582"><ele>116.2</ele></rtept><rtept lat="57.506112" lon="12.44366"><ele>115.8</ele></rtept><rtept lat="57.506123" lon="12.4437"><ele>115.4</ele></rtept><rtept lat="57.506143" lon="12.443745"><ele>115.0</ele></rtept><rtept lat="57.506168" lon="12.44379"><ele>115.0</ele></rtept><rtept lat="57.506188" lon="12.44383"><ele>114.6</ele></rtept><rtept lat="57.506207" lon="12.443878"><ele>114.2</ele></rtept><rtept lat="57.506227" lon="12.443922"><ele>114.2</ele></rtept><rtept lat="57.506245" lon="12.443963"><ele>113.8</ele></rtept><rtept lat="57.506272" lon="12.444007"><ele>113.8</ele></rtept><rtept lat="57.506303" lon="12.444057"><ele>113.8</ele></rtept><rtept lat="57.506322" lon="12.444093"><ele>113.4</ele></rtept><rtept lat="57.50636" lon="12.444178"><ele>113.4</ele></rtept><rtept lat="57.506387" lon="12.44423"><ele>113.0</ele></rtept><rtept lat="57.506405" lon="12.444262"><ele>113.2</ele></rtept><rtept lat="57.506432" lon="12.444312"><ele>113.4</ele></rtept><rtept lat="57.506443" lon="12.444347"><ele>113.2</ele></rtept><rtept lat="57.50647" lon="12.444383"><ele>113.4</ele></rtept><rtept lat="57.506495" lon="12.44442"><ele>113.4</ele></rtept><rtept lat="57.506527" lon="12.444458"><ele>113.0</ele></rtept><rtept lat="57.50656" lon="12.4445"><ele>113.2</ele></rtept><rtept lat="57.506578" lon="12.44453"><ele>113.2</ele></rtept><rtept lat="57.506598" lon="12.444563"><ele>113.4</ele></rtept><rtept lat="57.506617" lon="12.4446"><ele>113.6</ele></rtept><rtept lat="57.506637" lon="12.444638"><ele>113.6</ele></rtept><rtept lat="57.506668" lon="12.444682"><ele>114.0</ele></rtept><rtept lat="57.5067" lon="12.44472"><ele>114.0</ele></rtept><rtept lat="57.506725" lon="12.444762"><ele>114.0</ele></rtept><rtept lat="57.506738" lon="12.444788"><ele>114.2</ele></rtept><rtept lat="57.506758" lon="12.444828"><ele>114.2</ele></rtept><rtept lat="57.506777" lon="12.444862"><ele>114.4</ele></rtept><rtept lat="57.50679" lon="12.444898"><ele>114.4</ele></rtept><rtept lat="57.506802" lon="12.444937"><ele>114.4</ele></rtept><rtept lat="57.506815" lon="12.444972"><ele>114.2</ele></rtept><rtept lat="57.506822" lon="12.445005"><ele>114.4</ele></rtept><rtept lat="57.50684" lon="12.445045"><ele>114.0</ele></rtept><rtept lat="57.506847" lon="12.445085"><ele>113.4</ele></rtept><rtept lat="57.50686" lon="12.445128"><ele>113.6</ele></rtept><rtept lat="57.506867" lon="12.445163"><ele>113.4</ele></rtept><rtept lat="57.506885" lon="12.445208"><ele>113.0</ele></rtept><rtept lat="57.506898" lon="12.445248"><ele>113.0</ele></rtept><rtept lat="57.506918" lon="12.445288"><ele>113.0</ele></rtept><rtept lat="57.506937" lon="12.445322"><ele>112.4</ele></rtept><rtept lat="57.506962" lon="12.445363"><ele>112.4</ele></rtept><rtept lat="57.506982" lon="12.445407"><ele>112.2</ele></rtept><rtept lat="57.507" lon="12.445443"><ele>111.6</ele></rtept><rtept lat="57.507027" lon="12.445473"><ele>111.6</ele></rtept><rtept lat="57.50704" lon="12.445503"><ele>111.4</ele></rtept><rtept lat="57.507065" lon="12.445533"><ele>111.0</ele></rtept><rtept lat="57.50709" lon="12.445562"><ele>111.0</ele></rtept><rtept lat="57.507117" lon="12.44559"><ele>110.8</ele></rtept><rtept lat="57.507135" lon="12.445605"><ele>110.4</ele></rtept><rtept lat="57.50716" lon="12.445632"><ele>110.4</ele></rtept><rtept lat="57.507193" lon="12.44566"><ele>110.6</ele></rtept><rtept lat="57.507212" lon="12.445677"><ele>110.2</ele></rtept><rtept lat="57.507232" lon="12.445695"><ele>110.4</ele></rtept><rtept lat="57.50725" lon="12.445712"><ele>110.2</ele></rtept><rtept lat="57.507277" lon="12.445737"><ele>110.0</ele></rtept><rtept lat="57.507295" lon="12.445752"><ele>110.0</ele></rtept><rtept lat="57.507315" lon="12.44578"><ele>109.8</ele></rtept><rtept lat="57.50734" lon="12.4458"><ele>109.2</ele></rtept><rtept lat="57.507365" lon="12.445823"><ele>109.4</ele></rtept><rtept lat="57.507417" lon="12.445865"><ele>108.8</ele></rtept><rtept lat="57.507442" lon="12.445895"><ele>108.8</ele></rtept><rtept lat="57.507468" lon="12.445925"><ele>108.8</ele></rtept><rtept lat="57.5075" lon="12.44596"><ele>108.4</ele></rtept><rtept lat="57.50752" lon="12.44599"><ele>108.6</ele></rtept><rtept lat="57.507552" lon="12.446023"><ele>108.2</ele></rtept><rtept lat="57.507577" lon="12.446047"><ele>108.0</ele></rtept><rtept lat="57.507602" lon="12.446073"><ele>108.2</ele></rtept><rtept lat="57.507628" lon="12.446102"><ele>107.8</ele></rtept><rtept lat="57.507653" lon="12.446133"><ele>107.6</ele></rtept><rtept lat="57.507673" lon="12.446173"><ele>107.6</ele></rtept><rtept lat="57.50768" lon="12.446222"><ele>107.6</ele></rtept><rtept lat="57.507685" lon="12.446272"><ele>107.2</ele></rtept><rtept lat="57.50768" lon="12.446307"><ele>107.4</ele></rtept><rtept lat="57.507673" lon="12.44634"><ele>107.4</ele></rtept><rtept lat="57.50766" lon="12.446372"><ele>107.2</ele></rtept><rtept lat="57.507622" lon="12.446405"><ele>107.2</ele></rtept><rtept lat="57.507608" lon="12.44645"><ele>107.2</ele></rtept><rtept lat="57.507597" lon="12.44649"><ele>107.4</ele></rtept><rtept lat="57.507577" lon="12.446557"><ele>107.6</ele></rtept><rtept lat="57.50757" lon="12.44659"><ele>107.6</ele></rtept><rtept lat="57.507558" lon="12.446615"><ele>108.2</ele></rtept><rtept lat="57.507538" lon="12.446645"><ele>108.2</ele></rtept><rtept lat="57.507525" lon="12.44669"><ele>108.6</ele></rtept><rtept lat="57.507493" lon="12.44674"><ele>108.8</ele></rtept><rtept lat="57.507475" lon="12.446778"><ele>108.8</ele></rtept><rtept lat="57.507448" lon="12.446808"><ele>109.0</ele></rtept><rtept lat="57.50743" lon="12.446838"><ele>109.2</ele></rtept><rtept lat="57.50741" lon="12.446872"><ele>109.0</ele></rtept><rtept lat="57.507398" lon="12.4469"><ele>109.2</ele></rtept><rtept lat="57.507378" lon="12.446933"><ele>109.2</ele></rtept><rtept lat="57.507365" lon="12.446968"><ele>109.2</ele></rtept><rtept lat="57.507353" lon="12.447018"><ele>109.2</ele></rtept><rtept lat="57.507353" lon="12.447065"><ele>109.4</ele></rtept><rtept lat="57.507333" lon="12.44712"><ele>109.2</ele></rtept><rtept lat="57.507333" lon="12.447175"><ele>109.4</ele></rtept><rtept lat="57.507327" lon="12.44729"><ele>109.2</ele></rtept><rtept lat="57.507333" lon="12.447353"><ele>109.4</ele></rtept><rtept lat="57.507327" lon="12.447413"><ele>109.2</ele></rtept><rtept lat="57.507315" lon="12.447467"><ele>109.0</ele></rtept><rtept lat="57.507295" lon="12.447518"><ele>109.0</ele></rtept><rtept lat="57.507263" lon="12.447552"><ele>109.0</ele></rtept><rtept lat="57.507238" lon="12.447588"><ele>109.2</ele></rtept><rtept lat="57.507205" lon="12.447622"><ele>109.4</ele></rtept><rtept lat="57.507173" lon="12.447648"><ele>109.0</ele></rtept><rtept lat="57.507135" lon="12.447678"><ele>109.4</ele></rtept><rtept lat="57.507103" lon="12.447698"><ele>109.4</ele></rtept><rtept lat="57.507083" lon="12.447712"><ele>109.4</ele></rtept><rtept lat="57.507052" lon="12.447732"><ele>109.6</ele></rtept><rtept lat="57.50702" lon="12.447755"><ele>109.4</ele></rtept><rtept lat="57.506995" lon="12.447772"><ele>109.6</ele></rtept><rtept lat="57.506962" lon="12.447785"><ele>109.8</ele></rtept><rtept lat="57.50693" lon="12.447805"><ele>109.4</ele></rtept><rtept lat="57.506905" lon="12.447817"><ele>109.8</ele></rtept><rtept lat="57.506885" lon="12.44782"><ele>109.8</ele></rtept><rtept lat="57.506847" lon="12.44784"><ele>109.8</ele></rtept><rtept lat="57.506822" lon="12.447877"><ele>110.0</ele></rtept><rtept lat="57.506783" lon="12.447903"><ele>109.8</ele></rtept><rtept lat="57.506752" lon="12.44793"><ele>110.0</ele></rtept><rtept lat="57.506725" lon="12.447963"><ele>110.2</ele></rtept><rtept lat="57.5067" lon="12.44798"><ele>110.0</ele></rtept><rtept lat="57.506655" lon="12.448003"><ele>110.2</ele></rtept><rtept lat="57.506623" lon="12.44802"><ele>110.2</ele></rtept><rtept lat="57.506603" lon="12.44803"><ele>110.2</ele></rtept><rtept lat="57.506578" lon="12.448038"><ele>110.0</ele></rtept><rtept lat="57.50656" lon="12.44805"><ele>110.2</ele></rtept><rtept lat="57.506527" lon="12.44806"><ele>110.6</ele></rtept><rtept lat="57.506502" lon="12.448078"><ele>110.4</ele></rtept><rtept lat="57.50647" lon="12.448095"><ele>110.6</ele></rtept><rtept lat="57.506438" lon="12.448118"><ele>110.6</ele></rtept><rtept lat="57.506405" lon="12.448142"><ele>110.4</ele></rtept><rtept lat="57.50638" lon="12.448168"><ele>110.6</ele></rtept><rtept lat="57.506355" lon="12.44818"><ele>110.4</ele></rtept><rtept lat="57.506328" lon="12.448187"><ele>110.8</ele></rtept><rtept lat="57.506303" lon="12.448197"><ele>110.8</ele></rtept><rtept lat="57.506272" lon="12.448215"><ele>110.6</ele></rtept><rtept lat="57.506245" lon="12.448227"><ele>110.6</ele></rtept><rtept lat="57.50622" lon="12.448247"><ele>110.6</ele></rtept><rtept lat="57.506188" lon="12.448263"><ele>110.4</ele></rtept><rtept lat="57.50613" lon="12.448298"><ele>110.4</ele></rtept><rtept lat="57.506105" lon="12.448317"><ele>110.6</ele></rtept><rtept lat="57.506078" lon="12.448327"><ele>110.8</ele></rtept><rtept lat="57.506047" lon="12.44834"><ele>110.4</ele></rtept><rtept lat="57.50599" lon="12.448387"><ele>110.4</ele></rtept><rtept lat="57.505963" lon="12.448402"><ele>110.2</ele></rtept><rtept lat="57.505925" lon="12.448418"><ele>110.0</ele></rtept><rtept lat="57.505907" lon="12.448422"><ele>110.2</ele></rtept><rtept lat="57.50588" lon="12.44844"><ele>110.4</ele></rtept><rtept lat="57.505848" lon="12.448458"><ele>110.0</ele></rtept><rtept lat="57.505823" lon="12.448477"><ele>110.2</ele></rtept><rtept lat="57.505772" lon="12.448518"><ele>110.0</ele></rtept><rtept lat="57.505747" lon="12.448522"><ele>110.0</ele></rtept><rtept lat="57.505727" lon="12.448532"><ele>109.6</ele></rtept><rtept lat="57.505695" lon="12.44854"><ele>109.8</ele></rtept><rtept lat="57.505632" lon="12.44859"><ele>109.4</ele></rtept><rtept lat="57.5056" lon="12.448617"><ele>109.6</ele></rtept><rtept lat="57.505567" lon="12.448653"><ele>109.8</ele></rtept><rtept lat="57.505535" lon="12.448685"><ele>109.4</ele></rtept><rtept lat="57.505478" lon="12.448728"><ele>109.4</ele></rtept><rtept lat="57.505445" lon="12.448738"><ele>109.0</ele></rtept><rtept lat="57.50542" lon="12.448743"><ele>109.0</ele></rtept><rtept lat="57.505388" lon="12.448755"><ele>108.8</ele></rtept><rtept lat="57.505337" lon="12.44879"><ele>109.0</ele></rtept><rtept lat="57.505285" lon="12.448872"><ele>109.0</ele></rtept><rtept lat="57.505267" lon="12.448968"><ele>108.6</ele></rtept><rtept lat="57.505253" lon="12.44902"><ele>108.6</ele></rtept><rtept lat="57.505247" lon="12.449082"><ele>108.6</ele></rtept><rtept lat="57.505235" lon="12.449137"><ele>108.6</ele></rtept><rtept lat="57.505222" lon="12.449185"><ele>108.8</ele></rtept><rtept lat="57.505197" lon="12.44928"><ele>109.0</ele></rtept><rtept lat="57.50519" lon="12.449332"><ele>109.0</ele></rtept><rtept lat="57.505163" lon="12.449415"><ele>108.8</ele></rtept><rtept lat="57.505152" lon="12.449455"><ele>109.0</ele></rtept><rtept lat="57.505138" lon="12.4495"><ele>108.6</ele></rtept><rtept lat="57.505132" lon="12.449542"><ele>108.8</ele></rtept><rtept lat="57.50512" lon="12.449588"><ele>108.6</ele></rtept><rtept lat="57.505107" lon="12.449638"><ele>108.4</ele></rtept><rtept lat="57.505093" lon="12.449687"><ele>108.4</ele></rtept><rtept lat="57.50508" lon="12.449737"><ele>108.4</ele></rtept><rtept lat="57.505068" lon="12.44978"><ele>108.4</ele></rtept><rtept lat="57.505055" lon="12.449825"><ele>108.4</ele></rtept><rtept lat="57.505042" lon="12.449867"><ele>108.2</ele></rtept><rtept lat="57.50503" lon="12.449912"><ele>108.2</ele></rtept><rtept lat="57.50501" lon="12.44996"><ele>108.4</ele></rtept><rtept lat="57.504998" lon="12.45001"><ele>108.2</ele></rtept><rtept lat="57.504978" lon="12.450057"><ele>108.4</ele></rtept><rtept lat="57.504965" lon="12.450097"><ele>108.6</ele></rtept><rtept lat="57.504953" lon="12.450138"><ele>108.4</ele></rtept><rtept lat="57.50494" lon="12.45018"><ele>108.6</ele></rtept><rtept lat="57.504915" lon="12.450268"><ele>108.6</ele></rtept><rtept lat="57.504895" lon="12.45032"><ele>108.8</ele></rtept><rtept lat="57.504882" lon="12.45038"><ele>108.6</ele></rtept><rtept lat="57.50487" lon="12.450433"><ele>109.0</ele></rtept><rtept lat="57.504857" lon="12.450487"><ele>109.0</ele></rtept><rtept lat="57.50485" lon="12.450525"><ele>109.0</ele></rtept><rtept lat="57.504832" lon="12.45057"><ele>109.4</ele></rtept><rtept lat="57.504818" lon="12.45061"><ele>109.4</ele></rtept><rtept lat="57.504805" lon="12.450658"><ele>109.8</ele></rtept><rtept lat="57.504793" lon="12.450703"><ele>110.0</ele></rtept><rtept lat="57.504793" lon="12.45075"><ele>109.6</ele></rtept><rtept lat="57.504793" lon="12.45079"><ele>109.6</ele></rtept><rtept lat="57.5048" lon="12.45084"><ele>109.6</ele></rtept><rtept lat="57.504818" lon="12.450888"><ele>109.2</ele></rtept><rtept lat="57.504838" lon="12.450928"><ele>109.2</ele></rtept><rtept lat="57.504857" lon="12.450972"><ele>109.2</ele></rtept><rtept lat="57.504877" lon="12.451012"><ele>108.8</ele></rtept><rtept lat="57.504902" lon="12.451043"><ele>108.8</ele></rtept><rtept lat="57.504927" lon="12.451077"><ele>108.6</ele></rtept><rtept lat="57.504953" lon="12.451107"><ele>108.4</ele></rtept><rtept lat="57.504972" lon="12.451143"><ele>108.4</ele></rtept><rtept lat="57.504992" lon="12.45118"><ele>108.2</ele></rtept><rtept lat="57.50501" lon="12.451218"><ele>107.8</ele></rtept><rtept lat="57.505023" lon="12.451257"><ele>107.8</ele></rtept><rtept lat="57.505048" lon="12.451292"><ele>107.8</ele></rtept><rtept lat="57.505062" lon="12.45133"><ele>107.4</ele></rtept><rtept lat="57.505087" lon="12.451365"><ele>107.6</ele></rtept><rtept lat="57.505113" lon="12.451405"><ele>107.2</ele></rtept><rtept lat="57.505132" lon="12.45144"><ele>107.0</ele></rtept><rtept lat="57.505152" lon="12.451477"><ele>107.2</ele></rtept><rtept lat="57.50517" lon="12.45151"><ele>107.0</ele></rtept><rtept lat="57.50519" lon="12.451543"><ele>107.2</ele></rtept><rtept lat="57.505215" lon="12.45158"><ele>107.4</ele></rtept><rtept lat="57.505235" lon="12.451615"><ele>107.0</ele></rtept><rtept lat="57.505253" lon="12.451648"><ele>107.2</ele></rtept><rtept lat="57.505267" lon="12.451682"><ele>107.2</ele></rtept><rtept lat="57.50528" lon="12.451715"><ele>107.0</ele></rtept><rtept lat="57.505292" lon="12.451747"><ele>107.2</ele></rtept><rtept lat="57.505312" lon="12.451782"><ele>107.2</ele></rtept><rtept lat="57.505318" lon="12.451823"><ele>107.2</ele></rtept><rtept lat="57.505337" lon="12.451862"><ele>107.2</ele></rtept><rtept lat="57.505357" lon="12.451897"><ele>106.8</ele></rtept><rtept lat="57.505375" lon="12.451932"><ele>107.2</ele></rtept><rtept lat="57.505395" lon="12.451965"><ele>107.2</ele></rtept><rtept lat="57.50542" lon="12.451985"><ele>107.0</ele></rtept><rtept lat="57.505445" lon="12.45201"><ele>107.2</ele></rtept><rtept lat="57.505465" lon="12.452032"><ele>107.2</ele></rtept><rtept lat="57.505483" lon="12.452045"><ele>107.0</ele></rtept><rtept lat="57.505522" lon="12.452062"><ele>107.2</ele></rtept><rtept lat="57.505548" lon="12.45207"><ele>107.4</ele></rtept><rtept lat="57.505593" lon="12.452075"><ele>107.2</ele></rtept><rtept lat="57.505618" lon="12.45208"><ele>107.6</ele></rtept><rtept lat="57.505643" lon="12.452087"><ele>107.4</ele></rtept><rtept lat="57.50567" lon="12.45209"><ele>107.6</ele></rtept><rtept lat="57.505695" lon="12.452092"><ele>107.8</ele></rtept><rtept lat="57.505715" lon="12.452095"><ele>107.8</ele></rtept><rtept lat="57.505747" lon="12.452097"><ele>107.8</ele></rtept><rtept lat="57.505772" lon="12.4521"><ele>108.0</ele></rtept><rtept lat="57.505798" lon="12.4521"><ele>107.8</ele></rtept><rtept lat="57.505823" lon="12.4521"><ele>108.0</ele></rtept><rtept lat="57.505848" lon="12.452097"><ele>108.2</ele></rtept><rtept lat="57.50588" lon="12.452097"><ele>107.8</ele></rtept><rtept lat="57.505907" lon="12.452097"><ele>108.2</ele></rtept><rtept lat="57.505932" lon="12.45209"><ele>108.4</ele></rtept><rtept lat="57.505952" lon="12.452085"><ele>108.0</ele></rtept><rtept lat="57.505983" lon="12.452083"><ele>108.4</ele></rtept><rtept lat="57.506008" lon="12.452083"><ele>108.4</ele></rtept><rtept lat="57.50604" lon="12.45209"><ele>108.2</ele></rtept><rtept lat="57.506067" lon="12.452097"><ele>108.2</ele></rtept><rtept lat="57.506092" lon="12.452112"><ele>108.2</ele></rtept><rtept lat="57.506118" lon="12.452125"><ele>108.4</ele></rtept><rtept lat="57.506143" lon="12.45214"><ele>108.6</ele></rtept><rtept lat="57.506168" lon="12.452163"><ele>108.4</ele></rtept><rtept lat="57.5062" lon="12.452185"><ele>108.8</ele></rtept><rtept lat="57.506227" lon="12.452203"><ele>108.8</ele></rtept><rtept lat="57.506258" lon="12.45222"><ele>108.8</ele></rtept><rtept lat="57.506283" lon="12.452238"><ele>108.8</ele></rtept><rtept lat="57.50631" lon="12.452257"><ele>108.8</ele></rtept><rtept lat="57.506335" lon="12.452278"><ele>109.0</ele></rtept><rtept lat="57.50636" lon="12.4523"><ele>109.2</ele></rtept><rtept lat="57.506387" lon="12.452322"><ele>109.0</ele></rtept><rtept lat="57.506418" lon="12.45234"><ele>109.4</ele></rtept><rtept lat="57.50647" lon="12.452368"><ele>109.4</ele></rtept><rtept lat="57.506502" lon="12.452383"><ele>109.6</ele></rtept><rtept lat="57.506527" lon="12.452395"><ele>109.4</ele></rtept><rtept lat="57.506553" lon="12.452403"><ele>109.6</ele></rtept><rtept lat="57.506585" lon="12.452408"><ele>109.8</ele></rtept><rtept lat="57.506617" lon="12.452417"><ele>109.6</ele></rtept><rtept lat="57.506668" lon="12.452418"><ele>110.2</ele></rtept><rtept lat="57.5067" lon="12.452418"><ele>110.0</ele></rtept><rtept lat="57.506725" lon="12.452418"><ele>110.2</ele></rtept><rtept lat="57.506752" lon="12.45242"><ele>110.4</ele></rtept><rtept lat="57.506783" lon="12.452428"><ele>110.2</ele></rtept><rtept lat="57.506808" lon="12.45244"><ele>110.4</ele></rtept><rtept lat="57.506835" lon="12.452447"><ele>110.2</ele></rtept><rtept lat="57.50686" lon="12.452453"><ele>110.0</ele></rtept><rtept lat="57.506885" lon="12.452462"><ele>110.2</ele></rtept><rtept lat="57.506918" lon="12.452473"><ele>110.0</ele></rtept><rtept lat="57.506943" lon="12.452478"><ele>110.0</ele></rtept><rtept lat="57.506968" lon="12.452483"><ele>110.2</ele></rtept><rtept lat="57.506995" lon="12.452497"><ele>110.0</ele></rtept><rtept lat="57.50702" lon="12.452513"><ele>110.0</ele></rtept><rtept lat="57.507065" lon="12.452548"><ele>110.0</ele></rtept><rtept lat="57.507083" lon="12.45258"><ele>110.2</ele></rtept><rtept lat="57.507117" lon="12.45266"><ele>110.0</ele></rtept><rtept lat="57.507122" lon="12.452705"><ele>110.2</ele></rtept><rtept lat="57.507122" lon="12.452752"><ele>110.2</ele></rtept><rtept lat="57.507117" lon="12.452792"><ele>110.2</ele></rtept><rtept lat="57.50711" lon="12.452837"><ele>110.4</ele></rtept><rtept lat="57.50709" lon="12.452935"><ele>110.6</ele></rtept><rtept lat="57.507078" lon="12.45298"><ele>110.6</ele></rtept><rtept lat="57.507045" lon="12.453063"><ele>110.6</ele></rtept><rtept lat="57.507033" lon="12.453102"><ele>110.8</ele></rtept><rtept lat="57.507013" lon="12.45314"><ele>110.4</ele></rtept><rtept lat="57.506995" lon="12.453182"><ele>110.6</ele></rtept><rtept lat="57.506988" lon="12.453237"><ele>111.4</ele></rtept><rtept lat="57.506988" lon="12.453297"><ele>111.0</ele></rtept><rtept lat="57.506988" lon="12.453357"><ele>111.0</ele></rtept><rtept lat="57.507" lon="12.453418"><ele>110.8</ele></rtept><rtept lat="57.507013" lon="12.453465"><ele>110.8</ele></rtept><rtept lat="57.50702" lon="12.453512"><ele>110.8</ele></rtept><rtept lat="57.507033" lon="12.453563"><ele>110.8</ele></rtept><rtept lat="57.50704" lon="12.453615"><ele>110.4</ele></rtept><rtept lat="57.507052" lon="12.45366"><ele>110.4</ele></rtept><rtept lat="57.507058" lon="12.453708"><ele>110.2</ele></rtept><rtept lat="57.507065" lon="12.453755"><ele>109.8</ele></rtept><rtept lat="57.507072" lon="12.453802"><ele>109.8</ele></rtept><rtept lat="57.507078" lon="12.453847"><ele>109.6</ele></rtept><rtept lat="57.507083" lon="12.453897"><ele>109.2</ele></rtept><rtept lat="57.50709" lon="12.453947"><ele>109.0</ele></rtept><rtept lat="57.507097" lon="12.454"><ele>108.8</ele></rtept><rtept lat="57.507103" lon="12.454052"><ele>108.4</ele></rtept><rtept lat="57.507103" lon="12.45411"><ele>108.0</ele></rtept><rtept lat="57.50711" lon="12.454162"><ele>107.8</ele></rtept><rtept lat="57.507117" lon="12.454217"><ele>107.8</ele></rtept><rtept lat="57.507142" lon="12.454328"><ele>106.8</ele></rtept><rtept lat="57.507155" lon="12.45438"><ele>106.6</ele></rtept><rtept lat="57.507167" lon="12.454428"><ele>106.2</ele></rtept><rtept lat="57.507187" lon="12.454475"><ele>106.2</ele></rtept><rtept lat="57.507212" lon="12.454517"><ele>105.8</ele></rtept><rtept lat="57.507232" lon="12.454558"><ele>105.6</ele></rtept><rtept lat="57.507243" lon="12.454597"><ele>105.6</ele></rtept><rtept lat="57.507257" lon="12.454638"><ele>105.4</ele></rtept><rtept lat="57.507295" lon="12.454718"><ele>105.0</ele></rtept><rtept lat="57.507308" lon="12.45476"><ele>105.0</ele></rtept><rtept lat="57.507315" lon="12.454812"><ele>104.6</ele></rtept><rtept lat="57.50732" lon="12.45486"><ele>104.4</ele></rtept><rtept lat="57.507333" lon="12.45491"><ele>104.2</ele></rtept><rtept lat="57.50734" lon="12.454963"><ele>103.6</ele></rtept><rtept lat="57.50734" lon="12.455013"><ele>103.2</ele></rtept><rtept lat="57.507347" lon="12.455062"><ele>103.2</ele></rtept><rtept lat="57.507353" lon="12.45511"><ele>102.6</ele></rtept><rtept lat="57.507353" lon="12.455155"><ele>102.4</ele></rtept><rtept lat="57.507353" lon="12.455238"><ele>101.8</ele></rtept><rtept lat="57.507353" lon="12.455278"><ele>101.6</ele></rtept><rtept lat="57.507353" lon="12.455323"><ele>101.6</ele></rtept><rtept lat="57.507353" lon="12.455373"><ele>101.2</ele></rtept><rtept lat="57.507353" lon="12.455418"><ele>101.0</ele></rtept><rtept lat="57.507358" lon="12.455485"><ele>101.0</ele></rtept><rtept lat="57.507372" lon="12.455545"><ele>100.8</ele></rtept><rtept lat="57.507378" lon="12.455597"><ele>100.8</ele></rtept><rtept lat="57.507378" lon="12.45566"><ele>100.6</ele></rtept><rtept lat="57.507378" lon="12.455723"><ele>100.4</ele></rtept><rtept lat="57.507385" lon="12.455782"><ele>100.4</ele></rtept><rtept lat="57.507392" lon="12.455848"><ele>100.2</ele></rtept><rtept lat="57.507398" lon="12.455902"><ele>99.8</ele></rtept><rtept lat="57.507403" lon="12.455938"><ele>99.8</ele></rtept><rtept lat="57.50741" lon="12.455973"><ele>99.6</ele></rtept><rtept lat="57.50741" lon="12.456008"><ele>99.4</ele></rtept><rtept lat="57.50741" lon="12.456052"><ele>99.4</ele></rtept><rtept lat="57.507398" lon="12.4561"><ele>99.0</ele></rtept><rtept lat="57.507398" lon="12.456145"><ele>99.2</ele></rtept><rtept lat="57.507398" lon="12.456192"><ele>99.2</ele></rtept><rtept lat="57.507398" lon="12.456238"><ele>98.8</ele></rtept><rtept lat="57.507398" lon="12.456275"><ele>98.8</ele></rtept><rtept lat="57.507403" lon="12.45632"><ele>98.8</ele></rtept><rtept lat="57.507417" lon="12.456375"><ele>98.4</ele></rtept><rtept lat="57.50743" lon="12.456435"><ele>98.4</ele></rtept><rtept lat="57.507437" lon="12.456495"><ele>98.2</ele></rtept><rtept lat="57.507442" lon="12.456558"><ele>97.8</ele></rtept><rtept lat="57.507442" lon="12.456608"><ele>97.8</ele></rtept><rtept lat="57.507442" lon="12.456663"><ele>97.6</ele></rtept><rtept lat="57.507442" lon="12.456722"><ele>97.4</ele></rtept><rtept lat="57.507437" lon="12.456773"><ele>97.4</ele></rtept><rtept lat="57.507437" lon="12.456825"><ele>97.2</ele></rtept><rtept lat="57.50743" lon="12.456875"><ele>97.2</ele></rtept><rtept lat="57.50743" lon="12.456922"><ele>97.2</ele></rtept><rtept lat="57.507423" lon="12.45698"><ele>96.8</ele></rtept><rtept lat="57.507423" lon="12.457037"><ele>97.0</ele></rtept><rtept lat="57.507423" lon="12.457098"><ele>97.0</ele></rtept><rtept lat="57.507437" lon="12.457175"><ele>96.8</ele></rtept><rtept lat="57.507455" lon="12.457238"><ele>96.8</ele></rtept><rtept lat="57.507475" lon="12.457293"><ele>96.6</ele></rtept><rtept lat="57.5075" lon="12.457337"><ele>96.4</ele></rtept><rtept lat="57.507532" lon="12.457367"><ele>96.4</ele></rtept><rtept lat="57.507563" lon="12.4574"><ele>96.2</ele></rtept><rtept lat="57.507597" lon="12.457423"><ele>96.2</ele></rtept><rtept lat="57.507622" lon="12.45744"><ele>96.4</ele></rtept><rtept lat="57.507653" lon="12.457457"><ele>96.2</ele></rtept><rtept lat="57.507673" lon="12.457473"><ele>96.4</ele></rtept><rtept lat="57.507698" lon="12.457498"><ele>96.6</ele></rtept><rtept lat="57.50773" lon="12.457525"><ele>96.4</ele></rtept><rtept lat="57.50775" lon="12.45756"><ele>96.8</ele></rtept><rtept lat="57.507782" lon="12.457587"><ele>96.8</ele></rtept><rtept lat="57.507807" lon="12.457612"><ele>96.6</ele></rtept><rtept lat="57.507833" lon="12.457638"><ele>96.8</ele></rtept><rtept lat="57.507858" lon="12.457678"><ele>96.6</ele></rtept><rtept lat="57.507883" lon="12.45772"><ele>96.6</ele></rtept><rtept lat="57.50791" lon="12.45776"><ele>96.6</ele></rtept><rtept lat="57.507935" lon="12.457803"><ele>96.6</ele></rtept><rtept lat="57.507948" lon="12.457845"><ele>96.8</ele></rtept><rtept lat="57.507967" lon="12.457893"><ele>97.0</ele></rtept><rtept lat="57.507987" lon="12.457948"><ele>96.6</ele></rtept><rtept lat="57.508005" lon="12.457998"><ele>96.8</ele></rtept><rtept lat="57.508018" lon="12.458047"><ele>96.8</ele></rtept><rtept lat="57.508038" lon="12.458097"><ele>96.6</ele></rtept><rtept lat="57.508043" lon="12.458143"><ele>96.6</ele></rtept><rtept lat="57.50805" lon="12.458193"><ele>96.4</ele></rtept><rtept lat="57.508057" lon="12.458238"><ele>96.2</ele></rtept><rtept lat="57.508063" lon="12.458285"><ele>96.2</ele></rtept><rtept lat="57.50807" lon="12.45833"><ele>96.0</ele></rtept><rtept lat="57.508077" lon="12.458372"><ele>96.2</ele></rtept><rtept lat="57.508088" lon="12.45842"><ele>96.4</ele></rtept><rtept lat="57.508095" lon="12.45847"><ele>96.2</ele></rtept><rtept lat="57.508095" lon="12.458517"><ele>96.2</ele></rtept><rtept lat="57.508115" lon="12.45855"><ele>96.2</ele></rtept><rtept lat="57.508133" lon="12.458603"><ele>96.0</ele></rtept><rtept lat="57.508147" lon="12.45864"><ele>95.6</ele></rtept><rtept lat="57.508165" lon="12.458682"><ele>95.4</ele></rtept><rtept lat="57.508172" lon="12.458732"><ele>95.6</ele></rtept><rtept lat="57.508185" lon="12.458778"><ele>95.4</ele></rtept><rtept lat="57.508192" lon="12.45882"><ele>95.0</ele></rtept><rtept lat="57.508198" lon="12.45886"><ele>95.2</ele></rtept><rtept lat="57.508203" lon="12.458898"><ele>95.2</ele></rtept><rtept lat="57.508217" lon="12.458937"><ele>95.0</ele></rtept><rtept lat="57.508217" lon="12.45898"><ele>95.0</ele></rtept><rtept lat="57.508223" lon="12.459032"><ele>94.6</ele></rtept><rtept lat="57.50823" lon="12.459072"><ele>94.4</ele></rtept><rtept lat="57.508223" lon="12.45911"><ele>94.6</ele></rtept><rtept lat="57.508217" lon="12.459145"><ele>94.2</ele></rtept><rtept lat="57.50821" lon="12.459183"><ele>94.4</ele></rtept><rtept lat="57.508198" lon="12.45922"><ele>94.6</ele></rtept><rtept lat="57.508185" lon="12.459245"><ele>94.4</ele></rtept><rtept lat="57.508172" lon="12.459273"><ele>94.6</ele></rtept><rtept lat="57.508153" lon="12.459308"><ele>94.4</ele></rtept><rtept lat="57.508133" lon="12.459342"><ele>94.0</ele></rtept><rtept lat="57.50812" lon="12.459375"><ele>94.2</ele></rtept><rtept lat="57.508108" lon="12.459407"><ele>94.0</ele></rtept><rtept lat="57.508088" lon="12.459428"><ele>93.4</ele></rtept><rtept lat="57.508063" lon="12.459463"><ele>93.0</ele></rtept><rtept lat="57.508043" lon="12.459493"><ele>92.4</ele></rtept><rtept lat="57.508025" lon="12.459528"><ele>92.2</ele></rtept><rtept lat="57.508005" lon="12.459568"><ele>92.0</ele></rtept><rtept lat="57.507993" lon="12.459612"><ele>91.4</ele></rtept><rtept lat="57.507973" lon="12.459652"><ele>91.2</ele></rtept><rtept lat="57.507967" lon="12.459692"><ele>91.2</ele></rtept><rtept lat="57.507967" lon="12.459725"><ele>90.6</ele></rtept><rtept lat="57.507973" lon="12.459762"><ele>90.6</ele></rtept><rtept lat="57.507973" lon="12.4598"><ele>90.6</ele></rtept><rtept lat="57.507973" lon="12.45985"><ele>90.2</ele></rtept><rtept lat="57.507967" lon="12.45989"><ele>90.2</ele></rtept><rtept lat="57.507967" lon="12.45993"><ele>90.0</ele></rtept><rtept lat="57.50796" lon="12.459968"><ele>89.8</ele></rtept><rtept lat="57.507955" lon="12.460008"><ele>90.0</ele></rtept><rtept lat="57.507955" lon="12.460055"><ele>89.8</ele></rtept><rtept lat="57.507948" lon="12.460095"><ele>89.8</ele></rtept><rtept lat="57.507942" lon="12.460132"><ele>89.8</ele></rtept><rtept lat="57.507928" lon="12.460168"><ele>89.6</ele></rtept><rtept lat="57.507917" lon="12.460197"><ele>89.4</ele></rtept><rtept lat="57.507897" lon="12.460253"><ele>89.2</ele></rtept><rtept lat="57.507878" lon="12.46028"><ele>89.2</ele></rtept><rtept lat="57.507865" lon="12.460313"><ele>89.4</ele></rtept><rtept lat="57.507858" lon="12.460345"><ele>89.4</ele></rtept><rtept lat="57.507852" lon="12.46038"><ele>89.8</ele></rtept><rtept lat="57.50784" lon="12.460427"><ele>89.8</ele></rtept><rtept lat="57.50784" lon="12.460475"><ele>89.8</ele></rtept><rtept lat="57.50784" lon="12.460523"><ele>90.2</ele></rtept><rtept lat="57.50784" lon="12.460563"><ele>90.4</ele></rtept><rtept lat="57.50784" lon="12.4606"><ele>90.2</ele></rtept><rtept lat="57.507852" lon="12.460645"><ele>90.4</ele></rtept><rtept lat="57.507858" lon="12.460688"><ele>90.4</ele></rtept><rtept lat="57.507858" lon="12.46074"><ele>90.2</ele></rtept><rtept lat="57.507872" lon="12.460783"><ele>90.4</ele></rtept><rtept lat="57.507878" lon="12.460827"><ele>90.2</ele></rtept><rtept lat="57.507883" lon="12.460873"><ele>90.2</ele></rtept><rtept lat="57.507897" lon="12.460913"><ele>90.2</ele></rtept><rtept lat="57.50791" lon="12.460958"><ele>90.0</ele></rtept><rtept lat="57.507917" lon="12.461007"><ele>90.2</ele></rtept><rtept lat="57.507928" lon="12.461065"><ele>90.4</ele></rtept><rtept lat="57.507942" lon="12.461127"><ele>90.2</ele></rtept><rtept lat="57.507955" lon="12.46119"><ele>90.4</ele></rtept><rtept lat="57.507967" lon="12.461252"><ele>90.4</ele></rtept><rtept lat="57.507973" lon="12.461317"><ele>90.0</ele></rtept><rtept lat="57.507987" lon="12.461373"><ele>90.2</ele></rtept><rtept lat="57.507993" lon="12.46143"><ele>90.2</ele></rtept><rtept lat="57.507993" lon="12.461483"><ele>90.6</ele></rtept><rtept lat="57.508005" lon="12.461542"><ele>90.6</ele></rtept><rtept lat="57.508012" lon="12.4616"><ele>90.2</ele></rtept><rtept lat="57.508018" lon="12.461642"><ele>90.4</ele></rtept><rtept lat="57.508032" lon="12.461692"><ele>90.4</ele></rtept><rtept lat="57.508043" lon="12.461732"><ele>90.2</ele></rtept><rtept lat="57.508057" lon="12.461775"><ele>90.4</ele></rtept><rtept lat="57.50807" lon="12.461827"><ele>90.2</ele></rtept><rtept lat="57.508082" lon="12.461885"><ele>90.0</ele></rtept><rtept lat="57.508088" lon="12.461957"><ele>90.0</ele></rtept><rtept lat="57.508088" lon="12.46205"><ele>90.0</ele></rtept><rtept lat="57.508088" lon="12.462138"><ele>89.6</ele></rtept><rtept lat="57.508088" lon="12.462228"><ele>89.6</ele></rtept><rtept lat="57.508077" lon="12.462333"><ele>89.4</ele></rtept><rtept lat="57.508063" lon="12.46243"><ele>89.0</ele></rtept><rtept lat="57.50805" lon="12.4625"><ele>89.2</ele></rtept><rtept lat="57.508038" lon="12.46253"><ele>88.6</ele></rtept><rtept lat="57.508038" lon="12.46257"><ele>88.8</ele></rtept><rtept lat="57.508032" lon="12.46262"><ele>88.6</ele></rtept><rtept lat="57.508032" lon="12.462655"><ele>88.8</ele></rtept><rtept lat="57.508025" lon="12.46271"><ele>88.6</ele></rtept><rtept lat="57.508025" lon="12.462745"><ele>88.8</ele></rtept><rtept lat="57.508032" lon="12.46278"><ele>88.8</ele></rtept><rtept lat="57.50805" lon="12.462808"><ele>89.0</ele></rtept><rtept lat="57.508077" lon="12.462842"><ele>89.0</ele></rtept><rtept lat="57.508095" lon="12.462868"><ele>89.4</ele></rtept><rtept lat="57.508108" lon="12.4629"><ele>89.4</ele></rtept><rtept lat="57.50812" lon="12.462937"><ele>89.2</ele></rtept><rtept lat="57.508133" lon="12.462963"><ele>89.6</ele></rtept><rtept lat="57.50816" lon="12.463007"><ele>89.6</ele></rtept><rtept lat="57.508172" lon="12.463037"><ele>89.6</ele></rtept><rtept lat="57.508185" lon="12.463068"><ele>89.2</ele></rtept><rtept lat="57.508198" lon="12.4631"><ele>89.4</ele></rtept><rtept lat="57.50823" lon="12.463133"><ele>89.2</ele></rtept><rtept lat="57.508255" lon="12.46315"><ele>89.2</ele></rtept><rtept lat="57.5083" lon="12.46319"><ele>88.8</ele></rtept><rtept lat="57.50832" lon="12.463217"><ele>88.8</ele></rtept><rtept lat="57.508338" lon="12.463252"><ele>88.4</ele></rtept><rtept lat="57.508352" lon="12.463287"><ele>88.6</ele></rtept><rtept lat="57.508363" lon="12.46332"><ele>88.6</ele></rtept><rtept lat="57.50839" lon="12.463385"><ele>88.2</ele></rtept><rtept lat="57.508397" lon="12.463418"><ele>88.2</ele></rtept><rtept lat="57.508415" lon="12.463455"><ele>87.8</ele></rtept><rtept lat="57.508428" lon="12.46348"><ele>87.8</ele></rtept><rtept lat="57.508435" lon="12.463515"><ele>87.6</ele></rtept><rtept lat="57.508435" lon="12.463555"><ele>87.0</ele></rtept><rtept lat="57.50844" lon="12.463602"><ele>86.8</ele></rtept><rtept lat="57.508447" lon="12.463652"><ele>86.6</ele></rtept><rtept lat="57.508447" lon="12.463707"><ele>86.2</ele></rtept><rtept lat="57.508447" lon="12.46376"><ele>86.0</ele></rtept><rtept lat="57.508453" lon="12.463802"><ele>85.6</ele></rtept><rtept lat="57.508453" lon="12.463845"><ele>85.2</ele></rtept><rtept lat="57.508467" lon="12.46389"><ele>85.2</ele></rtept><rtept lat="57.508473" lon="12.463942"><ele>84.8</ele></rtept><rtept lat="57.508473" lon="12.463995"><ele>84.8</ele></rtept><rtept lat="57.508473" lon="12.46405"><ele>84.8</ele></rtept><rtept lat="57.50848" lon="12.464103"><ele>84.4</ele></rtept><rtept lat="57.508473" lon="12.464158"><ele>84.4</ele></rtept><rtept lat="57.508467" lon="12.464228"><ele>84.4</ele></rtept><rtept lat="57.50846" lon="12.464295"><ele>84.2</ele></rtept><rtept lat="57.508447" lon="12.464357"><ele>84.4</ele></rtept><rtept lat="57.508435" lon="12.464413"><ele>84.2</ele></rtept><rtept lat="57.508415" lon="12.46444"><ele>84.0</ele></rtept><rtept lat="57.508397" lon="12.464448"><ele>84.2</ele></rtept><rtept lat="57.508363" lon="12.464473"><ele>84.0</ele></rtept><rtept lat="57.508345" lon="12.46448"><ele>84.2</ele></rtept><rtept lat="57.508325" lon="12.464493"><ele>83.8</ele></rtept><rtept lat="57.508307" lon="12.464513"><ele>83.8</ele></rtept><rtept lat="57.508275" lon="12.464527"><ele>83.4</ele></rtept><rtept lat="57.508255" lon="12.46454"><ele>83.0</ele></rtept><rtept lat="57.508223" lon="12.464578"><ele>83.0</ele></rtept><rtept lat="57.508185" lon="12.464618"><ele>82.6</ele></rtept><rtept lat="57.508153" lon="12.464632"><ele>82.2</ele></rtept><rtept lat="57.508133" lon="12.46464"><ele>82.2</ele></rtept><rtept lat="57.508095" lon="12.464665"><ele>81.8</ele></rtept><rtept lat="57.508063" lon="12.464687"><ele>81.4</ele></rtept><rtept lat="57.508032" lon="12.464702"><ele>81.4</ele></rtept><rtept lat="57.508" lon="12.46472"><ele>80.8</ele></rtept><rtept lat="57.507973" lon="12.464747"><ele>80.6</ele></rtept><rtept lat="57.507935" lon="12.464772"><ele>80.0</ele></rtept><rtept lat="57.507917" lon="12.464793"><ele>80.0</ele></rtept><rtept lat="57.507897" lon="12.464813"><ele>79.6</ele></rtept><rtept lat="57.507872" lon="12.464835"><ele>79.6</ele></rtept><rtept lat="57.507858" lon="12.46486"><ele>79.6</ele></rtept><rtept lat="57.507827" lon="12.4649"><ele>79.4</ele></rtept><rtept lat="57.5078" lon="12.464925"><ele>79.6</ele></rtept><rtept lat="57.507768" lon="12.464948"><ele>79.8</ele></rtept><rtept lat="57.507743" lon="12.464995"><ele>79.4</ele></rtept><rtept lat="57.507712" lon="12.465055"><ele>79.4</ele></rtept><rtept lat="57.50768" lon="12.465122"><ele>79.2</ele></rtept><rtept lat="57.507647" lon="12.465207"><ele>79.0</ele></rtept><rtept lat="57.507608" lon="12.465272"><ele>79.2</ele></rtept><rtept lat="57.507597" lon="12.465342"><ele>78.8</ele></rtept><rtept lat="57.50759" lon="12.465385"><ele>79.0</ele></rtept><rtept lat="57.507597" lon="12.465437"><ele>78.6</ele></rtept><rtept lat="57.507608" lon="12.465475"><ele>78.8</ele></rtept><rtept lat="57.507622" lon="12.46553"><ele>78.6</ele></rtept><rtept lat="57.507622" lon="12.46557"><ele>78.8</ele></rtept><rtept lat="57.507615" lon="12.465615"><ele>78.4</ele></rtept><rtept lat="57.507602" lon="12.465662"><ele>78.8</ele></rtept><rtept lat="57.507577" lon="12.465732"><ele>78.2</ele></rtept><rtept lat="57.507577" lon="12.465783"><ele>78.4</ele></rtept><rtept lat="57.507583" lon="12.465883"><ele>78.0</ele></rtept><rtept lat="57.50759" lon="12.465952"><ele>78.0</ele></rtept><rtept lat="57.507602" lon="12.466007"><ele>77.8</ele></rtept><rtept lat="57.507608" lon="12.466065"><ele>78.0</ele></rtept><rtept lat="57.507597" lon="12.46616"><ele>78.2</ele></rtept><rtept lat="57.507608" lon="12.466188"><ele>77.8</ele></rtept><rtept lat="57.507597" lon="12.466223"><ele>77.8</ele></rtept><rtept lat="57.50757" lon="12.466295"><ele>78.0</ele></rtept><rtept lat="57.50757" lon="12.466395"><ele>77.8</ele></rtept><rtept lat="57.507577" lon="12.466498"><ele>77.6</ele></rtept><rtept lat="57.507602" lon="12.466532"><ele>77.2</ele></rtept><rtept lat="57.507608" lon="12.466625"><ele>76.6</ele></rtept><rtept lat="57.507602" lon="12.466717"><ele>76.6</ele></rtept><rtept lat="57.507602" lon="12.466797"><ele>76.2</ele></rtept><rtept lat="57.507602" lon="12.46685"><ele>76.0</ele></rtept><rtept lat="57.507615" lon="12.466885"><ele>75.4</ele></rtept><rtept lat="57.507608" lon="12.466925"><ele>75.4</ele></rtept><rtept lat="57.507622" lon="12.466953"><ele>74.6</ele></rtept><rtept lat="57.50764" lon="12.467015"><ele>74.6</ele></rtept><rtept lat="57.507653" lon="12.467055"><ele>74.2</ele></rtept><rtept lat="57.507673" lon="12.467083"><ele>74.4</ele></rtept><rtept lat="57.507685" lon="12.467122"><ele>74.0</ele></rtept><rtept lat="57.507705" lon="12.467155"><ele>74.0</ele></rtept><rtept lat="57.507718" lon="12.46718"><ele>74.0</ele></rtept><rtept lat="57.507737" lon="12.467203"><ele>73.6</ele></rtept><rtept lat="57.50775" lon="12.46724"><ele>73.8</ele></rtept><rtept lat="57.507762" lon="12.46728"><ele>73.6</ele></rtept><rtept lat="57.507775" lon="12.467313"><ele>73.2</ele></rtept><rtept lat="57.507795" lon="12.46734"><ele>73.6</ele></rtept><rtept lat="57.507813" lon="12.467367"><ele>73.4</ele></rtept><rtept lat="57.50784" lon="12.467398"><ele>73.4</ele></rtept><rtept lat="57.507852" lon="12.467432"><ele>73.4</ele></rtept><rtept lat="57.507858" lon="12.467465"><ele>73.2</ele></rtept><rtept lat="57.507878" lon="12.467507"><ele>73.6</ele></rtept><rtept lat="57.50789" lon="12.467545"><ele>73.8</ele></rtept><rtept lat="57.507903" lon="12.467592"><ele>73.4</ele></rtept><rtept lat="57.507917" lon="12.46763"><ele>73.6</ele></rtept><rtept lat="57.507922" lon="12.46767"><ele>73.8</ele></rtept><rtept lat="57.507928" lon="12.46772"><ele>73.4</ele></rtept><rtept lat="57.507928" lon="12.46776"><ele>73.6</ele></rtept><rtept lat="57.507935" lon="12.467793"><ele>73.4</ele></rtept><rtept lat="57.507942" lon="12.467848"><ele>73.0</ele></rtept><rtept lat="57.507967" lon="12.467908"><ele>73.4</ele></rtept><rtept lat="57.507973" lon="12.467958"><ele>73.4</ele></rtept><rtept lat="57.50798" lon="12.468007"><ele>73.0</ele></rtept><rtept lat="57.507993" lon="12.468058"><ele>73.0</ele></rtept><rtept lat="57.508005" lon="12.468112"><ele>73.0</ele></rtept><rtept lat="57.508025" lon="12.468152"><ele>72.6</ele></rtept><rtept lat="57.508038" lon="12.4682"><ele>72.4</ele></rtept><rtept lat="57.50805" lon="12.468265"><ele>72.2</ele></rtept><rtept lat="57.508057" lon="12.468333"><ele>71.6</ele></rtept><rtept lat="57.508088" lon="12.468375"><ele>71.6</ele></rtept><rtept lat="57.508095" lon="12.46842"><ele>71.4</ele></rtept><rtept lat="57.508108" lon="12.46847"><ele>71.0</ele></rtept><rtept lat="57.508102" lon="12.468528"><ele>70.6</ele></rtept><rtept lat="57.508088" lon="12.468573"><ele>70.4</ele></rtept><rtept lat="57.50807" lon="12.468632"><ele>70.0</ele></rtept><rtept lat="57.508012" lon="12.468648"><ele>69.6</ele></rtept><rtept lat="57.507993" lon="12.468607"><ele>69.6</ele></rtept><rtept lat="57.507973" lon="12.468667"><ele>69.2</ele></rtept><rtept lat="57.507973" lon="12.468708"><ele>68.8</ele></rtept><rtept lat="57.507973" lon="12.468758"><ele>68.8</ele></rtept><rtept lat="57.507973" lon="12.468805"><ele>68.6</ele></rtept><rtept lat="57.507973" lon="12.46885"><ele>68.2</ele></rtept><rtept lat="57.507973" lon="12.4689"><ele>68.2</ele></rtept><rtept lat="57.507973" lon="12.46894"><ele>68.0</ele></rtept><rtept lat="57.507973" lon="12.468992"><ele>67.6</ele></rtept><rtept lat="57.507967" lon="12.469025"><ele>67.4</ele></rtept><rtept lat="57.507948" lon="12.469063"><ele>67.4</ele></rtept><rtept lat="57.507942" lon="12.469098"><ele>67.2</ele></rtept><rtept lat="57.507935" lon="12.469143"><ele>67.4</ele></rtept><rtept lat="57.507935" lon="12.469193"><ele>67.4</ele></rtept><rtept lat="57.507948" lon="12.469228"><ele>67.2</ele></rtept><rtept lat="57.507948" lon="12.469262"><ele>67.4</ele></rtept><rtept lat="57.50796" lon="12.4693"><ele>67.6</ele></rtept><rtept lat="57.507967" lon="12.469337"><ele>67.6</ele></rtept><rtept lat="57.507973" lon="12.469372"><ele>67.8</ele></rtept><rtept lat="57.50798" lon="12.469412"><ele>68.2</ele></rtept><rtept lat="57.507987" lon="12.469445"><ele>68.0</ele></rtept><rtept lat="57.507993" lon="12.469478"><ele>68.2</ele></rtept><rtept lat="57.508" lon="12.469518"><ele>68.4</ele></rtept><rtept lat="57.508005" lon="12.469558"><ele>68.4</ele></rtept><rtept lat="57.508018" lon="12.469597"><ele>68.6</ele></rtept><rtept lat="57.508032" lon="12.469637"><ele>68.6</ele></rtept><rtept lat="57.508043" lon="12.469672"><ele>68.6</ele></rtept><rtept lat="57.508057" lon="12.469713"><ele>68.8</ele></rtept><rtept lat="57.508063" lon="12.469758"><ele>68.8</ele></rtept><rtept lat="57.50807" lon="12.469802"><ele>68.8</ele></rtept><rtept lat="57.508082" lon="12.469848"><ele>68.8</ele></rtept><rtept lat="57.508088" lon="12.4699"><ele>68.6</ele></rtept><rtept lat="57.508095" lon="12.469942"><ele>68.6</ele></rtept><rtept lat="57.508102" lon="12.469982"><ele>68.6</ele></rtept><rtept lat="57.508095" lon="12.470022"><ele>68.4</ele></rtept><rtept lat="57.508095" lon="12.47006"><ele>68.4</ele></rtept><rtept lat="57.508088" lon="12.470093"><ele>68.4</ele></rtept><rtept lat="57.508082" lon="12.470148"><ele>68.0</ele></rtept><rtept lat="57.508077" lon="12.470212"><ele>67.8</ele></rtept><rtept lat="57.50807" lon="12.470247"><ele>67.6</ele></rtept><rtept lat="57.508063" lon="12.47029"><ele>67.6</ele></rtept><rtept lat="57.508057" lon="12.47033"><ele>67.4</ele></rtept><rtept lat="57.508057" lon="12.470372"><ele>67.2</ele></rtept><rtept lat="57.508057" lon="12.47044"><ele>66.8</ele></rtept><rtept lat="57.508057" lon="12.47048"><ele>66.8</ele></rtept><rtept lat="57.508063" lon="12.47052"><ele>66.8</ele></rtept><rtept lat="57.50807" lon="12.470563"><ele>66.6</ele></rtept><rtept lat="57.50807" lon="12.470602"><ele>66.8</ele></rtept><rtept lat="57.50807" lon="12.470652"><ele>66.8</ele></rtept><rtept lat="57.50807" lon="12.470707"><ele>66.6</ele></rtept><rtept lat="57.50807" lon="12.470752"><ele>66.6</ele></rtept><rtept lat="57.50807" lon="12.470798"><ele>66.4</ele></rtept><rtept lat="57.50807" lon="12.470853"><ele>66.0</ele></rtept><rtept lat="57.50807" lon="12.470892"><ele>66.0</ele></rtept><rtept lat="57.50807" lon="12.470942"><ele>65.6</ele></rtept><rtept lat="57.508082" lon="12.470998"><ele>65.4</ele></rtept><rtept lat="57.508088" lon="12.471057"><ele>65.6</ele></rtept><rtept lat="57.508095" lon="12.471123"><ele>65.6</ele></rtept><rtept lat="57.508095" lon="12.47117"><ele>65.4</ele></rtept><rtept lat="57.508088" lon="12.471208"><ele>65.4</ele></rtept><rtept lat="57.508088" lon="12.471248"><ele>65.2</ele></rtept><rtept lat="57.508082" lon="12.47129"><ele>65.4</ele></rtept><rtept lat="57.508077" lon="12.471338"><ele>65.4</ele></rtept><rtept lat="57.508057" lon="12.471382"><ele>65.0</ele></rtept><rtept lat="57.508043" lon="12.47142"><ele>65.0</ele></rtept><rtept lat="57.508032" lon="12.471467"><ele>65.0</ele></rtept><rtept lat="57.508005" lon="12.471537"><ele>64.6</ele></rtept><rtept lat="57.507987" lon="12.471592"><ele>64.8</ele></rtept><rtept lat="57.507967" lon="12.471645"><ele>64.4</ele></rtept><rtept lat="57.507955" lon="12.471697"><ele>64.4</ele></rtept><rtept lat="57.507942" lon="12.471738"><ele>64.4</ele></rtept><rtept lat="57.507935" lon="12.471785"><ele>64.0</ele></rtept><rtept lat="57.507935" lon="12.47184"><ele>64.2</ele></rtept><rtept lat="57.507935" lon="12.4719"><ele>64.0</ele></rtept><rtept lat="57.507935" lon="12.471962"><ele>63.6</ele></rtept><rtept lat="57.507935" lon="12.472022"><ele>63.8</ele></rtept><rtept lat="57.507935" lon="12.472078"><ele>63.6</ele></rtept><rtept lat="57.507935" lon="12.472133"><ele>63.8</ele></rtept><rtept lat="57.507935" lon="12.472187"><ele>64.2</ele></rtept><rtept lat="57.507948" lon="12.47224"><ele>64.0</ele></rtept><rtept lat="57.507948" lon="12.47229"><ele>64.2</ele></rtept><rtept lat="57.50796" lon="12.47234"><ele>64.2</ele></rtept><rtept lat="57.507967" lon="12.472385"><ele>63.8</ele></rtept><rtept lat="57.507987" lon="12.472432"><ele>64.2</ele></rtept><rtept lat="57.508" lon="12.472488"><ele>64.0</ele></rtept><rtept lat="57.508018" lon="12.472535"><ele>64.2</ele></rtept><rtept lat="57.508032" lon="12.47258"><ele>64.4</ele></rtept><rtept lat="57.508043" lon="12.47263"><ele>64.0</ele></rtept><rtept lat="57.508057" lon="12.47268"><ele>64.2</ele></rtept><rtept lat="57.508057" lon="12.472722"><ele>64.0</ele></rtept><rtept lat="57.508057" lon="12.472763"><ele>64.0</ele></rtept><rtept lat="57.508063" lon="12.472803"><ele>64.0</ele></rtept><rtept lat="57.50807" lon="12.472852"><ele>63.8</ele></rtept><rtept lat="57.50807" lon="12.472893"><ele>63.8</ele></rtept><rtept lat="57.50807" lon="12.472933"><ele>64.0</ele></rtept><rtept lat="57.50807" lon="12.472978"><ele>63.8</ele></rtept><rtept lat="57.50807" lon="12.473018"><ele>64.0</ele></rtept><rtept lat="57.508057" lon="12.47306"><ele>64.2</ele></rtept><rtept lat="57.50805" lon="12.473102"><ele>64.0</ele></rtept><rtept lat="57.508038" lon="12.47315"><ele>64.2</ele></rtept><rtept lat="57.508032" lon="12.473192"><ele>64.2</ele></rtept><rtept lat="57.508032" lon="12.47323"><ele>64.2</ele></rtept><rtept lat="57.508018" lon="12.473275"><ele>64.4</ele></rtept><rtept lat="57.508005" lon="12.473315"><ele>64.4</ele></rtept><rtept lat="57.507993" lon="12.47336"><ele>64.2</ele></rtept><rtept lat="57.507987" lon="12.4734"><ele>64.4</ele></rtept><rtept lat="57.507973" lon="12.473443"><ele>64.4</ele></rtept><rtept lat="57.507967" lon="12.473483"><ele>64.4</ele></rtept><rtept lat="57.507955" lon="12.47354"><ele>64.6</ele></rtept><rtept lat="57.507942" lon="12.47358"><ele>65.2</ele></rtept><rtept lat="57.507922" lon="12.473623"><ele>65.2</ele></rtept><rtept lat="57.50791" lon="12.473652"><ele>65.0</ele></rtept><rtept lat="57.507897" lon="12.473698"><ele>65.2</ele></rtept><rtept lat="57.507878" lon="12.47376"><ele>65.6</ele></rtept><rtept lat="57.507872" lon="12.473795"><ele>65.8</ele></rtept><rtept lat="57.507858" lon="12.47383"><ele>65.8</ele></rtept><rtept lat="57.50784" lon="12.47387"><ele>66.0</ele></rtept><rtept lat="57.507827" lon="12.473912"><ele>66.0</ele></rtept><rtept lat="57.507813" lon="12.473955"><ele>66.2</ele></rtept><rtept lat="57.507795" lon="12.47402"><ele>66.6</ele></rtept><rtept lat="57.507768" lon="12.47406"><ele>66.6</ele></rtept><rtept lat="57.507757" lon="12.4741"><ele>67.0</ele></rtept><rtept lat="57.507743" lon="12.474138"><ele>67.0</ele></rtept><rtept lat="57.50773" lon="12.474177"><ele>66.8</ele></rtept><rtept lat="57.507718" lon="12.474213"><ele>67.2</ele></rtept><rtept lat="57.507698" lon="12.474252"><ele>67.2</ele></rtept><rtept lat="57.507685" lon="12.474313"><ele>67.4</ele></rtept><rtept lat="57.50768" lon="12.474348"><ele>67.4</ele></rtept><rtept lat="57.507673" lon="12.47438"><ele>67.6</ele></rtept><rtept lat="57.50766" lon="12.474432"><ele>67.8</ele></rtept><rtept lat="57.507647" lon="12.474482"><ele>68.0</ele></rtept><rtept lat="57.507635" lon="12.474535"><ele>68.2</ele></rtept><rtept lat="57.507622" lon="12.474583"><ele>68.0</ele></rtept><rtept lat="57.507608" lon="12.47462"><ele>68.2</ele></rtept><rtept lat="57.507608" lon="12.474668"><ele>68.2</ele></rtept><rtept lat="57.50759" lon="12.47472"><ele>68.6</ele></rtept><rtept lat="57.507577" lon="12.47476"><ele>68.6</ele></rtept><rtept lat="57.507563" lon="12.474803"><ele>69.0</ele></rtept><rtept lat="57.507552" lon="12.474853"><ele>68.8</ele></rtept><rtept lat="57.507532" lon="12.4749"><ele>69.4</ele></rtept><rtept lat="57.507513" lon="12.474952"><ele>69.6</ele></rtept><rtept lat="57.507507" lon="12.474997"><ele>69.6</ele></rtept><rtept lat="57.5075" lon="12.475033"><ele>69.8</ele></rtept><rtept lat="57.507493" lon="12.475068"><ele>70.0</ele></rtept><rtept lat="57.50748" lon="12.4751"><ele>70.4</ele></rtept><rtept lat="57.507462" lon="12.475137"><ele>70.8</ele></rtept><rtept lat="57.507455" lon="12.47518"><ele>71.0</ele></rtept><rtept lat="57.507442" lon="12.475227"><ele>71.4</ele></rtept><rtept lat="57.507437" lon="12.475275"><ele>71.6</ele></rtept><rtept lat="57.50743" lon="12.475323"><ele>71.6</ele></rtept><rtept lat="57.507423" lon="12.475373"><ele>72.0</ele></rtept><rtept lat="57.507417" lon="12.475418"><ele>72.2</ele></rtept><rtept lat="57.507417" lon="12.475465"><ele>72.0</ele></rtept><rtept lat="57.507423" lon="12.47551"><ele>72.4</ele></rtept><rtept lat="57.507423" lon="12.475555"><ele>72.4</ele></rtept><rtept lat="57.50743" lon="12.4756"><ele>72.4</ele></rtept><rtept lat="57.50743" lon="12.47564"><ele>72.4</ele></rtept><rtept lat="57.50743" lon="12.475687"><ele>72.6</ele></rtept><rtept lat="57.507437" lon="12.475737"><ele>72.6</ele></rtept><rtept lat="57.507437" lon="12.475777"><ele>72.8</ele></rtept><rtept lat="57.507437" lon="12.475815"><ele>72.8</ele></rtept><rtept lat="57.507442" lon="12.47586"><ele>73.0</ele></rtept><rtept lat="57.507442" lon="12.475905"><ele>73.4</ele></rtept><rtept lat="57.507442" lon="12.475952"><ele>73.4</ele></rtept><rtept lat="57.507442" lon="12.476003"><ele>73.6</ele></rtept><rtept lat="57.507437" lon="12.476068"><ele>74.0</ele></rtept><rtept lat="57.507437" lon="12.47611"><ele>74.0</ele></rtept><rtept lat="57.507437" lon="12.476148"><ele>74.2</ele></rtept><rtept lat="57.507437" lon="12.476193"><ele>74.6</ele></rtept><rtept lat="57.507442" lon="12.476262"><ele>74.6</ele></rtept><rtept lat="57.507448" lon="12.476353"><ele>75.0</ele></rtept><rtept lat="57.507455" lon="12.476422"><ele>75.4</ele></rtept><rtept lat="57.507455" lon="12.476517"><ele>75.2</ele></rtept><rtept lat="57.507462" lon="12.476587"><ele>75.6</ele></rtept><rtept lat="57.507475" lon="12.476667"><ele>75.6</ele></rtept><rtept lat="57.507475" lon="12.476757"><ele>75.8</ele></rtept><rtept lat="57.507487" lon="12.476842"><ele>76.0</ele></rtept><rtept lat="57.507493" lon="12.476942"><ele>76.2</ele></rtept><rtept lat="57.5075" lon="12.476978"><ele>76.4</ele></rtept><rtept lat="57.507493" lon="12.477017"><ele>76.8</ele></rtept><rtept lat="57.507475" lon="12.47706"><ele>77.2</ele></rtept><rtept lat="57.507455" lon="12.477108"><ele>77.4</ele></rtept><rtept lat="57.507437" lon="12.477162"><ele>77.2</ele></rtept><rtept lat="57.50743" lon="12.477198"><ele>77.6</ele></rtept><rtept lat="57.50743" lon="12.47724"><ele>77.6</ele></rtept><rtept lat="57.507417" lon="12.477295"><ele>77.6</ele></rtept><rtept lat="57.507417" lon="12.47733"><ele>77.8</ele></rtept><rtept lat="57.507417" lon="12.477395"><ele>77.8</ele></rtept><rtept lat="57.507417" lon="12.47744"><ele>78.0</ele></rtept><rtept lat="57.50741" lon="12.477488"><ele>78.0</ele></rtept><rtept lat="57.50741" lon="12.477562"><ele>78.2</ele></rtept><rtept lat="57.507398" lon="12.477618"><ele>78.0</ele></rtept><rtept lat="57.507378" lon="12.477648"><ele>78.2</ele></rtept><rtept lat="57.507358" lon="12.477693"><ele>78.4</ele></rtept><rtept lat="57.507353" lon="12.477747"><ele>78.6</ele></rtept><rtept lat="57.50734" lon="12.477797"><ele>78.6</ele></rtept><rtept lat="57.507333" lon="12.477847"><ele>78.6</ele></rtept><rtept lat="57.507333" lon="12.477912"><ele>78.8</ele></rtept><rtept lat="57.50732" lon="12.477972"><ele>78.8</ele></rtept><rtept lat="57.507315" lon="12.478032"><ele>78.8</ele></rtept><rtept lat="57.507308" lon="12.478083"><ele>79.0</ele></rtept><rtept lat="57.507288" lon="12.478137"><ele>79.0</ele></rtept><rtept lat="57.507282" lon="12.478173"><ele>79.2</ele></rtept><rtept lat="57.507277" lon="12.478228"><ele>79.2</ele></rtept><rtept lat="57.50727" lon="12.47828"><ele>79.6</ele></rtept><rtept lat="57.507263" lon="12.47832"><ele>79.8</ele></rtept><rtept lat="57.507243" lon="12.478325"><ele>79.8</ele></rtept><rtept lat="57.507232" lon="12.478373"><ele>79.8</ele></rtept><rtept lat="57.507232" lon="12.478407"><ele>80.2</ele></rtept><rtept lat="57.507218" lon="12.478448"><ele>80.4</ele></rtept><rtept lat="57.507205" lon="12.478507"><ele>80.6</ele></rtept><rtept lat="57.5072" lon="12.478552"><ele>81.0</ele></rtept><rtept lat="57.507187" lon="12.478598"><ele>80.8</ele></rtept><rtept lat="57.507187" lon="12.478642"><ele>80.6</ele></rtept><rtept lat="57.50718" lon="12.478692"><ele>80.8</ele></rtept><rtept lat="57.507173" lon="12.47876"><ele>80.6</ele></rtept><rtept lat="57.50718" lon="12.47881"><ele>80.6</ele></rtept><rtept lat="57.507187" lon="12.478863"><ele>80.8</ele></rtept><rtept lat="57.507193" lon="12.47891"><ele>80.4</ele></rtept><rtept lat="57.507193" lon="12.478955"><ele>80.6</ele></rtept><rtept lat="57.5072" lon="12.479002"><ele>80.6</ele></rtept><rtept lat="57.5072" lon="12.479053"><ele>80.4</ele></rtept><rtept lat="57.507205" lon="12.479097"><ele>80.8</ele></rtept><rtept lat="57.507218" lon="12.47914"><ele>80.6</ele></rtept><rtept lat="57.507218" lon="12.47918"><ele>80.2</ele></rtept><rtept lat="57.507218" lon="12.479227"><ele>80.4</ele></rtept><rtept lat="57.507218" lon="12.479272"><ele>80.4</ele></rtept><rtept lat="57.507225" lon="12.479315"><ele>80.0</ele></rtept><rtept lat="57.507232" lon="12.47936"><ele>80.0</ele></rtept><rtept lat="57.507238" lon="12.47941"><ele>80.0</ele></rtept><rtept lat="57.507243" lon="12.479457"><ele>79.6</ele></rtept><rtept lat="57.507257" lon="12.479505"><ele>79.6</ele></rtept><rtept lat="57.507257" lon="12.479557"><ele>79.2</ele></rtept><rtept lat="57.507263" lon="12.479603"><ele>79.0</ele></rtept><rtept lat="57.507282" lon="12.479648"><ele>79.0</ele></rtept><rtept lat="57.507302" lon="12.479695"><ele>78.8</ele></rtept><rtept lat="57.507315" lon="12.479738"><ele>78.8</ele></rtept><rtept lat="57.50734" lon="12.479782"><ele>79.0</ele></rtept><rtept lat="57.507353" lon="12.47982"><ele>78.6</ele></rtept><rtept lat="57.507372" lon="12.47986"><ele>78.8</ele></rtept><rtept lat="57.507398" lon="12.479898"><ele>78.6</ele></rtept><rtept lat="57.50741" lon="12.479937"><ele>78.2</ele></rtept><rtept lat="57.50743" lon="12.479972"><ele>78.4</ele></rtept><rtept lat="57.507442" lon="12.480005"><ele>78.2</ele></rtept><rtept lat="57.507462" lon="12.480037"><ele>78.6</ele></rtept><rtept lat="57.50748" lon="12.48006"><ele>78.6</ele></rtept><rtept lat="57.507493" lon="12.480087"><ele>78.6</ele></rtept><rtept lat="57.507513" lon="12.480112"><ele>78.8</ele></rtept><rtept lat="57.507532" lon="12.480137"><ele>78.8</ele></rtept><rtept lat="57.507558" lon="12.480185"><ele>79.6</ele></rtept><rtept lat="57.50757" lon="12.480217"><ele>79.6</ele></rtept><rtept lat="57.50759" lon="12.480243"><ele>80.0</ele></rtept><rtept lat="57.507608" lon="12.48027"><ele>80.0</ele></rtept><rtept lat="57.507622" lon="12.480298"><ele>80.0</ele></rtept><rtept lat="57.50764" lon="12.480323"><ele>80.2</ele></rtept><rtept lat="57.50766" lon="12.480353"><ele>80.2</ele></rtept><rtept lat="57.50768" lon="12.480378"><ele>80.2</ele></rtept><rtept lat="57.507698" lon="12.480402"><ele>80.4</ele></rtept><rtept lat="57.507718" lon="12.48043"><ele>80.2</ele></rtept><rtept lat="57.507737" lon="12.480453"><ele>80.2</ele></rtept><rtept lat="57.507757" lon="12.480472"><ele>80.4</ele></rtept><rtept lat="57.507775" lon="12.480492"><ele>80.4</ele></rtept><rtept lat="57.507795" lon="12.480513"><ele>80.4</ele></rtept><rtept lat="57.507813" lon="12.480532"><ele>80.6</ele></rtept><rtept lat="57.507833" lon="12.480548"><ele>80.6</ele></rtept><rtept lat="57.507852" lon="12.480567"><ele>81.0</ele></rtept><rtept lat="57.507872" lon="12.480583"><ele>81.2</ele></rtept><rtept lat="57.50789" lon="12.480602"><ele>81.0</ele></rtept><rtept lat="57.50791" lon="12.480623"><ele>81.4</ele></rtept><rtept lat="57.507935" lon="12.480647"><ele>81.6</ele></rtept><rtept lat="57.507955" lon="12.480668"><ele>81.6</ele></rtept><rtept lat="57.507973" lon="12.480687"><ele>81.8</ele></rtept><rtept lat="57.507993" lon="12.480705"><ele>81.8</ele></rtept><rtept lat="57.508012" lon="12.480727"><ele>81.8</ele></rtept><rtept lat="57.508038" lon="12.480757"><ele>81.8</ele></rtept><rtept lat="57.508057" lon="12.48078"><ele>81.8</ele></rtept><rtept lat="57.508077" lon="12.480807"><ele>82.0</ele></rtept><rtept lat="57.508095" lon="12.480835"><ele>82.0</ele></rtept><rtept lat="57.508108" lon="12.48086"><ele>82.0</ele></rtept><rtept lat="57.508127" lon="12.480887"><ele>82.2</ele></rtept><rtept lat="57.508147" lon="12.480912"><ele>82.2</ele></rtept><rtept lat="57.50816" lon="12.48094"><ele>82.6</ele></rtept><rtept lat="57.508172" lon="12.480965"><ele>82.8</ele></rtept><rtept lat="57.508192" lon="12.480993"><ele>83.0</ele></rtept><rtept lat="57.508217" lon="12.481043"><ele>83.6</ele></rtept><rtept lat="57.50823" lon="12.48107"><ele>83.4</ele></rtept><rtept lat="57.508255" lon="12.481095"><ele>83.8</ele></rtept><rtept lat="57.508268" lon="12.481122"><ele>84.0</ele></rtept><rtept lat="57.508287" lon="12.481148"><ele>84.0</ele></rtept><rtept lat="57.508307" lon="12.48118"><ele>84.2</ele></rtept><rtept lat="57.508325" lon="12.481213"><ele>84.2</ele></rtept><rtept lat="57.508345" lon="12.48124"><ele>84.2</ele></rtept><rtept lat="57.508363" lon="12.481272"><ele>84.4</ele></rtept><rtept lat="57.508377" lon="12.4813"><ele>84.4</ele></rtept><rtept lat="57.508397" lon="12.481333"><ele>84.4</ele></rtept><rtept lat="57.508415" lon="12.481365"><ele>84.8</ele></rtept><rtept lat="57.50844" lon="12.481398"><ele>84.8</ele></rtept><rtept lat="57.50846" lon="12.481432"><ele>85.0</ele></rtept><rtept lat="57.508485" lon="12.481462"><ele>85.4</ele></rtept><rtept lat="57.508505" lon="12.481497"><ele>85.2</ele></rtept><rtept lat="57.508523" lon="12.481527"><ele>85.6</ele></rtept><rtept lat="57.508543" lon="12.48156"><ele>85.6</ele></rtept><rtept lat="57.508562" lon="12.481592"><ele>85.6</ele></rtept><rtept lat="57.508582" lon="12.48162"><ele>85.8</ele></rtept><rtept lat="57.508595" lon="12.481653"><ele>85.8</ele></rtept><rtept lat="57.508613" lon="12.481683"><ele>85.6</ele></rtept><rtept lat="57.508633" lon="12.481718"><ele>86.0</ele></rtept><rtept lat="57.508652" lon="12.481753"><ele>86.0</ele></rtept><rtept lat="57.508672" lon="12.481782"><ele>86.0</ele></rtept><rtept lat="57.50869" lon="12.481813"><ele>86.2</ele></rtept><rtept lat="57.508717" lon="12.481843"><ele>86.2</ele></rtept><rtept lat="57.508742" lon="12.481878"><ele>86.6</ele></rtept><rtept lat="57.50876" lon="12.481908"><ele>86.8</ele></rtept><rtept lat="57.50878" lon="12.48194"><ele>86.8</ele></rtept><rtept lat="57.508805" lon="12.481973"><ele>87.0</ele></rtept><rtept lat="57.508825" lon="12.482008"><ele>87.2</ele></rtept><rtept lat="57.50885" lon="12.482042"><ele>87.0</ele></rtept><rtept lat="57.50887" lon="12.482078"><ele>87.2</ele></rtept><rtept lat="57.508888" lon="12.482113"><ele>87.2</ele></rtept><rtept lat="57.508908" lon="12.48215"><ele>87.4</ele></rtept><rtept lat="57.508927" lon="12.48218"><ele>87.4</ele></rtept><rtept lat="57.508947" lon="12.48222"><ele>87.4</ele></rtept><rtept lat="57.50896" lon="12.482257"><ele>87.4</ele></rtept><rtept lat="57.508978" lon="12.482292"><ele>87.4</ele></rtept><rtept lat="57.508992" lon="12.482332"><ele>87.2</ele></rtept><rtept lat="57.509023" lon="12.48237"><ele>87.0</ele></rtept><rtept lat="57.509037" lon="12.482415"><ele>87.0</ele></rtept><rtept lat="57.509055" lon="12.48246"><ele>86.8</ele></rtept><rtept lat="57.509068" lon="12.4825"><ele>86.4</ele></rtept><rtept lat="57.509087" lon="12.482542"><ele>86.6</ele></rtept><rtept lat="57.509107" lon="12.482582"><ele>86.4</ele></rtept><rtept lat="57.50912" lon="12.482627"><ele>86.2</ele></rtept><rtept lat="57.509138" lon="12.482672"><ele>86.2</ele></rtept><rtept lat="57.509145" lon="12.482717"><ele>86.0</ele></rtept><rtept lat="57.509163" lon="12.482753"><ele>86.2</ele></rtept><rtept lat="57.509177" lon="12.482798"><ele>86.4</ele></rtept><rtept lat="57.50919" lon="12.48284"><ele>86.0</ele></rtept><rtept lat="57.509197" lon="12.482885"><ele>86.2</ele></rtept><rtept lat="57.509202" lon="12.482932"><ele>86.2</ele></rtept><rtept lat="57.509208" lon="12.482978"><ele>86.2</ele></rtept><rtept lat="57.509215" lon="12.48302"><ele>86.2</ele></rtept><rtept lat="57.509222" lon="12.48307"><ele>86.2</ele></rtept><rtept lat="57.509228" lon="12.483118"><ele>86.0</ele></rtept><rtept lat="57.50924" lon="12.483165"><ele>86.0</ele></rtept><rtept lat="57.509247" lon="12.48322"><ele>86.0</ele></rtept><rtept lat="57.509253" lon="12.483268"><ele>86.0</ele></rtept><rtept lat="57.50926" lon="12.483313"><ele>86.0</ele></rtept><rtept lat="57.50926" lon="12.483367"><ele>85.8</ele></rtept><rtept lat="57.509267" lon="12.483413"><ele>85.6</ele></rtept><rtept lat="57.509267" lon="12.483462"><ele>85.6</ele></rtept><rtept lat="57.509273" lon="12.483513"><ele>85.2</ele></rtept><rtept lat="57.50928" lon="12.483565"><ele>85.0</ele></rtept><rtept lat="57.50928" lon="12.48362"><ele>85.2</ele></rtept><rtept lat="57.509285" lon="12.483675"><ele>85.0</ele></rtept><rtept lat="57.509285" lon="12.483725"><ele>85.2</ele></rtept><rtept lat="57.509285" lon="12.483777"><ele>85.2</ele></rtept><rtept lat="57.509285" lon="12.483828"><ele>85.0</ele></rtept><rtept lat="57.50928" lon="12.483878"><ele>85.2</ele></rtept><rtept lat="57.509273" lon="12.483922"><ele>85.2</ele></rtept><rtept lat="57.509267" lon="12.483967"><ele>84.6</ele></rtept><rtept lat="57.509267" lon="12.484012"><ele>85.0</ele></rtept><rtept lat="57.50926" lon="12.48406"><ele>85.0</ele></rtept><rtept lat="57.509247" lon="12.484107"><ele>85.0</ele></rtept><rtept lat="57.509247" lon="12.484157"><ele>85.0</ele></rtept><rtept lat="57.509247" lon="12.484202"><ele>85.0</ele></rtept><rtept lat="57.50924" lon="12.484245"><ele>85.2</ele></rtept><rtept lat="57.509228" lon="12.484292"><ele>85.4</ele></rtept><rtept lat="57.509228" lon="12.484338"><ele>85.2</ele></rtept><rtept lat="57.509222" lon="12.48438"><ele>85.4</ele></rtept><rtept lat="57.509208" lon="12.484425"><ele>85.4</ele></rtept><rtept lat="57.509202" lon="12.484468"><ele>85.2</ele></rtept><rtept lat="57.50919" lon="12.484513"><ele>85.4</ele></rtept><rtept lat="57.509183" lon="12.484558"><ele>85.4</ele></rtept><rtept lat="57.509183" lon="12.4846"><ele>85.4</ele></rtept><rtept lat="57.509177" lon="12.484648"><ele>85.6</ele></rtept><rtept lat="57.509177" lon="12.484688"><ele>85.6</ele></rtept><rtept lat="57.509177" lon="12.484733"><ele>85.8</ele></rtept><rtept lat="57.50917" lon="12.484777"><ele>86.0</ele></rtept><rtept lat="57.509163" lon="12.484817"><ele>86.0</ele></rtept><rtept lat="57.509152" lon="12.484857"><ele>86.2</ele></rtept><rtept lat="57.509145" lon="12.484898"><ele>86.4</ele></rtept><rtept lat="57.509138" lon="12.484942"><ele>86.2</ele></rtept><rtept lat="57.509138" lon="12.484987"><ele>86.4</ele></rtept><rtept lat="57.509132" lon="12.485032"><ele>86.6</ele></rtept><rtept lat="57.509132" lon="12.485075"><ele>86.8</ele></rtept><rtept lat="57.509138" lon="12.48512"><ele>87.2</ele></rtept><rtept lat="57.509132" lon="12.485163"><ele>87.2</ele></rtept><rtept lat="57.509132" lon="12.48521"><ele>87.4</ele></rtept><rtept lat="57.509125" lon="12.485255"><ele>87.4</ele></rtept><rtept lat="57.509125" lon="12.485302"><ele>87.2</ele></rtept><rtept lat="57.509125" lon="12.48535"><ele>87.4</ele></rtept><rtept lat="57.509125" lon="12.485398"><ele>87.4</ele></rtept><rtept lat="57.509125" lon="12.48544"><ele>87.4</ele></rtept><rtept lat="57.509125" lon="12.485487"><ele>87.6</ele></rtept><rtept lat="57.509125" lon="12.485537"><ele>87.4</ele></rtept><rtept lat="57.509138" lon="12.485587"><ele>87.6</ele></rtept><rtept lat="57.509138" lon="12.485637"><ele>87.6</ele></rtept><rtept lat="57.509145" lon="12.485687"><ele>87.6</ele></rtept><rtept lat="57.509152" lon="12.485735"><ele>87.6</ele></rtept><rtept lat="57.509163" lon="12.48578"><ele>87.8</ele></rtept><rtept lat="57.50917" lon="12.485823"><ele>87.6</ele></rtept><rtept lat="57.509183" lon="12.485863"><ele>87.8</ele></rtept><rtept lat="57.509202" lon="12.48591"><ele>88.0</ele></rtept><rtept lat="57.509215" lon="12.48595"><ele>87.8</ele></rtept><rtept lat="57.509228" lon="12.48599"><ele>88.0</ele></rtept><rtept lat="57.50926" lon="12.48603"><ele>87.8</ele></rtept><rtept lat="57.50928" lon="12.486068"><ele>87.8</ele></rtept><rtept lat="57.509285" lon="12.486108"><ele>88.0</ele></rtept><rtept lat="57.509305" lon="12.486152"><ele>87.8</ele></rtept><rtept lat="57.509318" lon="12.486192"><ele>88.0</ele></rtept><rtept lat="57.509337" lon="12.486232"><ele>88.2</ele></rtept><rtept lat="57.509357" lon="12.486277"><ele>88.0</ele></rtept><rtept lat="57.509375" lon="12.48632"><ele>88.2</ele></rtept><rtept lat="57.5094" lon="12.486362"><ele>88.4</ele></rtept><rtept lat="57.509413" lon="12.486402"><ele>88.2</ele></rtept><rtept lat="57.509427" lon="12.486445"><ele>88.4</ele></rtept><rtept lat="57.509445" lon="12.486483"><ele>88.2</ele></rtept><rtept lat="57.509465" lon="12.486523"><ele>88.4</ele></rtept><rtept lat="57.509478" lon="12.48657"><ele>88.6</ele></rtept><rtept lat="57.509497" lon="12.486613"><ele>88.4</ele></rtept><rtept lat="57.50951" lon="12.48666"><ele>88.6</ele></rtept><rtept lat="57.509522" lon="12.486703"><ele>88.6</ele></rtept><rtept lat="57.509542" lon="12.486742"><ele>88.4</ele></rtept><rtept lat="57.509555" lon="12.486782"><ele>88.4</ele></rtept><rtept lat="57.509567" lon="12.486823"><ele>88.4</ele></rtept><rtept lat="57.50958" lon="12.486862"><ele>88.2</ele></rtept><rtept lat="57.5096" lon="12.486903"><ele>88.2</ele></rtept><rtept lat="57.509618" lon="12.486952"><ele>88.2</ele></rtept><rtept lat="57.509625" lon="12.486992"><ele>88.4</ele></rtept><rtept lat="57.509643" lon="12.487033"><ele>88.6</ele></rtept><rtept lat="57.509657" lon="12.487075"><ele>88.2</ele></rtept><rtept lat="57.509677" lon="12.487112"><ele>88.4</ele></rtept><rtept lat="57.509695" lon="12.487147"><ele>88.2</ele></rtept><rtept lat="57.509708" lon="12.487182"><ele>88.0</ele></rtept><rtept lat="57.50972" lon="12.487217"><ele>88.0</ele></rtept><rtept lat="57.509733" lon="12.487255"><ele>88.0</ele></rtept><rtept lat="57.509747" lon="12.487288"><ele>88.2</ele></rtept><rtept lat="57.50976" lon="12.487323"><ele>88.2</ele></rtept><rtept lat="57.509772" lon="12.487355"><ele>88.0</ele></rtept><rtept lat="57.509785" lon="12.487388"><ele>88.4</ele></rtept><rtept lat="57.509798" lon="12.487425"><ele>88.2</ele></rtept><rtept lat="57.50981" lon="12.487463"><ele>88.0</ele></rtept><rtept lat="57.509823" lon="12.487502"><ele>88.2</ele></rtept><rtept lat="57.509837" lon="12.487537"><ele>88.2</ele></rtept><rtept lat="57.509855" lon="12.487572"><ele>88.2</ele></rtept><rtept lat="57.509868" lon="12.487607"><ele>88.2</ele></rtept><rtept lat="57.50988" lon="12.487647"><ele>88.0</ele></rtept><rtept lat="57.509893" lon="12.487687"><ele>88.2</ele></rtept><rtept lat="57.509907" lon="12.48773"><ele>88.2</ele></rtept><rtept lat="57.50992" lon="12.487765"><ele>88.0</ele></rtept><rtept lat="57.509932" lon="12.487805"><ele>88.0</ele></rtept><rtept lat="57.509938" lon="12.487847"><ele>88.0</ele></rtept><rtept lat="57.509945" lon="12.48789"><ele>88.0</ele></rtept><rtept lat="57.509958" lon="12.48793"><ele>88.0</ele></rtept><rtept lat="57.50997" lon="12.48797"><ele>87.8</ele></rtept><rtept lat="57.509977" lon="12.48801"><ele>88.2</ele></rtept><rtept lat="57.509983" lon="12.48805"><ele>88.2</ele></rtept><rtept lat="57.50999" lon="12.488093"><ele>88.2</ele></rtept><rtept lat="57.509997" lon="12.488135"><ele>88.4</ele></rtept><rtept lat="57.510002" lon="12.488182"><ele>88.4</ele></rtept><rtept lat="57.510002" lon="12.488227"><ele>88.4</ele></rtept><rtept lat="57.510002" lon="12.488277"><ele>88.6</ele></rtept><rtept lat="57.510015" lon="12.48832"><ele>88.4</ele></rtept><rtept lat="57.510022" lon="12.488362"><ele>88.6</ele></rtept><rtept lat="57.510022" lon="12.488412"><ele>88.8</ele></rtept><rtept lat="57.510035" lon="12.488458"><ele>88.8</ele></rtept><rtept lat="57.510053" lon="12.488507"><ele>89.2</ele></rtept><rtept lat="57.510053" lon="12.488557"><ele>89.2</ele></rtept><rtept lat="57.510067" lon="12.488603"><ele>89.0</ele></rtept><rtept lat="57.51008" lon="12.488652"><ele>89.2</ele></rtept><rtept lat="57.510092" lon="12.488703"><ele>89.0</ele></rtept><rtept lat="57.510098" lon="12.48875"><ele>89.0</ele></rtept><rtept lat="57.510112" lon="12.488795"><ele>89.2</ele></rtept><rtept lat="57.510123" lon="12.488842"><ele>89.0</ele></rtept><rtept lat="57.510137" lon="12.488887"><ele>89.2</ele></rtept><rtept lat="57.510143" lon="12.488933"><ele>89.2</ele></rtept><rtept lat="57.510157" lon="12.488978"><ele>89.0</ele></rtept><rtept lat="57.510162" lon="12.489022"><ele>89.2</ele></rtept><rtept lat="57.510175" lon="12.489073"><ele>89.0</ele></rtept><rtept lat="57.510188" lon="12.489118"><ele>89.0</ele></rtept><rtept lat="57.510195" lon="12.489162"><ele>89.0</ele></rtept><rtept lat="57.510213" lon="12.489207"><ele>88.8</ele></rtept><rtept lat="57.51022" lon="12.489252"><ele>89.0</ele></rtept><rtept lat="57.510233" lon="12.489297"><ele>89.2</ele></rtept><rtept lat="57.51024" lon="12.48934"><ele>88.8</ele></rtept><rtept lat="57.510252" lon="12.489385"><ele>89.0</ele></rtept><rtept lat="57.510265" lon="12.489437"><ele>89.2</ele></rtept><rtept lat="57.510278" lon="12.489482"><ele>89.0</ele></rtept><rtept lat="57.51029" lon="12.489528"><ele>89.0</ele></rtept><rtept lat="57.510297" lon="12.489575"><ele>89.0</ele></rtept><rtept lat="57.51031" lon="12.489622"><ele>88.8</ele></rtept><rtept lat="57.510317" lon="12.489667"><ele>89.0</ele></rtept><rtept lat="57.510328" lon="12.489713"><ele>89.0</ele></rtept><rtept lat="57.510335" lon="12.48976"><ele>88.6</ele></rtept><rtept lat="57.510348" lon="12.489805"><ele>88.8</ele></rtept><rtept lat="57.51036" lon="12.489852"><ele>88.6</ele></rtept><rtept lat="57.510367" lon="12.489898"><ele>88.6</ele></rtept><rtept lat="57.51038" lon="12.48994"><ele>88.6</ele></rtept><rtept lat="57.510393" lon="12.489983"><ele>88.4</ele></rtept><rtept lat="57.510405" lon="12.49003"><ele>88.4</ele></rtept><rtept lat="57.510418" lon="12.49008"><ele>88.6</ele></rtept><rtept lat="57.510432" lon="12.490123"><ele>88.2</ele></rtept><rtept lat="57.51045" lon="12.490165"><ele>88.4</ele></rtept><rtept lat="57.510457" lon="12.490208"><ele>88.4</ele></rtept><rtept lat="57.510463" lon="12.49025"><ele>88.0</ele></rtept><rtept lat="57.510477" lon="12.49029"><ele>88.4</ele></rtept><rtept lat="57.510488" lon="12.490337"><ele>88.2</ele></rtept><rtept lat="57.510495" lon="12.49038"><ele>88.0</ele></rtept><rtept lat="57.510508" lon="12.490422"><ele>88.0</ele></rtept><rtept lat="57.510515" lon="12.490462"><ele>87.8</ele></rtept><rtept lat="57.51052" lon="12.490502"><ele>87.8</ele></rtept><rtept lat="57.510533" lon="12.490538"><ele>87.8</ele></rtept><rtept lat="57.51054" lon="12.490577"><ele>87.4</ele></rtept><rtept lat="57.510553" lon="12.490615"><ele>87.6</ele></rtept><rtept lat="57.510565" lon="12.490657"><ele>87.8</ele></rtept><rtept lat="57.510578" lon="12.490692"><ele>87.6</ele></rtept><rtept lat="57.510592" lon="12.490735"><ele>87.6</ele></rtept><rtept lat="57.510603" lon="12.490777"><ele>87.6</ele></rtept><rtept lat="57.51063" lon="12.490813"><ele>87.4</ele></rtept><rtept lat="57.510642" lon="12.490843"><ele>87.6</ele></rtept><rtept lat="57.510655" lon="12.490873"><ele>87.4</ele></rtept><rtept lat="57.510675" lon="12.490903"><ele>87.4</ele></rtept><rtept lat="57.510687" lon="12.490933"><ele>87.4</ele></rtept><rtept lat="57.510707" lon="12.490962"><ele>87.4</ele></rtept><rtept lat="57.510725" lon="12.490995"><ele>87.4</ele></rtept><rtept lat="57.510738" lon="12.491022"><ele>87.6</ele></rtept><rtept lat="57.510752" lon="12.491052"><ele>87.2</ele></rtept><rtept lat="57.51077" lon="12.491073"><ele>87.6</ele></rtept><rtept lat="57.510797" lon="12.491098"><ele>87.6</ele></rtept><rtept lat="57.510822" lon="12.49112"><ele>87.6</ele></rtept><rtept lat="57.510853" lon="12.491138"><ele>87.6</ele></rtept><rtept lat="57.51088" lon="12.491153"><ele>87.4</ele></rtept><rtept lat="57.510905" lon="12.491162"><ele>87.6</ele></rtept><rtept lat="57.510923" lon="12.491162"><ele>87.8</ele></rtept><rtept lat="57.51095" lon="12.491162"><ele>87.6</ele></rtept><rtept lat="57.510988" lon="12.49118"><ele>87.6</ele></rtept><rtept lat="57.51102" lon="12.491187"><ele>87.8</ele></rtept><rtept lat="57.511052" lon="12.4912"><ele>88.2</ele></rtept><rtept lat="57.511083" lon="12.491212"><ele>88.0</ele></rtept><rtept lat="57.51111" lon="12.49123"><ele>88.4</ele></rtept><rtept lat="57.511135" lon="12.491245"><ele>88.4</ele></rtept><rtept lat="57.511167" lon="12.491265"><ele>88.4</ele></rtept><rtept lat="57.511193" lon="12.491278"><ele>88.6</ele></rtept><rtept lat="57.511225" lon="12.49129"><ele>88.4</ele></rtept><rtept lat="57.511257" lon="12.491302"><ele>88.4</ele></rtept><rtept lat="57.511288" lon="12.49132"><ele>88.4</ele></rtept><rtept lat="57.511315" lon="12.49134"><ele>88.2</ele></rtept><rtept lat="57.511353" lon="12.491352"><ele>88.2</ele></rtept><rtept lat="57.511372" lon="12.49137"><ele>88.2</ele></rtept><rtept lat="57.511403" lon="12.491392"><ele>88.0</ele></rtept><rtept lat="57.51143" lon="12.491412"><ele>88.2</ele></rtept><rtept lat="57.511462" lon="12.49144"><ele>88.2</ele></rtept><rtept lat="57.511487" lon="12.49147"><ele>87.8</ele></rtept><rtept lat="57.511507" lon="12.491503"><ele>88.2</ele></rtept><rtept lat="57.511525" lon="12.49154"><ele>88.0</ele></rtept><rtept lat="57.511545" lon="12.49158"><ele>87.8</ele></rtept><rtept lat="57.511563" lon="12.49162"><ele>87.8</ele></rtept><rtept lat="57.51159" lon="12.491662"><ele>88.0</ele></rtept><rtept lat="57.511608" lon="12.491702"><ele>87.8</ele></rtept><rtept lat="57.511628" lon="12.491743"><ele>88.0</ele></rtept><rtept lat="57.511647" lon="12.491787"><ele>88.0</ele></rtept><rtept lat="57.51166" lon="12.491827"><ele>88.0</ele></rtept><rtept lat="57.511673" lon="12.491863"><ele>88.2</ele></rtept><rtept lat="57.511692" lon="12.491902"><ele>87.8</ele></rtept><rtept lat="57.511712" lon="12.491942"><ele>88.0</ele></rtept><rtept lat="57.511737" lon="12.49198"><ele>88.0</ele></rtept><rtept lat="57.511762" lon="12.492018"><ele>87.8</ele></rtept><rtept lat="57.511782" lon="12.492058"><ele>88.0</ele></rtept><rtept lat="57.511807" lon="12.4921"><ele>87.8</ele></rtept><rtept lat="57.511827" lon="12.492137"><ele>88.2</ele></rtept><rtept lat="57.511845" lon="12.492177"><ele>88.4</ele></rtept><rtept lat="57.511858" lon="12.49222"><ele>88.4</ele></rtept><rtept lat="57.511878" lon="12.49226"><ele>88.6</ele></rtept><rtept lat="57.511903" lon="12.4923"><ele>88.6</ele></rtept><rtept lat="57.511917" lon="12.492342"><ele>88.8</ele></rtept><rtept lat="57.511935" lon="12.49238"><ele>89.0</ele></rtept><rtept lat="57.51196" lon="12.492415"><ele>89.0</ele></rtept><rtept lat="57.51198" lon="12.492453"><ele>89.2</ele></rtept><rtept lat="57.512" lon="12.492493"><ele>89.4</ele></rtept><rtept lat="57.512018" lon="12.492532"><ele>89.2</ele></rtept><rtept lat="57.512043" lon="12.492567"><ele>89.6</ele></rtept><rtept lat="57.512063" lon="12.492605"><ele>89.8</ele></rtept><rtept lat="57.512082" lon="12.492638"><ele>89.6</ele></rtept><rtept lat="57.512095" lon="12.492675"><ele>89.8</ele></rtept><rtept lat="57.51212" lon="12.492705"><ele>89.8</ele></rtept><rtept lat="57.51214" lon="12.492742"><ele>89.4</ele></rtept><rtept lat="57.51216" lon="12.492782"><ele>89.6</ele></rtept><rtept lat="57.512178" lon="12.49282"><ele>89.4</ele></rtept><rtept lat="57.512192" lon="12.492863"><ele>89.2</ele></rtept><rtept lat="57.512217" lon="12.492903"><ele>89.2</ele></rtept><rtept lat="57.512237" lon="12.492937"><ele>89.0</ele></rtept><rtept lat="57.512255" lon="12.49297"><ele>89.4</ele></rtept><rtept lat="57.512275" lon="12.493008"><ele>89.4</ele></rtept><rtept lat="57.5123" lon="12.493042"><ele>89.2</ele></rtept><rtept lat="57.512313" lon="12.493082"><ele>89.4</ele></rtept><rtept lat="57.512325" lon="12.493123"><ele>89.4</ele></rtept><rtept lat="57.512345" lon="12.493167"><ele>89.0</ele></rtept><rtept lat="57.512358" lon="12.493203"><ele>89.4</ele></rtept><rtept lat="57.512377" lon="12.493242"><ele>89.2</ele></rtept><rtept lat="57.512397" lon="12.493282"><ele>89.4</ele></rtept><rtept lat="57.512415" lon="12.49332"><ele>89.6</ele></rtept><rtept lat="57.512447" lon="12.493362"><ele>89.2</ele></rtept><rtept lat="57.512467" lon="12.493412"><ele>89.6</ele></rtept><rtept lat="57.512485" lon="12.493455"><ele>89.6</ele></rtept><rtept lat="57.512498" lon="12.49349"><ele>89.2</ele></rtept><rtept lat="57.512512" lon="12.493523"><ele>89.6</ele></rtept><rtept lat="57.512518" lon="12.49356"><ele>89.4</ele></rtept><rtept lat="57.512523" lon="12.493608"><ele>89.2</ele></rtept><rtept lat="57.51253" lon="12.49366"><ele>89.4</ele></rtept><rtept lat="57.51253" lon="12.49371"><ele>89.2</ele></rtept><rtept lat="57.51253" lon="12.493755"><ele>89.6</ele></rtept><rtept lat="57.512523" lon="12.4938"><ele>89.6</ele></rtept><rtept lat="57.512512" lon="12.49384"><ele>89.4</ele></rtept><rtept lat="57.512498" lon="12.49388"><ele>89.6</ele></rtept><rtept lat="57.51248" lon="12.493922"><ele>89.6</ele></rtept><rtept lat="57.512467" lon="12.493967"><ele>89.2</ele></rtept><rtept lat="57.512467" lon="12.494013"><ele>89.4</ele></rtept><rtept lat="57.512467" lon="12.494072"><ele>89.4</ele></rtept><rtept lat="57.512467" lon="12.494125"><ele>88.8</ele></rtept><rtept lat="57.51246" lon="12.49418"><ele>88.8</ele></rtept><rtept lat="57.512467" lon="12.494238"><ele>88.6</ele></rtept><rtept lat="57.512473" lon="12.494293"><ele>88.0</ele></rtept><rtept lat="57.51248" lon="12.494343"><ele>88.0</ele></rtept><rtept lat="57.51248" lon="12.49439"><ele>87.8</ele></rtept><rtept lat="57.512485" lon="12.49443"><ele>87.4</ele></rtept><rtept lat="57.512485" lon="12.494473"><ele>87.4</ele></rtept><rtept lat="57.512485" lon="12.494522"><ele>87.2</ele></rtept><rtept lat="57.512492" lon="12.494573"><ele>87.0</ele></rtept><rtept lat="57.512492" lon="12.494623"><ele>87.2</ele></rtept><rtept lat="57.512485" lon="12.494673"><ele>87.0</ele></rtept><rtept lat="57.51248" lon="12.494728"><ele>87.2</ele></rtept><rtept lat="57.512467" lon="12.494785"><ele>87.2</ele></rtept><rtept lat="57.51246" lon="12.494832"><ele>87.0</ele></rtept><rtept lat="57.512447" lon="12.494875"><ele>87.2</ele></rtept><rtept lat="57.512435" lon="12.494918"><ele>87.0</ele></rtept><rtept lat="57.512422" lon="12.494957"><ele>86.8</ele></rtept><rtept lat="57.512415" lon="12.495013"><ele>87.2</ele></rtept><rtept lat="57.512402" lon="12.495063"><ele>87.2</ele></rtept><rtept lat="57.512383" lon="12.49512"><ele>87.2</ele></rtept><rtept lat="57.512363" lon="12.495183"><ele>87.2</ele></rtept><rtept lat="57.512345" lon="12.495215"><ele>87.4</ele></rtept><rtept lat="57.512325" lon="12.495252"><ele>87.0</ele></rtept><rtept lat="57.512307" lon="12.495288"><ele>87.4</ele></rtept><rtept lat="57.5123" lon="12.495333"><ele>87.4</ele></rtept><rtept lat="57.512287" lon="12.495373"><ele>87.4</ele></rtept><rtept lat="57.51228" lon="12.495408"><ele>87.6</ele></rtept><rtept lat="57.512268" lon="12.495445"><ele>87.6</ele></rtept><rtept lat="57.512262" lon="12.495485"><ele>88.0</ele></rtept><rtept lat="57.512255" lon="12.495527"><ele>88.2</ele></rtept><rtept lat="57.512255" lon="12.495567"><ele>88.4</ele></rtept><rtept lat="57.512242" lon="12.49561"><ele>88.8</ele></rtept><rtept lat="57.512237" lon="12.495652"><ele>89.2</ele></rtept><rtept lat="57.51223" lon="12.495697"><ele>89.2</ele></rtept><rtept lat="57.51223" lon="12.49574"><ele>89.6</ele></rtept><rtept lat="57.51223" lon="12.495782"><ele>90.0</ele></rtept><rtept lat="57.51223" lon="12.495828"><ele>90.0</ele></rtept><rtept lat="57.512237" lon="12.49588"><ele>90.4</ele></rtept><rtept lat="57.512242" lon="12.495932"><ele>90.6</ele></rtept><rtept lat="57.512242" lon="12.495978"><ele>90.4</ele></rtept><rtept lat="57.512242" lon="12.496023"><ele>90.8</ele></rtept><rtept lat="57.512242" lon="12.496072"><ele>91.0</ele></rtept><rtept lat="57.512242" lon="12.496118"><ele>91.2</ele></rtept><rtept lat="57.512242" lon="12.49616"><ele>91.4</ele></rtept><rtept lat="57.512242" lon="12.496205"><ele>91.4</ele></rtept><rtept lat="57.512248" lon="12.496252"><ele>92.0</ele></rtept><rtept lat="57.512248" lon="12.4963"><ele>92.2</ele></rtept><rtept lat="57.512242" lon="12.49634"><ele>92.0</ele></rtept><rtept lat="57.512242" lon="12.49638"><ele>92.6</ele></rtept><rtept lat="57.512242" lon="12.49642"><ele>92.6</ele></rtept><rtept lat="57.512242" lon="12.496465"><ele>92.8</ele></rtept><rtept lat="57.512242" lon="12.496508"><ele>93.2</ele></rtept><rtept lat="57.512242" lon="12.496555"><ele>93.2</ele></rtept><rtept lat="57.512237" lon="12.496598"><ele>93.6</ele></rtept><rtept lat="57.51223" lon="12.496643"><ele>94.0</ele></rtept><rtept lat="57.512223" lon="12.496697"><ele>94.2</ele></rtept><rtept lat="57.512223" lon="12.496747"><ele>94.8</ele></rtept><rtept lat="57.512217" lon="12.4968"><ele>94.8</ele></rtept><rtept lat="57.512217" lon="12.496853"><ele>95.0</ele></rtept><rtept lat="57.51221" lon="12.496905"><ele>95.4</ele></rtept><rtept lat="57.512203" lon="12.496952"><ele>95.4</ele></rtept><rtept lat="57.512203" lon="12.497"><ele>95.2</ele></rtept><rtept lat="57.512203" lon="12.49705"><ele>95.4</ele></rtept><rtept lat="57.512203" lon="12.497105"><ele>95.4</ele></rtept><rtept lat="57.512198" lon="12.497158"><ele>95.4</ele></rtept><rtept lat="57.512198" lon="12.497213"><ele>95.8</ele></rtept><rtept lat="57.512192" lon="12.497265"><ele>95.8</ele></rtept><rtept lat="57.512192" lon="12.497318"><ele>96.0</ele></rtept><rtept lat="57.512192" lon="12.497375"><ele>96.0</ele></rtept><rtept lat="57.512185" lon="12.497423"><ele>96.0</ele></rtept><rtept lat="57.512185" lon="12.497473"><ele>96.2</ele></rtept><rtept lat="57.512192" lon="12.497525"><ele>96.4</ele></rtept><rtept lat="57.512198" lon="12.497575"><ele>96.4</ele></rtept><rtept lat="57.512198" lon="12.497622"><ele>96.6</ele></rtept><rtept lat="57.512203" lon="12.497672"><ele>96.6</ele></rtept><rtept lat="57.51221" lon="12.49772"><ele>96.6</ele></rtept><rtept lat="57.512217" lon="12.49777"><ele>96.8</ele></rtept><rtept lat="57.512223" lon="12.497823"><ele>96.8</ele></rtept><rtept lat="57.51223" lon="12.497877"><ele>96.4</ele></rtept><rtept lat="57.512242" lon="12.497923"><ele>96.6</ele></rtept><rtept lat="57.512248" lon="12.497975"><ele>96.6</ele></rtept><rtept lat="57.512262" lon="12.498028"><ele>96.2</ele></rtept><rtept lat="57.512268" lon="12.49808"><ele>96.2</ele></rtept><rtept lat="57.51228" lon="12.498128"><ele>96.2</ele></rtept><rtept lat="57.51228" lon="12.49818"><ele>95.8</ele></rtept><rtept lat="57.51228" lon="12.498222"><ele>95.8</ele></rtept><rtept lat="57.512287" lon="12.49827"><ele>95.6</ele></rtept><rtept lat="57.512287" lon="12.498315"><ele>95.4</ele></rtept><rtept lat="57.5123" lon="12.49836"><ele>95.4</ele></rtept><rtept lat="57.5123" lon="12.49841"><ele>95.2</ele></rtept><rtept lat="57.512307" lon="12.49846"><ele>95.0</ele></rtept><rtept lat="57.512307" lon="12.49851"><ele>95.2</ele></rtept><rtept lat="57.512307" lon="12.498563"><ele>95.0</ele></rtept><rtept lat="57.512313" lon="12.498615"><ele>94.8</ele></rtept><rtept lat="57.51232" lon="12.498663"><ele>95.0</ele></rtept><rtept lat="57.512313" lon="12.49871"><ele>94.8</ele></rtept><rtept lat="57.512307" lon="12.49876"><ele>94.6</ele></rtept><rtept lat="57.512307" lon="12.498803"><ele>94.8</ele></rtept><rtept lat="57.5123" lon="12.498848"><ele>94.4</ele></rtept><rtept lat="57.512287" lon="12.498887"><ele>94.4</ele></rtept><rtept lat="57.512262" lon="12.498953"><ele>94.4</ele></rtept><rtept lat="57.512248" lon="12.498982"><ele>94.4</ele></rtept><rtept lat="57.512237" lon="12.499007"><ele>94.6</ele></rtept><rtept lat="57.512217" lon="12.499067"><ele>94.6</ele></rtept><rtept lat="57.512203" lon="12.499098"><ele>94.6</ele></rtept><rtept lat="57.512192" lon="12.499127"><ele>94.4</ele></rtept><rtept lat="57.512178" lon="12.499157"><ele>94.8</ele></rtept><rtept lat="57.512165" lon="12.499185"><ele>94.6</ele></rtept><rtept lat="57.512153" lon="12.49921"><ele>94.6</ele></rtept><rtept lat="57.51214" lon="12.49924"><ele>94.8</ele></rtept><rtept lat="57.512127" lon="12.49927"><ele>94.6</ele></rtept><rtept lat="57.512115" lon="12.499318"><ele>95.4</ele></rtept><rtept lat="57.512102" lon="12.49935"><ele>95.2</ele></rtept><rtept lat="57.512082" lon="12.499388"><ele>95.6</ele></rtept><rtept lat="57.51207" lon="12.499435"><ele>95.8</ele></rtept><rtept lat="57.512057" lon="12.499478"><ele>95.8</ele></rtept><rtept lat="57.512043" lon="12.499528"><ele>96.2</ele></rtept><rtept lat="57.512038" lon="12.49958"><ele>96.4</ele></rtept><rtept lat="57.512032" lon="12.499633"><ele>96.2</ele></rtept><rtept lat="57.512025" lon="12.499687"><ele>96.4</ele></rtept><rtept lat="57.512025" lon="12.499737"><ele>96.4</ele></rtept><rtept lat="57.512025" lon="12.49978"><ele>96.4</ele></rtept><rtept lat="57.512025" lon="12.499827"><ele>96.6</ele></rtept><rtept lat="57.512025" lon="12.499875"><ele>96.6</ele></rtept><rtept lat="57.512025" lon="12.49992"><ele>96.8</ele></rtept><rtept lat="57.512032" lon="12.49996"><ele>97.0</ele></rtept><rtept lat="57.512032" lon="12.500003"><ele>96.8</ele></rtept><rtept lat="57.512025" lon="12.500048"><ele>97.0</ele></rtept><rtept lat="57.512012" lon="12.500095"><ele>97.0</ele></rtept><rtept lat="57.512005" lon="12.500142"><ele>96.8</ele></rtept><rtept lat="57.512" lon="12.500183"><ele>97.2</ele></rtept><rtept lat="57.512" lon="12.500227"><ele>97.0</ele></rtept><rtept lat="57.511987" lon="12.500273"><ele>97.0</ele></rtept><rtept lat="57.511967" lon="12.500338"><ele>97.2</ele></rtept><rtept lat="57.51196" lon="12.500373"><ele>97.0</ele></rtept><rtept lat="57.511942" lon="12.500402"><ele>97.0</ele></rtept><rtept lat="57.511928" lon="12.50043"><ele>97.2</ele></rtept><rtept lat="57.511917" lon="12.50046"><ele>97.0</ele></rtept><rtept lat="57.511897" lon="12.500485"><ele>97.2</ele></rtept><rtept lat="57.511865" lon="12.500532"><ele>97.4</ele></rtept><rtept lat="57.511845" lon="12.500557"><ele>97.6</ele></rtept><rtept lat="57.511833" lon="12.50059"><ele>97.8</ele></rtept><rtept lat="57.511807" lon="12.50062"><ele>97.8</ele></rtept><rtept lat="57.511788" lon="12.50065"><ele>98.2</ele></rtept><rtept lat="57.511768" lon="12.500678"><ele>98.4</ele></rtept><rtept lat="57.511743" lon="12.500708"><ele>98.4</ele></rtept><rtept lat="57.511718" lon="12.500753"><ele>99.0</ele></rtept><rtept lat="57.511678" lon="12.50082"><ele>99.2</ele></rtept><rtept lat="57.511635" lon="12.500872"><ele>99.4</ele></rtept><rtept lat="57.51159" lon="12.500938"><ele>99.8</ele></rtept><rtept lat="57.511538" lon="12.501027"><ele>100.0</ele></rtept><rtept lat="57.511513" lon="12.501072"><ele>100.0</ele></rtept><rtept lat="57.51148" lon="12.501115"><ele>100.6</ele></rtept><rtept lat="57.511448" lon="12.501185"><ele>100.6</ele></rtept><rtept lat="57.511423" lon="12.501245"><ele>100.6</ele></rtept><rtept lat="57.51141" lon="12.501283"><ele>101.2</ele></rtept><rtept lat="57.511398" lon="12.50133"><ele>101.6</ele></rtept><rtept lat="57.511385" lon="12.501355"><ele>102.0</ele></rtept><rtept lat="57.511365" lon="12.50141"><ele>102.6</ele></rtept><rtept lat="57.511353" lon="12.50144"><ele>103.2</ele></rtept><rtept lat="57.511347" lon="12.501483"><ele>103.8</ele></rtept><rtept lat="57.511333" lon="12.50151"><ele>104.2</ele></rtept><rtept lat="57.511327" lon="12.501542"><ele>104.4</ele></rtept><rtept lat="57.511308" lon="12.50158"><ele>104.2</ele></rtept><rtept lat="57.511295" lon="12.501603"><ele>104.8</ele></rtept><rtept lat="57.511282" lon="12.501633"><ele>104.6</ele></rtept><rtept lat="57.511263" lon="12.501668"><ele>104.8</ele></rtept><rtept lat="57.511257" lon="12.501702"><ele>105.2</ele></rtept><rtept lat="57.511243" lon="12.501757"><ele>105.4</ele></rtept><rtept lat="57.511232" lon="12.501785"><ele>105.8</ele></rtept><rtept lat="57.511212" lon="12.501832"><ele>106.0</ele></rtept><rtept lat="57.511193" lon="12.501855"><ele>106.2</ele></rtept><rtept lat="57.511173" lon="12.501892"><ele>106.6</ele></rtept><rtept lat="57.511155" lon="12.50192"><ele>106.6</ele></rtept><rtept lat="57.511142" lon="12.50195"><ele>107.0</ele></rtept><rtept lat="57.511128" lon="12.501992"><ele>107.2</ele></rtept><rtept lat="57.511117" lon="12.502023"><ele>107.4</ele></rtept><rtept lat="57.511097" lon="12.502068"><ele>107.6</ele></rtept><rtept lat="57.511078" lon="12.502128"><ele>108.0</ele></rtept><rtept lat="57.511052" lon="12.502208"><ele>108.0</ele></rtept><rtept lat="57.511027" lon="12.502287"><ele>108.4</ele></rtept><rtept lat="57.510988" lon="12.502377"><ele>108.6</ele></rtept><rtept lat="57.51095" lon="12.502478"><ele>108.4</ele></rtept><rtept lat="57.510918" lon="12.50257"><ele>108.8</ele></rtept><rtept lat="57.510912" lon="12.502657"><ele>108.6</ele></rtept><rtept lat="57.510905" lon="12.50273"><ele>108.6</ele></rtept><rtept lat="57.510892" lon="12.50281"><ele>109.0</ele></rtept><rtept lat="57.51088" lon="12.502878"><ele>109.0</ele></rtept><rtept lat="57.510867" lon="12.50292"><ele>108.8</ele></rtept><rtept lat="57.510885" lon="12.502978"><ele>109.2</ele></rtept><rtept lat="57.510885" lon="12.503012"><ele>109.2</ele></rtept><rtept lat="57.510885" lon="12.503057"><ele>109.4</ele></rtept><rtept lat="57.510873" lon="12.503107"><ele>109.4</ele></rtept><rtept lat="57.510847" lon="12.503162"><ele>109.6</ele></rtept><rtept lat="57.510828" lon="12.503212"><ele>109.8</ele></rtept><rtept lat="57.510828" lon="12.503247"><ele>109.6</ele></rtept><rtept lat="57.510828" lon="12.50328"><ele>109.8</ele></rtept><rtept lat="57.510835" lon="12.503318"><ele>110.0</ele></rtept><rtept lat="57.510835" lon="12.50337"><ele>109.8</ele></rtept><rtept lat="57.510835" lon="12.503423"><ele>110.0</ele></rtept><rtept lat="57.510828" lon="12.503465"><ele>110.0</ele></rtept><rtept lat="57.510828" lon="12.503505"><ele>109.8</ele></rtept><rtept lat="57.510815" lon="12.503542"><ele>109.8</ele></rtept><rtept lat="57.510802" lon="12.503602"><ele>109.4</ele></rtept><rtept lat="57.510797" lon="12.503642"><ele>109.4</ele></rtept><rtept lat="57.510802" lon="12.50368"><ele>109.2</ele></rtept><rtept lat="57.510797" lon="12.503748"><ele>109.2</ele></rtept><rtept lat="57.51079" lon="12.503783"><ele>109.2</ele></rtept><rtept lat="57.51079" lon="12.50382"><ele>109.0</ele></rtept><rtept lat="57.510783" lon="12.50386"><ele>109.0</ele></rtept><rtept lat="57.510777" lon="12.503905"><ele>108.8</ele></rtept><rtept lat="57.510777" lon="12.503947"><ele>108.6</ele></rtept><rtept lat="57.510777" lon="12.50398"><ele>108.8</ele></rtept><rtept lat="57.510777" lon="12.504027"><ele>108.8</ele></rtept><rtept lat="57.510777" lon="12.50407"><ele>108.2</ele></rtept><rtept lat="57.51077" lon="12.50412"><ele>108.2</ele></rtept><rtept lat="57.510777" lon="12.504168"><ele>108.2</ele></rtept><rtept lat="57.51077" lon="12.50421"><ele>107.8</ele></rtept><rtept lat="57.51077" lon="12.504265"><ele>107.8</ele></rtept><rtept lat="57.51077" lon="12.504318"><ele>107.6</ele></rtept><rtept lat="57.51077" lon="12.504373"><ele>107.4</ele></rtept><rtept lat="57.510763" lon="12.504427"><ele>107.4</ele></rtept><rtept lat="57.510758" lon="12.504482"><ele>107.4</ele></rtept><rtept lat="57.510752" lon="12.504527"><ele>107.2</ele></rtept><rtept lat="57.510752" lon="12.504562"><ele>107.2</ele></rtept><rtept lat="57.510752" lon="12.504618"><ele>106.8</ele></rtept><rtept lat="57.510738" lon="12.504675"><ele>106.6</ele></rtept><rtept lat="57.510732" lon="12.504723"><ele>106.2</ele></rtept><rtept lat="57.510725" lon="12.504758"><ele>106.0</ele></rtept><rtept lat="57.510732" lon="12.50483"><ele>105.4</ele></rtept><rtept lat="57.510732" lon="12.504923"><ele>105.6</ele></rtept><rtept lat="57.510732" lon="12.505022"><ele>105.6</ele></rtept><rtept lat="57.510738" lon="12.505118"><ele>105.0</ele></rtept><rtept lat="57.510752" lon="12.505202"><ele>105.0</ele></rtept><rtept lat="57.510752" lon="12.505332"><ele>104.8</ele></rtept><rtept lat="57.51077" lon="12.50545"><ele>104.4</ele></rtept><rtept lat="57.510783" lon="12.50556"><ele>104.4</ele></rtept><rtept lat="57.510777" lon="12.505668"><ele>104.2</ele></rtept><rtept lat="57.51079" lon="12.505747"><ele>103.8</ele></rtept><rtept lat="57.510797" lon="12.50578"><ele>104.0</ele></rtept><rtept lat="57.510808" lon="12.505812"><ele>103.6</ele></rtept><rtept lat="57.510815" lon="12.505887"><ele>103.6</ele></rtept><rtept lat="57.510815" lon="12.50594"><ele>103.2</ele></rtept><rtept lat="57.510808" lon="12.505993"><ele>103.4</ele></rtept><rtept lat="57.510797" lon="12.506047"><ele>103.6</ele></rtept><rtept lat="57.51079" lon="12.5061"><ele>103.2</ele></rtept><rtept lat="57.510777" lon="12.506145"><ele>103.4</ele></rtept><rtept lat="57.51077" lon="12.50619"><ele>103.2</ele></rtept><rtept lat="57.510758" lon="12.506235"><ele>103.2</ele></rtept><rtept lat="57.510752" lon="12.506278"><ele>103.2</ele></rtept><rtept lat="57.510752" lon="12.50632"><ele>103.0</ele></rtept><rtept lat="57.510738" lon="12.50637"><ele>103.2</ele></rtept><rtept lat="57.510732" lon="12.506415"><ele>103.2</ele></rtept><rtept lat="57.510725" lon="12.506467"><ele>103.0</ele></rtept><rtept lat="57.51072" lon="12.506508"><ele>103.0</ele></rtept><rtept lat="57.51072" lon="12.50656"><ele>103.0</ele></rtept><rtept lat="57.510713" lon="12.506613"><ele>102.6</ele></rtept><rtept lat="57.5107" lon="12.506673"><ele>102.4</ele></rtept><rtept lat="57.510693" lon="12.506732"><ele>102.6</ele></rtept><rtept lat="57.5107" lon="12.506777"><ele>102.2</ele></rtept><rtept lat="57.510707" lon="12.506818"><ele>101.8</ele></rtept><rtept lat="57.510713" lon="12.50686"><ele>101.8</ele></rtept><rtept lat="57.510713" lon="12.5069"><ele>101.4</ele></rtept><rtept lat="57.51072" lon="12.50694"><ele>101.2</ele></rtept><rtept lat="57.51072" lon="12.506978"><ele>101.2</ele></rtept><rtept lat="57.51072" lon="12.507028"><ele>100.8</ele></rtept><rtept lat="57.51072" lon="12.507075"><ele>100.6</ele></rtept><rtept lat="57.51072" lon="12.507122"><ele>100.6</ele></rtept><rtept lat="57.510732" lon="12.507172"><ele>100.4</ele></rtept><rtept lat="57.510752" lon="12.507215"><ele>99.8</ele></rtept><rtept lat="57.510758" lon="12.507253"><ele>99.8</ele></rtept><rtept lat="57.510777" lon="12.50728"><ele>99.6</ele></rtept><rtept lat="57.51079" lon="12.507317"><ele>99.0</ele></rtept><rtept lat="57.510797" lon="12.507352"><ele>99.0</ele></rtept><rtept lat="57.510802" lon="12.507392"><ele>99.0</ele></rtept><rtept lat="57.510808" lon="12.507445"><ele>98.2</ele></rtept><rtept lat="57.510815" lon="12.5075"><ele>98.2</ele></rtept><rtept lat="57.510815" lon="12.507547"><ele>98.0</ele></rtept><rtept lat="57.510808" lon="12.5076"><ele>97.4</ele></rtept><rtept lat="57.510802" lon="12.507643"><ele>97.2</ele></rtept><rtept lat="57.510797" lon="12.50769"><ele>97.0</ele></rtept><rtept lat="57.510797" lon="12.50774"><ele>96.4</ele></rtept><rtept lat="57.51079" lon="12.50779"><ele>96.2</ele></rtept><rtept lat="57.51079" lon="12.507843"><ele>96.2</ele></rtept><rtept lat="57.510777" lon="12.507907"><ele>95.6</ele></rtept><rtept lat="57.510777" lon="12.507968"><ele>95.2</ele></rtept><rtept lat="57.51077" lon="12.508008"><ele>95.2</ele></rtept><rtept lat="57.51077" lon="12.508043"><ele>94.8</ele></rtept><rtept lat="57.510763" lon="12.508085"><ele>94.4</ele></rtept><rtept lat="57.510752" lon="12.508125"><ele>94.6</ele></rtept><rtept lat="57.510738" lon="12.508172"><ele>94.2</ele></rtept><rtept lat="57.510738" lon="12.50822"><ele>93.8</ele></rtept><rtept lat="57.510725" lon="12.50826"><ele>93.8</ele></rtept><rtept lat="57.51072" lon="12.5083"><ele>93.4</ele></rtept><rtept lat="57.510713" lon="12.50836"><ele>92.8</ele></rtept><rtept lat="57.510713" lon="12.50841"><ele>92.8</ele></rtept><rtept lat="57.510707" lon="12.50846"><ele>92.4</ele></rtept><rtept lat="57.510713" lon="12.508508"><ele>91.8</ele></rtept><rtept lat="57.510713" lon="12.50855"><ele>92.0</ele></rtept><rtept lat="57.510713" lon="12.508603"><ele>91.6</ele></rtept><rtept lat="57.510713" lon="12.508653"><ele>91.2</ele></rtept><rtept lat="57.510707" lon="12.508703"><ele>91.2</ele></rtept><rtept lat="57.510693" lon="12.508768"><ele>90.8</ele></rtept><rtept lat="57.51068" lon="12.508837"><ele>90.6</ele></rtept><rtept lat="57.510675" lon="12.5089"><ele>90.6</ele></rtept><rtept lat="57.510675" lon="12.508958"><ele>90.2</ele></rtept><rtept lat="57.51068" lon="12.50902"><ele>90.2</ele></rtept><rtept lat="57.510675" lon="12.509068"><ele>90.2</ele></rtept><rtept lat="57.510668" lon="12.50912"><ele>90.0</ele></rtept><rtept lat="57.510655" lon="12.509168"><ele>90.2</ele></rtept><rtept lat="57.510655" lon="12.509215"><ele>90.4</ele></rtept><rtept lat="57.510648" lon="12.509262"><ele>90.2</ele></rtept><rtept lat="57.510642" lon="12.509308"><ele>90.4</ele></rtept><rtept lat="57.51063" lon="12.509362"><ele>90.2</ele></rtept><rtept lat="57.51063" lon="12.509413"><ele>90.0</ele></rtept><rtept lat="57.510617" lon="12.509465"><ele>90.2</ele></rtept><rtept lat="57.510617" lon="12.50954"><ele>90.0</ele></rtept><rtept lat="57.510617" lon="12.509605"><ele>89.6</ele></rtept><rtept lat="57.510617" lon="12.509665"><ele>89.8</ele></rtept><rtept lat="57.510617" lon="12.509733"><ele>89.4</ele></rtept><rtept lat="57.51063" lon="12.509783"><ele>89.2</ele></rtept><rtept lat="57.510637" lon="12.50984"><ele>89.2</ele></rtept><rtept lat="57.510637" lon="12.509893"><ele>88.8</ele></rtept><rtept lat="57.510642" lon="12.509948"><ele>88.8</ele></rtept><rtept lat="57.510648" lon="12.510008"><ele>89.0</ele></rtept><rtept lat="57.510648" lon="12.510063"><ele>88.4</ele></rtept><rtept lat="57.510655" lon="12.51014"><ele>88.6</ele></rtept><rtept lat="57.510655" lon="12.5102"><ele>88.4</ele></rtept><rtept lat="57.510655" lon="12.510255"><ele>88.2</ele></rtept><rtept lat="57.510655" lon="12.5103"><ele>88.2</ele></rtept><rtept lat="57.510648" lon="12.510345"><ele>88.2</ele></rtept><rtept lat="57.510648" lon="12.510387"><ele>87.8</ele></rtept><rtept lat="57.510655" lon="12.510437"><ele>88.2</ele></rtept><rtept lat="57.510655" lon="12.510488"><ele>88.0</ele></rtept><rtept lat="57.510662" lon="12.510535"><ele>88.4</ele></rtept><rtept lat="57.510668" lon="12.510588"><ele>88.6</ele></rtept><rtept lat="57.510675" lon="12.510633"><ele>88.6</ele></rtept><rtept lat="57.510675" lon="12.51068"><ele>88.8</ele></rtept><rtept lat="57.51068" lon="12.510728"><ele>88.8</ele></rtept><rtept lat="57.510687" lon="12.510772"><ele>89.2</ele></rtept><rtept lat="57.510693" lon="12.51082"><ele>89.4</ele></rtept><rtept lat="57.5107" lon="12.510862"><ele>89.4</ele></rtept><rtept lat="57.5107" lon="12.5109"><ele>90.0</ele></rtept><rtept lat="57.510693" lon="12.510945"><ele>90.2</ele></rtept><rtept lat="57.5107" lon="12.510985"><ele>90.2</ele></rtept><rtept lat="57.5107" lon="12.511032"><ele>90.6</ele></rtept><rtept lat="57.5107" lon="12.511072"><ele>90.8</ele></rtept><rtept lat="57.5107" lon="12.511115"><ele>91.2</ele></rtept><rtept lat="57.510707" lon="12.511153"><ele>91.6</ele></rtept><rtept lat="57.510707" lon="12.511195"><ele>91.6</ele></rtept><rtept lat="57.510707" lon="12.511235"><ele>92.2</ele></rtept><rtept lat="57.510707" lon="12.511275"><ele>92.6</ele></rtept><rtept lat="57.510707" lon="12.511318"><ele>92.6</ele></rtept><rtept lat="57.510707" lon="12.511355"><ele>93.2</ele></rtept><rtept lat="57.510713" lon="12.511397"><ele>93.4</ele></rtept><rtept lat="57.510713" lon="12.511438"><ele>93.4</ele></rtept><rtept lat="57.510713" lon="12.51148"><ele>93.8</ele></rtept><rtept lat="57.510713" lon="12.511522"><ele>94.0</ele></rtept><rtept lat="57.510713" lon="12.511565"><ele>94.4</ele></rtept><rtept lat="57.51072" lon="12.511607"><ele>94.6</ele></rtept><rtept lat="57.51072" lon="12.511655"><ele>94.8</ele></rtept><rtept lat="57.510732" lon="12.5117"><ele>95.2</ele></rtept><rtept lat="57.510738" lon="12.511747"><ele>95.6</ele></rtept><rtept lat="57.510752" lon="12.511792"><ele>95.8</ele></rtept><rtept lat="57.510758" lon="12.51183"><ele>96.2</ele></rtept><rtept lat="57.510758" lon="12.51187"><ele>96.4</ele></rtept><rtept lat="57.51077" lon="12.511915"><ele>96.2</ele></rtept><rtept lat="57.51077" lon="12.511953"><ele>96.4</ele></rtept><rtept lat="57.510777" lon="12.511995"><ele>96.6</ele></rtept><rtept lat="57.510783" lon="12.512038"><ele>96.2</ele></rtept><rtept lat="57.51079" lon="12.512082"><ele>96.2</ele></rtept><rtept lat="57.510802" lon="12.512128"><ele>96.2</ele></rtept><rtept lat="57.510808" lon="12.512173"><ele>95.8</ele></rtept><rtept lat="57.510815" lon="12.512217"><ele>96.0</ele></rtept><rtept lat="57.510835" lon="12.512268"><ele>96.0</ele></rtept><rtept lat="57.510847" lon="12.512318"><ele>95.6</ele></rtept><rtept lat="57.51086" lon="12.512372"><ele>95.8</ele></rtept><rtept lat="57.510873" lon="12.512427"><ele>95.6</ele></rtept><rtept lat="57.51088" lon="12.51248"><ele>95.6</ele></rtept><rtept lat="57.510885" lon="12.51253"><ele>95.6</ele></rtept><rtept lat="57.51088" lon="12.512583"><ele>95.6</ele></rtept><rtept lat="57.510885" lon="12.512625"><ele>95.6</ele></rtept><rtept lat="57.510885" lon="12.51267"><ele>96.0</ele></rtept><rtept lat="57.510892" lon="12.51272"><ele>95.8</ele></rtept><rtept lat="57.510898" lon="12.512767"><ele>96.0</ele></rtept><rtept lat="57.510898" lon="12.512802"><ele>96.2</ele></rtept><rtept lat="57.510905" lon="12.51284"><ele>96.0</ele></rtept><rtept lat="57.510918" lon="12.512883"><ele>96.2</ele></rtept><rtept lat="57.51093" lon="12.512928"><ele>96.0</ele></rtept><rtept lat="57.510943" lon="12.51298"><ele>95.8</ele></rtept><rtept lat="57.51095" lon="12.51302"><ele>96.2</ele></rtept><rtept lat="57.51095" lon="12.513062"><ele>96.4</ele></rtept><rtept lat="57.510962" lon="12.513102"><ele>96.2</ele></rtept><rtept lat="57.510968" lon="12.513145"><ele>96.4</ele></rtept><rtept lat="57.510988" lon="12.513185"><ele>96.4</ele></rtept><rtept lat="57.511" lon="12.51322"><ele>96.4</ele></rtept><rtept lat="57.511013" lon="12.513245"><ele>96.4</ele></rtept><rtept lat="57.511033" lon="12.513265"><ele>96.4</ele></rtept><rtept lat="57.511065" lon="12.513275"><ele>96.6</ele></rtept><rtept lat="57.51109" lon="12.513273"><ele>96.8</ele></rtept><rtept lat="57.51111" lon="12.513273"><ele>96.8</ele></rtept><rtept lat="57.511142" lon="12.513268"><ele>97.2</ele></rtept><rtept lat="57.511167" lon="12.51326"><ele>97.4</ele></rtept><rtept lat="57.511187" lon="12.513255"><ele>97.4</ele></rtept><rtept lat="57.511212" lon="12.513245"><ele>97.8</ele></rtept><rtept lat="57.511238" lon="12.51324"><ele>97.6</ele></rtept><rtept lat="57.511263" lon="12.513243"><ele>97.8</ele></rtept><rtept lat="57.511288" lon="12.513243"><ele>98.0</ele></rtept><rtept lat="57.511315" lon="12.51325"><ele>98.0</ele></rtept><rtept lat="57.511347" lon="12.513255"><ele>98.2</ele></rtept><rtept lat="57.511365" lon="12.51326"><ele>98.4</ele></rtept><rtept lat="57.511385" lon="12.513263"><ele>98.2</ele></rtept><rtept lat="57.51141" lon="12.51327"><ele>98.6</ele></rtept><rtept lat="57.51143" lon="12.513278"><ele>98.4</ele></rtept><rtept lat="57.511455" lon="12.513288"><ele>98.4</ele></rtept><rtept lat="57.51148" lon="12.513295"><ele>98.8</ele></rtept><rtept lat="57.5115" lon="12.513303"><ele>98.8</ele></rtept><rtept lat="57.511525" lon="12.513308"><ele>99.2</ele></rtept><rtept lat="57.511552" lon="12.51331"><ele>99.4</ele></rtept><rtept lat="57.51157" lon="12.513313"><ele>99.2</ele></rtept><rtept lat="57.511597" lon="12.513317"><ele>99.6</ele></rtept><rtept lat="57.511622" lon="12.513318"><ele>100.0</ele></rtept><rtept lat="57.511647" lon="12.513325"><ele>100.0</ele></rtept><rtept lat="57.511667" lon="12.513338"><ele>100.2</ele></rtept><rtept lat="57.511692" lon="12.513348"><ele>100.4</ele></rtept><rtept lat="57.511712" lon="12.513355"><ele>100.4</ele></rtept><rtept lat="57.51173" lon="12.513358"><ele>100.8</ele></rtept><rtept lat="57.511757" lon="12.51336"><ele>100.8</ele></rtept><rtept lat="57.511782" lon="12.513368"><ele>101.0</ele></rtept><rtept lat="57.5118" lon="12.51338"><ele>101.2</ele></rtept><rtept lat="57.51182" lon="12.513398"><ele>101.4</ele></rtept><rtept lat="57.511845" lon="12.513418"><ele>101.4</ele></rtept><rtept lat="57.511872" lon="12.513438"><ele>101.8</ele></rtept><rtept lat="57.511897" lon="12.51346"><ele>101.8</ele></rtept><rtept lat="57.511917" lon="12.513482"><ele>102.0</ele></rtept><rtept lat="57.511942" lon="12.5135"><ele>102.4</ele></rtept><rtept lat="57.51196" lon="12.513517"><ele>102.2</ele></rtept><rtept lat="57.51198" lon="12.513537"><ele>102.6</ele></rtept><rtept lat="57.512005" lon="12.513552"><ele>102.6</ele></rtept><rtept lat="57.512032" lon="12.513567"><ele>102.4</ele></rtept><rtept lat="57.512057" lon="12.51358"><ele>102.8</ele></rtept><rtept lat="57.512082" lon="12.5136"><ele>102.8</ele></rtept><rtept lat="57.512108" lon="12.513617"><ele>102.6</ele></rtept><rtept lat="57.512127" lon="12.513632"><ele>102.8</ele></rtept><rtept lat="57.512153" lon="12.513642"><ele>102.6</ele></rtept><rtept lat="57.512178" lon="12.513658"><ele>102.2</ele></rtept><rtept lat="57.512203" lon="12.513673"><ele>102.4</ele></rtept><rtept lat="57.51223" lon="12.513688"><ele>102.4</ele></rtept><rtept lat="57.512255" lon="12.513702"><ele>102.4</ele></rtept><rtept lat="57.512275" lon="12.513718"><ele>102.6</ele></rtept><rtept lat="57.512307" lon="12.513735"><ele>102.4</ele></rtept><rtept lat="57.512332" lon="12.513747"><ele>102.6</ele></rtept><rtept lat="57.512358" lon="12.51376"><ele>102.8</ele></rtept><rtept lat="57.512383" lon="12.513772"><ele>102.6</ele></rtept><rtept lat="57.512415" lon="12.51379"><ele>103.0</ele></rtept><rtept lat="57.51244" lon="12.5138"><ele>103.0</ele></rtept><rtept lat="57.512467" lon="12.513815"><ele>102.8</ele></rtept><rtept lat="57.512492" lon="12.513832"><ele>103.0</ele></rtept><rtept lat="57.512523" lon="12.513857"><ele>102.8</ele></rtept><rtept lat="57.51255" lon="12.513877"><ele>102.6</ele></rtept><rtept lat="57.512575" lon="12.51389"><ele>102.6</ele></rtept><rtept lat="57.512595" lon="12.513905"><ele>102.6</ele></rtept><rtept lat="57.51262" lon="12.513923"><ele>102.2</ele></rtept><rtept lat="57.512658" lon="12.513943"><ele>102.4</ele></rtept><rtept lat="57.512683" lon="12.513957"><ele>102.4</ele></rtept><rtept lat="57.51271" lon="12.51397"><ele>101.8</ele></rtept><rtept lat="57.512735" lon="12.51398"><ele>102.0</ele></rtept><rtept lat="57.51276" lon="12.513983"><ele>102.0</ele></rtept><rtept lat="57.5128" lon="12.51399"><ele>101.4</ele></rtept><rtept lat="57.512825" lon="12.514"><ele>101.2</ele></rtept><rtept lat="57.512843" lon="12.514003"><ele>101.2</ele></rtept><rtept lat="57.51287" lon="12.51401"><ele>100.8</ele></rtept><rtept lat="57.512895" lon="12.514013"><ele>100.4</ele></rtept><rtept lat="57.51292" lon="12.51401"><ele>100.2</ele></rtept><rtept lat="57.512953" lon="12.514013"><ele>99.8</ele></rtept><rtept lat="57.512972" lon="12.51402"><ele>99.4</ele></rtept><rtept lat="57.512998" lon="12.514022"><ele>99.4</ele></rtept><rtept lat="57.513023" lon="12.514028"><ele>99.4</ele></rtept><rtept lat="57.513048" lon="12.51403"><ele>98.8</ele></rtept><rtept lat="57.513075" lon="12.514035"><ele>98.4</ele></rtept><rtept lat="57.5131" lon="12.514035"><ele>98.2</ele></rtept><rtept lat="57.513132" lon="12.51403"><ele>97.8</ele></rtept><rtept lat="57.513163" lon="12.51403"><ele>97.2</ele></rtept><rtept lat="57.513197" lon="12.514018"><ele>97.0</ele></rtept><rtept lat="57.513222" lon="12.51399"><ele>97.0</ele></rtept><rtept lat="57.513247" lon="12.513945"><ele>96.2</ele></rtept><rtept lat="57.513267" lon="12.5139"><ele>96.0</ele></rtept><rtept lat="57.51328" lon="12.513852"><ele>96.0</ele></rtept><rtept lat="57.513298" lon="12.513802"><ele>95.4</ele></rtept><rtept lat="57.513312" lon="12.513757"><ele>95.0</ele></rtept><rtept lat="57.51333" lon="12.513707"><ele>94.8</ele></rtept><rtept lat="57.513343" lon="12.51366"><ele>94.2</ele></rtept><rtept lat="57.513362" lon="12.513612"><ele>93.6</ele></rtept><rtept lat="57.513375" lon="12.513553"><ele>93.4</ele></rtept><rtept lat="57.513388" lon="12.513508"><ele>93.2</ele></rtept><rtept lat="57.5134" lon="12.513468"><ele>92.4</ele></rtept><rtept lat="57.513413" lon="12.513428"><ele>92.6</ele></rtept><rtept lat="57.513427" lon="12.513388"><ele>92.4</ele></rtept><rtept lat="57.513445" lon="12.513348"><ele>91.8</ele></rtept><rtept lat="57.513465" lon="12.513313"><ele>91.4</ele></rtept><rtept lat="57.513483" lon="12.513263"><ele>91.4</ele></rtept><rtept lat="57.51351" lon="12.513228"><ele>90.8</ele></rtept><rtept lat="57.513535" lon="12.513197"><ele>90.2</ele></rtept><rtept lat="57.513567" lon="12.51316"><ele>90.4</ele></rtept><rtept lat="57.513593" lon="12.513125"><ele>90.2</ele></rtept><rtept lat="57.513612" lon="12.513085"><ele>89.6</ele></rtept><rtept lat="57.513638" lon="12.513045"><ele>89.4</ele></rtept><rtept lat="57.51367" lon="12.513012"><ele>89.2</ele></rtept><rtept lat="57.513695" lon="12.51298"><ele>88.8</ele></rtept><rtept lat="57.51372" lon="12.512953"><ele>88.8</ele></rtept><rtept lat="57.513747" lon="12.512932"><ele>88.8</ele></rtept><rtept lat="57.513772" lon="12.512912"><ele>88.2</ele></rtept><rtept lat="57.513803" lon="12.512903"><ele>88.4</ele></rtept><rtept lat="57.513837" lon="12.512897"><ele>87.8</ele></rtept><rtept lat="57.513862" lon="12.512887"><ele>87.4</ele></rtept><rtept lat="57.513887" lon="12.512873"><ele>87.6</ele></rtept><rtept lat="57.513913" lon="12.51286"><ele>87.2</ele></rtept><rtept lat="57.513945" lon="12.512842"><ele>86.6</ele></rtept><rtept lat="57.513963" lon="12.51282"><ele>86.8</ele></rtept><rtept lat="57.51399" lon="12.5128"><ele>86.6</ele></rtept><rtept lat="57.514015" lon="12.51278"><ele>86.4</ele></rtept><rtept lat="57.514035" lon="12.51276"><ele>86.6</ele></rtept><rtept lat="57.514067" lon="12.51274"><ele>86.4</ele></rtept><rtept lat="57.514092" lon="12.512715"><ele>86.4</ele></rtept><rtept lat="57.514118" lon="12.512695"><ele>86.4</ele></rtept><rtept lat="57.514143" lon="12.51268"><ele>86.0</ele></rtept><rtept lat="57.514168" lon="12.512662"><ele>86.0</ele></rtept><rtept lat="57.514195" lon="12.512635"><ele>86.0</ele></rtept><rtept lat="57.51422" lon="12.512605"><ele>85.6</ele></rtept><rtept lat="57.51424" lon="12.512573"><ele>85.6</ele></rtept><rtept lat="57.514258" lon="12.512543"><ele>85.8</ele></rtept><rtept lat="57.514278" lon="12.51251"><ele>85.4</ele></rtept><rtept lat="57.514303" lon="12.512482"><ele>85.6</ele></rtept><rtept lat="57.514322" lon="12.512455"><ele>85.4</ele></rtept><rtept lat="57.514342" lon="12.512425"><ele>85.2</ele></rtept><rtept lat="57.514367" lon="12.512398"><ele>85.4</ele></rtept><rtept lat="57.514393" lon="12.512375"><ele>85.2</ele></rtept><rtept lat="57.514418" lon="12.512355"><ele>85.2</ele></rtept><rtept lat="57.514443" lon="12.512335"><ele>85.4</ele></rtept><rtept lat="57.51447" lon="12.512313"><ele>85.4</ele></rtept><rtept lat="57.514502" lon="12.512297"><ele>85.8</ele></rtept><rtept lat="57.51452" lon="12.512278"><ele>86.0</ele></rtept><rtept lat="57.51454" lon="12.512267"><ele>86.0</ele></rtept><rtept lat="57.51456" lon="12.512248"><ele>86.4</ele></rtept><rtept lat="57.514578" lon="12.512232"><ele>86.4</ele></rtept><rtept lat="57.514598" lon="12.512208"><ele>86.8</ele></rtept><rtept lat="57.514623" lon="12.512182"><ele>87.2</ele></rtept><rtept lat="57.514642" lon="12.51216"><ele>87.0</ele></rtept><rtept lat="57.514668" lon="12.512138"><ele>87.4</ele></rtept><rtept lat="57.5147" lon="12.512117"><ele>87.8</ele></rtept><rtept lat="57.514718" lon="12.512098"><ele>87.6</ele></rtept><rtept lat="57.514745" lon="12.512073"><ele>88.0</ele></rtept><rtept lat="57.514763" lon="12.512048"><ele>88.0</ele></rtept><rtept lat="57.51479" lon="12.512022"><ele>88.0</ele></rtept><rtept lat="57.514815" lon="12.511995"><ele>88.4</ele></rtept><rtept lat="57.51484" lon="12.51197"><ele>88.2</ele></rtept><rtept lat="57.51486" lon="12.511943"><ele>88.4</ele></rtept><rtept lat="57.51488" lon="12.51192"><ele>88.6</ele></rtept><rtept lat="57.514898" lon="12.511895"><ele>88.6</ele></rtept><rtept lat="57.514918" lon="12.511875"><ele>89.0</ele></rtept><rtept lat="57.514943" lon="12.51185"><ele>89.4</ele></rtept><rtept lat="57.514962" lon="12.511823"><ele>89.2</ele></rtept><rtept lat="57.514988" lon="12.511783"><ele>89.6</ele></rtept><rtept lat="57.51502" lon="12.511745"><ele>89.4</ele></rtept><rtept lat="57.51504" lon="12.511705"><ele>89.2</ele></rtept><rtept lat="57.515058" lon="12.511685"><ele>89.6</ele></rtept><rtept lat="57.515083" lon="12.511658"><ele>89.4</ele></rtept><rtept lat="57.515103" lon="12.511632"><ele>89.2</ele></rtept><rtept lat="57.515128" lon="12.511605"><ele>89.2</ele></rtept><rtept lat="57.51516" lon="12.511562"><ele>88.8</ele></rtept><rtept lat="57.515193" lon="12.51152"><ele>88.8</ele></rtept><rtept lat="57.515218" lon="12.511497"><ele>88.8</ele></rtept><rtept lat="57.515243" lon="12.511457"><ele>88.8</ele></rtept><rtept lat="57.515263" lon="12.511432"><ele>89.4</ele></rtept><rtept lat="57.515302" lon="12.511388"><ele>89.8</ele></rtept><rtept lat="57.515333" lon="12.511362"><ele>89.6</ele></rtept><rtept lat="57.51536" lon="12.511338"><ele>90.0</ele></rtept><rtept lat="57.515385" lon="12.511322"><ele>90.0</ele></rtept><rtept lat="57.515417" lon="12.511313"><ele>90.0</ele></rtept><rtept lat="57.515442" lon="12.511315"><ele>90.2</ele></rtept><rtept lat="57.515475" lon="12.511325"><ele>90.2</ele></rtept><rtept lat="57.5155" lon="12.511335"><ele>90.6</ele></rtept><rtept lat="57.515532" lon="12.511348"><ele>90.8</ele></rtept><rtept lat="57.515558" lon="12.511368"><ele>90.8</ele></rtept><rtept lat="57.515577" lon="12.511388"><ele>91.2</ele></rtept><rtept lat="57.515602" lon="12.511403"><ele>91.2</ele></rtept><rtept lat="57.515628" lon="12.511422"><ele>91.4</ele></rtept><rtept lat="57.515653" lon="12.51144"><ele>91.6</ele></rtept><rtept lat="57.515692" lon="12.511458"><ele>91.4</ele></rtept><rtept lat="57.515718" lon="12.511473"><ele>91.4</ele></rtept><rtept lat="57.515737" lon="12.511493"><ele>91.6</ele></rtept><rtept lat="57.515757" lon="12.511517"><ele>91.6</ele></rtept><rtept lat="57.515775" lon="12.51154"><ele>91.6</ele></rtept><rtept lat="57.515795" lon="12.51156"><ele>91.8</ele></rtept><rtept lat="57.515813" lon="12.511578"><ele>91.6</ele></rtept><rtept lat="57.515833" lon="12.5116"><ele>91.8</ele></rtept><rtept lat="57.515852" lon="12.511618"><ele>92.0</ele></rtept><rtept lat="57.515878" lon="12.511637"><ele>91.8</ele></rtept><rtept lat="57.515897" lon="12.511652"><ele>92.0</ele></rtept><rtept lat="57.515917" lon="12.511672"><ele>92.0</ele></rtept><rtept lat="57.515935" lon="12.511692"><ele>91.8</ele></rtept><rtept lat="57.515955" lon="12.511715"><ele>92.0</ele></rtept><rtept lat="57.51598" lon="12.511732"><ele>92.0</ele></rtept><rtept lat="57.515998" lon="12.51175"><ele>91.8</ele></rtept><rtept lat="57.516018" lon="12.51177"><ele>91.8</ele></rtept><rtept lat="57.516038" lon="12.51179"><ele>91.6</ele></rtept><rtept lat="57.516057" lon="12.511812"><ele>91.2</ele></rtept><rtept lat="57.516077" lon="12.51183"><ele>91.4</ele></rtept><rtept lat="57.516095" lon="12.51185"><ele>91.4</ele></rtept><rtept lat="57.516115" lon="12.51187"><ele>91.0</ele></rtept><rtept lat="57.516133" lon="12.511897"><ele>91.0</ele></rtept><rtept lat="57.516153" lon="12.511918"><ele>91.0</ele></rtept><rtept lat="57.516178" lon="12.511935"><ele>90.6</ele></rtept><rtept lat="57.516198" lon="12.511948"><ele>90.6</ele></rtept><rtept lat="57.516217" lon="12.511963"><ele>90.6</ele></rtept><rtept lat="57.516255" lon="12.511995"><ele>90.2</ele></rtept><rtept lat="57.516275" lon="12.512008"><ele>90.2</ele></rtept><rtept lat="57.516313" lon="12.512022"><ele>89.8</ele></rtept><rtept lat="57.516338" lon="12.512033"><ele>89.8</ele></rtept><rtept lat="57.516363" lon="12.512042"><ele>89.6</ele></rtept><rtept lat="57.51639" lon="12.512047"><ele>89.4</ele></rtept><rtept lat="57.516422" lon="12.512048"><ele>89.6</ele></rtept><rtept lat="57.516467" lon="12.512025"><ele>89.2</ele></rtept><rtept lat="57.516512" lon="12.51201"><ele>89.2</ele></rtept><rtept lat="57.516537" lon="12.512002"><ele>89.4</ele></rtept><rtept lat="57.516575" lon="12.512"><ele>89.0</ele></rtept><rtept lat="57.516607" lon="12.511988"><ele>89.0</ele></rtept><rtept lat="57.516645" lon="12.511975"><ele>89.0</ele></rtept><rtept lat="57.516678" lon="12.51196"><ele>88.4</ele></rtept><rtept lat="57.51671" lon="12.511948"><ele>88.6</ele></rtept><rtept lat="57.516742" lon="12.511945"><ele>88.6</ele></rtept><rtept lat="57.516767" lon="12.51194"><ele>88.2</ele></rtept><rtept lat="57.516793" lon="12.511933"><ele>88.6</ele></rtept><rtept lat="57.516818" lon="12.511922"><ele>88.2</ele></rtept><rtept lat="57.51685" lon="12.51191"><ele>88.0</ele></rtept><rtept lat="57.516877" lon="12.5119"><ele>88.2</ele></rtept><rtept lat="57.516908" lon="12.511893"><ele>88.0</ele></rtept><rtept lat="57.516933" lon="12.51188"><ele>88.0</ele></rtept><rtept lat="57.516965" lon="12.511853"><ele>88.0</ele></rtept><rtept lat="57.516998" lon="12.51183"><ele>87.8</ele></rtept><rtept lat="57.51703" lon="12.51182"><ele>88.0</ele></rtept><rtept lat="57.517062" lon="12.51181"><ele>87.8</ele></rtept><rtept lat="57.517093" lon="12.511797"><ele>87.6</ele></rtept><rtept lat="57.517125" lon="12.511792"><ele>87.8</ele></rtept><rtept lat="57.517152" lon="12.51178"><ele>87.6</ele></rtept><rtept lat="57.517183" lon="12.51177"><ele>87.6</ele></rtept><rtept lat="57.517208" lon="12.511755"><ele>87.6</ele></rtept><rtept lat="57.517235" lon="12.511742"><ele>87.6</ele></rtept><rtept lat="57.51726" lon="12.511737"><ele>87.8</ele></rtept><rtept lat="57.517285" lon="12.51172"><ele>88.0</ele></rtept><rtept lat="57.517318" lon="12.511707"><ele>87.6</ele></rtept><rtept lat="57.517343" lon="12.511697"><ele>87.8</ele></rtept><rtept lat="57.517375" lon="12.51169"><ele>87.8</ele></rtept><rtept lat="57.5174" lon="12.51168"><ele>87.4</ele></rtept><rtept lat="57.517427" lon="12.511665"><ele>87.4</ele></rtept><rtept lat="57.517445" lon="12.511652"><ele>87.2</ele></rtept><rtept lat="57.517483" lon="12.511655"><ele>87.0</ele></rtept><rtept lat="57.51751" lon="12.51166"><ele>87.2</ele></rtept><rtept lat="57.517542" lon="12.511662"><ele>86.8</ele></rtept><rtept lat="57.517567" lon="12.511657"><ele>87.0</ele></rtept><rtept lat="57.517593" lon="12.51166"><ele>87.0</ele></rtept><rtept lat="57.517618" lon="12.511667"><ele>86.6</ele></rtept><rtept lat="57.51765" lon="12.511667"><ele>87.0</ele></rtept><rtept lat="57.517677" lon="12.511667"><ele>87.0</ele></rtept><rtept lat="57.517708" lon="12.51167"><ele>86.6</ele></rtept><rtept lat="57.517733" lon="12.511665"><ele>86.6</ele></rtept><rtept lat="57.51776" lon="12.51166"><ele>86.6</ele></rtept><rtept lat="57.517792" lon="12.511658"><ele>86.6</ele></rtept><rtept lat="57.517817" lon="12.511655"><ele>86.6</ele></rtept><rtept lat="57.517842" lon="12.511652"><ele>86.4</ele></rtept><rtept lat="57.517868" lon="12.51165"><ele>86.6</ele></rtept><rtept lat="57.5179" lon="12.511652"><ele>86.6</ele></rtept><rtept lat="57.51792" lon="12.511657"><ele>86.4</ele></rtept><rtept lat="57.517945" lon="12.51166"><ele>86.4</ele></rtept><rtept lat="57.517983" lon="12.51166"><ele>86.4</ele></rtept><rtept lat="57.518015" lon="12.511662"><ele>86.0</ele></rtept><rtept lat="57.51804" lon="12.511667"><ele>86.2</ele></rtept><rtept lat="57.518067" lon="12.511682"><ele>85.8</ele></rtept><rtept lat="57.518105" lon="12.511698"><ele>85.6</ele></rtept><rtept lat="57.518137" lon="12.511712"><ele>85.6</ele></rtept><rtept lat="57.518168" lon="12.511732"><ele>85.2</ele></rtept><rtept lat="57.5182" lon="12.51175"><ele>85.2</ele></rtept><rtept lat="57.51824" lon="12.51176"><ele>85.2</ele></rtept><rtept lat="57.518272" lon="12.511767"><ele>84.8</ele></rtept><rtept lat="57.518303" lon="12.511772"><ele>85.0</ele></rtept><rtept lat="57.518342" lon="12.511787"><ele>85.0</ele></rtept><rtept lat="57.51836" lon="12.5118"><ele>84.6</ele></rtept><rtept lat="57.518387" lon="12.51181"><ele>84.8</ele></rtept><rtept lat="57.518412" lon="12.511825"><ele>84.6</ele></rtept><rtept lat="57.518438" lon="12.511843"><ele>84.2</ele></rtept><rtept lat="57.518463" lon="12.51186"><ele>84.4</ele></rtept><rtept lat="57.518482" lon="12.51187"><ele>84.2</ele></rtept><rtept lat="57.518515" lon="12.511875"><ele>84.4</ele></rtept><rtept lat="57.518533" lon="12.51188"><ele>84.6</ele></rtept><rtept lat="57.51856" lon="12.511883"><ele>84.4</ele></rtept><rtept lat="57.518592" lon="12.51189"><ele>84.6</ele></rtept><rtept lat="57.518623" lon="12.511897"><ele>84.6</ele></rtept><rtept lat="57.518662" lon="12.5119"><ele>84.2</ele></rtept><rtept lat="57.518693" lon="12.511903"><ele>84.4</ele></rtept><rtept lat="57.518732" lon="12.511905"><ele>84.2</ele></rtept><rtept lat="57.518758" lon="12.511917"><ele>84.2</ele></rtept><rtept lat="57.518777" lon="12.511923"><ele>84.2</ele></rtept><rtept lat="57.518808" lon="12.51193"><ele>83.8</ele></rtept><rtept lat="57.51884" lon="12.51193"><ele>84.0</ele></rtept><rtept lat="57.51886" lon="12.511933"><ele>84.0</ele></rtept><rtept lat="57.518885" lon="12.511933"><ele>83.6</ele></rtept><rtept lat="57.518905" lon="12.511938"><ele>84.0</ele></rtept><rtept lat="57.51893" lon="12.511945"><ele>83.8</ele></rtept><rtept lat="57.51895" lon="12.511943"><ele>83.4</ele></rtept><rtept lat="57.518975" lon="12.51194"><ele>83.4</ele></rtept><rtept lat="57.518995" lon="12.51194"><ele>83.2</ele></rtept><rtept lat="57.51902" lon="12.511943"><ele>83.2</ele></rtept><rtept lat="57.519038" lon="12.511945"><ele>83.4</ele></rtept><rtept lat="57.519058" lon="12.511943"><ele>83.2</ele></rtept><rtept lat="57.519083" lon="12.511945"><ele>83.4</ele></rtept><rtept lat="57.519117" lon="12.511945"><ele>83.4</ele></rtept><rtept lat="57.519142" lon="12.511948"><ele>83.0</ele></rtept><rtept lat="57.519173" lon="12.511943"><ele>83.4</ele></rtept><rtept lat="57.5192" lon="12.51194"><ele>83.4</ele></rtept><rtept lat="57.519232" lon="12.511935"><ele>83.0</ele></rtept><rtept lat="57.519257" lon="12.511933"><ele>83.2</ele></rtept><rtept lat="57.519288" lon="12.51193"><ele>83.0</ele></rtept><rtept lat="57.51932" lon="12.511925"><ele>83.6</ele></rtept><rtept lat="57.519347" lon="12.511923"><ele>83.6</ele></rtept><rtept lat="57.519372" lon="12.511928"><ele>83.4</ele></rtept><rtept lat="57.519398" lon="12.511935"><ele>83.6</ele></rtept><rtept lat="57.519417" lon="12.511938"><ele>83.6</ele></rtept><rtept lat="57.519437" lon="12.511935"><ele>84.0</ele></rtept><rtept lat="57.519462" lon="12.51194"><ele>84.2</ele></rtept><rtept lat="57.519487" lon="12.511945"><ele>84.4</ele></rtept><rtept lat="57.519513" lon="12.511955"><ele>84.6</ele></rtept><rtept lat="57.519538" lon="12.51196"><ele>84.4</ele></rtept><rtept lat="57.519563" lon="12.511962"><ele>84.4</ele></rtept><rtept lat="57.51959" lon="12.511965"><ele>84.6</ele></rtept><rtept lat="57.519608" lon="12.511968"><ele>84.2</ele></rtept><rtept lat="57.519647" lon="12.511973"><ele>84.6</ele></rtept><rtept lat="57.519673" lon="12.511975"><ele>84.6</ele></rtept><rtept lat="57.519692" lon="12.511985"><ele>84.2</ele></rtept><rtept lat="57.519718" lon="12.511995"><ele>84.4</ele></rtept><rtept lat="57.519743" lon="12.512002"><ele>84.2</ele></rtept><rtept lat="57.519762" lon="12.512008"><ele>84.2</ele></rtept><rtept lat="57.519782" lon="12.512015"><ele>84.2</ele></rtept><rtept lat="57.519807" lon="12.512022"><ele>84.0</ele></rtept><rtept lat="57.519827" lon="12.512022"><ele>84.0</ele></rtept><rtept lat="57.519845" lon="12.512028"><ele>84.2</ele></rtept><rtept lat="57.519872" lon="12.512033"><ele>83.8</ele></rtept><rtept lat="57.519903" lon="12.512035"><ele>84.0</ele></rtept><rtept lat="57.519948" lon="12.512042"><ele>83.8</ele></rtept><rtept lat="57.519993" lon="12.512048"><ele>83.6</ele></rtept><rtept lat="57.520038" lon="12.512048"><ele>83.6</ele></rtept><rtept lat="57.520082" lon="12.512047"><ele>83.6</ele></rtept><rtept lat="57.52012" lon="12.512042"><ele>83.2</ele></rtept><rtept lat="57.52016" lon="12.512042"><ele>83.2</ele></rtept><rtept lat="57.520192" lon="12.512042"><ele>83.2</ele></rtept><rtept lat="57.52023" lon="12.512043"><ele>82.8</ele></rtept><rtept lat="57.520262" lon="12.512048"><ele>82.8</ele></rtept><rtept lat="57.520287" lon="12.512048"><ele>82.8</ele></rtept><rtept lat="57.520318" lon="12.51205"><ele>82.2</ele></rtept><rtept lat="57.520358" lon="12.512048"><ele>82.4</ele></rtept><rtept lat="57.52039" lon="12.512043"><ele>82.2</ele></rtept><rtept lat="57.520422" lon="12.512048"><ele>81.8</ele></rtept><rtept lat="57.520447" lon="12.512062"><ele>81.8</ele></rtept><rtept lat="57.520485" lon="12.512075"><ele>81.4</ele></rtept><rtept lat="57.520518" lon="12.512082"><ele>81.4</ele></rtept><rtept lat="57.52055" lon="12.512082"><ele>81.6</ele></rtept><rtept lat="57.520582" lon="12.512083"><ele>81.2</ele></rtept><rtept lat="57.520613" lon="12.512082"><ele>81.2</ele></rtept><rtept lat="57.520645" lon="12.512075"><ele>81.4</ele></rtept><rtept lat="57.520678" lon="12.512075"><ele>81.0</ele></rtept><rtept lat="57.520703" lon="12.51208"><ele>81.4</ele></rtept><rtept lat="57.520728" lon="12.512082"><ele>81.4</ele></rtept><rtept lat="57.520755" lon="12.512087"><ele>81.2</ele></rtept><rtept lat="57.520773" lon="12.512088"><ele>81.4</ele></rtept><rtept lat="57.5208" lon="12.512088"><ele>81.4</ele></rtept><rtept lat="57.520825" lon="12.512092"><ele>81.2</ele></rtept><rtept lat="57.520843" lon="12.512088"><ele>81.4</ele></rtept><rtept lat="57.52087" lon="12.512083"><ele>81.2</ele></rtept><rtept lat="57.520888" lon="12.512082"><ele>81.4</ele></rtept><rtept lat="57.520915" lon="12.512078"><ele>81.6</ele></rtept><rtept lat="57.520947" lon="12.512082"><ele>81.4</ele></rtept><rtept lat="57.520972" lon="12.512088"><ele>81.8</ele></rtept><rtept lat="57.520998" lon="12.512097"><ele>81.6</ele></rtept><rtept lat="57.521023" lon="12.512107"><ele>81.4</ele></rtept><rtept lat="57.521055" lon="12.512107"><ele>81.6</ele></rtept><rtept lat="57.52108" lon="12.512112"><ele>81.4</ele></rtept><rtept lat="57.521113" lon="12.512117"><ele>81.6</ele></rtept><rtept lat="57.521132" lon="12.512117"><ele>81.8</ele></rtept><rtept lat="57.521152" lon="12.512115"><ele>81.8</ele></rtept><rtept lat="57.521177" lon="12.512107"><ele>82.4</ele></rtept><rtept lat="57.521202" lon="12.512098"><ele>82.4</ele></rtept><rtept lat="57.521222" lon="12.512093"><ele>82.2</ele></rtept><rtept lat="57.521247" lon="12.512092"><ele>82.6</ele></rtept><rtept lat="57.521273" lon="12.512087"><ele>82.4</ele></rtept><rtept lat="57.521292" lon="12.512082"><ele>82.8</ele></rtept><rtept lat="57.521318" lon="12.512073"><ele>83.2</ele></rtept><rtept lat="57.521343" lon="12.512068"><ele>83.2</ele></rtept><rtept lat="57.521368" lon="12.512062"><ele>83.6</ele></rtept><rtept lat="57.521395" lon="12.512055"><ele>83.6</ele></rtept><rtept lat="57.52142" lon="12.512055"><ele>83.6</ele></rtept><rtept lat="57.521445" lon="12.51206"><ele>84.0</ele></rtept><rtept lat="57.521472" lon="12.512058"><ele>84.0</ele></rtept><rtept lat="57.52149" lon="12.512048"><ele>84.6</ele></rtept><rtept lat="57.521522" lon="12.512038"><ele>84.8</ele></rtept><rtept lat="57.521542" lon="12.512028"><ele>84.6</ele></rtept><rtept lat="57.521567" lon="12.512015"><ele>85.2</ele></rtept><rtept lat="57.521593" lon="12.512003"><ele>85.0</ele></rtept><rtept lat="57.521618" lon="12.51199"><ele>84.8</ele></rtept><rtept lat="57.52165" lon="12.511982"><ele>85.2</ele></rtept><rtept lat="57.521688" lon="12.511973"><ele>85.2</ele></rtept><rtept lat="57.521715" lon="12.511955"><ele>85.2</ele></rtept><rtept lat="57.52174" lon="12.511933"><ele>85.4</ele></rtept><rtept lat="57.521765" lon="12.511917"><ele>85.0</ele></rtept><rtept lat="57.521792" lon="12.5119"><ele>85.2</ele></rtept><rtept lat="57.521817" lon="12.511883"><ele>85.2</ele></rtept><rtept lat="57.521848" lon="12.511868"><ele>85.0</ele></rtept><rtept lat="57.521875" lon="12.51185"><ele>85.0</ele></rtept><rtept lat="57.5219" lon="12.511832"><ele>85.2</ele></rtept><rtept lat="57.521925" lon="12.511817"><ele>84.8</ele></rtept><rtept lat="57.521952" lon="12.511803"><ele>84.8</ele></rtept><rtept lat="57.521977" lon="12.511792"><ele>84.8</ele></rtept><rtept lat="57.522008" lon="12.511782"><ele>84.2</ele></rtept><rtept lat="57.522035" lon="12.511767"><ele>84.0</ele></rtept><rtept lat="57.522067" lon="12.511747"><ele>84.2</ele></rtept><rtept lat="57.522092" lon="12.511732"><ele>83.8</ele></rtept><rtept lat="57.522118" lon="12.51172"><ele>83.4</ele></rtept><rtept lat="57.522137" lon="12.5117"><ele>83.6</ele></rtept><rtept lat="57.522168" lon="12.511662"><ele>83.4</ele></rtept><rtept lat="57.522195" lon="12.511632"><ele>83.0</ele></rtept><rtept lat="57.52222" lon="12.511617"><ele>82.6</ele></rtept><rtept lat="57.522252" lon="12.511598"><ele>82.6</ele></rtept><rtept lat="57.522272" lon="12.511578"><ele>82.2</ele></rtept><rtept lat="57.522303" lon="12.511565"><ele>81.8</ele></rtept><rtept lat="57.522328" lon="12.511547"><ele>81.8</ele></rtept><rtept lat="57.522355" lon="12.511533"><ele>81.4</ele></rtept><rtept lat="57.52238" lon="12.511527"><ele>81.0</ele></rtept><rtept lat="57.522405" lon="12.51152"><ele>81.0</ele></rtept><rtept lat="57.522425" lon="12.511522"><ele>80.8</ele></rtept><rtept lat="57.52245" lon="12.511522"><ele>80.4</ele></rtept><rtept lat="57.522477" lon="12.511512"><ele>80.4</ele></rtept><rtept lat="57.522495" lon="12.511507"><ele>80.0</ele></rtept><rtept lat="57.522515" lon="12.511507"><ele>79.6</ele></rtept><rtept lat="57.522547" lon="12.511502"><ele>79.8</ele></rtept><rtept lat="57.522572" lon="12.511498"><ele>79.6</ele></rtept><rtept lat="57.522598" lon="12.511488"><ele>79.4</ele></rtept><rtept lat="57.522623" lon="12.51146"><ele>79.4</ele></rtept><rtept lat="57.522648" lon="12.511443"><ele>79.2</ele></rtept><rtept lat="57.52268" lon="12.511433"><ele>79.4</ele></rtept><rtept lat="57.522713" lon="12.511428"><ele>79.6</ele></rtept><rtept lat="57.522758" lon="12.511427"><ele>79.2</ele></rtept><rtept lat="57.522783" lon="12.511428"><ele>79.4</ele></rtept><rtept lat="57.522808" lon="12.511428"><ele>79.4</ele></rtept><rtept lat="57.522828" lon="12.511412"><ele>79.0</ele></rtept><rtept lat="57.522847" lon="12.511393"><ele>79.0</ele></rtept><rtept lat="57.522873" lon="12.511383"><ele>79.0</ele></rtept><rtept lat="57.522898" lon="12.511375"><ele>78.6</ele></rtept><rtept lat="57.522923" lon="12.511375"><ele>78.6</ele></rtept><rtept lat="57.522962" lon="12.511373"><ele>78.4</ele></rtept><rtept lat="57.522995" lon="12.511368"><ele>78.0</ele></rtept><rtept lat="57.523027" lon="12.511367"><ele>77.8</ele></rtept><rtept lat="57.523045" lon="12.511355"><ele>77.8</ele></rtept><rtept lat="57.523065" lon="12.511348"><ele>77.6</ele></rtept><rtept lat="57.523083" lon="12.511355"><ele>77.6</ele></rtept><rtept lat="57.52311" lon="12.511355"><ele>77.6</ele></rtept><rtept lat="57.523128" lon="12.511342"><ele>77.2</ele></rtept><rtept lat="57.52316" lon="12.51134"><ele>77.2</ele></rtept><rtept lat="57.52318" lon="12.511335"><ele>77.2</ele></rtept><rtept lat="57.5232" lon="12.511328"><ele>76.6</ele></rtept><rtept lat="57.523218" lon="12.511322"><ele>76.6</ele></rtept><rtept lat="57.523243" lon="12.511318"><ele>76.6</ele></rtept><rtept lat="57.52327" lon="12.511305"><ele>76.2</ele></rtept><rtept lat="57.523302" lon="12.511275"><ele>76.4</ele></rtept><rtept lat="57.52332" lon="12.51125"><ele>76.2</ele></rtept><rtept lat="57.523347" lon="12.511218"><ele>76.2</ele></rtept><rtept lat="57.523365" lon="12.51119"><ele>76.0</ele></rtept><rtept lat="57.523392" lon="12.51116"><ele>75.6</ele></rtept><rtept lat="57.523417" lon="12.51113"><ele>75.8</ele></rtept><rtept lat="57.523437" lon="12.511103"><ele>75.6</ele></rtept><rtept lat="57.523448" lon="12.511072"><ele>75.6</ele></rtept><rtept lat="57.523468" lon="12.511038"><ele>75.6</ele></rtept><rtept lat="57.523493" lon="12.511002"><ele>75.2</ele></rtept><rtept lat="57.523513" lon="12.51097"><ele>75.4</ele></rtept><rtept lat="57.523538" lon="12.510935"><ele>75.4</ele></rtept><rtept lat="57.523558" lon="12.510905"><ele>75.0</ele></rtept><rtept lat="57.523583" lon="12.51088"><ele>75.2</ele></rtept><rtept lat="57.523597" lon="12.510852"><ele>75.2</ele></rtept><rtept lat="57.523622" lon="12.51082"><ele>74.6</ele></rtept><rtept lat="57.52364" lon="12.510788"><ele>74.8</ele></rtept><rtept lat="57.523647" lon="12.510753"><ele>74.6</ele></rtept><rtept lat="57.523667" lon="12.510702"><ele>74.0</ele></rtept><rtept lat="57.52368" lon="12.510672"><ele>74.2</ele></rtept><rtept lat="57.523705" lon="12.51063"><ele>74.2</ele></rtept><rtept lat="57.523723" lon="12.510608"><ele>73.8</ele></rtept><rtept lat="57.523737" lon="12.510583"><ele>74.0</ele></rtept><rtept lat="57.523757" lon="12.51056"><ele>73.6</ele></rtept><rtept lat="57.523762" lon="12.510522"><ele>73.4</ele></rtept><rtept lat="57.523775" lon="12.51048"><ele>73.6</ele></rtept><rtept lat="57.523788" lon="12.510445"><ele>73.4</ele></rtept><rtept lat="57.5238" lon="12.510415"><ele>73.8</ele></rtept><rtept lat="57.523813" lon="12.510383"><ele>73.8</ele></rtept><rtept lat="57.523813" lon="12.510342"><ele>73.6</ele></rtept><rtept lat="57.52382" lon="12.510292"><ele>74.0</ele></rtept><rtept lat="57.523813" lon="12.51024"><ele>73.8</ele></rtept><rtept lat="57.523813" lon="12.51019"><ele>73.6</ele></rtept><rtept lat="57.523813" lon="12.510133"><ele>74.0</ele></rtept><rtept lat="57.523813" lon="12.510073"><ele>73.8</ele></rtept><rtept lat="57.523813" lon="12.51002"><ele>73.8</ele></rtept><rtept lat="57.523807" lon="12.509955"><ele>74.2</ele></rtept><rtept lat="57.523807" lon="12.509895"><ele>73.8</ele></rtept><rtept lat="57.523807" lon="12.509835"><ele>74.2</ele></rtept><rtept lat="57.5238" lon="12.509777"><ele>74.0</ele></rtept><rtept lat="57.5238" lon="12.509712"><ele>74.0</ele></rtept><rtept lat="57.523795" lon="12.509655"><ele>74.2</ele></rtept><rtept lat="57.523795" lon="12.5096"><ele>73.8</ele></rtept><rtept lat="57.5238" lon="12.509538"><ele>74.2</ele></rtept><rtept lat="57.5238" lon="12.509473"><ele>74.4</ele></rtept><rtept lat="57.5238" lon="12.509407"><ele>74.2</ele></rtept><rtept lat="57.523795" lon="12.509332"><ele>74.4</ele></rtept><rtept lat="57.5238" lon="12.509262"><ele>74.2</ele></rtept><rtept lat="57.523807" lon="12.509195"><ele>74.0</ele></rtept><rtept lat="57.523813" lon="12.509145"><ele>74.0</ele></rtept><rtept lat="57.523807" lon="12.509095"><ele>73.8</ele></rtept><rtept lat="57.523807" lon="12.509043"><ele>73.4</ele></rtept><rtept lat="57.5238" lon="12.508987"><ele>73.6</ele></rtept><rtept lat="57.5238" lon="12.508935"><ele>73.4</ele></rtept><rtept lat="57.5238" lon="12.508892"><ele>73.2</ele></rtept><rtept lat="57.5238" lon="12.508847"><ele>73.2</ele></rtept><rtept lat="57.5238" lon="12.508802"><ele>73.0</ele></rtept><rtept lat="57.523795" lon="12.508753"><ele>72.8</ele></rtept><rtept lat="57.523795" lon="12.508702"><ele>72.8</ele></rtept><rtept lat="57.523795" lon="12.508647"><ele>72.6</ele></rtept><rtept lat="57.523788" lon="12.508597"><ele>72.2</ele></rtept><rtept lat="57.523782" lon="12.508548"><ele>72.2</ele></rtept><rtept lat="57.523775" lon="12.5085"><ele>71.8</ele></rtept><rtept lat="57.523775" lon="12.508448"><ele>72.0</ele></rtept><rtept lat="57.523768" lon="12.508403"><ele>72.0</ele></rtept><rtept lat="57.523762" lon="12.508353"><ele>71.8</ele></rtept><rtept lat="57.523757" lon="12.50831"><ele>72.0</ele></rtept><rtept lat="57.523743" lon="12.508272"><ele>72.0</ele></rtept><rtept lat="57.523737" lon="12.508237"><ele>71.8</ele></rtept><rtept lat="57.523723" lon="12.508202"><ele>72.0</ele></rtept><rtept lat="57.523712" lon="12.50817"><ele>71.8</ele></rtept><rtept lat="57.523705" lon="12.508132"><ele>71.8</ele></rtept><rtept lat="57.523705" lon="12.508073"><ele>71.8</ele></rtept><rtept lat="57.523698" lon="12.508018"><ele>71.8</ele></rtept><rtept lat="57.523685" lon="12.507983"><ele>71.8</ele></rtept><rtept lat="57.523673" lon="12.507947"><ele>72.0</ele></rtept><rtept lat="57.523653" lon="12.507898"><ele>71.8</ele></rtept><rtept lat="57.52364" lon="12.507848"><ele>72.2</ele></rtept><rtept lat="57.523628" lon="12.507793"><ele>72.2</ele></rtept><rtept lat="57.523608" lon="12.507748"><ele>72.0</ele></rtept><rtept lat="57.523602" lon="12.50771"><ele>72.4</ele></rtept><rtept lat="57.523597" lon="12.507673"><ele>72.4</ele></rtept><rtept lat="57.523597" lon="12.507637"><ele>72.4</ele></rtept><rtept lat="57.523602" lon="12.507603"><ele>72.8</ele></rtept><rtept lat="57.523615" lon="12.50754"><ele>73.2</ele></rtept><rtept lat="57.523615" lon="12.507505"><ele>73.6</ele></rtept><rtept lat="57.523615" lon="12.507472"><ele>73.6</ele></rtept><rtept lat="57.523622" lon="12.507437"><ele>74.2</ele></rtept><rtept lat="57.523635" lon="12.507385"><ele>74.4</ele></rtept><rtept lat="57.52364" lon="12.507327"><ele>74.6</ele></rtept><rtept lat="57.52364" lon="12.507272"><ele>75.0</ele></rtept><rtept lat="57.52364" lon="12.50722"><ele>75.2</ele></rtept><rtept lat="57.523647" lon="12.507173"><ele>75.8</ele></rtept><rtept lat="57.523653" lon="12.507128"><ele>76.0</ele></rtept><rtept lat="57.523667" lon="12.507088"><ele>76.2</ele></rtept><rtept lat="57.52368" lon="12.50705"><ele>76.6</ele></rtept><rtept lat="57.523692" lon="12.50702"><ele>76.6</ele></rtept><rtept lat="57.523705" lon="12.506985"><ele>77.2</ele></rtept><rtept lat="57.523712" lon="12.506948"><ele>77.4</ele></rtept><rtept lat="57.523723" lon="12.50691"><ele>77.4</ele></rtept><rtept lat="57.523737" lon="12.50687"><ele>77.8</ele></rtept><rtept lat="57.523743" lon="12.506818"><ele>77.8</ele></rtept><rtept lat="57.523743" lon="12.506758"><ele>77.6</ele></rtept><rtept lat="57.523757" lon="12.50668"><ele>77.8</ele></rtept><rtept lat="57.523762" lon="12.506613"><ele>77.8</ele></rtept><rtept lat="57.523782" lon="12.506547"><ele>77.2</ele></rtept><rtept lat="57.523788" lon="12.506472"><ele>77.4</ele></rtept><rtept lat="57.523795" lon="12.506355"><ele>77.2</ele></rtept><rtept lat="57.52382" lon="12.506278"><ele>77.0</ele></rtept><rtept lat="57.523858" lon="12.50621"><ele>77.0</ele></rtept><rtept lat="57.52389" lon="12.50616"><ele>76.8</ele></rtept><rtept lat="57.523917" lon="12.5061"><ele>76.4</ele></rtept><rtept lat="57.523935" lon="12.506025"><ele>76.6</ele></rtept><rtept lat="57.523942" lon="12.505958"><ele>76.6</ele></rtept><rtept lat="57.523955" lon="12.505888"><ele>76.2</ele></rtept><rtept lat="57.52396" lon="12.505803"><ele>76.4</ele></rtept><rtept lat="57.523973" lon="12.505752"><ele>76.0</ele></rtept><rtept lat="57.523993" lon="12.505728"><ele>75.8</ele></rtept><rtept lat="57.524005" lon="12.505702"><ele>75.8</ele></rtept><rtept lat="57.524032" lon="12.505688"><ele>76.0</ele></rtept><rtept lat="57.52407" lon="12.505688"><ele>76.2</ele></rtept><rtept lat="57.524088" lon="12.505662"><ele>76.0</ele></rtept><rtept lat="57.524115" lon="12.505623"><ele>76.2</ele></rtept><rtept lat="57.524127" lon="12.505598"><ele>76.4</ele></rtept><rtept lat="57.524153" lon="12.505575"><ele>76.2</ele></rtept><rtept lat="57.524172" lon="12.505548"><ele>76.4</ele></rtept><rtept lat="57.524198" lon="12.505503"><ele>76.6</ele></rtept><rtept lat="57.524217" lon="12.50547"><ele>76.4</ele></rtept><rtept lat="57.524242" lon="12.505483"><ele>76.6</ele></rtept><rtept lat="57.524262" lon="12.50547"><ele>76.8</ele></rtept><rtept lat="57.524293" lon="12.505475"><ele>76.4</ele></rtept><rtept lat="57.52432" lon="12.50547"><ele>76.6</ele></rtept><rtept lat="57.524345" lon="12.505475"><ele>76.6</ele></rtept><rtept lat="57.524383" lon="12.505458"><ele>76.4</ele></rtept><rtept lat="57.524408" lon="12.505445"><ele>76.4</ele></rtept><rtept lat="57.52444" lon="12.505432"><ele>76.2</ele></rtept><rtept lat="57.52448" lon="12.505425"><ele>76.2</ele></rtept><rtept lat="57.524512" lon="12.50542"><ele>76.4</ele></rtept><rtept lat="57.524537" lon="12.505398"><ele>76.4</ele></rtept><rtept lat="57.524557" lon="12.505385"><ele>76.4</ele></rtept><rtept lat="57.524588" lon="12.505342"><ele>76.8</ele></rtept><rtept lat="57.524613" lon="12.505322"><ele>76.8</ele></rtept><rtept lat="57.524633" lon="12.505302"><ele>77.2</ele></rtept><rtept lat="57.524678" lon="12.505257"><ele>77.6</ele></rtept><rtept lat="57.524697" lon="12.505192"><ele>77.4</ele></rtept><rtept lat="57.524717" lon="12.505137"><ele>78.0</ele></rtept><rtept lat="57.524722" lon="12.505052"><ele>78.0</ele></rtept><rtept lat="57.524735" lon="12.505005"><ele>78.0</ele></rtept><rtept lat="57.52476" lon="12.504978"><ele>78.4</ele></rtept><rtept lat="57.524773" lon="12.504945"><ele>78.4</ele></rtept><rtept lat="57.524793" lon="12.504895"><ele>78.6</ele></rtept><rtept lat="57.5248" lon="12.504837"><ele>78.8</ele></rtept><rtept lat="57.524812" lon="12.5048"><ele>78.8</ele></rtept><rtept lat="57.524832" lon="12.504747"><ele>78.8</ele></rtept><rtept lat="57.524832" lon="12.504692"><ele>79.0</ele></rtept><rtept lat="57.524832" lon="12.504638"><ele>78.8</ele></rtept><rtept lat="57.52485" lon="12.504612"><ele>79.0</ele></rtept><rtept lat="57.524857" lon="12.504545"><ele>78.6</ele></rtept><rtept lat="57.524843" lon="12.504493"><ele>78.6</ele></rtept><rtept lat="57.524838" lon="12.504433"><ele>78.6</ele></rtept><rtept lat="57.524838" lon="12.504382"><ele>78.0</ele></rtept><rtept lat="57.524832" lon="12.504348"><ele>78.0</ele></rtept><rtept lat="57.524838" lon="12.504315"><ele>78.0</ele></rtept><rtept lat="57.524843" lon="12.504278"><ele>77.6</ele></rtept><rtept lat="57.52485" lon="12.50424"><ele>77.6</ele></rtept><rtept lat="57.524857" lon="12.504205"><ele>77.6</ele></rtept><rtept lat="57.524863" lon="12.504173"><ele>77.2</ele></rtept><rtept lat="57.52487" lon="12.50414"><ele>77.4</ele></rtept><rtept lat="57.524877" lon="12.504097"><ele>77.4</ele></rtept><rtept lat="57.524877" lon="12.50406"><ele>77.2</ele></rtept><rtept lat="57.524888" lon="12.50403"><ele>77.2</ele></rtept><rtept lat="57.524908" lon="12.503978"><ele>76.8</ele></rtept><rtept lat="57.524915" lon="12.503945"><ele>77.0</ele></rtept><rtept lat="57.524927" lon="12.503918"><ele>77.0</ele></rtept><rtept lat="57.52494" lon="12.503873"><ele>77.4</ele></rtept><rtept lat="57.524947" lon="12.503837"><ele>77.6</ele></rtept><rtept lat="57.52496" lon="12.503798"><ele>77.6</ele></rtept><rtept lat="57.524965" lon="12.503758"><ele>78.0</ele></rtept><rtept lat="57.524965" lon="12.50372"><ele>78.0</ele></rtept><rtept lat="57.524972" lon="12.50368"><ele>78.0</ele></rtept><rtept lat="57.524972" lon="12.503622"><ele>78.4</ele></rtept><rtept lat="57.524972" lon="12.503558"><ele>78.4</ele></rtept><rtept lat="57.524972" lon="12.503503"><ele>78.4</ele></rtept><rtept lat="57.524978" lon="12.503463"><ele>78.8</ele></rtept><rtept lat="57.524972" lon="12.503403"><ele>78.8</ele></rtept><rtept lat="57.524972" lon="12.50336"><ele>79.2</ele></rtept><rtept lat="57.524965" lon="12.503305"><ele>79.6</ele></rtept><rtept lat="57.524972" lon="12.503272"><ele>79.6</ele></rtept><rtept lat="57.524985" lon="12.503235"><ele>80.2</ele></rtept><rtept lat="57.524985" lon="12.503198"><ele>80.4</ele></rtept><rtept lat="57.524972" lon="12.503152"><ele>80.4</ele></rtept><rtept lat="57.524972" lon="12.503107"><ele>81.0</ele></rtept><rtept lat="57.524972" lon="12.503068"><ele>81.2</ele></rtept><rtept lat="57.524972" lon="12.503027"><ele>81.0</ele></rtept><rtept lat="57.524972" lon="12.502993"><ele>81.6</ele></rtept><rtept lat="57.524972" lon="12.502948"><ele>81.6</ele></rtept><rtept lat="57.524972" lon="12.502908"><ele>81.4</ele></rtept><rtept lat="57.524965" lon="12.502865"><ele>81.8</ele></rtept><rtept lat="57.52496" lon="12.502822"><ele>82.0</ele></rtept><rtept lat="57.524947" lon="12.50278"><ele>82.0</ele></rtept><rtept lat="57.524933" lon="12.50274"><ele>82.4</ele></rtept><rtept lat="57.52492" lon="12.502697"><ele>82.4</ele></rtept><rtept lat="57.524902" lon="12.50266"><ele>82.8</ele></rtept><rtept lat="57.524882" lon="12.502625"><ele>83.4</ele></rtept><rtept lat="57.524857" lon="12.502605"><ele>83.2</ele></rtept><rtept lat="57.524838" lon="12.50258"><ele>83.8</ele></rtept><rtept lat="57.524812" lon="12.502557"><ele>83.8</ele></rtept><rtept lat="57.524787" lon="12.502522"><ele>83.8</ele></rtept><rtept lat="57.52476" lon="12.502498"><ele>84.0</ele></rtept><rtept lat="57.524735" lon="12.502472"><ele>84.2</ele></rtept><rtept lat="57.52471" lon="12.502448"><ele>84.0</ele></rtept><rtept lat="57.524678" lon="12.502428"><ele>84.4</ele></rtept><rtept lat="57.524658" lon="12.502402"><ele>84.4</ele></rtept><rtept lat="57.524638" lon="12.502372"><ele>84.2</ele></rtept><rtept lat="57.524627" lon="12.50234"><ele>84.6</ele></rtept><rtept lat="57.5246" lon="12.502302"><ele>84.6</ele></rtept><rtept lat="57.524595" lon="12.502262"><ele>84.6</ele></rtept><rtept lat="57.524575" lon="12.502227"><ele>84.8</ele></rtept><rtept lat="57.524557" lon="12.502198"><ele>84.8</ele></rtept><rtept lat="57.52455" lon="12.502155"><ele>85.0</ele></rtept><rtept lat="57.524537" lon="12.502123"><ele>85.2</ele></rtept><rtept lat="57.524518" lon="12.502057"><ele>85.4</ele></rtept><rtept lat="57.524498" lon="12.502025"><ele>85.6</ele></rtept><rtept lat="57.52448" lon="12.501997"><ele>85.4</ele></rtept><rtept lat="57.524467" lon="12.501957"><ele>85.8</ele></rtept><rtept lat="57.524453" lon="12.501912"><ele>85.8</ele></rtept><rtept lat="57.52444" lon="12.501878"><ele>85.6</ele></rtept><rtept lat="57.524422" lon="12.50184"><ele>86.0</ele></rtept><rtept lat="57.524415" lon="12.501798"><ele>85.8</ele></rtept><rtept lat="57.524402" lon="12.50176"><ele>85.6</ele></rtept><rtept lat="57.524397" lon="12.501727"><ele>85.8</ele></rtept><rtept lat="57.524383" lon="12.501687"><ele>85.6</ele></rtept><rtept lat="57.524377" lon="12.501647"><ele>85.8</ele></rtept><rtept lat="57.524363" lon="12.501613"><ele>86.0</ele></rtept><rtept lat="57.524358" lon="12.501577"><ele>86.2</ele></rtept><rtept lat="57.524352" lon="12.501543"><ele>86.2</ele></rtept><rtept lat="57.524338" lon="12.501503"><ele>86.4</ele></rtept><rtept lat="57.524332" lon="12.501463"><ele>86.2</ele></rtept><rtept lat="57.52432" lon="12.501423"><ele>86.4</ele></rtept><rtept lat="57.524313" lon="12.501378"><ele>86.6</ele></rtept><rtept lat="57.5243" lon="12.501333"><ele>86.2</ele></rtept><rtept lat="57.524293" lon="12.501288"><ele>86.4</ele></rtept><rtept lat="57.524287" lon="12.501252"><ele>86.4</ele></rtept><rtept lat="57.524268" lon="12.50121"><ele>86.2</ele></rtept><rtept lat="57.524255" lon="12.501172"><ele>86.4</ele></rtept><rtept lat="57.524237" lon="12.501132"><ele>86.6</ele></rtept><rtept lat="57.524223" lon="12.501095"><ele>86.4</ele></rtept><rtept lat="57.52421" lon="12.501062"><ele>86.8</ele></rtept><rtept lat="57.524192" lon="12.501027"><ele>86.8</ele></rtept><rtept lat="57.524178" lon="12.500987"><ele>86.6</ele></rtept><rtept lat="57.52416" lon="12.500953"><ele>86.8</ele></rtept><rtept lat="57.52414" lon="12.500922"><ele>86.8</ele></rtept><rtept lat="57.524127" lon="12.500892"><ele>87.0</ele></rtept><rtept lat="57.524115" lon="12.500863"><ele>87.2</ele></rtept><rtept lat="57.524088" lon="12.500835"><ele>87.0</ele></rtept><rtept lat="57.524077" lon="12.500802"><ele>87.6</ele></rtept><rtept lat="57.524057" lon="12.500763"><ele>87.8</ele></rtept><rtept lat="57.524038" lon="12.500735"><ele>87.8</ele></rtept><rtept lat="57.524018" lon="12.5007"><ele>88.4</ele></rtept><rtept lat="57.524005" lon="12.500673"><ele>88.6</ele></rtept><rtept lat="57.523993" lon="12.500635"><ele>88.4</ele></rtept><rtept lat="57.523973" lon="12.500563"><ele>88.8</ele></rtept><rtept lat="57.52396" lon="12.50052"><ele>88.6</ele></rtept><rtept lat="57.523955" lon="12.500482"><ele>89.0</ele></rtept><rtept lat="57.523942" lon="12.500442"><ele>88.8</ele></rtept><rtept lat="57.523922" lon="12.500398"><ele>88.8</ele></rtept><rtept lat="57.523917" lon="12.500333"><ele>89.0</ele></rtept><rtept lat="57.523903" lon="12.500287"><ele>89.2</ele></rtept><rtept lat="57.523878" lon="12.500247"><ele>89.4</ele></rtept><rtept lat="57.523865" lon="12.5002"><ele>89.2</ele></rtept><rtept lat="57.523845" lon="12.500158"><ele>89.6</ele></rtept><rtept lat="57.52384" lon="12.500118"><ele>90.0</ele></rtept><rtept lat="57.523833" lon="12.500082"><ele>89.8</ele></rtept><rtept lat="57.52382" lon="12.500018"><ele>90.0</ele></rtept><rtept lat="57.523813" lon="12.49998"><ele>89.8</ele></rtept><rtept lat="57.5238" lon="12.499943"><ele>90.0</ele></rtept><rtept lat="57.523788" lon="12.499905"><ele>90.0</ele></rtept><rtept lat="57.523782" lon="12.499865"><ele>90.0</ele></rtept><rtept lat="57.523768" lon="12.49981"><ele>90.2</ele></rtept><rtept lat="57.523757" lon="12.499758"><ele>90.0</ele></rtept><rtept lat="57.523743" lon="12.499715"><ele>90.2</ele></rtept><rtept lat="57.523737" lon="12.49967"><ele>90.4</ele></rtept><rtept lat="57.523723" lon="12.499633"><ele>90.0</ele></rtept><rtept lat="57.523723" lon="12.499597"><ele>90.2</ele></rtept><rtept lat="57.523718" lon="12.499553"><ele>90.4</ele></rtept><rtept lat="57.523712" lon="12.499502"><ele>90.0</ele></rtept><rtept lat="57.523705" lon="12.499453"><ele>90.2</ele></rtept><rtept lat="57.523692" lon="12.499402"><ele>90.4</ele></rtept><rtept lat="57.52368" lon="12.499353"><ele>90.2</ele></rtept><rtept lat="57.523667" lon="12.499308"><ele>90.4</ele></rtept><rtept lat="57.52366" lon="12.499263"><ele>90.4</ele></rtept><rtept lat="57.523653" lon="12.499223"><ele>90.2</ele></rtept><rtept lat="57.52364" lon="12.499185"><ele>90.4</ele></rtept><rtept lat="57.523635" lon="12.49915"><ele>90.4</ele></rtept><rtept lat="57.523628" lon="12.499105"><ele>90.4</ele></rtept><rtept lat="57.523622" lon="12.499065"><ele>90.4</ele></rtept><rtept lat="57.523615" lon="12.499017"><ele>90.2</ele></rtept><rtept lat="57.523602" lon="12.498975"><ele>89.8</ele></rtept><rtept lat="57.523602" lon="12.498933"><ele>90.2</ele></rtept><rtept lat="57.523597" lon="12.498888"><ele>89.8</ele></rtept><rtept lat="57.52359" lon="12.498847"><ele>90.0</ele></rtept><rtept lat="57.523583" lon="12.498802"><ele>90.2</ele></rtept><rtept lat="57.523577" lon="12.498757"><ele>90.0</ele></rtept><rtept lat="57.52357" lon="12.498708"><ele>90.4</ele></rtept><rtept lat="57.523563" lon="12.498658"><ele>90.4</ele></rtept><rtept lat="57.523558" lon="12.498615"><ele>90.2</ele></rtept><rtept lat="57.523552" lon="12.49857"><ele>90.6</ele></rtept><rtept lat="57.523545" lon="12.498523"><ele>90.8</ele></rtept><rtept lat="57.523545" lon="12.498477"><ele>90.6</ele></rtept><rtept lat="57.523538" lon="12.498432"><ele>91.0</ele></rtept><rtept lat="57.523532" lon="12.49839"><ele>91.0</ele></rtept><rtept lat="57.52352" lon="12.498352"><ele>90.6</ele></rtept><rtept lat="57.523507" lon="12.498318"><ele>91.0</ele></rtept><rtept lat="57.5235" lon="12.49828"><ele>91.0</ele></rtept><rtept lat="57.523487" lon="12.498238"><ele>90.8</ele></rtept><rtept lat="57.523468" lon="12.4982"><ele>91.0</ele></rtept><rtept lat="57.523455" lon="12.498162"><ele>90.8</ele></rtept><rtept lat="57.523442" lon="12.498127"><ele>91.0</ele></rtept><rtept lat="57.523423" lon="12.498092"><ele>91.2</ele></rtept><rtept lat="57.523403" lon="12.498042"><ele>90.8</ele></rtept><rtept lat="57.523385" lon="12.498"><ele>90.8</ele></rtept><rtept lat="57.523365" lon="12.49796"><ele>91.2</ele></rtept><rtept lat="57.523347" lon="12.497923"><ele>90.8</ele></rtept><rtept lat="57.523333" lon="12.49788"><ele>91.2</ele></rtept><rtept lat="57.523308" lon="12.49784"><ele>91.0</ele></rtept><rtept lat="57.523295" lon="12.497797"><ele>90.6</ele></rtept><rtept lat="57.523277" lon="12.49775"><ele>90.8</ele></rtept><rtept lat="57.523257" lon="12.497717"><ele>90.6</ele></rtept><rtept lat="57.523243" lon="12.497687"><ele>90.2</ele></rtept><rtept lat="57.523232" lon="12.497657"><ele>90.6</ele></rtept><rtept lat="57.523218" lon="12.497612"><ele>90.2</ele></rtept><rtept lat="57.523205" lon="12.497572"><ele>89.8</ele></rtept><rtept lat="57.523193" lon="12.497538"><ele>90.0</ele></rtept><rtept lat="57.52318" lon="12.497507"><ele>89.8</ele></rtept><rtept lat="57.52316" lon="12.497472"><ele>89.8</ele></rtept><rtept lat="57.523148" lon="12.49744"><ele>90.0</ele></rtept><rtept lat="57.523128" lon="12.497397"><ele>89.6</ele></rtept><rtept lat="57.523117" lon="12.497352"><ele>89.8</ele></rtept><rtept lat="57.523103" lon="12.497308"><ele>90.0</ele></rtept><rtept lat="57.52309" lon="12.497262"><ele>89.8</ele></rtept><rtept lat="57.523083" lon="12.497218"><ele>90.0</ele></rtept><rtept lat="57.523065" lon="12.497182"><ele>90.2</ele></rtept><rtept lat="57.523045" lon="12.49714"><ele>89.8</ele></rtept><rtept lat="57.523033" lon="12.4971"><ele>90.0</ele></rtept><rtept lat="57.523007" lon="12.497068"><ele>90.0</ele></rtept><rtept lat="57.522988" lon="12.497037"><ele>89.6</ele></rtept><rtept lat="57.522975" lon="12.497"><ele>89.8</ele></rtept><rtept lat="57.522957" lon="12.496958"><ele>89.4</ele></rtept><rtept lat="57.522943" lon="12.49692"><ele>89.2</ele></rtept><rtept lat="57.52293" lon="12.496892"><ele>89.6</ele></rtept><rtept lat="57.522912" lon="12.49685"><ele>89.2</ele></rtept><rtept lat="57.522905" lon="12.496813"><ele>89.4</ele></rtept><rtept lat="57.522892" lon="12.496773"><ele>89.6</ele></rtept><rtept lat="57.522873" lon="12.496737"><ele>89.4</ele></rtept><rtept lat="57.52286" lon="12.496707"><ele>89.8</ele></rtept><rtept lat="57.522847" lon="12.496667"><ele>89.8</ele></rtept><rtept lat="57.522828" lon="12.496632"><ele>89.6</ele></rtept><rtept lat="57.522808" lon="12.496562"><ele>89.8</ele></rtept><rtept lat="57.52279" lon="12.496522"><ele>90.2</ele></rtept><rtept lat="57.522783" lon="12.49648"><ele>90.4</ele></rtept><rtept lat="57.522763" lon="12.496423"><ele>90.2</ele></rtept><rtept lat="57.522752" lon="12.496375"><ele>90.6</ele></rtept><rtept lat="57.522738" lon="12.496327"><ele>90.6</ele></rtept><rtept lat="57.522725" lon="12.496282"><ele>90.4</ele></rtept><rtept lat="57.522713" lon="12.496238"><ele>90.8</ele></rtept><rtept lat="57.5227" lon="12.4962"><ele>90.6</ele></rtept><rtept lat="57.52268" lon="12.496165"><ele>90.8</ele></rtept><rtept lat="57.522668" lon="12.496138"><ele>91.0</ele></rtept><rtept lat="57.522648" lon="12.496097"><ele>90.8</ele></rtept><rtept lat="57.522637" lon="12.49606"><ele>91.2</ele></rtept><rtept lat="57.522623" lon="12.496027"><ele>91.2</ele></rtept><rtept lat="57.522603" lon="12.495982"><ele>91.0</ele></rtept><rtept lat="57.522585" lon="12.495932"><ele>91.4</ele></rtept><rtept lat="57.522572" lon="12.49589"><ele>91.2</ele></rtept><rtept lat="57.52256" lon="12.495855"><ele>91.6</ele></rtept><rtept lat="57.52254" lon="12.495802"><ele>91.8</ele></rtept><rtept lat="57.52252" lon="12.495763"><ele>91.4</ele></rtept><rtept lat="57.522502" lon="12.495717"><ele>91.8</ele></rtept><rtept lat="57.522482" lon="12.49567"><ele>92.0</ele></rtept><rtept lat="57.52247" lon="12.49563"><ele>91.8</ele></rtept><rtept lat="57.522457" lon="12.49559"><ele>92.0</ele></rtept><rtept lat="57.522443" lon="12.495547"><ele>91.8</ele></rtept><rtept lat="57.522432" lon="12.495505"><ele>91.6</ele></rtept><rtept lat="57.522412" lon="12.495478"><ele>91.8</ele></rtept><rtept lat="57.5224" lon="12.495438"><ele>91.6</ele></rtept><rtept lat="57.522387" lon="12.4954"><ele>91.4</ele></rtept><rtept lat="57.522373" lon="12.495358"><ele>91.6</ele></rtept><rtept lat="57.522367" lon="12.495313"><ele>91.4</ele></rtept><rtept lat="57.522348" lon="12.495268"><ele>91.4</ele></rtept><rtept lat="57.522328" lon="12.495228"><ele>91.4</ele></rtept><rtept lat="57.522317" lon="12.495182"><ele>91.0</ele></rtept><rtept lat="57.52231" lon="12.495135"><ele>91.2</ele></rtept><rtept lat="57.522297" lon="12.4951"><ele>91.4</ele></rtept><rtept lat="57.522283" lon="12.49506"><ele>90.8</ele></rtept><rtept lat="57.522272" lon="12.495003"><ele>91.0</ele></rtept><rtept lat="57.522265" lon="12.494965"><ele>91.0</ele></rtept><rtept lat="57.522245" lon="12.494912"><ele>90.6</ele></rtept><rtept lat="57.522233" lon="12.494872"><ele>90.6</ele></rtept><rtept lat="57.52222" lon="12.49483"><ele>90.4</ele></rtept><rtept lat="57.522213" lon="12.494787"><ele>90.0</ele></rtept><rtept lat="57.522207" lon="12.494745"><ele>90.2</ele></rtept><rtept lat="57.522195" lon="12.494705"><ele>89.8</ele></rtept><rtept lat="57.522182" lon="12.494657"><ele>89.6</ele></rtept><rtept lat="57.522168" lon="12.494607"><ele>89.6</ele></rtept><rtept lat="57.522157" lon="12.494562"><ele>89.4</ele></rtept><rtept lat="57.52215" lon="12.494522"><ele>89.2</ele></rtept><rtept lat="57.52213" lon="12.494478"><ele>89.6</ele></rtept><rtept lat="57.522112" lon="12.494428"><ele>89.4</ele></rtept><rtept lat="57.522098" lon="12.49439"><ele>89.6</ele></rtept><rtept lat="57.522085" lon="12.494348"><ele>89.8</ele></rtept><rtept lat="57.522073" lon="12.49431"><ele>89.6</ele></rtept><rtept lat="57.52206" lon="12.494275"><ele>89.8</ele></rtept><rtept lat="57.522047" lon="12.494245"><ele>89.6</ele></rtept><rtept lat="57.522028" lon="12.494215"><ele>89.8</ele></rtept><rtept lat="57.522015" lon="12.494178"><ele>90.0</ele></rtept><rtept lat="57.521997" lon="12.494142"><ele>89.8</ele></rtept><rtept lat="57.521977" lon="12.494105"><ele>90.4</ele></rtept><rtept lat="57.521963" lon="12.494065"><ele>90.4</ele></rtept><rtept lat="57.521952" lon="12.494025"><ele>90.4</ele></rtept><rtept lat="57.521932" lon="12.493987"><ele>90.6</ele></rtept><rtept lat="57.521913" lon="12.493947"><ele>90.6</ele></rtept><rtept lat="57.521893" lon="12.493913"><ele>91.0</ele></rtept><rtept lat="57.521875" lon="12.493888"><ele>91.4</ele></rtept><rtept lat="57.521848" lon="12.493867"><ele>91.4</ele></rtept><rtept lat="57.52183" lon="12.493838"><ele>91.6</ele></rtept><rtept lat="57.52181" lon="12.493815"><ele>91.4</ele></rtept><rtept lat="57.521792" lon="12.493788"><ele>91.4</ele></rtept><rtept lat="57.521772" lon="12.493748"><ele>91.6</ele></rtept><rtept lat="57.521753" lon="12.493715"><ele>91.6</ele></rtept><rtept lat="57.521733" lon="12.493682"><ele>91.8</ele></rtept><rtept lat="57.52172" lon="12.493653"><ele>91.8</ele></rtept><rtept lat="57.521708" lon="12.493623"><ele>91.6</ele></rtept><rtept lat="57.521688" lon="12.493588"><ele>91.8</ele></rtept><rtept lat="57.52167" lon="12.49355"><ele>91.8</ele></rtept><rtept lat="57.521657" lon="12.493517"><ele>91.6</ele></rtept><rtept lat="57.521643" lon="12.49348"><ele>91.6</ele></rtept><rtept lat="57.521632" lon="12.493445"><ele>91.6</ele></rtept><rtept lat="57.521612" lon="12.493412"><ele>91.4</ele></rtept><rtept lat="57.521593" lon="12.493375"><ele>91.6</ele></rtept><rtept lat="57.52158" lon="12.493325"><ele>91.4</ele></rtept><rtept lat="57.521567" lon="12.493278"><ele>91.2</ele></rtept><rtept lat="57.521555" lon="12.493212"><ele>91.2</ele></rtept><rtept lat="57.521542" lon="12.493177"><ele>91.2</ele></rtept><rtept lat="57.521528" lon="12.493123"><ele>91.2</ele></rtept><rtept lat="57.521517" lon="12.493087"><ele>91.0</ele></rtept><rtept lat="57.521503" lon="12.493042"><ele>91.2</ele></rtept><rtept lat="57.52149" lon="12.493002"><ele>91.4</ele></rtept><rtept lat="57.521478" lon="12.49296"><ele>91.0</ele></rtept><rtept lat="57.521472" lon="12.49292"><ele>91.4</ele></rtept><rtept lat="57.521458" lon="12.49288"><ele>91.4</ele></rtept><rtept lat="57.52144" lon="12.492837"><ele>91.2</ele></rtept><rtept lat="57.521427" lon="12.492785"><ele>91.2</ele></rtept><rtept lat="57.521413" lon="12.492752"><ele>91.0</ele></rtept><rtept lat="57.5214" lon="12.49271"><ele>91.0</ele></rtept><rtept lat="57.521395" lon="12.492665"><ele>91.0</ele></rtept><rtept lat="57.521382" lon="12.492627"><ele>90.8</ele></rtept><rtept lat="57.521368" lon="12.49256"><ele>90.8</ele></rtept><rtept lat="57.521357" lon="12.492523"><ele>90.6</ele></rtept><rtept lat="57.521343" lon="12.492488"><ele>90.2</ele></rtept><rtept lat="57.521323" lon="12.492463"><ele>90.2</ele></rtept><rtept lat="57.521298" lon="12.492435"><ele>90.0</ele></rtept><rtept lat="57.521273" lon="12.492408"><ele>89.6</ele></rtept><rtept lat="57.52124" lon="12.492393"><ele>89.6</ele></rtept><rtept lat="57.521208" lon="12.492375"><ele>89.2</ele></rtept><rtept lat="57.521183" lon="12.492348"><ele>89.0</ele></rtept><rtept lat="57.521163" lon="12.49231"><ele>89.0</ele></rtept><rtept lat="57.521145" lon="12.492268"><ele>88.6</ele></rtept><rtept lat="57.52112" lon="12.492248"><ele>88.2</ele></rtept><rtept lat="57.5211" lon="12.492225"><ele>88.2</ele></rtept><rtept lat="57.52108" lon="12.492203"><ele>88.0</ele></rtept><rtept lat="57.521055" lon="12.492168"><ele>87.8</ele></rtept><rtept lat="57.521037" lon="12.492137"><ele>87.8</ele></rtept><rtept lat="57.521017" lon="12.492107"><ele>87.4</ele></rtept><rtept lat="57.520992" lon="12.492078"><ele>87.2</ele></rtept><rtept lat="57.520965" lon="12.492052"><ele>87.4</ele></rtept><rtept lat="57.520953" lon="12.492015"><ele>86.8</ele></rtept><rtept lat="57.520927" lon="12.491982"><ele>87.0</ele></rtept><rtept lat="57.520895" lon="12.491942"><ele>87.2</ele></rtept><rtept lat="57.52087" lon="12.491908"><ele>86.8</ele></rtept><rtept lat="57.520838" lon="12.491887"><ele>87.0</ele></rtept><rtept lat="57.520812" lon="12.49186"><ele>86.8</ele></rtept><rtept lat="57.520787" lon="12.491833"><ele>86.6</ele></rtept><rtept lat="57.520767" lon="12.491807"><ele>86.8</ele></rtept><rtept lat="57.520748" lon="12.49178"><ele>86.6</ele></rtept><rtept lat="57.520722" lon="12.491758"><ele>87.0</ele></rtept><rtept lat="57.520703" lon="12.491735"><ele>87.0</ele></rtept><rtept lat="57.520683" lon="12.491702"><ele>87.0</ele></rtept><rtept lat="57.520672" lon="12.491673"><ele>87.2</ele></rtept><rtept lat="57.520645" lon="12.491635"><ele>87.0</ele></rtept><rtept lat="57.520627" lon="12.491608"><ele>87.2</ele></rtept><rtept lat="57.5206" lon="12.491588"><ele>87.4</ele></rtept><rtept lat="57.520582" lon="12.491568"><ele>87.0</ele></rtept><rtept lat="57.520562" lon="12.491543"><ele>87.2</ele></rtept><rtept lat="57.520543" lon="12.49151"><ele>87.2</ele></rtept><rtept lat="57.520537" lon="12.491475"><ele>87.6</ele></rtept><rtept lat="57.520523" lon="12.49144"><ele>88.0</ele></rtept><rtept lat="57.520505" lon="12.49139"><ele>88.0</ele></rtept><rtept lat="57.520485" lon="12.491345"><ele>88.2</ele></rtept><rtept lat="57.520473" lon="12.491302"><ele>87.6</ele></rtept><rtept lat="57.52046" lon="12.49126"><ele>87.6</ele></rtept><rtept lat="57.520447" lon="12.491217"><ele>87.6</ele></rtept><rtept lat="57.520435" lon="12.49118"><ele>87.2</ele></rtept><rtept lat="57.520422" lon="12.491147"><ele>87.2</ele></rtept><rtept lat="57.520402" lon="12.491112"><ele>87.0</ele></rtept><rtept lat="57.52039" lon="12.491072"><ele>86.4</ele></rtept><rtept lat="57.52037" lon="12.491033"><ele>86.6</ele></rtept><rtept lat="57.520358" lon="12.49099"><ele>86.0</ele></rtept><rtept lat="57.520338" lon="12.490948"><ele>85.6</ele></rtept><rtept lat="57.520313" lon="12.490915"><ele>85.6</ele></rtept><rtept lat="57.520287" lon="12.49089"><ele>85.0</ele></rtept><rtept lat="57.520262" lon="12.49087"><ele>84.8</ele></rtept><rtept lat="57.520237" lon="12.490843"><ele>84.8</ele></rtept><rtept lat="57.52021" lon="12.490815"><ele>84.0</ele></rtept><rtept lat="57.520198" lon="12.490777"><ele>83.8</ele></rtept><rtept lat="57.520185" lon="12.490735"><ele>83.8</ele></rtept><rtept lat="57.520165" lon="12.49069"><ele>83.2</ele></rtept><rtept lat="57.520147" lon="12.490645"><ele>83.4</ele></rtept><rtept lat="57.520133" lon="12.490605"><ele>83.0</ele></rtept><rtept lat="57.52012" lon="12.490567"><ele>82.6</ele></rtept><rtept lat="57.520108" lon="12.490527"><ele>82.6</ele></rtept><rtept lat="57.520088" lon="12.490487"><ele>82.2</ele></rtept><rtept lat="57.520082" lon="12.490447"><ele>82.2</ele></rtept><rtept lat="57.520063" lon="12.490407"><ele>82.2</ele></rtept><rtept lat="57.52005" lon="12.490363"><ele>81.8</ele></rtept><rtept lat="57.520032" lon="12.490323"><ele>82.2</ele></rtept><rtept lat="57.520012" lon="12.490282"><ele>82.2</ele></rtept><rtept lat="57.519993" lon="12.490248"><ele>82.0</ele></rtept><rtept lat="57.519973" lon="12.490228"><ele>82.4</ele></rtept><rtept lat="57.519948" lon="12.490195"><ele>82.6</ele></rtept><rtept lat="57.519928" lon="12.490173"><ele>82.8</ele></rtept><rtept lat="57.519903" lon="12.49013"><ele>82.4</ele></rtept><rtept lat="57.519872" lon="12.490085"><ele>82.4</ele></rtept><rtept lat="57.519852" lon="12.490043"><ele>82.4</ele></rtept><rtept lat="57.519827" lon="12.490003"><ele>81.8</ele></rtept><rtept lat="57.519807" lon="12.48996"><ele>82.0</ele></rtept><rtept lat="57.519795" lon="12.489905"><ele>81.4</ele></rtept><rtept lat="57.519788" lon="12.489858"><ele>81.2</ele></rtept><rtept lat="57.519775" lon="12.489813"><ele>81.2</ele></rtept><rtept lat="57.519768" lon="12.489772"><ele>80.6</ele></rtept><rtept lat="57.519757" lon="12.489727"><ele>81.0</ele></rtept><rtept lat="57.519743" lon="12.489682"><ele>80.8</ele></rtept><rtept lat="57.519737" lon="12.48964"><ele>80.4</ele></rtept><rtept lat="57.519718" lon="12.489575"><ele>80.6</ele></rtept><rtept lat="57.519705" lon="12.489513"><ele>80.4</ele></rtept><rtept lat="57.519685" lon="12.48944"><ele>80.2</ele></rtept><rtept lat="57.519667" lon="12.48937"><ele>80.4</ele></rtept><rtept lat="57.519647" lon="12.489297"><ele>80.0</ele></rtept><rtept lat="57.519608" lon="12.489218"><ele>79.6</ele></rtept><rtept lat="57.519563" lon="12.489138"><ele>79.8</ele></rtept><rtept lat="57.519532" lon="12.4891"><ele>79.6</ele></rtept><rtept lat="57.51952" lon="12.489052"><ele>79.2</ele></rtept><rtept lat="57.51948" lon="12.488992"><ele>79.2</ele></rtept><rtept lat="57.519437" lon="12.488948"><ele>78.8</ele></rtept><rtept lat="57.519398" lon="12.488915"><ele>79.0</ele></rtept><rtept lat="57.519372" lon="12.488875"><ele>79.0</ele></rtept><rtept lat="57.519353" lon="12.488805"><ele>78.6</ele></rtept><rtept lat="57.519333" lon="12.488728"><ele>78.6</ele></rtept><rtept lat="57.519327" lon="12.488665"><ele>78.6</ele></rtept><rtept lat="57.519327" lon="12.488617"><ele>78.0</ele></rtept><rtept lat="57.519327" lon="12.488565"><ele>78.4</ele></rtept><rtept lat="57.51932" lon="12.488512"><ele>78.2</ele></rtept><rtept lat="57.51932" lon="12.488467"><ele>77.6</ele></rtept><rtept lat="57.519327" lon="12.488432"><ele>77.8</ele></rtept><rtept lat="57.519327" lon="12.488368"><ele>77.4</ele></rtept><rtept lat="57.519327" lon="12.488318"><ele>77.0</ele></rtept><rtept lat="57.519333" lon="12.488267"><ele>77.2</ele></rtept><rtept lat="57.519347" lon="12.488212"><ele>77.0</ele></rtept><rtept lat="57.519353" lon="12.488167"><ele>76.4</ele></rtept><rtept lat="57.519372" lon="12.48811"><ele>76.4</ele></rtept><rtept lat="57.519385" lon="12.48806"><ele>75.8</ele></rtept><rtept lat="57.519392" lon="12.488018"><ele>75.4</ele></rtept><rtept lat="57.519398" lon="12.487965"><ele>75.2</ele></rtept><rtept lat="57.519398" lon="12.487912"><ele>74.8</ele></rtept><rtept lat="57.519398" lon="12.487862"><ele>74.4</ele></rtept><rtept lat="57.519398" lon="12.487812"><ele>74.6</ele></rtept><rtept lat="57.519398" lon="12.487767"><ele>74.0</ele></rtept><rtept lat="57.519398" lon="12.487718"><ele>74.2</ele></rtept><rtept lat="57.519392" lon="12.487667"><ele>74.0</ele></rtept><rtept lat="57.519392" lon="12.48762"><ele>73.6</ele></rtept><rtept lat="57.519385" lon="12.487573"><ele>73.8</ele></rtept><rtept lat="57.519372" lon="12.487523"><ele>73.6</ele></rtept><rtept lat="57.519365" lon="12.487475"><ele>73.2</ele></rtept><rtept lat="57.519365" lon="12.487438"><ele>73.4</ele></rtept><rtept lat="57.51936" lon="12.487393"><ele>73.0</ele></rtept><rtept lat="57.519347" lon="12.487343"><ele>72.8</ele></rtept><rtept lat="57.519347" lon="12.4873"><ele>73.0</ele></rtept><rtept lat="57.519333" lon="12.487263"><ele>72.6</ele></rtept><rtept lat="57.519327" lon="12.487217"><ele>72.8</ele></rtept><rtept lat="57.519308" lon="12.487182"><ele>72.8</ele></rtept><rtept lat="57.519288" lon="12.48716"><ele>72.4</ele></rtept><rtept lat="57.51927" lon="12.487145"><ele>72.6</ele></rtept><rtept lat="57.519243" lon="12.487142"><ele>72.2</ele></rtept><rtept lat="57.519218" lon="12.487155"><ele>72.4</ele></rtept><rtept lat="57.519187" lon="12.487175"><ele>72.4</ele></rtept><rtept lat="57.519167" lon="12.487217"><ele>72.0</ele></rtept><rtept lat="57.519135" lon="12.487248"><ele>72.2</ele></rtept><rtept lat="57.51911" lon="12.48727"><ele>72.0</ele></rtept><rtept lat="57.519078" lon="12.487293"><ele>72.2</ele></rtept><rtept lat="57.519052" lon="12.487315"><ele>72.4</ele></rtept><rtept lat="57.519033" lon="12.487337"><ele>72.4</ele></rtept><rtept lat="57.519013" lon="12.487355"><ele>72.8</ele></rtept><rtept lat="57.518988" lon="12.48737"><ele>72.8</ele></rtept><rtept lat="57.518968" lon="12.487388"><ele>73.2</ele></rtept><rtept lat="57.518943" lon="12.487402"><ele>73.6</ele></rtept><rtept lat="57.518912" lon="12.487422"><ele>73.8</ele></rtept><rtept lat="57.518885" lon="12.487442"><ele>74.2</ele></rtept><rtept lat="57.518853" lon="12.487455"><ele>74.2</ele></rtept><rtept lat="57.518822" lon="12.48745"><ele>74.4</ele></rtept><rtept lat="57.518797" lon="12.487438"><ele>74.8</ele></rtept><rtept lat="57.51877" lon="12.48742"><ele>74.6</ele></rtept><rtept lat="57.518738" lon="12.48741"><ele>75.0</ele></rtept><rtept lat="57.51872" lon="12.4874"><ele>75.2</ele></rtept><rtept lat="57.518693" lon="12.487385"><ele>75.0</ele></rtept><rtept lat="57.518675" lon="12.487368"><ele>75.2</ele></rtept><rtept lat="57.518655" lon="12.48735"><ele>75.4</ele></rtept><rtept lat="57.518637" lon="12.487333"><ele>75.0</ele></rtept><rtept lat="57.518617" lon="12.487313"><ele>75.2</ele></rtept><rtept lat="57.518592" lon="12.487297"><ele>75.2</ele></rtept><rtept lat="57.518572" lon="12.48729"><ele>74.8</ele></rtept><rtept lat="57.51854" lon="12.48728"><ele>75.0</ele></rtept><rtept lat="57.51852" lon="12.48727"><ele>74.8</ele></rtept><rtept lat="57.518482" lon="12.48725"><ele>75.2</ele></rtept><rtept lat="57.518463" lon="12.48724"><ele>75.0</ele></rtept><rtept lat="57.518443" lon="12.487232"><ele>75.4</ele></rtept><rtept lat="57.518418" lon="12.487223"><ele>75.4</ele></rtept><rtept lat="57.5184" lon="12.487212"><ele>75.8</ele></rtept><rtept lat="57.51838" lon="12.487197"><ele>76.2</ele></rtept><rtept lat="57.51836" lon="12.48718"><ele>76.2</ele></rtept><rtept lat="57.518342" lon="12.487165"><ele>76.6</ele></rtept><rtept lat="57.518322" lon="12.48715"><ele>76.4</ele></rtept><rtept lat="57.518303" lon="12.487135"><ele>76.6</ele></rtept><rtept lat="57.518283" lon="12.487118"><ele>76.8</ele></rtept><rtept lat="57.518258" lon="12.487102"><ele>77.0</ele></rtept><rtept lat="57.51824" lon="12.487138"><ele>77.6</ele></rtept><rtept lat="57.51822" lon="12.48717"><ele>77.6</ele></rtept><rtept lat="57.518195" lon="12.487202"><ele>77.6</ele></rtept><rtept lat="57.518175" lon="12.487237"><ele>77.4</ele></rtept><rtept lat="57.518162" lon="12.487265"><ele>77.6</ele></rtept><rtept lat="57.518137" lon="12.487295"><ele>77.2</ele></rtept><rtept lat="57.518123" lon="12.48732"><ele>77.2</ele></rtept><rtept lat="57.518105" lon="12.487333"><ele>77.4</ele></rtept><rtept lat="57.518085" lon="12.487338"><ele>77.0</ele></rtept><rtept lat="57.518067" lon="12.487343"><ele>77.0</ele></rtept><rtept lat="57.51804" lon="12.487355"><ele>77.0</ele></rtept><rtept lat="57.518022" lon="12.487368"><ele>76.6</ele></rtept><rtept lat="57.518002" lon="12.487375"><ele>76.4</ele></rtept><rtept lat="57.517977" lon="12.48738"><ele>76.4</ele></rtept><rtept lat="57.517952" lon="12.487383"><ele>76.2</ele></rtept><rtept lat="57.517925" lon="12.487393"><ele>75.4</ele></rtept><rtept lat="57.5179" lon="12.487415"><ele>75.2</ele></rtept><rtept lat="57.517868" lon="12.487445"><ele>75.2</ele></rtept><rtept lat="57.517848" lon="12.48747"><ele>74.6</ele></rtept><rtept lat="57.517823" lon="12.487493"><ele>74.4</ele></rtept><rtept lat="57.51781" lon="12.487518"><ele>74.2</ele></rtept><rtept lat="57.517792" lon="12.487552"><ele>73.6</ele></rtept><rtept lat="57.517765" lon="12.487587"><ele>73.8</ele></rtept><rtept lat="57.517747" lon="12.48762"><ele>73.6</ele></rtept><rtept lat="57.51772" lon="12.487652"><ele>73.2</ele></rtept><rtept lat="57.517702" lon="12.487687"><ele>73.4</ele></rtept><rtept lat="57.51767" lon="12.487718"><ele>73.4</ele></rtept><rtept lat="57.517643" lon="12.487738"><ele>73.2</ele></rtept><rtept lat="57.517618" lon="12.487745"><ele>73.4</ele></rtept><rtept lat="57.5176" lon="12.487742"><ele>73.0</ele></rtept><rtept lat="57.517573" lon="12.48774"><ele>73.0</ele></rtept><rtept lat="57.517548" lon="12.487747"><ele>73.0</ele></rtept><rtept lat="57.517522" lon="12.487765"><ele>73.0</ele></rtept><rtept lat="57.517497" lon="12.487787"><ele>73.0</ele></rtept><rtept lat="57.517465" lon="12.4878"><ele>73.2</ele></rtept><rtept lat="57.51744" lon="12.487807"><ele>72.8</ele></rtept><rtept lat="57.517407" lon="12.487812"><ele>73.2</ele></rtept><rtept lat="57.517375" lon="12.487812"><ele>72.8</ele></rtept><rtept lat="57.51735" lon="12.487815"><ele>73.0</ele></rtept><rtept lat="57.517323" lon="12.487815"><ele>73.2</ele></rtept><rtept lat="57.517292" lon="12.48782"><ele>72.8</ele></rtept><rtept lat="57.517273" lon="12.487822"><ele>73.0</ele></rtept><rtept lat="57.51724" lon="12.487815"><ele>73.0</ele></rtept><rtept lat="57.517222" lon="12.487802"><ele>73.0</ele></rtept><rtept lat="57.517202" lon="12.48779"><ele>73.2</ele></rtept><rtept lat="57.517177" lon="12.487778"><ele>73.0</ele></rtept><rtept lat="57.517158" lon="12.487765"><ele>73.2</ele></rtept><rtept lat="57.517132" lon="12.487757"><ele>73.0</ele></rtept><rtept lat="57.517107" lon="12.487738"><ele>73.0</ele></rtept><rtept lat="57.517087" lon="12.48772"><ele>73.2</ele></rtept><rtept lat="57.517062" lon="12.487698"><ele>72.8</ele></rtept><rtept lat="57.51703" lon="12.487685"><ele>73.2</ele></rtept><rtept lat="57.517003" lon="12.487677"><ele>73.2</ele></rtept><rtept lat="57.516972" lon="12.487668"><ele>73.2</ele></rtept><rtept lat="57.516953" lon="12.487658"><ele>73.4</ele></rtept><rtept lat="57.516933" lon="12.487653"><ele>73.4</ele></rtept><rtept lat="57.516908" lon="12.487642"><ele>73.6</ele></rtept><rtept lat="57.516888" lon="12.487618"><ele>73.8</ele></rtept><rtept lat="57.51687" lon="12.487592"><ele>73.4</ele></rtept><rtept lat="57.51685" lon="12.487578"><ele>73.8</ele></rtept><rtept lat="57.516812" lon="12.487537"><ele>73.6</ele></rtept><rtept lat="57.516793" lon="12.487518"><ele>73.6</ele></rtept><rtept lat="57.516773" lon="12.487512"><ele>73.4</ele></rtept><rtept lat="57.516748" lon="12.487507"><ele>73.6</ele></rtept><rtept lat="57.516728" lon="12.487502"><ele>73.6</ele></rtept><rtept lat="57.516697" lon="12.487495"><ele>73.4</ele></rtept><rtept lat="57.516665" lon="12.487473"><ele>73.6</ele></rtept><rtept lat="57.51664" lon="12.48742"><ele>74.2</ele></rtept><rtept lat="57.51662" lon="12.48739"><ele>74.0</ele></rtept><rtept lat="57.5166" lon="12.48736"><ele>74.4</ele></rtept><rtept lat="57.516582" lon="12.48734"><ele>74.6</ele></rtept><rtept lat="57.516562" lon="12.487337"><ele>74.4</ele></rtept><rtept lat="57.51653" lon="12.487323"><ele>74.6</ele></rtept><rtept lat="57.516512" lon="12.487315"><ele>75.4</ele></rtept><rtept lat="57.516492" lon="12.487315"><ele>75.4</ele></rtept><rtept lat="57.516473" lon="12.487318"><ele>76.0</ele></rtept><rtept lat="57.516453" lon="12.48732"><ele>76.2</ele></rtept><rtept lat="57.516435" lon="12.48732"><ele>76.2</ele></rtept><rtept lat="57.516415" lon="12.487317"><ele>76.6</ele></rtept><rtept lat="57.516397" lon="12.487317"><ele>76.4</ele></rtept><rtept lat="57.516377" lon="12.487313"><ele>77.0</ele></rtept><rtept lat="57.516358" lon="12.48731"><ele>77.2</ele></rtept><rtept lat="57.51632" lon="12.487303"><ele>77.6</ele></rtept><rtept lat="57.5163" lon="12.487305"><ele>77.8</ele></rtept><rtept lat="57.516275" lon="12.487303"><ele>77.6</ele></rtept><rtept lat="57.516255" lon="12.487303"><ele>78.0</ele></rtept><rtept lat="57.516217" lon="12.487315"><ele>77.8</ele></rtept><rtept lat="57.516192" lon="12.48731"><ele>78.2</ele></rtept><rtept lat="57.516172" lon="12.487303"><ele>78.0</ele></rtept><rtept lat="57.516153" lon="12.4873"><ele>78.2</ele></rtept><rtept lat="57.516127" lon="12.487303"><ele>78.4</ele></rtept><rtept lat="57.516095" lon="12.487308"><ele>78.4</ele></rtept><rtept lat="57.516077" lon="12.487298"><ele>78.8</ele></rtept><rtept lat="57.516057" lon="12.487283"><ele>78.8</ele></rtept><rtept lat="57.516038" lon="12.487277"><ele>78.8</ele></rtept><rtept lat="57.516018" lon="12.487275"><ele>79.2</ele></rtept><rtept lat="57.515998" lon="12.487273"><ele>79.4</ele></rtept><rtept lat="57.51598" lon="12.487263"><ele>79.4</ele></rtept><rtept lat="57.51596" lon="12.487257"><ele>79.8</ele></rtept><rtept lat="57.515942" lon="12.48725"><ele>79.8</ele></rtept><rtept lat="57.515917" lon="12.48725"><ele>80.0</ele></rtept><rtept lat="57.51589" lon="12.487252"><ele>80.4</ele></rtept><rtept lat="57.515872" lon="12.487252"><ele>80.4</ele></rtept><rtept lat="57.515852" lon="12.487252"><ele>80.8</ele></rtept><rtept lat="57.515833" lon="12.48726"><ele>81.0</ele></rtept><rtept lat="57.515813" lon="12.487265"><ele>81.2</ele></rtept><rtept lat="57.515795" lon="12.48728"><ele>81.0</ele></rtept><rtept lat="57.515775" lon="12.48729"><ele>81.4</ele></rtept><rtept lat="57.515757" lon="12.4873"><ele>81.6</ele></rtept><rtept lat="57.515737" lon="12.487308"><ele>81.4</ele></rtept><rtept lat="57.515712" lon="12.487318"><ele>81.6</ele></rtept><rtept lat="57.515692" lon="12.48733"><ele>81.6</ele></rtept><rtept lat="57.515653" lon="12.487355"><ele>81.8</ele></rtept><rtept lat="57.515635" lon="12.487375"><ele>81.8</ele></rtept><rtept lat="57.515615" lon="12.487393"><ele>82.0</ele></rtept><rtept lat="57.515583" lon="12.487413"><ele>81.8</ele></rtept><rtept lat="57.515558" lon="12.487433"><ele>81.8</ele></rtept><rtept lat="57.515532" lon="12.48746"><ele>82.0</ele></rtept><rtept lat="57.515513" lon="12.487483"><ele>81.8</ele></rtept><rtept lat="57.515493" lon="12.487503"><ele>81.8</ele></rtept><rtept lat="57.515468" lon="12.487522"><ele>82.0</ele></rtept><rtept lat="57.515423" lon="12.487552"><ele>81.8</ele></rtept><rtept lat="57.515403" lon="12.487567"><ele>82.0</ele></rtept><rtept lat="57.515378" lon="12.487587"><ele>82.0</ele></rtept><rtept lat="57.51536" lon="12.487617"><ele>82.0</ele></rtept><rtept lat="57.515327" lon="12.487657"><ele>82.0</ele></rtept><rtept lat="57.515302" lon="12.487682"><ele>81.8</ele></rtept><rtept lat="57.515277" lon="12.487713"><ele>82.0</ele></rtept><rtept lat="57.515238" lon="12.487782"><ele>81.8</ele></rtept><rtept lat="57.515187" lon="12.487835"><ele>82.2</ele></rtept><rtept lat="57.515155" lon="12.487882"><ele>82.8</ele></rtept><rtept lat="57.515117" lon="12.48794"><ele>82.6</ele></rtept><rtept lat="57.515078" lon="12.488"><ele>82.8</ele></rtept><rtept lat="57.515045" lon="12.48805"><ele>82.6</ele></rtept><rtept lat="57.515013" lon="12.488098"><ele>82.2</ele></rtept><rtept lat="57.514988" lon="12.488138"><ele>82.2</ele></rtept><rtept lat="57.514962" lon="12.488168"><ele>82.0</ele></rtept><rtept lat="57.514943" lon="12.488193"><ele>81.6</ele></rtept><rtept lat="57.514923" lon="12.488217"><ele>81.6</ele></rtept><rtept lat="57.514873" lon="12.488242"><ele>81.2</ele></rtept><rtept lat="57.51486" lon="12.488268"><ele>81.0</ele></rtept><rtept lat="57.514808" lon="12.48832"><ele>81.0</ele></rtept><rtept lat="57.514758" lon="12.488373"><ele>80.8</ele></rtept><rtept lat="57.514738" lon="12.488388"><ele>80.8</ele></rtept><rtept lat="57.514718" lon="12.488418"><ele>80.8</ele></rtept><rtept lat="57.5147" lon="12.488447"><ele>80.4</ele></rtept><rtept lat="57.514675" lon="12.488472"><ele>80.6</ele></rtept><rtept lat="57.514642" lon="12.48849"><ele>80.6</ele></rtept><rtept lat="57.514603" lon="12.48852"><ele>80.8</ele></rtept><rtept lat="57.514578" lon="12.488532"><ele>80.8</ele></rtept><rtept lat="57.51456" lon="12.488557"><ele>80.4</ele></rtept><rtept lat="57.51454" lon="12.488572"><ele>80.2</ele></rtept><rtept lat="57.514495" lon="12.48861"><ele>80.0</ele></rtept><rtept lat="57.514463" lon="12.48861"><ele>80.0</ele></rtept><rtept lat="57.51447" lon="12.488572"><ele>79.8</ele></rtept><rtept lat="57.51445" lon="12.488585"><ele>80.0</ele></rtept><rtept lat="57.514432" lon="12.488597"><ele>79.8</ele></rtept><rtept lat="57.514412" lon="12.488612"><ele>80.2</ele></rtept><rtept lat="57.514387" lon="12.48863"><ele>80.0</ele></rtept><rtept lat="57.514367" lon="12.488648"><ele>80.0</ele></rtept><rtept lat="57.514342" lon="12.48867"><ele>80.2</ele></rtept><rtept lat="57.51431" lon="12.48869"><ele>80.0</ele></rtept><rtept lat="57.514278" lon="12.488717"><ele>80.4</ele></rtept><rtept lat="57.514258" lon="12.48872"><ele>80.2</ele></rtept><rtept lat="57.51424" lon="12.488728"><ele>80.6</ele></rtept><rtept lat="57.51422" lon="12.488735"><ele>80.4</ele></rtept><rtept lat="57.5142" lon="12.488738"><ele>80.4</ele></rtept><rtept lat="57.514182" lon="12.488738"><ele>80.6</ele></rtept><rtept lat="57.514162" lon="12.488745"><ele>80.4</ele></rtept><rtept lat="57.514143" lon="12.488755"><ele>80.6</ele></rtept><rtept lat="57.514118" lon="12.488788"><ele>80.6</ele></rtept><rtept lat="57.514098" lon="12.488808"><ele>80.8</ele></rtept><rtept lat="57.51408" lon="12.48882"><ele>80.8</ele></rtept><rtept lat="57.514053" lon="12.488863"><ele>80.8</ele></rtept><rtept lat="57.51404" lon="12.488895"><ele>80.6</ele></rtept><rtept lat="57.514035" lon="12.48894"><ele>81.2</ele></rtept><rtept lat="57.514022" lon="12.48898"><ele>81.2</ele></rtept><rtept lat="57.513997" lon="12.489032"><ele>81.0</ele></rtept><rtept lat="57.51397" lon="12.489083"><ele>81.2</ele></rtept><rtept lat="57.513952" lon="12.489125"><ele>81.0</ele></rtept><rtept lat="57.513925" lon="12.489182"><ele>81.0</ele></rtept><rtept lat="57.513893" lon="12.489252"><ele>80.8</ele></rtept><rtept lat="57.513868" lon="12.489323"><ele>80.6</ele></rtept><rtept lat="57.513855" lon="12.489393"><ele>80.8</ele></rtept><rtept lat="57.513837" lon="12.489438"><ele>80.6</ele></rtept><rtept lat="57.513837" lon="12.489488"><ele>80.4</ele></rtept><rtept lat="57.51383" lon="12.489542"><ele>80.6</ele></rtept><rtept lat="57.513817" lon="12.489588"><ele>80.2</ele></rtept><rtept lat="57.513792" lon="12.489643"><ele>79.8</ele></rtept><rtept lat="57.513772" lon="12.489682"><ele>80.0</ele></rtept><rtept lat="57.513747" lon="12.489733"><ele>79.6</ele></rtept><rtept lat="57.513727" lon="12.489778"><ele>80.0</ele></rtept><rtept lat="57.513695" lon="12.489813"><ele>79.8</ele></rtept><rtept lat="57.513677" lon="12.489855"><ele>79.6</ele></rtept><rtept lat="57.513657" lon="12.489885"><ele>79.6</ele></rtept><rtept lat="57.513632" lon="12.48992"><ele>79.6</ele></rtept><rtept lat="57.513605" lon="12.489957"><ele>79.8</ele></rtept><rtept lat="57.513555" lon="12.49002"><ele>80.0</ele></rtept><rtept lat="57.513528" lon="12.49007"><ele>79.8</ele></rtept><rtept lat="57.513503" lon="12.490103"><ele>80.0</ele></rtept><rtept lat="57.513478" lon="12.490135"><ele>80.2</ele></rtept><rtept lat="57.513452" lon="12.490168"><ele>80.0</ele></rtept><rtept lat="57.513433" lon="12.490145"><ele>80.4</ele></rtept><rtept lat="57.513413" lon="12.49014"><ele>80.8</ele></rtept><rtept lat="57.513395" lon="12.49014"><ele>80.8</ele></rtept><rtept lat="57.513375" lon="12.49013"><ele>81.2</ele></rtept><rtept lat="57.513357" lon="12.490123"><ele>81.2</ele></rtept><rtept lat="57.51333" lon="12.490108"><ele>81.6</ele></rtept><rtept lat="57.513312" lon="12.490108"><ele>81.8</ele></rtept><rtept lat="57.513292" lon="12.490108"><ele>82.2</ele></rtept><rtept lat="57.513273" lon="12.490108"><ele>82.4</ele></rtept><rtept lat="57.513247" lon="12.490115"><ele>82.8</ele></rtept><rtept lat="57.513222" lon="12.490113"><ele>83.4</ele></rtept><rtept lat="57.513202" lon="12.49011"><ele>83.8</ele></rtept><rtept lat="57.51317" lon="12.490105"><ele>84.4</ele></rtept><rtept lat="57.513145" lon="12.490118"><ele>84.6</ele></rtept><rtept lat="57.51312" lon="12.49013"><ele>84.6</ele></rtept><rtept lat="57.51308" lon="12.490168"><ele>85.0</ele></rtept><rtept lat="57.513042" lon="12.490213"><ele>85.2</ele></rtept><rtept lat="57.512998" lon="12.490248"><ele>85.6</ele></rtept><rtept lat="57.512972" lon="12.490278"><ele>86.0</ele></rtept><rtept lat="57.512933" lon="12.490283"><ele>85.8</ele></rtept><rtept lat="57.512902" lon="12.490275"><ele>86.2</ele></rtept><rtept lat="57.512877" lon="12.49027"><ele>86.2</ele></rtept><rtept lat="57.512843" lon="12.490283"><ele>86.2</ele></rtept><rtept lat="57.512818" lon="12.490308"><ele>86.4</ele></rtept><rtept lat="57.51278" lon="12.490328"><ele>86.6</ele></rtept><rtept lat="57.512748" lon="12.490298"><ele>86.8</ele></rtept><rtept lat="57.512717" lon="12.490253"><ele>87.2</ele></rtept><rtept lat="57.512703" lon="12.490168"><ele>87.0</ele></rtept><rtept lat="57.512678" lon="12.490095"><ele>87.4</ele></rtept><rtept lat="57.512672" lon="12.490045"><ele>87.6</ele></rtept><rtept lat="57.512665" lon="12.489978"><ele>87.8</ele></rtept><rtept lat="57.512652" lon="12.489942"><ele>87.8</ele></rtept><rtept lat="57.51264" lon="12.489918"><ele>87.6</ele></rtept><rtept lat="57.512613" lon="12.489865"><ele>87.8</ele></rtept><rtept lat="57.5126" lon="12.48984"><ele>87.4</ele></rtept><rtept lat="57.512568" lon="12.489808"><ele>87.2</ele></rtept><rtept lat="57.512557" lon="12.489778"><ele>87.2</ele></rtept><rtept lat="57.512537" lon="12.489733"><ele>87.4</ele></rtept><rtept lat="57.512505" lon="12.489692"><ele>87.4</ele></rtept><rtept lat="57.51248" lon="12.489673"><ele>87.6</ele></rtept><rtept lat="57.51246" lon="12.489663"><ele>87.0</ele></rtept><rtept lat="57.51244" lon="12.489662"><ele>87.2</ele></rtept><rtept lat="57.512422" lon="12.48966"><ele>87.4</ele></rtept><rtept lat="57.512397" lon="12.489647"><ele>87.0</ele></rtept><rtept lat="57.512377" lon="12.489623"><ele>87.2</ele></rtept><rtept lat="57.512352" lon="12.489598"><ele>87.0</ele></rtept><rtept lat="57.512325" lon="12.489575"><ele>86.8</ele></rtept><rtept lat="57.5123" lon="12.489548"><ele>86.8</ele></rtept><rtept lat="57.512275" lon="12.489515"><ele>86.6</ele></rtept><rtept lat="57.512255" lon="12.489473"><ele>86.2</ele></rtept><rtept lat="57.512237" lon="12.48944"><ele>86.4</ele></rtept><rtept lat="57.512242" lon="12.489397"><ele>86.0</ele></rtept><rtept lat="57.512217" lon="12.48935"><ele>86.0</ele></rtept><rtept lat="57.512198" lon="12.489302"><ele>86.2</ele></rtept><rtept lat="57.512172" lon="12.48926"><ele>86.0</ele></rtept><rtept lat="57.51216" lon="12.489205"><ele>86.4</ele></rtept><rtept lat="57.51214" lon="12.48916"><ele>86.6</ele></rtept><rtept lat="57.51212" lon="12.489112"><ele>86.4</ele></rtept><rtept lat="57.512102" lon="12.489067"><ele>86.6</ele></rtept><rtept lat="57.512077" lon="12.489013"><ele>86.6</ele></rtept><rtept lat="57.51205" lon="12.488977"><ele>86.4</ele></rtept><rtept lat="57.512025" lon="12.488927"><ele>86.6</ele></rtept><rtept lat="57.512025" lon="12.48888"><ele>86.6</ele></rtept><rtept lat="57.512018" lon="12.488828"><ele>86.4</ele></rtept><rtept lat="57.512005" lon="12.488768"><ele>86.6</ele></rtept><rtept lat="57.512" lon="12.488737"><ele>86.4</ele></rtept><rtept lat="57.51198" lon="12.488685"><ele>86.4</ele></rtept><rtept lat="57.511967" lon="12.488655"><ele>86.2</ele></rtept><rtept lat="57.51196" lon="12.488617"><ele>86.0</ele></rtept><rtept lat="57.511948" lon="12.488583"><ele>86.2</ele></rtept><rtept lat="57.511942" lon="12.488545"><ele>86.0</ele></rtept><rtept lat="57.511928" lon="12.48851"><ele>85.8</ele></rtept><rtept lat="57.511922" lon="12.488467"><ele>85.8</ele></rtept><rtept lat="57.511917" lon="12.488432"><ele>85.4</ele></rtept><rtept lat="57.51191" lon="12.488388"><ele>85.0</ele></rtept><rtept lat="57.511903" lon="12.488347"><ele>85.0</ele></rtept><rtept lat="57.51189" lon="12.488303"><ele>84.8</ele></rtept><rtept lat="57.511883" lon="12.488253"><ele>84.2</ele></rtept><rtept lat="57.511883" lon="12.488198"><ele>84.4</ele></rtept><rtept lat="57.511883" lon="12.488158"><ele>84.2</ele></rtept><rtept lat="57.511883" lon="12.488105"><ele>83.6</ele></rtept><rtept lat="57.51189" lon="12.48806"><ele>83.8</ele></rtept><rtept lat="57.51189" lon="12.488015"><ele>83.4</ele></rtept><rtept lat="57.511883" lon="12.487965"><ele>83.2</ele></rtept><rtept lat="57.511878" lon="12.487912"><ele>83.2</ele></rtept><rtept lat="57.511872" lon="12.48786"><ele>82.8</ele></rtept><rtept lat="57.511872" lon="12.487815"><ele>83.2</ele></rtept><rtept lat="57.511872" lon="12.487767"><ele>83.2</ele></rtept><rtept lat="57.511865" lon="12.48773"><ele>83.0</ele></rtept><rtept lat="57.511865" lon="12.487685"><ele>83.2</ele></rtept><rtept lat="57.511872" lon="12.487637"><ele>83.2</ele></rtept><rtept lat="57.511872" lon="12.487583"><ele>83.2</ele></rtept><rtept lat="57.511883" lon="12.487543"><ele>83.4</ele></rtept><rtept lat="57.51189" lon="12.487508"><ele>83.2</ele></rtept><rtept lat="57.511903" lon="12.48748"><ele>83.8</ele></rtept><rtept lat="57.511922" lon="12.487415"><ele>84.0</ele></rtept><rtept lat="57.511928" lon="12.487382"><ele>84.2</ele></rtept><rtept lat="57.511948" lon="12.487345"><ele>83.8</ele></rtept><rtept lat="57.51196" lon="12.487313"><ele>84.0</ele></rtept><rtept lat="57.51198" lon="12.487263"><ele>84.2</ele></rtept><rtept lat="57.512" lon="12.487217"><ele>84.0</ele></rtept><rtept lat="57.512018" lon="12.487178"><ele>84.2</ele></rtept><rtept lat="57.512032" lon="12.487137"><ele>84.2</ele></rtept><rtept lat="57.51205" lon="12.487102"><ele>83.8</ele></rtept><rtept lat="57.512063" lon="12.487058"><ele>84.0</ele></rtept><rtept lat="57.512082" lon="12.48702"><ele>83.6</ele></rtept><rtept lat="57.512088" lon="12.486982"><ele>83.8</ele></rtept><rtept lat="57.512095" lon="12.486932"><ele>84.0</ele></rtept><rtept lat="57.512102" lon="12.486873"><ele>83.6</ele></rtept><rtept lat="57.512102" lon="12.486823"><ele>84.0</ele></rtept><rtept lat="57.512108" lon="12.486788"><ele>83.8</ele></rtept><rtept lat="57.512108" lon="12.486753"><ele>83.8</ele></rtept><rtept lat="57.512115" lon="12.486708"><ele>84.0</ele></rtept><rtept lat="57.512115" lon="12.48664"><ele>83.8</ele></rtept><rtept lat="57.512115" lon="12.486575"><ele>84.4</ele></rtept><rtept lat="57.512108" lon="12.48652"><ele>84.2</ele></rtept><rtept lat="57.512108" lon="12.48646"><ele>84.2</ele></rtept><rtept lat="57.512108" lon="12.486407"><ele>84.4</ele></rtept><rtept lat="57.512108" lon="12.486362"><ele>84.4</ele></rtept><rtept lat="57.51212" lon="12.486317"><ele>85.0</ele></rtept><rtept lat="57.51212" lon="12.486267"><ele>85.0</ele></rtept><rtept lat="57.512127" lon="12.486213"><ele>85.0</ele></rtept><rtept lat="57.512133" lon="12.486162"><ele>85.2</ele></rtept><rtept lat="57.51214" lon="12.486103"><ele>85.0</ele></rtept><rtept lat="57.512147" lon="12.486053"><ele>85.0</ele></rtept><rtept lat="57.51216" lon="12.485995"><ele>85.2</ele></rtept><rtept lat="57.512153" lon="12.485943"><ele>85.0</ele></rtept><rtept lat="57.51216" lon="12.485897"><ele>84.6</ele></rtept><rtept lat="57.512172" lon="12.48584"><ele>84.6</ele></rtept><rtept lat="57.512198" lon="12.485782"><ele>84.4</ele></rtept><rtept lat="57.512203" lon="12.48574"><ele>84.4</ele></rtept><rtept lat="57.512217" lon="12.485672"><ele>84.2</ele></rtept><rtept lat="57.512217" lon="12.485625"><ele>84.4</ele></rtept><rtept lat="57.51221" lon="12.485587"><ele>84.0</ele></rtept><rtept lat="57.51221" lon="12.485532"><ele>83.8</ele></rtept><rtept lat="57.512217" lon="12.48548"><ele>83.8</ele></rtept><rtept lat="57.512217" lon="12.485427"><ele>83.6</ele></rtept><rtept lat="57.51221" lon="12.485362"><ele>83.4</ele></rtept><rtept lat="57.512203" lon="12.48531"><ele>83.6</ele></rtept><rtept lat="57.512203" lon="12.485265"><ele>83.4</ele></rtept><rtept lat="57.512192" lon="12.485203"><ele>83.2</ele></rtept><rtept lat="57.512185" lon="12.485152"><ele>83.2</ele></rtept><rtept lat="57.512185" lon="12.485115"><ele>82.8</ele></rtept><rtept lat="57.512178" lon="12.485058"><ele>82.4</ele></rtept><rtept lat="57.512172" lon="12.484997"><ele>82.6</ele></rtept><rtept lat="57.512165" lon="12.484938"><ele>82.0</ele></rtept><rtept lat="57.512165" lon="12.484892"><ele>81.6</ele></rtept><rtept lat="57.512165" lon="12.484832"><ele>81.6</ele></rtept><rtept lat="57.512165" lon="12.484777"><ele>81.4</ele></rtept><rtept lat="57.512165" lon="12.484723"><ele>81.0</ele></rtept><rtept lat="57.51216" lon="12.484675"><ele>81.0</ele></rtept><rtept lat="57.51216" lon="12.484635"><ele>80.6</ele></rtept><rtept lat="57.51216" lon="12.484583"><ele>80.8</ele></rtept><rtept lat="57.512153" lon="12.484535"><ele>80.8</ele></rtept><rtept lat="57.512153" lon="12.48449"><ele>80.6</ele></rtept><rtept lat="57.51216" lon="12.484453"><ele>81.0</ele></rtept><rtept lat="57.51216" lon="12.484403"><ele>80.8</ele></rtept><rtept lat="57.512153" lon="12.484355"><ele>80.6</ele></rtept><rtept lat="57.512147" lon="12.484305"><ele>80.8</ele></rtept><rtept lat="57.512147" lon="12.484262"><ele>80.6</ele></rtept><rtept lat="57.512147" lon="12.48422"><ele>81.0</ele></rtept><rtept lat="57.512147" lon="12.484173"><ele>81.2</ele></rtept><rtept lat="57.512147" lon="12.484128"><ele>81.2</ele></rtept><rtept lat="57.51214" lon="12.484092"><ele>81.6</ele></rtept><rtept lat="57.51214" lon="12.484048"><ele>81.8</ele></rtept><rtept lat="57.51212" lon="12.484008"><ele>82.4</ele></rtept><rtept lat="57.512108" lon="12.483955"><ele>82.6</ele></rtept><rtept lat="57.512082" lon="12.483908"><ele>83.2</ele></rtept><rtept lat="57.51207" lon="12.48388"><ele>84.0</ele></rtept><rtept lat="57.512043" lon="12.483853"><ele>83.8</ele></rtept><rtept lat="57.512025" lon="12.48383"><ele>84.2</ele></rtept><rtept lat="57.512005" lon="12.48381"><ele>84.2</ele></rtept><rtept lat="57.51198" lon="12.483783"><ele>84.0</ele></rtept><rtept lat="57.51196" lon="12.48375"><ele>84.4</ele></rtept><rtept lat="57.511942" lon="12.48372"><ele>84.2</ele></rtept><rtept lat="57.511922" lon="12.483682"><ele>83.8</ele></rtept><rtept lat="57.51191" lon="12.483637"><ele>83.8</ele></rtept><rtept lat="57.511897" lon="12.48359"><ele>83.4</ele></rtept><rtept lat="57.511883" lon="12.483542"><ele>83.2</ele></rtept><rtept lat="57.511865" lon="12.483502"><ele>83.4</ele></rtept><rtept lat="57.511852" lon="12.483467"><ele>83.0</ele></rtept><rtept lat="57.51184" lon="12.48342"><ele>82.6</ele></rtept><rtept lat="57.51182" lon="12.483367"><ele>82.6</ele></rtept><rtept lat="57.511813" lon="12.483322"><ele>82.2</ele></rtept><rtept lat="57.511807" lon="12.483282"><ele>82.2</ele></rtept><rtept lat="57.5118" lon="12.48324"><ele>82.2</ele></rtept><rtept lat="57.5118" lon="12.483193"><ele>81.8</ele></rtept><rtept lat="57.511807" lon="12.48315"><ele>82.2</ele></rtept><rtept lat="57.5118" lon="12.483108"><ele>82.0</ele></rtept><rtept lat="57.5118" lon="12.48306"><ele>81.8</ele></rtept><rtept lat="57.511788" lon="12.48301"><ele>82.0</ele></rtept><rtept lat="57.511782" lon="12.482958"><ele>81.8</ele></rtept><rtept lat="57.511768" lon="12.48291"><ele>81.4</ele></rtept><rtept lat="57.511768" lon="12.482855"><ele>81.8</ele></rtept><rtept lat="57.511762" lon="12.482802"><ele>81.8</ele></rtept><rtept lat="57.511757" lon="12.482753"><ele>81.2</ele></rtept><rtept lat="57.51175" lon="12.482702"><ele>81.2</ele></rtept><rtept lat="57.51175" lon="12.48266"><ele>81.2</ele></rtept><rtept lat="57.511743" lon="12.482612"><ele>80.4</ele></rtept><rtept lat="57.511743" lon="12.482563"><ele>80.6</ele></rtept><rtept lat="57.51173" lon="12.482508"><ele>80.6</ele></rtept><rtept lat="57.511723" lon="12.48245"><ele>80.2</ele></rtept><rtept lat="57.511718" lon="12.482393"><ele>80.2</ele></rtept><rtept lat="57.511712" lon="12.48234"><ele>80.2</ele></rtept><rtept lat="57.511705" lon="12.482295"><ele>79.8</ele></rtept><rtept lat="57.511705" lon="12.482242"><ele>80.0</ele></rtept><rtept lat="57.511698" lon="12.482197"><ele>79.8</ele></rtept><rtept lat="57.511692" lon="12.482152"><ele>79.4</ele></rtept><rtept lat="57.511692" lon="12.482105"><ele>79.6</ele></rtept><rtept lat="57.511698" lon="12.482058"><ele>79.2</ele></rtept><rtept lat="57.511698" lon="12.482013"><ele>79.2</ele></rtept><rtept lat="57.511698" lon="12.481972"><ele>79.2</ele></rtept><rtept lat="57.511705" lon="12.481932"><ele>78.6</ele></rtept><rtept lat="57.511712" lon="12.481888"><ele>79.0</ele></rtept><rtept lat="57.511718" lon="12.481853"><ele>78.8</ele></rtept><rtept lat="57.511723" lon="12.481803"><ele>78.4</ele></rtept><rtept lat="57.51173" lon="12.481755"><ele>78.8</ele></rtept><rtept lat="57.51173" lon="12.481713"><ele>78.6</ele></rtept><rtept lat="57.511743" lon="12.48167"><ele>78.4</ele></rtept><rtept lat="57.511743" lon="12.481617"><ele>78.6</ele></rtept><rtept lat="57.51175" lon="12.481577"><ele>78.2</ele></rtept><rtept lat="57.511757" lon="12.48153"><ele>78.6</ele></rtept><rtept lat="57.511768" lon="12.481477"><ele>78.8</ele></rtept><rtept lat="57.511775" lon="12.48142"><ele>78.6</ele></rtept><rtept lat="57.511775" lon="12.481367"><ele>79.0</ele></rtept><rtept lat="57.511775" lon="12.481317"><ele>78.6</ele></rtept><rtept lat="57.511768" lon="12.481268"><ele>78.6</ele></rtept><rtept lat="57.511757" lon="12.481212"><ele>78.8</ele></rtept><rtept lat="57.51175" lon="12.481158"><ele>78.6</ele></rtept><rtept lat="57.511743" lon="12.481108"><ele>78.8</ele></rtept><rtept lat="57.511737" lon="12.481053"><ele>78.8</ele></rtept><rtept lat="57.511723" lon="12.481018"><ele>78.6</ele></rtept><rtept lat="57.511705" lon="12.48098"><ele>79.0</ele></rtept><rtept lat="57.511692" lon="12.480937"><ele>78.6</ele></rtept><rtept lat="57.511685" lon="12.480895"><ele>78.6</ele></rtept><rtept lat="57.511673" lon="12.480852"><ele>78.8</ele></rtept><rtept lat="57.511667" lon="12.480805"><ele>78.6</ele></rtept><rtept lat="57.51166" lon="12.480765"><ele>78.6</ele></rtept><rtept lat="57.511647" lon="12.480725"><ele>78.8</ele></rtept><rtept lat="57.511635" lon="12.48068"><ele>78.4</ele></rtept><rtept lat="57.511628" lon="12.48064"><ele>78.6</ele></rtept><rtept lat="57.511622" lon="12.480587"><ele>78.6</ele></rtept><rtept lat="57.511608" lon="12.48054"><ele>78.4</ele></rtept><rtept lat="57.511602" lon="12.480488"><ele>78.8</ele></rtept><rtept lat="57.511597" lon="12.480433"><ele>78.4</ele></rtept><rtept lat="57.51159" lon="12.480383"><ele>78.2</ele></rtept><rtept lat="57.511583" lon="12.480333"><ele>78.4</ele></rtept><rtept lat="57.511577" lon="12.480288"><ele>78.2</ele></rtept><rtept lat="57.51157" lon="12.480248"><ele>78.2</ele></rtept><rtept lat="57.51157" lon="12.4802"><ele>78.4</ele></rtept><rtept lat="57.511563" lon="12.480157"><ele>78.0</ele></rtept><rtept lat="57.511563" lon="12.480115"><ele>78.6</ele></rtept><rtept lat="57.511552" lon="12.480065"><ele>78.2</ele></rtept><rtept lat="57.511552" lon="12.480015"><ele>78.2</ele></rtept><rtept lat="57.511545" lon="12.479967"><ele>78.4</ele></rtept><rtept lat="57.511538" lon="12.479918"><ele>78.2</ele></rtept><rtept lat="57.511532" lon="12.479868"><ele>78.4</ele></rtept><rtept lat="57.511525" lon="12.47982"><ele>78.6</ele></rtept><rtept lat="57.51152" lon="12.479772"><ele>78.4</ele></rtept><rtept lat="57.511513" lon="12.479723"><ele>78.8</ele></rtept><rtept lat="57.511507" lon="12.47967"><ele>78.6</ele></rtept><rtept lat="57.5115" lon="12.479618"><ele>78.2</ele></rtept><rtept lat="57.511487" lon="12.479565"><ele>78.4</ele></rtept><rtept lat="57.511487" lon="12.47952"><ele>78.0</ele></rtept><rtept lat="57.51148" lon="12.47947"><ele>78.2</ele></rtept><rtept lat="57.511468" lon="12.479425"><ele>78.4</ele></rtept><rtept lat="57.511462" lon="12.479372"><ele>78.0</ele></rtept><rtept lat="57.511455" lon="12.47932"><ele>78.6</ele></rtept><rtept lat="57.511442" lon="12.479277"><ele>78.6</ele></rtept><rtept lat="57.511437" lon="12.47924"><ele>78.2</ele></rtept><rtept lat="57.51143" lon="12.4792"><ele>78.4</ele></rtept><rtept lat="57.511423" lon="12.479162"><ele>78.0</ele></rtept><rtept lat="57.511403" lon="12.479127"><ele>77.8</ele></rtept><rtept lat="57.511398" lon="12.479083"><ele>78.0</ele></rtept><rtept lat="57.511392" lon="12.479048"><ele>77.4</ele></rtept><rtept lat="57.511385" lon="12.479013"><ele>77.6</ele></rtept><rtept lat="57.511372" lon="12.478988"><ele>77.8</ele></rtept><rtept lat="57.511353" lon="12.478955"><ele>77.4</ele></rtept><rtept lat="57.51134" lon="12.478925"><ele>77.4</ele></rtept><rtept lat="57.511327" lon="12.478888"><ele>77.4</ele></rtept><rtept lat="57.511315" lon="12.478843"><ele>76.8</ele></rtept><rtept lat="57.511302" lon="12.478803"><ele>76.8</ele></rtept><rtept lat="57.511288" lon="12.478757"><ele>76.8</ele></rtept><rtept lat="57.511277" lon="12.47871"><ele>76.2</ele></rtept><rtept lat="57.51127" lon="12.478665"><ele>76.2</ele></rtept><rtept lat="57.511257" lon="12.478617"><ele>76.0</ele></rtept><rtept lat="57.511238" lon="12.478572"><ele>75.6</ele></rtept><rtept lat="57.511212" lon="12.478538"><ele>75.6</ele></rtept><rtept lat="57.5112" lon="12.4785"><ele>75.2</ele></rtept><rtept lat="57.511187" lon="12.478462"><ele>74.8</ele></rtept><rtept lat="57.511173" lon="12.478418"><ele>74.8</ele></rtept><rtept lat="57.51116" lon="12.478372"><ele>74.4</ele></rtept><rtept lat="57.511148" lon="12.47833"><ele>74.0</ele></rtept><rtept lat="57.511135" lon="12.478288"><ele>74.0</ele></rtept><rtept lat="57.511122" lon="12.478255"><ele>73.6</ele></rtept><rtept lat="57.51111" lon="12.478223"><ele>73.2</ele></rtept><rtept lat="57.51109" lon="12.47818"><ele>73.4</ele></rtept><rtept lat="57.511072" lon="12.478137"><ele>72.8</ele></rtept><rtept lat="57.511052" lon="12.478098"><ele>72.8</ele></rtept><rtept lat="57.51104" lon="12.478057"><ele>72.6</ele></rtept><rtept lat="57.511027" lon="12.478017"><ele>72.0</ele></rtept><rtept lat="57.511013" lon="12.477967"><ele>72.0</ele></rtept><rtept lat="57.510995" lon="12.477932"><ele>71.2</ele></rtept><rtept lat="57.510982" lon="12.47789"><ele>71.4</ele></rtept><rtept lat="57.510962" lon="12.477842"><ele>71.6</ele></rtept><rtept lat="57.51095" lon="12.477803"><ele>71.0</ele></rtept><rtept lat="57.510937" lon="12.477767"><ele>71.2</ele></rtept><rtept lat="57.510918" lon="12.477733"><ele>70.8</ele></rtept><rtept lat="57.510905" lon="12.477695"><ele>71.2</ele></rtept><rtept lat="57.510892" lon="12.477655"><ele>71.2</ele></rtept><rtept lat="57.510885" lon="12.477615"><ele>71.0</ele></rtept><rtept lat="57.51088" lon="12.477568"><ele>71.6</ele></rtept><rtept lat="57.510853" lon="12.477517"><ele>71.8</ele></rtept><rtept lat="57.510835" lon="12.477475"><ele>72.2</ele></rtept><rtept lat="57.510822" lon="12.477437"><ele>72.0</ele></rtept><rtept lat="57.510808" lon="12.477405"><ele>72.4</ele></rtept><rtept lat="57.51079" lon="12.47737"><ele>72.4</ele></rtept><rtept lat="57.510783" lon="12.477335"><ele>72.6</ele></rtept><rtept lat="57.510777" lon="12.47728"><ele>72.8</ele></rtept><rtept lat="57.51077" lon="12.477242"><ele>72.6</ele></rtept><rtept lat="57.510758" lon="12.477202"><ele>73.0</ele></rtept><rtept lat="57.510752" lon="12.477148"><ele>73.0</ele></rtept><rtept lat="57.510745" lon="12.477092"><ele>73.6</ele></rtept><rtept lat="57.510738" lon="12.477058"><ele>73.4</ele></rtept><rtept lat="57.510732" lon="12.477007"><ele>74.0</ele></rtept><rtept lat="57.51072" lon="12.476953"><ele>74.0</ele></rtept><rtept lat="57.510713" lon="12.47691"><ele>74.0</ele></rtept><rtept lat="57.510713" lon="12.476865"><ele>73.8</ele></rtept><rtept lat="57.510713" lon="12.476823"><ele>74.0</ele></rtept><rtept lat="57.510713" lon="12.47677"><ele>73.6</ele></rtept><rtept lat="57.510713" lon="12.476723"><ele>73.4</ele></rtept><rtept lat="57.51072" lon="12.47666"><ele>73.8</ele></rtept><rtept lat="57.510725" lon="12.476605"><ele>73.2</ele></rtept><rtept lat="57.510732" lon="12.476555"><ele>73.0</ele></rtept><rtept lat="57.510738" lon="12.476493"><ele>73.2</ele></rtept><rtept lat="57.510752" lon="12.476437"><ele>72.8</ele></rtept><rtept lat="57.510763" lon="12.476382"><ele>72.6</ele></rtept><rtept lat="57.510777" lon="12.47634"><ele>72.6</ele></rtept><rtept lat="57.510797" lon="12.476302"><ele>72.2</ele></rtept><rtept lat="57.510808" lon="12.476263"><ele>72.0</ele></rtept><rtept lat="57.510828" lon="12.476222"><ele>72.0</ele></rtept><rtept lat="57.510847" lon="12.476168"><ele>71.4</ele></rtept><rtept lat="57.510867" lon="12.476135"><ele>71.4</ele></rtept><rtept lat="57.510892" lon="12.476103"><ele>71.2</ele></rtept><rtept lat="57.510912" lon="12.476075"><ele>70.8</ele></rtept><rtept lat="57.510923" lon="12.476043"><ele>71.0</ele></rtept><rtept lat="57.510943" lon="12.47601"><ele>70.8</ele></rtept><rtept lat="57.510957" lon="12.475972"><ele>70.8</ele></rtept><rtept lat="57.510975" lon="12.47593"><ele>70.8</ele></rtept><rtept lat="57.510988" lon="12.475892"><ele>70.4</ele></rtept><rtept lat="57.511007" lon="12.475855"><ele>70.6</ele></rtept><rtept lat="57.51102" lon="12.475818"><ele>70.6</ele></rtept><rtept lat="57.51104" lon="12.47578"><ele>70.4</ele></rtept><rtept lat="57.511052" lon="12.475742"><ele>70.6</ele></rtept><rtept lat="57.511065" lon="12.475702"><ele>70.4</ele></rtept><rtept lat="57.511078" lon="12.475667"><ele>70.2</ele></rtept><rtept lat="57.51109" lon="12.475623"><ele>70.4</ele></rtept><rtept lat="57.511097" lon="12.475582"><ele>70.2</ele></rtept><rtept lat="57.51111" lon="12.475542"><ele>69.8</ele></rtept><rtept lat="57.511117" lon="12.475503"><ele>69.8</ele></rtept><rtept lat="57.511128" lon="12.47546"><ele>69.6</ele></rtept><rtept lat="57.511135" lon="12.475423"><ele>69.2</ele></rtept><rtept lat="57.511148" lon="12.4754"><ele>69.0</ele></rtept><rtept lat="57.51116" lon="12.475363"><ele>68.8</ele></rtept><rtept lat="57.511173" lon="12.47533"><ele>68.2</ele></rtept><rtept lat="57.511187" lon="12.475263"><ele>67.8</ele></rtept><rtept lat="57.5112" lon="12.47522"><ele>67.6</ele></rtept><rtept lat="57.5112" lon="12.47518"><ele>67.6</ele></rtept><rtept lat="57.5112" lon="12.47514"><ele>67.0</ele></rtept><rtept lat="57.511205" lon="12.475098"><ele>67.0</ele></rtept><rtept lat="57.511212" lon="12.475067"><ele>66.8</ele></rtept><rtept lat="57.511218" lon="12.475033"><ele>66.6</ele></rtept><rtept lat="57.511218" lon="12.474982"><ele>66.6</ele></rtept><rtept lat="57.511218" lon="12.474932"><ele>66.4</ele></rtept><rtept lat="57.511225" lon="12.474897"><ele>66.6</ele></rtept><rtept lat="57.511232" lon="12.474847"><ele>66.6</ele></rtept><rtept lat="57.511238" lon="12.474788"><ele>66.6</ele></rtept><rtept lat="57.511238" lon="12.474755"><ele>66.4</ele></rtept><rtept lat="57.511243" lon="12.474715"><ele>66.4</ele></rtept><rtept lat="57.511243" lon="12.47467"><ele>66.6</ele></rtept><rtept lat="57.51125" lon="12.47462"><ele>66.2</ele></rtept><rtept lat="57.511257" lon="12.474577"><ele>66.6</ele></rtept><rtept lat="57.511263" lon="12.474537"><ele>66.6</ele></rtept><rtept lat="57.51127" lon="12.474492"><ele>66.2</ele></rtept><rtept lat="57.511277" lon="12.474447"><ele>66.4</ele></rtept><rtept lat="57.511277" lon="12.474405"><ele>66.2</ele></rtept><rtept lat="57.511282" lon="12.474373"><ele>66.0</ele></rtept><rtept lat="57.511282" lon="12.474317"><ele>66.2</ele></rtept><rtept lat="57.511288" lon="12.474263"><ele>65.8</ele></rtept><rtept lat="57.511288" lon="12.474212"><ele>66.0</ele></rtept><rtept lat="57.511295" lon="12.474173"><ele>65.8</ele></rtept><rtept lat="57.511295" lon="12.474122"><ele>65.6</ele></rtept><rtept lat="57.511302" lon="12.474063"><ele>66.0</ele></rtept><rtept lat="57.511308" lon="12.474013"><ele>65.8</ele></rtept><rtept lat="57.511315" lon="12.47398"><ele>66.0</ele></rtept><rtept lat="57.511333" lon="12.473948"><ele>66.0</ele></rtept><rtept lat="57.511347" lon="12.47392"><ele>66.0</ele></rtept><rtept lat="57.511372" lon="12.4739"><ele>66.2</ele></rtept><rtept lat="57.511392" lon="12.473883"><ele>66.2</ele></rtept><rtept lat="57.51141" lon="12.473872"><ele>66.4</ele></rtept><rtept lat="57.51143" lon="12.473867"><ele>66.4</ele></rtept><rtept lat="57.511448" lon="12.473863"><ele>66.2</ele></rtept><rtept lat="57.511468" lon="12.47386"><ele>66.4</ele></rtept><rtept lat="57.5115" lon="12.473837"><ele>66.4</ele></rtept><rtept lat="57.511545" lon="12.473805"><ele>66.6</ele></rtept><rtept lat="57.511577" lon="12.473785"><ele>66.8</ele></rtept><rtept lat="57.511597" lon="12.473777"><ele>66.8</ele></rtept><rtept lat="57.511615" lon="12.473765"><ele>67.0</ele></rtept><rtept lat="57.51164" lon="12.473755"><ele>67.0</ele></rtept><rtept lat="57.51166" lon="12.473747"><ele>67.4</ele></rtept><rtept lat="57.511685" lon="12.47374"><ele>67.6</ele></rtept><rtept lat="57.511712" lon="12.473718"><ele>67.8</ele></rtept><rtept lat="57.51173" lon="12.473685"><ele>68.0</ele></rtept><rtept lat="57.511743" lon="12.473645"><ele>68.0</ele></rtept><rtept lat="57.51175" lon="12.473613"><ele>68.4</ele></rtept><rtept lat="57.511762" lon="12.473582"><ele>68.6</ele></rtept><rtept lat="57.511768" lon="12.473547"><ele>68.6</ele></rtept><rtept lat="57.511768" lon="12.473513"><ele>68.8</ele></rtept><rtept lat="57.511782" lon="12.473487"><ele>69.0</ele></rtept><rtept lat="57.5118" lon="12.473447"><ele>69.6</ele></rtept><rtept lat="57.511813" lon="12.473395"><ele>70.4</ele></rtept><rtept lat="57.511827" lon="12.47334"><ele>71.0</ele></rtept><rtept lat="57.51184" lon="12.47331"><ele>71.6</ele></rtept><rtept lat="57.511845" lon="12.473278"><ele>72.4</ele></rtept><rtept lat="57.511858" lon="12.473243"><ele>73.2</ele></rtept><rtept lat="57.511872" lon="12.473217"><ele>73.8</ele></rtept><rtept lat="57.511878" lon="12.47317"><ele>74.2</ele></rtept><rtept lat="57.511883" lon="12.473125"><ele>74.8</ele></rtept><rtept lat="57.511865" lon="12.473092"><ele>75.4</ele></rtept><rtept lat="57.511833" lon="12.473087"><ele>76.0</ele></rtept><rtept lat="57.511807" lon="12.473095"><ele>76.2</ele></rtept><rtept lat="57.511768" lon="12.473092"><ele>76.2</ele></rtept><rtept lat="57.51175" lon="12.473087"><ele>76.4</ele></rtept><rtept lat="57.51173" lon="12.473085"><ele>76.0</ele></rtept><rtept lat="57.511705" lon="12.47307"><ele>76.2</ele></rtept><rtept lat="57.511685" lon="12.47306"><ele>76.2</ele></rtept><rtept lat="57.511667" lon="12.473052"><ele>75.8</ele></rtept><rtept lat="57.511647" lon="12.473045"><ele>76.0</ele></rtept><rtept lat="57.511628" lon="12.47303"><ele>76.0</ele></rtept><rtept lat="57.511608" lon="12.473012"><ele>75.8</ele></rtept><rtept lat="57.51159" lon="12.472997"><ele>76.0</ele></rtept><rtept lat="57.511558" lon="12.47296"><ele>75.8</ele></rtept><rtept lat="57.511532" lon="12.472933"><ele>76.2</ele></rtept><rtept lat="57.511507" lon="12.472887"><ele>76.2</ele></rtept><rtept lat="57.511493" lon="12.472862"><ele>76.4</ele></rtept><rtept lat="57.51148" lon="12.472833"><ele>76.2</ele></rtept><rtept lat="57.511455" lon="12.472792"><ele>76.4</ele></rtept><rtept lat="57.51143" lon="12.472755"><ele>76.4</ele></rtept><rtept lat="57.51141" lon="12.47274"><ele>76.4</ele></rtept><rtept lat="57.511392" lon="12.472723"><ele>76.2</ele></rtept><rtept lat="57.511372" lon="12.472708"><ele>76.4</ele></rtept><rtept lat="57.511353" lon="12.472685"><ele>76.4</ele></rtept><rtept lat="57.511333" lon="12.472663"><ele>76.4</ele></rtept><rtept lat="57.511308" lon="12.472648"><ele>76.8</ele></rtept><rtept lat="57.511288" lon="12.472638"><ele>76.6</ele></rtept><rtept lat="57.511263" lon="12.472628"><ele>76.8</ele></rtept><rtept lat="57.511238" lon="12.472583"><ele>77.0</ele></rtept><rtept lat="57.511212" lon="12.472563"><ele>77.2</ele></rtept><rtept lat="57.511193" lon="12.472543"><ele>77.4</ele></rtept><rtept lat="57.511173" lon="12.472525"><ele>77.4</ele></rtept><rtept lat="57.511148" lon="12.4725"><ele>77.6</ele></rtept><rtept lat="57.511135" lon="12.472477"><ele>77.2</ele></rtept><rtept lat="57.511117" lon="12.47245"><ele>77.4</ele></rtept><rtept lat="57.511083" lon="12.472407"><ele>77.0</ele></rtept><rtept lat="57.511065" lon="12.47238"><ele>77.2</ele></rtept><rtept lat="57.511052" lon="12.472352"><ele>77.0</ele></rtept><rtept lat="57.511033" lon="12.47232"><ele>76.8</ele></rtept><rtept lat="57.511013" lon="12.472267"><ele>76.8</ele></rtept><rtept lat="57.510995" lon="12.472238"><ele>77.0</ele></rtept><rtept lat="57.510975" lon="12.472213"><ele>76.8</ele></rtept><rtept lat="57.510957" lon="12.472192"><ele>76.8</ele></rtept><rtept lat="57.510937" lon="12.472167"><ele>77.0</ele></rtept><rtept lat="57.510918" lon="12.472138"><ele>76.8</ele></rtept><rtept lat="57.510892" lon="12.472087"><ele>77.6</ele></rtept><rtept lat="57.510873" lon="12.472068"><ele>77.4</ele></rtept><rtept lat="57.510853" lon="12.472043"><ele>77.6</ele></rtept><rtept lat="57.510835" lon="12.472022"><ele>78.0</ele></rtept><rtept lat="57.510797" lon="12.471988"><ele>78.0</ele></rtept><rtept lat="57.510758" lon="12.471988"><ele>78.0</ele></rtept><rtept lat="57.510738" lon="12.47198"><ele>78.2</ele></rtept><rtept lat="57.51072" lon="12.471968"><ele>77.8</ele></rtept><rtept lat="57.5107" lon="12.471953"><ele>77.8</ele></rtept><rtept lat="57.510675" lon="12.471938"><ele>78.0</ele></rtept><rtept lat="57.510655" lon="12.471922"><ele>77.6</ele></rtept><rtept lat="57.510637" lon="12.47191"><ele>77.6</ele></rtept><rtept lat="57.51061" lon="12.471898"><ele>77.8</ele></rtept><rtept lat="57.510592" lon="12.471877"><ele>77.4</ele></rtept><rtept lat="57.510572" lon="12.47185"><ele>77.4</ele></rtept><rtept lat="57.510553" lon="12.47182"><ele>77.2</ele></rtept><rtept lat="57.510533" lon="12.47179"><ele>76.8</ele></rtept><rtept lat="57.51052" lon="12.47176"><ele>76.8</ele></rtept><rtept lat="57.510508" lon="12.47173"><ele>76.6</ele></rtept><rtept lat="57.510495" lon="12.471702"><ele>76.4</ele></rtept><rtept lat="57.510482" lon="12.471658"><ele>76.0</ele></rtept><rtept lat="57.510457" lon="12.4717"><ele>76.4</ele></rtept><rtept lat="57.510432" lon="12.471707"><ele>76.2</ele></rtept><rtept lat="57.510412" lon="12.471712"><ele>76.2</ele></rtept><rtept lat="57.510393" lon="12.47172"><ele>76.2</ele></rtept><rtept lat="57.510373" lon="12.471732"><ele>76.0</ele></rtept><rtept lat="57.510355" lon="12.471747"><ele>76.4</ele></rtept><rtept lat="57.510335" lon="12.471763"><ele>76.2</ele></rtept><rtept lat="57.51031" lon="12.471777"><ele>76.2</ele></rtept><rtept lat="57.510283" lon="12.47179"><ele>76.0</ele></rtept><rtept lat="57.510265" lon="12.471797"><ele>75.8</ele></rtept><rtept lat="57.51024" lon="12.471805"><ele>76.0</ele></rtept><rtept lat="57.510213" lon="12.47181"><ele>76.0</ele></rtept><rtept lat="57.510188" lon="12.471815"><ele>75.8</ele></rtept><rtept lat="57.510168" lon="12.471817"><ele>76.0</ele></rtept><rtept lat="57.51015" lon="12.471817"><ele>75.6</ele></rtept><rtept lat="57.51013" lon="12.471815"><ele>75.6</ele></rtept><rtept lat="57.510112" lon="12.47181"><ele>75.6</ele></rtept><rtept lat="57.510092" lon="12.471797"><ele>75.4</ele></rtept><rtept lat="57.510073" lon="12.471795"><ele>75.4</ele></rtept><rtept lat="57.510053" lon="12.471788"><ele>75.8</ele></rtept><rtept lat="57.510028" lon="12.47178"><ele>75.4</ele></rtept><rtept lat="57.510002" lon="12.47178"><ele>75.6</ele></rtept><rtept lat="57.509983" lon="12.47178"><ele>75.8</ele></rtept><rtept lat="57.509958" lon="12.471783"><ele>75.6</ele></rtept><rtept lat="57.509938" lon="12.47178"><ele>75.8</ele></rtept><rtept lat="57.50992" lon="12.47177"><ele>75.6</ele></rtept><rtept lat="57.509893" lon="12.471765"><ele>75.0</ele></rtept><rtept lat="57.509875" lon="12.47176"><ele>75.2</ele></rtept><rtept lat="57.509848" lon="12.47175"><ele>75.0</ele></rtept><rtept lat="57.509823" lon="12.47171"><ele>74.8</ele></rtept><rtept lat="57.509803" lon="12.471692"><ele>74.4</ele></rtept><rtept lat="57.509785" lon="12.471678"><ele>74.4</ele></rtept><rtept lat="57.509765" lon="12.471672"><ele>74.6</ele></rtept><rtept lat="57.509747" lon="12.471667"><ele>74.2</ele></rtept><rtept lat="57.50972" lon="12.471665"><ele>74.4</ele></rtept><rtept lat="57.509702" lon="12.47166"><ele>74.2</ele></rtept><rtept lat="57.509682" lon="12.471645"><ele>74.2</ele></rtept><rtept lat="57.509663" lon="12.471632"><ele>74.4</ele></rtept><rtept lat="57.509643" lon="12.471617"><ele>74.4</ele></rtept><rtept lat="57.509625" lon="12.4716"><ele>74.6</ele></rtept><rtept lat="57.509605" lon="12.471587"><ele>75.0</ele></rtept><rtept lat="57.509587" lon="12.471573"><ele>74.8</ele></rtept><rtept lat="57.509567" lon="12.471562"><ele>75.0</ele></rtept><rtept lat="57.509542" lon="12.47152"><ele>75.0</ele></rtept><rtept lat="57.509542" lon="12.471457"><ele>75.2</ele></rtept><rtept lat="57.509548" lon="12.47142"><ele>75.2</ele></rtept><rtept lat="57.50956" lon="12.471378"><ele>75.6</ele></rtept><rtept lat="57.509567" lon="12.471328"><ele>75.6</ele></rtept><rtept lat="57.50958" lon="12.471282"><ele>76.0</ele></rtept><rtept lat="57.5096" lon="12.471235"><ele>76.2</ele></rtept><rtept lat="57.509605" lon="12.4712"><ele>76.2</ele></rtept><rtept lat="57.509618" lon="12.47116"><ele>76.4</ele></rtept><rtept lat="57.509632" lon="12.471123"><ele>76.4</ele></rtept><rtept lat="57.509643" lon="12.47109"><ele>76.8</ele></rtept><rtept lat="57.509657" lon="12.471055"><ele>77.2</ele></rtept><rtept lat="57.509663" lon="12.47102"><ele>77.2</ele></rtept><rtept lat="57.509677" lon="12.470982"><ele>77.6</ele></rtept><rtept lat="57.509695" lon="12.470925"><ele>78.2</ele></rtept><rtept lat="57.509715" lon="12.470898"><ele>78.4</ele></rtept><rtept lat="57.509747" lon="12.470852"><ele>78.8</ele></rtept><rtept lat="57.509772" lon="12.47082"><ele>79.4</ele></rtept><rtept lat="57.509792" lon="12.470793"><ele>79.8</ele></rtept><rtept lat="57.509823" lon="12.470753"><ele>80.4</ele></rtept><rtept lat="57.509842" lon="12.470733"><ele>80.6</ele></rtept><rtept lat="57.509875" lon="12.470693"><ele>81.2</ele></rtept><rtept lat="57.509893" lon="12.470673"><ele>81.2</ele></rtept><rtept lat="57.509913" lon="12.470652"><ele>81.4</ele></rtept><rtept lat="57.509945" lon="12.470598"><ele>81.6</ele></rtept><rtept lat="57.509963" lon="12.470578"><ele>81.8</ele></rtept><rtept lat="57.509983" lon="12.470555"><ele>82.2</ele></rtept><rtept lat="57.509997" lon="12.470525"><ele>82.0</ele></rtept><rtept lat="57.510015" lon="12.470503"><ele>82.0</ele></rtept><rtept lat="57.510047" lon="12.470457"><ele>82.2</ele></rtept><rtept lat="57.51008" lon="12.47041"><ele>82.4</ele></rtept><rtept lat="57.510112" lon="12.470375"><ele>82.6</ele></rtept><rtept lat="57.51013" lon="12.47035"><ele>82.4</ele></rtept><rtept lat="57.510157" lon="12.470315"><ele>82.4</ele></rtept><rtept lat="57.510175" lon="12.470292"><ele>82.4</ele></rtept><rtept lat="57.510195" lon="12.470272"><ele>82.8</ele></rtept><rtept lat="57.510213" lon="12.470255"><ele>83.0</ele></rtept><rtept lat="57.51024" lon="12.470205"><ele>83.2</ele></rtept><rtept lat="57.510258" lon="12.470178"><ele>83.2</ele></rtept><rtept lat="57.510272" lon="12.470148"><ele>83.2</ele></rtept><rtept lat="57.510283" lon="12.470117"><ele>83.4</ele></rtept><rtept lat="57.510297" lon="12.470088"><ele>83.4</ele></rtept><rtept lat="57.51031" lon="12.470063"><ele>83.6</ele></rtept><rtept lat="57.510335" lon="12.470018"><ele>83.6</ele></rtept><rtept lat="57.510355" lon="12.469987"><ele>84.0</ele></rtept><rtept lat="57.510373" lon="12.469935"><ele>84.2</ele></rtept><rtept lat="57.510387" lon="12.469873"><ele>84.4</ele></rtept><rtept lat="57.510393" lon="12.469828"><ele>84.6</ele></rtept><rtept lat="57.510398" lon="12.469785"><ele>84.6</ele></rtept><rtept lat="57.510398" lon="12.469748"><ele>85.0</ele></rtept><rtept lat="57.510398" lon="12.469703"><ele>84.6</ele></rtept><rtept lat="57.510405" lon="12.46966"><ele>84.8</ele></rtept><rtept lat="57.510412" lon="12.46962"><ele>84.6</ele></rtept><rtept lat="57.510412" lon="12.46958"><ele>84.2</ele></rtept><rtept lat="57.510418" lon="12.469545"><ele>84.2</ele></rtept><rtept lat="57.510432" lon="12.4695"><ele>84.2</ele></rtept><rtept lat="57.510438" lon="12.469458"><ele>83.8</ele></rtept><rtept lat="57.510443" lon="12.469422"><ele>84.0</ele></rtept><rtept lat="57.51045" lon="12.469382"><ele>83.6</ele></rtept><rtept lat="57.510457" lon="12.469338"><ele>83.2</ele></rtept><rtept lat="57.510463" lon="12.4693"><ele>83.4</ele></rtept><rtept lat="57.51047" lon="12.469268"><ele>83.6</ele></rtept><rtept lat="57.510477" lon="12.469222"><ele>83.2</ele></rtept><rtept lat="57.510482" lon="12.469182"><ele>83.2</ele></rtept><rtept lat="57.510488" lon="12.469138"><ele>83.2</ele></rtept><rtept lat="57.510488" lon="12.469093"><ele>82.8</ele></rtept><rtept lat="57.510495" lon="12.46905"><ele>83.0</ele></rtept><rtept lat="57.510508" lon="12.46901"><ele>83.0</ele></rtept><rtept lat="57.510508" lon="12.468957"><ele>82.4</ele></rtept><rtept lat="57.510515" lon="12.468907"><ele>82.2</ele></rtept><rtept lat="57.510515" lon="12.468872"><ele>82.0</ele></rtept><rtept lat="57.510508" lon="12.468827"><ele>81.6</ele></rtept><rtept lat="57.510495" lon="12.468772"><ele>81.8</ele></rtept><rtept lat="57.510488" lon="12.468738"><ele>81.6</ele></rtept><rtept lat="57.510477" lon="12.4687"><ele>81.8</ele></rtept><rtept lat="57.510477" lon="12.468662"><ele>81.8</ele></rtept><rtept lat="57.51047" lon="12.468627"><ele>81.2</ele></rtept><rtept lat="57.510463" lon="12.468582"><ele>81.0</ele></rtept><rtept lat="57.510457" lon="12.468533"><ele>81.2</ele></rtept><rtept lat="57.510457" lon="12.468488"><ele>81.0</ele></rtept><rtept lat="57.51045" lon="12.468443"><ele>80.6</ele></rtept><rtept lat="57.51045" lon="12.468402"><ele>80.6</ele></rtept><rtept lat="57.510438" lon="12.46836"><ele>80.6</ele></rtept><rtept lat="57.510432" lon="12.468308"><ele>79.8</ele></rtept><rtept lat="57.510418" lon="12.468255"><ele>79.6</ele></rtept><rtept lat="57.510418" lon="12.468212"><ele>79.0</ele></rtept><rtept lat="57.510412" lon="12.468162"><ele>78.6</ele></rtept><rtept lat="57.510412" lon="12.468125"><ele>78.6</ele></rtept><rtept lat="57.510405" lon="12.468085"><ele>78.2</ele></rtept><rtept lat="57.510405" lon="12.468045"><ele>78.2</ele></rtept><rtept lat="57.510405" lon="12.468007"><ele>78.2</ele></rtept><rtept lat="57.510405" lon="12.46796"><ele>77.8</ele></rtept><rtept lat="57.510405" lon="12.467913"><ele>78.0</ele></rtept><rtept lat="57.510405" lon="12.467867"><ele>78.0</ele></rtept><rtept lat="57.510405" lon="12.467815"><ele>77.4</ele></rtept><rtept lat="57.510405" lon="12.46777"><ele>77.6</ele></rtept><rtept lat="57.510412" lon="12.46772"><ele>77.2</ele></rtept><rtept lat="57.510412" lon="12.46768"><ele>77.0</ele></rtept><rtept lat="57.510418" lon="12.46764"><ele>76.8</ele></rtept><rtept lat="57.510418" lon="12.467577"><ele>76.6</ele></rtept><rtept lat="57.510418" lon="12.467535"><ele>76.4</ele></rtept><rtept lat="57.510418" lon="12.467492"><ele>76.2</ele></rtept><rtept lat="57.510418" lon="12.467452"><ele>76.4</ele></rtept><rtept lat="57.510418" lon="12.467407"><ele>76.2</ele></rtept><rtept lat="57.510418" lon="12.46736"><ele>76.2</ele></rtept><rtept lat="57.510418" lon="12.467322"><ele>76.4</ele></rtept><rtept lat="57.510418" lon="12.467287"><ele>76.2</ele></rtept><rtept lat="57.510418" lon="12.467252"><ele>76.4</ele></rtept><rtept lat="57.510412" lon="12.467213"><ele>76.6</ele></rtept><rtept lat="57.510412" lon="12.467173"><ele>76.6</ele></rtept><rtept lat="57.510412" lon="12.467132"><ele>76.8</ele></rtept><rtept lat="57.510412" lon="12.467085"><ele>77.0</ele></rtept><rtept lat="57.510412" lon="12.467045"><ele>76.8</ele></rtept><rtept lat="57.510412" lon="12.467008"><ele>77.2</ele></rtept><rtept lat="57.510412" lon="12.46696"><ele>77.0</ele></rtept><rtept lat="57.510412" lon="12.466917"><ele>77.0</ele></rtept><rtept lat="57.510412" lon="12.466875"><ele>77.2</ele></rtept><rtept lat="57.510412" lon="12.466832"><ele>77.0</ele></rtept><rtept lat="57.510412" lon="12.466765"><ele>77.2</ele></rtept><rtept lat="57.510412" lon="12.466732"><ele>77.2</ele></rtept><rtept lat="57.510405" lon="12.4667"><ele>77.4</ele></rtept><rtept lat="57.510398" lon="12.466665"><ele>77.6</ele></rtept><rtept lat="57.510398" lon="12.466603"><ele>78.0</ele></rtept><rtept lat="57.51038" lon="12.466548"><ele>78.4</ele></rtept><rtept lat="57.510373" lon="12.466503"><ele>78.8</ele></rtept><rtept lat="57.510355" lon="12.46646"><ele>79.4</ele></rtept><rtept lat="57.510348" lon="12.466422"><ele>79.6</ele></rtept><rtept lat="57.510342" lon="12.466382"><ele>80.0</ele></rtept><rtept lat="57.510342" lon="12.466343"><ele>80.2</ele></rtept><rtept lat="57.510348" lon="12.466308"><ele>80.0</ele></rtept><rtept lat="57.510317" lon="12.46623"><ele>80.2</ele></rtept><rtept lat="57.510303" lon="12.466183"><ele>80.6</ele></rtept><rtept lat="57.510297" lon="12.46615"><ele>80.6</ele></rtept><rtept lat="57.510303" lon="12.466095"><ele>81.0</ele></rtept><rtept lat="57.51031" lon="12.46604"><ele>81.4</ele></rtept><rtept lat="57.510317" lon="12.465972"><ele>81.4</ele></rtept><rtept lat="57.510322" lon="12.465937"><ele>81.8</ele></rtept><rtept lat="57.510322" lon="12.465893"><ele>82.0</ele></rtept><rtept lat="57.510317" lon="12.465857"><ele>81.8</ele></rtept><rtept lat="57.51031" lon="12.465813"><ele>82.0</ele></rtept><rtept lat="57.510317" lon="12.465768"><ele>82.2</ele></rtept><rtept lat="57.510317" lon="12.465713"><ele>81.8</ele></rtept><rtept lat="57.510317" lon="12.465665"><ele>81.8</ele></rtept><rtept lat="57.51031" lon="12.465622"><ele>82.0</ele></rtept><rtept lat="57.510303" lon="12.46557"><ele>81.6</ele></rtept><rtept lat="57.510303" lon="12.465523"><ele>82.0</ele></rtept><rtept lat="57.51031" lon="12.465477"><ele>82.2</ele></rtept><rtept lat="57.51031" lon="12.465437"><ele>81.8</ele></rtept><rtept lat="57.510297" lon="12.465375"><ele>82.0</ele></rtept><rtept lat="57.51029" lon="12.465307"><ele>82.2</ele></rtept><rtept lat="57.510278" lon="12.465262"><ele>82.0</ele></rtept><rtept lat="57.510272" lon="12.46522"><ele>82.4</ele></rtept><rtept lat="57.510258" lon="12.465182"><ele>82.4</ele></rtept><rtept lat="57.510252" lon="12.465122"><ele>82.6</ele></rtept><rtept lat="57.510245" lon="12.46506"><ele>82.4</ele></rtept><rtept lat="57.51024" lon="12.465015"><ele>82.6</ele></rtept><rtept lat="57.510245" lon="12.464975"><ele>82.4</ele></rtept><rtept lat="57.510245" lon="12.464908"><ele>82.6</ele></rtept><rtept lat="57.51024" lon="12.46484"><ele>82.6</ele></rtept><rtept lat="57.51024" lon="12.464803"><ele>83.0</ele></rtept><rtept lat="57.510233" lon="12.46475"><ele>82.6</ele></rtept><rtept lat="57.510233" lon="12.464707"><ele>83.0</ele></rtept><rtept lat="57.510233" lon="12.464652"><ele>83.0</ele></rtept><rtept lat="57.510233" lon="12.46459"><ele>82.8</ele></rtept><rtept lat="57.510227" lon="12.464542"><ele>83.2</ele></rtept><rtept lat="57.510227" lon="12.464488"><ele>83.0</ele></rtept><rtept lat="57.51022" lon="12.464447"><ele>82.8</ele></rtept><rtept lat="57.510213" lon="12.464408"><ele>83.0</ele></rtept><rtept lat="57.510207" lon="12.464377"><ele>82.6</ele></rtept><rtept lat="57.510207" lon="12.464303"><ele>82.6</ele></rtept><rtept lat="57.510207" lon="12.46427"><ele>82.4</ele></rtept><rtept lat="57.510213" lon="12.464235"><ele>82.4</ele></rtept><rtept lat="57.510213" lon="12.4642"><ele>82.6</ele></rtept><rtept lat="57.5102" lon="12.46415"><ele>82.8</ele></rtept><rtept lat="57.510188" lon="12.464123"><ele>82.8</ele></rtept><rtept lat="57.510182" lon="12.464088"><ele>82.6</ele></rtept><rtept lat="57.510182" lon="12.464052"><ele>82.8</ele></rtept><rtept lat="57.510188" lon="12.464005"><ele>82.8</ele></rtept><rtept lat="57.510188" lon="12.463965"><ele>82.8</ele></rtept><rtept lat="57.510175" lon="12.463937"><ele>83.0</ele></rtept><rtept lat="57.510168" lon="12.463902"><ele>83.0</ele></rtept><rtept lat="57.510157" lon="12.463867"><ele>83.0</ele></rtept><rtept lat="57.510143" lon="12.463832"><ele>83.4</ele></rtept><rtept lat="57.51013" lon="12.46378"><ele>83.4</ele></rtept><rtept lat="57.510118" lon="12.463733"><ele>83.8</ele></rtept><rtept lat="57.510118" lon="12.463693"><ele>84.0</ele></rtept><rtept lat="57.510105" lon="12.463655"><ele>84.0</ele></rtept><rtept lat="57.510105" lon="12.463612"><ele>84.4</ele></rtept><rtept lat="57.510112" lon="12.463568"><ele>84.6</ele></rtept><rtept lat="57.510118" lon="12.463522"><ele>84.4</ele></rtept><rtept lat="57.510123" lon="12.463485"><ele>85.0</ele></rtept><rtept lat="57.510123" lon="12.463445"><ele>85.2</ele></rtept><rtept lat="57.51013" lon="12.463405"><ele>85.2</ele></rtept><rtept lat="57.510118" lon="12.463363"><ele>85.6</ele></rtept><rtept lat="57.510118" lon="12.463312"><ele>85.6</ele></rtept><rtept lat="57.510112" lon="12.46326"><ele>85.6</ele></rtept><rtept lat="57.510112" lon="12.463205"><ele>86.0</ele></rtept><rtept lat="57.510112" lon="12.463158"><ele>86.0</ele></rtept><rtept lat="57.510123" lon="12.463093"><ele>86.0</ele></rtept><rtept lat="57.510123" lon="12.462998"><ele>86.2</ele></rtept><rtept lat="57.510137" lon="12.462942"><ele>86.0</ele></rtept><rtept lat="57.510157" lon="12.462895"><ele>86.6</ele></rtept><rtept lat="57.510168" lon="12.462843"><ele>86.6</ele></rtept><rtept lat="57.510175" lon="12.462808"><ele>86.6</ele></rtept><rtept lat="57.510188" lon="12.462783"><ele>87.0</ele></rtept><rtept lat="57.510195" lon="12.462745"><ele>86.8</ele></rtept><rtept lat="57.5102" lon="12.46271"><ele>87.0</ele></rtept><rtept lat="57.510213" lon="12.462683"><ele>87.2</ele></rtept><rtept lat="57.510233" lon="12.462657"><ele>87.2</ele></rtept><rtept lat="57.510252" lon="12.462617"><ele>87.6</ele></rtept><rtept lat="57.51029" lon="12.462637"><ele>88.0</ele></rtept><rtept lat="57.51031" lon="12.462592"><ele>88.0</ele></rtept><rtept lat="57.510317" lon="12.462557"><ele>88.4</ele></rtept><rtept lat="57.510335" lon="12.462512"><ele>88.4</ele></rtept><rtept lat="57.510342" lon="12.462478"><ele>88.4</ele></rtept><rtept lat="57.510373" lon="12.462472"><ele>89.2</ele></rtept><rtept lat="57.510398" lon="12.462458"><ele>89.4</ele></rtept><rtept lat="57.510418" lon="12.462425"><ele>89.8</ele></rtept><rtept lat="57.51045" lon="12.462388"><ele>89.6</ele></rtept><rtept lat="57.51047" lon="12.462333"><ele>90.0</ele></rtept><rtept lat="57.510482" lon="12.462307"><ele>90.0</ele></rtept><rtept lat="57.510495" lon="12.462277"><ele>90.0</ele></rtept><rtept lat="57.510508" lon="12.462252"><ele>90.0</ele></rtept><rtept lat="57.510533" lon="12.462208"><ele>90.6</ele></rtept><rtept lat="57.510553" lon="12.462155"><ele>91.0</ele></rtept><rtept lat="57.510572" lon="12.462135"><ele>91.0</ele></rtept><rtept lat="57.510598" lon="12.462098"><ele>91.2</ele></rtept><rtept lat="57.510617" lon="12.462075"><ele>91.6</ele></rtept><rtept lat="57.510648" lon="12.462038"><ele>91.8</ele></rtept><rtept lat="57.510668" lon="12.462017"><ele>91.6</ele></rtept><rtept lat="57.510687" lon="12.462003"><ele>91.6</ele></rtept><rtept lat="57.510707" lon="12.462"><ele>91.6</ele></rtept><rtept lat="57.510725" lon="12.46203"><ele>91.6</ele></rtept><rtept lat="57.510738" lon="12.462075"><ele>91.8</ele></rtept><rtept lat="57.510752" lon="12.462105"><ele>92.0</ele></rtept><rtept lat="57.510763" lon="12.462162"><ele>92.2</ele></rtept><rtept lat="57.51079" lon="12.462202"><ele>92.4</ele></rtept><rtept lat="57.510797" lon="12.462238"><ele>92.4</ele></rtept><rtept lat="57.510828" lon="12.46228"><ele>92.0</ele></rtept><rtept lat="57.510847" lon="12.462302"><ele>92.2</ele></rtept><rtept lat="57.510867" lon="12.46232"><ele>92.2</ele></rtept><rtept lat="57.510885" lon="12.462338"><ele>92.4</ele></rtept><rtept lat="57.510912" lon="12.462367"><ele>92.6</ele></rtept><rtept lat="57.510943" lon="12.462398"><ele>92.4</ele></rtept><rtept lat="57.510968" lon="12.462437"><ele>92.8</ele></rtept><rtept lat="57.510995" lon="12.462462"><ele>93.0</ele></rtept><rtept lat="57.511027" lon="12.46248"><ele>92.8</ele></rtept><rtept lat="57.511052" lon="12.4625"><ele>93.0</ele></rtept><rtept lat="57.511083" lon="12.462515"><ele>93.0</ele></rtept><rtept lat="57.511117" lon="12.462527"><ele>93.0</ele></rtept><rtept lat="57.511135" lon="12.462537"><ele>93.2</ele></rtept><rtept lat="57.511167" lon="12.462552"><ele>93.2</ele></rtept><rtept lat="57.511187" lon="12.462578"><ele>93.2</ele></rtept><rtept lat="57.511212" lon="12.46261"><ele>93.2</ele></rtept><rtept lat="57.511232" lon="12.462643"><ele>93.2</ele></rtept><rtept lat="57.51125" lon="12.46268"><ele>93.0</ele></rtept><rtept lat="57.51127" lon="12.462708"><ele>93.2</ele></rtept><rtept lat="57.511288" lon="12.462735"><ele>93.0</ele></rtept><rtept lat="57.511308" lon="12.46276"><ele>93.2</ele></rtept><rtept lat="57.511327" lon="12.462788"><ele>93.0</ele></rtept><rtept lat="57.511347" lon="12.46281"><ele>92.8</ele></rtept><rtept lat="57.511365" lon="12.46283"><ele>93.0</ele></rtept><rtept lat="57.511385" lon="12.462848"><ele>93.0</ele></rtept><rtept lat="57.511403" lon="12.462862"><ele>92.6</ele></rtept><rtept lat="57.511423" lon="12.462868"><ele>92.8</ele></rtept><rtept lat="57.511442" lon="12.46287"><ele>92.8</ele></rtept><rtept lat="57.511462" lon="12.462873"><ele>92.6</ele></rtept><rtept lat="57.511487" lon="12.462873"><ele>92.8</ele></rtept><rtept lat="57.511507" lon="12.462868"><ele>92.8</ele></rtept><rtept lat="57.511525" lon="12.462868"><ele>92.4</ele></rtept><rtept lat="57.511545" lon="12.462873"><ele>92.2</ele></rtept><rtept lat="57.511563" lon="12.46288"><ele>92.2</ele></rtept><rtept lat="57.511583" lon="12.462887"><ele>91.8</ele></rtept><rtept lat="57.511602" lon="12.462888"><ele>91.4</ele></rtept><rtept lat="57.511628" lon="12.462888"><ele>91.2</ele></rtept><rtept lat="57.511647" lon="12.462888"><ele>90.6</ele></rtept><rtept lat="57.511673" lon="12.462888"><ele>90.2</ele></rtept><rtept lat="57.511692" lon="12.462887"><ele>90.0</ele></rtept><rtept lat="57.511718" lon="12.462878"><ele>89.4</ele></rtept><rtept lat="57.511743" lon="12.462873"><ele>89.0</ele></rtept><rtept lat="57.511768" lon="12.46287"><ele>88.8</ele></rtept><rtept lat="57.511795" lon="12.462875"><ele>88.4</ele></rtept><rtept lat="57.51182" lon="12.462875"><ele>87.8</ele></rtept><rtept lat="57.511845" lon="12.462868"><ele>87.8</ele></rtept><rtept lat="57.511872" lon="12.46286"><ele>87.6</ele></rtept><rtept lat="57.51189" lon="12.462853"><ele>87.2</ele></rtept><rtept lat="57.511922" lon="12.462843"><ele>87.2</ele></rtept><rtept lat="57.511948" lon="12.462835"><ele>86.8</ele></rtept><rtept lat="57.511967" lon="12.46282"><ele>86.4</ele></rtept><rtept lat="57.512" lon="12.462802"><ele>86.4</ele></rtept><rtept lat="57.512018" lon="12.462793"><ele>86.0</ele></rtept><rtept lat="57.512043" lon="12.46278"><ele>85.8</ele></rtept><rtept lat="57.51207" lon="12.462763"><ele>86.0</ele></rtept><rtept lat="57.512088" lon="12.462745"><ele>85.8</ele></rtept><rtept lat="57.512108" lon="12.462738"><ele>86.0</ele></rtept><rtept lat="57.512133" lon="12.46273"><ele>86.2</ele></rtept><rtept lat="57.51216" lon="12.462718"><ele>85.8</ele></rtept><rtept lat="57.512185" lon="12.46271"><ele>85.8</ele></rtept><rtept lat="57.51221" lon="12.462708"><ele>85.6</ele></rtept><rtept lat="57.512237" lon="12.462713"><ele>85.4</ele></rtept><rtept lat="57.512262" lon="12.46272"><ele>85.4</ele></rtept><rtept lat="57.51228" lon="12.46273"><ele>85.2</ele></rtept><rtept lat="57.5123" lon="12.462743"><ele>85.2</ele></rtept><rtept lat="57.512325" lon="12.462763"><ele>85.4</ele></rtept><rtept lat="57.512345" lon="12.462785"><ele>85.0</ele></rtept><rtept lat="57.512377" lon="12.462808"><ele>85.2</ele></rtept><rtept lat="57.512402" lon="12.462835"><ele>85.0</ele></rtept><rtept lat="57.512422" lon="12.462855"><ele>85.0</ele></rtept><rtept lat="57.51244" lon="12.46286"><ele>85.0</ele></rtept><rtept lat="57.512467" lon="12.462862"><ele>85.0</ele></rtept><rtept lat="57.512485" lon="12.462865"><ele>85.2</ele></rtept><rtept lat="57.512512" lon="12.462868"><ele>85.0</ele></rtept><rtept lat="57.512537" lon="12.462875"><ele>84.8</ele></rtept><rtept lat="57.512562" lon="12.462882"><ele>85.0</ele></rtept><rtept lat="57.512588" lon="12.462888"><ele>85.0</ele></rtept><rtept lat="57.512613" lon="12.4629"><ele>85.4</ele></rtept><rtept lat="57.51264" lon="12.462907"><ele>85.4</ele></rtept><rtept lat="57.512658" lon="12.462915"><ele>85.8</ele></rtept><rtept lat="57.512678" lon="12.462923"><ele>86.0</ele></rtept><rtept lat="57.512703" lon="12.462935"><ele>86.2</ele></rtept><rtept lat="57.512722" lon="12.462947"><ele>86.4</ele></rtept><rtept lat="57.512742" lon="12.462955"><ele>86.4</ele></rtept><rtept lat="57.512767" lon="12.462967"><ele>86.2</ele></rtept><rtept lat="57.512787" lon="12.462983"><ele>86.4</ele></rtept><rtept lat="57.512812" lon="12.463002"><ele>86.0</ele></rtept><rtept lat="57.512832" lon="12.463023"><ele>86.0</ele></rtept><rtept lat="57.51285" lon="12.463043"><ele>85.6</ele></rtept><rtept lat="57.51287" lon="12.46306"><ele>85.2</ele></rtept><rtept lat="57.512888" lon="12.463072"><ele>85.2</ele></rtept><rtept lat="57.512915" lon="12.46308"><ele>84.8</ele></rtept><rtept lat="57.512933" lon="12.463087"><ele>84.4</ele></rtept><rtept lat="57.51296" lon="12.463093"><ele>84.2</ele></rtept><rtept lat="57.512985" lon="12.4631"><ele>83.8</ele></rtept><rtept lat="57.51301" lon="12.463107"><ele>83.2</ele></rtept><rtept lat="57.51303" lon="12.463112"><ele>83.0</ele></rtept><rtept lat="57.513055" lon="12.463113"><ele>82.6</ele></rtept><rtept lat="57.513075" lon="12.463112"><ele>82.4</ele></rtept><rtept lat="57.5131" lon="12.463107"><ele>82.2</ele></rtept><rtept lat="57.513125" lon="12.4631"><ele>81.8</ele></rtept><rtept lat="57.51317" lon="12.46308"><ele>81.8</ele></rtept><rtept lat="57.51319" lon="12.463072"><ele>81.6</ele></rtept><rtept lat="57.513208" lon="12.463063"><ele>81.8</ele></rtept><rtept lat="57.513228" lon="12.463063"><ele>82.0</ele></rtept><rtept lat="57.513247" lon="12.463068"><ele>81.8</ele></rtept><rtept lat="57.51328" lon="12.463083"><ele>82.0</ele></rtept><rtept lat="57.513298" lon="12.4631"><ele>82.4</ele></rtept><rtept lat="57.513318" lon="12.463117"><ele>82.6</ele></rtept><rtept lat="57.51333" lon="12.46314"><ele>82.6</ele></rtept><rtept lat="57.51335" lon="12.46316"><ele>83.0</ele></rtept><rtept lat="57.513375" lon="12.463178"><ele>83.2</ele></rtept><rtept lat="57.513395" lon="12.463198"><ele>83.6</ele></rtept><rtept lat="57.513413" lon="12.46322"><ele>84.0</ele></rtept><rtept lat="57.513433" lon="12.463247"><ele>84.0</ele></rtept><rtept lat="57.513445" lon="12.463275"><ele>84.2</ele></rtept><rtept lat="57.513458" lon="12.463302"><ele>84.4</ele></rtept><rtept lat="57.513478" lon="12.463332"><ele>84.2</ele></rtept><rtept lat="57.513497" lon="12.463363"><ele>84.4</ele></rtept><rtept lat="57.513522" lon="12.463393"><ele>84.4</ele></rtept><rtept lat="57.513535" lon="12.463423"><ele>84.2</ele></rtept><rtept lat="57.513548" lon="12.463455"><ele>84.6</ele></rtept><rtept lat="57.51356" lon="12.463485"><ele>84.6</ele></rtept><rtept lat="57.513573" lon="12.463518"><ele>84.4</ele></rtept><rtept lat="57.513593" lon="12.463548"><ele>84.6</ele></rtept><rtept lat="57.513605" lon="12.463582"><ele>84.6</ele></rtept><rtept lat="57.513618" lon="12.463618"><ele>84.4</ele></rtept><rtept lat="57.513632" lon="12.463657"><ele>84.6</ele></rtept><rtept lat="57.513643" lon="12.463697"><ele>84.6</ele></rtept><rtept lat="57.513663" lon="12.46374"><ele>84.2</ele></rtept><rtept lat="57.51367" lon="12.463783"><ele>84.0</ele></rtept><rtept lat="57.513677" lon="12.46382"><ele>84.0</ele></rtept><rtept lat="57.513695" lon="12.463845"><ele>83.4</ele></rtept><rtept lat="57.513727" lon="12.463827"><ele>83.0</ele></rtept><rtept lat="57.513747" lon="12.463817"><ele>83.0</ele></rtept><rtept lat="57.513765" lon="12.463808"><ele>82.8</ele></rtept><rtept lat="57.513798" lon="12.463808"><ele>82.6</ele></rtept><rtept lat="57.51383" lon="12.463813"><ele>82.2</ele></rtept><rtept lat="57.513848" lon="12.46382"><ele>82.4</ele></rtept><rtept lat="57.513868" lon="12.463827"><ele>82.4</ele></rtept><rtept lat="57.513893" lon="12.463833"><ele>82.2</ele></rtept><rtept lat="57.51392" lon="12.46384"><ele>82.4</ele></rtept><rtept lat="57.513945" lon="12.463842"><ele>82.2</ele></rtept><rtept lat="57.51397" lon="12.463847"><ele>82.4</ele></rtept><rtept lat="57.513997" lon="12.46385"><ele>82.4</ele></rtept><rtept lat="57.514022" lon="12.463842"><ele>82.2</ele></rtept><rtept lat="57.514047" lon="12.463842"><ele>82.4</ele></rtept><rtept lat="57.514067" lon="12.463862"><ele>82.4</ele></rtept><rtept lat="57.514085" lon="12.46389"><ele>82.4</ele></rtept><rtept lat="57.514105" lon="12.463922"><ele>82.4</ele></rtept><rtept lat="57.514137" lon="12.463967"><ele>82.4</ele></rtept><rtept lat="57.514162" lon="12.463995"><ele>82.2</ele></rtept><rtept lat="57.514188" lon="12.464025"><ele>82.4</ele></rtept><rtept lat="57.51422" lon="12.46405"><ele>82.2</ele></rtept><rtept lat="57.514245" lon="12.46407"><ele>82.2</ele></rtept><rtept lat="57.514265" lon="12.46409"><ele>82.4</ele></rtept><rtept lat="57.51429" lon="12.464115"><ele>82.0</ele></rtept><rtept lat="57.514317" lon="12.464133"><ele>82.0</ele></rtept><rtept lat="57.514335" lon="12.464153"><ele>82.0</ele></rtept><rtept lat="57.514355" lon="12.464175"><ele>81.6</ele></rtept><rtept lat="57.514373" lon="12.464183"><ele>81.6</ele></rtept><rtept lat="57.514393" lon="12.4642"><ele>81.6</ele></rtept><rtept lat="57.514412" lon="12.464218"><ele>81.4</ele></rtept><rtept lat="57.514443" lon="12.464243"><ele>81.4</ele></rtept><rtept lat="57.514463" lon="12.464262"><ele>81.4</ele></rtept><rtept lat="57.514482" lon="12.46428"><ele>81.6</ele></rtept><rtept lat="57.514502" lon="12.464295"><ele>81.4</ele></rtept><rtept lat="57.51452" lon="12.464308"><ele>81.4</ele></rtept><rtept lat="57.514547" lon="12.464347"><ele>81.4</ele></rtept><rtept lat="57.514565" lon="12.464373"><ele>81.6</ele></rtept><rtept lat="57.514585" lon="12.464392"><ele>81.6</ele></rtept><rtept lat="57.514603" lon="12.464402"><ele>81.4</ele></rtept><rtept lat="57.51463" lon="12.464423"><ele>81.4</ele></rtept><rtept lat="57.514642" lon="12.46446"><ele>81.4</ele></rtept><rtept lat="57.514655" lon="12.464513"><ele>81.4</ele></rtept><rtept lat="57.514675" lon="12.464547"><ele>81.4</ele></rtept><rtept lat="57.514687" lon="12.464572"><ele>81.6</ele></rtept><rtept lat="57.514707" lon="12.464607"><ele>82.0</ele></rtept><rtept lat="57.514725" lon="12.464645"><ele>82.6</ele></rtept><rtept lat="57.514758" lon="12.464685"><ele>83.2</ele></rtept><rtept lat="57.51477" lon="12.46473"><ele>83.6</ele></rtept><rtept lat="57.51479" lon="12.464763"><ele>84.0</ele></rtept><rtept lat="57.514802" lon="12.46479"><ele>84.0</ele></rtept><rtept lat="57.514815" lon="12.464845"><ele>84.2</ele></rtept><rtept lat="57.514828" lon="12.464895"><ele>84.4</ele></rtept><rtept lat="57.51484" lon="12.46494"><ele>84.2</ele></rtept><rtept lat="57.51486" lon="12.464987"><ele>84.0</ele></rtept><rtept lat="57.51488" lon="12.465023"><ele>84.4</ele></rtept><rtept lat="57.514898" lon="12.465068"><ele>84.4</ele></rtept><rtept lat="57.514912" lon="12.465112"><ele>84.4</ele></rtept><rtept lat="57.514923" lon="12.465142"><ele>84.8</ele></rtept><rtept lat="57.514937" lon="12.465172"><ele>84.6</ele></rtept><rtept lat="57.514957" lon="12.465203"><ele>84.8</ele></rtept><rtept lat="57.514968" lon="12.465232"><ele>85.0</ele></rtept><rtept lat="57.514988" lon="12.465258"><ele>85.0</ele></rtept><rtept lat="57.515007" lon="12.465285"><ele>85.2</ele></rtept><rtept lat="57.515027" lon="12.465315"><ele>85.4</ele></rtept><rtept lat="57.51504" lon="12.465342"><ele>85.4</ele></rtept><rtept lat="57.515058" lon="12.465372"><ele>85.4</ele></rtept><rtept lat="57.515083" lon="12.465407"><ele>85.6</ele></rtept><rtept lat="57.515122" lon="12.46544"><ele>85.4</ele></rtept><rtept lat="57.515167" lon="12.46547"><ele>85.6</ele></rtept><rtept lat="57.5152" lon="12.465495"><ele>85.4</ele></rtept><rtept lat="57.515225" lon="12.465523"><ele>85.2</ele></rtept><rtept lat="57.515257" lon="12.46556"><ele>85.2</ele></rtept><rtept lat="57.515288" lon="12.46559"><ele>85.2</ele></rtept><rtept lat="57.51536" lon="12.465635"><ele>84.8</ele></rtept><rtept lat="57.515403" lon="12.465698"><ele>85.0</ele></rtept><rtept lat="57.515442" lon="12.465735"><ele>84.8</ele></rtept><rtept lat="57.515475" lon="12.465767"><ele>84.6</ele></rtept><rtept lat="57.51548" lon="12.465803"><ele>84.4</ele></rtept><rtept lat="57.5155" lon="12.46584"><ele>84.0</ele></rtept><rtept lat="57.515525" lon="12.465857"><ele>84.0</ele></rtept><rtept lat="57.515545" lon="12.465893"><ele>84.0</ele></rtept><rtept lat="57.515552" lon="12.46594"><ele>84.2</ele></rtept><rtept lat="57.515563" lon="12.465998"><ele>84.2</ele></rtept><rtept lat="57.51557" lon="12.466042"><ele>84.0</ele></rtept><rtept lat="57.515583" lon="12.466085"><ele>84.2</ele></rtept><rtept lat="57.515597" lon="12.466117"><ele>84.6</ele></rtept><rtept lat="57.515597" lon="12.466152"><ele>84.6</ele></rtept><rtept lat="57.515602" lon="12.466188"><ele>84.6</ele></rtept><rtept lat="57.515602" lon="12.466235"><ele>84.8</ele></rtept><rtept lat="57.515615" lon="12.46626"><ele>85.0</ele></rtept><rtept lat="57.515635" lon="12.46629"><ele>85.2</ele></rtept><rtept lat="57.515653" lon="12.466328"><ele>85.2</ele></rtept><rtept lat="57.515667" lon="12.46636"><ele>85.6</ele></rtept><rtept lat="57.515692" lon="12.466385"><ele>85.6</ele></rtept><rtept lat="57.515718" lon="12.466428"><ele>85.8</ele></rtept><rtept lat="57.515737" lon="12.466455"><ele>86.0</ele></rtept><rtept lat="57.515757" lon="12.466478"><ele>86.0</ele></rtept><rtept lat="57.515782" lon="12.466507"><ele>86.2</ele></rtept><rtept lat="57.515795" lon="12.466537"><ele>86.2</ele></rtept><rtept lat="57.515813" lon="12.466567"><ele>86.2</ele></rtept><rtept lat="57.515833" lon="12.466597"><ele>86.2</ele></rtept><rtept lat="57.515858" lon="12.466627"><ele>86.0</ele></rtept><rtept lat="57.51589" lon="12.466658"><ele>85.8</ele></rtept><rtept lat="57.515917" lon="12.466682"><ele>85.8</ele></rtept><rtept lat="57.515942" lon="12.466705"><ele>85.6</ele></rtept><rtept lat="57.515967" lon="12.466705"><ele>85.6</ele></rtept><rtept lat="57.515993" lon="12.4667"><ele>85.8</ele></rtept><rtept lat="57.516032" lon="12.466672"><ele>85.4</ele></rtept><rtept lat="57.51607" lon="12.466678"><ele>85.4</ele></rtept><rtept lat="57.516102" lon="12.466678"><ele>85.4</ele></rtept><rtept lat="57.516133" lon="12.4667"><ele>85.2</ele></rtept><rtept lat="57.516165" lon="12.466732"><ele>85.2</ele></rtept><rtept lat="57.516198" lon="12.466758"><ele>85.2</ele></rtept><rtept lat="57.516237" lon="12.466787"><ele>85.2</ele></rtept><rtept lat="57.516262" lon="12.4668"><ele>85.6</ele></rtept><rtept lat="57.516287" lon="12.466797"><ele>85.8</ele></rtept><rtept lat="57.516307" lon="12.46678"><ele>86.2</ele></rtept><rtept lat="57.516332" lon="12.466785"><ele>86.6</ele></rtept><rtept lat="57.516345" lon="12.466832"><ele>87.0</ele></rtept><rtept lat="57.516352" lon="12.466872"><ele>87.2</ele></rtept><rtept lat="57.516358" lon="12.466905"><ele>86.8</ele></rtept><rtept lat="57.51637" lon="12.46695"><ele>87.2</ele></rtept><rtept lat="57.516383" lon="12.467008"><ele>87.2</ele></rtept><rtept lat="57.516397" lon="12.467063"><ele>87.2</ele></rtept><rtept lat="57.516408" lon="12.467095"><ele>87.4</ele></rtept><rtept lat="57.516428" lon="12.46712"><ele>87.6</ele></rtept><rtept lat="57.516453" lon="12.467138"><ele>87.8</ele></rtept><rtept lat="57.516453" lon="12.467173"><ele>88.0</ele></rtept><rtept lat="57.516467" lon="12.467232"><ele>88.4</ele></rtept><rtept lat="57.51648" lon="12.46728"><ele>88.2</ele></rtept><rtept lat="57.516498" lon="12.467317"><ele>88.2</ele></rtept><rtept lat="57.516518" lon="12.467347"><ele>88.4</ele></rtept><rtept lat="57.516537" lon="12.467372"><ele>88.2</ele></rtept><rtept lat="57.51655" lon="12.467398"><ele>88.0</ele></rtept><rtept lat="57.516568" lon="12.4674"><ele>88.2</ele></rtept><rtept lat="57.516568" lon="12.467472"><ele>88.0</ele></rtept><rtept lat="57.516575" lon="12.467505"><ele>87.8</ele></rtept><rtept lat="57.516575" lon="12.467557"><ele>88.4</ele></rtept><rtept lat="57.516575" lon="12.467603"><ele>88.4</ele></rtept><rtept lat="57.516588" lon="12.467638"><ele>88.4</ele></rtept><rtept lat="57.516607" lon="12.46766"><ele>88.4</ele></rtept><rtept lat="57.516627" lon="12.46765"><ele>88.0</ele></rtept><rtept lat="57.516672" lon="12.467625"><ele>88.0</ele></rtept><rtept lat="57.51671" lon="12.467628"><ele>87.8</ele></rtept><rtept lat="57.516748" lon="12.46764"><ele>87.6</ele></rtept><rtept lat="57.516805" lon="12.467668"><ele>87.4</ele></rtept><rtept lat="57.516857" lon="12.467708"><ele>87.0</ele></rtept><rtept lat="57.516888" lon="12.467738"><ele>87.2</ele></rtept><rtept lat="57.516908" lon="12.467765"><ele>87.0</ele></rtept><rtept lat="57.516927" lon="12.467785"><ele>86.6</ele></rtept><rtept lat="57.51694" lon="12.467828"><ele>86.6</ele></rtept><rtept lat="57.516965" lon="12.467858"><ele>86.4</ele></rtept><rtept lat="57.516998" lon="12.467868"><ele>86.0</ele></rtept><rtept lat="57.517023" lon="12.467868"><ele>86.0</ele></rtept><rtept lat="57.517048" lon="12.467862"><ele>86.0</ele></rtept><rtept lat="57.517075" lon="12.467852"><ele>85.6</ele></rtept><rtept lat="57.517093" lon="12.467833"><ele>85.4</ele></rtept><rtept lat="57.517125" lon="12.467828"><ele>85.4</ele></rtept><rtept lat="57.51717" lon="12.467848"><ele>84.8</ele></rtept><rtept lat="57.517208" lon="12.467873"><ele>85.0</ele></rtept><rtept lat="57.517247" lon="12.467912"><ele>84.8</ele></rtept><rtept lat="57.51728" lon="12.467953"><ele>84.6</ele></rtept><rtept lat="57.517305" lon="12.467973"><ele>85.0</ele></rtept><rtept lat="57.517285" lon="12.467988"><ele>84.8</ele></rtept><rtept lat="57.517292" lon="12.46802"><ele>85.0</ele></rtept><rtept lat="57.517298" lon="12.468057"><ele>84.6</ele></rtept><rtept lat="57.517305" lon="12.4681"><ele>84.6</ele></rtept><rtept lat="57.517318" lon="12.468152"><ele>84.6</ele></rtept><rtept lat="57.517337" lon="12.468185"><ele>84.4</ele></rtept><rtept lat="57.51735" lon="12.468217"><ele>84.6</ele></rtept><rtept lat="57.517362" lon="12.468245"><ele>84.6</ele></rtept><rtept lat="57.517382" lon="12.46829"><ele>84.2</ele></rtept><rtept lat="57.5174" lon="12.468295"><ele>84.2</ele></rtept><rtept lat="57.51742" lon="12.468328"><ele>84.0</ele></rtept><rtept lat="57.51744" lon="12.468373"><ele>84.4</ele></rtept><rtept lat="57.517458" lon="12.468408"><ele>84.2</ele></rtept><rtept lat="57.517472" lon="12.46845"><ele>84.4</ele></rtept><rtept lat="57.51749" lon="12.468475"><ele>84.4</ele></rtept><rtept lat="57.517517" lon="12.468483"><ele>84.2</ele></rtept><rtept lat="57.517542" lon="12.468513"><ele>84.2</ele></rtept><rtept lat="57.517567" lon="12.468562"><ele>84.4</ele></rtept><rtept lat="57.5176" lon="12.468573"><ele>84.4</ele></rtept><rtept lat="57.517625" lon="12.468582"><ele>84.4</ele></rtept><rtept lat="57.517657" lon="12.468582"><ele>84.4</ele></rtept><rtept lat="57.517688" lon="12.468598"><ele>84.2</ele></rtept><rtept lat="57.51772" lon="12.468593"><ele>84.2</ele></rtept><rtept lat="57.51776" lon="12.468583"><ele>83.8</ele></rtept><rtept lat="57.517778" lon="12.468593"><ele>83.4</ele></rtept><rtept lat="57.517803" lon="12.468593"><ele>83.4</ele></rtept><rtept lat="57.517823" lon="12.468582"><ele>83.2</ele></rtept><rtept lat="57.517842" lon="12.468577"><ele>82.8</ele></rtept><rtept lat="57.517862" lon="12.468573"><ele>82.8</ele></rtept><rtept lat="57.517887" lon="12.468582"><ele>82.4</ele></rtept><rtept lat="57.517907" lon="12.468563"><ele>82.2</ele></rtept><rtept lat="57.517932" lon="12.46854"><ele>82.2</ele></rtept><rtept lat="57.517938" lon="12.468502"><ele>82.2</ele></rtept><rtept lat="57.517963" lon="12.46848"><ele>82.0</ele></rtept><rtept lat="57.51799" lon="12.46848"><ele>82.2</ele></rtept><rtept lat="57.518022" lon="12.468475"><ele>81.6</ele></rtept><rtept lat="57.518067" lon="12.468455"><ele>81.0</ele></rtept><rtept lat="57.51808" lon="12.468422"><ele>80.8</ele></rtept><rtept lat="57.51808" lon="12.468377"><ele>80.4</ele></rtept><rtept lat="57.518098" lon="12.46836"><ele>80.4</ele></rtept><rtept lat="57.518123" lon="12.468338"><ele>80.2</ele></rtept><rtept lat="57.518143" lon="12.468308"><ele>80.0</ele></rtept><rtept lat="57.518157" lon="12.468255"><ele>79.8</ele></rtept><rtept lat="57.518168" lon="12.468225"><ele>79.6</ele></rtept><rtept lat="57.518182" lon="12.4682"><ele>79.2</ele></rtept><rtept lat="57.5182" lon="12.468158"><ele>79.0</ele></rtept><rtept lat="57.518227" lon="12.46812"><ele>78.6</ele></rtept><rtept lat="57.518245" lon="12.468077"><ele>78.2</ele></rtept><rtept lat="57.518258" lon="12.46804"><ele>78.0</ele></rtept><rtept lat="57.518252" lon="12.467998"><ele>77.6</ele></rtept><rtept lat="57.518258" lon="12.467963"><ele>77.0</ele></rtept><rtept lat="57.518258" lon="12.467913"><ele>76.6</ele></rtept><rtept lat="57.518265" lon="12.467868"><ele>75.8</ele></rtept><rtept lat="57.518278" lon="12.467835"><ele>75.6</ele></rtept><rtept lat="57.518283" lon="12.467802"><ele>75.4</ele></rtept><rtept lat="57.518297" lon="12.467778"><ele>75.0</ele></rtept><rtept lat="57.518335" lon="12.467768"><ele>74.2</ele></rtept><rtept lat="57.51836" lon="12.467782"><ele>73.8</ele></rtept><rtept lat="57.518387" lon="12.467795"><ele>73.4</ele></rtept><rtept lat="57.518405" lon="12.467815"><ele>73.0</ele></rtept><rtept lat="57.518432" lon="12.467848"><ele>72.8</ele></rtept><rtept lat="57.518463" lon="12.467882"><ele>72.2</ele></rtept><rtept lat="57.518502" lon="12.4679"><ele>71.8</ele></rtept><rtept lat="57.51852" lon="12.467898"><ele>71.6</ele></rtept><rtept lat="57.51854" lon="12.467883"><ele>71.6</ele></rtept><rtept lat="57.51856" lon="12.467862"><ele>71.4</ele></rtept><rtept lat="57.518578" lon="12.467835"><ele>71.2</ele></rtept><rtept lat="57.518598" lon="12.467808"><ele>71.4</ele></rtept><rtept lat="57.518617" lon="12.467782"><ele>71.0</ele></rtept><rtept lat="57.518637" lon="12.467755"><ele>71.0</ele></rtept><rtept lat="57.518655" lon="12.467735"><ele>71.2</ele></rtept><rtept lat="57.518675" lon="12.467715"><ele>71.0</ele></rtept><rtept lat="57.518693" lon="12.467697"><ele>71.4</ele></rtept><rtept lat="57.518713" lon="12.46768"><ele>71.2</ele></rtept><rtept lat="57.518732" lon="12.46766"><ele>71.4</ele></rtept><rtept lat="57.518752" lon="12.467638"><ele>71.8</ele></rtept><rtept lat="57.51877" lon="12.467617"><ele>71.8</ele></rtept><rtept lat="57.51879" lon="12.467597"><ele>72.2</ele></rtept><rtept lat="57.518808" lon="12.467572"><ele>72.4</ele></rtept><rtept lat="57.518835" lon="12.467527"><ele>72.6</ele></rtept><rtept lat="57.518853" lon="12.46751"><ele>72.4</ele></rtept><rtept lat="57.518873" lon="12.46749"><ele>72.4</ele></rtept><rtept lat="57.518892" lon="12.46746"><ele>72.6</ele></rtept><rtept lat="57.518918" lon="12.46741"><ele>72.8</ele></rtept><rtept lat="57.51893" lon="12.467382"><ele>73.2</ele></rtept><rtept lat="57.51895" lon="12.467362"><ele>73.0</ele></rtept><rtept lat="57.518968" lon="12.467337"><ele>73.4</ele></rtept><rtept lat="57.518988" lon="12.467308"><ele>73.2</ele></rtept><rtept lat="57.519007" lon="12.467282"><ele>73.2</ele></rtept><rtept lat="57.51902" lon="12.467252"><ele>73.6</ele></rtept><rtept lat="57.519038" lon="12.46722"><ele>73.6</ele></rtept><rtept lat="57.519058" lon="12.467193"><ele>73.8</ele></rtept><rtept lat="57.519072" lon="12.467168"><ele>74.0</ele></rtept><rtept lat="57.51909" lon="12.467148"><ele>73.8</ele></rtept><rtept lat="57.51911" lon="12.467128"><ele>74.4</ele></rtept><rtept lat="57.519128" lon="12.467108"><ele>74.4</ele></rtept><rtept lat="57.51916" lon="12.46707"><ele>74.8</ele></rtept><rtept lat="57.51918" lon="12.467043"><ele>74.6</ele></rtept><rtept lat="57.5192" lon="12.467015"><ele>74.6</ele></rtept><rtept lat="57.519218" lon="12.466983"><ele>75.0</ele></rtept><rtept lat="57.519238" lon="12.466957"><ele>74.8</ele></rtept><rtept lat="57.51925" lon="12.466928"><ele>75.2</ele></rtept><rtept lat="57.51927" lon="12.466903"><ele>75.4</ele></rtept><rtept lat="57.519288" lon="12.46687"><ele>75.0</ele></rtept><rtept lat="57.519302" lon="12.46684"><ele>75.4</ele></rtept><rtept lat="57.519315" lon="12.466805"><ele>75.4</ele></rtept><rtept lat="57.519333" lon="12.466765"><ele>75.2</ele></rtept><rtept lat="57.519347" lon="12.466725"><ele>75.4</ele></rtept><rtept lat="57.519353" lon="12.466692"><ele>75.2</ele></rtept><rtept lat="57.519365" lon="12.466652"><ele>75.4</ele></rtept><rtept lat="57.519378" lon="12.466608"><ele>75.6</ele></rtept><rtept lat="57.519392" lon="12.466573"><ele>75.6</ele></rtept><rtept lat="57.519398" lon="12.466533"><ele>75.8</ele></rtept><rtept lat="57.519403" lon="12.466493"><ele>76.0</ele></rtept><rtept lat="57.519403" lon="12.466458"><ele>76.2</ele></rtept><rtept lat="57.519403" lon="12.46642"><ele>76.6</ele></rtept><rtept lat="57.519403" lon="12.466382"><ele>76.6</ele></rtept><rtept lat="57.519398" lon="12.466342"><ele>76.8</ele></rtept><rtept lat="57.519398" lon="12.466277"><ele>77.4</ele></rtept><rtept lat="57.519392" lon="12.46624"><ele>77.8</ele></rtept><rtept lat="57.519385" lon="12.466203"><ele>77.8</ele></rtept><rtept lat="57.519372" lon="12.46617"><ele>78.2</ele></rtept><rtept lat="57.519365" lon="12.466135"><ele>78.4</ele></rtept><rtept lat="57.519347" lon="12.466098"><ele>78.2</ele></rtept><rtept lat="57.51934" lon="12.466065"><ele>78.6</ele></rtept><rtept lat="57.519327" lon="12.466032"><ele>78.8</ele></rtept><rtept lat="57.519315" lon="12.466"><ele>78.6</ele></rtept><rtept lat="57.519308" lon="12.465965"><ele>79.2</ele></rtept><rtept lat="57.519295" lon="12.465932"><ele>79.2</ele></rtept><rtept lat="57.519282" lon="12.465897"><ele>79.4</ele></rtept><rtept lat="57.51927" lon="12.465863"><ele>79.6</ele></rtept><rtept lat="57.519257" lon="12.465833"><ele>79.6</ele></rtept><rtept lat="57.519243" lon="12.4658"><ele>79.6</ele></rtept><rtept lat="57.519232" lon="12.465738"><ele>79.6</ele></rtept><rtept lat="57.519212" lon="12.465708"><ele>80.0</ele></rtept><rtept lat="57.5192" lon="12.465682"><ele>80.2</ele></rtept><rtept lat="57.519187" lon="12.465653"><ele>80.0</ele></rtept><rtept lat="57.519173" lon="12.46562"><ele>80.4</ele></rtept><rtept lat="57.519155" lon="12.465563"><ele>80.6</ele></rtept><rtept lat="57.519142" lon="12.46553"><ele>80.8</ele></rtept><rtept lat="57.519128" lon="12.465485"><ele>80.6</ele></rtept><rtept lat="57.519122" lon="12.465447"><ele>80.6</ele></rtept><rtept lat="57.51911" lon="12.465412"><ele>80.8</ele></rtept><rtept lat="57.519103" lon="12.465377"><ele>80.6</ele></rtept><rtept lat="57.519097" lon="12.465342"><ele>80.6</ele></rtept><rtept lat="57.519083" lon="12.465305"><ele>80.8</ele></rtept><rtept lat="57.519072" lon="12.465258"><ele>80.8</ele></rtept><rtept lat="57.519058" lon="12.465217"><ele>80.8</ele></rtept><rtept lat="57.519052" lon="12.46518"><ele>81.0</ele></rtept><rtept lat="57.519038" lon="12.465147"><ele>81.0</ele></rtept><rtept lat="57.51902" lon="12.465087"><ele>81.6</ele></rtept><rtept lat="57.519007" lon="12.465032"><ele>82.0</ele></rtept><rtept lat="57.518988" lon="12.464978"><ele>82.0</ele></rtept><rtept lat="57.518975" lon="12.464928"><ele>82.6</ele></rtept><rtept lat="57.518957" lon="12.464873"><ele>83.2</ele></rtept><rtept lat="57.518937" lon="12.464818"><ele>83.6</ele></rtept><rtept lat="57.51893" lon="12.46476"><ele>84.2</ele></rtept><rtept lat="57.518918" lon="12.464735"><ele>84.6</ele></rtept><rtept lat="57.518905" lon="12.464675"><ele>84.8</ele></rtept><rtept lat="57.518898" lon="12.464642"><ele>85.2</ele></rtept><rtept lat="57.51888" lon="12.464585"><ele>85.6</ele></rtept><rtept lat="57.51886" lon="12.464527"><ele>86.4</ele></rtept><rtept lat="57.51884" lon="12.464467"><ele>86.8</ele></rtept><rtept lat="57.518835" lon="12.464433"><ele>87.0</ele></rtept><rtept lat="57.518822" lon="12.464373"><ele>87.4</ele></rtept><rtept lat="57.518815" lon="12.464342"><ele>87.4</ele></rtept><rtept lat="57.518808" lon="12.464308"><ele>87.4</ele></rtept><rtept lat="57.518802" lon="12.464275"><ele>87.8</ele></rtept><rtept lat="57.51879" lon="12.464243"><ele>87.8</ele></rtept><rtept lat="57.518783" lon="12.464183"><ele>88.2</ele></rtept><rtept lat="57.51877" lon="12.464153"><ele>88.2</ele></rtept><rtept lat="57.518763" lon="12.464117"><ele>88.2</ele></rtept><rtept lat="57.518758" lon="12.464083"><ele>88.6</ele></rtept><rtept lat="57.518752" lon="12.464047"><ele>88.6</ele></rtept><rtept lat="57.518745" lon="12.46398"><ele>89.2</ele></rtept><rtept lat="57.518738" lon="12.463917"><ele>89.6</ele></rtept><rtept lat="57.518732" lon="12.463878"><ele>90.0</ele></rtept><rtept lat="57.518732" lon="12.46384"><ele>90.0</ele></rtept><rtept lat="57.518725" lon="12.463802"><ele>90.4</ele></rtept><rtept lat="57.518725" lon="12.463763"><ele>90.4</ele></rtept><rtept lat="57.518732" lon="12.463727"><ele>90.4</ele></rtept><rtept lat="57.518732" lon="12.463692"><ele>90.8</ele></rtept><rtept lat="57.518732" lon="12.463657"><ele>91.0</ele></rtept><rtept lat="57.518732" lon="12.46362"><ele>91.0</ele></rtept><rtept lat="57.518732" lon="12.463582"><ele>91.2</ele></rtept><rtept lat="57.518738" lon="12.463545"><ele>91.4</ele></rtept><rtept lat="57.518745" lon="12.46351"><ele>91.2</ele></rtept><rtept lat="57.518752" lon="12.463475"><ele>91.2</ele></rtept><rtept lat="57.518758" lon="12.46343"><ele>91.4</ele></rtept><rtept lat="57.518763" lon="12.46339"><ele>91.4</ele></rtept><rtept lat="57.51877" lon="12.463355"><ele>91.4</ele></rtept><rtept lat="57.518777" lon="12.46332"><ele>91.6</ele></rtept><rtept lat="57.51879" lon="12.463282"><ele>91.4</ele></rtept><rtept lat="57.518797" lon="12.463247"><ele>91.4</ele></rtept><rtept lat="57.518808" lon="12.463217"><ele>91.4</ele></rtept><rtept lat="57.518822" lon="12.463158"><ele>91.6</ele></rtept><rtept lat="57.518835" lon="12.463125"><ele>91.8</ele></rtept><rtept lat="57.518847" lon="12.463092"><ele>91.8</ele></rtept><rtept lat="57.518873" lon="12.46304"><ele>92.2</ele></rtept><rtept lat="57.51888" lon="12.463007"><ele>92.2</ele></rtept><rtept lat="57.518892" lon="12.462967"><ele>92.6</ele></rtept><rtept lat="57.518905" lon="12.462932"><ele>92.6</ele></rtept><rtept lat="57.518918" lon="12.4629"><ele>92.6</ele></rtept><rtept lat="57.518937" lon="12.462868"><ele>93.0</ele></rtept><rtept lat="57.518957" lon="12.462833"><ele>93.0</ele></rtept><rtept lat="57.518975" lon="12.46278"><ele>93.4</ele></rtept><rtept lat="57.518988" lon="12.462723"><ele>93.6</ele></rtept><rtept lat="57.519007" lon="12.462688"><ele>93.6</ele></rtept><rtept lat="57.51902" lon="12.46264"><ele>93.8</ele></rtept><rtept lat="57.519038" lon="12.462605"><ele>94.2</ele></rtept><rtept lat="57.519072" lon="12.462565"><ele>94.2</ele></rtept><rtept lat="57.519083" lon="12.462535"><ele>94.4</ele></rtept><rtept lat="57.519103" lon="12.4625"><ele>94.2</ele></rtept><rtept lat="57.519117" lon="12.462472"><ele>94.2</ele></rtept><rtept lat="57.519135" lon="12.462432"><ele>94.4</ele></rtept><rtept lat="57.519167" lon="12.462387"><ele>94.4</ele></rtept><rtept lat="57.519187" lon="12.462328"><ele>94.4</ele></rtept><rtept lat="57.5192" lon="12.462297"><ele>94.6</ele></rtept><rtept lat="57.519218" lon="12.462253"><ele>94.6</ele></rtept><rtept lat="57.519238" lon="12.462215"><ele>94.6</ele></rtept><rtept lat="57.51925" lon="12.46218"><ele>94.8</ele></rtept><rtept lat="57.519263" lon="12.46215"><ele>94.8</ele></rtept><rtept lat="57.519277" lon="12.462118"><ele>95.0</ele></rtept><rtept lat="57.519295" lon="12.46206"><ele>95.2</ele></rtept><rtept lat="57.519295" lon="12.462025"><ele>95.4</ele></rtept><rtept lat="57.519308" lon="12.461983"><ele>95.6</ele></rtept><rtept lat="57.519308" lon="12.46194"><ele>95.6</ele></rtept><rtept lat="57.519327" lon="12.46188"><ele>95.6</ele></rtept><rtept lat="57.519333" lon="12.461805"><ele>95.4</ele></rtept><rtept lat="57.519333" lon="12.461758"><ele>95.4</ele></rtept><rtept lat="57.519347" lon="12.461718"><ele>95.4</ele></rtept><rtept lat="57.519353" lon="12.461673"><ele>95.0</ele></rtept><rtept lat="57.51936" lon="12.461628"><ele>95.2</ele></rtept><rtept lat="57.519365" lon="12.46158"><ele>95.2</ele></rtept><rtept lat="57.519365" lon="12.461542"><ele>94.8</ele></rtept><rtept lat="57.519372" lon="12.461493"><ele>94.8</ele></rtept><rtept lat="57.519372" lon="12.46146"><ele>95.0</ele></rtept><rtept lat="57.519372" lon="12.461413"><ele>94.6</ele></rtept><rtept lat="57.519385" lon="12.46137"><ele>95.0</ele></rtept><rtept lat="57.519392" lon="12.461328"><ele>95.0</ele></rtept><rtept lat="57.519403" lon="12.46129"><ele>94.6</ele></rtept><rtept lat="57.519417" lon="12.461263"><ele>94.8</ele></rtept><rtept lat="57.519437" lon="12.46125"><ele>94.8</ele></rtept><rtept lat="57.519455" lon="12.461255"><ele>94.8</ele></rtept><rtept lat="57.51948" lon="12.461297"><ele>95.0</ele></rtept><rtept lat="57.519493" lon="12.461357"><ele>95.6</ele></rtept><rtept lat="57.5195" lon="12.461398"><ele>95.8</ele></rtept><rtept lat="57.519507" lon="12.461438"><ele>96.4</ele></rtept><rtept lat="57.51952" lon="12.461483"><ele>96.8</ele></rtept><rtept lat="57.519532" lon="12.461532"><ele>97.4</ele></rtept><rtept lat="57.519545" lon="12.46158"><ele>97.8</ele></rtept><rtept lat="57.51957" lon="12.46162"><ele>98.2</ele></rtept><rtept lat="57.519597" lon="12.461658"><ele>98.4</ele></rtept><rtept lat="57.519608" lon="12.4617"><ele>98.6</ele></rtept><rtept lat="57.519628" lon="12.461738"><ele>98.6</ele></rtept><rtept lat="57.519647" lon="12.461778"><ele>99.0</ele></rtept><rtept lat="57.519667" lon="12.461815"><ele>99.0</ele></rtept><rtept lat="57.519692" lon="12.461855"><ele>99.6</ele></rtept><rtept lat="57.519712" lon="12.461887"><ele>99.8</ele></rtept><rtept lat="57.51973" lon="12.461912"><ele>100.0</ele></rtept><rtept lat="57.519743" lon="12.46194"><ele>100.0</ele></rtept><rtept lat="57.519762" lon="12.46196"><ele>100.0</ele></rtept><rtept lat="57.519788" lon="12.462"><ele>100.0</ele></rtept><rtept lat="57.519813" lon="12.462045"><ele>100.2</ele></rtept><rtept lat="57.519833" lon="12.462068"><ele>100.2</ele></rtept><rtept lat="57.519852" lon="12.46208"><ele>100.4</ele></rtept><rtept lat="57.519883" lon="12.462125"><ele>100.4</ele></rtept><rtept lat="57.519903" lon="12.462182"><ele>100.8</ele></rtept><rtept lat="57.519917" lon="12.462215"><ele>100.6</ele></rtept><rtept lat="57.519928" lon="12.462242"><ele>100.8</ele></rtept><rtept lat="57.519948" lon="12.462283"><ele>100.6</ele></rtept><rtept lat="57.519967" lon="12.462332"><ele>100.6</ele></rtept><rtept lat="57.519993" lon="12.462368"><ele>100.2</ele></rtept><rtept lat="57.520025" lon="12.462412"><ele>100.2</ele></rtept><rtept lat="57.520043" lon="12.462458"><ele>100.2</ele></rtept><rtept lat="57.520063" lon="12.462505"><ele>99.8</ele></rtept><rtept lat="57.52007" lon="12.46254"><ele>99.6</ele></rtept><rtept lat="57.520082" lon="12.4626"><ele>99.2</ele></rtept><rtept lat="57.520082" lon="12.462635"><ele>99.0</ele></rtept><rtept lat="57.520088" lon="12.462668"><ele>98.8</ele></rtept><rtept lat="57.520102" lon="12.462697"><ele>98.6</ele></rtept><rtept lat="57.520115" lon="12.462723"><ele>98.2</ele></rtept><rtept lat="57.520127" lon="12.462755"><ele>98.4</ele></rtept><rtept lat="57.520147" lon="12.46278"><ele>98.0</ele></rtept><rtept lat="57.520172" lon="12.462808"><ele>98.0</ele></rtept><rtept lat="57.520198" lon="12.46284"><ele>98.0</ele></rtept><rtept lat="57.52023" lon="12.46287"><ele>97.4</ele></rtept><rtept lat="57.520275" lon="12.462922"><ele>97.2</ele></rtept><rtept lat="57.520318" lon="12.46296"><ele>97.2</ele></rtept><rtept lat="57.520377" lon="12.463008"><ele>96.8</ele></rtept><rtept lat="57.520428" lon="12.463053"><ele>96.8</ele></rtept><rtept lat="57.520473" lon="12.463105"><ele>97.0</ele></rtept><rtept lat="57.520512" lon="12.463165"><ele>96.6</ele></rtept><rtept lat="57.52055" lon="12.46321"><ele>96.6</ele></rtept><rtept lat="57.520575" lon="12.463247"><ele>96.6</ele></rtept><rtept lat="57.520607" lon="12.463285"><ele>96.4</ele></rtept><rtept lat="57.52064" lon="12.4633"><ele>96.2</ele></rtept><rtept lat="57.520658" lon="12.4633"><ele>96.2</ele></rtept><rtept lat="57.520678" lon="12.4633"><ele>95.4</ele></rtept><rtept lat="57.520703" lon="12.463307"><ele>95.4</ele></rtept><rtept lat="57.520722" lon="12.463312"><ele>95.2</ele></rtept><rtept lat="57.520748" lon="12.463317"><ele>95.2</ele></rtept><rtept lat="57.520767" lon="12.463298"><ele>94.8</ele></rtept><rtept lat="57.520787" lon="12.463285"><ele>94.8</ele></rtept><rtept lat="57.520805" lon="12.46328"><ele>94.6</ele></rtept><rtept lat="57.520825" lon="12.463272"><ele>94.4</ele></rtept><rtept lat="57.520843" lon="12.463258"><ele>94.4</ele></rtept><rtept lat="57.520863" lon="12.463245"><ele>94.4</ele></rtept><rtept lat="57.520882" lon="12.463232"><ele>94.4</ele></rtept><rtept lat="57.520908" lon="12.46322"><ele>94.8</ele></rtept><rtept lat="57.520933" lon="12.463212"><ele>95.2</ele></rtept><rtept lat="57.520953" lon="12.46319"><ele>95.2</ele></rtept><rtept lat="57.520972" lon="12.463172"><ele>95.2</ele></rtept><rtept lat="57.520998" lon="12.463207"><ele>95.4</ele></rtept><rtept lat="57.521017" lon="12.46322"><ele>95.0</ele></rtept><rtept lat="57.521042" lon="12.463238"><ele>95.4</ele></rtept><rtept lat="57.521062" lon="12.463237"><ele>95.2</ele></rtept><rtept lat="57.521087" lon="12.463232"><ele>95.6</ele></rtept><rtept lat="57.521113" lon="12.463227"><ele>95.6</ele></rtept><rtept lat="57.521132" lon="12.463222"><ele>95.6</ele></rtept><rtept lat="57.521158" lon="12.46322"><ele>95.8</ele></rtept><rtept lat="57.521177" lon="12.46321"><ele>96.0</ele></rtept><rtept lat="57.521197" lon="12.463202"><ele>96.0</ele></rtept><rtept lat="57.521215" lon="12.463195"><ele>97.0</ele></rtept><rtept lat="57.52124" lon="12.463202"><ele>97.4</ele></rtept><rtept lat="57.52126" lon="12.463212"><ele>97.8</ele></rtept><rtept lat="57.52128" lon="12.463235"><ele>98.0</ele></rtept><rtept lat="57.521298" lon="12.46326"><ele>98.6</ele></rtept><rtept lat="57.521312" lon="12.463285"><ele>98.6</ele></rtept><rtept lat="57.521337" lon="12.46332"><ele>99.2</ele></rtept><rtept lat="57.521357" lon="12.463327"><ele>99.6</ele></rtept><rtept lat="57.521382" lon="12.463337"><ele>100.0</ele></rtept><rtept lat="57.5214" lon="12.463345"><ele>100.8</ele></rtept><rtept lat="57.52142" lon="12.463357"><ele>101.0</ele></rtept><rtept lat="57.52144" lon="12.46336"><ele>101.4</ele></rtept><rtept lat="57.521458" lon="12.463357"><ele>101.4</ele></rtept><rtept lat="57.521478" lon="12.463355"><ele>101.4</ele></rtept><rtept lat="57.521497" lon="12.46335"><ele>101.8</ele></rtept><rtept lat="57.521517" lon="12.463343"><ele>101.8</ele></rtept><rtept lat="57.521535" lon="12.463343"><ele>101.8</ele></rtept><rtept lat="57.521555" lon="12.463345"><ele>102.0</ele></rtept><rtept lat="57.521573" lon="12.46335"><ele>102.0</ele></rtept><rtept lat="57.521593" lon="12.46334"><ele>102.2</ele></rtept><rtept lat="57.521625" lon="12.46333"><ele>102.4</ele></rtept><rtept lat="57.521643" lon="12.46333"><ele>102.4</ele></rtept><rtept lat="57.521677" lon="12.463332"><ele>103.0</ele></rtept><rtept lat="57.521695" lon="12.46333"><ele>103.0</ele></rtept><rtept lat="57.521715" lon="12.46333"><ele>103.4</ele></rtept><rtept lat="57.52174" lon="12.46334"><ele>103.4</ele></rtept><rtept lat="57.52176" lon="12.463357"><ele>103.6</ele></rtept><rtept lat="57.521778" lon="12.463372"><ele>103.6</ele></rtept><rtept lat="57.521798" lon="12.46339"><ele>103.4</ele></rtept><rtept lat="57.521823" lon="12.463397"><ele>103.6</ele></rtept><rtept lat="57.521848" lon="12.46342"><ele>103.6</ele></rtept><rtept lat="57.521862" lon="12.463453"><ele>103.4</ele></rtept><rtept lat="57.521893" lon="12.463488"><ele>103.6</ele></rtept><rtept lat="57.521913" lon="12.46351"><ele>103.8</ele></rtept><rtept lat="57.521945" lon="12.463555"><ele>103.8</ele></rtept><rtept lat="57.521963" lon="12.463573"><ele>103.8</ele></rtept><rtept lat="57.521983" lon="12.46359"><ele>103.8</ele></rtept><rtept lat="57.522002" lon="12.463612"><ele>103.8</ele></rtept><rtept lat="57.522022" lon="12.463628"><ele>104.0</ele></rtept><rtept lat="57.522047" lon="12.463658"><ele>104.0</ele></rtept><rtept lat="57.522067" lon="12.463687"><ele>103.8</ele></rtept><rtept lat="57.522092" lon="12.463713"><ele>104.0</ele></rtept><rtept lat="57.52213" lon="12.463742"><ele>104.0</ele></rtept><rtept lat="57.52215" lon="12.463762"><ele>104.0</ele></rtept><rtept lat="57.522182" lon="12.463793"><ele>104.2</ele></rtept><rtept lat="57.522213" lon="12.463825"><ele>104.0</ele></rtept><rtept lat="57.522258" lon="12.463857"><ele>104.0</ele></rtept><rtept lat="57.522303" lon="12.463882"><ele>104.2</ele></rtept><rtept lat="57.522348" lon="12.463918"><ele>104.0</ele></rtept><rtept lat="57.522393" lon="12.463945"><ele>104.0</ele></rtept><rtept lat="57.522432" lon="12.463962"><ele>104.0</ele></rtept><rtept lat="57.522457" lon="12.463987"><ele>104.0</ele></rtept><rtept lat="57.522482" lon="12.464012"><ele>104.0</ele></rtept><rtept lat="57.522515" lon="12.464"><ele>104.2</ele></rtept><rtept lat="57.522553" lon="12.464007"><ele>104.4</ele></rtept><rtept lat="57.522585" lon="12.464012"><ele>104.6</ele></rtept><rtept lat="57.52261" lon="12.464002"><ele>104.4</ele></rtept><rtept lat="57.522637" lon="12.46398"><ele>104.6</ele></rtept><rtept lat="57.522648" lon="12.463918"><ele>104.4</ele></rtept><rtept lat="57.522648" lon="12.463865"><ele>104.8</ele></rtept><rtept lat="57.522648" lon="12.463817"><ele>105.0</ele></rtept><rtept lat="57.522648" lon="12.463763"><ele>105.2</ele></rtept><rtept lat="57.522655" lon="12.463692"><ele>105.6</ele></rtept><rtept lat="57.522662" lon="12.463598"><ele>105.6</ele></rtept><rtept lat="57.522648" lon="12.463503"><ele>106.0</ele></rtept><rtept lat="57.522648" lon="12.46341"><ele>106.4</ele></rtept><rtept lat="57.522655" lon="12.46333"><ele>106.4</ele></rtept><rtept lat="57.522662" lon="12.463292"><ele>106.8</ele></rtept><rtept lat="57.522687" lon="12.46327"><ele>107.2</ele></rtept><rtept lat="57.522707" lon="12.463245"><ele>107.4</ele></rtept><rtept lat="57.522725" lon="12.463217"><ele>107.8</ele></rtept><rtept lat="57.522752" lon="12.4632"><ele>107.8</ele></rtept><rtept lat="57.522777" lon="12.463212"><ele>107.8</ele></rtept><rtept lat="57.522797" lon="12.4632"><ele>108.2</ele></rtept><rtept lat="57.522835" lon="12.463238"><ele>108.2</ele></rtept><rtept lat="57.522873" lon="12.46328"><ele>108.2</ele></rtept><rtept lat="57.522905" lon="12.463322"><ele>108.4</ele></rtept><rtept lat="57.522937" lon="12.463375"><ele>108.4</ele></rtept><rtept lat="57.52295" lon="12.463413"><ele>108.4</ele></rtept><rtept lat="57.522975" lon="12.46341"><ele>108.6</ele></rtept><rtept lat="57.523007" lon="12.46341"><ele>108.8</ele></rtept><rtept lat="57.523033" lon="12.463415"><ele>108.8</ele></rtept><rtept lat="57.523058" lon="12.463437"><ele>108.8</ele></rtept><rtept lat="57.523083" lon="12.463475"><ele>109.0</ele></rtept><rtept lat="57.523097" lon="12.463518"><ele>108.8</ele></rtept><rtept lat="57.52311" lon="12.463568"><ele>108.8</ele></rtept><rtept lat="57.523128" lon="12.463595"><ele>109.0</ele></rtept><rtept lat="57.523155" lon="12.463627"><ele>108.8</ele></rtept><rtept lat="57.52318" lon="12.463647"><ele>109.0</ele></rtept><rtept lat="57.523212" lon="12.463687"><ele>109.0</ele></rtept><rtept lat="57.523243" lon="12.463712"><ele>109.0</ele></rtept><rtept lat="57.523277" lon="12.463718"><ele>109.2</ele></rtept><rtept lat="57.523295" lon="12.463733"><ele>109.2</ele></rtept><rtept lat="57.52332" lon="12.463753"><ele>109.2</ele></rtept><rtept lat="57.52334" lon="12.463787"><ele>109.6</ele></rtept><rtept lat="57.523347" lon="12.463833"><ele>109.6</ele></rtept><rtept lat="57.523358" lon="12.463865"><ele>109.6</ele></rtept><rtept lat="57.523365" lon="12.46392"><ele>109.8</ele></rtept><rtept lat="57.523372" lon="12.463958"><ele>110.4</ele></rtept><rtept lat="57.523378" lon="12.464003"><ele>110.4</ele></rtept><rtept lat="57.523378" lon="12.464077"><ele>110.4</ele></rtept><rtept lat="57.523378" lon="12.464118"><ele>110.6</ele></rtept><rtept lat="57.523385" lon="12.46416"><ele>110.8</ele></rtept><rtept lat="57.523385" lon="12.464208"><ele>110.6</ele></rtept><rtept lat="57.523417" lon="12.464288"><ele>110.8</ele></rtept><rtept lat="57.523455" lon="12.46436"><ele>111.0</ele></rtept><rtept lat="57.52348" lon="12.464423"><ele>110.6</ele></rtept><rtept lat="57.523507" lon="12.464453"><ele>110.8</ele></rtept><rtept lat="57.523545" lon="12.464463"><ele>110.8</ele></rtept><rtept lat="57.523583" lon="12.46448"><ele>110.4</ele></rtept><rtept lat="57.523622" lon="12.464513"><ele>110.2</ele></rtept><rtept lat="57.523653" lon="12.46455"><ele>110.2</ele></rtept><rtept lat="57.523685" lon="12.464578"><ele>110.0</ele></rtept><rtept lat="57.523718" lon="12.464622"><ele>109.6</ele></rtept><rtept lat="57.523743" lon="12.464658"><ele>109.8</ele></rtept><rtept lat="57.523782" lon="12.464702"><ele>109.4</ele></rtept><rtept lat="57.523807" lon="12.464717"><ele>109.4</ele></rtept><rtept lat="57.523827" lon="12.46472"><ele>109.6</ele></rtept><rtept lat="57.523852" lon="12.464743"><ele>109.2</ele></rtept><rtept lat="57.523872" lon="12.464763"><ele>109.2</ele></rtept><rtept lat="57.52389" lon="12.46478"><ele>109.2</ele></rtept><rtept lat="57.52391" lon="12.464793"><ele>108.8</ele></rtept><rtept lat="57.523928" lon="12.46481"><ele>108.8</ele></rtept><rtept lat="57.523942" lon="12.46486"><ele>108.8</ele></rtept><rtept lat="57.523942" lon="12.464895"><ele>108.8</ele></rtept><rtept lat="57.523942" lon="12.464928"><ele>108.8</ele></rtept><rtept lat="57.523948" lon="12.464963"><ele>108.6</ele></rtept><rtept lat="57.52396" lon="12.465002"><ele>108.4</ele></rtept><rtept lat="57.523967" lon="12.465043"><ele>108.6</ele></rtept><rtept lat="57.52398" lon="12.465087"><ele>108.2</ele></rtept><rtept lat="57.523987" lon="12.46512"><ele>108.2</ele></rtept><rtept lat="57.523993" lon="12.465158"><ele>108.2</ele></rtept><rtept lat="57.524025" lon="12.465202"><ele>108.0</ele></rtept><rtept lat="57.524038" lon="12.465227"><ele>108.2</ele></rtept><rtept lat="57.524057" lon="12.465247"><ele>108.0</ele></rtept><rtept lat="57.52407" lon="12.465272"><ele>108.2</ele></rtept><rtept lat="57.524088" lon="12.4653"><ele>108.2</ele></rtept><rtept lat="57.52412" lon="12.465352"><ele>108.0</ele></rtept><rtept lat="57.52414" lon="12.46538"><ele>108.0</ele></rtept><rtept lat="57.52416" lon="12.465412"><ele>107.8</ele></rtept><rtept lat="57.524172" lon="12.46544"><ele>108.0</ele></rtept><rtept lat="57.524185" lon="12.465477"><ele>107.8</ele></rtept><rtept lat="57.524192" lon="12.46551"><ele>107.6</ele></rtept><rtept lat="57.524198" lon="12.465543"><ele>107.8</ele></rtept><rtept lat="57.52421" lon="12.465578"><ele>107.6</ele></rtept><rtept lat="57.524223" lon="12.465613"><ele>107.6</ele></rtept><rtept lat="57.524237" lon="12.465648"><ele>107.6</ele></rtept><rtept lat="57.524248" lon="12.465688"><ele>107.6</ele></rtept><rtept lat="57.524262" lon="12.46572"><ele>107.2</ele></rtept><rtept lat="57.524275" lon="12.465748"><ele>107.4</ele></rtept><rtept lat="57.524287" lon="12.465782"><ele>107.2</ele></rtept><rtept lat="57.524307" lon="12.465842"><ele>107.0</ele></rtept><rtept lat="57.524325" lon="12.465873"><ele>107.0</ele></rtept><rtept lat="57.524338" lon="12.465903"><ele>106.4</ele></rtept><rtept lat="57.524358" lon="12.465932"><ele>106.4</ele></rtept><rtept lat="57.524377" lon="12.465967"><ele>106.4</ele></rtept><rtept lat="57.524397" lon="12.466"><ele>105.8</ele></rtept><rtept lat="57.524408" lon="12.46603"><ele>105.8</ele></rtept><rtept lat="57.524422" lon="12.466057"><ele>106.0</ele></rtept><rtept lat="57.524435" lon="12.466082"><ele>105.4</ele></rtept><rtept lat="57.52446" lon="12.466135"><ele>105.4</ele></rtept><rtept lat="57.52448" lon="12.466165"><ele>105.2</ele></rtept><rtept lat="57.524492" lon="12.466197"><ele>105.2</ele></rtept><rtept lat="57.524512" lon="12.466228"><ele>105.2</ele></rtept><rtept lat="57.52453" lon="12.466278"><ele>104.8</ele></rtept><rtept lat="57.524557" lon="12.466342"><ele>104.2</ele></rtept><rtept lat="57.524568" lon="12.46637"><ele>104.2</ele></rtept><rtept lat="57.524582" lon="12.466395"><ele>104.0</ele></rtept><rtept lat="57.524595" lon="12.466423"><ele>103.6</ele></rtept><rtept lat="57.5246" lon="12.466458"><ele>103.2</ele></rtept><rtept lat="57.524613" lon="12.466493"><ele>103.0</ele></rtept><rtept lat="57.52462" lon="12.466532"><ele>102.6</ele></rtept><rtept lat="57.524627" lon="12.466563"><ele>102.2</ele></rtept><rtept lat="57.524633" lon="12.4666"><ele>102.2</ele></rtept><rtept lat="57.524638" lon="12.466633"><ele>101.8</ele></rtept><rtept lat="57.524638" lon="12.466672"><ele>101.4</ele></rtept><rtept lat="57.524652" lon="12.466732"><ele>101.0</ele></rtept><rtept lat="57.524658" lon="12.466767"><ele>100.8</ele></rtept><rtept lat="57.524672" lon="12.466805"><ele>100.8</ele></rtept><rtept lat="57.524672" lon="12.466843"><ele>100.4</ele></rtept><rtept lat="57.524678" lon="12.466877"><ele>100.4</ele></rtept><rtept lat="57.52469" lon="12.466917"><ele>100.4</ele></rtept><rtept lat="57.52471" lon="12.46697"><ele>100.2</ele></rtept><rtept lat="57.524728" lon="12.467035"><ele>99.8</ele></rtept><rtept lat="57.524735" lon="12.467073"><ele>100.0</ele></rtept><rtept lat="57.524748" lon="12.467108"><ele>100.0</ele></rtept><rtept lat="57.524767" lon="12.46716"><ele>100.0</ele></rtept><rtept lat="57.524773" lon="12.467197"><ele>100.0</ele></rtept><rtept lat="57.524787" lon="12.467233"><ele>99.8</ele></rtept><rtept lat="57.524787" lon="12.467272"><ele>99.8</ele></rtept><rtept lat="57.524787" lon="12.467317"><ele>99.6</ele></rtept><rtept lat="57.524787" lon="12.467365"><ele>99.6</ele></rtept><rtept lat="57.52478" lon="12.46741"><ele>99.8</ele></rtept><rtept lat="57.52478" lon="12.46747"><ele>99.6</ele></rtept><rtept lat="57.52478" lon="12.467517"><ele>99.8</ele></rtept><rtept lat="57.524773" lon="12.467557"><ele>99.8</ele></rtept><rtept lat="57.524773" lon="12.46759"><ele>99.4</ele></rtept><rtept lat="57.524773" lon="12.467635"><ele>99.6</ele></rtept><rtept lat="57.524773" lon="12.46767"><ele>99.6</ele></rtept><rtept lat="57.524767" lon="12.467708"><ele>99.4</ele></rtept><rtept lat="57.524767" lon="12.467743"><ele>99.6</ele></rtept><rtept lat="57.524767" lon="12.467778"><ele>99.4</ele></rtept><rtept lat="57.524767" lon="12.467813"><ele>99.4</ele></rtept><rtept lat="57.524767" lon="12.467857"><ele>99.6</ele></rtept><rtept lat="57.52476" lon="12.467897"><ele>99.6</ele></rtept><rtept lat="57.524755" lon="12.467932"><ele>99.6</ele></rtept><rtept lat="57.524755" lon="12.467973"><ele>99.8</ele></rtept><rtept lat="57.524767" lon="12.468022"><ele>99.6</ele></rtept><rtept lat="57.524767" lon="12.468072"><ele>99.6</ele></rtept><rtept lat="57.524767" lon="12.468135"><ele>100.0</ele></rtept><rtept lat="57.524773" lon="12.4682"><ele>99.8</ele></rtept><rtept lat="57.524773" lon="12.46824"><ele>99.8</ele></rtept><rtept lat="57.524787" lon="12.46829"><ele>100.0</ele></rtept><rtept lat="57.524787" lon="12.468323"><ele>99.8</ele></rtept><rtept lat="57.524793" lon="12.468363"><ele>100.0</ele></rtept><rtept lat="57.5248" lon="12.4684"><ele>100.2</ele></rtept><rtept lat="57.524812" lon="12.46844"><ele>99.8</ele></rtept><rtept lat="57.524825" lon="12.468488"><ele>100.0</ele></rtept><rtept lat="57.524838" lon="12.468542"><ele>100.2</ele></rtept><rtept lat="57.524857" lon="12.468607"><ele>99.8</ele></rtept><rtept lat="57.524877" lon="12.468712"><ele>100.0</ele></rtept><rtept lat="57.524888" lon="12.46878"><ele>100.2</ele></rtept><rtept lat="57.524902" lon="12.468847"><ele>100.0</ele></rtept><rtept lat="57.524915" lon="12.46893"><ele>100.2</ele></rtept><rtept lat="57.524933" lon="12.469"><ele>100.2</ele></rtept><rtept lat="57.52494" lon="12.469068"><ele>100.2</ele></rtept><rtept lat="57.524947" lon="12.469118"><ele>100.2</ele></rtept><rtept lat="57.52496" lon="12.46918"><ele>100.0</ele></rtept><rtept lat="57.524992" lon="12.469248"><ele>100.4</ele></rtept><rtept lat="57.525003" lon="12.469312"><ele>100.6</ele></rtept><rtept lat="57.525017" lon="12.469377"><ele>100.4</ele></rtept><rtept lat="57.52503" lon="12.469445"><ele>100.6</ele></rtept><rtept lat="57.525023" lon="12.46949"><ele>100.6</ele></rtept><rtept lat="57.525042" lon="12.469535"><ele>100.8</ele></rtept><rtept lat="57.525055" lon="12.46962"><ele>100.8</ele></rtept><rtept lat="57.525055" lon="12.46968"><ele>101.0</ele></rtept><rtept lat="57.52508" lon="12.469763"><ele>100.8</ele></rtept><rtept lat="57.525107" lon="12.469797"><ele>100.8</ele></rtept><rtept lat="57.525125" lon="12.469813"><ele>100.8</ele></rtept><rtept lat="57.525138" lon="12.469855"><ele>100.4</ele></rtept><rtept lat="57.525145" lon="12.469895"><ele>100.2</ele></rtept><rtept lat="57.525145" lon="12.469942"><ele>100.0</ele></rtept><rtept lat="57.525132" lon="12.47"><ele>99.4</ele></rtept><rtept lat="57.525125" lon="12.470062"><ele>98.6</ele></rtept><rtept lat="57.525107" lon="12.47006"><ele>98.4</ele></rtept><rtept lat="57.525075" lon="12.470033"><ele>98.2</ele></rtept><rtept lat="57.525055" lon="12.469972"><ele>98.0</ele></rtept><rtept lat="57.525037" lon="12.469928"><ele>98.0</ele></rtept><rtept lat="57.525017" lon="12.46987"><ele>97.8</ele></rtept><rtept lat="57.524998" lon="12.469802"><ele>98.0</ele></rtept><rtept lat="57.524985" lon="12.469757"><ele>97.8</ele></rtept><rtept lat="57.524972" lon="12.469713"><ele>98.4</ele></rtept><rtept lat="57.524972" lon="12.469665"><ele>98.6</ele></rtept><rtept lat="57.524965" lon="12.469605"><ele>98.6</ele></rtept><rtept lat="57.524965" lon="12.469558"><ele>99.2</ele></rtept><rtept lat="57.524953" lon="12.46952"><ele>99.4</ele></rtept><rtept lat="57.524933" lon="12.469478"><ele>100.0</ele></rtept><rtept lat="57.524927" lon="12.46944"><ele>100.0</ele></rtept><rtept lat="57.524915" lon="12.469388"><ele>99.8</ele></rtept><rtept lat="57.524915" lon="12.469342"><ele>100.2</ele></rtept><rtept lat="57.524908" lon="12.469287"><ele>100.2</ele></rtept><rtept lat="57.524908" lon="12.469238"><ele>100.6</ele></rtept><rtept lat="57.524902" lon="12.46919"><ele>100.6</ele></rtept><rtept lat="57.524902" lon="12.469145"><ele>100.6</ele></rtept><rtept lat="57.524895" lon="12.469097"><ele>100.8</ele></rtept><rtept lat="57.524895" lon="12.469043"><ele>100.6</ele></rtept><rtept lat="57.524888" lon="12.468997"><ele>100.6</ele></rtept><rtept lat="57.524882" lon="12.468937"><ele>100.6</ele></rtept><rtept lat="57.524877" lon="12.46888"><ele>100.4</ele></rtept><rtept lat="57.52487" lon="12.46883"><ele>100.4</ele></rtept><rtept lat="57.524857" lon="12.46877"><ele>100.6</ele></rtept><rtept lat="57.524843" lon="12.468703"><ele>100.6</ele></rtept><rtept lat="57.524832" lon="12.468647"><ele>100.6</ele></rtept><rtept lat="57.524832" lon="12.468598"><ele>100.4</ele></rtept><rtept lat="57.524832" lon="12.468553"><ele>100.4</ele></rtept><rtept lat="57.524832" lon="12.468508"><ele>100.4</ele></rtept><rtept lat="57.524838" lon="12.468465"><ele>100.2</ele></rtept><rtept lat="57.524857" lon="12.468413"><ele>100.2</ele></rtept><rtept lat="57.524877" lon="12.468385"><ele>100.2</ele></rtept><rtept lat="57.524895" lon="12.468355"><ele>100.2</ele></rtept><rtept lat="57.524895" lon="12.468317"><ele>100.2</ele></rtept><rtept lat="57.524895" lon="12.468272"><ele>100.2</ele></rtept><rtept lat="57.524902" lon="12.468217"><ele>100.2</ele></rtept><rtept lat="57.524902" lon="12.468172"><ele>100.2</ele></rtept><rtept lat="57.524902" lon="12.468122"><ele>100.0</ele></rtept><rtept lat="57.524902" lon="12.468085"><ele>100.0</ele></rtept><rtept lat="57.524908" lon="12.468027"><ele>100.0</ele></rtept><rtept lat="57.524908" lon="12.467987"><ele>100.2</ele></rtept><rtept lat="57.524908" lon="12.467947"><ele>100.2</ele></rtept><rtept lat="57.524908" lon="12.467897"><ele>100.0</ele></rtept><rtept lat="57.524902" lon="12.467853"><ele>100.2</ele></rtept><rtept lat="57.524908" lon="12.46778"><ele>99.8</ele></rtept><rtept lat="57.524908" lon="12.467728"><ele>100.2</ele></rtept><rtept lat="57.524908" lon="12.467683"><ele>100.2</ele></rtept><rtept lat="57.524908" lon="12.467633"><ele>99.8</ele></rtept><rtept lat="57.524908" lon="12.467597"><ele>100.0</ele></rtept><rtept lat="57.524908" lon="12.467537"><ele>100.0</ele></rtept><rtept lat="57.524908" lon="12.467485"><ele>100.0</ele></rtept><rtept lat="57.524908" lon="12.467445"><ele>100.2</ele></rtept><rtept lat="57.524895" lon="12.467402"><ele>100.0</ele></rtept><rtept lat="57.52487" lon="12.46734"><ele>100.2</ele></rtept><rtept lat="57.524857" lon="12.4673"><ele>100.4</ele></rtept><rtept lat="57.524838" lon="12.46726"><ele>100.2</ele></rtept><rtept lat="57.524818" lon="12.467213"><ele>100.2</ele></rtept><rtept lat="57.524805" lon="12.467173"><ele>100.0</ele></rtept><rtept lat="57.524793" lon="12.467135"><ele>99.8</ele></rtept><rtept lat="57.524793" lon="12.467095"><ele>100.2</ele></rtept><rtept lat="57.52478" lon="12.467062"><ele>100.0</ele></rtept><rtept lat="57.524767" lon="12.467023"><ele>100.0</ele></rtept><rtept lat="57.524755" lon="12.466998"><ele>100.2</ele></rtept><rtept lat="57.524742" lon="12.466965"><ele>100.0</ele></rtept><rtept lat="57.524728" lon="12.466908"><ele>100.4</ele></rtept><rtept lat="57.524717" lon="12.46688"><ele>100.4</ele></rtept><rtept lat="57.524697" lon="12.466827"><ele>100.6</ele></rtept><rtept lat="57.524678" lon="12.466805"><ele>100.6</ele></rtept><rtept lat="57.524665" lon="12.466752"><ele>100.6</ele></rtept><rtept lat="57.524652" lon="12.466695"><ele>101.0</ele></rtept><rtept lat="57.524633" lon="12.466667"><ele>101.0</ele></rtept><rtept lat="57.524613" lon="12.46664"><ele>101.4</ele></rtept><rtept lat="57.524595" lon="12.466617"><ele>101.4</ele></rtept><rtept lat="57.524582" lon="12.466588"><ele>101.4</ele></rtept><rtept lat="57.524562" lon="12.466562"><ele>101.8</ele></rtept><rtept lat="57.52455" lon="12.466533"><ele>101.8</ele></rtept><rtept lat="57.524537" lon="12.466502"><ele>102.4</ele></rtept><rtept lat="57.524505" lon="12.466448"><ele>103.0</ele></rtept><rtept lat="57.524485" lon="12.466418"><ele>103.4</ele></rtept><rtept lat="57.524467" lon="12.466383"><ele>103.4</ele></rtept><rtept lat="57.524453" lon="12.46636"><ele>103.6</ele></rtept><rtept lat="57.524435" lon="12.466333"><ele>104.2</ele></rtept><rtept lat="57.524422" lon="12.466308"><ele>104.2</ele></rtept><rtept lat="57.52439" lon="12.46626"><ele>104.8</ele></rtept><rtept lat="57.524377" lon="12.466233"><ele>104.8</ele></rtept><rtept lat="57.524358" lon="12.4662"><ele>105.2</ele></rtept><rtept lat="57.524345" lon="12.466165"><ele>105.2</ele></rtept><rtept lat="57.524332" lon="12.466132"><ele>105.4</ele></rtept><rtept lat="57.524307" lon="12.466092"><ele>105.4</ele></rtept><rtept lat="57.524293" lon="12.466065"><ele>105.6</ele></rtept><rtept lat="57.52428" lon="12.466038"><ele>105.8</ele></rtept><rtept lat="57.524268" lon="12.466012"><ele>105.8</ele></rtept><rtept lat="57.524255" lon="12.465987"><ele>106.2</ele></rtept><rtept lat="57.524237" lon="12.465958"><ele>106.2</ele></rtept><rtept lat="57.524198" lon="12.4659"><ele>106.6</ele></rtept><rtept lat="57.524172" lon="12.46586"><ele>106.6</ele></rtept><rtept lat="57.52416" lon="12.465827"><ele>106.8</ele></rtept><rtept lat="57.52414" lon="12.465787"><ele>107.0</ele></rtept><rtept lat="57.524133" lon="12.465735"><ele>107.0</ele></rtept><rtept lat="57.52412" lon="12.465688"><ele>107.4</ele></rtept><rtept lat="57.524115" lon="12.46565"><ele>107.6</ele></rtept><rtept lat="57.524102" lon="12.465608"><ele>107.6</ele></rtept><rtept lat="57.524082" lon="12.465578"><ele>108.0</ele></rtept><rtept lat="57.52407" lon="12.465548"><ele>108.0</ele></rtept><rtept lat="57.52405" lon="12.46551"><ele>107.8</ele></rtept><rtept lat="57.524032" lon="12.465477"><ele>108.2</ele></rtept><rtept lat="57.524012" lon="12.465452"><ele>108.0</ele></rtept><rtept lat="57.523993" lon="12.465425"><ele>108.2</ele></rtept><rtept lat="57.52396" lon="12.465405"><ele>108.4</ele></rtept><rtept lat="57.523942" lon="12.465385"><ele>108.2</ele></rtept><rtept lat="57.523928" lon="12.465352"><ele>108.6</ele></rtept><rtept lat="57.523917" lon="12.465318"><ele>108.6</ele></rtept><rtept lat="57.523903" lon="12.465277"><ele>108.4</ele></rtept><rtept lat="57.523883" lon="12.46524"><ele>108.4</ele></rtept><rtept lat="57.523865" lon="12.465207"><ele>108.6</ele></rtept><rtept lat="57.523845" lon="12.465162"><ele>108.4</ele></rtept><rtept lat="57.52384" lon="12.465128"><ele>108.4</ele></rtept><rtept lat="57.523827" lon="12.46508"><ele>108.6</ele></rtept><rtept lat="57.52382" lon="12.46504"><ele>108.6</ele></rtept><rtept lat="57.523813" lon="12.464988"><ele>108.6</ele></rtept><rtept lat="57.5238" lon="12.464928"><ele>108.8</ele></rtept><rtept lat="57.5238" lon="12.464875"><ele>108.6</ele></rtept><rtept lat="57.5238" lon="12.464835"><ele>109.0</ele></rtept><rtept lat="57.5238" lon="12.464793"><ele>109.2</ele></rtept><rtept lat="57.5238" lon="12.464757"><ele>109.0</ele></rtept><rtept lat="57.523807" lon="12.464692"><ele>109.4</ele></rtept><rtept lat="57.523807" lon="12.464627"><ele>109.4</ele></rtept><rtept lat="57.523807" lon="12.464592"><ele>109.6</ele></rtept><rtept lat="57.523813" lon="12.464532"><ele>109.4</ele></rtept><rtept lat="57.523807" lon="12.464453"><ele>109.6</ele></rtept><rtept lat="57.523813" lon="12.464362"><ele>109.6</ele></rtept><rtept lat="57.523813" lon="12.46427"><ele>109.6</ele></rtept><rtept lat="57.52382" lon="12.464193"><ele>109.8</ele></rtept><rtept lat="57.52382" lon="12.464123"><ele>109.8</ele></rtept><rtept lat="57.523833" lon="12.464068"><ele>110.0</ele></rtept><rtept lat="57.523833" lon="12.463998"><ele>110.2</ele></rtept><rtept lat="57.52384" lon="12.463932"><ele>110.2</ele></rtept><rtept lat="57.523858" lon="12.463867"><ele>110.6</ele></rtept><rtept lat="57.523865" lon="12.463807"><ele>111.0</ele></rtept><rtept lat="57.52389" lon="12.463757"><ele>111.0</ele></rtept><rtept lat="57.52391" lon="12.463743"><ele>111.4</ele></rtept><rtept lat="57.523935" lon="12.463748"><ele>111.6</ele></rtept><rtept lat="57.523973" lon="12.463743"><ele>111.6</ele></rtept><rtept lat="57.523993" lon="12.463738"><ele>112.0</ele></rtept><rtept lat="57.524012" lon="12.46374"><ele>112.0</ele></rtept><rtept lat="57.524038" lon="12.463767"><ele>112.0</ele></rtept><rtept lat="57.52405" lon="12.463802"><ele>112.4</ele></rtept><rtept lat="57.524077" lon="12.463832"><ele>112.4</ele></rtept><rtept lat="57.524095" lon="12.463845"><ele>112.2</ele></rtept><rtept lat="57.524115" lon="12.463822"><ele>112.4</ele></rtept><rtept lat="57.524133" lon="12.463802"><ele>112.6</ele></rtept><rtept lat="57.524153" lon="12.463758"><ele>113.4</ele></rtept><rtept lat="57.524172" lon="12.463717"><ele>113.8</ele></rtept><rtept lat="57.524192" lon="12.46366"><ele>114.4</ele></rtept><rtept lat="57.524198" lon="12.463622"><ele>115.0</ele></rtept><rtept lat="57.52421" lon="12.463583"><ele>115.2</ele></rtept><rtept lat="57.52421" lon="12.463548"><ele>115.4</ele></rtept><rtept lat="57.524217" lon="12.463505"><ele>115.6</ele></rtept><rtept lat="57.524223" lon="12.463465"><ele>115.8</ele></rtept><rtept lat="57.524223" lon="12.46343"><ele>115.8</ele></rtept><rtept lat="57.52421" lon="12.463388"><ele>116.0</ele></rtept><rtept lat="57.524217" lon="12.46334"><ele>116.0</ele></rtept><rtept lat="57.524217" lon="12.46328"><ele>116.4</ele></rtept><rtept lat="57.524223" lon="12.46324"><ele>116.2</ele></rtept><rtept lat="57.524223" lon="12.463187"><ele>116.6</ele></rtept><rtept lat="57.52423" lon="12.463145"><ele>116.4</ele></rtept><rtept lat="57.524237" lon="12.463092"><ele>116.4</ele></rtept><rtept lat="57.524237" lon="12.463033"><ele>116.4</ele></rtept><rtept lat="57.524237" lon="12.462988"><ele>116.4</ele></rtept><rtept lat="57.524242" lon="12.462947"><ele>116.6</ele></rtept><rtept lat="57.524248" lon="12.4629"><ele>116.6</ele></rtept><rtept lat="57.524255" lon="12.462858"><ele>116.4</ele></rtept><rtept lat="57.524262" lon="12.462825"><ele>116.6</ele></rtept><rtept lat="57.52428" lon="12.462793"><ele>116.8</ele></rtept><rtept lat="57.524293" lon="12.462765"><ele>116.6</ele></rtept><rtept lat="57.52432" lon="12.46271"><ele>116.8</ele></rtept><rtept lat="57.524332" lon="12.462683"><ele>116.6</ele></rtept><rtept lat="57.524338" lon="12.462647"><ele>116.6</ele></rtept><rtept lat="57.524358" lon="12.462612"><ele>116.6</ele></rtept><rtept lat="57.52437" lon="12.462575"><ele>116.4</ele></rtept><rtept lat="57.52439" lon="12.462552"><ele>116.6</ele></rtept><rtept lat="57.524408" lon="12.462515"><ele>116.4</ele></rtept><rtept lat="57.524422" lon="12.462467"><ele>117.0</ele></rtept><rtept lat="57.524435" lon="12.462433"><ele>117.0</ele></rtept><rtept lat="57.52444" lon="12.462393"><ele>117.2</ele></rtept><rtept lat="57.524447" lon="12.46236"><ele>117.2</ele></rtept><rtept lat="57.52446" lon="12.4623"><ele>117.4</ele></rtept><rtept lat="57.524473" lon="12.462273"><ele>117.2</ele></rtept><rtept lat="57.52448" lon="12.462232"><ele>117.4</ele></rtept><rtept lat="57.52448" lon="12.462195"><ele>117.6</ele></rtept><rtept lat="57.524485" lon="12.462162"><ele>117.4</ele></rtept><rtept lat="57.524492" lon="12.462125"><ele>117.4</ele></rtept><rtept lat="57.524485" lon="12.462057"><ele>117.4</ele></rtept><rtept lat="57.52448" lon="12.462005"><ele>117.2</ele></rtept><rtept lat="57.524473" lon="12.461963"><ele>117.2</ele></rtept><rtept lat="57.524473" lon="12.46192"><ele>117.2</ele></rtept><rtept lat="57.524473" lon="12.46188"><ele>116.6</ele></rtept><rtept lat="57.524473" lon="12.461838"><ele>116.4</ele></rtept><rtept lat="57.524473" lon="12.461797"><ele>116.4</ele></rtept><rtept lat="57.52448" lon="12.461752"><ele>115.8</ele></rtept><rtept lat="57.52448" lon="12.4617"><ele>115.4</ele></rtept><rtept lat="57.524485" lon="12.46166"><ele>115.4</ele></rtept><rtept lat="57.524485" lon="12.461608"><ele>115.0</ele></rtept><rtept lat="57.524485" lon="12.461558"><ele>114.6</ele></rtept><rtept lat="57.524492" lon="12.461508"><ele>114.6</ele></rtept><rtept lat="57.524498" lon="12.46147"><ele>114.2</ele></rtept><rtept lat="57.524518" lon="12.461433"><ele>114.0</ele></rtept><rtept lat="57.52453" lon="12.461388"><ele>114.0</ele></rtept><rtept lat="57.52455" lon="12.46135"><ele>113.6</ele></rtept><rtept lat="57.524562" lon="12.461305"><ele>113.6</ele></rtept><rtept lat="57.524575" lon="12.461263"><ele>113.6</ele></rtept><rtept lat="57.524588" lon="12.46123"><ele>113.6</ele></rtept><rtept lat="57.5246" lon="12.461202"><ele>114.0</ele></rtept><rtept lat="57.524607" lon="12.46117"><ele>113.8</ele></rtept><rtept lat="57.524613" lon="12.461127"><ele>114.0</ele></rtept><rtept lat="57.52462" lon="12.461087"><ele>114.2</ele></rtept><rtept lat="57.52462" lon="12.461033"><ele>114.4</ele></rtept><rtept lat="57.524633" lon="12.460963"><ele>115.0</ele></rtept><rtept lat="57.524633" lon="12.46092"><ele>115.0</ele></rtept><rtept lat="57.524633" lon="12.460883"><ele>115.4</ele></rtept><rtept lat="57.524633" lon="12.460847"><ele>115.4</ele></rtept><rtept lat="57.524638" lon="12.460807"><ele>115.4</ele></rtept><rtept lat="57.524658" lon="12.46073"><ele>115.6</ele></rtept><rtept lat="57.524665" lon="12.460665"><ele>115.4</ele></rtept><rtept lat="57.524665" lon="12.46063"><ele>115.4</ele></rtept><rtept lat="57.524678" lon="12.460563"><ele>115.0</ele></rtept><rtept lat="57.524678" lon="12.460525"><ele>115.0</ele></rtept><rtept lat="57.524683" lon="12.460485"><ele>114.6</ele></rtept><rtept lat="57.52469" lon="12.460445"><ele>114.8</ele></rtept><rtept lat="57.524703" lon="12.460412"><ele>114.8</ele></rtept><rtept lat="57.524717" lon="12.460378"><ele>114.2</ele></rtept><rtept lat="57.524728" lon="12.460333"><ele>114.2</ele></rtept><rtept lat="57.524735" lon="12.460298"><ele>114.4</ele></rtept><rtept lat="57.524755" lon="12.460257"><ele>114.0</ele></rtept><rtept lat="57.524767" lon="12.460232"><ele>113.8</ele></rtept><rtept lat="57.524773" lon="12.460197"><ele>113.8</ele></rtept><rtept lat="57.524773" lon="12.46016"><ele>113.4</ele></rtept><rtept lat="57.524787" lon="12.460127"><ele>113.2</ele></rtept><rtept lat="57.524793" lon="12.460095"><ele>113.2</ele></rtept><rtept lat="57.5248" lon="12.460058"><ele>113.2</ele></rtept><rtept lat="57.524812" lon="12.460023"><ele>112.6</ele></rtept><rtept lat="57.524825" lon="12.459983"><ele>112.4</ele></rtept><rtept lat="57.524843" lon="12.459938"><ele>112.4</ele></rtept><rtept lat="57.524857" lon="12.459908"><ele>111.8</ele></rtept><rtept lat="57.524877" lon="12.45989"><ele>111.4</ele></rtept><rtept lat="57.524895" lon="12.45987"><ele>111.4</ele></rtept><rtept lat="57.524908" lon="12.459845"><ele>111.2</ele></rtept><rtept lat="57.524927" lon="12.459817"><ele>111.0</ele></rtept><rtept lat="57.52494" lon="12.45976"><ele>110.8</ele></rtept><rtept lat="57.524947" lon="12.45972"><ele>110.4</ele></rtept><rtept lat="57.524953" lon="12.459685"><ele>110.4</ele></rtept><rtept lat="57.524965" lon="12.459655"><ele>110.4</ele></rtept><rtept lat="57.524965" lon="12.45962"><ele>110.0</ele></rtept><rtept lat="57.52496" lon="12.45956"><ele>110.0</ele></rtept><rtept lat="57.524953" lon="12.459522"><ele>109.4</ele></rtept><rtept lat="57.524947" lon="12.459487"><ele>109.6</ele></rtept><rtept lat="57.52494" lon="12.459442"><ele>109.6</ele></rtept><rtept lat="57.524933" lon="12.459407"><ele>109.2</ele></rtept><rtept lat="57.52492" lon="12.45937"><ele>109.2</ele></rtept><rtept lat="57.524908" lon="12.459328"><ele>109.4</ele></rtept><rtept lat="57.524895" lon="12.459288"><ele>109.0</ele></rtept><rtept lat="57.524888" lon="12.459238"><ele>109.4</ele></rtept><rtept lat="57.524877" lon="12.45918"><ele>109.4</ele></rtept><rtept lat="57.524863" lon="12.45911"><ele>109.2</ele></rtept><rtept lat="57.524857" lon="12.459045"><ele>109.4</ele></rtept><rtept lat="57.52485" lon="12.458982"><ele>109.2</ele></rtept><rtept lat="57.524843" lon="12.458883"><ele>109.2</ele></rtept><rtept lat="57.524843" lon="12.458768"><ele>109.6</ele></rtept><rtept lat="57.52487" lon="12.458682"><ele>109.4</ele></rtept><rtept lat="57.524882" lon="12.458583"><ele>109.4</ele></rtept><rtept lat="57.524908" lon="12.458503"><ele>109.6</ele></rtept><rtept lat="57.524927" lon="12.45844"><ele>109.4</ele></rtept><rtept lat="57.524965" lon="12.458387"><ele>109.8</ele></rtept><rtept lat="57.524985" lon="12.458355"><ele>110.0</ele></rtept><rtept lat="57.52501" lon="12.458385"><ele>109.8</ele></rtept><rtept lat="57.525037" lon="12.45841"><ele>110.0</ele></rtept><rtept lat="57.525068" lon="12.45843"><ele>110.2</ele></rtept><rtept lat="57.525093" lon="12.458443"><ele>110.0</ele></rtept><rtept lat="57.525125" lon="12.458457"><ele>110.4</ele></rtept><rtept lat="57.525152" lon="12.458477"><ele>110.2</ele></rtept><rtept lat="57.52517" lon="12.4585"><ele>110.2</ele></rtept><rtept lat="57.525197" lon="12.458518"><ele>110.4</ele></rtept><rtept lat="57.525215" lon="12.458515"><ele>110.4</ele></rtept><rtept lat="57.525235" lon="12.458515"><ele>110.4</ele></rtept><rtept lat="57.525253" lon="12.458523"><ele>110.6</ele></rtept><rtept lat="57.52528" lon="12.45854"><ele>110.6</ele></rtept><rtept lat="57.525312" lon="12.458553"><ele>110.4</ele></rtept><rtept lat="57.525343" lon="12.458575"><ele>110.8</ele></rtept><rtept lat="57.525362" lon="12.458595"><ele>110.6</ele></rtept><rtept lat="57.525388" lon="12.458605"><ele>110.6</ele></rtept><rtept lat="57.525407" lon="12.45862"><ele>110.8</ele></rtept><rtept lat="57.52544" lon="12.458642"><ele>110.6</ele></rtept><rtept lat="57.525472" lon="12.458648"><ele>110.4</ele></rtept><rtept lat="57.52551" lon="12.458675"><ele>110.6</ele></rtept><rtept lat="57.52556" lon="12.458703"><ele>110.4</ele></rtept><rtept lat="57.525587" lon="12.458718"><ele>110.6</ele></rtept><rtept lat="57.525612" lon="12.458728"><ele>110.8</ele></rtept><rtept lat="57.525638" lon="12.458723"><ele>110.6</ele></rtept><rtept lat="57.525663" lon="12.458722"><ele>110.8</ele></rtept><rtept lat="57.525677" lon="12.458695"><ele>110.8</ele></rtept><rtept lat="57.525708" lon="12.458655"><ele>111.0</ele></rtept><rtept lat="57.525733" lon="12.458653"><ele>111.0</ele></rtept><rtept lat="57.525765" lon="12.458655"><ele>110.8</ele></rtept><rtept lat="57.525785" lon="12.458675"><ele>111.0</ele></rtept><rtept lat="57.52581" lon="12.458675"><ele>111.0</ele></rtept><rtept lat="57.525837" lon="12.458673"><ele>111.0</ele></rtept><rtept lat="57.525848" lon="12.458698"><ele>111.2</ele></rtept><rtept lat="57.525868" lon="12.458742"><ele>111.0</ele></rtept><rtept lat="57.525893" lon="12.45878"><ele>110.8</ele></rtept><rtept lat="57.525913" lon="12.458818"><ele>110.8</ele></rtept><rtept lat="57.525938" lon="12.458848"><ele>110.8</ele></rtept><rtept lat="57.525963" lon="12.458907"><ele>110.4</ele></rtept><rtept lat="57.525983" lon="12.458932"><ele>110.6</ele></rtept><rtept lat="57.526008" lon="12.458985"><ele>110.4</ele></rtept><rtept lat="57.526028" lon="12.459037"><ele>110.6</ele></rtept><rtept lat="57.526047" lon="12.45908"><ele>110.4</ele></rtept><rtept lat="57.52606" lon="12.459112"><ele>110.2</ele></rtept><rtept lat="57.52608" lon="12.459145"><ele>110.2</ele></rtept><rtept lat="57.526098" lon="12.459173"><ele>110.2</ele></rtept><rtept lat="57.526118" lon="12.4592"><ele>110.0</ele></rtept><rtept lat="57.526143" lon="12.459225"><ele>110.2</ele></rtept><rtept lat="57.526168" lon="12.459258"><ele>110.0</ele></rtept><rtept lat="57.526195" lon="12.4593"><ele>109.8</ele></rtept><rtept lat="57.526227" lon="12.459335"><ele>109.8</ele></rtept><rtept lat="57.526272" lon="12.45938"><ele>109.6</ele></rtept><rtept lat="57.526297" lon="12.459383"><ele>109.4</ele></rtept><rtept lat="57.526322" lon="12.459383"><ele>109.6</ele></rtept><rtept lat="57.526342" lon="12.459382"><ele>109.4</ele></rtept><rtept lat="57.52636" lon="12.459408"><ele>109.2</ele></rtept><rtept lat="57.526348" lon="12.45944"><ele>109.0</ele></rtept><rtept lat="57.52636" lon="12.459517"><ele>109.2</ele></rtept><rtept lat="57.526367" lon="12.459558"><ele>108.8</ele></rtept><rtept lat="57.52638" lon="12.459612"><ele>108.8</ele></rtept><rtept lat="57.52638" lon="12.459657"><ele>108.4</ele></rtept><rtept lat="57.526387" lon="12.459692"><ele>108.4</ele></rtept><rtept lat="57.526393" lon="12.459727"><ele>108.0</ele></rtept><rtept lat="57.526405" lon="12.459787"><ele>107.8</ele></rtept><rtept lat="57.526418" lon="12.459855"><ele>107.8</ele></rtept><rtept lat="57.526425" lon="12.45992"><ele>107.6</ele></rtept><rtept lat="57.526438" lon="12.459963"><ele>107.6</ele></rtept><rtept lat="57.52645" lon="12.459995"><ele>107.4</ele></rtept><rtept lat="57.526477" lon="12.46006"><ele>107.4</ele></rtept><rtept lat="57.526508" lon="12.460122"><ele>107.2</ele></rtept><rtept lat="57.526533" lon="12.46018"><ele>106.8</ele></rtept><rtept lat="57.52656" lon="12.460213"><ele>106.8</ele></rtept><rtept lat="57.526598" lon="12.460247"><ele>106.4</ele></rtept><rtept lat="57.526623" lon="12.460247"><ele>106.4</ele></rtept><rtept lat="57.526648" lon="12.460253"><ele>106.0</ele></rtept><rtept lat="57.526668" lon="12.460267"><ele>105.8</ele></rtept><rtept lat="57.526693" lon="12.4603"><ele>105.6</ele></rtept><rtept lat="57.52672" lon="12.460347"><ele>105.0</ele></rtept><rtept lat="57.526738" lon="12.46037"><ele>104.6</ele></rtept><rtept lat="57.526763" lon="12.460452"><ele>104.0</ele></rtept><rtept lat="57.526777" lon="12.460478"><ele>103.6</ele></rtept><rtept lat="57.526797" lon="12.460512"><ele>103.0</ele></rtept><rtept lat="57.52679" lon="12.460565"><ele>102.8</ele></rtept><rtept lat="57.526802" lon="12.460617"><ele>102.6</ele></rtept><rtept lat="57.526822" lon="12.46064"><ele>102.8</ele></rtept><rtept lat="57.52684" lon="12.460688"><ele>102.8</ele></rtept><rtept lat="57.526853" lon="12.460728"><ele>102.8</ele></rtept><rtept lat="57.526853" lon="12.460788"><ele>103.0</ele></rtept><rtept lat="57.526873" lon="12.460822"><ele>102.8</ele></rtept><rtept lat="57.526898" lon="12.460887"><ele>103.2</ele></rtept><rtept lat="57.526912" lon="12.460913"><ele>102.8</ele></rtept><rtept lat="57.526918" lon="12.460947"><ele>103.0</ele></rtept><rtept lat="57.52693" lon="12.461008"><ele>102.8</ele></rtept><rtept lat="57.526937" lon="12.46106"><ele>103.0</ele></rtept><rtept lat="57.526957" lon="12.461132"><ele>103.0</ele></rtept><rtept lat="57.526975" lon="12.46118"><ele>103.0</ele></rtept><rtept lat="57.526995" lon="12.46124"><ele>103.2</ele></rtept><rtept lat="57.527027" lon="12.461303"><ele>103.4</ele></rtept><rtept lat="57.527058" lon="12.461375"><ele>103.4</ele></rtept><rtept lat="57.527083" lon="12.461442"><ele>103.6</ele></rtept><rtept lat="57.527103" lon="12.4615"><ele>103.8</ele></rtept><rtept lat="57.527117" lon="12.461563"><ele>103.8</ele></rtept><rtept lat="57.527135" lon="12.461633"><ele>104.4</ele></rtept><rtept lat="57.527155" lon="12.461673"><ele>104.4</ele></rtept><rtept lat="57.527173" lon="12.461727"><ele>104.2</ele></rtept><rtept lat="57.527193" lon="12.461775"><ele>104.4</ele></rtept><rtept lat="57.527218" lon="12.461815"><ele>104.4</ele></rtept><rtept lat="57.527243" lon="12.46186"><ele>104.2</ele></rtept><rtept lat="57.527277" lon="12.46192"><ele>104.4</ele></rtept><rtept lat="57.527288" lon="12.46195"><ele>104.6</ele></rtept><rtept lat="57.527308" lon="12.46199"><ele>104.4</ele></rtept><rtept lat="57.527282" lon="12.46198"><ele>104.6</ele></rtept><rtept lat="57.527288" lon="12.462058"><ele>104.4</ele></rtept><rtept lat="57.527295" lon="12.462098"><ele>104.6</ele></rtept><rtept lat="57.527302" lon="12.462145"><ele>104.4</ele></rtept><rtept lat="57.527308" lon="12.462187"><ele>104.2</ele></rtept><rtept lat="57.527315" lon="12.462227"><ele>104.4</ele></rtept><rtept lat="57.527315" lon="12.462267"><ele>104.2</ele></rtept><rtept lat="57.527327" lon="12.462307"><ele>104.6</ele></rtept><rtept lat="57.527333" lon="12.462338"><ele>104.4</ele></rtept><rtept lat="57.527327" lon="12.462398"><ele>104.4</ele></rtept><rtept lat="57.527327" lon="12.46244"><ele>104.2</ele></rtept><rtept lat="57.527327" lon="12.462475"><ele>104.2</ele></rtept><rtept lat="57.527315" lon="12.462522"><ele>104.2</ele></rtept><rtept lat="57.527308" lon="12.46256"><ele>104.0</ele></rtept><rtept lat="57.527308" lon="12.462617"><ele>103.8</ele></rtept><rtept lat="57.527302" lon="12.46265"><ele>103.4</ele></rtept><rtept lat="57.527302" lon="12.462685"><ele>103.2</ele></rtept><rtept lat="57.527308" lon="12.462757"><ele>102.8</ele></rtept><rtept lat="57.527315" lon="12.4628"><ele>102.6</ele></rtept><rtept lat="57.527315" lon="12.462835"><ele>102.4</ele></rtept><rtept lat="57.527315" lon="12.462873"><ele>102.0</ele></rtept><rtept lat="57.527308" lon="12.462912"><ele>101.6</ele></rtept><rtept lat="57.527302" lon="12.462943"><ele>101.4</ele></rtept><rtept lat="57.527295" lon="12.46298"><ele>100.8</ele></rtept><rtept lat="57.527295" lon="12.463018"><ele>100.6</ele></rtept><rtept lat="57.527288" lon="12.46308"><ele>100.0</ele></rtept><rtept lat="57.52727" lon="12.463138"><ele>99.8</ele></rtept><rtept lat="57.527257" lon="12.463167"><ele>99.6</ele></rtept><rtept lat="57.52725" lon="12.4632"><ele>99.6</ele></rtept><rtept lat="57.527238" lon="12.46325"><ele>99.2</ele></rtept><rtept lat="57.527232" lon="12.463305"><ele>99.4</ele></rtept><rtept lat="57.527232" lon="12.463357"><ele>99.0</ele></rtept><rtept lat="57.52725" lon="12.463415"><ele>98.6</ele></rtept><rtept lat="57.52727" lon="12.463445"><ele>98.4</ele></rtept><rtept lat="57.527288" lon="12.463458"><ele>98.4</ele></rtept><rtept lat="57.527315" lon="12.463478"><ele>98.4</ele></rtept><rtept lat="57.527333" lon="12.463495"><ele>98.8</ele></rtept><rtept lat="57.527353" lon="12.463515"><ele>98.8</ele></rtept><rtept lat="57.527372" lon="12.463568"><ele>99.4</ele></rtept><rtept lat="57.527392" lon="12.463622"><ele>100.0</ele></rtept><rtept lat="57.527403" lon="12.463647"><ele>100.2</ele></rtept><rtept lat="57.527417" lon="12.463673"><ele>100.2</ele></rtept><rtept lat="57.527437" lon="12.463693"><ele>100.6</ele></rtept><rtept lat="57.527455" lon="12.463743"><ele>101.0</ele></rtept><rtept lat="57.527468" lon="12.463778"><ele>101.4</ele></rtept><rtept lat="57.527475" lon="12.463813"><ele>101.4</ele></rtept><rtept lat="57.52748" lon="12.463845"><ele>101.8</ele></rtept><rtept lat="57.527493" lon="12.463878"><ele>102.2</ele></rtept><rtept lat="57.5275" lon="12.46392"><ele>102.4</ele></rtept><rtept lat="57.52752" lon="12.463965"><ele>102.6</ele></rtept><rtept lat="57.527545" lon="12.464002"><ele>102.6</ele></rtept><rtept lat="57.527577" lon="12.464047"><ele>102.6</ele></rtept><rtept lat="57.527608" lon="12.464083"><ele>102.8</ele></rtept><rtept lat="57.527647" lon="12.46413"><ele>102.8</ele></rtept><rtept lat="57.527678" lon="12.464178"><ele>102.6</ele></rtept><rtept lat="57.527723" lon="12.464215"><ele>102.8</ele></rtept><rtept lat="57.52775" lon="12.464245"><ele>102.6</ele></rtept><rtept lat="57.527782" lon="12.464295"><ele>102.6</ele></rtept><rtept lat="57.5278" lon="12.464347"><ele>102.8</ele></rtept><rtept lat="57.527827" lon="12.464392"><ele>102.6</ele></rtept><rtept lat="57.527845" lon="12.464418"><ele>102.6</ele></rtept><rtept lat="57.527872" lon="12.464468"><ele>102.8</ele></rtept><rtept lat="57.527883" lon="12.464508"><ele>102.8</ele></rtept><rtept lat="57.52791" lon="12.464545"><ele>102.8</ele></rtept><rtept lat="57.527935" lon="12.464572"><ele>103.0</ele></rtept><rtept lat="57.52796" lon="12.464618"><ele>103.0</ele></rtept><rtept lat="57.527987" lon="12.464678"><ele>102.8</ele></rtept><rtept lat="57.528" lon="12.464727"><ele>103.2</ele></rtept><rtept lat="57.528012" lon="12.464793"><ele>103.0</ele></rtept><rtept lat="57.528018" lon="12.46486"><ele>103.0</ele></rtept><rtept lat="57.528032" lon="12.46492"><ele>103.0</ele></rtept><rtept lat="57.52805" lon="12.464955"><ele>103.0</ele></rtept><rtept lat="57.528077" lon="12.464995"><ele>102.8</ele></rtept><rtept lat="57.528095" lon="12.465022"><ele>103.0</ele></rtept><rtept lat="57.52812" lon="12.465058"><ele>103.0</ele></rtept><rtept lat="57.528133" lon="12.465122"><ele>103.0</ele></rtept><rtept lat="57.528147" lon="12.465167"><ele>103.2</ele></rtept><rtept lat="57.52816" lon="12.465207"><ele>103.2</ele></rtept><rtept lat="57.528172" lon="12.465267"><ele>103.2</ele></rtept><rtept lat="57.528185" lon="12.465332"><ele>103.2</ele></rtept><rtept lat="57.52821" lon="12.46536"><ele>103.4</ele></rtept><rtept lat="57.52823" lon="12.465403"><ele>103.4</ele></rtept><rtept lat="57.528248" lon="12.46543"><ele>103.8</ele></rtept><rtept lat="57.528268" lon="12.465437"><ele>103.8</ele></rtept><rtept lat="57.528248" lon="12.465437"><ele>104.0</ele></rtept><rtept lat="57.52823" lon="12.465468"><ele>104.4</ele></rtept><rtept lat="57.528248" lon="12.465508"><ele>105.0</ele></rtept><rtept lat="57.528242" lon="12.465553"><ele>105.4</ele></rtept><rtept lat="57.528242" lon="12.4656"><ele>106.0</ele></rtept><rtept lat="57.528237" lon="12.465658"><ele>106.6</ele></rtept><rtept lat="57.528223" lon="12.465683"><ele>106.8</ele></rtept><rtept lat="57.528217" lon="12.465748"><ele>107.2</ele></rtept><rtept lat="57.52821" lon="12.465788"><ele>107.2</ele></rtept><rtept lat="57.52821" lon="12.465827"><ele>107.6</ele></rtept><rtept lat="57.528203" lon="12.465867"><ele>107.6</ele></rtept><rtept lat="57.52821" lon="12.465912"><ele>107.6</ele></rtept><rtept lat="57.52821" lon="12.46597"><ele>107.8</ele></rtept><rtept lat="57.52821" lon="12.46603"><ele>108.2</ele></rtept><rtept lat="57.528203" lon="12.466075"><ele>108.4</ele></rtept><rtept lat="57.52821" lon="12.46614"><ele>108.6</ele></rtept><rtept lat="57.52823" lon="12.46619"><ele>109.0</ele></rtept><rtept lat="57.528248" lon="12.466228"><ele>109.0</ele></rtept><rtept lat="57.528268" lon="12.466255"><ele>109.4</ele></rtept><rtept lat="57.52828" lon="12.466288"><ele>109.6</ele></rtept><rtept lat="57.528287" lon="12.466328"><ele>109.8</ele></rtept><rtept lat="57.5283" lon="12.466355"><ele>109.8</ele></rtept><rtept lat="57.528313" lon="12.466395"><ele>110.0</ele></rtept><rtept lat="57.528332" lon="12.466447"><ele>110.0</ele></rtept><rtept lat="57.528352" lon="12.466488"><ele>110.4</ele></rtept><rtept lat="57.528363" lon="12.46652"><ele>110.2</ele></rtept><rtept lat="57.52837" lon="12.466562"><ele>110.4</ele></rtept><rtept lat="57.528383" lon="12.466608"><ele>110.4</ele></rtept><rtept lat="57.528397" lon="12.466653"><ele>110.2</ele></rtept><rtept lat="57.528408" lon="12.4667"><ele>110.4</ele></rtept><rtept lat="57.528428" lon="12.46674"><ele>110.4</ele></rtept><rtept lat="57.52844" lon="12.466777"><ele>110.2</ele></rtept><rtept lat="57.52846" lon="12.46681"><ele>110.2</ele></rtept><rtept lat="57.528473" lon="12.46684"><ele>110.2</ele></rtept><rtept lat="57.528492" lon="12.466872"><ele>109.8</ele></rtept><rtept lat="57.528505" lon="12.466897"><ele>109.6</ele></rtept><rtept lat="57.528518" lon="12.466923"><ele>109.8</ele></rtept><rtept lat="57.52853" lon="12.46695"><ele>109.4</ele></rtept><rtept lat="57.52855" lon="12.466973"><ele>109.2</ele></rtept><rtept lat="57.528568" lon="12.467"><ele>109.4</ele></rtept><rtept lat="57.528595" lon="12.46704"><ele>109.2</ele></rtept><rtept lat="57.52862" lon="12.467075"><ele>109.0</ele></rtept><rtept lat="57.528652" lon="12.467122"><ele>109.0</ele></rtept><rtept lat="57.52869" lon="12.467182"><ele>109.0</ele></rtept><rtept lat="57.528722" lon="12.467232"><ele>109.0</ele></rtept><rtept lat="57.528748" lon="12.467292"><ele>109.2</ele></rtept><rtept lat="57.528773" lon="12.467328"><ele>108.8</ele></rtept><rtept lat="57.528805" lon="12.46736"><ele>109.0</ele></rtept><rtept lat="57.528832" lon="12.467395"><ele>109.2</ele></rtept><rtept lat="57.528857" lon="12.467432"><ele>109.0</ele></rtept><rtept lat="57.528877" lon="12.467462"><ele>109.2</ele></rtept><rtept lat="57.528908" lon="12.467512"><ele>109.4</ele></rtept><rtept lat="57.528927" lon="12.46756"><ele>109.2</ele></rtept><rtept lat="57.52894" lon="12.467583"><ele>109.4</ele></rtept><rtept lat="57.528947" lon="12.467633"><ele>109.4</ele></rtept><rtept lat="57.528972" lon="12.467673"><ele>109.2</ele></rtept><rtept lat="57.528992" lon="12.467688"><ele>109.2</ele></rtept><rtept lat="57.52901" lon="12.467723"><ele>109.2</ele></rtept><rtept lat="57.529017" lon="12.467765"><ele>109.4</ele></rtept><rtept lat="57.529023" lon="12.467822"><ele>109.2</ele></rtept><rtept lat="57.529037" lon="12.467848"><ele>109.2</ele></rtept><rtept lat="57.529062" lon="12.467898"><ele>108.8</ele></rtept><rtept lat="57.529087" lon="12.46794"><ele>108.6</ele></rtept><rtept lat="57.529107" lon="12.467972"><ele>108.4</ele></rtept><rtept lat="57.529125" lon="12.468008"><ele>108.2</ele></rtept><rtept lat="57.529163" lon="12.468057"><ele>107.2</ele></rtept><rtept lat="57.529183" lon="12.468112"><ele>107.2</ele></rtept><rtept lat="57.529202" lon="12.468182"><ele>107.0</ele></rtept><rtept lat="57.529228" lon="12.468265"><ele>106.4</ele></rtept><rtept lat="57.529235" lon="12.46834"><ele>106.2</ele></rtept><rtept lat="57.52924" lon="12.468428"><ele>106.0</ele></rtept><rtept lat="57.52924" lon="12.4685"><ele>105.4</ele></rtept><rtept lat="57.52924" lon="12.468557"><ele>105.0</ele></rtept><rtept lat="57.529267" lon="12.468627"><ele>104.8</ele></rtept><rtept lat="57.529267" lon="12.468677"><ele>104.4</ele></rtept><rtept lat="57.52928" lon="12.46874"><ele>103.8</ele></rtept><rtept lat="57.52928" lon="12.468792"><ele>103.8</ele></rtept><rtept lat="57.529273" lon="12.468842"><ele>103.6</ele></rtept><rtept lat="57.529273" lon="12.468882"><ele>103.2</ele></rtept><rtept lat="57.52928" lon="12.468952"><ele>102.6</ele></rtept><rtept lat="57.529285" lon="12.46902"><ele>102.0</ele></rtept><rtept lat="57.529298" lon="12.46908"><ele>101.4</ele></rtept><rtept lat="57.529285" lon="12.46912"><ele>100.8</ele></rtept><rtept lat="57.52928" lon="12.469155"><ele>100.6</ele></rtept><rtept lat="57.52926" lon="12.469183"><ele>99.8</ele></rtept><rtept lat="57.529247" lon="12.469218"><ele>99.4</ele></rtept><rtept lat="57.529235" lon="12.469255"><ele>99.2</ele></rtept><rtept lat="57.52924" lon="12.469313"><ele>98.8</ele></rtept><rtept lat="57.52924" lon="12.469372"><ele>99.0</ele></rtept><rtept lat="57.529247" lon="12.469412"><ele>98.6</ele></rtept><rtept lat="57.529253" lon="12.469465"><ele>98.6</ele></rtept><rtept lat="57.52926" lon="12.469525"><ele>99.0</ele></rtept><rtept lat="57.529267" lon="12.469577"><ele>99.0</ele></rtept><rtept lat="57.529267" lon="12.46963"><ele>99.6</ele></rtept><rtept lat="57.529267" lon="12.469695"><ele>99.6</ele></rtept><rtept lat="57.529267" lon="12.469743"><ele>99.6</ele></rtept><rtept lat="57.52928" lon="12.46981"><ele>99.6</ele></rtept><rtept lat="57.529285" lon="12.469873"><ele>99.6</ele></rtept><rtept lat="57.529292" lon="12.469942"><ele>99.6</ele></rtept><rtept lat="57.529298" lon="12.470013"><ele>99.6</ele></rtept><rtept lat="57.529318" lon="12.470053"><ele>99.6</ele></rtept><rtept lat="57.52933" lon="12.4701"><ele>99.8</ele></rtept><rtept lat="57.529337" lon="12.470158"><ele>99.8</ele></rtept><rtept lat="57.52935" lon="12.470215"><ele>99.8</ele></rtept><rtept lat="57.529368" lon="12.470262"><ele>99.8</ele></rtept><rtept lat="57.529388" lon="12.4703"><ele>100.0</ele></rtept><rtept lat="57.5294" lon="12.47033"><ele>99.6</ele></rtept><rtept lat="57.529413" lon="12.47038"><ele>99.8</ele></rtept><rtept lat="57.529433" lon="12.470425"><ele>99.8</ele></rtept><rtept lat="57.529458" lon="12.47047"><ele>99.6</ele></rtept><rtept lat="57.529472" lon="12.470495"><ele>99.6</ele></rtept><rtept lat="57.529483" lon="12.470533"><ele>99.6</ele></rtept><rtept lat="57.529483" lon="12.47059"><ele>99.4</ele></rtept><rtept lat="57.529478" lon="12.470635"><ele>99.2</ele></rtept><rtept lat="57.529483" lon="12.470682"><ele>99.4</ele></rtept><rtept lat="57.529472" lon="12.47072"><ele>99.2</ele></rtept><rtept lat="57.529465" lon="12.470753"><ele>99.0</ele></rtept><rtept lat="57.529472" lon="12.470807"><ele>99.0</ele></rtept><rtept lat="57.529483" lon="12.470853"><ele>98.8</ele></rtept><rtept lat="57.529497" lon="12.470882"><ele>98.8</ele></rtept><rtept lat="57.529535" lon="12.470898"><ele>98.4</ele></rtept><rtept lat="57.529548" lon="12.470925"><ele>98.8</ele></rtept><rtept lat="57.52956" lon="12.470952"><ele>98.8</ele></rtept><rtept lat="57.529567" lon="12.470985"><ele>98.6</ele></rtept><rtept lat="57.529573" lon="12.47102"><ele>98.6</ele></rtept><rtept lat="57.529587" lon="12.471067"><ele>98.6</ele></rtept><rtept lat="57.529612" lon="12.471115"><ele>98.6</ele></rtept><rtept lat="57.529625" lon="12.471145"><ele>98.4</ele></rtept><rtept lat="57.529638" lon="12.471183"><ele>98.4</ele></rtept><rtept lat="57.529643" lon="12.471218"><ele>98.4</ele></rtept><rtept lat="57.529643" lon="12.471255"><ele>98.2</ele></rtept><rtept lat="57.52965" lon="12.47129"><ele>98.0</ele></rtept><rtept lat="57.529657" lon="12.471328"><ele>98.0</ele></rtept><rtept lat="57.529663" lon="12.471362"><ele>97.8</ele></rtept><rtept lat="57.529677" lon="12.471398"><ele>97.6</ele></rtept><rtept lat="57.529682" lon="12.471432"><ele>97.8</ele></rtept><rtept lat="57.529695" lon="12.471463"><ele>97.6</ele></rtept><rtept lat="57.529708" lon="12.471498"><ele>97.4</ele></rtept><rtept lat="57.52972" lon="12.471533"><ele>97.6</ele></rtept><rtept lat="57.529747" lon="12.471553"><ele>97.4</ele></rtept><rtept lat="57.529772" lon="12.471572"><ele>97.6</ele></rtept><rtept lat="57.529792" lon="12.471598"><ele>97.8</ele></rtept><rtept lat="57.52981" lon="12.47162"><ele>97.6</ele></rtept><rtept lat="57.529823" lon="12.47165"><ele>98.0</ele></rtept><rtept lat="57.529842" lon="12.47168"><ele>98.2</ele></rtept><rtept lat="57.529862" lon="12.471702"><ele>98.0</ele></rtept><rtept lat="57.52988" lon="12.471725"><ele>98.2</ele></rtept><rtept lat="57.529913" lon="12.471755"><ele>98.2</ele></rtept><rtept lat="57.529932" lon="12.471775"><ele>98.2</ele></rtept><rtept lat="57.529952" lon="12.471792"><ele>98.4</ele></rtept><rtept lat="57.52997" lon="12.471813"><ele>98.2</ele></rtept><rtept lat="57.52999" lon="12.471828"><ele>98.2</ele></rtept><rtept lat="57.530008" lon="12.471843"><ele>98.4</ele></rtept><rtept lat="57.53004" lon="12.471883"><ele>98.2</ele></rtept><rtept lat="57.530073" lon="12.47192"><ele>98.2</ele></rtept><rtept lat="57.530098" lon="12.471955"><ele>98.4</ele></rtept><rtept lat="57.530118" lon="12.471975"><ele>98.0</ele></rtept><rtept lat="57.53015" lon="12.472015"><ele>98.0</ele></rtept><rtept lat="57.530168" lon="12.472035"><ele>97.8</ele></rtept><rtept lat="57.530195" lon="12.47206"><ele>98.0</ele></rtept><rtept lat="57.530213" lon="12.472082"><ele>98.0</ele></rtept><rtept lat="57.530233" lon="12.472107"><ele>97.6</ele></rtept><rtept lat="57.530258" lon="12.472153"><ele>97.4</ele></rtept><rtept lat="57.530278" lon="12.472177"><ele>97.2</ele></rtept><rtept lat="57.53029" lon="12.472202"><ele>97.4</ele></rtept><rtept lat="57.53031" lon="12.472227"><ele>97.2</ele></rtept><rtept lat="57.530335" lon="12.472278"><ele>97.2</ele></rtept><rtept lat="57.530355" lon="12.472305"><ele>97.2</ele></rtept><rtept lat="57.530373" lon="12.472325"><ele>97.2</ele></rtept><rtept lat="57.530393" lon="12.472385"><ele>97.0</ele></rtept><rtept lat="57.530418" lon="12.472445"><ele>97.2</ele></rtept><rtept lat="57.530432" lon="12.472472"><ele>96.8</ele></rtept><rtept lat="57.53045" lon="12.472497"><ele>96.8</ele></rtept><rtept lat="57.53047" lon="12.472528"><ele>96.8</ele></rtept><rtept lat="57.530482" lon="12.472557"><ele>96.4</ele></rtept><rtept lat="57.530502" lon="12.472588"><ele>96.4</ele></rtept><rtept lat="57.530527" lon="12.472623"><ele>96.4</ele></rtept><rtept lat="57.530547" lon="12.47266"><ele>96.0</ele></rtept><rtept lat="57.530565" lon="12.472695"><ele>96.0</ele></rtept><rtept lat="57.530565" lon="12.472748"><ele>95.8</ele></rtept><rtept lat="57.530547" lon="12.472772"><ele>95.8</ele></rtept><rtept lat="57.530527" lon="12.472795"><ele>95.8</ele></rtept><rtept lat="57.530508" lon="12.472813"><ele>95.6</ele></rtept><rtept lat="57.530488" lon="12.47284"><ele>95.8</ele></rtept><rtept lat="57.53047" lon="12.472868"><ele>95.4</ele></rtept><rtept lat="57.530457" lon="12.472893"><ele>95.6</ele></rtept><rtept lat="57.530438" lon="12.47292"><ele>95.8</ele></rtept><rtept lat="57.530412" lon="12.472962"><ele>95.8</ele></rtept><rtept lat="57.530393" lon="12.472985"><ele>96.0</ele></rtept><rtept lat="57.530373" lon="12.473027"><ele>95.6</ele></rtept><rtept lat="57.530367" lon="12.47306"><ele>95.8</ele></rtept><rtept lat="57.53036" lon="12.4731"><ele>95.4</ele></rtept><rtept lat="57.530348" lon="12.473132"><ele>95.2</ele></rtept><rtept lat="57.530335" lon="12.47317"><ele>95.2</ele></rtept><rtept lat="57.530328" lon="12.473237"><ele>94.4</ele></rtept><rtept lat="57.530328" lon="12.473275"><ele>94.4</ele></rtept><rtept lat="57.530328" lon="12.473308"><ele>94.6</ele></rtept><rtept lat="57.530317" lon="12.473363"><ele>94.6</ele></rtept><rtept lat="57.53031" lon="12.473423"><ele>94.6</ele></rtept><rtept lat="57.53031" lon="12.473473"><ele>94.8</ele></rtept><rtept lat="57.53031" lon="12.473518"><ele>94.4</ele></rtept><rtept lat="57.530317" lon="12.473558"><ele>94.6</ele></rtept><rtept lat="57.530328" lon="12.473607"><ele>94.8</ele></rtept><rtept lat="57.530328" lon="12.473672"><ele>95.2</ele></rtept><rtept lat="57.530335" lon="12.473705"><ele>95.2</ele></rtept><rtept lat="57.530335" lon="12.47374"><ele>95.2</ele></rtept><rtept lat="57.530348" lon="12.473778"><ele>95.2</ele></rtept><rtept lat="57.530348" lon="12.47382"><ele>95.6</ele></rtept><rtept lat="57.530355" lon="12.47386"><ele>95.8</ele></rtept><rtept lat="57.530367" lon="12.4739"><ele>96.0</ele></rtept><rtept lat="57.530373" lon="12.473943"><ele>96.2</ele></rtept><rtept lat="57.53038" lon="12.473988"><ele>96.2</ele></rtept><rtept lat="57.530393" lon="12.474028"><ele>96.2</ele></rtept><rtept lat="57.5304" lon="12.474063"><ele>96.4</ele></rtept><rtept lat="57.530405" lon="12.474102"><ele>96.4</ele></rtept><rtept lat="57.530418" lon="12.474138"><ele>96.4</ele></rtept><rtept lat="57.530425" lon="12.474172"><ele>96.6</ele></rtept><rtept lat="57.530432" lon="12.474203"><ele>96.6</ele></rtept><rtept lat="57.530438" lon="12.47424"><ele>96.4</ele></rtept><rtept lat="57.530443" lon="12.474277"><ele>96.8</ele></rtept><rtept lat="57.530457" lon="12.474308"><ele>97.2</ele></rtept><rtept lat="57.530457" lon="12.474345"><ele>97.2</ele></rtept><rtept lat="57.530457" lon="12.47441"><ele>97.8</ele></rtept><rtept lat="57.530457" lon="12.474475"><ele>98.0</ele></rtept><rtept lat="57.530463" lon="12.47454"><ele>98.4</ele></rtept><rtept lat="57.53047" lon="12.474597"><ele>98.6</ele></rtept><rtept lat="57.53047" lon="12.47466"><ele>99.0</ele></rtept><rtept lat="57.53047" lon="12.474723"><ele>99.2</ele></rtept><rtept lat="57.530477" lon="12.474785"><ele>99.6</ele></rtept><rtept lat="57.530477" lon="12.47482"><ele>99.8</ele></rtept><rtept lat="57.530477" lon="12.474853"><ele>100.0</ele></rtept><rtept lat="57.530477" lon="12.474913"><ele>100.6</ele></rtept><rtept lat="57.53047" lon="12.474952"><ele>100.6</ele></rtept><rtept lat="57.53047" lon="12.474987"><ele>101.0</ele></rtept><rtept lat="57.53047" lon="12.475037"><ele>101.4</ele></rtept><rtept lat="57.530482" lon="12.4751"><ele>102.0</ele></rtept><rtept lat="57.530488" lon="12.475137"><ele>102.0</ele></rtept><rtept lat="57.530495" lon="12.475172"><ele>102.4</ele></rtept><rtept lat="57.530508" lon="12.475205"><ele>102.6</ele></rtept><rtept lat="57.530515" lon="12.475238"><ele>102.4</ele></rtept><rtept lat="57.530527" lon="12.475267"><ele>102.6</ele></rtept><rtept lat="57.530547" lon="12.47532"><ele>102.4</ele></rtept><rtept lat="57.530565" lon="12.475355"><ele>102.6</ele></rtept><rtept lat="57.530592" lon="12.475388"><ele>102.8</ele></rtept><rtept lat="57.53061" lon="12.47542"><ele>103.0</ele></rtept><rtept lat="57.530623" lon="12.475445"><ele>103.2</ele></rtept><rtept lat="57.530637" lon="12.47547"><ele>103.4</ele></rtept><rtept lat="57.530655" lon="12.475498"><ele>104.0</ele></rtept><rtept lat="57.530668" lon="12.475528"><ele>104.2</ele></rtept><rtept lat="57.530693" lon="12.475577"><ele>104.6</ele></rtept><rtept lat="57.53072" lon="12.475612"><ele>105.0</ele></rtept><rtept lat="57.530738" lon="12.475643"><ele>105.0</ele></rtept><rtept lat="57.530752" lon="12.475668"><ele>105.0</ele></rtept><rtept lat="57.530777" lon="12.475703"><ele>105.0</ele></rtept><rtept lat="57.53079" lon="12.475742"><ele>105.2</ele></rtept><rtept lat="57.530797" lon="12.47578"><ele>105.2</ele></rtept><rtept lat="57.530822" lon="12.475812"><ele>105.4</ele></rtept><rtept lat="57.530835" lon="12.475842"><ele>105.4</ele></rtept><rtept lat="57.530853" lon="12.475882"><ele>105.4</ele></rtept><rtept lat="57.530867" lon="12.475917"><ele>105.8</ele></rtept><rtept lat="57.530885" lon="12.475943"><ele>105.8</ele></rtept><rtept lat="57.530905" lon="12.475997"><ele>106.4</ele></rtept><rtept lat="57.530923" lon="12.476023"><ele>106.2</ele></rtept><rtept lat="57.53095" lon="12.476077"><ele>106.6</ele></rtept><rtept lat="57.530968" lon="12.476118"><ele>106.6</ele></rtept><rtept lat="57.530988" lon="12.476153"><ele>106.6</ele></rtept><rtept lat="57.531007" lon="12.476183"><ele>107.0</ele></rtept><rtept lat="57.531027" lon="12.476233"><ele>107.0</ele></rtept><rtept lat="57.53104" lon="12.476275"><ele>107.4</ele></rtept><rtept lat="57.531052" lon="12.476302"><ele>107.2</ele></rtept><rtept lat="57.531078" lon="12.476353"><ele>107.8</ele></rtept><rtept lat="57.531097" lon="12.476373"><ele>107.6</ele></rtept><rtept lat="57.531117" lon="12.4764"><ele>107.8</ele></rtept><rtept lat="57.531128" lon="12.476432"><ele>107.6</ele></rtept><rtept lat="57.531142" lon="12.47646"><ele>107.4</ele></rtept><rtept lat="57.53116" lon="12.476507"><ele>107.8</ele></rtept><rtept lat="57.531173" lon="12.476542"><ele>107.8</ele></rtept><rtept lat="57.531205" lon="12.476572"><ele>107.4</ele></rtept><rtept lat="57.531243" lon="12.47664"><ele>107.2</ele></rtept><rtept lat="57.531263" lon="12.476687"><ele>107.0</ele></rtept><rtept lat="57.531282" lon="12.476735"><ele>107.0</ele></rtept><rtept lat="57.531295" lon="12.476763"><ele>106.8</ele></rtept><rtept lat="57.53132" lon="12.4768"><ele>106.8</ele></rtept><rtept lat="57.53134" lon="12.476838"><ele>106.8</ele></rtept><rtept lat="57.53136" lon="12.476888"><ele>106.8</ele></rtept><rtept lat="57.531378" lon="12.476928"><ele>106.8</ele></rtept><rtept lat="57.531392" lon="12.476967"><ele>106.8</ele></rtept><rtept lat="57.53141" lon="12.477027"><ele>107.2</ele></rtept><rtept lat="57.531423" lon="12.477053"><ele>107.0</ele></rtept><rtept lat="57.531448" lon="12.477113"><ele>107.4</ele></rtept><rtept lat="57.531468" lon="12.477157"><ele>107.2</ele></rtept><rtept lat="57.53148" lon="12.477193"><ele>107.4</ele></rtept><rtept lat="57.531487" lon="12.47723"><ele>107.6</ele></rtept><rtept lat="57.5315" lon="12.47726"><ele>107.4</ele></rtept><rtept lat="57.531513" lon="12.477327"><ele>107.8</ele></rtept><rtept lat="57.531532" lon="12.47737"><ele>107.8</ele></rtept><rtept lat="57.531545" lon="12.477398"><ele>108.0</ele></rtept><rtept lat="57.531552" lon="12.477435"><ele>108.4</ele></rtept><rtept lat="57.531563" lon="12.477465"><ele>108.2</ele></rtept><rtept lat="57.531577" lon="12.477523"><ele>108.8</ele></rtept><rtept lat="57.531597" lon="12.47757"><ele>108.6</ele></rtept><rtept lat="57.531608" lon="12.477615"><ele>108.2</ele></rtept><rtept lat="57.531628" lon="12.477658"><ele>108.2</ele></rtept><rtept lat="57.53164" lon="12.477703"><ele>108.2</ele></rtept><rtept lat="57.53166" lon="12.477762"><ele>107.8</ele></rtept><rtept lat="57.53168" lon="12.477838"><ele>107.8</ele></rtept><rtept lat="57.531698" lon="12.47792"><ele>107.8</ele></rtept><rtept lat="57.531723" lon="12.478012"><ele>107.2</ele></rtept><rtept lat="57.53175" lon="12.47811"><ele>107.0</ele></rtept><rtept lat="57.531775" lon="12.47818"><ele>107.2</ele></rtept><rtept lat="57.5318" lon="12.478253"><ele>106.8</ele></rtept><rtept lat="57.53184" lon="12.478328"><ele>106.6</ele></rtept><rtept lat="57.531858" lon="12.478378"><ele>106.8</ele></rtept><rtept lat="57.531865" lon="12.47842"><ele>106.4</ele></rtept><rtept lat="57.531872" lon="12.478483"><ele>106.4</ele></rtept><rtept lat="57.531878" lon="12.478542"><ele>106.2</ele></rtept><rtept lat="57.531865" lon="12.4786"><ele>106.2</ele></rtept><rtept lat="57.531852" lon="12.478672"><ele>106.2</ele></rtept><rtept lat="57.531845" lon="12.478705"><ele>106.2</ele></rtept><rtept lat="57.531845" lon="12.478767"><ele>105.6</ele></rtept><rtept lat="57.53184" lon="12.478828"><ele>105.4</ele></rtept><rtept lat="57.531858" lon="12.478878"><ele>105.0</ele></rtept><rtept lat="57.531878" lon="12.478895"><ele>104.8</ele></rtept><rtept lat="57.531897" lon="12.47891"><ele>104.2</ele></rtept><rtept lat="57.531922" lon="12.478948"><ele>104.0</ele></rtept><rtept lat="57.531935" lon="12.478973"><ele>103.6</ele></rtept><rtept lat="57.531948" lon="12.478998"><ele>103.2</ele></rtept><rtept lat="57.531967" lon="12.479023"><ele>103.2</ele></rtept><rtept lat="57.531987" lon="12.479048"><ele>102.6</ele></rtept><rtept lat="57.532005" lon="12.479075"><ele>102.2</ele></rtept><rtept lat="57.532025" lon="12.4791"><ele>102.2</ele></rtept><rtept lat="57.532038" lon="12.479133"><ele>101.8</ele></rtept><rtept lat="57.532057" lon="12.479192"><ele>101.4</ele></rtept><rtept lat="57.53207" lon="12.479233"><ele>101.4</ele></rtept><rtept lat="57.532077" lon="12.479272"><ele>101.2</ele></rtept><rtept lat="57.532088" lon="12.479305"><ele>100.8</ele></rtept><rtept lat="57.532102" lon="12.479338"><ele>100.6</ele></rtept><rtept lat="57.532115" lon="12.479372"><ele>100.6</ele></rtept><rtept lat="57.532127" lon="12.479407"><ele>100.0</ele></rtept><rtept lat="57.53214" lon="12.479447"><ele>100.0</ele></rtept><rtept lat="57.532153" lon="12.479483"><ele>100.0</ele></rtept><rtept lat="57.532165" lon="12.47952"><ele>99.6</ele></rtept><rtept lat="57.532185" lon="12.479557"><ele>99.4</ele></rtept><rtept lat="57.532198" lon="12.47959"><ele>99.4</ele></rtept><rtept lat="57.532217" lon="12.479628"><ele>99.0</ele></rtept><rtept lat="57.53223" lon="12.479668"><ele>98.8</ele></rtept><rtept lat="57.532242" lon="12.479702"><ele>98.8</ele></rtept><rtept lat="57.532255" lon="12.479742"><ele>98.4</ele></rtept><rtept lat="57.532262" lon="12.479783"><ele>98.6</ele></rtept><rtept lat="57.532275" lon="12.479828"><ele>98.6</ele></rtept><rtept lat="57.53228" lon="12.479873"><ele>98.4</ele></rtept><rtept lat="57.532293" lon="12.479913"><ele>98.4</ele></rtept><rtept lat="57.532313" lon="12.479957"><ele>98.4</ele></rtept><rtept lat="57.532325" lon="12.480005"><ele>98.2</ele></rtept><rtept lat="57.532338" lon="12.480042"><ele>98.2</ele></rtept><rtept lat="57.532345" lon="12.480078"><ele>98.2</ele></rtept><rtept lat="57.532358" lon="12.48012"><ele>97.8</ele></rtept><rtept lat="57.532377" lon="12.480157"><ele>97.8</ele></rtept><rtept lat="57.53239" lon="12.480195"><ele>97.8</ele></rtept><rtept lat="57.532408" lon="12.480235"><ele>97.6</ele></rtept><rtept lat="57.532422" lon="12.480265"><ele>97.8</ele></rtept><rtept lat="57.53244" lon="12.4803"><ele>97.6</ele></rtept><rtept lat="57.53246" lon="12.480328"><ele>97.4</ele></rtept><rtept lat="57.532473" lon="12.48036"><ele>97.6</ele></rtept><rtept lat="57.532492" lon="12.480395"><ele>97.6</ele></rtept><rtept lat="57.532505" lon="12.480428"><ele>97.4</ele></rtept><rtept lat="57.532518" lon="12.480462"><ele>97.4</ele></rtept><rtept lat="57.532537" lon="12.480498"><ele>97.4</ele></rtept><rtept lat="57.532557" lon="12.480528"><ele>97.0</ele></rtept><rtept lat="57.532575" lon="12.480562"><ele>97.4</ele></rtept><rtept lat="57.532595" lon="12.48062"><ele>97.0</ele></rtept><rtept lat="57.532613" lon="12.480658"><ele>97.4</ele></rtept><rtept lat="57.532627" lon="12.480693"><ele>97.2</ele></rtept><rtept lat="57.532645" lon="12.480725"><ele>97.2</ele></rtept><rtept lat="57.532658" lon="12.48076"><ele>97.4</ele></rtept><rtept lat="57.532678" lon="12.480792"><ele>97.2</ele></rtept><rtept lat="57.532697" lon="12.480822"><ele>97.4</ele></rtept><rtept lat="57.532717" lon="12.480852"><ele>97.6</ele></rtept><rtept lat="57.532748" lon="12.4809"><ele>97.8</ele></rtept><rtept lat="57.532773" lon="12.480932"><ele>98.0</ele></rtept><rtept lat="57.532793" lon="12.480965"><ele>97.8</ele></rtept><rtept lat="57.532805" lon="12.480997"><ele>97.8</ele></rtept><rtept lat="57.532832" lon="12.481023"><ele>97.8</ele></rtept><rtept lat="57.53285" lon="12.481045"><ele>97.6</ele></rtept><rtept lat="57.53287" lon="12.481062"><ele>97.6</ele></rtept><rtept lat="57.532888" lon="12.48109"><ele>97.6</ele></rtept><rtept lat="57.532908" lon="12.48111"><ele>97.4</ele></rtept><rtept lat="57.532927" lon="12.481133"><ele>97.4</ele></rtept><rtept lat="57.532953" lon="12.481153"><ele>97.2</ele></rtept><rtept lat="57.532978" lon="12.481173"><ele>97.0</ele></rtept><rtept lat="57.532998" lon="12.481193"><ele>97.2</ele></rtept><rtept lat="57.53303" lon="12.481217"><ele>97.0</ele></rtept><rtept lat="57.533048" lon="12.48124"><ele>97.0</ele></rtept><rtept lat="57.533075" lon="12.481263"><ele>97.2</ele></rtept><rtept lat="57.533093" lon="12.481288"><ele>97.0</ele></rtept><rtept lat="57.533113" lon="12.481313"><ele>97.0</ele></rtept><rtept lat="57.533138" lon="12.481333"><ele>97.2</ele></rtept><rtept lat="57.533158" lon="12.481348"><ele>97.0</ele></rtept><rtept lat="57.533177" lon="12.481368"><ele>97.4</ele></rtept><rtept lat="57.533197" lon="12.481393"><ele>97.2</ele></rtept><rtept lat="57.533215" lon="12.481417"><ele>97.0</ele></rtept><rtept lat="57.533247" lon="12.48146"><ele>97.2</ele></rtept><rtept lat="57.533267" lon="12.481485"><ele>97.2</ele></rtept><rtept lat="57.533292" lon="12.481538"><ele>97.4</ele></rtept><rtept lat="57.533305" lon="12.481562"><ele>98.0</ele></rtept><rtept lat="57.533323" lon="12.481583"><ele>98.2</ele></rtept><rtept lat="57.53335" lon="12.481617"><ele>98.4</ele></rtept><rtept lat="57.533368" lon="12.481637"><ele>98.6</ele></rtept><rtept lat="57.533395" lon="12.481675"><ele>98.6</ele></rtept><rtept lat="57.533427" lon="12.481705"><ele>98.8</ele></rtept><rtept lat="57.533445" lon="12.48172"><ele>99.0</ele></rtept><rtept lat="57.533472" lon="12.48176"><ele>99.0</ele></rtept><rtept lat="57.53349" lon="12.48178"><ele>99.4</ele></rtept><rtept lat="57.53351" lon="12.481795"><ele>99.4</ele></rtept><rtept lat="57.533548" lon="12.481822"><ele>99.6</ele></rtept><rtept lat="57.533567" lon="12.481835"><ele>99.6</ele></rtept><rtept lat="57.533587" lon="12.481855"><ele>99.6</ele></rtept><rtept lat="57.533605" lon="12.481868"><ele>99.8</ele></rtept><rtept lat="57.533625" lon="12.481882"><ele>99.4</ele></rtept><rtept lat="57.533643" lon="12.481897"><ele>99.4</ele></rtept><rtept lat="57.533663" lon="12.481928"><ele>99.6</ele></rtept><rtept lat="57.533682" lon="12.481967"><ele>99.6</ele></rtept><rtept lat="57.533695" lon="12.482022"><ele>99.6</ele></rtept><rtept lat="57.533708" lon="12.482053"><ele>99.8</ele></rtept><rtept lat="57.53372" lon="12.482085"><ele>99.8</ele></rtept><rtept lat="57.533733" lon="12.48212"><ele>99.6</ele></rtept><rtept lat="57.533753" lon="12.482158"><ele>99.6</ele></rtept><rtept lat="57.533765" lon="12.48219"><ele>99.8</ele></rtept><rtept lat="57.533785" lon="12.48222"><ele>99.4</ele></rtept><rtept lat="57.533798" lon="12.482247"><ele>99.4</ele></rtept><rtept lat="57.53381" lon="12.482275"><ele>99.4</ele></rtept><rtept lat="57.533823" lon="12.482305"><ele>99.2</ele></rtept><rtept lat="57.533842" lon="12.482337"><ele>98.8</ele></rtept><rtept lat="57.533855" lon="12.482373"><ele>98.8</ele></rtept><rtept lat="57.533868" lon="12.482403"><ele>98.8</ele></rtept><rtept lat="57.533875" lon="12.48244"><ele>98.4</ele></rtept><rtept lat="57.533887" lon="12.482468"><ele>98.4</ele></rtept><rtept lat="57.533893" lon="12.4825"><ele>98.4</ele></rtept><rtept lat="57.533907" lon="12.482528"><ele>98.0</ele></rtept><rtept lat="57.533925" lon="12.482583"><ele>97.6</ele></rtept><rtept lat="57.533952" lon="12.482617"><ele>97.6</ele></rtept><rtept lat="57.533963" lon="12.482642"><ele>97.2</ele></rtept><rtept lat="57.533983" lon="12.482668"><ele>97.2</ele></rtept><rtept lat="57.534002" lon="12.4827"><ele>97.2</ele></rtept><rtept lat="57.534022" lon="12.482732"><ele>96.8</ele></rtept><rtept lat="57.53404" lon="12.482777"><ele>96.6</ele></rtept><rtept lat="57.53406" lon="12.482818"><ele>96.6</ele></rtept><rtept lat="57.534073" lon="12.482855"><ele>96.6</ele></rtept><rtept lat="57.534092" lon="12.482882"><ele>95.8</ele></rtept><rtept lat="57.534123" lon="12.482912"><ele>96.0</ele></rtept><rtept lat="57.534143" lon="12.482952"><ele>96.0</ele></rtept><rtept lat="57.534162" lon="12.482987"><ele>95.6</ele></rtept><rtept lat="57.534182" lon="12.483017"><ele>95.4</ele></rtept><rtept lat="57.534207" lon="12.483075"><ele>95.0</ele></rtept><rtept lat="57.53422" lon="12.4831"><ele>94.8</ele></rtept><rtept lat="57.534233" lon="12.48313"><ele>94.8</ele></rtept><rtept lat="57.534258" lon="12.483168"><ele>94.0</ele></rtept><rtept lat="57.534297" lon="12.48319"><ele>93.6</ele></rtept><rtept lat="57.534335" lon="12.483215"><ele>92.6</ele></rtept><rtept lat="57.53436" lon="12.483235"><ele>92.4</ele></rtept><rtept lat="57.53438" lon="12.483248"><ele>91.8</ele></rtept><rtept lat="57.5344" lon="12.483267"><ele>91.4</ele></rtept><rtept lat="57.534418" lon="12.483282"><ele>91.2</ele></rtept><rtept lat="57.534443" lon="12.483295"><ele>91.0</ele></rtept><rtept lat="57.534463" lon="12.483303"><ele>90.2</ele></rtept><rtept lat="57.534482" lon="12.483317"><ele>89.8</ele></rtept><rtept lat="57.534508" lon="12.483337"><ele>89.6</ele></rtept><rtept lat="57.534527" lon="12.483347"><ele>89.2</ele></rtept><rtept lat="57.534553" lon="12.48336"><ele>88.4</ele></rtept><rtept lat="57.534578" lon="12.483372"><ele>88.0</ele></rtept><rtept lat="57.534598" lon="12.483382"><ele>88.0</ele></rtept><rtept lat="57.534623" lon="12.483403"><ele>87.4</ele></rtept><rtept lat="57.534648" lon="12.483427"><ele>86.8</ele></rtept><rtept lat="57.534687" lon="12.483447"><ele>86.6</ele></rtept><rtept lat="57.534725" lon="12.48346"><ele>86.6</ele></rtept><rtept lat="57.534752" lon="12.48348"><ele>85.8</ele></rtept><rtept lat="57.534777" lon="12.483502"><ele>85.8</ele></rtept><rtept lat="57.534802" lon="12.483527"><ele>85.6</ele></rtept><rtept lat="57.534835" lon="12.483547"><ele>85.0</ele></rtept><rtept lat="57.534853" lon="12.48356"><ele>84.8</ele></rtept><rtept lat="57.53488" lon="12.483585"><ele>85.0</ele></rtept><rtept lat="57.534905" lon="12.48361"><ele>84.8</ele></rtept><rtept lat="57.534937" lon="12.483635"><ele>84.4</ele></rtept><rtept lat="57.534962" lon="12.483652"><ele>84.4</ele></rtept><rtept lat="57.534988" lon="12.483667"><ele>84.4</ele></rtept><rtept lat="57.535013" lon="12.48368"><ele>84.0</ele></rtept><rtept lat="57.535045" lon="12.483717"><ele>83.6</ele></rtept><rtept lat="57.535065" lon="12.483732"><ele>83.4</ele></rtept><rtept lat="57.53509" lon="12.483745"><ele>82.8</ele></rtept><rtept lat="57.53511" lon="12.483757"><ele>83.0</ele></rtept><rtept lat="57.535128" lon="12.483763"><ele>82.8</ele></rtept><rtept lat="57.535155" lon="12.483777"><ele>82.4</ele></rtept><rtept lat="57.535173" lon="12.483783"><ele>82.0</ele></rtept><rtept lat="57.5352" lon="12.483797"><ele>82.0</ele></rtept><rtept lat="57.535225" lon="12.483808"><ele>81.8</ele></rtept><rtept lat="57.535243" lon="12.48382"><ele>81.2</ele></rtept><rtept lat="57.535263" lon="12.48383"><ele>81.2</ele></rtept><rtept lat="57.535295" lon="12.483845"><ele>81.4</ele></rtept><rtept lat="57.535315" lon="12.48386"><ele>80.6</ele></rtept><rtept lat="57.535333" lon="12.483865"><ele>80.4</ele></rtept><rtept lat="57.53536" lon="12.483873"><ele>80.4</ele></rtept><rtept lat="57.535385" lon="12.483875"><ele>80.0</ele></rtept><rtept lat="57.53541" lon="12.483883"><ele>79.6</ele></rtept><rtept lat="57.53543" lon="12.483888"><ele>79.4</ele></rtept><rtept lat="57.535455" lon="12.483895"><ele>79.4</ele></rtept><rtept lat="57.535475" lon="12.483908"><ele>78.8</ele></rtept><rtept lat="57.535507" lon="12.483923"><ele>78.4</ele></rtept><rtept lat="57.535532" lon="12.48394"><ele>78.2</ele></rtept><rtept lat="57.535558" lon="12.483955"><ele>77.8</ele></rtept><rtept lat="57.535597" lon="12.483982"><ele>77.4</ele></rtept><rtept lat="57.53564" lon="12.484"><ele>77.2</ele></rtept><rtept lat="57.535673" lon="12.484023"><ele>76.8</ele></rtept><rtept lat="57.535712" lon="12.484047"><ele>76.4</ele></rtept><rtept lat="57.535743" lon="12.484072"><ele>76.2</ele></rtept><rtept lat="57.535768" lon="12.484102"><ele>76.0</ele></rtept><rtept lat="57.535795" lon="12.484138"><ele>75.4</ele></rtept><rtept lat="57.535813" lon="12.484162"><ele>75.0</ele></rtept><rtept lat="57.53584" lon="12.484187"><ele>75.0</ele></rtept><rtept lat="57.535858" lon="12.484207"><ele>74.8</ele></rtept><rtept lat="57.535883" lon="12.484225"><ele>74.6</ele></rtept><rtept lat="57.535928" lon="12.484257"><ele>74.4</ele></rtept><rtept lat="57.535955" lon="12.484275"><ele>74.0</ele></rtept><rtept lat="57.535993" lon="12.484315"><ele>74.0</ele></rtept><rtept lat="57.536012" lon="12.484338"><ele>73.8</ele></rtept><rtept lat="57.536038" lon="12.484365"><ele>73.4</ele></rtept><rtept lat="57.536077" lon="12.4844"><ele>73.0</ele></rtept><rtept lat="57.536095" lon="12.484423"><ele>72.6</ele></rtept><rtept lat="57.536108" lon="12.484448"><ele>72.4</ele></rtept><rtept lat="57.536127" lon="12.48447"><ele>72.4</ele></rtept><rtept lat="57.536147" lon="12.484498"><ele>71.8</ele></rtept><rtept lat="57.536165" lon="12.484523"><ele>71.2</ele></rtept><rtept lat="57.536185" lon="12.484545"><ele>71.2</ele></rtept><rtept lat="57.536203" lon="12.484573"><ele>70.8</ele></rtept><rtept lat="57.536223" lon="12.484598"><ele>70.2</ele></rtept><rtept lat="57.536237" lon="12.484622"><ele>70.4</ele></rtept><rtept lat="57.536255" lon="12.484648"><ele>70.2</ele></rtept><rtept lat="57.536275" lon="12.48468"><ele>69.4</ele></rtept><rtept lat="57.536287" lon="12.484713"><ele>69.4</ele></rtept><rtept lat="57.5363" lon="12.484747"><ele>69.4</ele></rtept><rtept lat="57.536313" lon="12.48478"><ele>68.8</ele></rtept><rtept lat="57.536325" lon="12.484813"><ele>68.6</ele></rtept><rtept lat="57.536332" lon="12.484853"><ele>68.8</ele></rtept><rtept lat="57.536352" lon="12.484893"><ele>68.2</ele></rtept><rtept lat="57.536363" lon="12.48493"><ele>67.8</ele></rtept><rtept lat="57.53637" lon="12.484965"><ele>67.8</ele></rtept><rtept lat="57.53639" lon="12.485007"><ele>67.8</ele></rtept><rtept lat="57.53639" lon="12.485055"><ele>67.2</ele></rtept><rtept lat="57.536397" lon="12.48509"><ele>66.8</ele></rtept><rtept lat="57.536408" lon="12.48513"><ele>66.8</ele></rtept><rtept lat="57.536422" lon="12.48518"><ele>66.2</ele></rtept><rtept lat="57.536435" lon="12.485225"><ele>65.8</ele></rtept><rtept lat="57.536447" lon="12.48527"><ele>65.8</ele></rtept><rtept lat="57.536473" lon="12.485315"><ele>65.6</ele></rtept><rtept lat="57.536485" lon="12.485358"><ele>65.0</ele></rtept><rtept lat="57.536492" lon="12.485402"><ele>64.8</ele></rtept><rtept lat="57.536512" lon="12.485453"><ele>64.8</ele></rtept><rtept lat="57.536523" lon="12.485503"><ele>64.2</ele></rtept><rtept lat="57.536537" lon="12.485548"><ele>64.0</ele></rtept><rtept lat="57.53655" lon="12.485598"><ele>63.8</ele></rtept><rtept lat="57.536562" lon="12.485645"><ele>63.4</ele></rtept><rtept lat="57.536568" lon="12.485685"><ele>63.0</ele></rtept><rtept lat="57.536588" lon="12.48573"><ele>63.0</ele></rtept><rtept lat="57.5366" lon="12.485775"><ele>62.6</ele></rtept><rtept lat="57.536613" lon="12.485817"><ele>62.2</ele></rtept><rtept lat="57.536627" lon="12.485857"><ele>62.4</ele></rtept><rtept lat="57.536645" lon="12.485895"><ele>62.2</ele></rtept><rtept lat="57.536658" lon="12.485933"><ele>61.8</ele></rtept><rtept lat="57.536683" lon="12.485965"><ele>62.0</ele></rtept><rtept lat="57.536703" lon="12.485998"><ele>62.0</ele></rtept><rtept lat="57.536728" lon="12.486028"><ele>61.6</ele></rtept><rtept lat="57.536748" lon="12.486068"><ele>61.6</ele></rtept><rtept lat="57.536773" lon="12.4861"><ele>61.6</ele></rtept><rtept lat="57.536793" lon="12.486127"><ele>61.2</ele></rtept><rtept lat="57.536812" lon="12.486148"><ele>61.2</ele></rtept><rtept lat="57.536832" lon="12.486172"><ele>61.4</ele></rtept><rtept lat="57.53685" lon="12.48618"><ele>60.6</ele></rtept><rtept lat="57.536877" lon="12.486198"><ele>60.4</ele></rtept><rtept lat="57.536902" lon="12.486213"><ele>60.4</ele></rtept><rtept lat="57.53692" lon="12.486218"><ele>60.0</ele></rtept><rtept lat="57.536947" lon="12.486227"><ele>59.6</ele></rtept><rtept lat="57.536965" lon="12.486227"><ele>59.6</ele></rtept><rtept lat="57.536992" lon="12.486222"><ele>59.4</ele></rtept><rtept lat="57.53701" lon="12.486218"><ele>59.0</ele></rtept><rtept lat="57.537037" lon="12.486218"><ele>59.2</ele></rtept><rtept lat="57.537062" lon="12.486212"><ele>58.8</ele></rtept><rtept lat="57.53708" lon="12.486193"><ele>58.4</ele></rtept><rtept lat="57.537107" lon="12.486193"><ele>58.6</ele></rtept><rtept lat="57.537125" lon="12.486198"><ele>58.2</ele></rtept><rtept lat="57.537145" lon="12.4862"><ele>58.2</ele></rtept><rtept lat="57.53717" lon="12.486207"><ele>58.2</ele></rtept><rtept lat="57.537197" lon="12.486207"><ele>58.0</ele></rtept><rtept lat="57.537222" lon="12.486208"><ele>58.2</ele></rtept><rtept lat="57.537247" lon="12.486207"><ele>58.2</ele></rtept><rtept lat="57.537267" lon="12.486203"><ele>58.0</ele></rtept><rtept lat="57.537285" lon="12.486198"><ele>58.4</ele></rtept><rtept lat="57.537305" lon="12.486188"><ele>58.6</ele></rtept><rtept lat="57.537323" lon="12.486182"><ele>58.4</ele></rtept><rtept lat="57.53735" lon="12.486173"><ele>58.8</ele></rtept><rtept lat="57.537368" lon="12.486167"><ele>58.8</ele></rtept><rtept lat="57.537388" lon="12.486163"><ele>58.8</ele></rtept><rtept lat="57.537407" lon="12.486163"><ele>59.2</ele></rtept><rtept lat="57.537433" lon="12.486158"><ele>59.2</ele></rtept><rtept lat="57.537452" lon="12.486147"><ele>59.2</ele></rtept><rtept lat="57.537472" lon="12.486135"><ele>59.4</ele></rtept><rtept lat="57.537497" lon="12.486122"><ele>59.4</ele></rtept><rtept lat="57.537535" lon="12.486108"><ele>59.6</ele></rtept><rtept lat="57.537573" lon="12.486093"><ele>59.4</ele></rtept><rtept lat="57.537593" lon="12.486078"><ele>59.8</ele></rtept><rtept lat="57.537612" lon="12.486067"><ele>59.8</ele></rtept><rtept lat="57.537638" lon="12.486053"><ele>59.6</ele></rtept><rtept lat="57.537657" lon="12.486028"><ele>59.8</ele></rtept><rtept lat="57.537677" lon="12.486003"><ele>59.8</ele></rtept><rtept lat="57.537695" lon="12.48598"><ele>59.8</ele></rtept><rtept lat="57.537715" lon="12.485958"><ele>59.8</ele></rtept><rtept lat="57.537733" lon="12.485938"><ele>59.6</ele></rtept><rtept lat="57.537753" lon="12.485913"><ele>59.4</ele></rtept><rtept lat="57.537778" lon="12.48589"><ele>59.8</ele></rtept><rtept lat="57.537803" lon="12.485877"><ele>59.6</ele></rtept><rtept lat="57.537823" lon="12.485863"><ele>59.6</ele></rtept><rtept lat="57.537842" lon="12.485845"><ele>59.8</ele></rtept><rtept lat="57.537862" lon="12.485825"><ele>59.8</ele></rtept><rtept lat="57.53788" lon="12.485807"><ele>59.6</ele></rtept><rtept lat="57.5379" lon="12.485778"><ele>60.0</ele></rtept><rtept lat="57.537913" lon="12.485742"><ele>60.2</ele></rtept><rtept lat="57.537932" lon="12.485718"><ele>60.2</ele></rtept><rtept lat="57.537958" lon="12.485712"><ele>60.4</ele></rtept><rtept lat="57.537977" lon="12.485702"><ele>60.2</ele></rtept><rtept lat="57.537997" lon="12.485685"><ele>60.4</ele></rtept><rtept lat="57.538022" lon="12.485665"><ele>60.6</ele></rtept><rtept lat="57.538047" lon="12.485642"><ele>60.4</ele></rtept><rtept lat="57.538073" lon="12.485622"><ele>60.4</ele></rtept><rtept lat="57.538092" lon="12.485605"><ele>60.6</ele></rtept><rtept lat="57.538118" lon="12.485587"><ele>60.6</ele></rtept><rtept lat="57.538143" lon="12.485572"><ele>60.6</ele></rtept><rtept lat="57.538162" lon="12.485558"><ele>60.8</ele></rtept><rtept lat="57.538182" lon="12.48554"><ele>60.8</ele></rtept><rtept lat="57.5382" lon="12.485522"><ele>60.6</ele></rtept><rtept lat="57.53822" lon="12.485507"><ele>60.8</ele></rtept><rtept lat="57.53824" lon="12.485498"><ele>60.8</ele></rtept><rtept lat="57.538258" lon="12.485492"><ele>60.6</ele></rtept><rtept lat="57.538278" lon="12.485483"><ele>60.8</ele></rtept><rtept lat="57.538297" lon="12.485477"><ele>60.8</ele></rtept><rtept lat="57.538317" lon="12.485467"><ele>60.6</ele></rtept><rtept lat="57.538342" lon="12.485458"><ele>60.8</ele></rtept><rtept lat="57.53836" lon="12.485448"><ele>60.8</ele></rtept><rtept lat="57.53838" lon="12.485442"><ele>60.6</ele></rtept><rtept lat="57.5384" lon="12.485437"><ele>60.8</ele></rtept><rtept lat="57.538418" lon="12.485427"><ele>60.8</ele></rtept><rtept lat="57.53845" lon="12.485407"><ele>60.8</ele></rtept><rtept lat="57.53847" lon="12.485383"><ele>61.0</ele></rtept><rtept lat="57.538488" lon="12.485363"><ele>61.0</ele></rtept><rtept lat="57.538508" lon="12.485343"><ele>61.0</ele></rtept><rtept lat="57.538527" lon="12.485325"><ele>61.2</ele></rtept><rtept lat="57.538553" lon="12.48531"><ele>61.2</ele></rtept><rtept lat="57.538572" lon="12.485302"><ele>61.2</ele></rtept><rtept lat="57.538592" lon="12.485295"><ele>61.4</ele></rtept><rtept lat="57.538617" lon="12.48529"><ele>61.2</ele></rtept><rtept lat="57.538642" lon="12.48529"><ele>61.4</ele></rtept><rtept lat="57.538668" lon="12.485283"><ele>61.4</ele></rtept><rtept lat="57.538693" lon="12.485278"><ele>61.0</ele></rtept><rtept lat="57.538713" lon="12.485263"><ele>61.4</ele></rtept><rtept lat="57.538745" lon="12.48524"><ele>61.4</ele></rtept><rtept lat="57.538763" lon="12.485228"><ele>61.2</ele></rtept><rtept lat="57.538797" lon="12.485217"><ele>61.2</ele></rtept><rtept lat="57.538815" lon="12.485197"><ele>61.0</ele></rtept><rtept lat="57.538853" lon="12.485168"><ele>61.2</ele></rtept><rtept lat="57.538873" lon="12.485163"><ele>61.0</ele></rtept><rtept lat="57.538898" lon="12.48515"><ele>61.0</ele></rtept><rtept lat="57.538918" lon="12.485135"><ele>61.0</ele></rtept><rtept lat="57.538937" lon="12.48513"><ele>61.0</ele></rtept><rtept lat="57.538968" lon="12.48511"><ele>60.8</ele></rtept><rtept lat="57.538988" lon="12.485097"><ele>61.2</ele></rtept><rtept lat="57.539007" lon="12.485082"><ele>61.2</ele></rtept><rtept lat="57.539027" lon="12.48507"><ele>60.8</ele></rtept><rtept lat="57.539045" lon="12.48506"><ele>61.0</ele></rtept><rtept lat="57.539072" lon="12.485052"><ele>60.8</ele></rtept><rtept lat="57.53909" lon="12.485045"><ele>61.0</ele></rtept><rtept lat="57.539117" lon="12.485038"><ele>61.2</ele></rtept><rtept lat="57.539135" lon="12.485035"><ele>60.8</ele></rtept><rtept lat="57.539155" lon="12.485025"><ele>61.2</ele></rtept><rtept lat="57.539173" lon="12.485012"><ele>61.6</ele></rtept><rtept lat="57.539193" lon="12.485002"><ele>61.4</ele></rtept><rtept lat="57.539218" lon="12.484985"><ele>61.6</ele></rtept><rtept lat="57.539243" lon="12.484977"><ele>61.4</ele></rtept><rtept lat="57.539263" lon="12.484965"><ele>61.6</ele></rtept><rtept lat="57.539302" lon="12.484938"><ele>61.6</ele></rtept><rtept lat="57.53932" lon="12.484907"><ele>62.0</ele></rtept><rtept lat="57.539347" lon="12.484888"><ele>62.0</ele></rtept><rtept lat="57.539372" lon="12.484872"><ele>61.8</ele></rtept><rtept lat="57.539398" lon="12.484853"><ele>62.2</ele></rtept><rtept lat="57.539423" lon="12.48484"><ele>62.0</ele></rtept><rtept lat="57.539448" lon="12.48482"><ele>62.2</ele></rtept><rtept lat="57.539468" lon="12.4848"><ele>62.4</ele></rtept><rtept lat="57.539487" lon="12.48478"><ele>62.4</ele></rtept><rtept lat="57.539513" lon="12.484752"><ele>62.6</ele></rtept><rtept lat="57.539532" lon="12.484723"><ele>62.8</ele></rtept><rtept lat="57.539552" lon="12.484702"><ele>62.6</ele></rtept><rtept lat="57.53957" lon="12.484683"><ele>63.0</ele></rtept><rtept lat="57.539602" lon="12.48467"><ele>63.0</ele></rtept><rtept lat="57.539622" lon="12.484655"><ele>63.0</ele></rtept><rtept lat="57.539647" lon="12.484638"><ele>63.4</ele></rtept><rtept lat="57.539667" lon="12.484618"><ele>63.2</ele></rtept><rtept lat="57.539692" lon="12.484595"><ele>63.0</ele></rtept><rtept lat="57.539718" lon="12.484575"><ele>63.2</ele></rtept><rtept lat="57.539743" lon="12.484573"><ele>63.2</ele></rtept><rtept lat="57.539762" lon="12.484565"><ele>63.0</ele></rtept><rtept lat="57.539782" lon="12.484563"><ele>63.0</ele></rtept><rtept lat="57.539807" lon="12.484558"><ele>63.0</ele></rtept><rtept lat="57.539845" lon="12.484542"><ele>62.4</ele></rtept><rtept lat="57.539865" lon="12.484537"><ele>62.6</ele></rtept><rtept lat="57.53989" lon="12.484518"><ele>62.2</ele></rtept><rtept lat="57.53991" lon="12.484503"><ele>62.0</ele></rtept><rtept lat="57.539928" lon="12.484495"><ele>62.2</ele></rtept><rtept lat="57.53996" lon="12.484485"><ele>61.8</ele></rtept><rtept lat="57.539987" lon="12.484477"><ele>61.4</ele></rtept><rtept lat="57.540005" lon="12.484468"><ele>61.6</ele></rtept><rtept lat="57.540032" lon="12.48447"><ele>61.2</ele></rtept><rtept lat="57.540057" lon="12.484477"><ele>61.0</ele></rtept><rtept lat="57.540082" lon="12.484483"><ele>61.0</ele></rtept><rtept lat="57.540102" lon="12.484497"><ele>60.8</ele></rtept><rtept lat="57.540127" lon="12.484505"><ele>61.0</ele></rtept><rtept lat="57.540153" lon="12.484505"><ele>61.0</ele></rtept><rtept lat="57.540178" lon="12.484517"><ele>60.8</ele></rtept><rtept lat="57.540203" lon="12.48453"><ele>61.0</ele></rtept><rtept lat="57.54023" lon="12.48454"><ele>61.2</ele></rtept><rtept lat="57.540262" lon="12.484538"><ele>61.0</ele></rtept><rtept lat="57.540287" lon="12.484538"><ele>61.2</ele></rtept><rtept lat="57.540313" lon="12.48454"><ele>61.4</ele></rtept><rtept lat="57.540338" lon="12.484543"><ele>61.2</ele></rtept><rtept lat="57.540363" lon="12.484555"><ele>61.4</ele></rtept><rtept lat="57.54039" lon="12.484555"><ele>61.4</ele></rtept><rtept lat="57.540415" lon="12.484558"><ele>61.4</ele></rtept><rtept lat="57.540453" lon="12.484573"><ele>61.6</ele></rtept><rtept lat="57.54048" lon="12.484575"><ele>61.4</ele></rtept><rtept lat="57.540505" lon="12.484575"><ele>61.6</ele></rtept><rtept lat="57.540523" lon="12.48458"><ele>61.4</ele></rtept><rtept lat="57.540543" lon="12.484583"><ele>61.4</ele></rtept><rtept lat="57.540575" lon="12.484583"><ele>61.6</ele></rtept><rtept lat="57.540595" lon="12.484588"><ele>61.4</ele></rtept><rtept lat="57.540613" lon="12.48459"><ele>61.4</ele></rtept><rtept lat="57.54064" lon="12.484585"><ele>61.6</ele></rtept><rtept lat="57.540665" lon="12.484582"><ele>61.4</ele></rtept><rtept lat="57.540683" lon="12.484573"><ele>61.2</ele></rtept><rtept lat="57.540703" lon="12.484568"><ele>61.4</ele></rtept><rtept lat="57.540728" lon="12.484573"><ele>61.2</ele></rtept><rtept lat="57.540748" lon="12.484573"><ele>61.0</ele></rtept><rtept lat="57.540767" lon="12.484568"><ele>61.2</ele></rtept><rtept lat="57.540787" lon="12.484563"><ele>61.0</ele></rtept><rtept lat="57.540812" lon="12.48456"><ele>60.8</ele></rtept><rtept lat="57.54085" lon="12.484553"><ele>61.0</ele></rtept><rtept lat="57.540877" lon="12.484548"><ele>60.4</ele></rtept><rtept lat="57.540895" lon="12.484543"><ele>60.4</ele></rtept><rtept lat="57.54092" lon="12.484537"><ele>60.2</ele></rtept><rtept lat="57.54094" lon="12.484523"><ele>59.8</ele></rtept><rtept lat="57.540972" lon="12.4845"><ele>59.8</ele></rtept><rtept lat="57.540998" lon="12.484475"><ele>59.8</ele></rtept><rtept lat="57.541017" lon="12.48446"><ele>59.6</ele></rtept><rtept lat="57.541037" lon="12.484453"><ele>59.6</ele></rtept><rtept lat="57.541062" lon="12.484453"><ele>59.6</ele></rtept><rtept lat="57.541093" lon="12.484463"><ele>59.4</ele></rtept><rtept lat="57.541113" lon="12.484483"><ele>59.6</ele></rtept><rtept lat="57.541125" lon="12.484523"><ele>59.6</ele></rtept><rtept lat="57.541138" lon="12.484568"><ele>59.4</ele></rtept><rtept lat="57.541138" lon="12.484615"><ele>59.4</ele></rtept><rtept lat="57.541152" lon="12.484668"><ele>59.2</ele></rtept><rtept lat="57.541158" lon="12.48472"><ele>59.2</ele></rtept><rtept lat="57.541163" lon="12.484763"><ele>59.6</ele></rtept><rtept lat="57.54117" lon="12.484812"><ele>59.4</ele></rtept><rtept lat="57.541183" lon="12.484858"><ele>59.6</ele></rtept><rtept lat="57.541197" lon="12.484907"><ele>59.4</ele></rtept><rtept lat="57.541208" lon="12.484945"><ele>59.4</ele></rtept><rtept lat="57.541222" lon="12.484972"><ele>59.6</ele></rtept><rtept lat="57.541247" lon="12.484982"><ele>59.4</ele></rtept><rtept lat="57.541273" lon="12.484982"><ele>59.6</ele></rtept><rtept lat="57.541298" lon="12.484977"><ele>59.4</ele></rtept><rtept lat="57.541318" lon="12.48496"><ele>59.4</ele></rtept><rtept lat="57.54135" lon="12.48494"><ele>59.6</ele></rtept><rtept lat="57.541368" lon="12.484925"><ele>59.4</ele></rtept><rtept lat="57.541395" lon="12.484912"><ele>59.6</ele></rtept><rtept lat="57.541413" lon="12.484897"><ele>59.8</ele></rtept><rtept lat="57.54144" lon="12.48488"><ele>59.4</ele></rtept><rtept lat="57.541465" lon="12.484857"><ele>59.4</ele></rtept><rtept lat="57.54149" lon="12.48484"><ele>59.4</ele></rtept><rtept lat="57.541517" lon="12.484822"><ele>59.4</ele></rtept><rtept lat="57.541535" lon="12.484807"><ele>59.2</ele></rtept><rtept lat="57.54156" lon="12.484797"><ele>59.4</ele></rtept><rtept lat="57.54158" lon="12.484787"><ele>59.0</ele></rtept><rtept lat="57.5416" lon="12.484777"><ele>58.8</ele></rtept><rtept lat="57.541618" lon="12.484768"><ele>59.0</ele></rtept><rtept lat="57.541643" lon="12.484758"><ele>59.0</ele></rtept><rtept lat="57.54167" lon="12.484743"><ele>58.8</ele></rtept><rtept lat="57.541688" lon="12.484733"><ele>59.0</ele></rtept><rtept lat="57.541708" lon="12.484722"><ele>59.0</ele></rtept><rtept lat="57.541733" lon="12.484712"><ele>58.6</ele></rtept><rtept lat="57.54176" lon="12.484702"><ele>58.8</ele></rtept><rtept lat="57.541778" lon="12.484692"><ele>58.6</ele></rtept><rtept lat="57.541798" lon="12.484682"><ele>58.6</ele></rtept><rtept lat="57.54183" lon="12.48467"><ele>58.8</ele></rtept><rtept lat="57.541848" lon="12.484662"><ele>58.6</ele></rtept><rtept lat="57.541868" lon="12.48465"><ele>58.4</ele></rtept><rtept lat="57.541893" lon="12.48464"><ele>58.6</ele></rtept><rtept lat="57.541913" lon="12.484628"><ele>58.4</ele></rtept><rtept lat="57.541932" lon="12.484618"><ele>58.4</ele></rtept><rtept lat="57.541958" lon="12.484605"><ele>58.6</ele></rtept><rtept lat="57.541977" lon="12.484598"><ele>58.6</ele></rtept><rtept lat="57.541997" lon="12.484593"><ele>58.6</ele></rtept><rtept lat="57.542015" lon="12.484583"><ele>58.8</ele></rtept><rtept lat="57.542047" lon="12.48455"><ele>58.6</ele></rtept><rtept lat="57.542073" lon="12.484538"><ele>58.8</ele></rtept><rtept lat="57.542098" lon="12.484538"><ele>58.6</ele></rtept><rtept lat="57.542123" lon="12.48454"><ele>59.0</ele></rtept><rtept lat="57.542157" lon="12.48453"><ele>59.0</ele></rtept><rtept lat="57.542175" lon="12.48452"><ele>59.4</ele></rtept><rtept lat="57.542195" lon="12.484513"><ele>59.4</ele></rtept><rtept lat="57.542213" lon="12.48451"><ele>59.2</ele></rtept><rtept lat="57.542245" lon="12.484497"><ele>59.6</ele></rtept><rtept lat="57.542265" lon="12.484483"><ele>59.4</ele></rtept><rtept lat="57.542283" lon="12.48448"><ele>59.8</ele></rtept><rtept lat="57.54231" lon="12.484475"><ele>59.6</ele></rtept><rtept lat="57.542328" lon="12.48447"><ele>60.0</ele></rtept><rtept lat="57.542355" lon="12.48446"><ele>59.8</ele></rtept><rtept lat="57.542387" lon="12.484437"><ele>60.0</ele></rtept><rtept lat="57.542425" lon="12.484415"><ele>60.0</ele></rtept><rtept lat="57.542443" lon="12.484392"><ele>60.2</ele></rtept><rtept lat="57.542477" lon="12.484372"><ele>60.2</ele></rtept><rtept lat="57.542502" lon="12.48435"><ele>60.2</ele></rtept><rtept lat="57.542527" lon="12.484337"><ele>60.4</ele></rtept><rtept lat="57.542565" lon="12.48433"><ele>60.4</ele></rtept><rtept lat="57.542585" lon="12.48432"><ele>60.2</ele></rtept><rtept lat="57.54261" lon="12.484302"><ele>60.4</ele></rtept><rtept lat="57.542642" lon="12.484272"><ele>60.4</ele></rtept><rtept lat="57.542655" lon="12.484247"><ele>60.2</ele></rtept><rtept lat="57.542675" lon="12.484227"><ele>60.4</ele></rtept><rtept lat="57.542693" lon="12.484212"><ele>60.4</ele></rtept><rtept lat="57.542713" lon="12.484193"><ele>60.2</ele></rtept><rtept lat="57.542732" lon="12.484182"><ele>60.6</ele></rtept><rtept lat="57.542752" lon="12.484177"><ele>60.6</ele></rtept><rtept lat="57.54277" lon="12.484163"><ele>60.4</ele></rtept><rtept lat="57.54279" lon="12.484147"><ele>60.6</ele></rtept><rtept lat="57.542815" lon="12.484127"><ele>60.6</ele></rtept><rtept lat="57.542835" lon="12.484113"><ele>60.4</ele></rtept><rtept lat="57.54286" lon="12.484107"><ele>60.6</ele></rtept><rtept lat="57.54288" lon="12.484093"><ele>60.6</ele></rtept><rtept lat="57.542898" lon="12.48408"><ele>60.4</ele></rtept><rtept lat="57.542918" lon="12.484067"><ele>60.6</ele></rtept><rtept lat="57.542937" lon="12.484053"><ele>60.8</ele></rtept><rtept lat="57.542968" lon="12.484023"><ele>60.8</ele></rtept><rtept lat="57.542988" lon="12.484008"><ele>61.0</ele></rtept><rtept lat="57.54302" lon="12.483995"><ele>60.8</ele></rtept><rtept lat="57.54304" lon="12.483982"><ele>60.8</ele></rtept><rtept lat="57.543058" lon="12.483968"><ele>60.8</ele></rtept><rtept lat="57.543078" lon="12.483958"><ele>60.6</ele></rtept><rtept lat="57.543097" lon="12.483948"><ele>60.6</ele></rtept><rtept lat="57.543122" lon="12.483935"><ele>60.8</ele></rtept><rtept lat="57.543142" lon="12.483922"><ele>60.6</ele></rtept><rtept lat="57.543167" lon="12.483908"><ele>60.6</ele></rtept><rtept lat="57.543193" lon="12.483895"><ele>60.8</ele></rtept><rtept lat="57.543218" lon="12.483883"><ele>60.6</ele></rtept><rtept lat="57.543243" lon="12.483873"><ele>60.8</ele></rtept><rtept lat="57.543277" lon="12.48385"><ele>61.0</ele></rtept><rtept lat="57.543295" lon="12.483838"><ele>60.8</ele></rtept><rtept lat="57.54332" lon="12.483825"><ele>60.8</ele></rtept><rtept lat="57.54334" lon="12.48382"><ele>61.0</ele></rtept><rtept lat="57.54336" lon="12.483815"><ele>60.6</ele></rtept><rtept lat="57.543385" lon="12.48381"><ele>60.8</ele></rtept><rtept lat="57.543403" lon="12.483803"><ele>61.0</ele></rtept><rtept lat="57.54343" lon="12.483795"><ele>60.6</ele></rtept><rtept lat="57.543455" lon="12.483783"><ele>60.8</ele></rtept><rtept lat="57.543493" lon="12.483737"><ele>60.6</ele></rtept><rtept lat="57.54352" lon="12.483723"><ele>61.0</ele></rtept><rtept lat="57.543538" lon="12.483712"><ele>61.2</ele></rtept><rtept lat="57.543558" lon="12.4837"><ele>60.8</ele></rtept><rtept lat="57.543583" lon="12.483682"><ele>61.0</ele></rtept><rtept lat="57.543608" lon="12.483667"><ele>61.2</ele></rtept><rtept lat="57.543635" lon="12.483655"><ele>61.0</ele></rtept><rtept lat="57.543673" lon="12.483632"><ele>61.4</ele></rtept><rtept lat="57.543692" lon="12.48362"><ele>61.0</ele></rtept><rtept lat="57.543718" lon="12.483612"><ele>61.2</ele></rtept><rtept lat="57.543737" lon="12.483595"><ele>61.4</ele></rtept><rtept lat="57.543762" lon="12.48358"><ele>61.0</ele></rtept><rtept lat="57.543782" lon="12.483565"><ele>61.4</ele></rtept><rtept lat="57.543807" lon="12.483545"><ele>61.4</ele></rtept><rtept lat="57.543827" lon="12.483532"><ele>61.0</ele></rtept><rtept lat="57.543858" lon="12.483502"><ele>61.2</ele></rtept><rtept lat="57.543878" lon="12.48348"><ele>60.8</ele></rtept><rtept lat="57.543897" lon="12.483458"><ele>61.2</ele></rtept><rtept lat="57.543917" lon="12.483433"><ele>61.2</ele></rtept><rtept lat="57.543942" lon="12.483407"><ele>60.8</ele></rtept><rtept lat="57.54396" lon="12.483382"><ele>60.8</ele></rtept><rtept lat="57.54398" lon="12.483347"><ele>60.8</ele></rtept><rtept lat="57.544" lon="12.483308"><ele>60.4</ele></rtept><rtept lat="57.544018" lon="12.483273"><ele>60.6</ele></rtept><rtept lat="57.544032" lon="12.483238"><ele>60.8</ele></rtept><rtept lat="57.544057" lon="12.483185"><ele>60.4</ele></rtept><rtept lat="57.544077" lon="12.483145"><ele>60.4</ele></rtept><rtept lat="57.544095" lon="12.483118"><ele>60.2</ele></rtept><rtept lat="57.544108" lon="12.483085"><ele>60.0</ele></rtept><rtept lat="57.544127" lon="12.483035"><ele>60.2</ele></rtept><rtept lat="57.544147" lon="12.482997"><ele>59.6</ele></rtept><rtept lat="57.544178" lon="12.482952"><ele>59.6</ele></rtept><rtept lat="57.544192" lon="12.482922"><ele>59.0</ele></rtept><rtept lat="57.544203" lon="12.482895"><ele>58.8</ele></rtept><rtept lat="57.544217" lon="12.482865"><ele>58.8</ele></rtept><rtept lat="57.54423" lon="12.482835"><ele>58.4</ele></rtept><rtept lat="57.544248" lon="12.482802"><ele>58.0</ele></rtept><rtept lat="57.544262" lon="12.482772"><ele>58.2</ele></rtept><rtept lat="57.544275" lon="12.48274"><ele>58.2</ele></rtept><rtept lat="57.544287" lon="12.482702"><ele>57.6</ele></rtept><rtept lat="57.544307" lon="12.482662"><ele>57.8</ele></rtept><rtept lat="57.54432" lon="12.482627"><ele>58.0</ele></rtept><rtept lat="57.544332" lon="12.482595"><ele>57.6</ele></rtept><rtept lat="57.544352" lon="12.482575"><ele>57.4</ele></rtept><rtept lat="57.544377" lon="12.482508"><ele>57.0</ele></rtept><rtept lat="57.54439" lon="12.48248"><ele>56.6</ele></rtept><rtept lat="57.544402" lon="12.482442"><ele>56.8</ele></rtept><rtept lat="57.544415" lon="12.482403"><ele>56.4</ele></rtept><rtept lat="57.544428" lon="12.482363"><ele>56.0</ele></rtept><rtept lat="57.544435" lon="12.482325"><ele>56.4</ele></rtept><rtept lat="57.544447" lon="12.482285"><ele>56.0</ele></rtept><rtept lat="57.54446" lon="12.482245"><ele>55.6</ele></rtept><rtept lat="57.544473" lon="12.48221"><ele>56.0</ele></rtept><rtept lat="57.544498" lon="12.482147"><ele>55.4</ele></rtept><rtept lat="57.544518" lon="12.482097"><ele>55.6</ele></rtept><rtept lat="57.544543" lon="12.48206"><ele>55.4</ele></rtept><rtept lat="57.544568" lon="12.482018"><ele>54.8</ele></rtept><rtept lat="57.544595" lon="12.481967"><ele>54.8</ele></rtept><rtept lat="57.544607" lon="12.481937"><ele>54.4</ele></rtept><rtept lat="57.544627" lon="12.481902"><ele>54.4</ele></rtept><rtept lat="57.544633" lon="12.481862"><ele>54.4</ele></rtept><rtept lat="57.544652" lon="12.481822"><ele>54.0</ele></rtept><rtept lat="57.544672" lon="12.48178"><ele>54.0</ele></rtept><rtept lat="57.544683" lon="12.481735"><ele>54.2</ele></rtept><rtept lat="57.544703" lon="12.481698"><ele>53.8</ele></rtept><rtept lat="57.544722" lon="12.48167"><ele>53.8</ele></rtept><rtept lat="57.544735" lon="12.48164"><ele>53.6</ele></rtept><rtept lat="57.544755" lon="12.4816"><ele>53.2</ele></rtept><rtept lat="57.544773" lon="12.48156"><ele>53.2</ele></rtept><rtept lat="57.544793" lon="12.481542"><ele>53.2</ele></rtept><rtept lat="57.544812" lon="12.481525"><ele>52.8</ele></rtept><rtept lat="57.544825" lon="12.481495"><ele>52.6</ele></rtept><rtept lat="57.54485" lon="12.481465"><ele>53.0</ele></rtept><rtept lat="57.54487" lon="12.481438"><ele>52.8</ele></rtept><rtept lat="57.544888" lon="12.481425"><ele>52.4</ele></rtept><rtept lat="57.544908" lon="12.481412"><ele>52.6</ele></rtept><rtept lat="57.544933" lon="12.481402"><ele>52.4</ele></rtept><rtept lat="57.544953" lon="12.481393"><ele>52.0</ele></rtept><rtept lat="57.544972" lon="12.48138"><ele>52.0</ele></rtept><rtept lat="57.544998" lon="12.481373"><ele>52.0</ele></rtept><rtept lat="57.545017" lon="12.481367"><ele>51.4</ele></rtept><rtept lat="57.545042" lon="12.481352"><ele>51.4</ele></rtept><rtept lat="57.545062" lon="12.481343"><ele>51.4</ele></rtept><rtept lat="57.545087" lon="12.481333"><ele>50.6</ele></rtept><rtept lat="57.545107" lon="12.481317"><ele>50.6</ele></rtept><rtept lat="57.545138" lon="12.481277"><ele>50.0</ele></rtept><rtept lat="57.545158" lon="12.481258"><ele>49.8</ele></rtept><rtept lat="57.545197" lon="12.481213"><ele>49.2</ele></rtept><rtept lat="57.545215" lon="12.481187"><ele>48.8</ele></rtept><rtept lat="57.545235" lon="12.48116"><ele>48.6</ele></rtept><rtept lat="57.545253" lon="12.481128"><ele>48.2</ele></rtept><rtept lat="57.545273" lon="12.481095"><ele>48.0</ele></rtept><rtept lat="57.545292" lon="12.481068"><ele>48.0</ele></rtept><rtept lat="57.545312" lon="12.48104"><ele>47.6</ele></rtept><rtept lat="57.54533" lon="12.481013"><ele>47.2</ele></rtept><rtept lat="57.545343" lon="12.480985"><ele>47.4</ele></rtept><rtept lat="57.545362" lon="12.480953"><ele>47.2</ele></rtept><rtept lat="57.545368" lon="12.480912"><ele>46.8</ele></rtept><rtept lat="57.545388" lon="12.480877"><ele>47.0</ele></rtept><rtept lat="57.5454" lon="12.48084"><ele>47.0</ele></rtept><rtept lat="57.545413" lon="12.480802"><ele>46.4</ele></rtept><rtept lat="57.545427" lon="12.48077"><ele>46.6</ele></rtept><rtept lat="57.54544" lon="12.480745"><ele>46.6</ele></rtept><rtept lat="57.545452" lon="12.48071"><ele>46.0</ele></rtept><rtept lat="57.545465" lon="12.48068"><ele>45.8</ele></rtept><rtept lat="57.545478" lon="12.480647"><ele>46.0</ele></rtept><rtept lat="57.54549" lon="12.480603"><ele>45.6</ele></rtept><rtept lat="57.545503" lon="12.480572"><ele>45.2</ele></rtept><rtept lat="57.545517" lon="12.48052"><ele>45.4</ele></rtept><rtept lat="57.545528" lon="12.480483"><ele>45.2</ele></rtept><rtept lat="57.545542" lon="12.480453"><ele>45.0</ele></rtept><rtept lat="57.54556" lon="12.480393"><ele>45.0</ele></rtept><rtept lat="57.545567" lon="12.48035"><ele>44.8</ele></rtept><rtept lat="57.54558" lon="12.48032"><ele>44.8</ele></rtept><rtept lat="57.545593" lon="12.48028"><ele>44.6</ele></rtept><rtept lat="57.545605" lon="12.480243"><ele>44.4</ele></rtept><rtept lat="57.545618" lon="12.48021"><ele>44.6</ele></rtept><rtept lat="57.545625" lon="12.480167"><ele>44.4</ele></rtept><rtept lat="57.545643" lon="12.480132"><ele>44.0</ele></rtept><rtept lat="57.545663" lon="12.480062"><ele>44.0</ele></rtept><rtept lat="57.545682" lon="12.480025"><ele>43.8</ele></rtept><rtept lat="57.545688" lon="12.479977"><ele>44.0</ele></rtept><rtept lat="57.545702" lon="12.479933"><ele>43.8</ele></rtept><rtept lat="57.545715" lon="12.4799"><ele>43.6</ele></rtept><rtept lat="57.545727" lon="12.479843"><ele>44.0</ele></rtept><rtept lat="57.54574" lon="12.4798"><ele>43.6</ele></rtept><rtept lat="57.545753" lon="12.479763"><ele>43.2</ele></rtept><rtept lat="57.545765" lon="12.479728"><ele>43.6</ele></rtept><rtept lat="57.545778" lon="12.479695"><ele>43.2</ele></rtept><rtept lat="57.545792" lon="12.479655"><ele>43.0</ele></rtept><rtept lat="57.545803" lon="12.47961"><ele>43.4</ele></rtept><rtept lat="57.545817" lon="12.479568"><ele>43.2</ele></rtept><rtept lat="57.545823" lon="12.47953"><ele>43.0</ele></rtept><rtept lat="57.545848" lon="12.47946"><ele>42.8</ele></rtept><rtept lat="57.545862" lon="12.479422"><ele>42.8</ele></rtept><rtept lat="57.545887" lon="12.479365"><ele>42.6</ele></rtept><rtept lat="57.5459" lon="12.479327"><ele>42.6</ele></rtept><rtept lat="57.545913" lon="12.479282"><ele>42.8</ele></rtept><rtept lat="57.545925" lon="12.479247"><ele>42.6</ele></rtept><rtept lat="57.545938" lon="12.47922"><ele>42.8</ele></rtept><rtept lat="57.545952" lon="12.479168"><ele>43.0</ele></rtept><rtept lat="57.545963" lon="12.479132"><ele>42.6</ele></rtept><rtept lat="57.545977" lon="12.479092"><ele>43.0</ele></rtept><rtept lat="57.545983" lon="12.479055"><ele>43.0</ele></rtept><rtept lat="57.545997" lon="12.479002"><ele>42.6</ele></rtept><rtept lat="57.546015" lon="12.47896"><ele>43.0</ele></rtept><rtept lat="57.546028" lon="12.478925"><ele>42.8</ele></rtept><rtept lat="57.54604" lon="12.478893"><ele>42.6</ele></rtept><rtept lat="57.54606" lon="12.478857"><ele>42.8</ele></rtept><rtept lat="57.54608" lon="12.47882"><ele>42.4</ele></rtept><rtept lat="57.546098" lon="12.478783"><ele>42.2</ele></rtept><rtept lat="57.546105" lon="12.478745"><ele>42.4</ele></rtept><rtept lat="57.546123" lon="12.4787"><ele>42.2</ele></rtept><rtept lat="57.546137" lon="12.47866"><ele>42.2</ele></rtept><rtept lat="57.546157" lon="12.478632"><ele>42.4</ele></rtept><rtept lat="57.546175" lon="12.478612"><ele>42.4</ele></rtept><rtept lat="57.546207" lon="12.478572"><ele>42.2</ele></rtept><rtept lat="57.546227" lon="12.478553"><ele>42.2</ele></rtept><rtept lat="57.546245" lon="12.478533"><ele>41.8</ele></rtept><rtept lat="57.546265" lon="12.478522"><ele>41.6</ele></rtept><rtept lat="57.54629" lon="12.47852"><ele>41.6</ele></rtept><rtept lat="57.54631" lon="12.47852"><ele>41.2</ele></rtept><rtept lat="57.546335" lon="12.478507"><ele>41.0</ele></rtept><rtept lat="57.546355" lon="12.478493"><ele>40.8</ele></rtept><rtept lat="57.54638" lon="12.478482"><ele>40.8</ele></rtept><rtept lat="57.546405" lon="12.47846"><ele>40.2</ele></rtept><rtept lat="57.546425" lon="12.478437"><ele>40.2</ele></rtept><rtept lat="57.546457" lon="12.478428"><ele>40.2</ele></rtept><rtept lat="57.546477" lon="12.478433"><ele>39.8</ele></rtept><rtept lat="57.546502" lon="12.478433"><ele>39.8</ele></rtept><rtept lat="57.54652" lon="12.47844"><ele>40.0</ele></rtept><rtept lat="57.54654" lon="12.478437"><ele>39.6</ele></rtept><rtept lat="57.546572" lon="12.478438"><ele>39.8</ele></rtept><rtept lat="57.546592" lon="12.478427"><ele>40.0</ele></rtept><rtept lat="57.54661" lon="12.478413"><ele>39.8</ele></rtept><rtept lat="57.546642" lon="12.478402"><ele>40.0</ele></rtept><rtept lat="57.546668" lon="12.478388"><ele>39.8</ele></rtept><rtept lat="57.546687" lon="12.478378"><ele>40.0</ele></rtept><rtept lat="57.546707" lon="12.478368"><ele>40.2</ele></rtept><rtept lat="57.546732" lon="12.478368"><ele>40.0</ele></rtept><rtept lat="57.546752" lon="12.478372"><ele>40.4</ele></rtept><rtept lat="57.54677" lon="12.478367"><ele>40.6</ele></rtept><rtept lat="57.546797" lon="12.478355"><ele>40.8</ele></rtept><rtept lat="57.546828" lon="12.478355"><ele>41.0</ele></rtept><rtept lat="57.546847" lon="12.478353"><ele>41.4</ele></rtept><rtept lat="57.546873" lon="12.478335"><ele>41.6</ele></rtept><rtept lat="57.546912" lon="12.478302"><ele>42.0</ele></rtept><rtept lat="57.54693" lon="12.47829"><ele>42.4</ele></rtept><rtept lat="57.546957" lon="12.478248"><ele>42.6</ele></rtept><rtept lat="57.546982" lon="12.478218"><ele>42.8</ele></rtept><rtept lat="57.546995" lon="12.47819"><ele>43.2</ele></rtept><rtept lat="57.547007" lon="12.47816"><ele>43.6</ele></rtept><rtept lat="57.54702" lon="12.478137"><ele>43.6</ele></rtept><rtept lat="57.54704" lon="12.478095"><ele>44.2</ele></rtept><rtept lat="57.547052" lon="12.47807"><ele>44.2</ele></rtept><rtept lat="57.547065" lon="12.478045"><ele>44.4</ele></rtept><rtept lat="57.547097" lon="12.478"><ele>44.6</ele></rtept><rtept lat="57.547117" lon="12.47797"><ele>45.0</ele></rtept><rtept lat="57.547135" lon="12.47795"><ele>45.0</ele></rtept><rtept lat="57.54716" lon="12.477912"><ele>45.6</ele></rtept><rtept lat="57.54718" lon="12.477872"><ele>46.0</ele></rtept><rtept lat="57.5472" lon="12.477832"><ele>46.4</ele></rtept><rtept lat="57.547218" lon="12.477813"><ele>46.6</ele></rtept><rtept lat="57.547238" lon="12.477777"><ele>47.0</ele></rtept><rtept lat="57.547257" lon="12.47776"><ele>47.2</ele></rtept><rtept lat="57.547277" lon="12.47772"><ele>47.4</ele></rtept><rtept lat="57.547288" lon="12.477693"><ele>47.4</ele></rtept><rtept lat="57.547308" lon="12.477662"><ele>47.4</ele></rtept><rtept lat="57.547333" lon="12.477603"><ele>47.8</ele></rtept><rtept lat="57.547365" lon="12.477548"><ele>48.2</ele></rtept><rtept lat="57.547392" lon="12.4775"><ele>48.4</ele></rtept><rtept lat="57.547403" lon="12.477477"><ele>48.6</ele></rtept><rtept lat="57.54743" lon="12.477437"><ele>48.8</ele></rtept><rtept lat="57.547448" lon="12.477417"><ele>49.0</ele></rtept><rtept lat="57.547475" lon="12.47737"><ele>49.2</ele></rtept><rtept lat="57.547493" lon="12.477325"><ele>49.6</ele></rtept><rtept lat="57.547513" lon="12.477302"><ele>49.6</ele></rtept><rtept lat="57.547532" lon="12.477265"><ele>50.0</ele></rtept><rtept lat="57.547558" lon="12.477238"><ele>50.4</ele></rtept><rtept lat="57.547577" lon="12.47721"><ele>50.6</ele></rtept><rtept lat="57.547597" lon="12.47718"><ele>50.8</ele></rtept><rtept lat="57.547615" lon="12.477153"><ele>51.2</ele></rtept><rtept lat="57.547635" lon="12.477127"><ele>51.4</ele></rtept><rtept lat="57.547653" lon="12.477108"><ele>51.8</ele></rtept><rtept lat="57.547673" lon="12.477102"><ele>52.0</ele></rtept><rtept lat="57.547698" lon="12.477087"><ele>52.4</ele></rtept><rtept lat="57.547723" lon="12.47708"><ele>52.6</ele></rtept><rtept lat="57.547743" lon="12.47708"><ele>52.8</ele></rtept><rtept lat="57.547768" lon="12.477083"><ele>53.2</ele></rtept><rtept lat="57.547788" lon="12.477083"><ele>53.4</ele></rtept><rtept lat="57.547813" lon="12.477087"><ele>53.8</ele></rtept><rtept lat="57.54784" lon="12.477098"><ele>54.2</ele></rtept><rtept lat="57.547865" lon="12.477117"><ele>54.4</ele></rtept><rtept lat="57.547883" lon="12.477127"><ele>54.6</ele></rtept><rtept lat="57.54791" lon="12.477137"><ele>54.8</ele></rtept><rtept lat="57.547942" lon="12.477132"><ele>55.0</ele></rtept><rtept lat="57.54796" lon="12.477103"><ele>55.2</ele></rtept><rtept lat="57.547987" lon="12.47708"><ele>55.4</ele></rtept><rtept lat="57.548005" lon="12.477067"><ele>55.6</ele></rtept><rtept lat="57.548018" lon="12.477033"><ele>56.0</ele></rtept><rtept lat="57.548038" lon="12.47698"><ele>56.4</ele></rtept><rtept lat="57.54805" lon="12.476942"><ele>56.8</ele></rtept><rtept lat="57.548082" lon="12.476918"><ele>57.0</ele></rtept><rtept lat="57.548102" lon="12.476878"><ele>57.2</ele></rtept><rtept lat="57.54812" lon="12.47683"><ele>57.4</ele></rtept><rtept lat="57.54814" lon="12.476795"><ele>57.6</ele></rtept><rtept lat="57.548153" lon="12.476763"><ele>58.0</ele></rtept><rtept lat="57.548165" lon="12.476737"><ele>58.0</ele></rtept><rtept lat="57.548172" lon="12.47669"><ele>57.8</ele></rtept><rtept lat="57.548185" lon="12.476655"><ele>58.0</ele></rtept><rtept lat="57.548198" lon="12.47662"><ele>58.2</ele></rtept><rtept lat="57.54821" lon="12.476587"><ele>58.0</ele></rtept><rtept lat="57.548223" lon="12.476558"><ele>58.0</ele></rtept><rtept lat="57.548248" lon="12.476498"><ele>58.0</ele></rtept><rtept lat="57.548262" lon="12.476467"><ele>58.0</ele></rtept><rtept lat="57.54828" lon="12.47644"><ele>58.2</ele></rtept><rtept lat="57.5483" lon="12.476413"><ele>58.0</ele></rtept><rtept lat="57.548325" lon="12.476377"><ele>58.2</ele></rtept><rtept lat="57.548345" lon="12.476348"><ele>58.0</ele></rtept><rtept lat="57.548358" lon="12.476318"><ele>57.8</ele></rtept><rtept lat="57.548377" lon="12.476287"><ele>58.2</ele></rtept><rtept lat="57.54839" lon="12.476262"><ele>58.4</ele></rtept><rtept lat="57.548408" lon="12.476235"><ele>58.4</ele></rtept><rtept lat="57.548422" lon="12.476208"><ele>58.6</ele></rtept><rtept lat="57.548447" lon="12.476175"><ele>58.2</ele></rtept><rtept lat="57.548473" lon="12.47614"><ele>58.6</ele></rtept><rtept lat="57.548492" lon="12.476128"><ele>58.6</ele></rtept><rtept lat="57.548512" lon="12.476113"><ele>58.8</ele></rtept><rtept lat="57.548543" lon="12.47608"><ele>58.8</ele></rtept><rtept lat="57.548562" lon="12.476037"><ele>59.2</ele></rtept><rtept lat="57.548582" lon="12.476028"><ele>59.2</ele></rtept><rtept lat="57.5486" lon="12.47603"><ele>59.6</ele></rtept><rtept lat="57.54862" lon="12.476035"><ele>59.8</ele></rtept><rtept lat="57.548645" lon="12.476033"><ele>60.2</ele></rtept><rtept lat="57.548665" lon="12.47603"><ele>60.4</ele></rtept><rtept lat="57.548683" lon="12.476017"><ele>60.8</ele></rtept><rtept lat="57.548703" lon="12.475997"><ele>61.0</ele></rtept><rtept lat="57.548722" lon="12.475985"><ele>61.2</ele></rtept><rtept lat="57.548742" lon="12.47598"><ele>61.4</ele></rtept><rtept lat="57.54876" lon="12.475977"><ele>61.8</ele></rtept><rtept lat="57.54878" lon="12.47597"><ele>62.0</ele></rtept><rtept lat="57.548805" lon="12.475952"><ele>62.6</ele></rtept><rtept lat="57.548838" lon="12.475932"><ele>63.0</ele></rtept><rtept lat="57.548857" lon="12.475912"><ele>63.4</ele></rtept><rtept lat="57.548882" lon="12.475887"><ele>63.8</ele></rtept><rtept lat="57.548902" lon="12.475877"><ele>64.0</ele></rtept><rtept lat="57.54892" lon="12.475862"><ele>64.0</ele></rtept><rtept lat="57.548947" lon="12.47586"><ele>64.2</ele></rtept><rtept lat="57.548965" lon="12.475855"><ele>64.6</ele></rtept><rtept lat="57.548998" lon="12.475825"><ele>64.8</ele></rtept><rtept lat="57.549017" lon="12.475812"><ele>65.0</ele></rtept><rtept lat="57.549042" lon="12.475792"><ele>65.2</ele></rtept><rtept lat="57.549062" lon="12.475785"><ele>65.2</ele></rtept><rtept lat="57.54908" lon="12.475762"><ele>65.4</ele></rtept><rtept lat="57.549113" lon="12.475737"><ele>65.6</ele></rtept><rtept lat="57.549132" lon="12.475722"><ele>65.8</ele></rtept><rtept lat="57.549158" lon="12.475722"><ele>65.8</ele></rtept><rtept lat="57.549183" lon="12.475718"><ele>66.2</ele></rtept><rtept lat="57.549202" lon="12.475702"><ele>66.4</ele></rtept><rtept lat="57.549222" lon="12.475687"><ele>66.4</ele></rtept><rtept lat="57.549247" lon="12.475657"><ele>66.8</ele></rtept><rtept lat="57.549273" lon="12.47564"><ele>67.4</ele></rtept><rtept lat="57.549292" lon="12.475627"><ele>67.6</ele></rtept><rtept lat="57.549312" lon="12.475595"><ele>68.0</ele></rtept><rtept lat="57.54933" lon="12.475562"><ele>68.4</ele></rtept><rtept lat="57.549357" lon="12.475533"><ele>68.6</ele></rtept><rtept lat="57.549375" lon="12.475502"><ele>68.8</ele></rtept><rtept lat="57.5494" lon="12.47546"><ele>69.0</ele></rtept><rtept lat="57.549413" lon="12.475435"><ele>69.2</ele></rtept><rtept lat="57.549433" lon="12.475413"><ele>69.4</ele></rtept><rtept lat="57.549465" lon="12.475377"><ele>69.6</ele></rtept><rtept lat="57.549483" lon="12.475363"><ele>70.0</ele></rtept><rtept lat="57.54951" lon="12.47535"><ele>70.2</ele></rtept><rtept lat="57.549528" lon="12.47535"><ele>70.4</ele></rtept><rtept lat="57.54956" lon="12.475333"><ele>70.8</ele></rtept><rtept lat="57.54958" lon="12.475328"><ele>71.0</ele></rtept><rtept lat="57.549612" lon="12.475337"><ele>71.2</ele></rtept><rtept lat="57.549638" lon="12.475353"><ele>71.6</ele></rtept><rtept lat="57.549657" lon="12.475353"><ele>71.8</ele></rtept><rtept lat="57.549682" lon="12.475363"><ele>72.0</ele></rtept><rtept lat="57.549715" lon="12.475377"><ele>72.6</ele></rtept><rtept lat="57.54974" lon="12.475397"><ele>72.8</ele></rtept><rtept lat="57.549772" lon="12.475393"><ele>73.2</ele></rtept><rtept lat="57.549792" lon="12.475393"><ele>73.2</ele></rtept><rtept lat="57.54981" lon="12.475397"><ele>73.4</ele></rtept><rtept lat="57.549837" lon="12.475395"><ele>73.8</ele></rtept><rtept lat="57.549855" lon="12.47539"><ele>74.0</ele></rtept><rtept lat="57.549875" lon="12.475393"><ele>74.4</ele></rtept><rtept lat="57.5499" lon="12.47539"><ele>74.6</ele></rtept><rtept lat="57.549925" lon="12.475408"><ele>74.8</ele></rtept><rtept lat="57.549952" lon="12.475395"><ele>75.2</ele></rtept><rtept lat="57.54997" lon="12.475357"><ele>75.0</ele></rtept><rtept lat="57.54999" lon="12.47534"><ele>75.0</ele></rtept><rtept lat="57.550015" lon="12.47532"><ele>75.2</ele></rtept><rtept lat="57.550047" lon="12.4753"><ele>75.6</ele></rtept><rtept lat="57.550073" lon="12.475263"><ele>75.8</ele></rtept><rtept lat="57.550098" lon="12.475242"><ele>76.0</ele></rtept><rtept lat="57.550123" lon="12.475237"><ele>76.4</ele></rtept><rtept lat="57.55015" lon="12.475238"><ele>76.6</ele></rtept><rtept lat="57.550175" lon="12.475235"><ele>77.0</ele></rtept><rtept lat="57.550195" lon="12.475232"><ele>77.4</ele></rtept><rtept lat="57.550213" lon="12.475218"><ele>77.6</ele></rtept><rtept lat="57.550245" lon="12.4752"><ele>77.8</ele></rtept><rtept lat="57.550272" lon="12.475187"><ele>78.0</ele></rtept><rtept lat="57.550297" lon="12.475172"><ele>78.0</ele></rtept><rtept lat="57.550322" lon="12.475167"><ele>78.0</ele></rtept><rtept lat="57.550348" lon="12.475147"><ele>78.2</ele></rtept><rtept lat="57.550373" lon="12.47513"><ele>78.6</ele></rtept><rtept lat="57.5504" lon="12.475112"><ele>79.0</ele></rtept><rtept lat="57.550432" lon="12.475118"><ele>79.4</ele></rtept><rtept lat="57.55045" lon="12.475118"><ele>79.8</ele></rtept><rtept lat="57.550477" lon="12.475125"><ele>79.8</ele></rtept><rtept lat="57.550508" lon="12.475138"><ele>79.4</ele></rtept><rtept lat="57.550533" lon="12.475137"><ele>79.4</ele></rtept><rtept lat="57.550553" lon="12.47514"><ele>79.2</ele></rtept><rtept lat="57.550585" lon="12.47513"><ele>79.4</ele></rtept><rtept lat="57.550603" lon="12.475127"><ele>79.4</ele></rtept><rtept lat="57.550623" lon="12.475127"><ele>79.2</ele></rtept><rtept lat="57.550642" lon="12.475132"><ele>79.4</ele></rtept><rtept lat="57.550662" lon="12.47514"><ele>79.6</ele></rtept><rtept lat="57.550687" lon="12.475152"><ele>79.4</ele></rtept><rtept lat="57.550707" lon="12.475157"><ele>79.6</ele></rtept><rtept lat="57.550732" lon="12.475165"><ele>79.4</ele></rtept><rtept lat="57.550758" lon="12.475165"><ele>79.4</ele></rtept><rtept lat="57.550777" lon="12.47516"><ele>79.6</ele></rtept><rtept lat="57.550808" lon="12.475145"><ele>79.4</ele></rtept><rtept lat="57.550835" lon="12.475135"><ele>79.4</ele></rtept><rtept lat="57.55086" lon="12.47512"><ele>79.2</ele></rtept><rtept lat="57.550885" lon="12.475112"><ele>79.2</ele></rtept><rtept lat="57.550912" lon="12.475105"><ele>79.2</ele></rtept><rtept lat="57.55093" lon="12.475092"><ele>79.0</ele></rtept><rtept lat="57.550957" lon="12.475078"><ele>79.0</ele></rtept><rtept lat="57.550975" lon="12.475072"><ele>79.0</ele></rtept><rtept lat="57.551" lon="12.475065"><ele>78.8</ele></rtept><rtept lat="57.55102" lon="12.475058"><ele>78.8</ele></rtept><rtept lat="57.55104" lon="12.475042"><ele>78.8</ele></rtept><rtept lat="57.551058" lon="12.475037"><ele>78.8</ele></rtept><rtept lat="57.551097" lon="12.475017"><ele>79.0</ele></rtept><rtept lat="57.551122" lon="12.474997"><ele>78.6</ele></rtept><rtept lat="57.551142" lon="12.474983"><ele>78.8</ele></rtept><rtept lat="57.551167" lon="12.474957"><ele>78.6</ele></rtept><rtept lat="57.551193" lon="12.474943"><ele>79.0</ele></rtept><rtept lat="57.551225" lon="12.474933"><ele>78.8</ele></rtept><rtept lat="57.55125" lon="12.474928"><ele>78.8</ele></rtept><rtept lat="57.55127" lon="12.474922"><ele>78.6</ele></rtept><rtept lat="57.551302" lon="12.474912"><ele>78.8</ele></rtept><rtept lat="57.551333" lon="12.474897"><ele>78.8</ele></rtept><rtept lat="57.55136" lon="12.474882"><ele>79.0</ele></rtept><rtept lat="57.551385" lon="12.474873"><ele>79.4</ele></rtept><rtept lat="57.551403" lon="12.474873"><ele>79.2</ele></rtept><rtept lat="57.551423" lon="12.474868"><ele>79.4</ele></rtept><rtept lat="57.551442" lon="12.474842"><ele>79.6</ele></rtept><rtept lat="57.551455" lon="12.474795"><ele>80.0</ele></rtept><rtept lat="57.551487" lon="12.47476"><ele>80.0</ele></rtept><rtept lat="57.55152" lon="12.474728"><ele>80.4</ele></rtept><rtept lat="57.551538" lon="12.474705"><ele>80.4</ele></rtept><rtept lat="57.551558" lon="12.474683"><ele>80.6</ele></rtept><rtept lat="57.551583" lon="12.474648"><ele>80.8</ele></rtept><rtept lat="57.551602" lon="12.474625"><ele>81.2</ele></rtept><rtept lat="57.551622" lon="12.474608"><ele>81.4</ele></rtept><rtept lat="57.55164" lon="12.47459"><ele>81.2</ele></rtept><rtept lat="57.551667" lon="12.474572"><ele>81.4</ele></rtept><rtept lat="57.551685" lon="12.474562"><ele>81.6</ele></rtept><rtept lat="57.551705" lon="12.474552"><ele>81.6</ele></rtept><rtept lat="57.55173" lon="12.47454"><ele>81.8</ele></rtept><rtept lat="57.55175" lon="12.47453"><ele>81.8</ele></rtept><rtept lat="57.551768" lon="12.474515"><ele>82.0</ele></rtept><rtept lat="57.551788" lon="12.474497"><ele>82.2</ele></rtept><rtept lat="57.551813" lon="12.47448"><ele>82.0</ele></rtept><rtept lat="57.551845" lon="12.47444"><ele>82.2</ele></rtept><rtept lat="57.551865" lon="12.474418"><ele>82.2</ele></rtept><rtept lat="57.551883" lon="12.474398"><ele>82.2</ele></rtept><rtept lat="57.551903" lon="12.474385"><ele>82.4</ele></rtept><rtept lat="57.551935" lon="12.474365"><ele>82.2</ele></rtept><rtept lat="57.551955" lon="12.474357"><ele>82.0</ele></rtept><rtept lat="57.551973" lon="12.474342"><ele>82.2</ele></rtept><rtept lat="57.552012" lon="12.47432"><ele>81.8</ele></rtept><rtept lat="57.552032" lon="12.474308"><ele>81.8</ele></rtept><rtept lat="57.552057" lon="12.474303"><ele>81.8</ele></rtept><rtept lat="57.552082" lon="12.474307"><ele>81.6</ele></rtept><rtept lat="57.552102" lon="12.474307"><ele>81.8</ele></rtept><rtept lat="57.552127" lon="12.474307"><ele>81.8</ele></rtept><rtept lat="57.552147" lon="12.474292"><ele>81.6</ele></rtept><rtept lat="57.552172" lon="12.474268"><ele>81.6</ele></rtept><rtept lat="57.552198" lon="12.47426"><ele>81.6</ele></rtept><rtept lat="57.55223" lon="12.47426"><ele>81.4</ele></rtept><rtept lat="57.552248" lon="12.474248"><ele>81.6</ele></rtept><rtept lat="57.552268" lon="12.474238"><ele>81.6</ele></rtept><rtept lat="57.5523" lon="12.474203"><ele>81.4</ele></rtept><rtept lat="57.552325" lon="12.474195"><ele>81.6</ele></rtept><rtept lat="57.552352" lon="12.474187"><ele>81.2</ele></rtept><rtept lat="57.55237" lon="12.474172"><ele>81.2</ele></rtept><rtept lat="57.552397" lon="12.474155"><ele>81.2</ele></rtept><rtept lat="57.552422" lon="12.474142"><ele>81.0</ele></rtept><rtept lat="57.552453" lon="12.474118"><ele>80.6</ele></rtept><rtept lat="57.55248" lon="12.474098"><ele>80.6</ele></rtept><rtept lat="57.552498" lon="12.47408"><ele>80.2</ele></rtept><rtept lat="57.552523" lon="12.47407"><ele>80.4</ele></rtept><rtept lat="57.55255" lon="12.47406"><ele>80.4</ele></rtept><rtept lat="57.552568" lon="12.474055"><ele>80.0</ele></rtept><rtept lat="57.552595" lon="12.474055"><ele>80.2</ele></rtept><rtept lat="57.552627" lon="12.474023"><ele>80.0</ele></rtept><rtept lat="57.552645" lon="12.474015"><ele>80.2</ele></rtept><rtept lat="57.552683" lon="12.474008"><ele>79.8</ele></rtept><rtept lat="57.552728" lon="12.474003"><ele>80.2</ele></rtept><rtept lat="57.552748" lon="12.47399"><ele>79.8</ele></rtept><rtept lat="57.55278" lon="12.473983"><ele>80.0</ele></rtept><rtept lat="57.5528" lon="12.473963"><ele>80.0</ele></rtept><rtept lat="57.552818" lon="12.473948"><ele>79.8</ele></rtept><rtept lat="57.552832" lon="12.473923"><ele>80.0</ele></rtept><rtept lat="57.552857" lon="12.473885"><ele>80.0</ele></rtept><rtept lat="57.552877" lon="12.473872"><ele>80.2</ele></rtept><rtept lat="57.552895" lon="12.473857"><ele>80.4</ele></rtept><rtept lat="57.552915" lon="12.473842"><ele>80.2</ele></rtept><rtept lat="57.552947" lon="12.473812"><ele>80.6</ele></rtept><rtept lat="57.552965" lon="12.4738"><ele>80.2</ele></rtept><rtept lat="57.552998" lon="12.473772"><ele>80.6</ele></rtept><rtept lat="57.553023" lon="12.47376"><ele>80.4</ele></rtept><rtept lat="57.553048" lon="12.473742"><ele>80.4</ele></rtept><rtept lat="57.553068" lon="12.473725"><ele>80.8</ele></rtept><rtept lat="57.553093" lon="12.473718"><ele>80.8</ele></rtept><rtept lat="57.553113" lon="12.473712"><ele>81.0</ele></rtept><rtept lat="57.553132" lon="12.473698"><ele>81.2</ele></rtept><rtept lat="57.553152" lon="12.473687"><ele>81.0</ele></rtept><rtept lat="57.553177" lon="12.473665"><ele>81.4</ele></rtept><rtept lat="57.553197" lon="12.47364"><ele>81.4</ele></rtept><rtept lat="57.553222" lon="12.473623"><ele>81.2</ele></rtept><rtept lat="57.553247" lon="12.473602"><ele>81.6</ele></rtept><rtept lat="57.553267" lon="12.473587"><ele>81.6</ele></rtept><rtept lat="57.553285" lon="12.473567"><ele>82.0</ele></rtept><rtept lat="57.553305" lon="12.473558"><ele>82.2</ele></rtept><rtept lat="57.55333" lon="12.473527"><ele>82.6</ele></rtept><rtept lat="57.55335" lon="12.473517"><ele>82.6</ele></rtept><rtept lat="57.553368" lon="12.473507"><ele>82.8</ele></rtept><rtept lat="57.553388" lon="12.473503"><ele>83.0</ele></rtept><rtept lat="57.55342" lon="12.47348"><ele>83.2</ele></rtept><rtept lat="57.55344" lon="12.473467"><ele>83.4</ele></rtept><rtept lat="57.553458" lon="12.473455"><ele>83.2</ele></rtept><rtept lat="57.553483" lon="12.47344"><ele>83.6</ele></rtept><rtept lat="57.55351" lon="12.473435"><ele>83.6</ele></rtept><rtept lat="57.553542" lon="12.473422"><ele>83.4</ele></rtept><rtept lat="57.553573" lon="12.47341"><ele>83.6</ele></rtept><rtept lat="57.553605" lon="12.473403"><ele>83.8</ele></rtept><rtept lat="57.553625" lon="12.47339"><ele>83.4</ele></rtept><rtept lat="57.553643" lon="12.473375"><ele>83.6</ele></rtept><rtept lat="57.553663" lon="12.473358"><ele>83.6</ele></rtept><rtept lat="57.553682" lon="12.473345"><ele>83.4</ele></rtept><rtept lat="57.553702" lon="12.473338"><ele>83.4</ele></rtept><rtept lat="57.553727" lon="12.473335"><ele>83.6</ele></rtept><rtept lat="57.553747" lon="12.473315"><ele>83.4</ele></rtept><rtept lat="57.55374" lon="12.47328"><ele>83.6</ele></rtept><rtept lat="57.553727" lon="12.473217"><ele>84.0</ele></rtept><rtept lat="57.553715" lon="12.473188"><ele>83.8</ele></rtept><rtept lat="57.553702" lon="12.473125"><ele>83.8</ele></rtept><rtept lat="57.553702" lon="12.473085"><ele>83.8</ele></rtept><rtept lat="57.553708" lon="12.473047"><ele>83.6</ele></rtept><rtept lat="57.55372" lon="12.473018"><ele>83.6</ele></rtept><rtept lat="57.553733" lon="12.472973"><ele>83.4</ele></rtept><rtept lat="57.553765" lon="12.47294"><ele>83.6</ele></rtept><rtept lat="57.553792" lon="12.47292"><ele>83.6</ele></rtept><rtept lat="57.55381" lon="12.472893"><ele>83.8</ele></rtept><rtept lat="57.55383" lon="12.472877"><ele>83.6</ele></rtept><rtept lat="57.553855" lon="12.472862"><ele>83.4</ele></rtept><rtept lat="57.553887" lon="12.472833"><ele>83.6</ele></rtept><rtept lat="57.55392" lon="12.47282"><ele>83.2</ele></rtept><rtept lat="57.553938" lon="12.472807"><ele>82.8</ele></rtept><rtept lat="57.553963" lon="12.4728"><ele>82.8</ele></rtept><rtept lat="57.55399" lon="12.472787"><ele>82.6</ele></rtept><rtept lat="57.554008" lon="12.472767"><ele>82.4</ele></rtept><rtept lat="57.554028" lon="12.472743"><ele>82.6</ele></rtept><rtept lat="57.55406" lon="12.472705"><ele>82.2</ele></rtept><rtept lat="57.55408" lon="12.472683"><ele>82.2</ele></rtept><rtept lat="57.554105" lon="12.472635"><ele>82.0</ele></rtept><rtept lat="57.554123" lon="12.472605"><ele>82.4</ele></rtept><rtept lat="57.55415" lon="12.47255"><ele>82.4</ele></rtept><rtept lat="57.554162" lon="12.47252"><ele>82.6</ele></rtept><rtept lat="57.554168" lon="12.47248"><ele>82.2</ele></rtept><rtept lat="57.554182" lon="12.47245"><ele>82.4</ele></rtept><rtept lat="57.5542" lon="12.47242"><ele>82.6</ele></rtept><rtept lat="57.55422" lon="12.472378"><ele>82.4</ele></rtept><rtept lat="57.554227" lon="12.472342"><ele>82.6</ele></rtept><rtept lat="57.554245" lon="12.472292"><ele>82.6</ele></rtept><rtept lat="57.554258" lon="12.472265"><ele>82.8</ele></rtept><rtept lat="57.554272" lon="12.47224"><ele>83.0</ele></rtept><rtept lat="57.554297" lon="12.472177"><ele>83.4</ele></rtept><rtept lat="57.554303" lon="12.472132"><ele>83.8</ele></rtept><rtept lat="57.554322" lon="12.472082"><ele>83.6</ele></rtept><rtept lat="57.554328" lon="12.472042"><ele>83.6</ele></rtept><rtept lat="57.554348" lon="12.472005"><ele>83.6</ele></rtept><rtept lat="57.55436" lon="12.471965"><ele>83.4</ele></rtept><rtept lat="57.554373" lon="12.471935"><ele>83.6</ele></rtept><rtept lat="57.55438" lon="12.471878"><ele>83.4</ele></rtept><rtept lat="57.55438" lon="12.47184"><ele>83.6</ele></rtept><rtept lat="57.554387" lon="12.471805"><ele>83.6</ele></rtept><rtept lat="57.554387" lon="12.471747"><ele>83.2</ele></rtept><rtept lat="57.5544" lon="12.471687"><ele>83.0</ele></rtept><rtept lat="57.5544" lon="12.471632"><ele>82.8</ele></rtept><rtept lat="57.5544" lon="12.471573"><ele>82.2</ele></rtept><rtept lat="57.5544" lon="12.471513"><ele>81.6</ele></rtept><rtept lat="57.5544" lon="12.47148"><ele>81.0</ele></rtept><rtept lat="57.554405" lon="12.471413"><ele>80.4</ele></rtept><rtept lat="57.554412" lon="12.471373"><ele>80.2</ele></rtept><rtept lat="57.554412" lon="12.471335"><ele>80.2</ele></rtept><rtept lat="57.554405" lon="12.471302"><ele>80.0</ele></rtept><rtept lat="57.554418" lon="12.471253"><ele>79.8</ele></rtept><rtept lat="57.554425" lon="12.47122"><ele>80.0</ele></rtept><rtept lat="57.554438" lon="12.471183"><ele>80.4</ele></rtept><rtept lat="57.554438" lon="12.471135"><ele>80.8</ele></rtept><rtept lat="57.554438" lon="12.471092"><ele>81.2</ele></rtept><rtept lat="57.554438" lon="12.471057"><ele>81.4</ele></rtept><rtept lat="57.554443" lon="12.471"><ele>81.8</ele></rtept><rtept lat="57.554443" lon="12.470965"><ele>82.0</ele></rtept><rtept lat="57.554438" lon="12.470917"><ele>82.8</ele></rtept><rtept lat="57.554425" lon="12.470867"><ele>83.6</ele></rtept><rtept lat="57.554405" lon="12.470818"><ele>83.8</ele></rtept><rtept lat="57.5544" lon="12.470783"><ele>84.0</ele></rtept><rtept lat="57.554393" lon="12.470727"><ele>84.2</ele></rtept><rtept lat="57.55438" lon="12.4707"><ele>84.6</ele></rtept><rtept lat="57.554348" lon="12.47068"><ele>85.0</ele></rtept><rtept lat="57.554322" lon="12.470638"><ele>85.2</ele></rtept><rtept lat="57.554322" lon="12.470603"><ele>85.4</ele></rtept><rtept lat="57.554317" lon="12.47057"><ele>85.6</ele></rtept><rtept lat="57.554322" lon="12.470515"><ele>85.4</ele></rtept><rtept lat="57.554355" lon="12.47045"><ele>85.4</ele></rtept><rtept lat="57.55436" lon="12.470405"><ele>85.4</ele></rtept><rtept lat="57.554373" lon="12.470357"><ele>85.0</ele></rtept><rtept lat="57.554387" lon="12.47032"><ele>85.0</ele></rtept><rtept lat="57.554387" lon="12.470285"><ele>85.0</ele></rtept><rtept lat="57.554418" lon="12.470258"><ele>84.2</ele></rtept><rtept lat="57.554425" lon="12.470225"><ele>84.4</ele></rtept><rtept lat="57.554425" lon="12.470192"><ele>83.8</ele></rtept><rtept lat="57.554418" lon="12.470145"><ele>83.4</ele></rtept><rtept lat="57.5544" lon="12.470098"><ele>83.2</ele></rtept><rtept lat="57.5544" lon="12.470053"><ele>83.2</ele></rtept><rtept lat="57.554387" lon="12.470002"><ele>83.2</ele></rtept><rtept lat="57.554342" lon="12.47004"><ele>83.4</ele></rtept><rtept lat="57.554322" lon="12.470038"><ele>83.4</ele></rtept><rtept lat="57.554303" lon="12.469983"><ele>84.0</ele></rtept><rtept lat="57.554297" lon="12.469942"><ele>84.6</ele></rtept><rtept lat="57.55429" lon="12.469893"><ele>85.0</ele></rtept><rtept lat="57.554283" lon="12.469848"><ele>85.6</ele></rtept><rtept lat="57.554278" lon="12.469797"><ele>86.2</ele></rtept><rtept lat="57.554265" lon="12.469753"><ele>86.8</ele></rtept><rtept lat="57.554265" lon="12.469705"><ele>87.4</ele></rtept><rtept lat="57.554258" lon="12.46965"><ele>87.8</ele></rtept><rtept lat="57.554258" lon="12.469605"><ele>88.2</ele></rtept><rtept lat="57.554258" lon="12.469557"><ele>88.6</ele></rtept><rtept lat="57.554258" lon="12.4695"><ele>89.2</ele></rtept><rtept lat="57.554258" lon="12.469445"><ele>89.4</ele></rtept><rtept lat="57.554258" lon="12.469402"><ele>89.8</ele></rtept><rtept lat="57.554258" lon="12.46936"><ele>90.0</ele></rtept><rtept lat="57.554265" lon="12.4693"><ele>90.2</ele></rtept><rtept lat="57.554265" lon="12.469242"><ele>90.2</ele></rtept><rtept lat="57.554272" lon="12.46919"><ele>90.6</ele></rtept><rtept lat="57.554278" lon="12.469135"><ele>91.0</ele></rtept><rtept lat="57.554283" lon="12.469085"><ele>91.4</ele></rtept><rtept lat="57.554297" lon="12.469037"><ele>91.8</ele></rtept><rtept lat="57.554303" lon="12.46899"><ele>92.0</ele></rtept><rtept lat="57.554317" lon="12.468957"><ele>92.4</ele></rtept><rtept lat="57.554322" lon="12.46892"><ele>92.8</ele></rtept><rtept lat="57.554335" lon="12.468875"><ele>93.2</ele></rtept><rtept lat="57.554348" lon="12.468825"><ele>93.8</ele></rtept><rtept lat="57.554348" lon="12.468762"><ele>94.2</ele></rtept><rtept lat="57.55436" lon="12.468737"><ele>94.4</ele></rtept><rtept lat="57.554367" lon="12.468693"><ele>94.8</ele></rtept><rtept lat="57.55438" lon="12.468667"><ele>95.0</ele></rtept><rtept lat="57.554387" lon="12.468613"><ele>95.4</ele></rtept><rtept lat="57.554387" lon="12.468578"><ele>95.2</ele></rtept><rtept lat="57.554393" lon="12.468542"><ele>95.0</ele></rtept><rtept lat="57.5544" lon="12.468503"><ele>95.0</ele></rtept><rtept lat="57.554405" lon="12.468468"><ele>94.8</ele></rtept><rtept lat="57.554405" lon="12.468425"><ele>94.4</ele></rtept><rtept lat="57.554418" lon="12.46838"><ele>94.2</ele></rtept><rtept lat="57.554425" lon="12.468345"><ele>94.2</ele></rtept><rtept lat="57.554438" lon="12.46831"><ele>94.0</ele></rtept><rtept lat="57.55445" lon="12.468277"><ele>93.6</ele></rtept><rtept lat="57.554457" lon="12.46824"><ele>93.8</ele></rtept><rtept lat="57.55447" lon="12.4682"><ele>93.6</ele></rtept><rtept lat="57.554482" lon="12.468165"><ele>93.0</ele></rtept><rtept lat="57.554495" lon="12.468095"><ele>93.0</ele></rtept><rtept lat="57.554502" lon="12.468047"><ele>92.8</ele></rtept><rtept lat="57.554502" lon="12.468012"><ele>93.0</ele></rtept><rtept lat="57.554502" lon="12.467972"><ele>92.8</ele></rtept><rtept lat="57.554515" lon="12.467933"><ele>92.6</ele></rtept><rtept lat="57.55452" lon="12.467897"><ele>93.0</ele></rtept><rtept lat="57.554533" lon="12.467862"><ele>92.6</ele></rtept><rtept lat="57.55454" lon="12.467828"><ele>92.6</ele></rtept><rtept lat="57.554553" lon="12.467788"><ele>93.0</ele></rtept><rtept lat="57.55456" lon="12.467745"><ele>92.8</ele></rtept><rtept lat="57.554578" lon="12.467708"><ele>92.6</ele></rtept><rtept lat="57.554578" lon="12.467665"><ele>92.8</ele></rtept><rtept lat="57.554585" lon="12.467625"><ele>92.6</ele></rtept><rtept lat="57.554585" lon="12.467588"><ele>92.6</ele></rtept><rtept lat="57.554585" lon="12.467543"><ele>92.8</ele></rtept><rtept lat="57.554592" lon="12.467507"><ele>92.4</ele></rtept><rtept lat="57.554598" lon="12.46745"><ele>92.6</ele></rtept><rtept lat="57.554603" lon="12.467412"><ele>92.8</ele></rtept><rtept lat="57.554617" lon="12.467345"><ele>92.4</ele></rtept><rtept lat="57.554617" lon="12.467307"><ele>92.6</ele></rtept><rtept lat="57.554617" lon="12.467253"><ele>92.4</ele></rtept><rtept lat="57.554617" lon="12.467218"><ele>92.6</ele></rtept><rtept lat="57.554617" lon="12.467177"><ele>92.4</ele></rtept><rtept lat="57.554617" lon="12.467133"><ele>92.2</ele></rtept><rtept lat="57.554617" lon="12.467098"><ele>92.4</ele></rtept><rtept lat="57.554623" lon="12.467045"><ele>92.0</ele></rtept><rtept lat="57.554642" lon="12.466983"><ele>91.8</ele></rtept><rtept lat="57.554648" lon="12.46695"><ele>91.6</ele></rtept><rtept lat="57.554648" lon="12.466915"><ele>91.8</ele></rtept><rtept lat="57.554655" lon="12.46686"><ele>91.2</ele></rtept><rtept lat="57.554662" lon="12.466827"><ele>91.4</ele></rtept><rtept lat="57.554662" lon="12.466765"><ele>91.0</ele></rtept><rtept lat="57.554662" lon="12.466732"><ele>91.0</ele></rtept><rtept lat="57.554662" lon="12.46669"><ele>91.2</ele></rtept><rtept lat="57.554655" lon="12.466645"><ele>90.6</ele></rtept><rtept lat="57.554642" lon="12.4666"><ele>90.6</ele></rtept><rtept lat="57.554623" lon="12.466563"><ele>90.6</ele></rtept><rtept lat="57.554603" lon="12.466533"><ele>90.2</ele></rtept><rtept lat="57.554585" lon="12.466513"><ele>90.2</ele></rtept><rtept lat="57.554565" lon="12.466482"><ele>90.2</ele></rtept><rtept lat="57.554553" lon="12.466457"><ele>89.6</ele></rtept><rtept lat="57.55454" lon="12.466428"><ele>89.6</ele></rtept><rtept lat="57.55452" lon="12.466403"><ele>89.8</ele></rtept><rtept lat="57.554508" lon="12.466368"><ele>89.4</ele></rtept><rtept lat="57.554495" lon="12.46633"><ele>89.2</ele></rtept><rtept lat="57.554488" lon="12.466295"><ele>89.4</ele></rtept><rtept lat="57.554477" lon="12.466258"><ele>89.0</ele></rtept><rtept lat="57.55447" lon="12.466217"><ele>88.6</ele></rtept><rtept lat="57.554457" lon="12.46615"><ele>88.4</ele></rtept><rtept lat="57.55445" lon="12.466115"><ele>88.0</ele></rtept><rtept lat="57.554443" lon="12.466077"><ele>88.2</ele></rtept><rtept lat="57.554438" lon="12.466038"><ele>87.8</ele></rtept><rtept lat="57.554425" lon="12.465992"><ele>87.6</ele></rtept><rtept lat="57.554412" lon="12.46595"><ele>87.8</ele></rtept><rtept lat="57.5544" lon="12.465917"><ele>87.8</ele></rtept><rtept lat="57.554387" lon="12.465878"><ele>87.4</ele></rtept><rtept lat="57.55438" lon="12.46584"><ele>87.4</ele></rtept><rtept lat="57.554367" lon="12.4658"><ele>86.8</ele></rtept><rtept lat="57.554367" lon="12.465757"><ele>86.6</ele></rtept><rtept lat="57.55436" lon="12.465708"><ele>86.4</ele></rtept><rtept lat="57.55436" lon="12.46566"><ele>86.0</ele></rtept><rtept lat="57.554367" lon="12.46562"><ele>85.6</ele></rtept><rtept lat="57.554367" lon="12.465583"><ele>85.4</ele></rtept><rtept lat="57.554367" lon="12.465538"><ele>85.2</ele></rtept><rtept lat="57.554373" lon="12.465497"><ele>85.2</ele></rtept><rtept lat="57.55438" lon="12.46546"><ele>85.2</ele></rtept><rtept lat="57.55438" lon="12.465425"><ele>85.0</ele></rtept><rtept lat="57.554387" lon="12.465392"><ele>85.4</ele></rtept><rtept lat="57.5544" lon="12.465332"><ele>85.2</ele></rtept><rtept lat="57.554405" lon="12.465292"><ele>85.4</ele></rtept><rtept lat="57.554412" lon="12.465258"><ele>85.8</ele></rtept><rtept lat="57.554412" lon="12.465193"><ele>86.0</ele></rtept><rtept lat="57.554418" lon="12.465157"><ele>86.6</ele></rtept><rtept lat="57.554418" lon="12.465113"><ele>86.6</ele></rtept><rtept lat="57.554425" lon="12.465078"><ele>86.4</ele></rtept><rtept lat="57.554438" lon="12.465013"><ele>86.6</ele></rtept><rtept lat="57.554443" lon="12.464978"><ele>86.4</ele></rtept><rtept lat="57.554443" lon="12.46494"><ele>86.6</ele></rtept><rtept lat="57.55445" lon="12.4649"><ele>86.6</ele></rtept><rtept lat="57.554457" lon="12.464855"><ele>86.2</ele></rtept><rtept lat="57.554457" lon="12.46481"><ele>86.4</ele></rtept><rtept lat="57.554463" lon="12.46477"><ele>86.4</ele></rtept><rtept lat="57.554463" lon="12.464727"><ele>86.0</ele></rtept><rtept lat="57.55447" lon="12.464677"><ele>86.0</ele></rtept><rtept lat="57.554463" lon="12.464625"><ele>86.0</ele></rtept><rtept lat="57.554463" lon="12.464575"><ele>85.6</ele></rtept><rtept lat="57.554463" lon="12.464538"><ele>85.4</ele></rtept><rtept lat="57.55447" lon="12.4645"><ele>85.4</ele></rtept><rtept lat="57.55447" lon="12.464463"><ele>85.2</ele></rtept><rtept lat="57.554463" lon="12.464427"><ele>85.4</ele></rtept><rtept lat="57.554463" lon="12.464392"><ele>85.6</ele></rtept><rtept lat="57.554457" lon="12.464358"><ele>85.2</ele></rtept><rtept lat="57.554457" lon="12.464293"><ele>85.4</ele></rtept><rtept lat="57.554457" lon="12.464255"><ele>85.4</ele></rtept><rtept lat="57.554443" lon="12.46422"><ele>85.6</ele></rtept><rtept lat="57.554438" lon="12.464183"><ele>85.4</ele></rtept><rtept lat="57.554425" lon="12.464145"><ele>85.8</ele></rtept><rtept lat="57.554418" lon="12.46411"><ele>86.4</ele></rtept><rtept lat="57.554405" lon="12.46407"><ele>86.2</ele></rtept><rtept lat="57.5544" lon="12.464037"><ele>86.4</ele></rtept><rtept lat="57.554387" lon="12.464"><ele>86.2</ele></rtept><rtept lat="57.55438" lon="12.463967"><ele>86.0</ele></rtept><rtept lat="57.554373" lon="12.463932"><ele>86.4</ele></rtept><rtept lat="57.554367" lon="12.463895"><ele>86.2</ele></rtept><rtept lat="57.55436" lon="12.46386"><ele>86.2</ele></rtept><rtept lat="57.554348" lon="12.463797"><ele>86.2</ele></rtept><rtept lat="57.554342" lon="12.463762"><ele>86.6</ele></rtept><rtept lat="57.554328" lon="12.463727"><ele>86.8</ele></rtept><rtept lat="57.554322" lon="12.463668"><ele>87.4</ele></rtept><rtept lat="57.55431" lon="12.463607"><ele>87.4</ele></rtept><rtept lat="57.55429" lon="12.463542"><ele>87.8</ele></rtept><rtept lat="57.554272" lon="12.46348"><ele>88.4</ele></rtept><rtept lat="57.554265" lon="12.463443"><ele>88.4</ele></rtept><rtept lat="57.554258" lon="12.463408"><ele>88.4</ele></rtept><rtept lat="57.554245" lon="12.463375"><ele>88.8</ele></rtept><rtept lat="57.55424" lon="12.463337"><ele>88.6</ele></rtept><rtept lat="57.554227" lon="12.463298"><ele>88.6</ele></rtept><rtept lat="57.55422" lon="12.463262"><ele>88.8</ele></rtept><rtept lat="57.55422" lon="12.463225"><ele>88.8</ele></rtept><rtept lat="57.554213" lon="12.463192"><ele>88.6</ele></rtept><rtept lat="57.554207" lon="12.463153"><ele>88.6</ele></rtept><rtept lat="57.554188" lon="12.463093"><ele>88.4</ele></rtept><rtept lat="57.554182" lon="12.463057"><ele>88.2</ele></rtept><rtept lat="57.554182" lon="12.46302"><ele>88.2</ele></rtept><rtept lat="57.554168" lon="12.462953"><ele>87.8</ele></rtept><rtept lat="57.554162" lon="12.462882"><ele>87.0</ele></rtept><rtept lat="57.55415" lon="12.46284"><ele>86.8</ele></rtept><rtept lat="57.55415" lon="12.462803"><ele>86.6</ele></rtept><rtept lat="57.554143" lon="12.462763"><ele>86.0</ele></rtept><rtept lat="57.55413" lon="12.46272"><ele>85.8</ele></rtept><rtept lat="57.554123" lon="12.46268"><ele>85.6</ele></rtept><rtept lat="57.554112" lon="12.46264"><ele>85.0</ele></rtept><rtept lat="57.554098" lon="12.462605"><ele>84.8</ele></rtept><rtept lat="57.554085" lon="12.46257"><ele>84.6</ele></rtept><rtept lat="57.55408" lon="12.462532"><ele>84.2</ele></rtept><rtept lat="57.554067" lon="12.46247"><ele>83.8</ele></rtept><rtept lat="57.554053" lon="12.462438"><ele>84.0</ele></rtept><rtept lat="57.55404" lon="12.462373"><ele>84.2</ele></rtept><rtept lat="57.554028" lon="12.462307"><ele>84.4</ele></rtept><rtept lat="57.554022" lon="12.462263"><ele>84.2</ele></rtept><rtept lat="57.554022" lon="12.462227"><ele>84.4</ele></rtept><rtept lat="57.554022" lon="12.462188"><ele>84.4</ele></rtept><rtept lat="57.554015" lon="12.46214"><ele>84.2</ele></rtept><rtept lat="57.554015" lon="12.4621"><ele>84.4</ele></rtept><rtept lat="57.554015" lon="12.462063"><ele>84.2</ele></rtept><rtept lat="57.554022" lon="12.462023"><ele>84.0</ele></rtept><rtept lat="57.554028" lon="12.461977"><ele>84.0</ele></rtept><rtept lat="57.554035" lon="12.461932"><ele>84.0</ele></rtept><rtept lat="57.554047" lon="12.461898"><ele>83.4</ele></rtept><rtept lat="57.554047" lon="12.46186"><ele>83.2</ele></rtept><rtept lat="57.55406" lon="12.461825"><ele>83.0</ele></rtept><rtept lat="57.55406" lon="12.461785"><ele>82.6</ele></rtept><rtept lat="57.554067" lon="12.461738"><ele>82.6</ele></rtept><rtept lat="57.554067" lon="12.461693"><ele>82.4</ele></rtept><rtept lat="57.554073" lon="12.461653"><ele>82.0</ele></rtept><rtept lat="57.554085" lon="12.461618"><ele>82.2</ele></rtept><rtept lat="57.554092" lon="12.46158"><ele>82.0</ele></rtept><rtept lat="57.554098" lon="12.461543"><ele>81.6</ele></rtept><rtept lat="57.554112" lon="12.461508"><ele>81.8</ele></rtept><rtept lat="57.554123" lon="12.461468"><ele>81.6</ele></rtept><rtept lat="57.554137" lon="12.461435"><ele>81.4</ele></rtept><rtept lat="57.55415" lon="12.461365"><ele>81.2</ele></rtept><rtept lat="57.554168" lon="12.46131"><ele>81.6</ele></rtept><rtept lat="57.554182" lon="12.461285"><ele>81.4</ele></rtept><rtept lat="57.554195" lon="12.461255"><ele>81.8</ele></rtept><rtept lat="57.554213" lon="12.46124"><ele>82.0</ele></rtept><rtept lat="57.554233" lon="12.461227"><ele>82.0</ele></rtept><rtept lat="57.554252" lon="12.461187"><ele>82.2</ele></rtept><rtept lat="57.554265" lon="12.461138"><ele>82.8</ele></rtept><rtept lat="57.554283" lon="12.461117"><ele>82.8</ele></rtept><rtept lat="57.554303" lon="12.4611"><ele>83.4</ele></rtept><rtept lat="57.554328" lon="12.461092"><ele>83.6</ele></rtept><rtept lat="57.554348" lon="12.461078"><ele>83.8</ele></rtept><rtept lat="57.554367" lon="12.461052"><ele>84.4</ele></rtept><rtept lat="57.554387" lon="12.461027"><ele>84.4</ele></rtept><rtept lat="57.554405" lon="12.460987"><ele>85.0</ele></rtept><rtept lat="57.554418" lon="12.460962"><ele>85.2</ele></rtept><rtept lat="57.554443" lon="12.460922"><ele>85.8</ele></rtept><rtept lat="57.554457" lon="12.460898"><ele>86.0</ele></rtept><rtept lat="57.554477" lon="12.460857"><ele>86.6</ele></rtept><rtept lat="57.554495" lon="12.46084"><ele>86.6</ele></rtept><rtept lat="57.55452" lon="12.460807"><ele>87.0</ele></rtept><rtept lat="57.554547" lon="12.460787"><ele>87.2</ele></rtept><rtept lat="57.554578" lon="12.460758"><ele>87.2</ele></rtept><rtept lat="57.554598" lon="12.46071"><ele>87.2</ele></rtept><rtept lat="57.55461" lon="12.46068"><ele>87.2</ele></rtept><rtept lat="57.554637" lon="12.46062"><ele>87.2</ele></rtept><rtept lat="57.554655" lon="12.460597"><ele>87.2</ele></rtept><rtept lat="57.554687" lon="12.46059"><ele>86.6</ele></rtept><rtept lat="57.554713" lon="12.460563"><ele>86.8</ele></rtept><rtept lat="57.554732" lon="12.46054"><ele>86.6</ele></rtept><rtept lat="57.554763" lon="12.460505"><ele>86.2</ele></rtept><rtept lat="57.554783" lon="12.46048"><ele>86.2</ele></rtept><rtept lat="57.554802" lon="12.460457"><ele>85.8</ele></rtept><rtept lat="57.554822" lon="12.460417"><ele>85.4</ele></rtept><rtept lat="57.55484" lon="12.460375"><ele>85.4</ele></rtept><rtept lat="57.554847" lon="12.46034"><ele>85.4</ele></rtept><rtept lat="57.55486" lon="12.460305"><ele>85.0</ele></rtept><rtept lat="57.554873" lon="12.460267"><ele>84.8</ele></rtept><rtept lat="57.554892" lon="12.460223"><ele>84.4</ele></rtept><rtept lat="57.554905" lon="12.460162"><ele>84.2</ele></rtept><rtept lat="57.554918" lon="12.460128"><ele>84.2</ele></rtept><rtept lat="57.554923" lon="12.460088"><ele>83.8</ele></rtept><rtept lat="57.554923" lon="12.460045"><ele>83.8</ele></rtept><rtept lat="57.55493" lon="12.459983"><ele>83.8</ele></rtept><rtept lat="57.554923" lon="12.459933"><ele>83.4</ele></rtept><rtept lat="57.554912" lon="12.45988"><ele>83.4</ele></rtept><rtept lat="57.554898" lon="12.459843"><ele>83.2</ele></rtept><rtept lat="57.554892" lon="12.45981"><ele>83.0</ele></rtept><rtept lat="57.554878" lon="12.45978"><ele>83.4</ele></rtept><rtept lat="57.554867" lon="12.459732"><ele>83.4</ele></rtept><rtept lat="57.55486" lon="12.459695"><ele>83.2</ele></rtept><rtept lat="57.55484" lon="12.459652"><ele>83.4</ele></rtept><rtept lat="57.554828" lon="12.459617"><ele>83.2</ele></rtept><rtept lat="57.554815" lon="12.45958"><ele>83.0</ele></rtept><rtept lat="57.554797" lon="12.459528"><ele>82.8</ele></rtept><rtept lat="57.554783" lon="12.459492"><ele>82.4</ele></rtept><rtept lat="57.554763" lon="12.459455"><ele>82.4</ele></rtept><rtept lat="57.554752" lon="12.459428"><ele>82.6</ele></rtept><rtept lat="57.554725" lon="12.459387"><ele>82.2</ele></rtept><rtept lat="57.554707" lon="12.459362"><ele>82.0</ele></rtept><rtept lat="57.554687" lon="12.459342"><ele>82.0</ele></rtept><rtept lat="57.554668" lon="12.459318"><ele>81.8</ele></rtept><rtept lat="57.554655" lon="12.459283"><ele>82.0</ele></rtept><rtept lat="57.554637" lon="12.45926"><ele>82.2</ele></rtept><rtept lat="57.554623" lon="12.459235"><ele>81.8</ele></rtept><rtept lat="57.554617" lon="12.459197"><ele>82.4</ele></rtept><rtept lat="57.554598" lon="12.459188"><ele>82.2</ele></rtept><rtept lat="57.554578" lon="12.459177"><ele>82.4</ele></rtept><rtept lat="57.554547" lon="12.459168"><ele>82.2</ele></rtept><rtept lat="57.554527" lon="12.459185"><ele>82.2</ele></rtept><rtept lat="57.554508" lon="12.45918"><ele>82.4</ele></rtept><rtept lat="57.554477" lon="12.45918"><ele>82.4</ele></rtept><rtept lat="57.554457" lon="12.45918"><ele>83.0</ele></rtept><rtept lat="57.554438" lon="12.459183"><ele>83.0</ele></rtept><rtept lat="57.554412" lon="12.459177"><ele>83.4</ele></rtept><rtept lat="57.554387" lon="12.459165"><ele>83.6</ele></rtept><rtept lat="57.55436" lon="12.45917"><ele>84.0</ele></rtept><rtept lat="57.554328" lon="12.459175"><ele>84.2</ele></rtept><rtept lat="57.55431" lon="12.459183"><ele>84.6</ele></rtept><rtept lat="57.55429" lon="12.459188"><ele>84.6</ele></rtept><rtept lat="57.554272" lon="12.459195"><ele>84.2</ele></rtept><rtept lat="57.554252" lon="12.459197"><ele>84.6</ele></rtept><rtept lat="57.554227" lon="12.4592"><ele>84.2</ele></rtept><rtept lat="57.554207" lon="12.4592"><ele>84.0</ele></rtept><rtept lat="57.554182" lon="12.459195"><ele>84.4</ele></rtept><rtept lat="57.55415" lon="12.459193"><ele>84.2</ele></rtept><rtept lat="57.554123" lon="12.459197"><ele>84.6</ele></rtept><rtept lat="57.554105" lon="12.459203"><ele>84.6</ele></rtept><rtept lat="57.55408" lon="12.459217"><ele>84.8</ele></rtept><rtept lat="57.554047" lon="12.45923"><ele>85.0</ele></rtept><rtept lat="57.554022" lon="12.45923"><ele>85.0</ele></rtept><rtept lat="57.553997" lon="12.45923"><ele>85.2</ele></rtept><rtept lat="57.55397" lon="12.45923"><ele>85.4</ele></rtept><rtept lat="57.553945" lon="12.459228"><ele>85.4</ele></rtept><rtept lat="57.55392" lon="12.459225"><ele>85.4</ele></rtept><rtept lat="57.553887" lon="12.459223"><ele>85.6</ele></rtept><rtept lat="57.553862" lon="12.45921"><ele>85.4</ele></rtept><rtept lat="57.553837" lon="12.45919"><ele>85.4</ele></rtept><rtept lat="57.55381" lon="12.45916"><ele>85.6</ele></rtept><rtept lat="57.553792" lon="12.459125"><ele>85.6</ele></rtept><rtept lat="57.553772" lon="12.459062"><ele>86.0</ele></rtept><rtept lat="57.553753" lon="12.459"><ele>86.0</ele></rtept><rtept lat="57.55374" lon="12.458972"><ele>86.2</ele></rtept><rtept lat="57.553715" lon="12.458945"><ele>86.0</ele></rtept><rtept lat="57.553682" lon="12.458912"><ele>86.2</ele></rtept><rtept lat="57.55365" lon="12.458878"><ele>86.2</ele></rtept><rtept lat="57.553618" lon="12.458853"><ele>86.4</ele></rtept><rtept lat="57.553593" lon="12.458847"><ele>86.4</ele></rtept><rtept lat="57.553567" lon="12.45884"><ele>86.4</ele></rtept><rtept lat="57.553548" lon="12.458807"><ele>86.8</ele></rtept><rtept lat="57.553522" lon="12.458752"><ele>86.8</ele></rtept><rtept lat="57.55351" lon="12.458708"><ele>86.8</ele></rtept><rtept lat="57.55349" lon="12.45867"><ele>87.0</ele></rtept><rtept lat="57.553478" lon="12.458613"><ele>87.4</ele></rtept><rtept lat="57.553465" lon="12.458585"><ele>87.4</ele></rtept><rtept lat="57.553452" lon="12.458548"><ele>87.8</ele></rtept><rtept lat="57.553427" lon="12.458505"><ele>88.2</ele></rtept><rtept lat="57.553407" lon="12.45846"><ele>88.2</ele></rtept><rtept lat="57.553395" lon="12.458435"><ele>88.4</ele></rtept><rtept lat="57.553382" lon="12.45841"><ele>88.6</ele></rtept><rtept lat="57.553368" lon="12.458382"><ele>88.6</ele></rtept><rtept lat="57.553357" lon="12.458357"><ele>88.4</ele></rtept><rtept lat="57.553343" lon="12.458305"><ele>88.6</ele></rtept><rtept lat="57.553318" lon="12.458277"><ele>88.6</ele></rtept><rtept lat="57.553292" lon="12.458277"><ele>88.8</ele></rtept><rtept lat="57.553267" lon="12.458265"><ele>88.8</ele></rtept><rtept lat="57.553247" lon="12.458278"><ele>88.8</ele></rtept><rtept lat="57.553228" lon="12.458287"><ele>88.6</ele></rtept><rtept lat="57.553208" lon="12.458292"><ele>88.6</ele></rtept><rtept lat="57.553177" lon="12.458297"><ele>88.8</ele></rtept><rtept lat="57.553145" lon="12.458307"><ele>88.6</ele></rtept><rtept lat="57.553125" lon="12.458325"><ele>89.0</ele></rtept><rtept lat="57.553107" lon="12.458327"><ele>89.0</ele></rtept><rtept lat="57.553087" lon="12.458327"><ele>89.2</ele></rtept><rtept lat="57.553068" lon="12.458332"><ele>89.2</ele></rtept><rtept lat="57.553048" lon="12.458337"><ele>89.2</ele></rtept><rtept lat="57.55303" lon="12.458325"><ele>90.2</ele></rtept><rtept lat="57.55301" lon="12.458312"><ele>90.0</ele></rtept><rtept lat="57.552985" lon="12.458317"><ele>90.0</ele></rtept><rtept lat="57.552947" lon="12.458325"><ele>90.4</ele></rtept><rtept lat="57.552927" lon="12.458332"><ele>90.2</ele></rtept><rtept lat="57.552895" lon="12.458347"><ele>90.6</ele></rtept><rtept lat="57.55287" lon="12.458345"><ele>90.6</ele></rtept><rtept lat="57.552838" lon="12.458342"><ele>90.8</ele></rtept><rtept lat="57.552818" lon="12.458337"><ele>90.6</ele></rtept><rtept lat="57.552793" lon="12.45832"><ele>91.2</ele></rtept><rtept lat="57.55276" lon="12.458282"><ele>91.4</ele></rtept><rtept lat="57.552748" lon="12.458257"><ele>91.6</ele></rtept><rtept lat="57.552728" lon="12.458227"><ele>91.8</ele></rtept><rtept lat="57.552697" lon="12.458187"><ele>91.6</ele></rtept><rtept lat="57.552678" lon="12.45814"><ele>92.0</ele></rtept><rtept lat="57.552665" lon="12.458078"><ele>92.0</ele></rtept><rtept lat="57.552652" lon="12.458027"><ele>92.2</ele></rtept><rtept lat="57.552645" lon="12.457967"><ele>92.0</ele></rtept><rtept lat="57.552633" lon="12.457902"><ele>92.4</ele></rtept><rtept lat="57.552613" lon="12.45785"><ele>92.4</ele></rtept><rtept lat="57.552595" lon="12.457798"><ele>92.8</ele></rtept><rtept lat="57.552575" lon="12.457775"><ele>92.8</ele></rtept><rtept lat="57.552557" lon="12.457763"><ele>93.4</ele></rtept><rtept lat="57.552537" lon="12.45776"><ele>93.2</ele></rtept><rtept lat="57.552512" lon="12.457757"><ele>93.4</ele></rtept><rtept lat="57.552492" lon="12.457735"><ele>93.4</ele></rtept><rtept lat="57.552473" lon="12.457707"><ele>93.6</ele></rtept><rtept lat="57.55246" lon="12.457665"><ele>93.4</ele></rtept><rtept lat="57.552467" lon="12.457627"><ele>93.6</ele></rtept><rtept lat="57.552453" lon="12.457597"><ele>93.6</ele></rtept><rtept lat="57.552435" lon="12.457585"><ele>93.8</ele></rtept><rtept lat="57.552415" lon="12.457552"><ele>94.0</ele></rtept><rtept lat="57.552402" lon="12.457507"><ele>94.0</ele></rtept><rtept lat="57.55239" lon="12.45748"><ele>94.2</ele></rtept><rtept lat="57.552377" lon="12.457457"><ele>94.2</ele></rtept><rtept lat="57.55237" lon="12.457413"><ele>94.2</ele></rtept><rtept lat="57.552352" lon="12.457378"><ele>94.2</ele></rtept><rtept lat="57.552332" lon="12.45736"><ele>94.0</ele></rtept><rtept lat="57.552313" lon="12.457322"><ele>94.2</ele></rtept><rtept lat="57.552293" lon="12.457288"><ele>94.2</ele></rtept><rtept lat="57.552293" lon="12.45724"><ele>94.0</ele></rtept><rtept lat="57.552268" lon="12.4572"><ele>94.0</ele></rtept><rtept lat="57.552255" lon="12.457175"><ele>94.2</ele></rtept><rtept lat="57.552237" lon="12.457143"><ele>94.0</ele></rtept><rtept lat="57.55221" lon="12.457125"><ele>94.0</ele></rtept><rtept lat="57.552185" lon="12.457097"><ele>94.2</ele></rtept><rtept lat="57.55216" lon="12.457073"><ele>94.2</ele></rtept><rtept lat="57.552133" lon="12.457037"><ele>94.2</ele></rtept><rtept lat="57.552108" lon="12.45699"><ele>94.0</ele></rtept><rtept lat="57.552088" lon="12.456938"><ele>94.2</ele></rtept><rtept lat="57.552077" lon="12.456902"><ele>94.4</ele></rtept><rtept lat="57.552043" lon="12.456865"><ele>94.6</ele></rtept><rtept lat="57.552025" lon="12.456847"><ele>94.8</ele></rtept><rtept lat="57.552005" lon="12.45683"><ele>94.8</ele></rtept><rtept lat="57.551987" lon="12.456818"><ele>95.0</ele></rtept><rtept lat="57.55196" lon="12.456807"><ele>95.0</ele></rtept><rtept lat="57.551942" lon="12.456793"><ele>94.8</ele></rtept><rtept lat="57.551922" lon="12.45678"><ele>94.8</ele></rtept><rtept lat="57.551903" lon="12.45678"><ele>94.8</ele></rtept><rtept lat="57.551878" lon="12.456777"><ele>94.6</ele></rtept><rtept lat="57.551858" lon="12.456763"><ele>94.4</ele></rtept><rtept lat="57.55184" lon="12.456747"><ele>94.6</ele></rtept><rtept lat="57.551807" lon="12.456712"><ele>94.0</ele></rtept><rtept lat="57.551782" lon="12.456712"><ele>94.2</ele></rtept><rtept lat="57.551762" lon="12.456708"><ele>94.0</ele></rtept><rtept lat="57.551743" lon="12.456708"><ele>94.2</ele></rtept><rtept lat="57.551723" lon="12.456708"><ele>94.2</ele></rtept><rtept lat="57.551705" lon="12.456712"><ele>94.0</ele></rtept><rtept lat="57.551685" lon="12.456712"><ele>94.2</ele></rtept><rtept lat="57.551653" lon="12.4567"><ele>94.0</ele></rtept><rtept lat="57.551635" lon="12.456693"><ele>93.8</ele></rtept><rtept lat="57.551602" lon="12.456683"><ele>93.6</ele></rtept><rtept lat="57.551577" lon="12.456673"><ele>93.2</ele></rtept><rtept lat="57.551558" lon="12.456667"><ele>93.2</ele></rtept><rtept lat="57.551532" lon="12.456653"><ele>93.0</ele></rtept><rtept lat="57.5515" lon="12.456642"><ele>93.0</ele></rtept><rtept lat="57.551468" lon="12.456627"><ele>92.2</ele></rtept><rtept lat="57.551448" lon="12.456617"><ele>92.2</ele></rtept><rtept lat="57.551423" lon="12.456598"><ele>91.8</ele></rtept><rtept lat="57.551392" lon="12.456582"><ele>91.8</ele></rtept><rtept lat="57.55136" lon="12.456573"><ele>91.4</ele></rtept><rtept lat="57.55134" lon="12.456568"><ele>91.4</ele></rtept><rtept lat="57.551302" lon="12.45656"><ele>91.0</ele></rtept><rtept lat="57.551282" lon="12.456553"><ele>91.0</ele></rtept><rtept lat="57.551263" lon="12.456542"><ele>91.0</ele></rtept><rtept lat="57.551243" lon="12.456528"><ele>90.6</ele></rtept><rtept lat="57.551225" lon="12.456518"><ele>90.6</ele></rtept><rtept lat="57.551205" lon="12.45651"><ele>90.6</ele></rtept><rtept lat="57.551187" lon="12.456508"><ele>90.4</ele></rtept><rtept lat="57.551167" lon="12.456505"><ele>90.0</ele></rtept><rtept lat="57.551148" lon="12.456522"><ele>90.2</ele></rtept><rtept lat="57.551122" lon="12.456535"><ele>90.0</ele></rtept><rtept lat="57.551103" lon="12.45655"><ele>90.0</ele></rtept><rtept lat="57.551078" lon="12.456548"><ele>90.2</ele></rtept><rtept lat="57.55104" lon="12.456538"><ele>89.8</ele></rtept><rtept lat="57.55102" lon="12.456542"><ele>90.0</ele></rtept><rtept lat="57.551" lon="12.456542"><ele>90.0</ele></rtept><rtept lat="57.550982" lon="12.45654"><ele>90.0</ele></rtept><rtept lat="57.550957" lon="12.456542"><ele>90.4</ele></rtept><rtept lat="57.550923" lon="12.456542"><ele>90.6</ele></rtept><rtept lat="57.550905" lon="12.456542"><ele>90.8</ele></rtept><rtept lat="57.550885" lon="12.45654"><ele>90.8</ele></rtept><rtept lat="57.550867" lon="12.456533"><ele>90.6</ele></rtept><rtept lat="57.550847" lon="12.456525"><ele>90.6</ele></rtept><rtept lat="57.550828" lon="12.456515"><ele>90.6</ele></rtept><rtept lat="57.550808" lon="12.4565"><ele>90.4</ele></rtept><rtept lat="57.550783" lon="12.456462"><ele>90.2</ele></rtept><rtept lat="57.550758" lon="12.456418"><ele>90.0</ele></rtept><rtept lat="57.550745" lon="12.456388"><ele>90.0</ele></rtept><rtept lat="57.550732" lon="12.456352"><ele>90.0</ele></rtept><rtept lat="57.55072" lon="12.456312"><ele>89.6</ele></rtept><rtept lat="57.550693" lon="12.456267"><ele>89.6</ele></rtept><rtept lat="57.550668" lon="12.45622"><ele>89.6</ele></rtept><rtept lat="57.550648" lon="12.45619"><ele>89.4</ele></rtept><rtept lat="57.550637" lon="12.456165"><ele>89.2</ele></rtept><rtept lat="57.550603" lon="12.456138"><ele>89.0</ele></rtept><rtept lat="57.550585" lon="12.456125"><ele>89.0</ele></rtept><rtept lat="57.550558" lon="12.45611"><ele>89.0</ele></rtept><rtept lat="57.55052" lon="12.45608"><ele>88.6</ele></rtept><rtept lat="57.550495" lon="12.456063"><ele>88.8</ele></rtept><rtept lat="57.55047" lon="12.456047"><ele>88.8</ele></rtept><rtept lat="57.550443" lon="12.456012"><ele>88.4</ele></rtept><rtept lat="57.550432" lon="12.455987"><ele>88.4</ele></rtept><rtept lat="57.550418" lon="12.455942"><ele>88.2</ele></rtept><rtept lat="57.550393" lon="12.455922"><ele>88.2</ele></rtept><rtept lat="57.550367" lon="12.455895"><ele>88.4</ele></rtept><rtept lat="57.550335" lon="12.455845"><ele>88.4</ele></rtept><rtept lat="57.550328" lon="12.455808"><ele>88.4</ele></rtept><rtept lat="57.55031" lon="12.455755"><ele>88.4</ele></rtept><rtept lat="57.550297" lon="12.45572"><ele>88.6</ele></rtept><rtept lat="57.550278" lon="12.455663"><ele>88.4</ele></rtept><rtept lat="57.550258" lon="12.45562"><ele>89.0</ele></rtept><rtept lat="57.550245" lon="12.455572"><ele>89.2</ele></rtept><rtept lat="57.550213" lon="12.45553"><ele>89.2</ele></rtept><rtept lat="57.5502" lon="12.455482"><ele>89.8</ele></rtept><rtept lat="57.550175" lon="12.455417"><ele>90.2</ele></rtept><rtept lat="57.550162" lon="12.45538"><ele>90.2</ele></rtept><rtept lat="57.55015" lon="12.455328"><ele>90.6</ele></rtept><rtept lat="57.550137" lon="12.455303"><ele>91.0</ele></rtept><rtept lat="57.550112" lon="12.455258"><ele>91.2</ele></rtept><rtept lat="57.550092" lon="12.455213"><ele>91.8</ele></rtept><rtept lat="57.55008" lon="12.45518"><ele>91.6</ele></rtept><rtept lat="57.550067" lon="12.455155"><ele>91.6</ele></rtept><rtept lat="57.55004" lon="12.455113"><ele>91.8</ele></rtept><rtept lat="57.550022" lon="12.455062"><ele>91.4</ele></rtept><rtept lat="57.550008" lon="12.455038"><ele>91.4</ele></rtept><rtept lat="57.549997" lon="12.455005"><ele>91.2</ele></rtept><rtept lat="57.54997" lon="12.454957"><ele>91.2</ele></rtept><rtept lat="57.549958" lon="12.454925"><ele>91.2</ele></rtept><rtept lat="57.549938" lon="12.45488"><ele>91.4</ele></rtept><rtept lat="57.549932" lon="12.454845"><ele>91.6</ele></rtept><rtept lat="57.549913" lon="12.454805"><ele>91.4</ele></rtept><rtept lat="57.5499" lon="12.454772"><ele>91.6</ele></rtept><rtept lat="57.54988" lon="12.454738"><ele>92.0</ele></rtept><rtept lat="57.549855" lon="12.454702"><ele>91.8</ele></rtept><rtept lat="57.549842" lon="12.454677"><ele>92.0</ele></rtept><rtept lat="57.54983" lon="12.45464"><ele>91.6</ele></rtept><rtept lat="57.54981" lon="12.454608"><ele>91.6</ele></rtept><rtept lat="57.549792" lon="12.454553"><ele>91.6</ele></rtept><rtept lat="57.549772" lon="12.454503"><ele>91.8</ele></rtept><rtept lat="57.54974" lon="12.454455"><ele>91.6</ele></rtept><rtept lat="57.549727" lon="12.454428"><ele>92.0</ele></rtept><rtept lat="57.549708" lon="12.454398"><ele>91.8</ele></rtept><rtept lat="57.549695" lon="12.454365"><ele>91.8</ele></rtept><rtept lat="57.549677" lon="12.454325"><ele>91.8</ele></rtept><rtept lat="57.54965" lon="12.454273"><ele>91.6</ele></rtept><rtept lat="57.549638" lon="12.45424"><ele>91.8</ele></rtept><rtept lat="57.549612" lon="12.45422"><ele>91.4</ele></rtept><rtept lat="57.549593" lon="12.454203"><ele>91.4</ele></rtept><rtept lat="57.54958" lon="12.454177"><ele>91.6</ele></rtept><rtept lat="57.549555" lon="12.454158"><ele>91.6</ele></rtept><rtept lat="57.549535" lon="12.45414"><ele>91.4</ele></rtept><rtept lat="57.549522" lon="12.454112"><ele>91.4</ele></rtept><rtept lat="57.549497" lon="12.454082"><ele>91.6</ele></rtept><rtept lat="57.549478" lon="12.454065"><ele>91.6</ele></rtept><rtept lat="57.549458" lon="12.454052"><ele>91.6</ele></rtept><rtept lat="57.549445" lon="12.454027"><ele>91.8</ele></rtept><rtept lat="57.54942" lon="12.454"><ele>91.8</ele></rtept><rtept lat="57.549395" lon="12.453962"><ele>92.2</ele></rtept><rtept lat="57.549375" lon="12.453953"><ele>92.2</ele></rtept><rtept lat="57.549343" lon="12.453927"><ele>92.2</ele></rtept><rtept lat="57.549318" lon="12.453893"><ele>92.2</ele></rtept><rtept lat="57.549292" lon="12.45388"><ele>92.2</ele></rtept><rtept lat="57.549273" lon="12.453868"><ele>92.4</ele></rtept><rtept lat="57.549247" lon="12.453853"><ele>92.2</ele></rtept><rtept lat="57.549228" lon="12.453827"><ele>92.2</ele></rtept><rtept lat="57.549215" lon="12.4538"><ele>92.4</ele></rtept><rtept lat="57.54919" lon="12.453762"><ele>92.0</ele></rtept><rtept lat="57.54917" lon="12.45374"><ele>92.0</ele></rtept><rtept lat="57.549145" lon="12.453718"><ele>92.0</ele></rtept><rtept lat="57.54912" lon="12.453702"><ele>91.8</ele></rtept><rtept lat="57.5491" lon="12.453695"><ele>91.8</ele></rtept><rtept lat="57.549075" lon="12.453683"><ele>91.8</ele></rtept><rtept lat="57.549055" lon="12.453662"><ele>91.6</ele></rtept><rtept lat="57.549037" lon="12.453637"><ele>91.4</ele></rtept><rtept lat="57.549003" lon="12.453593"><ele>91.4</ele></rtept><rtept lat="57.548978" lon="12.45356"><ele>91.2</ele></rtept><rtept lat="57.548953" lon="12.45352"><ele>91.2</ele></rtept><rtept lat="57.548933" lon="12.453503"><ele>91.0</ele></rtept><rtept lat="57.548902" lon="12.453472"><ele>91.2</ele></rtept><rtept lat="57.548882" lon="12.453452"><ele>91.0</ele></rtept><rtept lat="57.548863" lon="12.45343"><ele>91.0</ele></rtept><rtept lat="57.548843" lon="12.453407"><ele>91.0</ele></rtept><rtept lat="57.548825" lon="12.453392"><ele>90.6</ele></rtept><rtept lat="57.548805" lon="12.453378"><ele>90.6</ele></rtept><rtept lat="57.54878" lon="12.453372"><ele>90.8</ele></rtept><rtept lat="57.548742" lon="12.45335"><ele>90.4</ele></rtept><rtept lat="57.548717" lon="12.453325"><ele>90.4</ele></rtept><rtept lat="57.548683" lon="12.453267"><ele>90.0</ele></rtept><rtept lat="57.548672" lon="12.453233"><ele>89.8</ele></rtept><rtept lat="57.548652" lon="12.453193"><ele>89.8</ele></rtept><rtept lat="57.548633" lon="12.453148"><ele>89.6</ele></rtept><rtept lat="57.54862" lon="12.453103"><ele>89.2</ele></rtept><rtept lat="57.548613" lon="12.453067"><ele>89.2</ele></rtept><rtept lat="57.5486" lon="12.453038"><ele>89.0</ele></rtept><rtept lat="57.548582" lon="12.453008"><ele>88.8</ele></rtept><rtept lat="57.548568" lon="12.452982"><ele>88.8</ele></rtept><rtept lat="57.548557" lon="12.45295"><ele>88.6</ele></rtept><rtept lat="57.548543" lon="12.45291"><ele>88.2</ele></rtept><rtept lat="57.548537" lon="12.452873"><ele>88.2</ele></rtept><rtept lat="57.548523" lon="12.45284"><ele>88.2</ele></rtept><rtept lat="57.548512" lon="12.45281"><ele>87.8</ele></rtept><rtept lat="57.548498" lon="12.452785"><ele>87.8</ele></rtept><rtept lat="57.548485" lon="12.45276"><ele>87.8</ele></rtept><rtept lat="57.548467" lon="12.452712"><ele>87.0</ele></rtept><rtept lat="57.548447" lon="12.452657"><ele>86.6</ele></rtept><rtept lat="57.548428" lon="12.452622"><ele>86.2</ele></rtept><rtept lat="57.548408" lon="12.452607"><ele>85.8</ele></rtept><rtept lat="57.548383" lon="12.452563"><ele>85.2</ele></rtept><rtept lat="57.548363" lon="12.452538"><ele>84.6</ele></rtept><rtept lat="57.548338" lon="12.452497"><ele>84.2</ele></rtept><rtept lat="57.548313" lon="12.452483"><ele>83.8</ele></rtept><rtept lat="57.548287" lon="12.452473"><ele>83.8</ele></rtept><rtept lat="57.548268" lon="12.452468"><ele>83.8</ele></rtept><rtept lat="57.548255" lon="12.452423"><ele>83.8</ele></rtept><rtept lat="57.548248" lon="12.452392"><ele>84.2</ele></rtept><rtept lat="57.548242" lon="12.452335"><ele>84.4</ele></rtept><rtept lat="57.548237" lon="12.452298"><ele>84.6</ele></rtept><rtept lat="57.54823" lon="12.45224"><ele>85.2</ele></rtept><rtept lat="57.548223" lon="12.452198"><ele>85.8</ele></rtept><rtept lat="57.548203" lon="12.452175"><ele>86.2</ele></rtept><rtept lat="57.548178" lon="12.452153"><ele>86.8</ele></rtept><rtept lat="57.54816" lon="12.452143"><ele>87.0</ele></rtept><rtept lat="57.54814" lon="12.452103"><ele>87.8</ele></rtept><rtept lat="57.548127" lon="12.452075"><ele>88.0</ele></rtept><rtept lat="57.54812" lon="12.452042"><ele>88.0</ele></rtept><rtept lat="57.548108" lon="12.452012"><ele>88.4</ele></rtept><rtept lat="57.548095" lon="12.451987"><ele>88.6</ele></rtept><rtept lat="57.548063" lon="12.451938"><ele>88.6</ele></rtept><rtept lat="57.548032" lon="12.451912"><ele>88.8</ele></rtept><rtept lat="57.548012" lon="12.4519"><ele>89.2</ele></rtept><rtept lat="57.547987" lon="12.451882"><ele>89.6</ele></rtept><rtept lat="57.547967" lon="12.451867"><ele>90.0</ele></rtept><rtept lat="57.547948" lon="12.451867"><ele>90.0</ele></rtept><rtept lat="57.547928" lon="12.451873"><ele>90.0</ele></rtept><rtept lat="57.54791" lon="12.451873"><ele>90.2</ele></rtept><rtept lat="57.547883" lon="12.451898"><ele>90.4</ele></rtept><rtept lat="57.547865" lon="12.451922"><ele>90.4</ele></rtept><rtept lat="57.54784" lon="12.451932"><ele>90.6</ele></rtept><rtept lat="57.54782" lon="12.451918"><ele>90.8</ele></rtept><rtept lat="57.547775" lon="12.451905"><ele>90.8</ele></rtept><rtept lat="57.547743" lon="12.451917"><ele>91.4</ele></rtept><rtept lat="57.547718" lon="12.451912"><ele>91.8</ele></rtept><rtept lat="57.547685" lon="12.451888"><ele>92.0</ele></rtept><rtept lat="57.54766" lon="12.45188"><ele>92.6</ele></rtept><rtept lat="57.547635" lon="12.451925"><ele>93.0</ele></rtept><rtept lat="57.547622" lon="12.451958"><ele>93.0</ele></rtept><rtept lat="57.547602" lon="12.452005"><ele>92.8</ele></rtept><rtept lat="57.547583" lon="12.452035"><ele>92.8</ele></rtept><rtept lat="57.547563" lon="12.452072"><ele>92.4</ele></rtept><rtept lat="57.547532" lon="12.452115"><ele>92.0</ele></rtept><rtept lat="57.54752" lon="12.45214"><ele>91.8</ele></rtept><rtept lat="57.5475" lon="12.452163"><ele>91.8</ele></rtept><rtept lat="57.54748" lon="12.45219"><ele>91.4</ele></rtept><rtept lat="57.547468" lon="12.452217"><ele>91.4</ele></rtept><rtept lat="57.547455" lon="12.452243"><ele>91.6</ele></rtept><rtept lat="57.547417" lon="12.452268"><ele>91.0</ele></rtept><rtept lat="57.547398" lon="12.452275"><ele>91.0</ele></rtept><rtept lat="57.547378" lon="12.452275"><ele>90.8</ele></rtept><rtept lat="57.547353" lon="12.452275"><ele>90.2</ele></rtept><rtept lat="57.547327" lon="12.452265"><ele>90.0</ele></rtept><rtept lat="57.547308" lon="12.45226"><ele>89.4</ele></rtept><rtept lat="57.547288" lon="12.452257"><ele>89.0</ele></rtept><rtept lat="57.54727" lon="12.452248"><ele>89.2</ele></rtept><rtept lat="57.547238" lon="12.452248"><ele>88.8</ele></rtept><rtept lat="57.547218" lon="12.452263"><ele>88.4</ele></rtept><rtept lat="57.547193" lon="12.45227"><ele>88.4</ele></rtept><rtept lat="57.547167" lon="12.45227"><ele>88.0</ele></rtept><rtept lat="57.547135" lon="12.452268"><ele>88.0</ele></rtept><rtept lat="57.54711" lon="12.452265"><ele>88.2</ele></rtept><rtept lat="57.547078" lon="12.45226"><ele>87.8</ele></rtept><rtept lat="57.547058" lon="12.45224"><ele>87.8</ele></rtept><rtept lat="57.547033" lon="12.452217"><ele>87.6</ele></rtept><rtept lat="57.546995" lon="12.452218"><ele>87.8</ele></rtept><rtept lat="57.546962" lon="12.45222"><ele>87.6</ele></rtept><rtept lat="57.546937" lon="12.452223"><ele>87.4</ele></rtept><rtept lat="57.546912" lon="12.45222"><ele>87.6</ele></rtept><rtept lat="57.546892" lon="12.45222"><ele>87.4</ele></rtept><rtept lat="57.54686" lon="12.45222"><ele>87.2</ele></rtept><rtept lat="57.54684" lon="12.45222"><ele>87.4</ele></rtept><rtept lat="57.546822" lon="12.452225"><ele>87.2</ele></rtept><rtept lat="57.546797" lon="12.452235"><ele>87.6</ele></rtept><rtept lat="57.546777" lon="12.452255"><ele>87.4</ele></rtept><rtept lat="57.546758" lon="12.452275"><ele>87.6</ele></rtept><rtept lat="57.546738" lon="12.4523"><ele>87.8</ele></rtept><rtept lat="57.546713" lon="12.45233"><ele>87.6</ele></rtept><rtept lat="57.546675" lon="12.452358"><ele>87.6</ele></rtept><rtept lat="57.54663" lon="12.452375"><ele>87.6</ele></rtept><rtept lat="57.546598" lon="12.452392"><ele>87.2</ele></rtept><rtept lat="57.546565" lon="12.452412"><ele>87.0</ele></rtept><rtept lat="57.546533" lon="12.452438"><ele>86.6</ele></rtept><rtept lat="57.546515" lon="12.452458"><ele>86.8</ele></rtept><rtept lat="57.546495" lon="12.452473"><ele>86.8</ele></rtept><rtept lat="57.54645" lon="12.452492"><ele>86.6</ele></rtept><rtept lat="57.546438" lon="12.452527"><ele>86.8</ele></rtept><rtept lat="57.546412" lon="12.452543"><ele>86.8</ele></rtept><rtept lat="57.54638" lon="12.452537"><ele>87.2</ele></rtept><rtept lat="57.546355" lon="12.452552"><ele>87.2</ele></rtept><rtept lat="57.546335" lon="12.452522"><ele>87.8</ele></rtept><rtept lat="57.546317" lon="12.452513"><ele>87.8</ele></rtept><rtept lat="57.546283" lon="12.452528"><ele>88.2</ele></rtept><rtept lat="57.546258" lon="12.45254"><ele>88.8</ele></rtept><rtept lat="57.546238" lon="12.452553"><ele>88.8</ele></rtept><rtept lat="57.54622" lon="12.452563"><ele>89.0</ele></rtept><rtept lat="57.5462" lon="12.452573"><ele>89.2</ele></rtept><rtept lat="57.546182" lon="12.452592"><ele>89.2</ele></rtept><rtept lat="57.546143" lon="12.452638"><ele>89.4</ele></rtept><rtept lat="57.546123" lon="12.452645"><ele>89.6</ele></rtept><rtept lat="57.546092" lon="12.452645"><ele>89.8</ele></rtept><rtept lat="57.546067" lon="12.45264"><ele>89.4</ele></rtept><rtept lat="57.54604" lon="12.452647"><ele>89.6</ele></rtept><rtept lat="57.545997" lon="12.452652"><ele>89.8</ele></rtept><rtept lat="57.545963" lon="12.452665"><ele>89.6</ele></rtept><rtept lat="57.545938" lon="12.45268"><ele>89.6</ele></rtept><rtept lat="57.54592" lon="12.452682"><ele>89.4</ele></rtept><rtept lat="57.545893" lon="12.45266"><ele>89.6</ele></rtept><rtept lat="57.545868" lon="12.452647"><ele>89.2</ele></rtept><rtept lat="57.545842" lon="12.452652"><ele>89.0</ele></rtept><rtept lat="57.545823" lon="12.452658"><ele>89.0</ele></rtept><rtept lat="57.545803" lon="12.452658"><ele>89.2</ele></rtept><rtept lat="57.545785" lon="12.452652"><ele>89.0</ele></rtept><rtept lat="57.545765" lon="12.452645"><ele>89.0</ele></rtept><rtept lat="57.545747" lon="12.452638"><ele>89.0</ele></rtept><rtept lat="57.545727" lon="12.452637"><ele>88.6</ele></rtept><rtept lat="57.545702" lon="12.45263"><ele>88.8</ele></rtept><rtept lat="57.54567" lon="12.452637"><ele>88.6</ele></rtept><rtept lat="57.54565" lon="12.452665"><ele>88.6</ele></rtept><rtept lat="57.545618" lon="12.452698"><ele>88.6</ele></rtept><rtept lat="57.545593" lon="12.452697"><ele>88.0</ele></rtept><rtept lat="57.545567" lon="12.452705"><ele>87.8</ele></rtept><rtept lat="57.545542" lon="12.452745"><ele>87.6</ele></rtept><rtept lat="57.545522" lon="12.452775"><ele>87.4</ele></rtept><rtept lat="57.54549" lon="12.45279"><ele>87.6</ele></rtept><rtept lat="57.545465" lon="12.452805"><ele>87.4</ele></rtept><rtept lat="57.54542" lon="12.452848"><ele>87.4</ele></rtept><rtept lat="57.545382" lon="12.452877"><ele>87.4</ele></rtept><rtept lat="57.545343" lon="12.452903"><ele>87.2</ele></rtept><rtept lat="57.545305" lon="12.45293"><ele>87.2</ele></rtept><rtept lat="57.545267" lon="12.452948"><ele>87.4</ele></rtept><rtept lat="57.54524" lon="12.452975"><ele>87.2</ele></rtept><rtept lat="57.545215" lon="12.452988"><ele>87.6</ele></rtept><rtept lat="57.54517" lon="12.452983"><ele>87.6</ele></rtept><rtept lat="57.545132" lon="12.452975"><ele>87.6</ele></rtept><rtept lat="57.545107" lon="12.452968"><ele>87.8</ele></rtept><rtept lat="57.54508" lon="12.452948"><ele>87.8</ele></rtept><rtept lat="57.545048" lon="12.452917"><ele>87.8</ele></rtept><rtept lat="57.54503" lon="12.45289"><ele>87.8</ele></rtept><rtept lat="57.545023" lon="12.452857"><ele>87.4</ele></rtept><rtept lat="57.54501" lon="12.45283"><ele>87.4</ele></rtept><rtept lat="57.544998" lon="12.452797"><ele>87.2</ele></rtept><rtept lat="57.544985" lon="12.452757"><ele>87.2</ele></rtept><rtept lat="57.544972" lon="12.452715"><ele>87.4</ele></rtept><rtept lat="57.54496" lon="12.452685"><ele>87.4</ele></rtept><rtept lat="57.544947" lon="12.45266"><ele>87.0</ele></rtept><rtept lat="57.544927" lon="12.452635"><ele>87.0</ele></rtept><rtept lat="57.544908" lon="12.452598"><ele>86.8</ele></rtept><rtept lat="57.544895" lon="12.452572"><ele>86.8</ele></rtept><rtept lat="57.544882" lon="12.452517"><ele>86.8</ele></rtept><rtept lat="57.544877" lon="12.452482"><ele>86.4</ele></rtept><rtept lat="57.54487" lon="12.452423"><ele>86.2</ele></rtept><rtept lat="57.544843" lon="12.452395"><ele>85.6</ele></rtept><rtept lat="57.544825" lon="12.452382"><ele>85.4</ele></rtept><rtept lat="57.544805" lon="12.452378"><ele>85.0</ele></rtept><rtept lat="57.544787" lon="12.452368"><ele>84.0</ele></rtept><rtept lat="57.544767" lon="12.452358"><ele>84.0</ele></rtept><rtept lat="57.544748" lon="12.452342"><ele>83.6</ele></rtept><rtept lat="57.544728" lon="12.452328"><ele>83.2</ele></rtept><rtept lat="57.544697" lon="12.452295"><ele>83.0</ele></rtept><rtept lat="57.544678" lon="12.45227"><ele>82.6</ele></rtept><rtept lat="57.544645" lon="12.452243"><ele>82.2</ele></rtept><rtept lat="57.544627" lon="12.45224"><ele>81.8</ele></rtept><rtept lat="57.5446" lon="12.452248"><ele>81.4</ele></rtept><rtept lat="57.544575" lon="12.452243"><ele>81.2</ele></rtept><rtept lat="57.544557" lon="12.452235"><ele>81.0</ele></rtept><rtept lat="57.544537" lon="12.45222"><ele>80.6</ele></rtept><rtept lat="57.544518" lon="12.452203"><ele>80.2</ele></rtept><rtept lat="57.544492" lon="12.452183"><ele>80.2</ele></rtept><rtept lat="57.544467" lon="12.452165"><ele>79.2</ele></rtept><rtept lat="57.544447" lon="12.452157"><ele>78.6</ele></rtept><rtept lat="57.544428" lon="12.45216"><ele>78.2</ele></rtept><rtept lat="57.544408" lon="12.452168"><ele>78.2</ele></rtept><rtept lat="57.544377" lon="12.45217"><ele>77.6</ele></rtept><rtept lat="57.544352" lon="12.452163"><ele>77.4</ele></rtept><rtept lat="57.544325" lon="12.45216"><ele>77.0</ele></rtept><rtept lat="57.5443" lon="12.45216"><ele>77.0</ele></rtept><rtept lat="57.54428" lon="12.452183"><ele>76.2</ele></rtept><rtept lat="57.544248" lon="12.452203"><ele>76.2</ele></rtept><rtept lat="57.544223" lon="12.452217"><ele>75.6</ele></rtept><rtept lat="57.544192" lon="12.452235"><ele>75.2</ele></rtept><rtept lat="57.544172" lon="12.452273"><ele>75.0</ele></rtept><rtept lat="57.544153" lon="12.452288"><ele>74.8</ele></rtept><rtept lat="57.54412" lon="12.452295"><ele>74.8</ele></rtept><rtept lat="57.544088" lon="12.452298"><ele>74.6</ele></rtept><rtept lat="57.54407" lon="12.452303"><ele>74.4</ele></rtept><rtept lat="57.544038" lon="12.452328"><ele>74.2</ele></rtept><rtept lat="57.544" lon="12.452353"><ele>74.4</ele></rtept><rtept lat="57.543955" lon="12.45238"><ele>74.4</ele></rtept><rtept lat="57.54391" lon="12.452395"><ele>74.2</ele></rtept><rtept lat="57.543865" lon="12.45237"><ele>74.2</ele></rtept><rtept lat="57.54382" lon="12.45233"><ele>74.2</ele></rtept><rtept lat="57.543782" lon="12.452283"><ele>73.8</ele></rtept><rtept lat="57.543743" lon="12.45222"><ele>73.8</ele></rtept><rtept lat="57.543718" lon="12.452155"><ele>73.6</ele></rtept><rtept lat="57.543718" lon="12.45209"><ele>73.4</ele></rtept><rtept lat="57.543737" lon="12.452052"><ele>73.6</ele></rtept><rtept lat="57.543757" lon="12.45202"><ele>73.4</ele></rtept><rtept lat="57.543782" lon="12.451982"><ele>73.4</ele></rtept><rtept lat="57.543788" lon="12.45194"><ele>73.6</ele></rtept><rtept lat="57.5438" lon="12.451912"><ele>73.2</ele></rtept><rtept lat="57.543813" lon="12.451887"><ele>73.4</ele></rtept><rtept lat="57.543827" lon="12.451833"><ele>73.2</ele></rtept><rtept lat="57.54384" lon="12.451798"><ele>73.4</ele></rtept><rtept lat="57.543852" lon="12.451762"><ele>73.2</ele></rtept><rtept lat="57.543865" lon="12.451715"><ele>73.2</ele></rtept><rtept lat="57.543878" lon="12.451673"><ele>73.2</ele></rtept><rtept lat="57.543897" lon="12.451635"><ele>73.0</ele></rtept><rtept lat="57.543903" lon="12.451583"><ele>72.8</ele></rtept><rtept lat="57.543922" lon="12.45153"><ele>73.0</ele></rtept><rtept lat="57.543935" lon="12.451465"><ele>72.8</ele></rtept><rtept lat="57.543935" lon="12.451403"><ele>72.6</ele></rtept><rtept lat="57.543942" lon="12.45135"><ele>72.8</ele></rtept><rtept lat="57.543967" lon="12.451312"><ele>72.4</ele></rtept><rtept lat="57.54398" lon="12.451285"><ele>72.4</ele></rtept><rtept lat="57.544" lon="12.451252"><ele>72.6</ele></rtept><rtept lat="57.544012" lon="12.451217"><ele>72.4</ele></rtept><rtept lat="57.544012" lon="12.451173"><ele>72.6</ele></rtept><rtept lat="57.544018" lon="12.45114"><ele>72.8</ele></rtept><rtept lat="57.544032" lon="12.451107"><ele>72.6</ele></rtept><rtept lat="57.544038" lon="12.451073"><ele>72.8</ele></rtept><rtept lat="57.544043" lon="12.451037"><ele>73.2</ele></rtept><rtept lat="57.54405" lon="12.450982"><ele>73.0</ele></rtept><rtept lat="57.544057" lon="12.450928"><ele>73.2</ele></rtept><rtept lat="57.544063" lon="12.450865"><ele>73.2</ele></rtept><rtept lat="57.544077" lon="12.450825"><ele>73.0</ele></rtept><rtept lat="57.544095" lon="12.45078"><ele>73.2</ele></rtept><rtept lat="57.544102" lon="12.45074"><ele>73.2</ele></rtept><rtept lat="57.54414" lon="12.450753"><ele>73.2</ele></rtept><rtept lat="57.54416" lon="12.45065"><ele>73.4</ele></rtept><rtept lat="57.544178" lon="12.450607"><ele>73.2</ele></rtept><rtept lat="57.544192" lon="12.450557"><ele>73.4</ele></rtept><rtept lat="57.544192" lon="12.4505"><ele>73.4</ele></rtept><rtept lat="57.544185" lon="12.450442"><ele>73.4</ele></rtept><rtept lat="57.544185" lon="12.450383"><ele>73.6</ele></rtept><rtept lat="57.544198" lon="12.450322"><ele>73.6</ele></rtept><rtept lat="57.544223" lon="12.450278"><ele>73.4</ele></rtept><rtept lat="57.544275" lon="12.450255"><ele>73.6</ele></rtept><rtept lat="57.544313" lon="12.450263"><ele>73.6</ele></rtept><rtept lat="57.54432" lon="12.450228"><ele>73.4</ele></rtept><rtept lat="57.54432" lon="12.45018"><ele>73.6</ele></rtept><rtept lat="57.54432" lon="12.450145"><ele>73.6</ele></rtept><rtept lat="57.544332" lon="12.450117"><ele>74.0</ele></rtept><rtept lat="57.544352" lon="12.450083"><ele>74.2</ele></rtept><rtept lat="57.544383" lon="12.45006"><ele>74.2</ele></rtept><rtept lat="57.544408" lon="12.45004"><ele>74.4</ele></rtept><rtept lat="57.544415" lon="12.450005"><ele>74.6</ele></rtept><rtept lat="57.544428" lon="12.449972"><ele>74.4</ele></rtept><rtept lat="57.544447" lon="12.449952"><ele>74.8</ele></rtept><rtept lat="57.544467" lon="12.44993"><ele>74.8</ele></rtept><rtept lat="57.544492" lon="12.449882"><ele>75.2</ele></rtept><rtept lat="57.544512" lon="12.44983"><ele>75.6</ele></rtept><rtept lat="57.544523" lon="12.449805"><ele>75.6</ele></rtept><rtept lat="57.54455" lon="12.44976"><ele>75.8</ele></rtept><rtept lat="57.544557" lon="12.4497"><ele>76.2</ele></rtept><rtept lat="57.544557" lon="12.449647"><ele>76.4</ele></rtept><rtept lat="57.544557" lon="12.449607"><ele>76.4</ele></rtept><rtept lat="57.544562" lon="12.449562"><ele>76.6</ele></rtept><rtept lat="57.544575" lon="12.449513"><ele>76.8</ele></rtept><rtept lat="57.544613" lon="12.449498"><ele>76.6</ele></rtept><rtept lat="57.544627" lon="12.449448"><ele>76.8</ele></rtept><rtept lat="57.544652" lon="12.4494"><ele>77.2</ele></rtept><rtept lat="57.544678" lon="12.449357"><ele>77.0</ele></rtept><rtept lat="57.54469" lon="12.44931"><ele>77.2</ele></rtept><rtept lat="57.544717" lon="12.449292"><ele>77.2</ele></rtept><rtept lat="57.544748" lon="12.449283"><ele>77.2</ele></rtept><rtept lat="57.544767" lon="12.449252"><ele>77.4</ele></rtept><rtept lat="57.54476" lon="12.449217"><ele>77.4</ele></rtept><rtept lat="57.544748" lon="12.44918"><ele>77.6</ele></rtept><rtept lat="57.544722" lon="12.44915"><ele>77.6</ele></rtept><rtept lat="57.544703" lon="12.44914"><ele>77.6</ele></rtept><rtept lat="57.544722" lon="12.449152"><ele>77.4</ele></rtept><rtept lat="57.544748" lon="12.44916"><ele>77.4</ele></rtept><rtept lat="57.544773" lon="12.44916"><ele>77.0</ele></rtept><rtept lat="57.544787" lon="12.449185"><ele>77.0</ele></rtept><rtept lat="57.5448" lon="12.449217"><ele>77.0</ele></rtept><rtept lat="57.544832" lon="12.449257"><ele>77.0</ele></rtept><rtept lat="57.54485" lon="12.449262"><ele>77.0</ele></rtept><rtept lat="57.54487" lon="12.44926"><ele>76.8</ele></rtept><rtept lat="57.544888" lon="12.44926"><ele>77.0</ele></rtept><rtept lat="57.544915" lon="12.449277"><ele>77.0</ele></rtept><rtept lat="57.54494" lon="12.449297"><ele>76.8</ele></rtept><rtept lat="57.544972" lon="12.449315"><ele>77.2</ele></rtept><rtept lat="57.545003" lon="12.449323"><ele>77.2</ele></rtept><rtept lat="57.545023" lon="12.449323"><ele>77.0</ele></rtept><rtept lat="57.545042" lon="12.449312"><ele>77.4</ele></rtept><rtept lat="57.545062" lon="12.449303"><ele>77.4</ele></rtept><rtept lat="57.545087" lon="12.449297"><ele>77.4</ele></rtept><rtept lat="57.545113" lon="12.449295"><ele>77.6</ele></rtept><rtept lat="57.545138" lon="12.44929"><ele>77.8</ele></rtept><rtept lat="57.545158" lon="12.449283"><ele>78.2</ele></rtept><rtept lat="57.545183" lon="12.44928"><ele>78.4</ele></rtept><rtept lat="57.545202" lon="12.449283"><ele>78.8</ele></rtept><rtept lat="57.545222" lon="12.44929"><ele>79.0</ele></rtept><rtept lat="57.54524" lon="12.4493"><ele>79.2</ele></rtept><rtept lat="57.545273" lon="12.449297"><ele>79.6</ele></rtept><rtept lat="57.545298" lon="12.449292"><ele>79.6</ele></rtept><rtept lat="57.54533" lon="12.449277"><ele>80.0</ele></rtept><rtept lat="57.54535" lon="12.449267"><ele>80.2</ele></rtept><rtept lat="57.545368" lon="12.449255"><ele>80.2</ele></rtept><rtept lat="57.5454" lon="12.44923"><ele>80.6</ele></rtept><rtept lat="57.54542" lon="12.449222"><ele>81.0</ele></rtept><rtept lat="57.54544" lon="12.44922"><ele>81.2</ele></rtept><rtept lat="57.545465" lon="12.44922"><ele>81.4</ele></rtept><rtept lat="57.54549" lon="12.449192"><ele>81.6</ele></rtept><rtept lat="57.545522" lon="12.44916"><ele>82.0</ele></rtept><rtept lat="57.545542" lon="12.449152"><ele>82.0</ele></rtept><rtept lat="57.54558" lon="12.449137"><ele>82.6</ele></rtept><rtept lat="57.545605" lon="12.449127"><ele>82.8</ele></rtept><rtept lat="57.545625" lon="12.44911"><ele>83.0</ele></rtept><rtept lat="57.545643" lon="12.4491"><ele>83.2</ele></rtept><rtept lat="57.54567" lon="12.449087"><ele>83.4</ele></rtept><rtept lat="57.545688" lon="12.449053"><ele>83.8</ele></rtept><rtept lat="57.545702" lon="12.449027"><ele>84.0</ele></rtept><rtept lat="57.54572" lon="12.448973"><ele>84.2</ele></rtept><rtept lat="57.54574" lon="12.44894"><ele>84.4</ele></rtept><rtept lat="57.545753" lon="12.448913"><ele>84.4</ele></rtept><rtept lat="57.545772" lon="12.448892"><ele>84.6</ele></rtept><rtept lat="57.545785" lon="12.448848"><ele>84.8</ele></rtept><rtept lat="57.545792" lon="12.448815"><ele>85.0</ele></rtept><rtept lat="57.545798" lon="12.44876"><ele>85.2</ele></rtept><rtept lat="57.54581" lon="12.44871"><ele>85.6</ele></rtept><rtept lat="57.545778" lon="12.448708"><ele>85.6</ele></rtept><rtept lat="57.545798" lon="12.44867"><ele>85.8</ele></rtept><rtept lat="57.545803" lon="12.448637"><ele>85.8</ele></rtept><rtept lat="57.545823" lon="12.448625"><ele>86.0</ele></rtept><rtept lat="57.54583" lon="12.44858"><ele>86.0</ele></rtept><rtept lat="57.545848" lon="12.44854"><ele>86.0</ele></rtept><rtept lat="57.545875" lon="12.448507"><ele>85.8</ele></rtept><rtept lat="57.5459" lon="12.448498"><ele>85.4</ele></rtept><rtept lat="57.545925" lon="12.44848"><ele>84.6</ele></rtept><rtept lat="57.545945" lon="12.44846"><ele>84.4</ele></rtept><rtept lat="57.545963" lon="12.448432"><ele>84.0</ele></rtept><rtept lat="57.545983" lon="12.44841"><ele>83.6</ele></rtept><rtept lat="57.546002" lon="12.448382"><ele>83.0</ele></rtept><rtept lat="57.546022" lon="12.448365"><ele>82.4</ele></rtept><rtept lat="57.546053" lon="12.448333"><ele>81.8</ele></rtept><rtept lat="57.54608" lon="12.448313"><ele>81.4</ele></rtept><rtept lat="57.546098" lon="12.448252"><ele>80.6</ele></rtept><rtept lat="57.546118" lon="12.448213"><ele>80.8</ele></rtept><rtept lat="57.546123" lon="12.448142"><ele>79.8</ele></rtept><rtept lat="57.546137" lon="12.448108"><ele>80.0</ele></rtept><rtept lat="57.546157" lon="12.448078"><ele>79.4</ele></rtept><rtept lat="57.546182" lon="12.448055"><ele>79.2</ele></rtept><rtept lat="57.546207" lon="12.44801"><ele>79.0</ele></rtept><rtept lat="57.546227" lon="12.447988"><ele>78.6</ele></rtept><rtept lat="57.546245" lon="12.447953"><ele>78.6</ele></rtept><rtept lat="57.546258" lon="12.447928"><ele>78.4</ele></rtept><rtept lat="57.546278" lon="12.447897"><ele>78.0</ele></rtept><rtept lat="57.546303" lon="12.447855"><ele>77.8</ele></rtept><rtept lat="57.546322" lon="12.447785"><ele>77.2</ele></rtept><rtept lat="57.546342" lon="12.447752"><ele>77.2</ele></rtept><rtept lat="57.54636" lon="12.447725"><ele>77.0</ele></rtept><rtept lat="57.54638" lon="12.447698"><ele>76.6</ele></rtept><rtept lat="57.546393" lon="12.447627"><ele>76.4</ele></rtept><rtept lat="57.5464" lon="12.447588"><ele>76.0</ele></rtept><rtept lat="57.546418" lon="12.447547"><ele>75.6</ele></rtept><rtept lat="57.546425" lon="12.447513"><ele>75.8</ele></rtept><rtept lat="57.546443" lon="12.44748"><ele>75.4</ele></rtept><rtept lat="57.546463" lon="12.44745"><ele>75.4</ele></rtept><rtept lat="57.546477" lon="12.447418"><ele>75.4</ele></rtept><rtept lat="57.546482" lon="12.447383"><ele>75.0</ele></rtept><rtept lat="57.546495" lon="12.44732"><ele>75.2</ele></rtept><rtept lat="57.546508" lon="12.447283"><ele>75.0</ele></rtept><rtept lat="57.54652" lon="12.447228"><ele>75.0</ele></rtept><rtept lat="57.54652" lon="12.447183"><ele>75.0</ele></rtept><rtept lat="57.54652" lon="12.44714"><ele>74.8</ele></rtept><rtept lat="57.54654" lon="12.44711"><ele>74.6</ele></rtept><rtept lat="57.54656" lon="12.447072"><ele>74.6</ele></rtept><rtept lat="57.546572" lon="12.44704"><ele>74.4</ele></rtept><rtept lat="57.546578" lon="12.44696"><ele>74.4</ele></rtept><rtept lat="57.546585" lon="12.446913"><ele>74.2</ele></rtept><rtept lat="57.546598" lon="12.446877"><ele>74.2</ele></rtept><rtept lat="57.546617" lon="12.446808"><ele>74.0</ele></rtept><rtept lat="57.546637" lon="12.446747"><ele>74.6</ele></rtept><rtept lat="57.546637" lon="12.44671"><ele>74.6</ele></rtept><rtept lat="57.546648" lon="12.446662"><ele>74.8</ele></rtept><rtept lat="57.546662" lon="12.44663"><ele>74.6</ele></rtept><rtept lat="57.546662" lon="12.446588"><ele>74.8</ele></rtept><rtept lat="57.546648" lon="12.44656"><ele>74.8</ele></rtept><rtept lat="57.546637" lon="12.44651"><ele>74.6</ele></rtept><rtept lat="57.546623" lon="12.446455"><ele>74.4</ele></rtept><rtept lat="57.546603" lon="12.446417"><ele>74.6</ele></rtept><rtept lat="57.546578" lon="12.446378"><ele>74.4</ele></rtept><rtept lat="57.54656" lon="12.446352"><ele>74.6</ele></rtept><rtept lat="57.54654" lon="12.446318"><ele>74.6</ele></rtept><rtept lat="57.54652" lon="12.44629"><ele>74.4</ele></rtept><rtept lat="57.546502" lon="12.446273"><ele>74.6</ele></rtept><rtept lat="57.546482" lon="12.446268"><ele>75.0</ele></rtept><rtept lat="57.546463" lon="12.446258"><ele>75.2</ele></rtept><rtept lat="57.546443" lon="12.446238"><ele>75.6</ele></rtept><rtept lat="57.546425" lon="12.446207"><ele>76.2</ele></rtept><rtept lat="57.546405" lon="12.446192"><ele>76.4</ele></rtept><rtept lat="57.546373" lon="12.44616"><ele>77.0</ele></rtept><rtept lat="57.546355" lon="12.44614"><ele>77.4</ele></rtept><rtept lat="57.546342" lon="12.446113"><ele>78.0</ele></rtept><rtept lat="57.546322" lon="12.446108"><ele>78.4</ele></rtept><rtept lat="57.546303" lon="12.446093"><ele>79.0</ele></rtept><rtept lat="57.546283" lon="12.446088"><ele>79.4</ele></rtept><rtept lat="57.546265" lon="12.446072"><ele>79.8</ele></rtept><rtept lat="57.546245" lon="12.446035"><ele>80.8</ele></rtept><rtept lat="57.546227" lon="12.445995"><ele>81.4</ele></rtept><rtept lat="57.546213" lon="12.445968"><ele>81.6</ele></rtept><rtept lat="57.5462" lon="12.445943"><ele>82.0</ele></rtept><rtept lat="57.5462" lon="12.4459"><ele>82.6</ele></rtept><rtept lat="57.546188" lon="12.44583"><ele>83.0</ele></rtept><rtept lat="57.546195" lon="12.44578"><ele>82.8</ele></rtept><rtept lat="57.546182" lon="12.445745"><ele>82.8</ele></rtept><rtept lat="57.546188" lon="12.4457"><ele>82.8</ele></rtept><rtept lat="57.546182" lon="12.445637"><ele>83.0</ele></rtept><rtept lat="57.546175" lon="12.445587"><ele>83.0</ele></rtept><rtept lat="57.546188" lon="12.445543"><ele>83.6</ele></rtept><rtept lat="57.5462" lon="12.445498"><ele>83.8</ele></rtept><rtept lat="57.54622" lon="12.445453"><ele>84.4</ele></rtept><rtept lat="57.546245" lon="12.445427"><ele>84.8</ele></rtept><rtept lat="57.546265" lon="12.445417"><ele>85.0</ele></rtept><rtept lat="57.546297" lon="12.445398"><ele>85.2</ele></rtept><rtept lat="57.546317" lon="12.445393"><ele>85.4</ele></rtept><rtept lat="57.546342" lon="12.445375"><ele>85.6</ele></rtept><rtept lat="57.546367" lon="12.445367"><ele>85.4</ele></rtept><rtept lat="57.546387" lon="12.445362"><ele>85.4</ele></rtept><rtept lat="57.546425" lon="12.445353"><ele>85.6</ele></rtept><rtept lat="57.546443" lon="12.445342"><ele>85.4</ele></rtept><rtept lat="57.546477" lon="12.445335"><ele>85.8</ele></rtept><rtept lat="57.546502" lon="12.445338"><ele>85.6</ele></rtept><rtept lat="57.54652" lon="12.445342"><ele>85.8</ele></rtept><rtept lat="57.54654" lon="12.445338"><ele>86.0</ele></rtept><rtept lat="57.54656" lon="12.445342"><ele>86.0</ele></rtept><rtept lat="57.546585" lon="12.445338"><ele>86.0</ele></rtept><rtept lat="57.54661" lon="12.445335"><ele>86.2</ele></rtept><rtept lat="57.546637" lon="12.445328"><ele>86.2</ele></rtept><rtept lat="57.546655" lon="12.44529"><ele>86.0</ele></rtept><rtept lat="57.546655" lon="12.445235"><ele>86.0</ele></rtept><rtept lat="57.546642" lon="12.445205"><ele>85.8</ele></rtept><rtept lat="57.546637" lon="12.445145"><ele>85.6</ele></rtept><rtept lat="57.546623" lon="12.445117"><ele>85.6</ele></rtept><rtept lat="57.546603" lon="12.445077"><ele>85.8</ele></rtept><rtept lat="57.546592" lon="12.44504"><ele>85.4</ele></rtept><rtept lat="57.546572" lon="12.445017"><ele>85.6</ele></rtept><rtept lat="57.546553" lon="12.444972"><ele>85.8</ele></rtept><rtept lat="57.54654" lon="12.444945"><ele>86.0</ele></rtept><rtept lat="57.546527" lon="12.444905"><ele>86.2</ele></rtept><rtept lat="57.546527" lon="12.444862"><ele>86.4</ele></rtept><rtept lat="57.546533" lon="12.444827"><ele>86.4</ele></rtept><rtept lat="57.546533" lon="12.444793"><ele>86.6</ele></rtept><rtept lat="57.546547" lon="12.444728"><ele>86.8</ele></rtept><rtept lat="57.546553" lon="12.444687"><ele>86.8</ele></rtept><rtept lat="57.54656" lon="12.444643"><ele>87.0</ele></rtept><rtept lat="57.546572" lon="12.44459"><ele>87.2</ele></rtept><rtept lat="57.546585" lon="12.444562"><ele>86.8</ele></rtept><rtept lat="57.546598" lon="12.444535"><ele>87.0</ele></rtept><rtept lat="57.546603" lon="12.444468"><ele>86.6</ele></rtept><rtept lat="57.54661" lon="12.44443"><ele>86.6</ele></rtept><rtept lat="57.546603" lon="12.44438"><ele>86.6</ele></rtept><rtept lat="57.546603" lon="12.444325"><ele>86.2</ele></rtept><rtept lat="57.546603" lon="12.444285"><ele>86.0</ele></rtept><rtept lat="57.546603" lon="12.44424"><ele>86.2</ele></rtept><rtept lat="57.54661" lon="12.444198"><ele>86.0</ele></rtept><rtept lat="57.546617" lon="12.444162"><ele>85.8</ele></rtept><rtept lat="57.54661" lon="12.444093"><ele>86.0</ele></rtept><rtept lat="57.546603" lon="12.44406"><ele>85.6</ele></rtept><rtept lat="57.546592" lon="12.444022"><ele>85.6</ele></rtept><rtept lat="57.546578" lon="12.443983"><ele>85.6</ele></rtept><rtept lat="57.54656" lon="12.443947"><ele>85.2</ele></rtept><rtept lat="57.54654" lon="12.443915"><ele>85.6</ele></rtept><rtept lat="57.54652" lon="12.44388"><ele>85.6</ele></rtept><rtept lat="57.546508" lon="12.443845"><ele>85.2</ele></rtept><rtept lat="57.546488" lon="12.443813"><ele>85.4</ele></rtept><rtept lat="57.54647" lon="12.443778"><ele>85.4</ele></rtept><rtept lat="57.54645" lon="12.443737"><ele>85.2</ele></rtept><rtept lat="57.546438" lon="12.4437"><ele>85.2</ele></rtept><rtept lat="57.546425" lon="12.443675"><ele>85.4</ele></rtept><rtept lat="57.546412" lon="12.443645"><ele>85.0</ele></rtept><rtept lat="57.5464" lon="12.443612"><ele>85.0</ele></rtept><rtept lat="57.546387" lon="12.443572"><ele>84.6</ele></rtept><rtept lat="57.546373" lon="12.443527"><ele>85.0</ele></rtept><rtept lat="57.546348" lon="12.443478"><ele>84.8</ele></rtept><rtept lat="57.546317" lon="12.443412"><ele>84.6</ele></rtept><rtept lat="57.546303" lon="12.44338"><ele>85.0</ele></rtept><rtept lat="57.546283" lon="12.44334"><ele>85.2</ele></rtept><rtept lat="57.546272" lon="12.4433"><ele>85.0</ele></rtept><rtept lat="57.546258" lon="12.44326"><ele>85.2</ele></rtept><rtept lat="57.546252" lon="12.443222"><ele>85.2</ele></rtept><rtept lat="57.546238" lon="12.443188"><ele>85.0</ele></rtept><rtept lat="57.546227" lon="12.443138"><ele>84.8</ele></rtept><rtept lat="57.546213" lon="12.443105"><ele>84.6</ele></rtept><rtept lat="57.546195" lon="12.44307"><ele>84.2</ele></rtept><rtept lat="57.546182" lon="12.443028"><ele>84.6</ele></rtept><rtept lat="57.546162" lon="12.443003"><ele>84.2</ele></rtept><rtept lat="57.546143" lon="12.44297"><ele>83.6</ele></rtept><rtept lat="57.546123" lon="12.44294"><ele>83.6</ele></rtept><rtept lat="57.546105" lon="12.442905"><ele>83.6</ele></rtept><rtept lat="57.546085" lon="12.44288"><ele>83.2</ele></rtept><rtept lat="57.54606" lon="12.442838"><ele>83.4</ele></rtept><rtept lat="57.54604" lon="12.442812"><ele>83.0</ele></rtept><rtept lat="57.546028" lon="12.442778"><ele>82.8</ele></rtept><rtept lat="57.546015" lon="12.442752"><ele>82.8</ele></rtept><rtept lat="57.545997" lon="12.442727"><ele>82.4</ele></rtept><rtept lat="57.545983" lon="12.442693"><ele>81.8</ele></rtept><rtept lat="57.545997" lon="12.442657"><ele>81.6</ele></rtept><rtept lat="57.546002" lon="12.442622"><ele>81.4</ele></rtept><rtept lat="57.546002" lon="12.442575"><ele>80.8</ele></rtept><rtept lat="57.546015" lon="12.44253"><ele>80.4</ele></rtept><rtept lat="57.546028" lon="12.442483"><ele>80.4</ele></rtept><rtept lat="57.54604" lon="12.44245"><ele>79.8</ele></rtept><rtept lat="57.54606" lon="12.442425"><ele>79.4</ele></rtept><rtept lat="57.546067" lon="12.442393"><ele>79.4</ele></rtept><rtept lat="57.54608" lon="12.44236"><ele>79.0</ele></rtept><rtept lat="57.546092" lon="12.442335"><ele>78.8</ele></rtept><rtept lat="57.546118" lon="12.44228"><ele>78.4</ele></rtept><rtept lat="57.546123" lon="12.442242"><ele>78.2</ele></rtept><rtept lat="57.54613" lon="12.4422"><ele>78.2</ele></rtept><rtept lat="57.546137" lon="12.44215"><ele>78.0</ele></rtept><rtept lat="57.546143" lon="12.442097"><ele>78.0</ele></rtept><rtept lat="57.54615" lon="12.442062"><ele>78.2</ele></rtept><rtept lat="57.546157" lon="12.442027"><ele>78.0</ele></rtept><rtept lat="57.546175" lon="12.441967"><ele>77.8</ele></rtept><rtept lat="57.546182" lon="12.44192"><ele>77.8</ele></rtept><rtept lat="57.546188" lon="12.441873"><ele>77.6</ele></rtept><rtept lat="57.546175" lon="12.441842"><ele>77.6</ele></rtept><rtept lat="57.546157" lon="12.44182"><ele>77.4</ele></rtept><rtept lat="57.546137" lon="12.441803"><ele>77.6</ele></rtept><rtept lat="57.546118" lon="12.441795"><ele>78.0</ele></rtept><rtept lat="57.54608" lon="12.441768"><ele>77.6</ele></rtept><rtept lat="57.546047" lon="12.44176"><ele>77.2</ele></rtept><rtept lat="57.546028" lon="12.441745"><ele>77.2</ele></rtept><rtept lat="57.545997" lon="12.441723"><ele>77.0</ele></rtept><rtept lat="57.545977" lon="12.441715"><ele>76.8</ele></rtept><rtept lat="57.545958" lon="12.4417"><ele>77.0</ele></rtept><rtept lat="57.545938" lon="12.441697"><ele>77.0</ele></rtept><rtept lat="57.54592" lon="12.441695"><ele>76.6</ele></rtept><rtept lat="57.5459" lon="12.44169"><ele>76.6</ele></rtept><rtept lat="57.545868" lon="12.441677"><ele>76.4</ele></rtept><rtept lat="57.545848" lon="12.441663"><ele>76.2</ele></rtept><rtept lat="57.54583" lon="12.441648"><ele>76.4</ele></rtept><rtept lat="57.545803" lon="12.44163"><ele>76.0</ele></rtept><rtept lat="57.545778" lon="12.44161"><ele>75.6</ele></rtept><rtept lat="57.545753" lon="12.4416"><ele>75.8</ele></rtept><rtept lat="57.545727" lon="12.44159"><ele>76.0</ele></rtept><rtept lat="57.545708" lon="12.441565"><ele>75.6</ele></rtept><rtept lat="57.545688" lon="12.441532"><ele>75.4</ele></rtept><rtept lat="57.54567" lon="12.441512"><ele>75.4</ele></rtept><rtept lat="57.54565" lon="12.441487"><ele>75.0</ele></rtept><rtept lat="57.545632" lon="12.44147"><ele>74.6</ele></rtept><rtept lat="57.5456" lon="12.441432"><ele>74.4</ele></rtept><rtept lat="57.54558" lon="12.441407"><ele>74.0</ele></rtept><rtept lat="57.54556" lon="12.441392"><ele>74.2</ele></rtept><rtept lat="57.545528" lon="12.441357"><ele>73.8</ele></rtept><rtept lat="57.54551" lon="12.441337"><ele>73.8</ele></rtept><rtept lat="57.545497" lon="12.441307"><ele>74.0</ele></rtept><rtept lat="57.545478" lon="12.441287"><ele>73.4</ele></rtept><rtept lat="57.545458" lon="12.441263"><ele>73.0</ele></rtept><rtept lat="57.545445" lon="12.44124"><ele>73.2</ele></rtept><rtept lat="57.545427" lon="12.441217"><ele>72.6</ele></rtept><rtept lat="57.545407" lon="12.441193"><ele>72.2</ele></rtept><rtept lat="57.545388" lon="12.441178"><ele>72.4</ele></rtept><rtept lat="57.545357" lon="12.44114"><ele>72.0</ele></rtept><rtept lat="57.545337" lon="12.441113"><ele>71.8</ele></rtept><rtept lat="57.545318" lon="12.441083"><ele>71.8</ele></rtept><rtept lat="57.545298" lon="12.44105"><ele>71.8</ele></rtept><rtept lat="57.545273" lon="12.441022"><ele>71.4</ele></rtept><rtept lat="57.545253" lon="12.441003"><ele>71.4</ele></rtept><rtept lat="57.54524" lon="12.440977"><ele>71.4</ele></rtept><rtept lat="57.545222" lon="12.440948"><ele>71.0</ele></rtept><rtept lat="57.545202" lon="12.440915"><ele>70.6</ele></rtept><rtept lat="57.545183" lon="12.440877"><ele>70.6</ele></rtept><rtept lat="57.54517" lon="12.440845"><ele>70.6</ele></rtept><rtept lat="57.545158" lon="12.440815"><ele>70.2</ele></rtept><rtept lat="57.545145" lon="12.440785"><ele>70.0</ele></rtept><rtept lat="57.545125" lon="12.440758"><ele>70.0</ele></rtept><rtept lat="57.545107" lon="12.440725"><ele>69.4</ele></rtept><rtept lat="57.545087" lon="12.440698"><ele>69.0</ele></rtept><rtept lat="57.545075" lon="12.440665"><ele>69.2</ele></rtept><rtept lat="57.545048" lon="12.440613"><ele>68.4</ele></rtept><rtept lat="57.54503" lon="12.44058"><ele>68.2</ele></rtept><rtept lat="57.545003" lon="12.440537"><ele>67.4</ele></rtept><rtept lat="57.544985" lon="12.440503"><ele>67.2</ele></rtept><rtept lat="57.544965" lon="12.440462"><ele>67.2</ele></rtept><rtept lat="57.544953" lon="12.440428"><ele>67.0</ele></rtept><rtept lat="57.544933" lon="12.440402"><ele>66.4</ele></rtept><rtept lat="57.544915" lon="12.440355"><ele>66.2</ele></rtept><rtept lat="57.544895" lon="12.440322"><ele>65.8</ele></rtept><rtept lat="57.544882" lon="12.440295"><ele>65.4</ele></rtept><rtept lat="57.54487" lon="12.440265"><ele>65.4</ele></rtept><rtept lat="57.544857" lon="12.44024"><ele>64.8</ele></rtept><rtept lat="57.544832" lon="12.4402"><ele>64.2</ele></rtept><rtept lat="57.544812" lon="12.440165"><ele>63.8</ele></rtept><rtept lat="57.544793" lon="12.440125"><ele>63.4</ele></rtept><rtept lat="57.544773" lon="12.440092"><ele>63.2</ele></rtept><rtept lat="57.54476" lon="12.440065"><ele>63.2</ele></rtept><rtept lat="57.544748" lon="12.44004"><ele>62.8</ele></rtept><rtept lat="57.544722" lon="12.440005"><ele>62.8</ele></rtept><rtept lat="57.54471" lon="12.43998"><ele>62.4</ele></rtept><rtept lat="57.54469" lon="12.439947"><ele>62.4</ele></rtept><rtept lat="57.544678" lon="12.43992"><ele>62.4</ele></rtept><rtept lat="57.544665" lon="12.439887"><ele>62.0</ele></rtept><rtept lat="57.544645" lon="12.439862"><ele>62.0</ele></rtept><rtept lat="57.544627" lon="12.439837"><ele>62.0</ele></rtept><rtept lat="57.544613" lon="12.439803"><ele>61.6</ele></rtept><rtept lat="57.544595" lon="12.439772"><ele>61.4</ele></rtept><rtept lat="57.544582" lon="12.43974"><ele>61.4</ele></rtept><rtept lat="57.544557" lon="12.439707"><ele>61.0</ele></rtept><rtept lat="57.544537" lon="12.439675"><ele>61.0</ele></rtept><rtept lat="57.544523" lon="12.439642"><ele>61.0</ele></rtept><rtept lat="57.544512" lon="12.439603"><ele>60.8</ele></rtept><rtept lat="57.544498" lon="12.439578"><ele>60.8</ele></rtept><rtept lat="57.54448" lon="12.439543"><ele>60.8</ele></rtept><rtept lat="57.544467" lon="12.439517"><ele>60.4</ele></rtept><rtept lat="57.544447" lon="12.439485"><ele>60.4</ele></rtept><rtept lat="57.544435" lon="12.439455"><ele>60.4</ele></rtept><rtept lat="57.544415" lon="12.43942"><ele>60.0</ele></rtept><rtept lat="57.544397" lon="12.439392"><ele>60.2</ele></rtept><rtept lat="57.544383" lon="12.439365"><ele>60.2</ele></rtept><rtept lat="57.544358" lon="12.43933"><ele>60.0</ele></rtept><rtept lat="57.544338" lon="12.439305"><ele>60.2</ele></rtept><rtept lat="57.54432" lon="12.439273"><ele>60.0</ele></rtept><rtept lat="57.544307" lon="12.439247"><ele>60.0</ele></rtept><rtept lat="57.544293" lon="12.439212"><ele>60.0</ele></rtept><rtept lat="57.544275" lon="12.439177"><ele>59.8</ele></rtept><rtept lat="57.544268" lon="12.439143"><ele>60.0</ele></rtept><rtept lat="57.544248" lon="12.439103"><ele>59.8</ele></rtept><rtept lat="57.54423" lon="12.439067"><ele>59.6</ele></rtept><rtept lat="57.544223" lon="12.439028"><ele>59.8</ele></rtept><rtept lat="57.544217" lon="12.438982"><ele>59.6</ele></rtept><rtept lat="57.544223" lon="12.438935"><ele>59.6</ele></rtept><rtept lat="57.54423" lon="12.438893"><ele>59.8</ele></rtept><rtept lat="57.544242" lon="12.43885"><ele>59.6</ele></rtept><rtept lat="57.544255" lon="12.438805"><ele>59.8</ele></rtept><rtept lat="57.544268" lon="12.438763"><ele>60.0</ele></rtept><rtept lat="57.544275" lon="12.43872"><ele>59.8</ele></rtept><rtept lat="57.544287" lon="12.438678"><ele>60.2</ele></rtept><rtept lat="57.5443" lon="12.438638"><ele>60.2</ele></rtept><rtept lat="57.544313" lon="12.438607"><ele>60.2</ele></rtept><rtept lat="57.544325" lon="12.43856"><ele>60.4</ele></rtept><rtept lat="57.544338" lon="12.43852"><ele>60.6</ele></rtept><rtept lat="57.544352" lon="12.438487"><ele>60.6</ele></rtept><rtept lat="57.54437" lon="12.438448"><ele>60.8</ele></rtept><rtept lat="57.544383" lon="12.438422"><ele>61.0</ele></rtept><rtept lat="57.544397" lon="12.438378"><ele>61.2</ele></rtept><rtept lat="57.544377" lon="12.438333"><ele>61.2</ele></rtept><rtept lat="57.544358" lon="12.438275"><ele>61.8</ele></rtept><rtept lat="57.544352" lon="12.438242"><ele>61.8</ele></rtept><rtept lat="57.544352" lon="12.438193"><ele>62.4</ele></rtept><rtept lat="57.544345" lon="12.438145"><ele>62.6</ele></rtept><rtept lat="57.544332" lon="12.43808"><ele>62.6</ele></rtept><rtept lat="57.544325" lon="12.438045"><ele>63.0</ele></rtept><rtept lat="57.544313" lon="12.437998"><ele>63.0</ele></rtept><rtept lat="57.544313" lon="12.437962"><ele>63.4</ele></rtept><rtept lat="57.544313" lon="12.437912"><ele>64.0</ele></rtept><rtept lat="57.544307" lon="12.437867"><ele>64.4</ele></rtept><rtept lat="57.5443" lon="12.437827"><ele>65.0</ele></rtept><rtept lat="57.544287" lon="12.437777"><ele>65.4</ele></rtept><rtept lat="57.544255" lon="12.437752"><ele>65.6</ele></rtept><rtept lat="57.544237" lon="12.437727"><ele>66.4</ele></rtept><rtept lat="57.544217" lon="12.437717"><ele>66.4</ele></rtept><rtept lat="57.544192" lon="12.437702"><ele>67.2</ele></rtept><rtept lat="57.544172" lon="12.437687"><ele>67.6</ele></rtept><rtept lat="57.544153" lon="12.43768"><ele>68.0</ele></rtept><rtept lat="57.544127" lon="12.437667"><ele>68.4</ele></rtept><rtept lat="57.544095" lon="12.437635"><ele>69.0</ele></rtept><rtept lat="57.544077" lon="12.43762"><ele>69.0</ele></rtept><rtept lat="57.544057" lon="12.437588"><ele>69.0</ele></rtept><rtept lat="57.544038" lon="12.437568"><ele>69.2</ele></rtept><rtept lat="57.544012" lon="12.437542"><ele>69.2</ele></rtept><rtept lat="57.543993" lon="12.437525"><ele>69.2</ele></rtept><rtept lat="57.543973" lon="12.437508"><ele>69.4</ele></rtept><rtept lat="57.543955" lon="12.437493"><ele>69.4</ele></rtept><rtept lat="57.543935" lon="12.43747"><ele>69.2</ele></rtept><rtept lat="57.54391" lon="12.437453"><ele>69.2</ele></rtept><rtept lat="57.54389" lon="12.437437"><ele>69.0</ele></rtept><rtept lat="57.543872" lon="12.437428"><ele>69.0</ele></rtept><rtept lat="57.543852" lon="12.437415"><ele>69.0</ele></rtept><rtept lat="57.543827" lon="12.437397"><ele>68.8</ele></rtept><rtept lat="57.5438" lon="12.43738"><ele>68.8</ele></rtept><rtept lat="57.543782" lon="12.437372"><ele>68.8</ele></rtept><rtept lat="57.543757" lon="12.437357"><ele>68.6</ele></rtept><rtept lat="57.543737" lon="12.437345"><ele>68.4</ele></rtept><rtept lat="57.543712" lon="12.437337"><ele>68.2</ele></rtept><rtept lat="57.543692" lon="12.437337"><ele>68.2</ele></rtept><rtept lat="57.543667" lon="12.437337"><ele>68.0</ele></rtept><rtept lat="57.54364" lon="12.43734"><ele>68.0</ele></rtept><rtept lat="57.543615" lon="12.43735"><ele>67.8</ele></rtept><rtept lat="57.543597" lon="12.437357"><ele>67.8</ele></rtept><rtept lat="57.543563" lon="12.437357"><ele>67.2</ele></rtept><rtept lat="57.543545" lon="12.437352"><ele>67.0</ele></rtept><rtept lat="57.543525" lon="12.437345"><ele>66.8</ele></rtept><rtept lat="57.543507" lon="12.437342"><ele>66.6</ele></rtept><rtept lat="57.54348" lon="12.43734"><ele>66.2</ele></rtept><rtept lat="57.543462" lon="12.43734"><ele>66.0</ele></rtept><rtept lat="57.543442" lon="12.437335"><ele>66.0</ele></rtept><rtept lat="57.543423" lon="12.437323"><ele>65.6</ele></rtept><rtept lat="57.543403" lon="12.437315"><ele>65.8</ele></rtept><rtept lat="57.543385" lon="12.437305"><ele>65.6</ele></rtept><rtept lat="57.543365" lon="12.437295"><ele>65.4</ele></rtept><rtept lat="57.543347" lon="12.437285"><ele>65.2</ele></rtept><rtept lat="57.543315" lon="12.437272"><ele>65.2</ele></rtept><rtept lat="57.543295" lon="12.437267"><ele>65.0</ele></rtept><rtept lat="57.543277" lon="12.437267"><ele>65.2</ele></rtept><rtept lat="57.543243" lon="12.43727"><ele>65.0</ele></rtept><rtept lat="57.543218" lon="12.437297"><ele>65.0</ele></rtept><rtept lat="57.543187" lon="12.437322"><ele>64.8</ele></rtept><rtept lat="57.543167" lon="12.437335"><ele>64.2</ele></rtept><rtept lat="57.543148" lon="12.437323"><ele>64.2</ele></rtept><rtept lat="57.543122" lon="12.43732"><ele>63.6</ele></rtept><rtept lat="57.543103" lon="12.437315"><ele>63.4</ele></rtept><rtept lat="57.543083" lon="12.437297"><ele>63.0</ele></rtept><rtept lat="57.543072" lon="12.437272"><ele>63.0</ele></rtept><rtept lat="57.543058" lon="12.437235"><ele>62.8</ele></rtept><rtept lat="57.543045" lon="12.437198"><ele>62.4</ele></rtept><rtept lat="57.543033" lon="12.437165"><ele>62.2</ele></rtept><rtept lat="57.54302" lon="12.43712"><ele>62.4</ele></rtept><rtept lat="57.543013" lon="12.437083"><ele>62.0</ele></rtept><rtept lat="57.543007" lon="12.437042"><ele>61.8</ele></rtept><rtept lat="57.543" lon="12.43698"><ele>61.8</ele></rtept><rtept lat="57.542988" lon="12.436908"><ele>61.2</ele></rtept><rtept lat="57.542975" lon="12.436862"><ele>61.4</ele></rtept><rtept lat="57.542968" lon="12.436823"><ele>61.4</ele></rtept><rtept lat="57.542957" lon="12.43678"><ele>60.8</ele></rtept><rtept lat="57.54295" lon="12.43674"><ele>61.0</ele></rtept><rtept lat="57.542923" lon="12.436677"><ele>61.0</ele></rtept><rtept lat="57.542918" lon="12.43662"><ele>60.4</ele></rtept><rtept lat="57.542905" lon="12.436592"><ele>60.2</ele></rtept><rtept lat="57.542898" lon="12.436557"><ele>60.2</ele></rtept><rtept lat="57.542898" lon="12.436518"><ele>60.4</ele></rtept><rtept lat="57.542885" lon="12.436485"><ele>59.8</ele></rtept><rtept lat="57.54288" lon="12.436445"><ele>59.8</ele></rtept><rtept lat="57.542873" lon="12.436397"><ele>60.0</ele></rtept><rtept lat="57.54286" lon="12.436348"><ele>59.6</ele></rtept><rtept lat="57.542847" lon="12.436307"><ele>59.2</ele></rtept><rtept lat="57.54284" lon="12.43626"><ele>59.2</ele></rtept><rtept lat="57.542815" lon="12.436208"><ele>59.0</ele></rtept><rtept lat="57.542808" lon="12.436173"><ele>58.4</ele></rtept><rtept lat="57.542797" lon="12.436143"><ele>58.4</ele></rtept><rtept lat="57.54279" lon="12.436103"><ele>58.0</ele></rtept><rtept lat="57.542777" lon="12.43604"><ele>57.6</ele></rtept><rtept lat="57.542777" lon="12.43599"><ele>57.0</ele></rtept><rtept lat="57.54277" lon="12.435922"><ele>56.6</ele></rtept><rtept lat="57.54277" lon="12.435885"><ele>56.2</ele></rtept><rtept lat="57.542763" lon="12.435847"><ele>55.6</ele></rtept><rtept lat="57.542752" lon="12.43581"><ele>55.6</ele></rtept><rtept lat="57.542745" lon="12.435775"><ele>55.6</ele></rtept><rtept lat="57.542738" lon="12.435737"><ele>55.0</ele></rtept><rtept lat="57.542732" lon="12.435687"><ele>54.8</ele></rtept><rtept lat="57.542725" lon="12.435607"><ele>54.4</ele></rtept><rtept lat="57.542725" lon="12.435567"><ele>54.0</ele></rtept><rtept lat="57.542725" lon="12.435502"><ele>54.0</ele></rtept><rtept lat="57.542725" lon="12.435465"><ele>53.6</ele></rtept><rtept lat="57.542725" lon="12.435422"><ele>53.6</ele></rtept><rtept lat="57.542725" lon="12.435383"><ele>53.4</ele></rtept><rtept lat="57.542725" lon="12.435333"><ele>53.0</ele></rtept><rtept lat="57.542732" lon="12.43529"><ele>52.8</ele></rtept><rtept lat="57.542738" lon="12.43525"><ele>53.0</ele></rtept><rtept lat="57.542738" lon="12.435207"><ele>52.8</ele></rtept><rtept lat="57.542738" lon="12.435172"><ele>52.6</ele></rtept><rtept lat="57.542745" lon="12.435112"><ele>52.6</ele></rtept><rtept lat="57.542745" lon="12.435037"><ele>52.2</ele></rtept><rtept lat="57.542745" lon="12.434997"><ele>52.2</ele></rtept><rtept lat="57.542752" lon="12.434938"><ele>51.4</ele></rtept><rtept lat="57.542752" lon="12.4349"><ele>51.6</ele></rtept><rtept lat="57.542752" lon="12.434842"><ele>51.2</ele></rtept><rtept lat="57.542752" lon="12.434802"><ele>51.0</ele></rtept><rtept lat="57.542752" lon="12.434768"><ele>51.2</ele></rtept><rtept lat="57.542745" lon="12.434728"><ele>50.8</ele></rtept><rtept lat="57.542738" lon="12.43468"><ele>50.6</ele></rtept><rtept lat="57.542725" lon="12.43462"><ele>50.6</ele></rtept><rtept lat="57.542713" lon="12.434563"><ele>50.8</ele></rtept><rtept lat="57.542707" lon="12.434518"><ele>50.4</ele></rtept><rtept lat="57.542707" lon="12.434472"><ele>50.6</ele></rtept><rtept lat="57.5427" lon="12.434435"><ele>50.6</ele></rtept><rtept lat="57.542693" lon="12.4344"><ele>50.2</ele></rtept><rtept lat="57.542693" lon="12.434358"><ele>50.0</ele></rtept><rtept lat="57.542693" lon="12.434325"><ele>50.0</ele></rtept><rtept lat="57.542687" lon="12.434253"><ele>49.6</ele></rtept><rtept lat="57.542693" lon="12.434187"><ele>49.2</ele></rtept><rtept lat="57.542693" lon="12.434148"><ele>49.0</ele></rtept><rtept lat="57.542693" lon="12.434102"><ele>49.2</ele></rtept><rtept lat="57.5427" lon="12.434063"><ele>49.0</ele></rtept><rtept lat="57.5427" lon="12.434022"><ele>48.6</ele></rtept><rtept lat="57.542693" lon="12.43399"><ele>48.8</ele></rtept><rtept lat="57.542693" lon="12.433948"><ele>48.6</ele></rtept><rtept lat="57.542693" lon="12.4339"><ele>48.2</ele></rtept><rtept lat="57.542693" lon="12.433863"><ele>48.2</ele></rtept><rtept lat="57.542693" lon="12.433822"><ele>48.2</ele></rtept><rtept lat="57.542687" lon="12.43378"><ele>47.8</ele></rtept><rtept lat="57.542687" lon="12.43374"><ele>47.8</ele></rtept><rtept lat="57.542687" lon="12.433702"><ele>48.0</ele></rtept><rtept lat="57.542687" lon="12.43362"><ele>47.4</ele></rtept><rtept lat="57.54268" lon="12.433587"><ele>47.8</ele></rtept><rtept lat="57.54268" lon="12.433547"><ele>47.2</ele></rtept><rtept lat="57.54268" lon="12.433502"><ele>47.2</ele></rtept><rtept lat="57.542675" lon="12.43346"><ele>47.4</ele></rtept><rtept lat="57.542662" lon="12.433427"><ele>47.0</ele></rtept><rtept lat="57.542648" lon="12.433398"><ele>47.2</ele></rtept><rtept lat="57.542623" lon="12.433395"><ele>47.2</ele></rtept><rtept lat="57.542598" lon="12.433395"><ele>47.4</ele></rtept><rtept lat="57.542565" lon="12.433403"><ele>47.2</ele></rtept><rtept lat="57.542547" lon="12.433418"><ele>47.4</ele></rtept><rtept lat="57.542527" lon="12.43342"><ele>47.2</ele></rtept><rtept lat="57.542502" lon="12.433423"><ele>47.2</ele></rtept><rtept lat="57.542482" lon="12.433435"><ele>47.4</ele></rtept><rtept lat="57.54245" lon="12.433448"><ele>47.0</ele></rtept><rtept lat="57.542432" lon="12.433443"><ele>47.2</ele></rtept><rtept lat="57.542405" lon="12.433433"><ele>47.2</ele></rtept><rtept lat="57.542387" lon="12.433432"><ele>47.4</ele></rtept><rtept lat="57.542367" lon="12.433433"><ele>47.4</ele></rtept><rtept lat="57.542342" lon="12.433435"><ele>47.2</ele></rtept><rtept lat="57.542322" lon="12.433438"><ele>47.6</ele></rtept><rtept lat="57.542303" lon="12.433443"><ele>47.4</ele></rtept><rtept lat="57.542278" lon="12.433453"><ele>47.2</ele></rtept><rtept lat="57.542252" lon="12.433453"><ele>47.4</ele></rtept><rtept lat="57.542233" lon="12.433447"><ele>47.2</ele></rtept><rtept lat="57.542213" lon="12.433442"><ele>47.0</ele></rtept><rtept lat="57.542188" lon="12.433442"><ele>47.4</ele></rtept><rtept lat="57.542162" lon="12.43344"><ele>47.2</ele></rtept><rtept lat="57.54213" lon="12.433442"><ele>47.2</ele></rtept><rtept lat="57.542112" lon="12.433443"><ele>47.4</ele></rtept><rtept lat="57.542092" lon="12.433448"><ele>47.2</ele></rtept><rtept lat="57.542067" lon="12.433447"><ele>47.2</ele></rtept><rtept lat="57.54204" lon="12.433443"><ele>47.4</ele></rtept><rtept lat="57.542015" lon="12.433443"><ele>47.2</ele></rtept><rtept lat="57.54199" lon="12.433447"><ele>47.6</ele></rtept><rtept lat="57.54197" lon="12.433448"><ele>47.6</ele></rtept><rtept lat="57.541952" lon="12.433458"><ele>47.4</ele></rtept><rtept lat="57.541932" lon="12.433468"><ele>47.6</ele></rtept><rtept lat="57.541907" lon="12.433478"><ele>47.6</ele></rtept><rtept lat="57.541868" lon="12.4335"><ele>47.8</ele></rtept><rtept lat="57.541842" lon="12.433513"><ele>47.6</ele></rtept><rtept lat="57.541817" lon="12.433528"><ele>47.4</ele></rtept><rtept lat="57.541785" lon="12.433562"><ele>47.2</ele></rtept><rtept lat="57.541765" lon="12.433588"><ele>47.2</ele></rtept><rtept lat="57.54174" lon="12.433607"><ele>47.4</ele></rtept><rtept lat="57.54172" lon="12.433618"><ele>47.2</ele></rtept><rtept lat="57.541695" lon="12.433633"><ele>47.4</ele></rtept><rtept lat="57.541657" lon="12.433665"><ele>47.2</ele></rtept><rtept lat="57.541632" lon="12.433687"><ele>47.2</ele></rtept><rtept lat="57.541612" lon="12.433712"><ele>47.4</ele></rtept><rtept lat="57.541573" lon="12.433765"><ele>47.2</ele></rtept><rtept lat="57.541555" lon="12.433785"><ele>47.2</ele></rtept><rtept lat="57.541535" lon="12.433807"><ele>46.8</ele></rtept><rtept lat="57.541517" lon="12.433835"><ele>47.2</ele></rtept><rtept lat="57.541497" lon="12.433865"><ele>47.2</ele></rtept><rtept lat="57.541478" lon="12.433893"><ele>47.0</ele></rtept><rtept lat="57.541458" lon="12.433915"><ele>47.2</ele></rtept><rtept lat="57.54144" lon="12.43394"><ele>47.2</ele></rtept><rtept lat="57.541413" lon="12.433965"><ele>47.0</ele></rtept><rtept lat="57.541395" lon="12.43399"><ele>47.2</ele></rtept><rtept lat="57.541375" lon="12.43401"><ele>47.2</ele></rtept><rtept lat="57.541357" lon="12.434028"><ele>47.0</ele></rtept><rtept lat="57.541337" lon="12.434048"><ele>47.2</ele></rtept><rtept lat="57.541318" lon="12.43407"><ele>47.0</ele></rtept><rtept lat="57.541298" lon="12.434095"><ele>46.8</ele></rtept><rtept lat="57.54128" lon="12.434115"><ele>47.0</ele></rtept><rtept lat="57.54126" lon="12.434133"><ele>47.0</ele></rtept><rtept lat="57.54124" lon="12.434152"><ele>46.8</ele></rtept><rtept lat="57.541222" lon="12.434168"><ele>46.8</ele></rtept><rtept lat="57.541202" lon="12.434187"><ele>46.8</ele></rtept><rtept lat="57.541183" lon="12.434202"><ele>46.6</ele></rtept><rtept lat="57.541163" lon="12.434213"><ele>46.8</ele></rtept><rtept lat="57.541138" lon="12.434227"><ele>46.6</ele></rtept><rtept lat="57.54112" lon="12.434243"><ele>46.6</ele></rtept><rtept lat="57.5411" lon="12.434262"><ele>46.6</ele></rtept><rtept lat="57.54108" lon="12.434283"><ele>46.4</ele></rtept><rtept lat="57.541062" lon="12.434303"><ele>46.2</ele></rtept><rtept lat="57.541042" lon="12.434322"><ele>46.4</ele></rtept><rtept lat="57.541023" lon="12.434338"><ele>46.4</ele></rtept><rtept lat="57.541003" lon="12.434353"><ele>46.2</ele></rtept><rtept lat="57.540985" lon="12.434372"><ele>46.4</ele></rtept><rtept lat="57.540953" lon="12.43441"><ele>46.0</ele></rtept><rtept lat="57.540933" lon="12.434425"><ele>46.4</ele></rtept><rtept lat="57.540915" lon="12.434445"><ele>46.2</ele></rtept><rtept lat="57.540895" lon="12.43446"><ele>46.2</ele></rtept><rtept lat="57.54087" lon="12.434477"><ele>46.4</ele></rtept><rtept lat="57.54085" lon="12.43449"><ele>46.4</ele></rtept><rtept lat="57.540832" lon="12.434505"><ele>46.4</ele></rtept><rtept lat="57.540812" lon="12.434515"><ele>46.6</ele></rtept><rtept lat="57.540787" lon="12.43452"><ele>46.6</ele></rtept><rtept lat="57.540767" lon="12.434522"><ele>46.8</ele></rtept><rtept lat="57.540742" lon="12.434525"><ele>46.8</ele></rtept><rtept lat="57.540717" lon="12.43453"><ele>46.6</ele></rtept><rtept lat="57.54069" lon="12.434532"><ele>46.8</ele></rtept><rtept lat="57.540665" lon="12.43454"><ele>46.8</ele></rtept><rtept lat="57.54064" lon="12.434547"><ele>46.6</ele></rtept><rtept lat="57.540613" lon="12.434555"><ele>46.6</ele></rtept><rtept lat="57.540595" lon="12.434552"><ele>46.4</ele></rtept><rtept lat="57.540568" lon="12.43455"><ele>46.4</ele></rtept><rtept lat="57.54055" lon="12.43455"><ele>46.6</ele></rtept><rtept lat="57.540523" lon="12.434547"><ele>46.4</ele></rtept><rtept lat="57.540505" lon="12.43454"><ele>46.2</ele></rtept><rtept lat="57.54048" lon="12.434535"><ele>46.4</ele></rtept><rtept lat="57.540453" lon="12.43453"><ele>46.2</ele></rtept><rtept lat="57.540428" lon="12.434525"><ele>45.8</ele></rtept><rtept lat="57.540402" lon="12.43452"><ele>45.8</ele></rtept><rtept lat="57.540383" lon="12.434522"><ele>45.8</ele></rtept><rtept lat="57.540363" lon="12.434537"><ele>45.4</ele></rtept><rtept lat="57.540338" lon="12.434565"><ele>45.4</ele></rtept><rtept lat="57.54032" lon="12.434595"><ele>44.8</ele></rtept><rtept lat="57.5403" lon="12.434615"><ele>44.8</ele></rtept><rtept lat="57.54028" lon="12.434628"><ele>44.6</ele></rtept><rtept lat="57.540262" lon="12.434638"><ele>44.4</ele></rtept><rtept lat="57.540242" lon="12.43464"><ele>44.6</ele></rtept><rtept lat="57.540223" lon="12.43464"><ele>44.4</ele></rtept><rtept lat="57.540203" lon="12.43464"><ele>44.8</ele></rtept><rtept lat="57.540178" lon="12.434643"><ele>45.2</ele></rtept><rtept lat="57.54016" lon="12.434653"><ele>45.2</ele></rtept><rtept lat="57.540133" lon="12.43466"><ele>45.4</ele></rtept><rtept lat="57.540102" lon="12.434663"><ele>45.4</ele></rtept><rtept lat="57.540082" lon="12.434663"><ele>45.6</ele></rtept><rtept lat="57.540043" lon="12.434653"><ele>45.8</ele></rtept><rtept lat="57.540025" lon="12.43464"><ele>45.8</ele></rtept><rtept lat="57.540005" lon="12.434638"><ele>46.0</ele></rtept><rtept lat="57.53998" lon="12.434643"><ele>45.8</ele></rtept><rtept lat="57.539948" lon="12.43466"><ele>46.0</ele></rtept><rtept lat="57.539922" lon="12.434693"><ele>45.8</ele></rtept><rtept lat="57.539903" lon="12.43471"><ele>46.0</ele></rtept><rtept lat="57.53989" lon="12.434735"><ele>46.0</ele></rtept><rtept lat="57.539865" lon="12.43477"><ele>46.0</ele></rtept><rtept lat="57.539845" lon="12.434808"><ele>46.2</ele></rtept><rtept lat="57.539827" lon="12.434842"><ele>46.0</ele></rtept><rtept lat="57.539807" lon="12.434875"><ele>45.8</ele></rtept><rtept lat="57.539795" lon="12.4349"><ele>45.6</ele></rtept><rtept lat="57.539775" lon="12.434927"><ele>45.4</ele></rtept><rtept lat="57.539762" lon="12.43496"><ele>45.0</ele></rtept><rtept lat="57.539743" lon="12.434998"><ele>45.2</ele></rtept><rtept lat="57.539723" lon="12.435025"><ele>45.2</ele></rtept><rtept lat="57.539705" lon="12.435047"><ele>45.0</ele></rtept><rtept lat="57.539685" lon="12.435072"><ele>45.2</ele></rtept><rtept lat="57.539667" lon="12.435087"><ele>45.0</ele></rtept><rtept lat="57.53964" lon="12.435115"><ele>45.2</ele></rtept><rtept lat="57.539622" lon="12.435135"><ele>45.2</ele></rtept><rtept lat="57.539602" lon="12.43516"><ele>45.6</ele></rtept><rtept lat="57.539583" lon="12.435182"><ele>46.0</ele></rtept><rtept lat="57.539563" lon="12.4352"><ele>46.0</ele></rtept><rtept lat="57.539545" lon="12.43522"><ele>46.2</ele></rtept><rtept lat="57.539525" lon="12.435243"><ele>46.6</ele></rtept><rtept lat="57.539507" lon="12.435263"><ele>46.4</ele></rtept><rtept lat="57.539487" lon="12.43528"><ele>46.4</ele></rtept><rtept lat="57.539455" lon="12.435323"><ele>46.4</ele></rtept><rtept lat="57.53943" lon="12.43535"><ele>46.2</ele></rtept><rtept lat="57.53941" lon="12.435357"><ele>46.2</ele></rtept><rtept lat="57.539385" lon="12.435343"><ele>45.8</ele></rtept><rtept lat="57.539378" lon="12.435263"><ele>45.2</ele></rtept><rtept lat="57.539372" lon="12.435223"><ele>44.8</ele></rtept><rtept lat="57.539372" lon="12.43517"><ele>44.4</ele></rtept><rtept lat="57.53936" lon="12.435107"><ele>44.0</ele></rtept><rtept lat="57.539353" lon="12.435058"><ele>43.8</ele></rtept><rtept lat="57.539347" lon="12.435013"><ele>43.2</ele></rtept><rtept lat="57.539333" lon="12.434972"><ele>43.0</ele></rtept><rtept lat="57.539333" lon="12.434937"><ele>42.6</ele></rtept><rtept lat="57.539333" lon="12.4349"><ele>42.0</ele></rtept><rtept lat="57.539333" lon="12.434863"><ele>41.6</ele></rtept><rtept lat="57.539347" lon="12.434803"><ele>40.4</ele></rtept><rtept lat="57.539347" lon="12.43477"><ele>40.0</ele></rtept><rtept lat="57.539353" lon="12.434735"><ele>39.2</ele></rtept><rtept lat="57.539353" lon="12.4347"><ele>39.0</ele></rtept><rtept lat="57.539353" lon="12.434665"><ele>38.4</ele></rtept><rtept lat="57.539365" lon="12.434597"><ele>37.4</ele></rtept><rtept lat="57.539365" lon="12.434557"><ele>36.6</ele></rtept><rtept lat="57.539365" lon="12.434517"><ele>36.2</ele></rtept><rtept lat="57.53936" lon="12.43445"><ele>35.4</ele></rtept><rtept lat="57.539347" lon="12.434407"><ele>35.0</ele></rtept><rtept lat="57.539333" lon="12.434378"><ele>34.4</ele></rtept><rtept lat="57.539302" lon="12.434362"><ele>33.8</ele></rtept><rtept lat="57.539277" lon="12.43434"><ele>33.6</ele></rtept><rtept lat="57.539257" lon="12.434332"><ele>33.2</ele></rtept><rtept lat="57.539238" lon="12.43432"><ele>32.6</ele></rtept><rtept lat="57.539212" lon="12.434322"><ele>32.0</ele></rtept><rtept lat="57.53918" lon="12.434312"><ele>31.8</ele></rtept><rtept lat="57.53916" lon="12.4343"><ele>31.4</ele></rtept><rtept lat="57.539142" lon="12.434283"><ele>31.6</ele></rtept><rtept lat="57.53911" lon="12.434247"><ele>31.4</ele></rtept><rtept lat="57.53909" lon="12.434203"><ele>31.4</ele></rtept><rtept lat="57.539072" lon="12.43418"><ele>31.2</ele></rtept><rtept lat="57.539052" lon="12.43416"><ele>31.4</ele></rtept><rtept lat="57.539027" lon="12.434142"><ele>31.4</ele></rtept><rtept lat="57.539007" lon="12.434128"><ele>31.4</ele></rtept><rtept lat="57.538982" lon="12.434123"><ele>31.0</ele></rtept><rtept lat="57.538962" lon="12.43412"><ele>31.0</ele></rtept><rtept lat="57.538937" lon="12.434115"><ele>30.8</ele></rtept><rtept lat="57.538912" lon="12.43412"><ele>30.4</ele></rtept><rtept lat="57.538885" lon="12.434127"><ele>30.6</ele></rtept><rtept lat="57.538867" lon="12.434132"><ele>30.2</ele></rtept><rtept lat="57.53884" lon="12.434133"><ele>29.8</ele></rtept><rtept lat="57.538815" lon="12.434138"><ele>29.8</ele></rtept><rtept lat="57.538797" lon="12.434143"><ele>29.8</ele></rtept><rtept lat="57.538777" lon="12.43414"><ele>29.4</ele></rtept><rtept lat="57.538758" lon="12.434128"><ele>29.6</ele></rtept><rtept lat="57.538738" lon="12.434113"><ele>29.2</ele></rtept><rtept lat="57.53872" lon="12.434102"><ele>29.2</ele></rtept><rtept lat="57.538693" lon="12.434078"><ele>29.2</ele></rtept><rtept lat="57.538655" lon="12.434068"><ele>29.6</ele></rtept><rtept lat="57.53863" lon="12.43406"><ele>29.6</ele></rtept><rtept lat="57.538617" lon="12.43403"><ele>29.8</ele></rtept><rtept lat="57.538603" lon="12.433998"><ele>29.8</ele></rtept><rtept lat="57.538598" lon="12.433963"><ele>29.2</ele></rtept><rtept lat="57.538578" lon="12.433948"><ele>29.4</ele></rtept><rtept lat="57.53856" lon="12.433933"><ele>29.4</ele></rtept><rtept lat="57.538533" lon="12.43391"><ele>29.4</ele></rtept><rtept lat="57.538515" lon="12.4339"><ele>29.4</ele></rtept><rtept lat="57.538488" lon="12.433885"><ele>29.4</ele></rtept><rtept lat="57.538457" lon="12.433883"><ele>29.2</ele></rtept><rtept lat="57.538438" lon="12.433852"><ele>29.2</ele></rtept><rtept lat="57.538425" lon="12.433827"><ele>29.2</ele></rtept><rtept lat="57.538405" lon="12.433805"><ele>29.2</ele></rtept><rtept lat="57.538387" lon="12.433792"><ele>29.2</ele></rtept><rtept lat="57.538355" lon="12.433758"><ele>29.4</ele></rtept><rtept lat="57.538335" lon="12.4337"><ele>29.2</ele></rtept><rtept lat="57.538328" lon="12.433658"><ele>29.2</ele></rtept><rtept lat="57.538322" lon="12.433622"><ele>29.2</ele></rtept><rtept lat="57.538322" lon="12.43358"><ele>29.4</ele></rtept><rtept lat="57.538328" lon="12.433547"><ele>29.0</ele></rtept><rtept lat="57.538335" lon="12.433513"><ele>29.2</ele></rtept><rtept lat="57.538342" lon="12.43346"><ele>29.4</ele></rtept><rtept lat="57.538342" lon="12.433423"><ele>29.0</ele></rtept><rtept lat="57.538355" lon="12.433378"><ele>29.0</ele></rtept><rtept lat="57.538367" lon="12.43334"><ele>29.0</ele></rtept><rtept lat="57.53838" lon="12.433295"><ele>28.8</ele></rtept><rtept lat="57.538393" lon="12.43326"><ele>28.8</ele></rtept><rtept lat="57.538393" lon="12.43322"><ele>29.0</ele></rtept><rtept lat="57.538412" lon="12.433185"><ele>28.8</ele></rtept><rtept lat="57.538425" lon="12.433157"><ele>28.6</ele></rtept><rtept lat="57.538443" lon="12.43313"><ele>28.8</ele></rtept><rtept lat="57.538457" lon="12.433105"><ele>28.4</ele></rtept><rtept lat="57.538477" lon="12.433082"><ele>28.4</ele></rtept><rtept lat="57.538495" lon="12.433055"><ele>28.6</ele></rtept><rtept lat="57.538515" lon="12.43303"><ele>28.4</ele></rtept><rtept lat="57.538547" lon="12.432997"><ele>28.2</ele></rtept><rtept lat="57.538565" lon="12.432978"><ele>28.0</ele></rtept><rtept lat="57.538598" lon="12.432937"><ele>28.6</ele></rtept><rtept lat="57.53863" lon="12.432913"><ele>28.6</ele></rtept><rtept lat="57.538648" lon="12.432912"><ele>28.6</ele></rtept><rtept lat="57.53868" lon="12.432893"><ele>28.8</ele></rtept><rtept lat="57.5387" lon="12.432882"><ele>28.6</ele></rtept><rtept lat="57.538725" lon="12.432868"><ele>29.0</ele></rtept><rtept lat="57.538752" lon="12.43286"><ele>29.2</ele></rtept><rtept lat="57.538777" lon="12.432833"><ele>29.2</ele></rtept><rtept lat="57.538802" lon="12.43282"><ele>29.0</ele></rtept><rtept lat="57.538828" lon="12.432808"><ele>28.8</ele></rtept><rtept lat="57.538853" lon="12.432793"><ele>29.0</ele></rtept><rtept lat="57.538873" lon="12.432777"><ele>28.8</ele></rtept><rtept lat="57.538892" lon="12.432753"><ele>28.8</ele></rtept><rtept lat="57.538918" lon="12.432728"><ele>28.8</ele></rtept><rtept lat="57.538937" lon="12.432703"><ele>28.6</ele></rtept><rtept lat="57.538975" lon="12.43267"><ele>29.0</ele></rtept><rtept lat="57.538995" lon="12.432648"><ele>28.6</ele></rtept><rtept lat="57.539027" lon="12.432625"><ele>29.0</ele></rtept><rtept lat="57.539045" lon="12.4326"><ele>28.8</ele></rtept><rtept lat="57.539065" lon="12.432578"><ele>28.8</ele></rtept><rtept lat="57.53911" lon="12.432523"><ele>28.8</ele></rtept><rtept lat="57.539128" lon="12.432503"><ele>28.6</ele></rtept><rtept lat="57.539148" lon="12.432483"><ele>28.8</ele></rtept><rtept lat="57.539167" lon="12.43246"><ele>28.6</ele></rtept><rtept lat="57.539205" lon="12.432405"><ele>28.6</ele></rtept><rtept lat="57.539225" lon="12.43238"><ele>28.4</ele></rtept><rtept lat="57.539263" lon="12.432335"><ele>28.8</ele></rtept><rtept lat="57.539277" lon="12.432307"><ele>28.4</ele></rtept><rtept lat="57.539295" lon="12.432278"><ele>28.6</ele></rtept><rtept lat="57.539315" lon="12.432245"><ele>28.6</ele></rtept><rtept lat="57.53934" lon="12.432193"><ele>29.0</ele></rtept><rtept lat="57.539353" lon="12.43216"><ele>28.6</ele></rtept><rtept lat="57.539372" lon="12.43212"><ele>28.6</ele></rtept><rtept lat="57.539385" lon="12.432092"><ele>28.6</ele></rtept><rtept lat="57.539403" lon="12.432058"><ele>28.4</ele></rtept><rtept lat="57.539423" lon="12.432015"><ele>28.8</ele></rtept><rtept lat="57.539437" lon="12.431987"><ele>28.8</ele></rtept><rtept lat="57.539448" lon="12.43196"><ele>28.6</ele></rtept><rtept lat="57.539462" lon="12.431935"><ele>29.0</ele></rtept><rtept lat="57.53948" lon="12.43188"><ele>28.8</ele></rtept><rtept lat="57.539493" lon="12.431853"><ele>29.0</ele></rtept><rtept lat="57.539513" lon="12.431797"><ele>29.0</ele></rtept><rtept lat="57.53952" lon="12.431763"><ele>29.2</ele></rtept><rtept lat="57.539525" lon="12.431722"><ele>29.0</ele></rtept><rtept lat="57.539532" lon="12.431685"><ele>28.8</ele></rtept><rtept lat="57.539545" lon="12.431638"><ele>29.0</ele></rtept><rtept lat="57.539545" lon="12.431602"><ele>28.8</ele></rtept><rtept lat="57.539558" lon="12.431575"><ele>29.0</ele></rtept><rtept lat="57.53957" lon="12.431538"><ele>29.0</ele></rtept><rtept lat="57.539583" lon="12.431512"><ele>28.8</ele></rtept><rtept lat="57.539602" lon="12.43146"><ele>29.0</ele></rtept><rtept lat="57.539608" lon="12.43142"><ele>28.8</ele></rtept><rtept lat="57.53964" lon="12.43136"><ele>29.2</ele></rtept><rtept lat="57.539647" lon="12.431322"><ele>28.8</ele></rtept><rtept lat="57.53966" lon="12.431282"><ele>28.6</ele></rtept><rtept lat="57.539673" lon="12.43123"><ele>28.8</ele></rtept><rtept lat="57.539685" lon="12.431193"><ele>28.6</ele></rtept><rtept lat="57.539705" lon="12.431165"><ele>28.2</ele></rtept><rtept lat="57.53973" lon="12.431097"><ele>28.0</ele></rtept><rtept lat="57.53975" lon="12.431063"><ele>27.8</ele></rtept><rtept lat="57.539782" lon="12.431023"><ele>27.6</ele></rtept><rtept lat="57.5398" lon="12.431005"><ele>27.8</ele></rtept><rtept lat="57.53982" lon="12.430982"><ele>28.0</ele></rtept><rtept lat="57.53984" lon="12.430952"><ele>28.0</ele></rtept><rtept lat="57.539852" lon="12.430912"><ele>27.8</ele></rtept><rtept lat="57.539865" lon="12.430857"><ele>27.8</ele></rtept><rtept lat="57.539878" lon="12.430825"><ele>27.6</ele></rtept><rtept lat="57.53989" lon="12.430798"><ele>27.8</ele></rtept><rtept lat="57.539903" lon="12.430773"><ele>27.6</ele></rtept><rtept lat="57.53991" lon="12.430732"><ele>27.6</ele></rtept><rtept lat="57.539922" lon="12.430687"><ele>27.8</ele></rtept><rtept lat="57.539942" lon="12.43062"><ele>27.6</ele></rtept><rtept lat="57.53996" lon="12.430588"><ele>27.8</ele></rtept><rtept lat="57.539987" lon="12.430522"><ele>27.8</ele></rtept><rtept lat="57.54" lon="12.430488"><ele>27.8</ele></rtept><rtept lat="57.540005" lon="12.430455"><ele>27.6</ele></rtept><rtept lat="57.540018" lon="12.430423"><ele>27.8</ele></rtept><rtept lat="57.540025" lon="12.430375"><ele>27.8</ele></rtept><rtept lat="57.540038" lon="12.43032"><ele>27.6</ele></rtept><rtept lat="57.54005" lon="12.430282"><ele>27.8</ele></rtept><rtept lat="57.540057" lon="12.430245"><ele>27.8</ele></rtept><rtept lat="57.540063" lon="12.430207"><ele>27.6</ele></rtept><rtept lat="57.540077" lon="12.430172"><ele>27.8</ele></rtept><rtept lat="57.540095" lon="12.430113"><ele>27.6</ele></rtept><rtept lat="57.540108" lon="12.43008"><ele>28.0</ele></rtept><rtept lat="57.540127" lon="12.430022"><ele>27.8</ele></rtept><rtept lat="57.54014" lon="12.42998"><ele>28.2</ele></rtept><rtept lat="57.540153" lon="12.429938"><ele>28.2</ele></rtept><rtept lat="57.540178" lon="12.429908"><ele>28.0</ele></rtept><rtept lat="57.540185" lon="12.42986"><ele>28.2</ele></rtept><rtept lat="57.540172" lon="12.429815"><ele>28.0</ele></rtept><rtept lat="57.540172" lon="12.429768"><ele>28.2</ele></rtept><rtept lat="57.540178" lon="12.429723"><ele>28.0</ele></rtept><rtept lat="57.540178" lon="12.429672"><ele>28.0</ele></rtept><rtept lat="57.540185" lon="12.42964"><ele>27.8</ele></rtept><rtept lat="57.540185" lon="12.429585"><ele>27.6</ele></rtept><rtept lat="57.540185" lon="12.429542"><ele>27.4</ele></rtept><rtept lat="57.540178" lon="12.429497"><ele>27.2</ele></rtept><rtept lat="57.540178" lon="12.429438"><ele>27.0</ele></rtept><rtept lat="57.540165" lon="12.429378"><ele>26.8</ele></rtept><rtept lat="57.540165" lon="12.429342"><ele>26.4</ele></rtept><rtept lat="57.540165" lon="12.429303"><ele>26.6</ele></rtept><rtept lat="57.540165" lon="12.429263"><ele>26.6</ele></rtept><rtept lat="57.540165" lon="12.42922"><ele>26.2</ele></rtept><rtept lat="57.54016" lon="12.42914"><ele>26.0</ele></rtept><rtept lat="57.540165" lon="12.42907"><ele>25.4</ele></rtept><rtept lat="57.540165" lon="12.429037"><ele>25.8</ele></rtept><rtept lat="57.540172" lon="12.429"><ele>25.6</ele></rtept><rtept lat="57.540185" lon="12.428963"><ele>25.4</ele></rtept><rtept lat="57.540185" lon="12.428927"><ele>25.6</ele></rtept><rtept lat="57.540198" lon="12.428892"><ele>25.4</ele></rtept><rtept lat="57.540203" lon="12.428855"><ele>25.0</ele></rtept><rtept lat="57.540203" lon="12.428812"><ele>25.2</ele></rtept><rtept lat="57.540217" lon="12.428732"><ele>24.8</ele></rtept><rtept lat="57.54021" lon="12.428687"><ele>24.4</ele></rtept><rtept lat="57.540217" lon="12.428643"><ele>24.6</ele></rtept><rtept lat="57.540217" lon="12.428587"><ele>24.0</ele></rtept><rtept lat="57.540217" lon="12.42854"><ele>23.6</ele></rtept><rtept lat="57.540223" lon="12.428508"><ele>23.8</ele></rtept><rtept lat="57.54023" lon="12.428463"><ele>23.4</ele></rtept><rtept lat="57.540242" lon="12.428415"><ele>23.2</ele></rtept><rtept lat="57.540262" lon="12.42837"><ele>22.2</ele></rtept><rtept lat="57.540275" lon="12.428343"><ele>22.2</ele></rtept><rtept lat="57.54028" lon="12.428305"><ele>21.4</ele></rtept><rtept lat="57.5403" lon="12.428257"><ele>21.2</ele></rtept><rtept lat="57.540307" lon="12.428218"><ele>20.6</ele></rtept><rtept lat="57.540307" lon="12.428177"><ele>20.4</ele></rtept><rtept lat="57.54032" lon="12.428125"><ele>20.4</ele></rtept><rtept lat="57.540338" lon="12.428065"><ele>20.2</ele></rtept><rtept lat="57.540345" lon="12.428013"><ele>19.8</ele></rtept><rtept lat="57.540352" lon="12.427958"><ele>20.0</ele></rtept><rtept lat="57.540358" lon="12.427897"><ele>20.0</ele></rtept><rtept lat="57.540358" lon="12.427853"><ele>19.6</ele></rtept><rtept lat="57.540363" lon="12.427818"><ele>19.6</ele></rtept><rtept lat="57.54037" lon="12.427738"><ele>19.2</ele></rtept><rtept lat="57.540363" lon="12.427683"><ele>19.0</ele></rtept><rtept lat="57.54037" lon="12.427637"><ele>18.8</ele></rtept><rtept lat="57.540383" lon="12.427595"><ele>18.4</ele></rtept><rtept lat="57.540415" lon="12.427583"><ele>18.0</ele></rtept><rtept lat="57.54044" lon="12.42759"><ele>18.2</ele></rtept><rtept lat="57.540467" lon="12.42758"><ele>17.8</ele></rtept><rtept lat="57.540485" lon="12.427555"><ele>18.2</ele></rtept><rtept lat="57.540498" lon="12.427527"><ele>18.2</ele></rtept><rtept lat="57.540523" lon="12.4275"><ele>18.2</ele></rtept><rtept lat="57.540562" lon="12.427462"><ele>18.2</ele></rtept><rtept lat="57.540595" lon="12.427435"><ele>18.0</ele></rtept><rtept lat="57.540613" lon="12.427418"><ele>17.8</ele></rtept><rtept lat="57.540633" lon="12.4274"><ele>17.6</ele></rtept><rtept lat="57.540652" lon="12.427387"><ele>17.8</ele></rtept><rtept lat="57.540678" lon="12.427378"><ele>17.6</ele></rtept><rtept lat="57.540697" lon="12.427367"><ele>17.4</ele></rtept><rtept lat="57.540717" lon="12.427357"><ele>17.4</ele></rtept><rtept lat="57.540742" lon="12.427345"><ele>17.4</ele></rtept><rtept lat="57.54076" lon="12.427327"><ele>17.6</ele></rtept><rtept lat="57.54078" lon="12.427308"><ele>17.6</ele></rtept><rtept lat="57.540805" lon="12.427287"><ele>17.4</ele></rtept><rtept lat="57.540832" lon="12.427263"><ele>17.8</ele></rtept><rtept lat="57.540857" lon="12.427243"><ele>17.8</ele></rtept><rtept lat="57.540877" lon="12.427227"><ele>17.6</ele></rtept><rtept lat="57.540902" lon="12.427218"><ele>17.8</ele></rtept><rtept lat="57.54092" lon="12.427212"><ele>17.8</ele></rtept><rtept lat="57.54094" lon="12.427208"><ele>17.6</ele></rtept><rtept lat="57.540972" lon="12.427202"><ele>18.0</ele></rtept><rtept lat="57.540998" lon="12.427192"><ele>18.0</ele></rtept><rtept lat="57.541017" lon="12.427187"><ele>17.8</ele></rtept><rtept lat="57.541037" lon="12.42718"><ele>18.0</ele></rtept><rtept lat="57.541055" lon="12.427168"><ele>17.8</ele></rtept><rtept lat="57.54108" lon="12.42716"><ele>17.6</ele></rtept><rtept lat="57.5411" lon="12.427153"><ele>17.6</ele></rtept><rtept lat="57.541125" lon="12.427142"><ele>17.6</ele></rtept><rtept lat="57.541152" lon="12.427133"><ele>17.6</ele></rtept><rtept lat="57.541177" lon="12.427127"><ele>17.8</ele></rtept><rtept lat="57.541197" lon="12.427122"><ele>17.6</ele></rtept><rtept lat="57.541222" lon="12.427122"><ele>17.8</ele></rtept><rtept lat="57.54124" lon="12.427128"><ele>18.2</ele></rtept><rtept lat="57.541267" lon="12.427127"><ele>18.0</ele></rtept><rtept lat="57.541285" lon="12.427127"><ele>18.2</ele></rtept><rtept lat="57.541312" lon="12.427128"><ele>18.2</ele></rtept><rtept lat="57.54133" lon="12.427128"><ele>18.0</ele></rtept><rtept lat="57.54135" lon="12.427128"><ele>18.2</ele></rtept><rtept lat="57.541382" lon="12.427123"><ele>18.0</ele></rtept><rtept lat="57.541407" lon="12.42712"><ele>18.0</ele></rtept><rtept lat="57.541427" lon="12.427127"><ele>18.2</ele></rtept><rtept lat="57.541445" lon="12.427135"><ele>18.0</ele></rtept><rtept lat="57.541465" lon="12.42714"><ele>18.0</ele></rtept><rtept lat="57.541483" lon="12.427153"><ele>18.2</ele></rtept><rtept lat="57.54151" lon="12.427158"><ele>18.2</ele></rtept><rtept lat="57.541528" lon="12.427162"><ele>18.4</ele></rtept><rtept lat="57.541555" lon="12.427172"><ele>18.6</ele></rtept><rtept lat="57.541587" lon="12.427168"><ele>18.6</ele></rtept><rtept lat="57.541612" lon="12.427168"><ele>18.8</ele></rtept><rtept lat="57.541632" lon="12.427178"><ele>18.8</ele></rtept><rtept lat="57.541657" lon="12.427182"><ele>18.4</ele></rtept><rtept lat="57.541677" lon="12.427192"><ele>18.6</ele></rtept><rtept lat="57.541695" lon="12.427202"><ele>18.8</ele></rtept><rtept lat="57.54172" lon="12.427207"><ele>18.6</ele></rtept><rtept lat="57.541747" lon="12.427212"><ele>18.8</ele></rtept><rtept lat="57.541772" lon="12.427217"><ele>18.8</ele></rtept><rtept lat="57.541798" lon="12.427207"><ele>18.6</ele></rtept><rtept lat="57.541823" lon="12.427207"><ele>18.6</ele></rtept><rtept lat="57.541848" lon="12.427212"><ele>18.8</ele></rtept><rtept lat="57.541868" lon="12.427208"><ele>18.6</ele></rtept><rtept lat="57.541893" lon="12.427208"><ele>18.8</ele></rtept><rtept lat="57.541913" lon="12.4272"><ele>18.6</ele></rtept><rtept lat="57.541938" lon="12.427202"><ele>18.6</ele></rtept><rtept lat="57.541958" lon="12.427203"><ele>18.6</ele></rtept><rtept lat="57.54199" lon="12.427208"><ele>18.4</ele></rtept><rtept lat="57.542008" lon="12.42722"><ele>18.4</ele></rtept><rtept lat="57.542035" lon="12.427233"><ele>18.6</ele></rtept><rtept lat="57.542053" lon="12.427252"><ele>18.2</ele></rtept><rtept lat="57.54208" lon="12.427263"><ele>18.4</ele></rtept><rtept lat="57.542098" lon="12.427273"><ele>18.6</ele></rtept><rtept lat="57.542123" lon="12.42728"><ele>18.4</ele></rtept><rtept lat="57.542143" lon="12.427283"><ele>18.4</ele></rtept><rtept lat="57.542168" lon="12.427288"><ele>18.2</ele></rtept><rtept lat="57.542195" lon="12.427293"><ele>18.2</ele></rtept><rtept lat="57.542213" lon="12.4273"><ele>18.2</ele></rtept><rtept lat="57.542245" lon="12.4273"><ele>18.0</ele></rtept><rtept lat="57.542272" lon="12.4273"><ele>18.0</ele></rtept><rtept lat="57.54229" lon="12.427307"><ele>18.2</ele></rtept><rtept lat="57.542322" lon="12.427312"><ele>18.0</ele></rtept><rtept lat="57.542342" lon="12.427318"><ele>18.2</ele></rtept><rtept lat="57.54236" lon="12.42733"><ele>18.0</ele></rtept><rtept lat="57.54238" lon="12.427337"><ele>18.0</ele></rtept><rtept lat="57.542405" lon="12.427338"><ele>18.2</ele></rtept><rtept lat="57.542432" lon="12.42734"><ele>18.0</ele></rtept><rtept lat="57.54245" lon="12.427338"><ele>18.2</ele></rtept><rtept lat="57.54247" lon="12.427333"><ele>18.4</ele></rtept><rtept lat="57.542488" lon="12.427325"><ele>18.2</ele></rtept><rtept lat="57.542502" lon="12.42728"><ele>18.6</ele></rtept><rtept lat="57.542502" lon="12.42724"><ele>18.2</ele></rtept><rtept lat="57.542502" lon="12.427197"><ele>18.4</ele></rtept><rtept lat="57.542502" lon="12.427142"><ele>18.2</ele></rtept><rtept lat="57.542502" lon="12.42709"><ele>18.0</ele></rtept><rtept lat="57.542495" lon="12.427043"><ele>18.0</ele></rtept><rtept lat="57.542495" lon="12.42701"><ele>18.0</ele></rtept><rtept lat="57.542495" lon="12.426945"><ele>17.8</ele></rtept><rtept lat="57.542502" lon="12.426883"><ele>17.6</ele></rtept><rtept lat="57.542502" lon="12.426843"><ele>17.8</ele></rtept><rtept lat="57.542502" lon="12.426802"><ele>17.6</ele></rtept><rtept lat="57.542502" lon="12.42676"><ele>17.2</ele></rtept><rtept lat="57.542502" lon="12.42672"><ele>17.4</ele></rtept><rtept lat="57.542502" lon="12.426687"><ele>17.0</ele></rtept><rtept lat="57.542502" lon="12.42665"><ele>16.8</ele></rtept><rtept lat="57.542502" lon="12.426587"><ele>16.8</ele></rtept><rtept lat="57.542508" lon="12.42654"><ele>16.6</ele></rtept><rtept lat="57.542508" lon="12.4265"><ele>16.8</ele></rtept><rtept lat="57.542508" lon="12.426453"><ele>16.4</ele></rtept><rtept lat="57.542508" lon="12.426408"><ele>16.4</ele></rtept><rtept lat="57.542508" lon="12.426368"><ele>16.6</ele></rtept><rtept lat="57.542508" lon="12.426328"><ele>16.4</ele></rtept><rtept lat="57.542515" lon="12.426288"><ele>16.4</ele></rtept><rtept lat="57.542515" lon="12.426248"><ele>16.4</ele></rtept><rtept lat="57.542515" lon="12.42621"><ele>16.2</ele></rtept><rtept lat="57.542515" lon="12.42617"><ele>16.4</ele></rtept><rtept lat="57.54252" lon="12.426132"><ele>16.6</ele></rtept><rtept lat="57.54252" lon="12.426095"><ele>16.2</ele></rtept><rtept lat="57.542527" lon="12.42606"><ele>16.6</ele></rtept><rtept lat="57.542527" lon="12.426027"><ele>16.4</ele></rtept><rtept lat="57.542527" lon="12.42599"><ele>16.2</ele></rtept><rtept lat="57.542533" lon="12.425947"><ele>16.6</ele></rtept><rtept lat="57.542533" lon="12.4259"><ele>16.4</ele></rtept><rtept lat="57.54254" lon="12.425853"><ele>16.2</ele></rtept><rtept lat="57.542547" lon="12.425813"><ele>16.4</ele></rtept><rtept lat="57.542553" lon="12.425767"><ele>16.2</ele></rtept><rtept lat="57.542565" lon="12.425727"><ele>16.0</ele></rtept><rtept lat="57.542585" lon="12.4257"><ele>16.2</ele></rtept><rtept lat="57.542592" lon="12.425667"><ele>16.0</ele></rtept><rtept lat="57.542598" lon="12.425625"><ele>16.0</ele></rtept><rtept lat="57.542603" lon="12.425588"><ele>16.2</ele></rtept><rtept lat="57.542617" lon="12.425553"><ele>16.0</ele></rtept><rtept lat="57.54263" lon="12.42551"><ele>16.2</ele></rtept><rtept lat="57.542637" lon="12.425457"><ele>16.2</ele></rtept><rtept lat="57.542642" lon="12.42541"><ele>15.8</ele></rtept><rtept lat="57.542642" lon="12.42537"><ele>16.2</ele></rtept><rtept lat="57.542642" lon="12.425327"><ele>16.0</ele></rtept><rtept lat="57.542662" lon="12.425272"><ele>15.8</ele></rtept><rtept lat="57.542662" lon="12.42523"><ele>15.8</ele></rtept><rtept lat="57.542662" lon="12.425193"><ele>15.6</ele></rtept><rtept lat="57.542662" lon="12.425153"><ele>16.0</ele></rtept><rtept lat="57.542662" lon="12.425112"><ele>15.8</ele></rtept><rtept lat="57.542662" lon="12.425068"><ele>15.6</ele></rtept><rtept lat="57.542655" lon="12.425022"><ele>16.0</ele></rtept><rtept lat="57.542648" lon="12.424968"><ele>15.8</ele></rtept><rtept lat="57.542655" lon="12.42492"><ele>15.6</ele></rtept><rtept lat="57.542662" lon="12.424888"><ele>16.0</ele></rtept><rtept lat="57.542662" lon="12.424843"><ele>15.8</ele></rtept><rtept lat="57.542662" lon="12.424803"><ele>15.6</ele></rtept><rtept lat="57.542662" lon="12.424763"><ele>16.0</ele></rtept><rtept lat="57.542655" lon="12.424717"><ele>15.8</ele></rtept><rtept lat="57.542655" lon="12.424665"><ele>15.6</ele></rtept><rtept lat="57.542655" lon="12.424625"><ele>16.0</ele></rtept><rtept lat="57.542655" lon="12.424585"><ele>15.4</ele></rtept><rtept lat="57.542662" lon="12.424545"><ele>15.4</ele></rtept><rtept lat="57.542662" lon="12.424507"><ele>15.6</ele></rtept><rtept lat="57.542662" lon="12.424467"><ele>15.4</ele></rtept><rtept lat="57.542662" lon="12.424423"><ele>15.8</ele></rtept><rtept lat="57.542662" lon="12.42438"><ele>16.0</ele></rtept><rtept lat="57.542662" lon="12.424335"><ele>15.8</ele></rtept><rtept lat="57.542662" lon="12.424295"><ele>16.0</ele></rtept><rtept lat="57.542662" lon="12.42426"><ele>16.2</ele></rtept><rtept lat="57.542668" lon="12.42422"><ele>16.0</ele></rtept><rtept lat="57.542668" lon="12.42418"><ele>16.2</ele></rtept><rtept lat="57.542668" lon="12.424133"><ele>16.4</ele></rtept><rtept lat="57.542668" lon="12.424095"><ele>16.2</ele></rtept><rtept lat="57.542668" lon="12.424048"><ele>16.4</ele></rtept><rtept lat="57.542668" lon="12.423992"><ele>16.2</ele></rtept><rtept lat="57.542668" lon="12.423958"><ele>16.0</ele></rtept><rtept lat="57.542668" lon="12.423915"><ele>16.6</ele></rtept><rtept lat="57.542675" lon="12.423872"><ele>16.2</ele></rtept><rtept lat="57.542675" lon="12.423827"><ele>16.0</ele></rtept><rtept lat="57.54268" lon="12.423787"><ele>16.4</ele></rtept><rtept lat="57.54268" lon="12.42374"><ele>16.2</ele></rtept><rtept lat="57.54268" lon="12.423693"><ele>16.0</ele></rtept><rtept lat="57.542687" lon="12.423653"><ele>16.4</ele></rtept><rtept lat="57.542687" lon="12.423608"><ele>15.8</ele></rtept><rtept lat="57.542687" lon="12.423555"><ele>15.6</ele></rtept><rtept lat="57.542693" lon="12.423515"><ele>15.8</ele></rtept><rtept lat="57.542693" lon="12.423465"><ele>15.4</ele></rtept><rtept lat="57.542693" lon="12.423423"><ele>15.4</ele></rtept><rtept lat="57.542693" lon="12.42337"><ele>15.6</ele></rtept><rtept lat="57.5427" lon="12.423325"><ele>15.2</ele></rtept><rtept lat="57.5427" lon="12.42329"><ele>15.6</ele></rtept><rtept lat="57.542707" lon="12.423252"><ele>15.8</ele></rtept><rtept lat="57.54272" lon="12.423212"><ele>15.4</ele></rtept><rtept lat="57.54272" lon="12.423172"><ele>15.8</ele></rtept><rtept lat="57.542732" lon="12.423127"><ele>15.8</ele></rtept><rtept lat="57.542752" lon="12.423068"><ele>15.8</ele></rtept><rtept lat="57.542763" lon="12.423033"><ele>15.6</ele></rtept><rtept lat="57.542763" lon="12.422993"><ele>15.6</ele></rtept><rtept lat="57.542783" lon="12.422938"><ele>15.4</ele></rtept><rtept lat="57.542802" lon="12.422867"><ele>15.8</ele></rtept><rtept lat="57.542808" lon="12.422825"><ele>15.6</ele></rtept><rtept lat="57.542815" lon="12.422793"><ele>16.0</ele></rtept><rtept lat="57.542828" lon="12.42275"><ele>16.0</ele></rtept><rtept lat="57.54284" lon="12.422715"><ele>15.6</ele></rtept><rtept lat="57.542853" lon="12.42269"><ele>16.0</ele></rtept><rtept lat="57.542867" lon="12.42265"><ele>15.8</ele></rtept><rtept lat="57.54288" lon="12.422617"><ele>15.8</ele></rtept><rtept lat="57.542898" lon="12.422585"><ele>16.2</ele></rtept><rtept lat="57.542912" lon="12.422558"><ele>16.0</ele></rtept><rtept lat="57.542923" lon="12.422532"><ele>16.0</ele></rtept><rtept lat="57.542937" lon="12.422502"><ele>16.2</ele></rtept><rtept lat="57.542943" lon="12.422465"><ele>16.0</ele></rtept><rtept lat="57.54295" lon="12.422432"><ele>16.0</ele></rtept><rtept lat="57.542962" lon="12.422405"><ele>16.2</ele></rtept><rtept lat="57.542975" lon="12.422373"><ele>16.0</ele></rtept><rtept lat="57.542982" lon="12.422308"><ele>16.2</ele></rtept><rtept lat="57.542982" lon="12.422267"><ele>16.2</ele></rtept><rtept lat="57.542988" lon="12.422227"><ele>16.0</ele></rtept><rtept lat="57.542995" lon="12.422178"><ele>16.0</ele></rtept><rtept lat="57.543007" lon="12.422135"><ele>15.4</ele></rtept><rtept lat="57.54302" lon="12.42209"><ele>15.6</ele></rtept><rtept lat="57.543027" lon="12.42205"><ele>16.0</ele></rtept><rtept lat="57.54304" lon="12.422"><ele>15.6</ele></rtept><rtept lat="57.543052" lon="12.42197"><ele>15.8</ele></rtept><rtept lat="57.543065" lon="12.421923"><ele>15.6</ele></rtept><rtept lat="57.543083" lon="12.421885"><ele>15.2</ele></rtept><rtept lat="57.543097" lon="12.421852"><ele>15.4</ele></rtept><rtept lat="57.54311" lon="12.421818"><ele>15.2</ele></rtept><rtept lat="57.543122" lon="12.421785"><ele>15.0</ele></rtept><rtept lat="57.543128" lon="12.421752"><ele>15.0</ele></rtept><rtept lat="57.543142" lon="12.421707"><ele>14.6</ele></rtept><rtept lat="57.543155" lon="12.421668"><ele>14.6</ele></rtept><rtept lat="57.543167" lon="12.421627"><ele>14.8</ele></rtept><rtept lat="57.54318" lon="12.42158"><ele>14.4</ele></rtept><rtept lat="57.543187" lon="12.421543"><ele>14.6</ele></rtept><rtept lat="57.543193" lon="12.421508"><ele>14.8</ele></rtept><rtept lat="57.543205" lon="12.421473"><ele>14.2</ele></rtept><rtept lat="57.543218" lon="12.421442"><ele>14.6</ele></rtept><rtept lat="57.543238" lon="12.421415"><ele>14.4</ele></rtept><rtept lat="57.543263" lon="12.42136"><ele>14.2</ele></rtept><rtept lat="57.543288" lon="12.42133"><ele>14.0</ele></rtept><rtept lat="57.543315" lon="12.42128"><ele>14.0</ele></rtept><rtept lat="57.543327" lon="12.421255"><ele>13.8</ele></rtept><rtept lat="57.543347" lon="12.421187"><ele>13.8</ele></rtept><rtept lat="57.54336" lon="12.421147"><ele>14.0</ele></rtept><rtept lat="57.543365" lon="12.42111"><ele>14.2</ele></rtept><rtept lat="57.543378" lon="12.421072"><ele>14.0</ele></rtept><rtept lat="57.543385" lon="12.421035"><ele>14.4</ele></rtept><rtept lat="57.543403" lon="12.420997"><ele>14.4</ele></rtept><rtept lat="57.543417" lon="12.420963"><ele>14.2</ele></rtept><rtept lat="57.543437" lon="12.420933"><ele>14.4</ele></rtept><rtept lat="57.543455" lon="12.420873"><ele>14.2</ele></rtept><rtept lat="57.543468" lon="12.420842"><ele>14.4</ele></rtept><rtept lat="57.54348" lon="12.420813"><ele>14.2</ele></rtept><rtept lat="57.5435" lon="12.420762"><ele>14.2</ele></rtept><rtept lat="57.543507" lon="12.420728"><ele>14.2</ele></rtept><rtept lat="57.543513" lon="12.420695"><ele>14.0</ele></rtept><rtept lat="57.543525" lon="12.420668"><ele>13.8</ele></rtept><rtept lat="57.543552" lon="12.420635"><ele>13.6</ele></rtept><rtept lat="57.54357" lon="12.420608"><ele>13.4</ele></rtept><rtept lat="57.543602" lon="12.420557"><ele>13.2</ele></rtept><rtept lat="57.543622" lon="12.42053"><ele>13.0</ele></rtept><rtept lat="57.543635" lon="12.420503"><ele>13.4</ele></rtept><rtept lat="57.54364" lon="12.420467"><ele>13.2</ele></rtept><rtept lat="57.543653" lon="12.420442"><ele>13.0</ele></rtept><rtept lat="57.543673" lon="12.420418"><ele>13.4</ele></rtept><rtept lat="57.543692" lon="12.42036"><ele>13.2</ele></rtept><rtept lat="57.543705" lon="12.420327"><ele>13.4</ele></rtept><rtept lat="57.543718" lon="12.420293"><ele>13.4</ele></rtept><rtept lat="57.54373" lon="12.420267"><ele>13.2</ele></rtept><rtept lat="57.543757" lon="12.42022"><ele>13.6</ele></rtept><rtept lat="57.543768" lon="12.420163"><ele>13.8</ele></rtept><rtept lat="57.543795" lon="12.420118"><ele>14.0</ele></rtept><rtept lat="57.543807" lon="12.420093"><ele>14.2</ele></rtept><rtept lat="57.543833" lon="12.420042"><ele>14.4</ele></rtept><rtept lat="57.543845" lon="12.420018"><ele>14.6</ele></rtept><rtept lat="57.543872" lon="12.419965"><ele>14.8</ele></rtept><rtept lat="57.543897" lon="12.419923"><ele>15.2</ele></rtept><rtept lat="57.543917" lon="12.41986"><ele>15.0</ele></rtept><rtept lat="57.543935" lon="12.4198"><ele>15.4</ele></rtept><rtept lat="57.543955" lon="12.419778"><ele>15.2</ele></rtept><rtept lat="57.543973" lon="12.41976"><ele>15.4</ele></rtept><rtept lat="57.543987" lon="12.419737"><ele>15.4</ele></rtept><rtept lat="57.544012" lon="12.419697"><ele>15.8</ele></rtept><rtept lat="57.544038" lon="12.419645"><ele>15.6</ele></rtept><rtept lat="57.54405" lon="12.41962"><ele>15.6</ele></rtept><rtept lat="57.544063" lon="12.419593"><ele>15.8</ele></rtept><rtept lat="57.544077" lon="12.419567"><ele>15.8</ele></rtept><rtept lat="57.544088" lon="12.419533"><ele>15.8</ele></rtept><rtept lat="57.544102" lon="12.41946"><ele>16.0</ele></rtept><rtept lat="57.544108" lon="12.419418"><ele>15.8</ele></rtept><rtept lat="57.544108" lon="12.419382"><ele>16.2</ele></rtept><rtept lat="57.544108" lon="12.419342"><ele>16.2</ele></rtept><rtept lat="57.544115" lon="12.419303"><ele>16.0</ele></rtept><rtept lat="57.544115" lon="12.419268"><ele>16.2</ele></rtept><rtept lat="57.54412" lon="12.41922"><ele>16.4</ele></rtept><rtept lat="57.544133" lon="12.41915"><ele>16.4</ele></rtept><rtept lat="57.54414" lon="12.419112"><ele>16.6</ele></rtept><rtept lat="57.544147" lon="12.41907"><ele>16.4</ele></rtept><rtept lat="57.544153" lon="12.419037"><ele>16.6</ele></rtept><rtept lat="57.544165" lon="12.418965"><ele>16.6</ele></rtept><rtept lat="57.544172" lon="12.418918"><ele>16.8</ele></rtept><rtept lat="57.544178" lon="12.418853"><ele>16.4</ele></rtept><rtept lat="57.544192" lon="12.418813"><ele>16.6</ele></rtept><rtept lat="57.544192" lon="12.418777"><ele>16.4</ele></rtept><rtept lat="57.544198" lon="12.418742"><ele>16.2</ele></rtept><rtept lat="57.544203" lon="12.418702"><ele>16.6</ele></rtept><rtept lat="57.544203" lon="12.418662"><ele>16.4</ele></rtept><rtept lat="57.54421" lon="12.418622"><ele>16.2</ele></rtept><rtept lat="57.54421" lon="12.418582"><ele>16.4</ele></rtept><rtept lat="57.54421" lon="12.418545"><ele>16.4</ele></rtept><rtept lat="57.544217" lon="12.418505"><ele>16.4</ele></rtept><rtept lat="57.544217" lon="12.41847"><ele>16.6</ele></rtept><rtept lat="57.544223" lon="12.41843"><ele>16.6</ele></rtept><rtept lat="57.54423" lon="12.41839"><ele>16.6</ele></rtept><rtept lat="57.544237" lon="12.418342"><ele>16.8</ele></rtept><rtept lat="57.544237" lon="12.418307"><ele>17.0</ele></rtept><rtept lat="57.544242" lon="12.418275"><ele>16.8</ele></rtept><rtept lat="57.544248" lon="12.418227"><ele>17.0</ele></rtept><rtept lat="57.544255" lon="12.418192"><ele>16.8</ele></rtept><rtept lat="57.544255" lon="12.418153"><ele>16.8</ele></rtept><rtept lat="57.544268" lon="12.418087"><ele>17.0</ele></rtept><rtept lat="57.544275" lon="12.418032"><ele>17.2</ele></rtept><rtept lat="57.544275" lon="12.417992"><ele>17.0</ele></rtept><rtept lat="57.544275" lon="12.417923"><ele>17.2</ele></rtept><rtept lat="57.54428" lon="12.417885"><ele>17.4</ele></rtept><rtept lat="57.544287" lon="12.417848"><ele>17.2</ele></rtept><rtept lat="57.544287" lon="12.417815"><ele>17.4</ele></rtept><rtept lat="57.544287" lon="12.41778"><ele>17.4</ele></rtept><rtept lat="57.544293" lon="12.417735"><ele>17.2</ele></rtept><rtept lat="57.544293" lon="12.4177"><ele>17.4</ele></rtept><rtept lat="57.544293" lon="12.41766"><ele>17.4</ele></rtept><rtept lat="57.5443" lon="12.41761"><ele>17.4</ele></rtept><rtept lat="57.544307" lon="12.417535"><ele>17.6</ele></rtept><rtept lat="57.544313" lon="12.417498"><ele>17.6</ele></rtept><rtept lat="57.544313" lon="12.417433"><ele>17.6</ele></rtept><rtept lat="57.544313" lon="12.417387"><ele>17.6</ele></rtept><rtept lat="57.544313" lon="12.417353"><ele>17.8</ele></rtept><rtept lat="57.544313" lon="12.417313"><ele>17.6</ele></rtept><rtept lat="57.54432" lon="12.417275"><ele>17.8</ele></rtept><rtept lat="57.54432" lon="12.41724"><ele>18.0</ele></rtept><rtept lat="57.54432" lon="12.417203"><ele>17.8</ele></rtept><rtept lat="57.544313" lon="12.41716"><ele>18.0</ele></rtept><rtept lat="57.544313" lon="12.417113"><ele>18.0</ele></rtept><rtept lat="57.544313" lon="12.417068"><ele>18.2</ele></rtept><rtept lat="57.5443" lon="12.41704"><ele>18.4</ele></rtept><rtept lat="57.544293" lon="12.417003"><ele>18.6</ele></rtept><rtept lat="57.544275" lon="12.416967"><ele>19.0</ele></rtept><rtept lat="57.544255" lon="12.41692"><ele>19.4</ele></rtept><rtept lat="57.544242" lon="12.41689"><ele>19.8</ele></rtept><rtept lat="57.544217" lon="12.416858"><ele>20.2</ele></rtept><rtept lat="57.544198" lon="12.416825"><ele>20.6</ele></rtept><rtept lat="57.544178" lon="12.416798"><ele>21.0</ele></rtept><rtept lat="57.54416" lon="12.416785"><ele>21.2</ele></rtept><rtept lat="57.544133" lon="12.416765"><ele>21.6</ele></rtept><rtept lat="57.544115" lon="12.416747"><ele>22.0</ele></rtept><rtept lat="57.544088" lon="12.416727"><ele>22.8</ele></rtept><rtept lat="57.54407" lon="12.416717"><ele>23.4</ele></rtept><rtept lat="57.54405" lon="12.416707"><ele>23.6</ele></rtept><rtept lat="57.544032" lon="12.416702"><ele>24.0</ele></rtept><rtept lat="57.544012" lon="12.416693"><ele>24.2</ele></rtept><rtept lat="57.543993" lon="12.416687"><ele>24.6</ele></rtept><rtept lat="57.543967" lon="12.416687"><ele>25.2</ele></rtept><rtept lat="57.543942" lon="12.41668"><ele>25.4</ele></rtept><rtept lat="57.543917" lon="12.416667"><ele>25.8</ele></rtept><rtept lat="57.54389" lon="12.416657"><ele>26.2</ele></rtept><rtept lat="57.543858" lon="12.416643"><ele>26.8</ele></rtept><rtept lat="57.54384" lon="12.416633"><ele>27.2</ele></rtept><rtept lat="57.543813" lon="12.416613"><ele>27.6</ele></rtept><rtept lat="57.543795" lon="12.416593"><ele>28.2</ele></rtept><rtept lat="57.543768" lon="12.416568"><ele>28.6</ele></rtept><rtept lat="57.54375" lon="12.416542"><ele>28.8</ele></rtept><rtept lat="57.543723" lon="12.416523"><ele>29.0</ele></rtept><rtept lat="57.543698" lon="12.416505"><ele>29.4</ele></rtept><rtept lat="57.543673" lon="12.41649"><ele>29.8</ele></rtept><rtept lat="57.543653" lon="12.41647"><ele>30.2</ele></rtept><rtept lat="57.543635" lon="12.41645"><ele>30.4</ele></rtept><rtept lat="57.543615" lon="12.416428"><ele>30.8</ele></rtept><rtept lat="57.54359" lon="12.416418"><ele>31.0</ele></rtept><rtept lat="57.543558" lon="12.416405"><ele>31.2</ele></rtept><rtept lat="57.543532" lon="12.416388"><ele>31.2</ele></rtept><rtept lat="57.543513" lon="12.416383"><ele>30.8</ele></rtept><rtept lat="57.543493" lon="12.416375"><ele>31.0</ele></rtept><rtept lat="57.543462" lon="12.416357"><ele>30.8</ele></rtept><rtept lat="57.543437" lon="12.416332"><ele>30.6</ele></rtept><rtept lat="57.543417" lon="12.416328"><ele>30.8</ele></rtept><rtept lat="57.543398" lon="12.416317"><ele>30.6</ele></rtept><rtept lat="57.543378" lon="12.416315"><ele>30.6</ele></rtept><rtept lat="57.54336" lon="12.41631"><ele>30.8</ele></rtept><rtept lat="57.54334" lon="12.4163"><ele>30.4</ele></rtept><rtept lat="57.54332" lon="12.41628"><ele>30.4</ele></rtept><rtept lat="57.543295" lon="12.41627"><ele>30.4</ele></rtept><rtept lat="57.54327" lon="12.41626"><ele>30.4</ele></rtept><rtept lat="57.543243" lon="12.416252"><ele>30.6</ele></rtept><rtept lat="57.543225" lon="12.41624"><ele>30.8</ele></rtept><rtept lat="57.543205" lon="12.41623"><ele>30.6</ele></rtept><rtept lat="57.543187" lon="12.416222"><ele>30.8</ele></rtept><rtept lat="57.54316" lon="12.416207"><ele>30.6</ele></rtept><rtept lat="57.543142" lon="12.4162"><ele>31.0</ele></rtept><rtept lat="57.543122" lon="12.416187"><ele>30.8</ele></rtept><rtept lat="57.543103" lon="12.41618"><ele>31.0</ele></rtept><rtept lat="57.543083" lon="12.416175"><ele>31.2</ele></rtept><rtept lat="57.543058" lon="12.416162"><ele>31.2</ele></rtept><rtept lat="57.543033" lon="12.416155"><ele>31.2</ele></rtept><rtept lat="57.543007" lon="12.416152"><ele>31.0</ele></rtept><rtept lat="57.542988" lon="12.416145"><ele>31.2</ele></rtept><rtept lat="57.542962" lon="12.41614"><ele>31.2</ele></rtept><rtept lat="57.542923" lon="12.416122"><ele>31.4</ele></rtept><rtept lat="57.542905" lon="12.41611"><ele>31.2</ele></rtept><rtept lat="57.542885" lon="12.416102"><ele>31.4</ele></rtept><rtept lat="57.54286" lon="12.416098"><ele>31.4</ele></rtept><rtept lat="57.542822" lon="12.416092"><ele>31.8</ele></rtept><rtept lat="57.542797" lon="12.416085"><ele>31.6</ele></rtept><rtept lat="57.542777" lon="12.416078"><ele>31.8</ele></rtept><rtept lat="57.542752" lon="12.416073"><ele>32.0</ele></rtept><rtept lat="57.542713" lon="12.416067"><ele>32.2</ele></rtept><rtept lat="57.542687" lon="12.41606"><ele>32.4</ele></rtept><rtept lat="57.542668" lon="12.416047"><ele>32.2</ele></rtept><rtept lat="57.542648" lon="12.416033"><ele>32.4</ele></rtept><rtept lat="57.542623" lon="12.416023"><ele>32.2</ele></rtept><rtept lat="57.542598" lon="12.416012"><ele>32.2</ele></rtept><rtept lat="57.542572" lon="12.415983"><ele>32.6</ele></rtept><rtept lat="57.542547" lon="12.415953"><ele>33.4</ele></rtept><rtept lat="57.542527" lon="12.41592"><ele>33.6</ele></rtept><rtept lat="57.542515" lon="12.415867"><ele>34.0</ele></rtept><rtept lat="57.542502" lon="12.415838"><ele>34.2</ele></rtept><rtept lat="57.542488" lon="12.415808"><ele>34.6</ele></rtept><rtept lat="57.542477" lon="12.415775"><ele>35.2</ele></rtept><rtept lat="57.542457" lon="12.41574"><ele>35.6</ele></rtept><rtept lat="57.542432" lon="12.41571"><ele>36.4</ele></rtept><rtept lat="57.542418" lon="12.415675"><ele>37.0</ele></rtept><rtept lat="57.542412" lon="12.415608"><ele>37.4</ele></rtept><rtept lat="57.542412" lon="12.415572"><ele>37.8</ele></rtept><rtept lat="57.542405" lon="12.41552"><ele>38.2</ele></rtept><rtept lat="57.5424" lon="12.415467"><ele>39.0</ele></rtept><rtept lat="57.542405" lon="12.415415"><ele>39.4</ele></rtept><rtept lat="57.5424" lon="12.415372"><ele>39.6</ele></rtept><rtept lat="57.542405" lon="12.415337"><ele>40.2</ele></rtept><rtept lat="57.542412" lon="12.415297"><ele>40.8</ele></rtept><rtept lat="57.542412" lon="12.415248"><ele>41.2</ele></rtept><rtept lat="57.542412" lon="12.415208"><ele>41.6</ele></rtept><rtept lat="57.542412" lon="12.415162"><ele>42.0</ele></rtept><rtept lat="57.542425" lon="12.415122"><ele>42.2</ele></rtept><rtept lat="57.542432" lon="12.415075"><ele>42.8</ele></rtept><rtept lat="57.542438" lon="12.415028"><ele>43.2</ele></rtept><rtept lat="57.54245" lon="12.414985"><ele>43.6</ele></rtept><rtept lat="57.542457" lon="12.414943"><ele>44.0</ele></rtept><rtept lat="57.542463" lon="12.414903"><ele>44.4</ele></rtept><rtept lat="57.54247" lon="12.41486"><ele>45.0</ele></rtept><rtept lat="57.54247" lon="12.414812"><ele>45.2</ele></rtept><rtept lat="57.542482" lon="12.414772"><ele>45.6</ele></rtept><rtept lat="57.542502" lon="12.414735"><ele>46.0</ele></rtept><rtept lat="57.542515" lon="12.414687"><ele>46.2</ele></rtept><rtept lat="57.542527" lon="12.414653"><ele>46.8</ele></rtept><rtept lat="57.542547" lon="12.414613"><ele>47.0</ele></rtept><rtept lat="57.542565" lon="12.414563"><ele>47.2</ele></rtept><rtept lat="57.542585" lon="12.414522"><ele>47.4</ele></rtept><rtept lat="57.542592" lon="12.414488"><ele>47.6</ele></rtept><rtept lat="57.54261" lon="12.41446"><ele>47.8</ele></rtept><rtept lat="57.542623" lon="12.41443"><ele>48.2</ele></rtept><rtept lat="57.542642" lon="12.41441"><ele>48.4</ele></rtept><rtept lat="57.542662" lon="12.414398"><ele>48.4</ele></rtept><rtept lat="57.542693" lon="12.414368"><ele>48.8</ele></rtept><rtept lat="57.54272" lon="12.414355"><ele>49.2</ele></rtept><rtept lat="57.542745" lon="12.414353"><ele>49.6</ele></rtept><rtept lat="57.542763" lon="12.414353"><ele>50.0</ele></rtept><rtept lat="57.54279" lon="12.414358"><ele>50.2</ele></rtept><rtept lat="57.542822" lon="12.41435"><ele>50.6</ele></rtept><rtept lat="57.542847" lon="12.414355"><ele>50.8</ele></rtept><rtept lat="57.542873" lon="12.41436"><ele>51.2</ele></rtept><rtept lat="57.542898" lon="12.41436"><ele>51.4</ele></rtept><rtept lat="57.542923" lon="12.414353"><ele>51.6</ele></rtept><rtept lat="57.54295" lon="12.414348"><ele>52.0</ele></rtept><rtept lat="57.542968" lon="12.414345"><ele>52.6</ele></rtept><rtept lat="57.542995" lon="12.41435"><ele>53.0</ele></rtept><rtept lat="57.543013" lon="12.414342"><ele>53.2</ele></rtept><rtept lat="57.543045" lon="12.414328"><ele>53.4</ele></rtept><rtept lat="57.543065" lon="12.414318"><ele>53.6</ele></rtept><rtept lat="57.543083" lon="12.41431"><ele>53.6</ele></rtept><rtept lat="57.543117" lon="12.414308"><ele>53.8</ele></rtept><rtept lat="57.543148" lon="12.414298"><ele>53.4</ele></rtept><rtept lat="57.543167" lon="12.414293"><ele>53.2</ele></rtept><rtept lat="57.5432" lon="12.41428"><ele>53.4</ele></rtept><rtept lat="57.543218" lon="12.414273"><ele>53.2</ele></rtept><rtept lat="57.543238" lon="12.414265"><ele>53.4</ele></rtept><rtept lat="57.543257" lon="12.414263"><ele>53.4</ele></rtept><rtept lat="57.543282" lon="12.414255"><ele>53.2</ele></rtept><rtept lat="57.543302" lon="12.414243"><ele>53.2</ele></rtept><rtept lat="57.54332" lon="12.414235"><ele>53.4</ele></rtept><rtept lat="57.54334" lon="12.414235"><ele>53.2</ele></rtept><rtept lat="57.54336" lon="12.41423"><ele>53.4</ele></rtept><rtept lat="57.543378" lon="12.414225"><ele>53.4</ele></rtept><rtept lat="57.543398" lon="12.41422"><ele>53.0</ele></rtept><rtept lat="57.543417" lon="12.414217"><ele>53.4</ele></rtept><rtept lat="57.543442" lon="12.41421"><ele>53.6</ele></rtept><rtept lat="57.543462" lon="12.41418"><ele>53.6</ele></rtept><rtept lat="57.54348" lon="12.414172"><ele>53.4</ele></rtept><rtept lat="57.5435" lon="12.414165"><ele>53.4</ele></rtept><rtept lat="57.54352" lon="12.414157"><ele>53.8</ele></rtept><rtept lat="57.543538" lon="12.414152"><ele>53.8</ele></rtept><rtept lat="57.543563" lon="12.414142"><ele>53.6</ele></rtept><rtept lat="57.54359" lon="12.41413"><ele>53.8</ele></rtept><rtept lat="57.543615" lon="12.414117"><ele>53.8</ele></rtept><rtept lat="57.543635" lon="12.414105"><ele>54.0</ele></rtept><rtept lat="57.54366" lon="12.414092"><ele>54.0</ele></rtept><rtept lat="57.54368" lon="12.41408"><ele>53.8</ele></rtept><rtept lat="57.543698" lon="12.414065"><ele>53.8</ele></rtept><rtept lat="57.543718" lon="12.41406"><ele>54.0</ele></rtept><rtept lat="57.543743" lon="12.41406"><ele>54.0</ele></rtept><rtept lat="57.543775" lon="12.414038"><ele>54.2</ele></rtept><rtept lat="57.543807" lon="12.414002"><ele>54.0</ele></rtept><rtept lat="57.54382" lon="12.413978"><ele>54.0</ele></rtept><rtept lat="57.54384" lon="12.413953"><ele>53.6</ele></rtept><rtept lat="57.543852" lon="12.413927"><ele>53.8</ele></rtept><rtept lat="57.543865" lon="12.4139"><ele>53.6</ele></rtept><rtept lat="57.54389" lon="12.413843"><ele>53.6</ele></rtept><rtept lat="57.543917" lon="12.413788"><ele>53.6</ele></rtept><rtept lat="57.543942" lon="12.413735"><ele>53.4</ele></rtept><rtept lat="57.543955" lon="12.413705"><ele>53.6</ele></rtept><rtept lat="57.54396" lon="12.413673"><ele>53.6</ele></rtept><rtept lat="57.54398" lon="12.413643"><ele>53.6</ele></rtept><rtept lat="57.543993" lon="12.413613"><ele>53.6</ele></rtept><rtept lat="57.544" lon="12.41358"><ele>53.6</ele></rtept><rtept lat="57.544012" lon="12.413545"><ele>53.6</ele></rtept><rtept lat="57.544012" lon="12.41351"><ele>54.0</ele></rtept><rtept lat="57.544025" lon="12.413477"><ele>53.8</ele></rtept><rtept lat="57.544032" lon="12.41344"><ele>54.2</ele></rtept><rtept lat="57.544038" lon="12.413375"><ele>54.6</ele></rtept><rtept lat="57.544038" lon="12.413338"><ele>54.8</ele></rtept><rtept lat="57.544043" lon="12.413298"><ele>55.0</ele></rtept><rtept lat="57.544038" lon="12.413265"><ele>54.8</ele></rtept><rtept lat="57.544032" lon="12.4132"><ele>55.0</ele></rtept><rtept lat="57.544025" lon="12.413147"><ele>55.4</ele></rtept><rtept lat="57.544012" lon="12.4131"><ele>56.0</ele></rtept><rtept lat="57.544" lon="12.413058"><ele>56.2</ele></rtept><rtept lat="57.543993" lon="12.413013"><ele>56.2</ele></rtept><rtept lat="57.543987" lon="12.412975"><ele>56.4</ele></rtept><rtept lat="57.54398" lon="12.412935"><ele>56.8</ele></rtept><rtept lat="57.54398" lon="12.412898"><ele>57.2</ele></rtept><rtept lat="57.543973" lon="12.412857"><ele>57.6</ele></rtept><rtept lat="57.54396" lon="12.412825"><ele>58.2</ele></rtept><rtept lat="57.543955" lon="12.41279"><ele>58.6</ele></rtept><rtept lat="57.543935" lon="12.412752"><ele>59.0</ele></rtept><rtept lat="57.543928" lon="12.412705"><ele>59.6</ele></rtept><rtept lat="57.543917" lon="12.41268"><ele>60.0</ele></rtept><rtept lat="57.54391" lon="12.412645"><ele>60.6</ele></rtept><rtept lat="57.543903" lon="12.412602"><ele>61.0</ele></rtept><rtept lat="57.543897" lon="12.412558"><ele>61.6</ele></rtept><rtept lat="57.54389" lon="12.412507"><ele>62.2</ele></rtept><rtept lat="57.543883" lon="12.412462"><ele>62.8</ele></rtept><rtept lat="57.54389" lon="12.412412"><ele>63.2</ele></rtept><rtept lat="57.543903" lon="12.41236"><ele>63.6</ele></rtept><rtept lat="57.543917" lon="12.412328"><ele>64.0</ele></rtept><rtept lat="57.543928" lon="12.412295"><ele>64.0</ele></rtept><rtept lat="57.543942" lon="12.412263"><ele>64.6</ele></rtept><rtept lat="57.543955" lon="12.41224"><ele>65.4</ele></rtept><rtept lat="57.54398" lon="12.412233"><ele>65.8</ele></rtept><rtept lat="57.544" lon="12.412223"><ele>66.4</ele></rtept><rtept lat="57.544018" lon="12.412215"><ele>66.6</ele></rtept><rtept lat="57.54405" lon="12.41218"><ele>66.8</ele></rtept><rtept lat="57.54407" lon="12.412153"><ele>67.2</ele></rtept><rtept lat="57.544088" lon="12.41211"><ele>67.4</ele></rtept><rtept lat="57.544102" lon="12.41207"><ele>67.6</ele></rtept><rtept lat="57.54412" lon="12.412043"><ele>67.8</ele></rtept><rtept lat="57.544133" lon="12.412018"><ele>68.0</ele></rtept><rtept lat="57.544153" lon="12.411972"><ele>68.4</ele></rtept><rtept lat="57.544172" lon="12.411937"><ele>68.6</ele></rtept><rtept lat="57.544192" lon="12.411905"><ele>68.8</ele></rtept><rtept lat="57.54421" lon="12.411872"><ele>69.0</ele></rtept><rtept lat="57.544223" lon="12.411823"><ele>69.4</ele></rtept><rtept lat="57.544217" lon="12.411787"><ele>69.6</ele></rtept><rtept lat="57.544223" lon="12.411753"><ele>70.0</ele></rtept><rtept lat="57.544237" lon="12.41172"><ele>70.4</ele></rtept><rtept lat="57.544237" lon="12.411672"><ele>70.6</ele></rtept><rtept lat="57.544237" lon="12.411627"><ele>71.0</ele></rtept><rtept lat="57.544237" lon="12.411585"><ele>71.2</ele></rtept><rtept lat="57.544237" lon="12.411535"><ele>71.6</ele></rtept><rtept lat="57.544237" lon="12.4115"><ele>72.0</ele></rtept><rtept lat="57.544237" lon="12.411463"><ele>72.2</ele></rtept><rtept lat="57.544237" lon="12.411417"><ele>72.4</ele></rtept><rtept lat="57.544237" lon="12.411357"><ele>72.8</ele></rtept><rtept lat="57.544237" lon="12.4113"><ele>73.0</ele></rtept><rtept lat="57.54423" lon="12.411252"><ele>73.2</ele></rtept><rtept lat="57.544217" lon="12.411218"><ele>73.2</ele></rtept><rtept lat="57.544198" lon="12.41117"><ele>73.6</ele></rtept><rtept lat="57.544178" lon="12.411153"><ele>73.4</ele></rtept><rtept lat="57.54414" lon="12.411127"><ele>73.8</ele></rtept><rtept lat="57.544115" lon="12.411123"><ele>73.8</ele></rtept><rtept lat="57.544095" lon="12.411117"><ele>74.0</ele></rtept><rtept lat="57.544077" lon="12.4111"><ele>74.2</ele></rtept><rtept lat="57.544057" lon="12.411087"><ele>74.2</ele></rtept><rtept lat="57.544038" lon="12.411073"><ele>74.6</ele></rtept><rtept lat="57.544012" lon="12.411053"><ele>74.2</ele></rtept><rtept lat="57.543993" lon="12.411043"><ele>74.4</ele></rtept><rtept lat="57.54396" lon="12.411013"><ele>74.4</ele></rtept><rtept lat="57.543942" lon="12.410998"><ele>74.4</ele></rtept><rtept lat="57.543917" lon="12.410958"><ele>74.4</ele></rtept><rtept lat="57.543897" lon="12.410935"><ele>74.4</ele></rtept><rtept lat="57.543878" lon="12.410915"><ele>74.6</ele></rtept><rtept lat="57.543852" lon="12.410858"><ele>74.4</ele></rtept><rtept lat="57.54384" lon="12.410825"><ele>74.4</ele></rtept><rtept lat="57.54382" lon="12.410793"><ele>74.2</ele></rtept><rtept lat="57.543813" lon="12.41075"><ele>74.0</ele></rtept><rtept lat="57.543813" lon="12.410705"><ele>74.0</ele></rtept><rtept lat="57.54382" lon="12.41067"><ele>73.6</ele></rtept><rtept lat="57.54384" lon="12.410637"><ele>73.8</ele></rtept><rtept lat="57.543852" lon="12.410577"><ele>73.8</ele></rtept><rtept lat="57.543872" lon="12.410507"><ele>74.2</ele></rtept><rtept lat="57.54389" lon="12.410458"><ele>74.4</ele></rtept><rtept lat="57.543903" lon="12.410412"><ele>74.4</ele></rtept><rtept lat="57.543917" lon="12.410387"><ele>74.8</ele></rtept><rtept lat="57.543935" lon="12.410332"><ele>75.0</ele></rtept><rtept lat="57.543942" lon="12.410272"><ele>75.6</ele></rtept><rtept lat="57.543942" lon="12.410227"><ele>75.4</ele></rtept><rtept lat="57.543942" lon="12.410182"><ele>75.6</ele></rtept><rtept lat="57.543942" lon="12.410143"><ele>75.8</ele></rtept><rtept lat="57.543942" lon="12.41011"><ele>75.8</ele></rtept><rtept lat="57.543942" lon="12.410077"><ele>76.2</ele></rtept><rtept lat="57.543942" lon="12.410037"><ele>76.2</ele></rtept><rtept lat="57.543935" lon="12.409983"><ele>76.6</ele></rtept><rtept lat="57.543922" lon="12.40995"><ele>76.8</ele></rtept><rtept lat="57.543903" lon="12.40993"><ele>77.2</ele></rtept><rtept lat="57.543872" lon="12.409892"><ele>77.2</ele></rtept><rtept lat="57.543852" lon="12.40988"><ele>77.4</ele></rtept><rtept lat="57.543833" lon="12.409875"><ele>77.4</ele></rtept><rtept lat="57.543813" lon="12.40986"><ele>77.4</ele></rtept><rtept lat="57.543795" lon="12.409842"><ele>77.6</ele></rtept><rtept lat="57.543775" lon="12.409822"><ele>77.6</ele></rtept><rtept lat="57.543743" lon="12.40978"><ele>77.8</ele></rtept><rtept lat="57.543712" lon="12.40974"><ele>77.8</ele></rtept><rtept lat="57.54368" lon="12.409707"><ele>78.0</ele></rtept><rtept lat="57.54364" lon="12.409673"><ele>78.2</ele></rtept><rtept lat="57.543615" lon="12.40964"><ele>78.2</ele></rtept><rtept lat="57.543597" lon="12.40962"><ele>78.4</ele></rtept><rtept lat="57.54357" lon="12.409587"><ele>78.6</ele></rtept><rtept lat="57.543552" lon="12.409567"><ele>78.8</ele></rtept><rtept lat="57.543532" lon="12.409558"><ele>78.6</ele></rtept><rtept lat="57.5435" lon="12.409542"><ele>79.0</ele></rtept><rtept lat="57.543462" lon="12.40953"><ele>79.4</ele></rtept><rtept lat="57.543442" lon="12.409523"><ele>79.2</ele></rtept><rtept lat="57.543417" lon="12.409522"><ele>79.4</ele></rtept><rtept lat="57.543392" lon="12.409528"><ele>79.8</ele></rtept><rtept lat="57.543347" lon="12.409523"><ele>79.8</ele></rtept><rtept lat="57.543327" lon="12.409522"><ele>80.0</ele></rtept><rtept lat="57.543302" lon="12.409522"><ele>80.0</ele></rtept><rtept lat="57.543282" lon="12.409528"><ele>80.2</ele></rtept><rtept lat="57.543263" lon="12.409535"><ele>80.4</ele></rtept><rtept lat="57.543238" lon="12.409552"><ele>80.2</ele></rtept><rtept lat="57.543218" lon="12.409558"><ele>80.4</ele></rtept><rtept lat="57.5432" lon="12.409568"><ele>80.2</ele></rtept><rtept lat="57.543173" lon="12.40958"><ele>80.4</ele></rtept><rtept lat="57.543148" lon="12.409588"><ele>80.6</ele></rtept><rtept lat="57.543128" lon="12.409598"><ele>80.6</ele></rtept><rtept lat="57.543103" lon="12.409603"><ele>80.8</ele></rtept><rtept lat="57.543083" lon="12.409613"><ele>80.8</ele></rtept><rtept lat="57.543065" lon="12.409623"><ele>80.8</ele></rtept><rtept lat="57.543045" lon="12.409627"><ele>81.0</ele></rtept><rtept lat="57.543027" lon="12.409633"><ele>81.0</ele></rtept><rtept lat="57.543" lon="12.40964"><ele>81.2</ele></rtept><rtept lat="57.542982" lon="12.409648"><ele>81.4</ele></rtept><rtept lat="57.542957" lon="12.409653"><ele>81.2</ele></rtept><rtept lat="57.542937" lon="12.409662"><ele>81.4</ele></rtept><rtept lat="57.542918" lon="12.409667"><ele>81.6</ele></rtept><rtept lat="57.542892" lon="12.409668"><ele>81.6</ele></rtept><rtept lat="57.542867" lon="12.409662"><ele>81.8</ele></rtept><rtept lat="57.542847" lon="12.409653"><ele>82.0</ele></rtept><rtept lat="57.542828" lon="12.409653"><ele>81.8</ele></rtept><rtept lat="57.542808" lon="12.409658"><ele>82.0</ele></rtept><rtept lat="57.542783" lon="12.409667"><ele>82.2</ele></rtept><rtept lat="57.542763" lon="12.409667"><ele>81.8</ele></rtept><rtept lat="57.542738" lon="12.409667"><ele>81.8</ele></rtept><rtept lat="57.5427" lon="12.40966"><ele>81.8</ele></rtept><rtept lat="57.54268" lon="12.40966"><ele>81.6</ele></rtept><rtept lat="57.542662" lon="12.409657"><ele>81.6</ele></rtept><rtept lat="57.542637" lon="12.409647"><ele>81.4</ele></rtept><rtept lat="57.54261" lon="12.40964"><ele>81.2</ele></rtept><rtept lat="57.542592" lon="12.409633"><ele>81.4</ele></rtept><rtept lat="57.542565" lon="12.409633"><ele>81.4</ele></rtept><rtept lat="57.542547" lon="12.409627"><ele>81.2</ele></rtept><rtept lat="57.54252" lon="12.40962"><ele>81.4</ele></rtept><rtept lat="57.542502" lon="12.409607"><ele>81.2</ele></rtept><rtept lat="57.542477" lon="12.409598"><ele>81.4</ele></rtept><rtept lat="57.54245" lon="12.409597"><ele>81.4</ele></rtept><rtept lat="57.542425" lon="12.409592"><ele>81.4</ele></rtept><rtept lat="57.542373" lon="12.409573"><ele>81.2</ele></rtept><rtept lat="57.542342" lon="12.409573"><ele>81.6</ele></rtept><rtept lat="57.542317" lon="12.409563"><ele>81.6</ele></rtept><rtept lat="57.542297" lon="12.409548"><ele>81.8</ele></rtept><rtept lat="57.542278" lon="12.409538"><ele>81.6</ele></rtept><rtept lat="57.542252" lon="12.409528"><ele>81.6</ele></rtept><rtept lat="57.542233" lon="12.409522"><ele>81.8</ele></rtept><rtept lat="57.542213" lon="12.409502"><ele>81.8</ele></rtept><rtept lat="57.542195" lon="12.409488"><ele>81.8</ele></rtept><rtept lat="57.542175" lon="12.409475"><ele>82.0</ele></rtept><rtept lat="57.542143" lon="12.409448"><ele>82.0</ele></rtept><rtept lat="57.542123" lon="12.409435"><ele>82.2</ele></rtept><rtept lat="57.542098" lon="12.40942"><ele>82.0</ele></rtept><rtept lat="57.54208" lon="12.409402"><ele>82.4</ele></rtept><rtept lat="57.54206" lon="12.409388"><ele>82.6</ele></rtept><rtept lat="57.54204" lon="12.409377"><ele>82.4</ele></rtept><rtept lat="57.542015" lon="12.40936"><ele>82.6</ele></rtept><rtept lat="57.54199" lon="12.409357"><ele>82.6</ele></rtept><rtept lat="57.541963" lon="12.409353"><ele>82.6</ele></rtept><rtept lat="57.541945" lon="12.40935"><ele>82.8</ele></rtept><rtept lat="57.541925" lon="12.409343"><ele>82.8</ele></rtept><rtept lat="57.5419" lon="12.40933"><ele>83.2</ele></rtept><rtept lat="57.541875" lon="12.409325"><ele>83.4</ele></rtept><rtept lat="57.541848" lon="12.409317"><ele>83.4</ele></rtept><rtept lat="57.541823" lon="12.409305"><ele>83.8</ele></rtept><rtept lat="57.541778" lon="12.40929"><ele>83.6</ele></rtept><rtept lat="57.541733" lon="12.409292"><ele>83.8</ele></rtept><rtept lat="57.541695" lon="12.409297"><ele>83.6</ele></rtept><rtept lat="57.54167" lon="12.409295"><ele>83.6</ele></rtept><rtept lat="57.541643" lon="12.409292"><ele>83.4</ele></rtept><rtept lat="57.541618" lon="12.40929"><ele>83.2</ele></rtept><rtept lat="57.541593" lon="12.409288"><ele>83.2</ele></rtept><rtept lat="57.541573" lon="12.409285"><ele>82.8</ele></rtept><rtept lat="57.541548" lon="12.409275"><ele>82.8</ele></rtept><rtept lat="57.541528" lon="12.40926"><ele>82.8</ele></rtept><rtept lat="57.541503" lon="12.409245"><ele>82.6</ele></rtept><rtept lat="57.541483" lon="12.40923"><ele>82.6</ele></rtept><rtept lat="57.541458" lon="12.409215"><ele>82.8</ele></rtept><rtept lat="57.54144" lon="12.4092"><ele>82.4</ele></rtept><rtept lat="57.5414" lon="12.40918"><ele>82.8</ele></rtept><rtept lat="57.541382" lon="12.409177"><ele>82.6</ele></rtept><rtept lat="57.541357" lon="12.409172"><ele>83.0</ele></rtept><rtept lat="57.541337" lon="12.409167"><ele>83.0</ele></rtept><rtept lat="57.541312" lon="12.409165"><ele>83.0</ele></rtept><rtept lat="57.541292" lon="12.409165"><ele>83.2</ele></rtept><rtept lat="57.541267" lon="12.409165"><ele>83.0</ele></rtept><rtept lat="57.541247" lon="12.409165"><ele>82.8</ele></rtept><rtept lat="57.541222" lon="12.40916"><ele>83.0</ele></rtept><rtept lat="57.541202" lon="12.409155"><ele>82.6</ele></rtept><rtept lat="57.541183" lon="12.40915"><ele>82.6</ele></rtept><rtept lat="57.541158" lon="12.40914"><ele>82.8</ele></rtept><rtept lat="57.541138" lon="12.409138"><ele>82.6</ele></rtept><rtept lat="57.54112" lon="12.409137"><ele>83.0</ele></rtept><rtept lat="57.5411" lon="12.409127"><ele>83.2</ele></rtept><rtept lat="57.541068" lon="12.409102"><ele>83.4</ele></rtept><rtept lat="57.541037" lon="12.409073"><ele>83.4</ele></rtept><rtept lat="57.54101" lon="12.409042"><ele>83.6</ele></rtept><rtept lat="57.540985" lon="12.409012"><ele>84.0</ele></rtept><rtept lat="57.540965" lon="12.408988"><ele>84.2</ele></rtept><rtept lat="57.54094" lon="12.408958"><ele>84.6</ele></rtept><rtept lat="57.54092" lon="12.40894"><ele>84.6</ele></rtept><rtept lat="57.540895" lon="12.408912"><ele>85.2</ele></rtept><rtept lat="57.540877" lon="12.408868"><ele>85.6</ele></rtept><rtept lat="57.540843" lon="12.408823"><ele>85.8</ele></rtept><rtept lat="57.540825" lon="12.408808"><ele>86.2</ele></rtept><rtept lat="57.540793" lon="12.40878"><ele>86.4</ele></rtept><rtept lat="57.54076" lon="12.40876"><ele>87.0</ele></rtept><rtept lat="57.540735" lon="12.408728"><ele>87.2</ele></rtept><rtept lat="57.540717" lon="12.40871"><ele>87.4</ele></rtept><rtept lat="57.540703" lon="12.408683"><ele>87.2</ele></rtept><rtept lat="57.540683" lon="12.408657"><ele>87.4</ele></rtept><rtept lat="57.540665" lon="12.408635"><ele>87.4</ele></rtept><rtept lat="57.540652" lon="12.40861"><ele>87.4</ele></rtept><rtept lat="57.540627" lon="12.40858"><ele>87.6</ele></rtept><rtept lat="57.540607" lon="12.408535"><ele>87.4</ele></rtept><rtept lat="57.540575" lon="12.408492"><ele>87.0</ele></rtept><rtept lat="57.54055" lon="12.408465"><ele>86.8</ele></rtept><rtept lat="57.540523" lon="12.408427"><ele>86.6</ele></rtept><rtept lat="57.540498" lon="12.408382"><ele>86.6</ele></rtept><rtept lat="57.54048" lon="12.408362"><ele>86.8</ele></rtept><rtept lat="57.54046" lon="12.408342"><ele>86.8</ele></rtept><rtept lat="57.54044" lon="12.40832"><ele>86.6</ele></rtept><rtept lat="57.540415" lon="12.40828"><ele>86.8</ele></rtept><rtept lat="57.540397" lon="12.408267"><ele>86.6</ele></rtept><rtept lat="57.540377" lon="12.408253"><ele>86.6</ele></rtept><rtept lat="57.540352" lon="12.408233"><ele>86.8</ele></rtept><rtept lat="57.540332" lon="12.408203"><ele>86.4</ele></rtept><rtept lat="57.54032" lon="12.408178"><ele>86.4</ele></rtept><rtept lat="57.5403" lon="12.408155"><ele>86.4</ele></rtept><rtept lat="57.540275" lon="12.408133"><ele>86.4</ele></rtept><rtept lat="57.540255" lon="12.408115"><ele>86.2</ele></rtept><rtept lat="57.54023" lon="12.408095"><ele>86.4</ele></rtept><rtept lat="57.540198" lon="12.408068"><ele>86.4</ele></rtept><rtept lat="57.540178" lon="12.408063"><ele>86.2</ele></rtept><rtept lat="57.540153" lon="12.40806"><ele>86.4</ele></rtept><rtept lat="57.540133" lon="12.40804"><ele>86.4</ele></rtept><rtept lat="57.540115" lon="12.40802"><ele>86.4</ele></rtept><rtept lat="57.540082" lon="12.40799"><ele>86.4</ele></rtept><rtept lat="57.54005" lon="12.407955"><ele>86.2</ele></rtept><rtept lat="57.540032" lon="12.407935"><ele>86.0</ele></rtept><rtept lat="57.540012" lon="12.407908"><ele>85.6</ele></rtept><rtept lat="57.539993" lon="12.407892"><ele>85.4</ele></rtept><rtept lat="57.539967" lon="12.407867"><ele>85.4</ele></rtept><rtept lat="57.539948" lon="12.407832"><ele>85.0</ele></rtept><rtept lat="57.539917" lon="12.4078"><ele>85.0</ele></rtept><rtept lat="57.53989" lon="12.407772"><ele>85.4</ele></rtept><rtept lat="57.539872" lon="12.40775"><ele>85.4</ele></rtept><rtept lat="57.53984" lon="12.407735"><ele>85.8</ele></rtept><rtept lat="57.539813" lon="12.40773"><ele>85.6</ele></rtept><rtept lat="57.539788" lon="12.407705"><ele>85.8</ele></rtept><rtept lat="57.539762" lon="12.407685"><ele>86.0</ele></rtept><rtept lat="57.539737" lon="12.407665"><ele>86.0</ele></rtept><rtept lat="57.539712" lon="12.407653"><ele>86.2</ele></rtept><rtept lat="57.539692" lon="12.40762"><ele>86.2</ele></rtept><rtept lat="57.53968" lon="12.407597"><ele>86.6</ele></rtept><rtept lat="57.53966" lon="12.40758"><ele>86.8</ele></rtept><rtept lat="57.53964" lon="12.407577"><ele>87.2</ele></rtept><rtept lat="57.539622" lon="12.407577"><ele>87.0</ele></rtept><rtept lat="57.539602" lon="12.407578"><ele>87.0</ele></rtept><rtept lat="57.539577" lon="12.407568"><ele>87.2</ele></rtept><rtept lat="57.539552" lon="12.407568"><ele>87.4</ele></rtept><rtept lat="57.539525" lon="12.407578"><ele>87.0</ele></rtept><rtept lat="57.539493" lon="12.407603"><ele>87.0</ele></rtept><rtept lat="57.539475" lon="12.407617"><ele>86.8</ele></rtept><rtept lat="57.539455" lon="12.407627"><ele>86.6</ele></rtept><rtept lat="57.53943" lon="12.40764"><ele>86.4</ele></rtept><rtept lat="57.53941" lon="12.407647"><ele>86.2</ele></rtept><rtept lat="57.539392" lon="12.407653"><ele>86.2</ele></rtept><rtept lat="57.539372" lon="12.407667"><ele>86.4</ele></rtept><rtept lat="57.539353" lon="12.407678"><ele>86.2</ele></rtept><rtept lat="57.539333" lon="12.407692"><ele>86.4</ele></rtept><rtept lat="57.539295" lon="12.407735"><ele>86.2</ele></rtept><rtept lat="57.53927" lon="12.407745"><ele>86.4</ele></rtept><rtept lat="57.539243" lon="12.407765"><ele>86.2</ele></rtept><rtept lat="57.539225" lon="12.407775"><ele>86.4</ele></rtept><rtept lat="57.5392" lon="12.407777"><ele>86.4</ele></rtept><rtept lat="57.53918" lon="12.407777"><ele>86.6</ele></rtept><rtept lat="57.539155" lon="12.407772"><ele>86.8</ele></rtept><rtept lat="57.539128" lon="12.407798"><ele>87.0</ele></rtept><rtept lat="57.53911" lon="12.407802"><ele>87.0</ele></rtept><rtept lat="57.53909" lon="12.407805"><ele>86.8</ele></rtept><rtept lat="57.539065" lon="12.4078"><ele>86.6</ele></rtept><rtept lat="57.539045" lon="12.407812"><ele>86.8</ele></rtept><rtept lat="57.53902" lon="12.407822"><ele>86.8</ele></rtept><rtept lat="57.538995" lon="12.407835"><ele>86.6</ele></rtept><rtept lat="57.538962" lon="12.40785"><ele>87.2</ele></rtept><rtept lat="57.538937" lon="12.40783"><ele>87.0</ele></rtept><rtept lat="57.538918" lon="12.407825"><ele>87.0</ele></rtept><rtept lat="57.538898" lon="12.407815"><ele>87.4</ele></rtept><rtept lat="57.538867" lon="12.407812"><ele>87.2</ele></rtept><rtept lat="57.538835" lon="12.407802"><ele>87.6</ele></rtept><rtept lat="57.53879" lon="12.4078"><ele>87.4</ele></rtept><rtept lat="57.538758" lon="12.40782"><ele>87.4</ele></rtept><rtept lat="57.538713" lon="12.407805"><ele>87.8</ele></rtept><rtept lat="57.538668" lon="12.407797"><ele>87.8</ele></rtept><rtept lat="57.538637" lon="12.407798"><ele>87.6</ele></rtept><rtept lat="57.538617" lon="12.4078"><ele>87.6</ele></rtept><rtept lat="57.538592" lon="12.407785"><ele>87.6</ele></rtept><rtept lat="57.538553" lon="12.407805"><ele>87.2</ele></rtept><rtept lat="57.538515" lon="12.407792"><ele>87.4</ele></rtept><rtept lat="57.538508" lon="12.40774"><ele>87.0</ele></rtept><rtept lat="57.538495" lon="12.407705"><ele>87.0</ele></rtept><rtept lat="57.538488" lon="12.407667"><ele>87.0</ele></rtept><rtept lat="57.53847" lon="12.407638"><ele>86.6</ele></rtept><rtept lat="57.53845" lon="12.407602"><ele>86.2</ele></rtept><rtept lat="57.538418" lon="12.40756"><ele>86.2</ele></rtept><rtept lat="57.5384" lon="12.407502"><ele>85.4</ele></rtept><rtept lat="57.538393" lon="12.407468"><ele>85.4</ele></rtept><rtept lat="57.538373" lon="12.407443"><ele>85.2</ele></rtept><rtept lat="57.538355" lon="12.407435"><ele>85.4</ele></rtept><rtept lat="57.538328" lon="12.407402"><ele>85.2</ele></rtept><rtept lat="57.53829" lon="12.40736"><ele>85.4</ele></rtept><rtept lat="57.538258" lon="12.40733"><ele>85.8</ele></rtept><rtept lat="57.538233" lon="12.40733"><ele>85.2</ele></rtept><rtept lat="57.538207" lon="12.40734"><ele>85.4</ele></rtept><rtept lat="57.538182" lon="12.40734"><ele>85.2</ele></rtept><rtept lat="57.538162" lon="12.407338"><ele>84.8</ele></rtept><rtept lat="57.538143" lon="12.407338"><ele>85.0</ele></rtept><rtept lat="57.538118" lon="12.407342"><ele>84.8</ele></rtept><rtept lat="57.538098" lon="12.407353"><ele>84.6</ele></rtept><rtept lat="57.53808" lon="12.407355"><ele>84.8</ele></rtept><rtept lat="57.53806" lon="12.40735"><ele>84.6</ele></rtept><rtept lat="57.538035" lon="12.407345"><ele>84.4</ele></rtept><rtept lat="57.538015" lon="12.407335"><ele>84.6</ele></rtept><rtept lat="57.537997" lon="12.407328"><ele>84.6</ele></rtept><rtept lat="57.53797" lon="12.40732"><ele>84.6</ele></rtept><rtept lat="57.537952" lon="12.407313"><ele>84.8</ele></rtept><rtept lat="57.537932" lon="12.407305"><ele>84.6</ele></rtept><rtept lat="57.537913" lon="12.407293"><ele>84.6</ele></rtept><rtept lat="57.537893" lon="12.40728"><ele>84.8</ele></rtept><rtept lat="57.537875" lon="12.40727"><ele>84.6</ele></rtept><rtept lat="57.537855" lon="12.40726"><ele>84.6</ele></rtept><rtept lat="57.537837" lon="12.407243"><ele>84.8</ele></rtept><rtept lat="57.537817" lon="12.407225"><ele>84.8</ele></rtept><rtept lat="57.537798" lon="12.407205"><ele>84.8</ele></rtept><rtept lat="57.537778" lon="12.40719"><ele>85.0</ele></rtept><rtept lat="57.537753" lon="12.407177"><ele>85.0</ele></rtept><rtept lat="57.537733" lon="12.40716"><ele>84.6</ele></rtept><rtept lat="57.537702" lon="12.407137"><ele>85.0</ele></rtept><rtept lat="57.537682" lon="12.40712"><ele>84.8</ele></rtept><rtept lat="57.537663" lon="12.407105"><ele>85.0</ele></rtept><rtept lat="57.537643" lon="12.407092"><ele>85.0</ele></rtept><rtept lat="57.537625" lon="12.407078"><ele>85.0</ele></rtept><rtept lat="57.537598" lon="12.407038"><ele>85.2</ele></rtept><rtept lat="57.537567" lon="12.406998"><ele>85.6</ele></rtept><rtept lat="57.537548" lon="12.406982"><ele>85.4</ele></rtept><rtept lat="57.53751" lon="12.406953"><ele>85.4</ele></rtept><rtept lat="57.537483" lon="12.406917"><ele>85.4</ele></rtept><rtept lat="57.537465" lon="12.406898"><ele>85.6</ele></rtept><rtept lat="57.53744" lon="12.406853"><ele>86.0</ele></rtept><rtept lat="57.537413" lon="12.406817"><ele>86.2</ele></rtept><rtept lat="57.537382" lon="12.406773"><ele>86.6</ele></rtept><rtept lat="57.537368" lon="12.406748"><ele>86.6</ele></rtept><rtept lat="57.53735" lon="12.406722"><ele>86.6</ele></rtept><rtept lat="57.537318" lon="12.406673"><ele>87.0</ele></rtept><rtept lat="57.537305" lon="12.406645"><ele>87.0</ele></rtept><rtept lat="57.537285" lon="12.40662"><ele>87.4</ele></rtept><rtept lat="57.537267" lon="12.406593"><ele>87.6</ele></rtept><rtept lat="57.537228" lon="12.40657"><ele>88.2</ele></rtept><rtept lat="57.537202" lon="12.406537"><ele>88.6</ele></rtept><rtept lat="57.537183" lon="12.406513"><ele>89.0</ele></rtept><rtept lat="57.537152" lon="12.406472"><ele>89.0</ele></rtept><rtept lat="57.537125" lon="12.406437"><ele>89.0</ele></rtept><rtept lat="57.537107" lon="12.406417"><ele>89.2</ele></rtept><rtept lat="57.53708" lon="12.40638"><ele>89.4</ele></rtept><rtept lat="57.537048" lon="12.406342"><ele>89.2</ele></rtept><rtept lat="57.537023" lon="12.406305"><ele>89.2</ele></rtept><rtept lat="57.536998" lon="12.406265"><ele>89.4</ele></rtept><rtept lat="57.536978" lon="12.406247"><ele>89.0</ele></rtept><rtept lat="57.536947" lon="12.406203"><ele>89.2</ele></rtept><rtept lat="57.536927" lon="12.40618"><ele>89.2</ele></rtept><rtept lat="57.536895" lon="12.406147"><ele>89.4</ele></rtept><rtept lat="57.53687" lon="12.406138"><ele>89.2</ele></rtept><rtept lat="57.536843" lon="12.406127"><ele>89.6</ele></rtept><rtept lat="57.536812" lon="12.406117"><ele>90.0</ele></rtept><rtept lat="57.536787" lon="12.406102"><ele>89.8</ele></rtept><rtept lat="57.536767" lon="12.406087"><ele>90.2</ele></rtept><rtept lat="57.536742" lon="12.406063"><ele>90.2</ele></rtept><rtept lat="57.536717" lon="12.406048"><ele>90.0</ele></rtept><rtept lat="57.53669" lon="12.406048"><ele>90.2</ele></rtept><rtept lat="57.536672" lon="12.406048"><ele>90.2</ele></rtept><rtept lat="57.536652" lon="12.406042"><ele>90.0</ele></rtept><rtept lat="57.536633" lon="12.406035"><ele>90.4</ele></rtept><rtept lat="57.536613" lon="12.406032"><ele>90.4</ele></rtept><rtept lat="57.536595" lon="12.406048"><ele>90.4</ele></rtept><rtept lat="57.536575" lon="12.40606"><ele>90.4</ele></rtept><rtept lat="57.53655" lon="12.40606"><ele>90.4</ele></rtept><rtept lat="57.53653" lon="12.406055"><ele>90.4</ele></rtept><rtept lat="57.536498" lon="12.406028"><ele>90.2</ele></rtept><rtept lat="57.536473" lon="12.406022"><ele>90.4</ele></rtept><rtept lat="57.536447" lon="12.406022"><ele>90.4</ele></rtept><rtept lat="57.536422" lon="12.40602"><ele>90.2</ele></rtept><rtept lat="57.536397" lon="12.406018"><ele>90.6</ele></rtept><rtept lat="57.536377" lon="12.406015"><ele>90.4</ele></rtept><rtept lat="57.536345" lon="12.406003"><ele>90.4</ele></rtept><rtept lat="57.536313" lon="12.406002"><ele>90.4</ele></rtept><rtept lat="57.536293" lon="12.405995"><ele>90.6</ele></rtept><rtept lat="57.536275" lon="12.405983"><ele>90.6</ele></rtept><rtept lat="57.536255" lon="12.405968"><ele>90.6</ele></rtept><rtept lat="57.53623" lon="12.405942"><ele>90.8</ele></rtept><rtept lat="57.536203" lon="12.40593"><ele>91.2</ele></rtept><rtept lat="57.536185" lon="12.405908"><ele>91.2</ele></rtept><rtept lat="57.53616" lon="12.405865"><ele>91.2</ele></rtept><rtept lat="57.536133" lon="12.405825"><ele>91.8</ele></rtept><rtept lat="57.536115" lon="12.405803"><ele>91.4</ele></rtept><rtept lat="57.536082" lon="12.405777"><ele>91.8</ele></rtept><rtept lat="57.536063" lon="12.40575"><ele>91.4</ele></rtept><rtept lat="57.536043" lon="12.40573"><ele>91.8</ele></rtept><rtept lat="57.536025" lon="12.405715"><ele>91.8</ele></rtept><rtept lat="57.536005" lon="12.405697"><ele>91.4</ele></rtept><rtept lat="57.535973" lon="12.40567"><ele>91.8</ele></rtept><rtept lat="57.535955" lon="12.405647"><ele>91.6</ele></rtept><rtept lat="57.535922" lon="12.40561"><ele>92.0</ele></rtept><rtept lat="57.535897" lon="12.405587"><ele>91.8</ele></rtept><rtept lat="57.535865" lon="12.405547"><ele>92.0</ele></rtept><rtept lat="57.535833" lon="12.405517"><ele>92.0</ele></rtept><rtept lat="57.535813" lon="12.405492"><ele>91.6</ele></rtept><rtept lat="57.535795" lon="12.405467"><ele>91.6</ele></rtept><rtept lat="57.535762" lon="12.405427"><ele>91.4</ele></rtept><rtept lat="57.535743" lon="12.405413"><ele>91.4</ele></rtept><rtept lat="57.535705" lon="12.40536"><ele>91.6</ele></rtept><rtept lat="57.535692" lon="12.405335"><ele>91.8</ele></rtept><rtept lat="57.535673" lon="12.405313"><ele>92.2</ele></rtept><rtept lat="57.535653" lon="12.405288"><ele>91.8</ele></rtept><rtept lat="57.535635" lon="12.40526"><ele>92.2</ele></rtept><rtept lat="57.535615" lon="12.405228"><ele>92.4</ele></rtept><rtept lat="57.535597" lon="12.405202"><ele>92.2</ele></rtept><rtept lat="57.535577" lon="12.405175"><ele>92.4</ele></rtept><rtept lat="57.535558" lon="12.405145"><ele>92.2</ele></rtept><rtept lat="57.535532" lon="12.405123"><ele>92.2</ele></rtept><rtept lat="57.5355" lon="12.40508"><ele>92.2</ele></rtept><rtept lat="57.535475" lon="12.405043"><ele>92.0</ele></rtept><rtept lat="57.535455" lon="12.405007"><ele>92.2</ele></rtept><rtept lat="57.53543" lon="12.404977"><ele>92.2</ele></rtept><rtept lat="57.53541" lon="12.404945"><ele>91.8</ele></rtept><rtept lat="57.535392" lon="12.40492"><ele>91.8</ele></rtept><rtept lat="57.535372" lon="12.404898"><ele>91.8</ele></rtept><rtept lat="57.535353" lon="12.404877"><ele>91.6</ele></rtept><rtept lat="57.535327" lon="12.404837"><ele>91.8</ele></rtept><rtept lat="57.535315" lon="12.404812"><ele>91.6</ele></rtept><rtept lat="57.535302" lon="12.404783"><ele>91.8</ele></rtept><rtept lat="57.535282" lon="12.404758"><ele>91.8</ele></rtept><rtept lat="57.53527" lon="12.404733"><ele>91.6</ele></rtept><rtept lat="57.53525" lon="12.404713"><ele>92.0</ele></rtept><rtept lat="57.535218" lon="12.404668"><ele>91.8</ele></rtept><rtept lat="57.5352" lon="12.404648"><ele>92.0</ele></rtept><rtept lat="57.535187" lon="12.404623"><ele>92.0</ele></rtept><rtept lat="57.535173" lon="12.4046"><ele>92.0</ele></rtept><rtept lat="57.535142" lon="12.40456"><ele>92.0</ele></rtept><rtept lat="57.535122" lon="12.404535"><ele>92.0</ele></rtept><rtept lat="57.535103" lon="12.40451"><ele>92.2</ele></rtept><rtept lat="57.535083" lon="12.40449"><ele>92.0</ele></rtept><rtept lat="57.535065" lon="12.404465"><ele>91.8</ele></rtept><rtept lat="57.535045" lon="12.404437"><ele>92.0</ele></rtept><rtept lat="57.535027" lon="12.404403"><ele>92.0</ele></rtept><rtept lat="57.534995" lon="12.40436"><ele>91.8</ele></rtept><rtept lat="57.534975" lon="12.404343"><ele>91.8</ele></rtept><rtept lat="57.534957" lon="12.404322"><ele>91.4</ele></rtept><rtept lat="57.534937" lon="12.4043"><ele>91.2</ele></rtept><rtept lat="57.534918" lon="12.40428"><ele>91.2</ele></rtept><rtept lat="57.534898" lon="12.40426"><ele>90.8</ele></rtept><rtept lat="57.53488" lon="12.40424"><ele>90.6</ele></rtept><rtept lat="57.53486" lon="12.404227"><ele>90.6</ele></rtept><rtept lat="57.53484" lon="12.40421"><ele>90.2</ele></rtept><rtept lat="57.534808" lon="12.404177"><ele>90.6</ele></rtept><rtept lat="57.53479" lon="12.404158"><ele>90.2</ele></rtept><rtept lat="57.534763" lon="12.404142"><ele>90.4</ele></rtept><rtept lat="57.534745" lon="12.404127"><ele>90.6</ele></rtept><rtept lat="57.534725" lon="12.404108"><ele>90.2</ele></rtept><rtept lat="57.5347" lon="12.4041"><ele>90.4</ele></rtept><rtept lat="57.53468" lon="12.404093"><ele>90.4</ele></rtept><rtept lat="57.534655" lon="12.404083"><ele>90.2</ele></rtept><rtept lat="57.534637" lon="12.404072"><ele>90.4</ele></rtept><rtept lat="57.534617" lon="12.404053"><ele>90.6</ele></rtept><rtept lat="57.534598" lon="12.404037"><ele>90.4</ele></rtept><rtept lat="57.534578" lon="12.40402"><ele>90.6</ele></rtept><rtept lat="57.53456" lon="12.404007"><ele>90.6</ele></rtept><rtept lat="57.534533" lon="12.403997"><ele>90.4</ele></rtept><rtept lat="57.534508" lon="12.40398"><ele>90.8</ele></rtept><rtept lat="57.534488" lon="12.403963"><ele>90.8</ele></rtept><rtept lat="57.53447" lon="12.403947"><ele>90.6</ele></rtept><rtept lat="57.53445" lon="12.403932"><ele>91.0</ele></rtept><rtept lat="57.534432" lon="12.40391"><ele>90.8</ele></rtept><rtept lat="57.534412" lon="12.403895"><ele>90.8</ele></rtept><rtept lat="57.534393" lon="12.403878"><ele>91.2</ele></rtept><rtept lat="57.53436" lon="12.403848"><ele>91.2</ele></rtept><rtept lat="57.534342" lon="12.403835"><ele>91.6</ele></rtept><rtept lat="57.534322" lon="12.403815"><ele>91.6</ele></rtept><rtept lat="57.534303" lon="12.4038"><ele>92.0</ele></rtept><rtept lat="57.534283" lon="12.40378"><ele>92.2</ele></rtept><rtept lat="57.534265" lon="12.403765"><ele>92.0</ele></rtept><rtept lat="57.534245" lon="12.40375"><ele>92.4</ele></rtept><rtept lat="57.53422" lon="12.403703"><ele>92.4</ele></rtept><rtept lat="57.5342" lon="12.403677"><ele>92.6</ele></rtept><rtept lat="57.534168" lon="12.403647"><ele>93.0</ele></rtept><rtept lat="57.53415" lon="12.40363"><ele>93.2</ele></rtept><rtept lat="57.53413" lon="12.403615"><ele>93.0</ele></rtept><rtept lat="57.534105" lon="12.403612"><ele>93.2</ele></rtept><rtept lat="57.534073" lon="12.403612"><ele>93.4</ele></rtept><rtept lat="57.534047" lon="12.403598"><ele>93.0</ele></rtept><rtept lat="57.534028" lon="12.40358"><ele>93.2</ele></rtept><rtept lat="57.534008" lon="12.403565"><ele>93.6</ele></rtept><rtept lat="57.533983" lon="12.403532"><ele>93.0</ele></rtept><rtept lat="57.533963" lon="12.403507"><ele>93.4</ele></rtept><rtept lat="57.533945" lon="12.403487"><ele>93.6</ele></rtept><rtept lat="57.533925" lon="12.403465"><ele>93.4</ele></rtept><rtept lat="57.5339" lon="12.403445"><ele>93.6</ele></rtept><rtept lat="57.53388" lon="12.403428"><ele>93.8</ele></rtept><rtept lat="57.533848" lon="12.403388"><ele>93.6</ele></rtept><rtept lat="57.533823" lon="12.403358"><ele>93.4</ele></rtept><rtept lat="57.533803" lon="12.40334"><ele>93.2</ele></rtept><rtept lat="57.533785" lon="12.40332"><ele>93.2</ele></rtept><rtept lat="57.533765" lon="12.403298"><ele>92.8</ele></rtept><rtept lat="57.533747" lon="12.403273"><ele>92.8</ele></rtept><rtept lat="57.533727" lon="12.403247"><ele>92.8</ele></rtept><rtept lat="57.533695" lon="12.403208"><ele>92.6</ele></rtept><rtept lat="57.53367" lon="12.403185"><ele>92.6</ele></rtept><rtept lat="57.53365" lon="12.403165"><ele>92.4</ele></rtept><rtept lat="57.533632" lon="12.403148"><ele>92.2</ele></rtept><rtept lat="57.533612" lon="12.403133"><ele>92.6</ele></rtept><rtept lat="57.533593" lon="12.403105"><ele>92.2</ele></rtept><rtept lat="57.533567" lon="12.403088"><ele>92.6</ele></rtept><rtept lat="57.533542" lon="12.403078"><ele>92.4</ele></rtept><rtept lat="57.533522" lon="12.403065"><ele>92.6</ele></rtept><rtept lat="57.53349" lon="12.40305"><ele>92.6</ele></rtept><rtept lat="57.533472" lon="12.403045"><ele>92.8</ele></rtept><rtept lat="57.533452" lon="12.403037"><ele>93.0</ele></rtept><rtept lat="57.533427" lon="12.403028"><ele>92.8</ele></rtept><rtept lat="57.5334" lon="12.40302"><ele>93.0</ele></rtept><rtept lat="57.533368" lon="12.403"><ele>92.8</ele></rtept><rtept lat="57.533337" lon="12.40297"><ele>92.8</ele></rtept><rtept lat="57.533318" lon="12.402957"><ele>92.8</ele></rtept><rtept lat="57.533298" lon="12.402943"><ele>92.6</ele></rtept><rtept lat="57.533278" lon="12.402935"><ele>92.8</ele></rtept><rtept lat="57.533253" lon="12.402922"><ele>92.4</ele></rtept><rtept lat="57.533222" lon="12.40291"><ele>92.2</ele></rtept><rtept lat="57.53319" lon="12.402892"><ele>92.4</ele></rtept><rtept lat="57.533163" lon="12.402872"><ele>92.2</ele></rtept><rtept lat="57.533138" lon="12.402865"><ele>92.0</ele></rtept><rtept lat="57.53312" lon="12.40286"><ele>92.2</ele></rtept><rtept lat="57.5331" lon="12.402852"><ele>92.2</ele></rtept><rtept lat="57.533075" lon="12.402818"><ele>92.0</ele></rtept><rtept lat="57.533055" lon="12.402805"><ele>92.2</ele></rtept><rtept lat="57.533037" lon="12.402795"><ele>92.0</ele></rtept><rtept lat="57.533017" lon="12.402787"><ele>92.2</ele></rtept><rtept lat="57.532998" lon="12.402782"><ele>92.2</ele></rtept><rtept lat="57.532978" lon="12.40277"><ele>91.8</ele></rtept><rtept lat="57.53296" lon="12.40275"><ele>92.2</ele></rtept><rtept lat="57.53294" lon="12.402738"><ele>92.2</ele></rtept><rtept lat="57.53292" lon="12.402732"><ele>92.0</ele></rtept><rtept lat="57.532902" lon="12.402718"><ele>92.0</ele></rtept><rtept lat="57.532877" lon="12.402703"><ele>92.0</ele></rtept><rtept lat="57.532857" lon="12.402683"><ele>91.8</ele></rtept><rtept lat="57.532832" lon="12.402642"><ele>92.0</ele></rtept><rtept lat="57.532812" lon="12.402627"><ele>91.6</ele></rtept><rtept lat="57.532793" lon="12.40262"><ele>91.8</ele></rtept><rtept lat="57.532773" lon="12.402613"><ele>92.0</ele></rtept><rtept lat="57.532748" lon="12.4026"><ele>91.8</ele></rtept><rtept lat="57.532728" lon="12.402588"><ele>92.0</ele></rtept><rtept lat="57.53271" lon="12.402578"><ele>92.2</ele></rtept><rtept lat="57.532683" lon="12.402557"><ele>92.0</ele></rtept><rtept lat="57.532658" lon="12.402535"><ele>92.2</ele></rtept><rtept lat="57.53264" lon="12.40251"><ele>92.2</ele></rtept><rtept lat="57.532613" lon="12.402488"><ele>91.8</ele></rtept><rtept lat="57.532595" lon="12.402462"><ele>91.8</ele></rtept><rtept lat="57.532575" lon="12.402435"><ele>91.8</ele></rtept><rtept lat="57.532562" lon="12.402408"><ele>91.6</ele></rtept><rtept lat="57.53253" lon="12.40237"><ele>91.8</ele></rtept><rtept lat="57.532512" lon="12.40235"><ele>91.8</ele></rtept><rtept lat="57.532492" lon="12.402323"><ele>91.6</ele></rtept><rtept lat="57.53248" lon="12.4023"><ele>91.8</ele></rtept><rtept lat="57.53246" lon="12.402277"><ele>92.0</ele></rtept><rtept lat="57.53244" lon="12.40225"><ele>91.6</ele></rtept><rtept lat="57.532428" lon="12.40222"><ele>91.4</ele></rtept><rtept lat="57.532402" lon="12.402162"><ele>91.4</ele></rtept><rtept lat="57.532383" lon="12.402098"><ele>91.2</ele></rtept><rtept lat="57.53237" lon="12.40207"><ele>91.0</ele></rtept><rtept lat="57.532358" lon="12.40204"><ele>90.8</ele></rtept><rtept lat="57.532345" lon="12.402007"><ele>90.6</ele></rtept><rtept lat="57.532325" lon="12.40194"><ele>90.4</ele></rtept><rtept lat="57.532313" lon="12.401912"><ele>90.2</ele></rtept><rtept lat="57.5323" lon="12.401873"><ele>90.2</ele></rtept><rtept lat="57.532293" lon="12.401835"><ele>90.2</ele></rtept><rtept lat="57.532275" lon="12.401793"><ele>90.0</ele></rtept><rtept lat="57.532255" lon="12.401728"><ele>90.0</ele></rtept><rtept lat="57.532242" lon="12.401695"><ele>89.6</ele></rtept><rtept lat="57.53223" lon="12.401663"><ele>89.4</ele></rtept><rtept lat="57.532223" lon="12.40163"><ele>89.6</ele></rtept><rtept lat="57.53221" lon="12.401597"><ele>89.2</ele></rtept><rtept lat="57.532198" lon="12.401563"><ele>89.0</ele></rtept><rtept lat="57.532192" lon="12.401532"><ele>89.2</ele></rtept><rtept lat="57.532178" lon="12.401497"><ele>89.2</ele></rtept><rtept lat="57.532165" lon="12.401455"><ele>89.0</ele></rtept><rtept lat="57.53214" lon="12.401395"><ele>89.0</ele></rtept><rtept lat="57.53212" lon="12.40134"><ele>88.8</ele></rtept><rtept lat="57.532095" lon="12.401293"><ele>88.4</ele></rtept><rtept lat="57.532082" lon="12.401268"><ele>88.6</ele></rtept><rtept lat="57.53207" lon="12.401242"><ele>88.6</ele></rtept><rtept lat="57.532057" lon="12.401213"><ele>88.6</ele></rtept><rtept lat="57.532025" lon="12.401173"><ele>88.8</ele></rtept><rtept lat="57.531993" lon="12.40114"><ele>88.8</ele></rtept><rtept lat="57.531973" lon="12.40112"><ele>88.8</ele></rtept><rtept lat="57.531955" lon="12.4011"><ele>88.6</ele></rtept><rtept lat="57.531935" lon="12.401083"><ele>88.8</ele></rtept><rtept lat="57.531903" lon="12.401042"><ele>88.8</ele></rtept><rtept lat="57.531883" lon="12.401028"><ele>89.0</ele></rtept><rtept lat="57.531858" lon="12.401002"><ele>88.6</ele></rtept><rtept lat="57.53184" lon="12.40099"><ele>88.8</ele></rtept><rtept lat="57.531807" lon="12.400968"><ele>88.4</ele></rtept><rtept lat="57.531788" lon="12.400958"><ele>88.8</ele></rtept><rtept lat="57.531762" lon="12.40093"><ele>89.2</ele></rtept><rtept lat="57.531743" lon="12.400913"><ele>89.2</ele></rtept><rtept lat="57.531723" lon="12.400897"><ele>89.4</ele></rtept><rtept lat="57.531705" lon="12.400885"><ele>89.8</ele></rtept><rtept lat="57.531685" lon="12.400883"><ele>89.8</ele></rtept><rtept lat="57.531653" lon="12.400863"><ele>90.2</ele></rtept><rtept lat="57.531635" lon="12.400855"><ele>90.2</ele></rtept><rtept lat="57.531615" lon="12.400845"><ele>90.6</ele></rtept><rtept lat="57.53159" lon="12.40085"><ele>91.0</ele></rtept><rtept lat="57.53157" lon="12.40085"><ele>91.0</ele></rtept><rtept lat="57.531552" lon="12.40084"><ele>91.4</ele></rtept><rtept lat="57.531507" lon="12.400845"><ele>91.6</ele></rtept><rtept lat="57.531487" lon="12.40085"><ele>91.8</ele></rtept><rtept lat="57.531455" lon="12.400857"><ele>91.8</ele></rtept><rtept lat="57.531437" lon="12.400852"><ele>92.0</ele></rtept><rtept lat="57.53141" lon="12.400847"><ele>92.0</ele></rtept><rtept lat="57.531392" lon="12.400843"><ele>92.0</ele></rtept><rtept lat="57.531365" lon="12.400843"><ele>92.4</ele></rtept><rtept lat="57.531347" lon="12.40084"><ele>92.6</ele></rtept><rtept lat="57.531327" lon="12.40083"><ele>92.6</ele></rtept><rtept lat="57.531308" lon="12.400825"><ele>93.0</ele></rtept><rtept lat="57.531277" lon="12.40083"><ele>93.0</ele></rtept><rtept lat="57.53125" lon="12.40084"><ele>93.0</ele></rtept><rtept lat="57.531232" lon="12.400855"><ele>93.4</ele></rtept><rtept lat="57.531212" lon="12.40087"><ele>93.2</ele></rtept><rtept lat="57.531193" lon="12.400877"><ele>93.0</ele></rtept><rtept lat="57.531167" lon="12.400883"><ele>93.4</ele></rtept><rtept lat="57.531142" lon="12.40089"><ele>93.2</ele></rtept><rtept lat="57.531122" lon="12.400908"><ele>93.2</ele></rtept><rtept lat="57.531103" lon="12.400923"><ele>93.6</ele></rtept><rtept lat="57.531083" lon="12.400935"><ele>93.6</ele></rtept><rtept lat="57.531058" lon="12.40094"><ele>93.8</ele></rtept><rtept lat="57.53104" lon="12.40095"><ele>94.0</ele></rtept><rtept lat="57.53102" lon="12.400957"><ele>93.6</ele></rtept><rtept lat="57.531" lon="12.400958"><ele>94.0</ele></rtept><rtept lat="57.530982" lon="12.40096"><ele>94.2</ele></rtept><rtept lat="57.530962" lon="12.400958"><ele>93.8</ele></rtept><rtept lat="57.53093" lon="12.400975"><ele>94.0</ele></rtept><rtept lat="57.530905" lon="12.400985"><ele>94.2</ele></rtept><rtept lat="57.530885" lon="12.401"><ele>94.0</ele></rtept><rtept lat="57.53086" lon="12.401008"><ele>94.0</ele></rtept><rtept lat="57.530835" lon="12.401015"><ele>94.0</ele></rtept><rtept lat="57.530815" lon="12.401018"><ele>93.6</ele></rtept><rtept lat="57.530797" lon="12.40102"><ele>93.8</ele></rtept><rtept lat="57.530777" lon="12.40102"><ele>93.8</ele></rtept><rtept lat="57.530752" lon="12.40102"><ele>93.6</ele></rtept><rtept lat="57.530732" lon="12.401018"><ele>93.8</ele></rtept><rtept lat="57.530707" lon="12.401015"><ele>93.6</ele></rtept><rtept lat="57.530675" lon="12.401003"><ele>93.8</ele></rtept><rtept lat="57.530648" lon="12.401"><ele>93.6</ele></rtept><rtept lat="57.53063" lon="12.400995"><ele>94.0</ele></rtept><rtept lat="57.530598" lon="12.400988"><ele>94.0</ele></rtept><rtept lat="57.530572" lon="12.400975"><ele>93.8</ele></rtept><rtept lat="57.530547" lon="12.40097"><ele>94.2</ele></rtept><rtept lat="57.530527" lon="12.40097"><ele>94.0</ele></rtept><rtept lat="57.530495" lon="12.400975"><ele>94.0</ele></rtept><rtept lat="57.530463" lon="12.400983"><ele>94.0</ele></rtept><rtept lat="57.530443" lon="12.400983"><ele>94.2</ele></rtept><rtept lat="57.530425" lon="12.400988"><ele>94.6</ele></rtept><rtept lat="57.5304" lon="12.401"><ele>94.2</ele></rtept><rtept lat="57.53038" lon="12.401015"><ele>94.4</ele></rtept><rtept lat="57.530355" lon="12.401022"><ele>94.6</ele></rtept><rtept lat="57.530335" lon="12.401028"><ele>94.4</ele></rtept><rtept lat="57.53031" lon="12.401025"><ele>94.6</ele></rtept><rtept lat="57.530283" lon="12.401028"><ele>94.6</ele></rtept><rtept lat="57.530258" lon="12.401035"><ele>94.4</ele></rtept><rtept lat="57.53022" lon="12.401043"><ele>94.6</ele></rtept><rtept lat="57.5302" lon="12.401042"><ele>94.4</ele></rtept><rtept lat="57.530162" lon="12.401043"><ele>94.4</ele></rtept><rtept lat="57.530143" lon="12.401043"><ele>94.4</ele></rtept><rtept lat="57.530123" lon="12.401042"><ele>94.6</ele></rtept><rtept lat="57.530098" lon="12.401043"><ele>94.6</ele></rtept><rtept lat="57.530073" lon="12.401042"><ele>94.4</ele></rtept><rtept lat="57.530035" lon="12.40104"><ele>94.6</ele></rtept><rtept lat="57.530015" lon="12.401042"><ele>94.4</ele></rtept><rtept lat="57.529997" lon="12.401045"><ele>94.6</ele></rtept><rtept lat="57.52997" lon="12.401038"><ele>94.6</ele></rtept><rtept lat="57.529952" lon="12.401028"><ele>94.2</ele></rtept><rtept lat="57.529932" lon="12.401022"><ele>94.2</ele></rtept><rtept lat="57.529913" lon="12.401025"><ele>94.2</ele></rtept><rtept lat="57.529893" lon="12.40103"><ele>93.8</ele></rtept><rtept lat="57.529875" lon="12.40104"><ele>93.8</ele></rtept><rtept lat="57.529855" lon="12.401045"><ele>93.8</ele></rtept><rtept lat="57.529837" lon="12.401053"><ele>93.4</ele></rtept><rtept lat="57.529803" lon="12.401068"><ele>93.0</ele></rtept><rtept lat="57.529772" lon="12.401082"><ele>93.2</ele></rtept><rtept lat="57.529753" lon="12.401083"><ele>93.0</ele></rtept><rtept lat="57.529733" lon="12.401082"><ele>92.6</ele></rtept><rtept lat="57.529715" lon="12.401088"><ele>92.6</ele></rtept><rtept lat="57.529695" lon="12.401087"><ele>92.6</ele></rtept><rtept lat="57.52967" lon="12.401073"><ele>92.2</ele></rtept><rtept lat="57.529638" lon="12.40106"><ele>92.2</ele></rtept><rtept lat="57.529618" lon="12.401055"><ele>91.8</ele></rtept><rtept lat="57.5296" lon="12.40105"><ele>92.0</ele></rtept><rtept lat="57.52958" lon="12.40104"><ele>92.0</ele></rtept><rtept lat="57.529555" lon="12.401048"><ele>91.8</ele></rtept><rtept lat="57.529535" lon="12.40106"><ele>91.8</ele></rtept><rtept lat="57.529503" lon="12.40107"><ele>91.8</ele></rtept><rtept lat="57.529478" lon="12.40106"><ele>91.6</ele></rtept><rtept lat="57.529445" lon="12.401043"><ele>91.6</ele></rtept><rtept lat="57.529427" lon="12.401048"><ele>91.4</ele></rtept><rtept lat="57.5294" lon="12.401058"><ele>91.4</ele></rtept><rtept lat="57.529382" lon="12.401058"><ele>91.6</ele></rtept><rtept lat="57.529362" lon="12.401048"><ele>91.4</ele></rtept><rtept lat="57.529343" lon="12.40105"><ele>91.2</ele></rtept><rtept lat="57.529318" lon="12.401055"><ele>91.4</ele></rtept><rtept lat="57.529298" lon="12.401065"><ele>91.4</ele></rtept><rtept lat="57.52928" lon="12.401062"><ele>91.4</ele></rtept><rtept lat="57.529253" lon="12.401045"><ele>91.6</ele></rtept><rtept lat="57.529228" lon="12.40104"><ele>91.6</ele></rtept><rtept lat="57.529202" lon="12.401033"><ele>91.6</ele></rtept><rtept lat="57.529183" lon="12.401028"><ele>92.0</ele></rtept><rtept lat="57.529163" lon="12.40103"><ele>91.8</ele></rtept><rtept lat="57.529145" lon="12.401033"><ele>92.0</ele></rtept><rtept lat="57.52912" lon="12.401028"><ele>92.2</ele></rtept><rtept lat="57.529093" lon="12.40102"><ele>92.0</ele></rtept><rtept lat="57.529075" lon="12.401013"><ele>92.2</ele></rtept><rtept lat="57.529042" lon="12.400988"><ele>92.0</ele></rtept><rtept lat="57.529003" lon="12.40097"><ele>92.2</ele></rtept><rtept lat="57.528978" lon="12.400953"><ele>92.2</ele></rtept><rtept lat="57.528947" lon="12.400937"><ele>91.8</ele></rtept><rtept lat="57.52892" lon="12.400918"><ele>92.2</ele></rtept><rtept lat="57.528895" lon="12.400895"><ele>92.0</ele></rtept><rtept lat="57.52887" lon="12.400877"><ele>91.8</ele></rtept><rtept lat="57.52885" lon="12.400868"><ele>92.0</ele></rtept><rtept lat="57.528825" lon="12.40086"><ele>91.8</ele></rtept><rtept lat="57.5288" lon="12.400855"><ele>92.2</ele></rtept><rtept lat="57.528773" lon="12.400857"><ele>92.4</ele></rtept><rtept lat="57.528748" lon="12.40085"><ele>92.2</ele></rtept><rtept lat="57.528717" lon="12.400852"><ele>92.6</ele></rtept><rtept lat="57.52869" lon="12.400857"><ele>92.8</ele></rtept><rtept lat="57.528665" lon="12.400857"><ele>92.6</ele></rtept><rtept lat="57.528645" lon="12.400857"><ele>92.8</ele></rtept><rtept lat="57.528627" lon="12.40085"><ele>92.8</ele></rtept><rtept lat="57.5286" lon="12.400852"><ele>92.6</ele></rtept><rtept lat="57.528582" lon="12.400857"><ele>92.8</ele></rtept><rtept lat="57.528557" lon="12.40086"><ele>92.8</ele></rtept><rtept lat="57.528537" lon="12.400863"><ele>92.4</ele></rtept><rtept lat="57.528518" lon="12.400865"><ele>92.6</ele></rtept><rtept lat="57.528498" lon="12.400875"><ele>92.6</ele></rtept><rtept lat="57.528467" lon="12.4009"><ele>92.2</ele></rtept><rtept lat="57.528447" lon="12.400915"><ele>92.2</ele></rtept><rtept lat="57.528428" lon="12.40093"><ele>92.0</ele></rtept><rtept lat="57.528408" lon="12.400943"><ele>91.8</ele></rtept><rtept lat="57.52839" lon="12.400963"><ele>92.0</ele></rtept><rtept lat="57.528358" lon="12.401002"><ele>91.4</ele></rtept><rtept lat="57.528325" lon="12.401045"><ele>91.2</ele></rtept><rtept lat="57.528307" lon="12.401068"><ele>91.0</ele></rtept><rtept lat="57.52828" lon="12.4011"><ele>91.2</ele></rtept><rtept lat="57.528262" lon="12.401122"><ele>91.0</ele></rtept><rtept lat="57.528242" lon="12.401147"><ele>90.8</ele></rtept><rtept lat="57.528223" lon="12.401172"><ele>90.8</ele></rtept><rtept lat="57.528198" lon="12.401197"><ele>90.6</ele></rtept><rtept lat="57.528178" lon="12.401212"><ele>90.6</ele></rtept><rtept lat="57.528153" lon="12.401217"><ele>90.8</ele></rtept><rtept lat="57.528133" lon="12.401212"><ele>90.4</ele></rtept><rtept lat="57.528115" lon="12.401193"><ele>90.2</ele></rtept><rtept lat="57.528095" lon="12.401168"><ele>90.4</ele></rtept><rtept lat="57.528082" lon="12.401128"><ele>90.0</ele></rtept><rtept lat="57.528063" lon="12.401062"><ele>90.2</ele></rtept><rtept lat="57.52805" lon="12.40102"><ele>89.8</ele></rtept><rtept lat="57.528038" lon="12.400978"><ele>90.0</ele></rtept><rtept lat="57.528025" lon="12.400945"><ele>90.2</ele></rtept><rtept lat="57.528" lon="12.400913"><ele>90.0</ele></rtept><rtept lat="57.52798" lon="12.400897"><ele>90.4</ele></rtept><rtept lat="57.52796" lon="12.400863"><ele>90.4</ele></rtept><rtept lat="57.527948" lon="12.400835"><ele>90.2</ele></rtept><rtept lat="57.527935" lon="12.40081"><ele>90.4</ele></rtept><rtept lat="57.527928" lon="12.400765"><ele>90.6</ele></rtept><rtept lat="57.527917" lon="12.400722"><ele>90.4</ele></rtept><rtept lat="57.527897" lon="12.400652"><ele>90.4</ele></rtept><rtept lat="57.52789" lon="12.400608"><ele>90.2</ele></rtept><rtept lat="57.527883" lon="12.400573"><ele>90.4</ele></rtept><rtept lat="57.527872" lon="12.400543"><ele>90.4</ele></rtept><rtept lat="57.527865" lon="12.400507"><ele>90.2</ele></rtept><rtept lat="57.527845" lon="12.400467"><ele>90.4</ele></rtept><rtept lat="57.527833" lon="12.400422"><ele>90.0</ele></rtept><rtept lat="57.527813" lon="12.400388"><ele>90.4</ele></rtept><rtept lat="57.5278" lon="12.400362"><ele>90.4</ele></rtept><rtept lat="57.527788" lon="12.400328"><ele>90.4</ele></rtept><rtept lat="57.527768" lon="12.4003"><ele>90.6</ele></rtept><rtept lat="57.52775" lon="12.400263"><ele>90.4</ele></rtept><rtept lat="57.52773" lon="12.400225"><ele>90.4</ele></rtept><rtept lat="57.527718" lon="12.4002"><ele>90.6</ele></rtept><rtept lat="57.527705" lon="12.400177"><ele>90.6</ele></rtept><rtept lat="57.527685" lon="12.400157"><ele>90.8</ele></rtept><rtept lat="57.527667" lon="12.400125"><ele>90.8</ele></rtept><rtept lat="57.527647" lon="12.4001"><ele>90.6</ele></rtept><rtept lat="57.527628" lon="12.400072"><ele>90.8</ele></rtept><rtept lat="57.527602" lon="12.40006"><ele>90.8</ele></rtept><rtept lat="57.527583" lon="12.400047"><ele>90.8</ele></rtept><rtept lat="57.527545" lon="12.400018"><ele>90.8</ele></rtept><rtept lat="57.527525" lon="12.399997"><ele>90.8</ele></rtept><rtept lat="57.527513" lon="12.399972"><ele>91.0</ele></rtept><rtept lat="57.527487" lon="12.399942"><ele>90.8</ele></rtept><rtept lat="57.527468" lon="12.399908"><ele>91.2</ele></rtept><rtept lat="57.527455" lon="12.399883"><ele>91.2</ele></rtept><rtept lat="57.527442" lon="12.399853"><ele>91.0</ele></rtept><rtept lat="57.527417" lon="12.399813"><ele>91.4</ele></rtept><rtept lat="57.527398" lon="12.399788"><ele>91.2</ele></rtept><rtept lat="57.527372" lon="12.399767"><ele>91.2</ele></rtept><rtept lat="57.52736" lon="12.399742"><ele>91.2</ele></rtept><rtept lat="57.52734" lon="12.399715"><ele>91.0</ele></rtept><rtept lat="57.527327" lon="12.399675"><ele>91.4</ele></rtept><rtept lat="57.527302" lon="12.399638"><ele>91.6</ele></rtept><rtept lat="57.527277" lon="12.399602"><ele>91.8</ele></rtept><rtept lat="57.527257" lon="12.399593"><ele>92.0</ele></rtept><rtept lat="57.527232" lon="12.39956"><ele>92.2</ele></rtept><rtept lat="57.527218" lon="12.39953"><ele>92.6</ele></rtept><rtept lat="57.5272" lon="12.399503"><ele>92.4</ele></rtept><rtept lat="57.527187" lon="12.399477"><ele>92.6</ele></rtept><rtept lat="57.527173" lon="12.399452"><ele>92.6</ele></rtept><rtept lat="57.52716" lon="12.399427"><ele>92.4</ele></rtept><rtept lat="57.527135" lon="12.399392"><ele>93.2</ele></rtept><rtept lat="57.527117" lon="12.399378"><ele>93.0</ele></rtept><rtept lat="57.52709" lon="12.399375"><ele>93.4</ele></rtept><rtept lat="57.527072" lon="12.399387"><ele>93.4</ele></rtept><rtept lat="57.527052" lon="12.399422"><ele>93.6</ele></rtept><rtept lat="57.527027" lon="12.399455"><ele>93.4</ele></rtept><rtept lat="57.527013" lon="12.399495"><ele>93.6</ele></rtept><rtept lat="57.526995" lon="12.39954"><ele>93.6</ele></rtept><rtept lat="57.526982" lon="12.399568"><ele>93.4</ele></rtept><rtept lat="57.526962" lon="12.399605"><ele>93.6</ele></rtept><rtept lat="57.526943" lon="12.39965"><ele>93.4</ele></rtept><rtept lat="57.526943" lon="12.399707"><ele>93.2</ele></rtept><rtept lat="57.526943" lon="12.399742"><ele>93.2</ele></rtept><rtept lat="57.526937" lon="12.399773"><ele>93.4</ele></rtept><rtept lat="57.526923" lon="12.399808"><ele>93.2</ele></rtept><rtept lat="57.526912" lon="12.399847"><ele>93.4</ele></rtept><rtept lat="57.526892" lon="12.39988"><ele>93.6</ele></rtept><rtept lat="57.526873" lon="12.399917"><ele>93.2</ele></rtept><rtept lat="57.526853" lon="12.399945"><ele>93.4</ele></rtept><rtept lat="57.526835" lon="12.399978"><ele>93.2</ele></rtept><rtept lat="57.526815" lon="12.400012"><ele>93.6</ele></rtept><rtept lat="57.52679" lon="12.400052"><ele>94.0</ele></rtept><rtept lat="57.52677" lon="12.400092"><ele>94.4</ele></rtept><rtept lat="57.526745" lon="12.400123"><ele>94.8</ele></rtept><rtept lat="57.526738" lon="12.400172"><ele>95.2</ele></rtept><rtept lat="57.52672" lon="12.400217"><ele>95.4</ele></rtept><rtept lat="57.526707" lon="12.40025"><ele>95.4</ele></rtept><rtept lat="57.526693" lon="12.400298"><ele>95.4</ele></rtept><rtept lat="57.526693" lon="12.400343"><ele>95.6</ele></rtept><rtept lat="57.52668" lon="12.400393"><ele>95.6</ele></rtept><rtept lat="57.526662" lon="12.400467"><ele>95.4</ele></rtept><rtept lat="57.526637" lon="12.400542"><ele>95.4</ele></rtept><rtept lat="57.526617" lon="12.400597"><ele>95.4</ele></rtept><rtept lat="57.526585" lon="12.400632"><ele>95.2</ele></rtept><rtept lat="57.526565" lon="12.400658"><ele>95.0</ele></rtept><rtept lat="57.526547" lon="12.400685"><ele>94.6</ele></rtept><rtept lat="57.526527" lon="12.400707"><ele>94.4</ele></rtept><rtept lat="57.52652" lon="12.400742"><ele>94.0</ele></rtept><rtept lat="57.526502" lon="12.400777"><ele>94.0</ele></rtept><rtept lat="57.526477" lon="12.400805"><ele>94.0</ele></rtept><rtept lat="57.526443" lon="12.400847"><ele>93.6</ele></rtept><rtept lat="57.5264" lon="12.40089"><ele>93.6</ele></rtept><rtept lat="57.526367" lon="12.400938"><ele>93.6</ele></rtept><rtept lat="57.526355" lon="12.400965"><ele>93.2</ele></rtept><rtept lat="57.526335" lon="12.401"><ele>93.4</ele></rtept><rtept lat="57.52631" lon="12.401055"><ele>93.4</ele></rtept><rtept lat="57.52629" lon="12.40112"><ele>93.0</ele></rtept><rtept lat="57.526265" lon="12.401173"><ele>93.4</ele></rtept><rtept lat="57.526245" lon="12.4012"><ele>93.4</ele></rtept><rtept lat="57.526213" lon="12.401232"><ele>93.2</ele></rtept><rtept lat="57.526182" lon="12.401262"><ele>93.6</ele></rtept><rtept lat="57.526157" lon="12.401302"><ele>93.6</ele></rtept><rtept lat="57.526143" lon="12.401327"><ele>93.8</ele></rtept><rtept lat="57.526137" lon="12.401375"><ele>94.0</ele></rtept><rtept lat="57.526118" lon="12.401418"><ele>94.2</ele></rtept><rtept lat="57.526098" lon="12.401457"><ele>94.2</ele></rtept><rtept lat="57.52608" lon="12.401477"><ele>93.8</ele></rtept><rtept lat="57.526067" lon="12.401517"><ele>93.6</ele></rtept><rtept lat="57.52604" lon="12.401537"><ele>93.8</ele></rtept><rtept lat="57.526022" lon="12.40154"><ele>93.6</ele></rtept><rtept lat="57.526002" lon="12.40153"><ele>93.8</ele></rtept><rtept lat="57.525963" lon="12.401515"><ele>93.8</ele></rtept><rtept lat="57.525938" lon="12.401522"><ele>93.8</ele></rtept><rtept lat="57.52592" lon="12.401517"><ele>94.0</ele></rtept><rtept lat="57.5259" lon="12.401527"><ele>94.4</ele></rtept><rtept lat="57.52588" lon="12.40154"><ele>94.2</ele></rtept><rtept lat="57.525862" lon="12.40156"><ele>94.6</ele></rtept><rtept lat="57.525842" lon="12.401577"><ele>94.8</ele></rtept><rtept lat="57.525823" lon="12.401597"><ele>94.8</ele></rtept><rtept lat="57.525803" lon="12.401613"><ele>95.2</ele></rtept><rtept lat="57.525785" lon="12.401618"><ele>95.2</ele></rtept><rtept lat="57.525765" lon="12.40162"><ele>95.6</ele></rtept><rtept lat="57.525747" lon="12.40163"><ele>95.8</ele></rtept><rtept lat="57.525727" lon="12.401643"><ele>95.8</ele></rtept><rtept lat="57.525695" lon="12.40165"><ele>96.4</ele></rtept><rtept lat="57.525657" lon="12.401665"><ele>96.4</ele></rtept><rtept lat="57.525638" lon="12.401665"><ele>96.6</ele></rtept><rtept lat="57.525618" lon="12.401668"><ele>96.4</ele></rtept><rtept lat="57.525587" lon="12.401665"><ele>96.6</ele></rtept><rtept lat="57.525567" lon="12.40166"><ele>96.4</ele></rtept><rtept lat="57.525548" lon="12.40166"><ele>96.8</ele></rtept><rtept lat="57.525528" lon="12.401657"><ele>96.8</ele></rtept><rtept lat="57.52551" lon="12.401643"><ele>96.8</ele></rtept><rtept lat="57.52549" lon="12.401633"><ele>97.0</ele></rtept><rtept lat="57.525465" lon="12.401623"><ele>96.8</ele></rtept><rtept lat="57.52544" lon="12.401608"><ele>96.8</ele></rtept><rtept lat="57.525413" lon="12.401597"><ele>97.0</ele></rtept><rtept lat="57.525388" lon="12.401593"><ele>97.0</ele></rtept><rtept lat="57.525362" lon="12.40158"><ele>96.8</ele></rtept><rtept lat="57.525343" lon="12.40157"><ele>96.8</ele></rtept><rtept lat="57.525312" lon="12.40155"><ele>96.6</ele></rtept><rtept lat="57.525292" lon="12.401545"><ele>96.6</ele></rtept><rtept lat="57.525273" lon="12.401543"><ele>96.8</ele></rtept><rtept lat="57.525253" lon="12.401543"><ele>96.4</ele></rtept><rtept lat="57.525235" lon="12.401543"><ele>96.4</ele></rtept><rtept lat="57.525215" lon="12.401547"><ele>96.4</ele></rtept><rtept lat="57.525197" lon="12.40156"><ele>96.2</ele></rtept><rtept lat="57.525177" lon="12.401577"><ele>96.2</ele></rtept><rtept lat="57.525152" lon="12.401605"><ele>96.2</ele></rtept><rtept lat="57.525132" lon="12.401628"><ele>96.0</ele></rtept><rtept lat="57.525113" lon="12.40167"><ele>96.0</ele></rtept><rtept lat="57.525093" lon="12.401698"><ele>95.8</ele></rtept><rtept lat="57.52508" lon="12.401723"><ele>95.6</ele></rtept><rtept lat="57.525068" lon="12.40175"><ele>95.6</ele></rtept><rtept lat="57.525048" lon="12.401773"><ele>95.6</ele></rtept><rtept lat="57.52503" lon="12.40179"><ele>95.2</ele></rtept><rtept lat="57.524998" lon="12.401833"><ele>95.2</ele></rtept><rtept lat="57.524965" lon="12.401858"><ele>95.0</ele></rtept><rtept lat="57.52494" lon="12.401878"><ele>95.0</ele></rtept><rtept lat="57.524915" lon="12.4019"><ele>95.2</ele></rtept><rtept lat="57.524888" lon="12.401922"><ele>95.2</ele></rtept><rtept lat="57.524857" lon="12.401952"><ele>95.4</ele></rtept><rtept lat="57.524832" lon="12.401973"><ele>95.2</ele></rtept><rtept lat="57.524793" lon="12.402027"><ele>95.2</ele></rtept><rtept lat="57.524767" lon="12.40206"><ele>95.2</ele></rtept><rtept lat="57.524742" lon="12.402097"><ele>95.4</ele></rtept><rtept lat="57.52471" lon="12.40212"><ele>95.0</ele></rtept><rtept lat="57.524678" lon="12.402132"><ele>95.0</ele></rtept><rtept lat="57.524652" lon="12.402145"><ele>95.0</ele></rtept><rtept lat="57.524633" lon="12.402157"><ele>95.0</ele></rtept><rtept lat="57.524607" lon="12.402182"><ele>94.8</ele></rtept><rtept lat="57.524575" lon="12.402212"><ele>95.0</ele></rtept><rtept lat="57.52455" lon="12.402237"><ele>95.0</ele></rtept><rtept lat="57.524512" lon="12.402268"><ele>94.8</ele></rtept><rtept lat="57.52448" lon="12.402303"><ele>95.0</ele></rtept><rtept lat="57.52444" lon="12.402328"><ele>95.0</ele></rtept><rtept lat="57.524377" lon="12.402337"><ele>95.0</ele></rtept><rtept lat="57.524338" lon="12.40235"><ele>95.2</ele></rtept><rtept lat="57.5243" lon="12.402363"><ele>95.0</ele></rtept><rtept lat="57.524275" lon="12.402365"><ele>95.2</ele></rtept><rtept lat="57.524242" lon="12.40237"><ele>95.6</ele></rtept><rtept lat="57.524223" lon="12.40238"><ele>95.6</ele></rtept><rtept lat="57.524203" lon="12.402297"><ele>95.8</ele></rtept><rtept lat="57.524172" lon="12.40227"><ele>95.6</ele></rtept><rtept lat="57.524133" lon="12.40226"><ele>95.8</ele></rtept><rtept lat="57.524115" lon="12.40225"><ele>95.8</ele></rtept><rtept lat="57.524082" lon="12.402237"><ele>95.8</ele></rtept><rtept lat="57.524057" lon="12.402227"><ele>96.0</ele></rtept><rtept lat="57.524032" lon="12.40223"><ele>96.0</ele></rtept><rtept lat="57.524012" lon="12.40226"><ele>96.0</ele></rtept><rtept lat="57.523973" lon="12.40224"><ele>96.0</ele></rtept><rtept lat="57.523955" lon="12.40222"><ele>95.8</ele></rtept><rtept lat="57.523917" lon="12.40224"><ele>96.0</ele></rtept><rtept lat="57.52389" lon="12.402243"><ele>95.6</ele></rtept><rtept lat="57.523865" lon="12.40225"><ele>95.2</ele></rtept><rtept lat="57.52384" lon="12.402265"><ele>94.8</ele></rtept><rtept lat="57.523858" lon="12.402268"><ele>94.2</ele></rtept><rtept lat="57.523858" lon="12.402323"><ele>93.6</ele></rtept><rtept lat="57.523865" lon="12.402357"><ele>93.4</ele></rtept><rtept lat="57.523865" lon="12.402415"><ele>92.6</ele></rtept><rtept lat="57.523858" lon="12.402453"><ele>92.4</ele></rtept><rtept lat="57.523852" lon="12.402515"><ele>91.8</ele></rtept><rtept lat="57.523845" lon="12.402573"><ele>91.2</ele></rtept><rtept lat="57.523833" lon="12.402602"><ele>91.2</ele></rtept><rtept lat="57.523813" lon="12.402633"><ele>90.6</ele></rtept><rtept lat="57.523795" lon="12.402658"><ele>90.6</ele></rtept><rtept lat="57.523775" lon="12.402668"><ele>90.4</ele></rtept><rtept lat="57.523737" lon="12.402692"><ele>89.8</ele></rtept><rtept lat="57.523705" lon="12.402697"><ele>89.6</ele></rtept><rtept lat="57.523673" lon="12.402718"><ele>89.0</ele></rtept><rtept lat="57.52364" lon="12.402722"><ele>88.4</ele></rtept><rtept lat="57.523622" lon="12.402725"><ele>88.4</ele></rtept><rtept lat="57.523602" lon="12.402733"><ele>88.2</ele></rtept><rtept lat="57.52357" lon="12.402752"><ele>87.4</ele></rtept><rtept lat="57.523538" lon="12.40276"><ele>87.4</ele></rtept><rtept lat="57.52352" lon="12.402765"><ele>87.2</ele></rtept><rtept lat="57.5235" lon="12.402778"><ele>87.4</ele></rtept><rtept lat="57.523475" lon="12.402802"><ele>87.2</ele></rtept><rtept lat="57.523455" lon="12.40282"><ele>87.2</ele></rtept><rtept lat="57.523437" lon="12.402825"><ele>87.4</ele></rtept><rtept lat="57.523417" lon="12.402832"><ele>87.2</ele></rtept><rtept lat="57.523398" lon="12.402842"><ele>87.0</ele></rtept><rtept lat="57.523372" lon="12.402852"><ele>87.0</ele></rtept><rtept lat="57.52334" lon="12.40288"><ele>86.6</ele></rtept><rtept lat="57.523315" lon="12.402903"><ele>86.4</ele></rtept><rtept lat="57.523288" lon="12.40292"><ele>86.0</ele></rtept><rtept lat="57.52327" lon="12.402935"><ele>85.6</ele></rtept><rtept lat="57.523243" lon="12.402943"><ele>85.6</ele></rtept><rtept lat="57.523218" lon="12.402945"><ele>85.2</ele></rtept><rtept lat="57.523187" lon="12.402955"><ele>84.8</ele></rtept><rtept lat="57.523142" lon="12.402952"><ele>84.6</ele></rtept><rtept lat="57.52311" lon="12.402932"><ele>84.4</ele></rtept><rtept lat="57.523065" lon="12.40295"><ele>84.0</ele></rtept><rtept lat="57.52304" lon="12.402963"><ele>83.4</ele></rtept><rtept lat="57.523007" lon="12.402955"><ele>83.4</ele></rtept><rtept lat="57.522982" lon="12.40296"><ele>83.2</ele></rtept><rtept lat="57.522962" lon="12.40294"><ele>82.8</ele></rtept><rtept lat="57.522943" lon="12.40291"><ele>83.0</ele></rtept><rtept lat="57.522905" lon="12.402885"><ele>82.8</ele></rtept><rtept lat="57.522873" lon="12.402845"><ele>82.4</ele></rtept><rtept lat="57.522853" lon="12.402787"><ele>82.6</ele></rtept><rtept lat="57.522835" lon="12.402747"><ele>82.6</ele></rtept><rtept lat="57.522808" lon="12.402728"><ele>82.2</ele></rtept><rtept lat="57.522783" lon="12.402683"><ele>82.4</ele></rtept><rtept lat="57.522745" lon="12.40266"><ele>82.4</ele></rtept><rtept lat="57.522713" lon="12.402627"><ele>82.6</ele></rtept><rtept lat="57.522687" lon="12.402598"><ele>82.6</ele></rtept><rtept lat="57.522662" lon="12.402588"><ele>82.4</ele></rtept><rtept lat="57.522642" lon="12.40258"><ele>82.8</ele></rtept><rtept lat="57.522623" lon="12.402578"><ele>82.6</ele></rtept><rtept lat="57.522598" lon="12.402578"><ele>83.2</ele></rtept><rtept lat="57.522578" lon="12.402562"><ele>83.0</ele></rtept><rtept lat="57.522553" lon="12.402535"><ele>83.6</ele></rtept><rtept lat="57.522533" lon="12.402528"><ele>83.2</ele></rtept><rtept lat="57.522515" lon="12.40251"><ele>83.6</ele></rtept><rtept lat="57.522482" lon="12.402478"><ele>83.6</ele></rtept><rtept lat="57.522463" lon="12.402465"><ele>83.8</ele></rtept><rtept lat="57.522443" lon="12.402438"><ele>84.0</ele></rtept><rtept lat="57.522418" lon="12.402405"><ele>84.0</ele></rtept><rtept lat="57.522393" lon="12.402388"><ele>83.8</ele></rtept><rtept lat="57.52236" lon="12.402365"><ele>84.2</ele></rtept><rtept lat="57.522328" lon="12.402345"><ele>84.0</ele></rtept><rtept lat="57.52231" lon="12.402328"><ele>84.2</ele></rtept><rtept lat="57.522283" lon="12.402275"><ele>84.0</ele></rtept><rtept lat="57.522252" lon="12.402252"><ele>84.2</ele></rtept><rtept lat="57.522227" lon="12.402237"><ele>83.8</ele></rtept><rtept lat="57.522207" lon="12.402217"><ele>84.2</ele></rtept><rtept lat="57.522188" lon="12.402197"><ele>84.2</ele></rtept><rtept lat="57.522168" lon="12.402172"><ele>84.0</ele></rtept><rtept lat="57.52215" lon="12.402158"><ele>84.4</ele></rtept><rtept lat="57.52213" lon="12.402145"><ele>84.2</ele></rtept><rtept lat="57.522112" lon="12.402142"><ele>84.2</ele></rtept><rtept lat="57.522092" lon="12.402137"><ele>84.4</ele></rtept><rtept lat="57.522067" lon="12.402117"><ele>84.2</ele></rtept><rtept lat="57.522047" lon="12.402105"><ele>84.4</ele></rtept><rtept lat="57.522015" lon="12.402075"><ele>84.8</ele></rtept><rtept lat="57.52199" lon="12.402052"><ele>85.0</ele></rtept><rtept lat="57.52197" lon="12.402042"><ele>85.2</ele></rtept><rtept lat="57.521938" lon="12.402003"><ele>85.2</ele></rtept><rtept lat="57.52192" lon="12.401988"><ele>85.4</ele></rtept><rtept lat="57.5219" lon="12.401977"><ele>85.6</ele></rtept><rtept lat="57.521875" lon="12.401942"><ele>85.6</ele></rtept><rtept lat="57.521855" lon="12.40192"><ele>85.8</ele></rtept><rtept lat="57.521817" lon="12.401888"><ele>85.8</ele></rtept><rtept lat="57.521778" lon="12.401848"><ele>86.0</ele></rtept><rtept lat="57.52174" lon="12.401815"><ele>86.4</ele></rtept><rtept lat="57.521708" lon="12.401793"><ele>86.2</ele></rtept><rtept lat="57.521677" lon="12.401755"><ele>86.4</ele></rtept><rtept lat="57.521632" lon="12.401755"><ele>86.8</ele></rtept><rtept lat="57.521618" lon="12.401718"><ele>86.6</ele></rtept><rtept lat="57.52158" lon="12.401718"><ele>86.8</ele></rtept><rtept lat="57.52156" lon="12.401698"><ele>87.2</ele></rtept><rtept lat="57.521542" lon="12.40168"><ele>86.8</ele></rtept><rtept lat="57.521542" lon="12.40163"><ele>87.2</ele></rtept><rtept lat="57.52151" lon="12.401597"><ele>87.4</ele></rtept><rtept lat="57.52149" lon="12.401575"><ele>87.2</ele></rtept><rtept lat="57.521458" lon="12.401535"><ele>87.4</ele></rtept><rtept lat="57.52144" lon="12.401503"><ele>87.8</ele></rtept><rtept lat="57.52142" lon="12.40147"><ele>87.6</ele></rtept><rtept lat="57.521395" lon="12.40144"><ele>88.0</ele></rtept><rtept lat="57.521368" lon="12.401405"><ele>88.4</ele></rtept><rtept lat="57.521357" lon="12.401378"><ele>88.2</ele></rtept><rtept lat="57.521337" lon="12.40134"><ele>88.2</ele></rtept><rtept lat="57.521323" lon="12.401313"><ele>88.6</ele></rtept><rtept lat="57.521312" lon="12.401272"><ele>88.2</ele></rtept><rtept lat="57.521292" lon="12.40122"><ele>88.6</ele></rtept><rtept lat="57.521285" lon="12.401187"><ele>88.6</ele></rtept><rtept lat="57.521273" lon="12.401123"><ele>89.0</ele></rtept><rtept lat="57.521253" lon="12.40107"><ele>88.8</ele></rtept><rtept lat="57.52124" lon="12.401033"><ele>89.2</ele></rtept><rtept lat="57.521228" lon="12.401"><ele>88.8</ele></rtept><rtept lat="57.521202" lon="12.40098"><ele>89.0</ele></rtept><rtept lat="57.521183" lon="12.400958"><ele>89.2</ele></rtept><rtept lat="57.521163" lon="12.400935"><ele>89.0</ele></rtept><rtept lat="57.521138" lon="12.40091"><ele>89.4</ele></rtept><rtept lat="57.52112" lon="12.40089"><ele>89.0</ele></rtept><rtept lat="57.521093" lon="12.40086"><ele>89.2</ele></rtept><rtept lat="57.521062" lon="12.40086"><ele>89.0</ele></rtept><rtept lat="57.521042" lon="12.400845"><ele>89.0</ele></rtept><rtept lat="57.521023" lon="12.400827"><ele>89.0</ele></rtept><rtept lat="57.520998" lon="12.400815"><ele>88.8</ele></rtept><rtept lat="57.520978" lon="12.4008"><ele>88.6</ele></rtept><rtept lat="57.52096" lon="12.400792"><ele>88.8</ele></rtept><rtept lat="57.52094" lon="12.400787"><ele>88.4</ele></rtept><rtept lat="57.52092" lon="12.40078"><ele>88.2</ele></rtept><rtept lat="57.520902" lon="12.400772"><ele>88.4</ele></rtept><rtept lat="57.520882" lon="12.40077"><ele>88.2</ele></rtept><rtept lat="57.520863" lon="12.400775"><ele>88.2</ele></rtept><rtept lat="57.520843" lon="12.400777"><ele>88.4</ele></rtept><rtept lat="57.520805" lon="12.40079"><ele>88.0</ele></rtept><rtept lat="57.520787" lon="12.400798"><ele>88.2</ele></rtept><rtept lat="57.520767" lon="12.400792"><ele>88.0</ele></rtept><rtept lat="57.520742" lon="12.400787"><ele>87.8</ele></rtept><rtept lat="57.520722" lon="12.400778"><ele>87.8</ele></rtept><rtept lat="57.520703" lon="12.400767"><ele>87.8</ele></rtept><rtept lat="57.520683" lon="12.400752"><ele>87.4</ele></rtept><rtept lat="57.520658" lon="12.400725"><ele>87.2</ele></rtept><rtept lat="57.52064" lon="12.400712"><ele>87.2</ele></rtept><rtept lat="57.52062" lon="12.400705"><ele>86.6</ele></rtept><rtept lat="57.5206" lon="12.400687"><ele>86.4</ele></rtept><rtept lat="57.520582" lon="12.400672"><ele>86.4</ele></rtept><rtept lat="57.520562" lon="12.400658"><ele>86.0</ele></rtept><rtept lat="57.520537" lon="12.400638"><ele>86.0</ele></rtept><rtept lat="57.520523" lon="12.400605"><ele>85.6</ele></rtept><rtept lat="57.520498" lon="12.400578"><ele>85.4</ele></rtept><rtept lat="57.520453" lon="12.400553"><ele>85.6</ele></rtept><rtept lat="57.520415" lon="12.400518"><ele>85.4</ele></rtept><rtept lat="57.52039" lon="12.400473"><ele>85.4</ele></rtept><rtept lat="57.520358" lon="12.400433"><ele>85.6</ele></rtept><rtept lat="57.520338" lon="12.400387"><ele>85.4</ele></rtept><rtept lat="57.520307" lon="12.400345"><ele>85.2</ele></rtept><rtept lat="57.52028" lon="12.400302"><ele>85.4</ele></rtept><rtept lat="57.520262" lon="12.400283"><ele>85.4</ele></rtept><rtept lat="57.52023" lon="12.400258"><ele>85.2</ele></rtept><rtept lat="57.52021" lon="12.40022"><ele>85.2</ele></rtept><rtept lat="57.520185" lon="12.40017"><ele>85.0</ele></rtept><rtept lat="57.52016" lon="12.40013"><ele>85.0</ele></rtept><rtept lat="57.52014" lon="12.400117"><ele>85.0</ele></rtept><rtept lat="57.520115" lon="12.400098"><ele>84.8</ele></rtept><rtept lat="57.520082" lon="12.400077"><ele>84.4</ele></rtept><rtept lat="57.520063" lon="12.400067"><ele>84.2</ele></rtept><rtept lat="57.52005" lon="12.40003"><ele>84.2</ele></rtept><rtept lat="57.520043" lon="12.399978"><ele>83.6</ele></rtept><rtept lat="57.520032" lon="12.399952"><ele>83.6</ele></rtept><rtept lat="57.52" lon="12.399917"><ele>83.0</ele></rtept><rtept lat="57.51998" lon="12.399883"><ele>82.8</ele></rtept><rtept lat="57.51996" lon="12.399867"><ele>82.8</ele></rtept><rtept lat="57.519928" lon="12.399847"><ele>82.2</ele></rtept><rtept lat="57.519903" lon="12.399822"><ele>82.2</ele></rtept><rtept lat="57.519883" lon="12.399807"><ele>81.8</ele></rtept><rtept lat="57.519852" lon="12.399797"><ele>81.6</ele></rtept><rtept lat="57.519833" lon="12.39982"><ele>81.8</ele></rtept><rtept lat="57.519813" lon="12.399812"><ele>81.8</ele></rtept><rtept lat="57.519795" lon="12.399787"><ele>81.6</ele></rtept><rtept lat="57.519782" lon="12.399757"><ele>82.0</ele></rtept><rtept lat="57.519762" lon="12.399743"><ele>82.0</ele></rtept><rtept lat="57.519743" lon="12.399733"><ele>82.2</ele></rtept><rtept lat="57.519718" lon="12.399702"><ele>82.2</ele></rtept><rtept lat="57.519685" lon="12.399665"><ele>82.6</ele></rtept><rtept lat="57.51966" lon="12.39964"><ele>82.2</ele></rtept><rtept lat="57.519615" lon="12.39961"><ele>82.6</ele></rtept><rtept lat="57.519597" lon="12.399603"><ele>82.2</ele></rtept><rtept lat="57.519577" lon="12.39959"><ele>82.4</ele></rtept><rtept lat="57.519552" lon="12.39958"><ele>82.4</ele></rtept><rtept lat="57.519532" lon="12.399575"><ele>82.4</ele></rtept><rtept lat="57.519513" lon="12.399575"><ele>82.6</ele></rtept><rtept lat="57.519493" lon="12.399557"><ele>82.4</ele></rtept><rtept lat="57.519475" lon="12.39954"><ele>82.4</ele></rtept><rtept lat="57.519455" lon="12.399508"><ele>82.4</ele></rtept><rtept lat="57.51943" lon="12.399477"><ele>82.4</ele></rtept><rtept lat="57.51941" lon="12.39947"><ele>82.4</ele></rtept><rtept lat="57.519392" lon="12.399457"><ele>82.2</ele></rtept><rtept lat="57.519347" lon="12.39942"><ele>82.4</ele></rtept><rtept lat="57.519315" lon="12.399378"><ele>82.4</ele></rtept><rtept lat="57.519288" lon="12.399357"><ele>82.2</ele></rtept><rtept lat="57.519257" lon="12.399322"><ele>82.2</ele></rtept><rtept lat="57.519243" lon="12.39928"><ele>82.2</ele></rtept><rtept lat="57.519218" lon="12.399245"><ele>82.4</ele></rtept><rtept lat="57.5192" lon="12.399212"><ele>82.2</ele></rtept><rtept lat="57.519173" lon="12.399172"><ele>82.0</ele></rtept><rtept lat="57.519155" lon="12.399138"><ele>82.2</ele></rtept><rtept lat="57.519155" lon="12.399102"><ele>82.2</ele></rtept><rtept lat="57.519135" lon="12.399067"><ele>82.0</ele></rtept><rtept lat="57.51911" lon="12.399047"><ele>82.2</ele></rtept><rtept lat="57.519083" lon="12.399035"><ele>82.0</ele></rtept><rtept lat="57.519058" lon="12.399022"><ele>82.4</ele></rtept><rtept lat="57.519033" lon="12.399"><ele>82.6</ele></rtept><rtept lat="57.519007" lon="12.398983"><ele>82.6</ele></rtept><rtept lat="57.518957" lon="12.398968"><ele>82.6</ele></rtept><rtept lat="57.518937" lon="12.398945"><ele>82.4</ele></rtept><rtept lat="57.518898" lon="12.398913"><ele>82.8</ele></rtept><rtept lat="57.518873" lon="12.398873"><ele>82.4</ele></rtept><rtept lat="57.518835" lon="12.398848"><ele>82.8</ele></rtept><rtept lat="57.518808" lon="12.39881"><ele>82.6</ele></rtept><rtept lat="57.51879" lon="12.39879"><ele>82.8</ele></rtept><rtept lat="57.51877" lon="12.398763"><ele>82.8</ele></rtept><rtept lat="57.518745" lon="12.398737"><ele>82.8</ele></rtept><rtept lat="57.51872" lon="12.398712"><ele>83.2</ele></rtept><rtept lat="57.518687" lon="12.398665"><ele>83.2</ele></rtept><rtept lat="57.518655" lon="12.398645"><ele>83.2</ele></rtept><rtept lat="57.518623" lon="12.39864"><ele>83.4</ele></rtept><rtept lat="57.518603" lon="12.398612"><ele>83.4</ele></rtept><rtept lat="57.518572" lon="12.398587"><ele>83.2</ele></rtept><rtept lat="57.518553" lon="12.39857"><ele>83.6</ele></rtept><rtept lat="57.51854" lon="12.398537"><ele>83.4</ele></rtept><rtept lat="57.51852" lon="12.398513"><ele>83.6</ele></rtept><rtept lat="57.518495" lon="12.398507"><ele>83.6</ele></rtept><rtept lat="57.518477" lon="12.398498"><ele>83.6</ele></rtept><rtept lat="57.518457" lon="12.398473"><ele>83.4</ele></rtept><rtept lat="57.518438" lon="12.398448"><ele>83.6</ele></rtept><rtept lat="57.518418" lon="12.39842"><ele>83.4</ele></rtept><rtept lat="57.5184" lon="12.3984"><ele>83.6</ele></rtept><rtept lat="57.51838" lon="12.398382"><ele>84.0</ele></rtept><rtept lat="57.51836" lon="12.398348"><ele>84.4</ele></rtept><rtept lat="57.518335" lon="12.398315"><ele>84.6</ele></rtept><rtept lat="57.51831" lon="12.398282"><ele>85.0</ele></rtept><rtept lat="57.51829" lon="12.39824"><ele>85.8</ele></rtept><rtept lat="57.518265" lon="12.398202"><ele>86.4</ele></rtept><rtept lat="57.518245" lon="12.398195"><ele>86.8</ele></rtept><rtept lat="57.51822" lon="12.39818"><ele>86.8</ele></rtept><rtept lat="57.5182" lon="12.39817"><ele>86.8</ele></rtept><rtept lat="57.518182" lon="12.398165"><ele>86.4</ele></rtept><rtept lat="57.518162" lon="12.39816"><ele>86.2</ele></rtept><rtept lat="57.518143" lon="12.39814"><ele>86.6</ele></rtept><rtept lat="57.518123" lon="12.398113"><ele>86.2</ele></rtept><rtept lat="57.518105" lon="12.398088"><ele>86.2</ele></rtept><rtept lat="57.518085" lon="12.398063"><ele>86.4</ele></rtept><rtept lat="57.518067" lon="12.398045"><ele>86.2</ele></rtept><rtept lat="57.518047" lon="12.398027"><ele>86.2</ele></rtept><rtept lat="57.518028" lon="12.398015"><ele>86.6</ele></rtept><rtept lat="57.518008" lon="12.398"><ele>86.2</ele></rtept><rtept lat="57.517977" lon="12.39799"><ele>86.2</ele></rtept><rtept lat="57.517958" lon="12.39799"><ele>86.4</ele></rtept><rtept lat="57.517938" lon="12.397975"><ele>86.2</ele></rtept><rtept lat="57.51792" lon="12.397955"><ele>86.2</ele></rtept><rtept lat="57.517887" lon="12.397925"><ele>86.2</ele></rtept><rtept lat="57.517868" lon="12.397917"><ele>86.0</ele></rtept><rtept lat="57.517842" lon="12.397872"><ele>86.2</ele></rtept><rtept lat="57.517817" lon="12.397808"><ele>86.2</ele></rtept><rtept lat="57.517803" lon="12.39778"><ele>86.2</ele></rtept><rtept lat="57.517785" lon="12.397748"><ele>86.0</ele></rtept><rtept lat="57.517772" lon="12.397718"><ele>86.2</ele></rtept><rtept lat="57.51776" lon="12.397682"><ele>86.2</ele></rtept><rtept lat="57.517753" lon="12.397648"><ele>86.0</ele></rtept><rtept lat="57.51774" lon="12.39762"><ele>86.2</ele></rtept><rtept lat="57.517708" lon="12.39757"><ele>85.6</ele></rtept><rtept lat="57.517688" lon="12.397523"><ele>85.6</ele></rtept><rtept lat="57.51767" lon="12.397502"><ele>85.4</ele></rtept><rtept lat="57.51765" lon="12.397458"><ele>85.6</ele></rtept><rtept lat="57.517625" lon="12.397415"><ele>85.2</ele></rtept><rtept lat="57.517593" lon="12.39738"><ele>84.8</ele></rtept><rtept lat="57.517573" lon="12.39736"><ele>85.0</ele></rtept><rtept lat="57.517555" lon="12.397345"><ele>85.2</ele></rtept><rtept lat="57.517522" lon="12.397327"><ele>84.6</ele></rtept><rtept lat="57.517497" lon="12.397305"><ele>84.8</ele></rtept><rtept lat="57.517472" lon="12.39728"><ele>85.0</ele></rtept><rtept lat="57.517445" lon="12.397258"><ele>84.6</ele></rtept><rtept lat="57.51742" lon="12.397227"><ele>84.8</ele></rtept><rtept lat="57.517395" lon="12.397205"><ele>84.4</ele></rtept><rtept lat="57.517375" lon="12.397192"><ele>84.6</ele></rtept><rtept lat="57.517343" lon="12.397158"><ele>84.2</ele></rtept><rtept lat="57.517323" lon="12.397145"><ele>84.2</ele></rtept><rtept lat="57.517292" lon="12.397118"><ele>84.0</ele></rtept><rtept lat="57.517273" lon="12.397105"><ele>83.6</ele></rtept><rtept lat="57.517253" lon="12.397087"><ele>83.8</ele></rtept><rtept lat="57.517235" lon="12.397063"><ele>83.6</ele></rtept><rtept lat="57.517202" lon="12.397022"><ele>84.0</ele></rtept><rtept lat="57.517183" lon="12.397"><ele>83.6</ele></rtept><rtept lat="57.51717" lon="12.396973"><ele>83.4</ele></rtept><rtept lat="57.517152" lon="12.396952"><ele>83.6</ele></rtept><rtept lat="57.517132" lon="12.396932"><ele>83.4</ele></rtept><rtept lat="57.517113" lon="12.396908"><ele>83.0</ele></rtept><rtept lat="57.517093" lon="12.396888"><ele>83.2</ele></rtept><rtept lat="57.517075" lon="12.396865"><ele>83.2</ele></rtept><rtept lat="57.517048" lon="12.396842"><ele>82.6</ele></rtept><rtept lat="57.517037" lon="12.396818"><ele>82.6</ele></rtept><rtept lat="57.51701" lon="12.396793"><ele>82.8</ele></rtept><rtept lat="57.516978" lon="12.396758"><ele>82.6</ele></rtept><rtept lat="57.516953" lon="12.39674"><ele>82.2</ele></rtept><rtept lat="57.516933" lon="12.39673"><ele>82.0</ele></rtept><rtept lat="57.516908" lon="12.396718"><ele>82.2</ele></rtept><rtept lat="57.516888" lon="12.396698"><ele>81.8</ele></rtept><rtept lat="57.516863" lon="12.39667"><ele>81.4</ele></rtept><rtept lat="57.516843" lon="12.396657"><ele>81.6</ele></rtept><rtept lat="57.516825" lon="12.396643"><ele>81.6</ele></rtept><rtept lat="57.5168" lon="12.39663"><ele>81.4</ele></rtept><rtept lat="57.516767" lon="12.396595"><ele>81.6</ele></rtept><rtept lat="57.516748" lon="12.396572"><ele>81.4</ele></rtept><rtept lat="57.516728" lon="12.396557"><ele>81.8</ele></rtept><rtept lat="57.51671" lon="12.396542"><ele>81.8</ele></rtept><rtept lat="57.51669" lon="12.396532"><ele>81.6</ele></rtept><rtept lat="57.516672" lon="12.396527"><ele>81.8</ele></rtept><rtept lat="57.516645" lon="12.396522"><ele>81.6</ele></rtept><rtept lat="57.516627" lon="12.396515"><ele>81.4</ele></rtept><rtept lat="57.5166" lon="12.39651"><ele>81.6</ele></rtept><rtept lat="57.516575" lon="12.396505"><ele>81.6</ele></rtept><rtept lat="57.516557" lon="12.3965"><ele>81.4</ele></rtept><rtept lat="57.51653" lon="12.396505"><ele>81.6</ele></rtept><rtept lat="57.516512" lon="12.396502"><ele>81.4</ele></rtept><rtept lat="57.516492" lon="12.396497"><ele>81.2</ele></rtept><rtept lat="57.516467" lon="12.396487"><ele>81.4</ele></rtept><rtept lat="57.516435" lon="12.396472"><ele>81.4</ele></rtept><rtept lat="57.516415" lon="12.396475"><ele>81.2</ele></rtept><rtept lat="57.516397" lon="12.396477"><ele>81.4</ele></rtept><rtept lat="57.516377" lon="12.396478"><ele>81.4</ele></rtept><rtept lat="57.516345" lon="12.396465"><ele>81.2</ele></rtept><rtept lat="57.516325" lon="12.396455"><ele>81.2</ele></rtept><rtept lat="57.516287" lon="12.396433"><ele>81.2</ele></rtept><rtept lat="57.516268" lon="12.39643"><ele>81.2</ele></rtept><rtept lat="57.516248" lon="12.39642"><ele>81.0</ele></rtept><rtept lat="57.51623" lon="12.396408"><ele>81.4</ele></rtept><rtept lat="57.516203" lon="12.396392"><ele>81.4</ele></rtept><rtept lat="57.516178" lon="12.396367"><ele>81.2</ele></rtept><rtept lat="57.516165" lon="12.39634"><ele>81.6</ele></rtept><rtept lat="57.516153" lon="12.396313"><ele>81.6</ele></rtept><rtept lat="57.516133" lon="12.396282"><ele>81.6</ele></rtept><rtept lat="57.516115" lon="12.396253"><ele>81.8</ele></rtept><rtept lat="57.516095" lon="12.396198"><ele>82.4</ele></rtept><rtept lat="57.516077" lon="12.39617"><ele>82.6</ele></rtept><rtept lat="57.516063" lon="12.39614"><ele>82.4</ele></rtept><rtept lat="57.51605" lon="12.3961"><ele>82.6</ele></rtept><rtept lat="57.51605" lon="12.39606"><ele>82.8</ele></rtept><rtept lat="57.516038" lon="12.39602"><ele>82.6</ele></rtept><rtept lat="57.516038" lon="12.395983"><ele>82.8</ele></rtept><rtept lat="57.516025" lon="12.39595"><ele>83.0</ele></rtept><rtept lat="57.516018" lon="12.395917"><ele>82.8</ele></rtept><rtept lat="57.516012" lon="12.395882"><ele>82.8</ele></rtept><rtept lat="57.516005" lon="12.395812"><ele>82.8</ele></rtept><rtept lat="57.515998" lon="12.39578"><ele>83.2</ele></rtept><rtept lat="57.51598" lon="12.395722"><ele>83.2</ele></rtept><rtept lat="57.515967" lon="12.395697"><ele>83.2</ele></rtept><rtept lat="57.515955" lon="12.395668"><ele>83.6</ele></rtept><rtept lat="57.515942" lon="12.395642"><ele>83.2</ele></rtept><rtept lat="57.515922" lon="12.395613"><ele>83.2</ele></rtept><rtept lat="57.515897" lon="12.395553"><ele>83.0</ele></rtept><rtept lat="57.515883" lon="12.395528"><ele>83.0</ele></rtept><rtept lat="57.515865" lon="12.395508"><ele>83.4</ele></rtept><rtept lat="57.515852" lon="12.395478"><ele>83.0</ele></rtept><rtept lat="57.51584" lon="12.395445"><ele>83.0</ele></rtept><rtept lat="57.51582" lon="12.395415"><ele>83.2</ele></rtept><rtept lat="57.515807" lon="12.395388"><ele>83.0</ele></rtept><rtept lat="57.515795" lon="12.395363"><ele>83.0</ele></rtept><rtept lat="57.515782" lon="12.39534"><ele>83.2</ele></rtept><rtept lat="57.515768" lon="12.39531"><ele>83.0</ele></rtept><rtept lat="57.515757" lon="12.39528"><ele>83.0</ele></rtept><rtept lat="57.515743" lon="12.39525"><ele>83.4</ele></rtept><rtept lat="57.515718" lon="12.395198"><ele>83.0</ele></rtept><rtept lat="57.515698" lon="12.395145"><ele>83.0</ele></rtept><rtept lat="57.51568" lon="12.395117"><ele>83.0</ele></rtept><rtept lat="57.515653" lon="12.39507"><ele>83.0</ele></rtept><rtept lat="57.515635" lon="12.395045"><ele>82.6</ele></rtept><rtept lat="57.515615" lon="12.395027"><ele>82.8</ele></rtept><rtept lat="57.515597" lon="12.395005"><ele>82.4</ele></rtept><rtept lat="57.515577" lon="12.394982"><ele>82.2</ele></rtept><rtept lat="57.515558" lon="12.39496"><ele>82.6</ele></rtept><rtept lat="57.515538" lon="12.394938"><ele>82.4</ele></rtept><rtept lat="57.515525" lon="12.394913"><ele>82.2</ele></rtept><rtept lat="57.515513" lon="12.394887"><ele>82.4</ele></rtept><rtept lat="57.515493" lon="12.394857"><ele>82.0</ele></rtept><rtept lat="57.515462" lon="12.394815"><ele>82.4</ele></rtept><rtept lat="57.515442" lon="12.394788"><ele>82.2</ele></rtept><rtept lat="57.515417" lon="12.394742"><ele>82.6</ele></rtept><rtept lat="57.515398" lon="12.394708"><ele>82.6</ele></rtept><rtept lat="57.515385" lon="12.39468"><ele>82.8</ele></rtept><rtept lat="57.515372" lon="12.39465"><ele>82.8</ele></rtept><rtept lat="57.51536" lon="12.39462"><ele>82.8</ele></rtept><rtept lat="57.515347" lon="12.394593"><ele>83.2</ele></rtept><rtept lat="57.515333" lon="12.394545"><ele>83.0</ele></rtept><rtept lat="57.51532" lon="12.394497"><ele>83.2</ele></rtept><rtept lat="57.515308" lon="12.394467"><ele>83.2</ele></rtept><rtept lat="57.515295" lon="12.39444"><ele>83.6</ele></rtept><rtept lat="57.515282" lon="12.394415"><ele>83.4</ele></rtept><rtept lat="57.515263" lon="12.394362"><ele>84.0</ele></rtept><rtept lat="57.515243" lon="12.394305"><ele>84.0</ele></rtept><rtept lat="57.515225" lon="12.394253"><ele>84.0</ele></rtept><rtept lat="57.515218" lon="12.39422"><ele>84.6</ele></rtept><rtept lat="57.5152" lon="12.394193"><ele>84.8</ele></rtept><rtept lat="57.515187" lon="12.394167"><ele>84.8</ele></rtept><rtept lat="57.515173" lon="12.394137"><ele>85.2</ele></rtept><rtept lat="57.51516" lon="12.394102"><ele>85.2</ele></rtept><rtept lat="57.515148" lon="12.394073"><ele>85.4</ele></rtept><rtept lat="57.515135" lon="12.394042"><ele>85.8</ele></rtept><rtept lat="57.515117" lon="12.394013"><ele>85.6</ele></rtept><rtept lat="57.515103" lon="12.393988"><ele>85.6</ele></rtept><rtept lat="57.515083" lon="12.393965"><ele>86.2</ele></rtept><rtept lat="57.515072" lon="12.39394"><ele>86.0</ele></rtept><rtept lat="57.515058" lon="12.393915"><ele>86.2</ele></rtept><rtept lat="57.51504" lon="12.39389"><ele>86.2</ele></rtept><rtept lat="57.51502" lon="12.393863"><ele>86.0</ele></rtept><rtept lat="57.515" lon="12.393845"><ele>86.0</ele></rtept><rtept lat="57.514968" lon="12.393803"><ele>86.2</ele></rtept><rtept lat="57.514943" lon="12.39376"><ele>86.8</ele></rtept><rtept lat="57.51493" lon="12.393732"><ele>86.4</ele></rtept><rtept lat="57.514905" lon="12.393692"><ele>86.8</ele></rtept><rtept lat="57.51488" lon="12.393645"><ele>86.4</ele></rtept><rtept lat="57.514867" lon="12.39362"><ele>86.6</ele></rtept><rtept lat="57.514853" lon="12.393597"><ele>86.4</ele></rtept><rtept lat="57.51484" lon="12.393567"><ele>86.4</ele></rtept><rtept lat="57.514828" lon="12.393537"><ele>86.8</ele></rtept><rtept lat="57.514802" lon="12.39348"><ele>86.6</ele></rtept><rtept lat="57.51479" lon="12.393448"><ele>87.0</ele></rtept><rtept lat="57.51477" lon="12.393392"><ele>86.8</ele></rtept><rtept lat="57.514752" lon="12.393338"><ele>86.8</ele></rtept><rtept lat="57.514738" lon="12.393308"><ele>86.6</ele></rtept><rtept lat="57.514725" lon="12.39328"><ele>86.8</ele></rtept><rtept lat="57.514707" lon="12.393217"><ele>86.4</ele></rtept><rtept lat="57.514687" lon="12.39316"><ele>86.6</ele></rtept><rtept lat="57.514675" lon="12.393123"><ele>86.4</ele></rtept><rtept lat="57.514668" lon="12.393092"><ele>86.8</ele></rtept><rtept lat="57.514662" lon="12.39306"><ele>87.0</ele></rtept><rtept lat="57.514648" lon="12.393022"><ele>86.6</ele></rtept><rtept lat="57.514637" lon="12.392992"><ele>86.8</ele></rtept><rtept lat="57.514623" lon="12.39296"><ele>86.8</ele></rtept><rtept lat="57.51461" lon="12.392927"><ele>86.2</ele></rtept><rtept lat="57.514592" lon="12.392873"><ele>86.6</ele></rtept><rtept lat="57.514578" lon="12.392848"><ele>86.2</ele></rtept><rtept lat="57.51456" lon="12.3928"><ele>86.2</ele></rtept><rtept lat="57.514547" lon="12.392768"><ele>85.8</ele></rtept><rtept lat="57.514527" lon="12.392708"><ele>86.0</ele></rtept><rtept lat="57.514508" lon="12.392675"><ele>85.6</ele></rtept><rtept lat="57.514488" lon="12.392618"><ele>85.6</ele></rtept><rtept lat="57.51447" lon="12.392585"><ele>85.0</ele></rtept><rtept lat="57.514443" lon="12.392528"><ele>84.8</ele></rtept><rtept lat="57.514432" lon="12.392493"><ele>84.4</ele></rtept><rtept lat="57.514418" lon="12.39246"><ele>84.6</ele></rtept><rtept lat="57.514405" lon="12.392427"><ele>84.6</ele></rtept><rtept lat="57.514393" lon="12.392395"><ele>84.2</ele></rtept><rtept lat="57.51438" lon="12.39236"><ele>84.6</ele></rtept><rtept lat="57.514367" lon="12.392327"><ele>84.6</ele></rtept><rtept lat="57.51436" lon="12.392267"><ele>84.8</ele></rtept><rtept lat="57.514348" lon="12.392232"><ele>84.8</ele></rtept><rtept lat="57.514335" lon="12.3922"><ele>84.4</ele></rtept><rtept lat="57.514322" lon="12.392167"><ele>84.8</ele></rtept><rtept lat="57.51431" lon="12.392133"><ele>84.8</ele></rtept><rtept lat="57.514303" lon="12.392098"><ele>84.4</ele></rtept><rtept lat="57.51429" lon="12.392062"><ele>84.6</ele></rtept><rtept lat="57.514283" lon="12.392028"><ele>84.6</ele></rtept><rtept lat="57.514265" lon="12.391988"><ele>84.2</ele></rtept><rtept lat="57.514252" lon="12.391948"><ele>84.2</ele></rtept><rtept lat="57.51424" lon="12.391915"><ele>84.2</ele></rtept><rtept lat="57.514227" lon="12.391882"><ele>83.6</ele></rtept><rtept lat="57.514213" lon="12.391853"><ele>83.4</ele></rtept><rtept lat="57.514195" lon="12.391788"><ele>82.8</ele></rtept><rtept lat="57.514182" lon="12.39175"><ele>82.8</ele></rtept><rtept lat="57.514168" lon="12.391723"><ele>83.0</ele></rtept><rtept lat="57.514162" lon="12.39169"><ele>82.4</ele></rtept><rtept lat="57.514157" lon="12.391655"><ele>82.2</ele></rtept><rtept lat="57.514143" lon="12.391617"><ele>82.4</ele></rtept><rtept lat="57.51413" lon="12.391572"><ele>82.0</ele></rtept><rtept lat="57.514118" lon="12.391532"><ele>81.8</ele></rtept><rtept lat="57.514112" lon="12.391498"><ele>82.0</ele></rtept><rtept lat="57.514105" lon="12.39146"><ele>81.6</ele></rtept><rtept lat="57.514092" lon="12.39142"><ele>81.4</ele></rtept><rtept lat="57.514092" lon="12.39138"><ele>81.4</ele></rtept><rtept lat="57.514085" lon="12.391343"><ele>81.2</ele></rtept><rtept lat="57.514085" lon="12.391283"><ele>81.0</ele></rtept><rtept lat="57.514073" lon="12.39122"><ele>80.4</ele></rtept><rtept lat="57.514073" lon="12.39118"><ele>80.4</ele></rtept><rtept lat="57.514073" lon="12.391145"><ele>80.4</ele></rtept><rtept lat="57.514067" lon="12.391108"><ele>79.8</ele></rtept><rtept lat="57.514067" lon="12.391073"><ele>79.6</ele></rtept><rtept lat="57.514067" lon="12.391037"><ele>79.8</ele></rtept><rtept lat="57.514067" lon="12.391"><ele>79.2</ele></rtept><rtept lat="57.51406" lon="12.390962"><ele>78.8</ele></rtept><rtept lat="57.514053" lon="12.390925"><ele>79.0</ele></rtept><rtept lat="57.514047" lon="12.390892"><ele>78.8</ele></rtept><rtept lat="57.514035" lon="12.390852"><ele>78.4</ele></rtept><rtept lat="57.514028" lon="12.390813"><ele>78.4</ele></rtept><rtept lat="57.514022" lon="12.390778"><ele>78.2</ele></rtept><rtept lat="57.514015" lon="12.390742"><ele>77.6</ele></rtept><rtept lat="57.514008" lon="12.390708"><ele>77.6</ele></rtept><rtept lat="57.513997" lon="12.390677"><ele>77.8</ele></rtept><rtept lat="57.513997" lon="12.39064"><ele>77.2</ele></rtept><rtept lat="57.51399" lon="12.390602"><ele>77.0</ele></rtept><rtept lat="57.513977" lon="12.390563"><ele>77.0</ele></rtept><rtept lat="57.513963" lon="12.390522"><ele>76.4</ele></rtept><rtept lat="57.513952" lon="12.39048"><ele>76.0</ele></rtept><rtept lat="57.513945" lon="12.390443"><ele>76.2</ele></rtept><rtept lat="57.513932" lon="12.390408"><ele>75.8</ele></rtept><rtept lat="57.513925" lon="12.390377"><ele>75.6</ele></rtept><rtept lat="57.51392" lon="12.390343"><ele>75.8</ele></rtept><rtept lat="57.513913" lon="12.390305"><ele>75.4</ele></rtept><rtept lat="57.513907" lon="12.390267"><ele>75.2</ele></rtept><rtept lat="57.5139" lon="12.390232"><ele>75.4</ele></rtept><rtept lat="57.513893" lon="12.390195"><ele>75.2</ele></rtept><rtept lat="57.513893" lon="12.390157"><ele>75.0</ele></rtept><rtept lat="57.513893" lon="12.390112"><ele>75.2</ele></rtept><rtept lat="57.5139" lon="12.39008"><ele>75.2</ele></rtept><rtept lat="57.513907" lon="12.390033"><ele>75.0</ele></rtept><rtept lat="57.51392" lon="12.389978"><ele>74.8</ele></rtept><rtept lat="57.513932" lon="12.389942"><ele>74.6</ele></rtept><rtept lat="57.513945" lon="12.389912"><ele>74.6</ele></rtept><rtept lat="57.513958" lon="12.38988"><ele>74.8</ele></rtept><rtept lat="57.513983" lon="12.389815"><ele>74.6</ele></rtept><rtept lat="57.51399" lon="12.389748"><ele>74.2</ele></rtept><rtept lat="57.51399" lon="12.389715"><ele>74.2</ele></rtept><rtept lat="57.51399" lon="12.389645"><ele>73.8</ele></rtept><rtept lat="57.51399" lon="12.38961"><ele>74.0</ele></rtept><rtept lat="57.513983" lon="12.389572"><ele>73.8</ele></rtept><rtept lat="57.51397" lon="12.389535"><ele>73.4</ele></rtept><rtept lat="57.51397" lon="12.3895"><ele>73.6</ele></rtept><rtept lat="57.513952" lon="12.389465"><ele>73.6</ele></rtept><rtept lat="57.513932" lon="12.389407"><ele>73.6</ele></rtept><rtept lat="57.51392" lon="12.38938"><ele>73.6</ele></rtept><rtept lat="57.513893" lon="12.38934"><ele>73.6</ele></rtept><rtept lat="57.513875" lon="12.389317"><ele>73.2</ele></rtept><rtept lat="57.513855" lon="12.389267"><ele>73.6</ele></rtept><rtept lat="57.513842" lon="12.38924"><ele>73.6</ele></rtept><rtept lat="57.51383" lon="12.389213"><ele>73.6</ele></rtept><rtept lat="57.513817" lon="12.389187"><ele>73.8</ele></rtept><rtept lat="57.513803" lon="12.389162"><ele>73.8</ele></rtept><rtept lat="57.513792" lon="12.389135"><ele>73.8</ele></rtept><rtept lat="57.513772" lon="12.389075"><ele>73.8</ele></rtept><rtept lat="57.513753" lon="12.38902"><ele>74.0</ele></rtept><rtept lat="57.513733" lon="12.38899"><ele>74.0</ele></rtept><rtept lat="57.513715" lon="12.388928"><ele>74.4</ele></rtept><rtept lat="57.513702" lon="12.388892"><ele>74.4</ele></rtept><rtept lat="57.513688" lon="12.388863"><ele>74.4</ele></rtept><rtept lat="57.513677" lon="12.388838"><ele>74.6</ele></rtept><rtept lat="57.513657" lon="12.388777"><ele>74.2</ele></rtept><rtept lat="57.513643" lon="12.38875"><ele>74.4</ele></rtept><rtept lat="57.513632" lon="12.388722"><ele>74.2</ele></rtept><rtept lat="57.513605" lon="12.388678"><ele>74.2</ele></rtept><rtept lat="57.513573" lon="12.388647"><ele>74.0</ele></rtept><rtept lat="57.513555" lon="12.388627"><ele>74.4</ele></rtept><rtept lat="57.513535" lon="12.388582"><ele>74.6</ele></rtept><rtept lat="57.513522" lon="12.388558"><ele>74.8</ele></rtept><rtept lat="57.513497" lon="12.388517"><ele>75.4</ele></rtept><rtept lat="57.513478" lon="12.388495"><ele>75.6</ele></rtept><rtept lat="57.513458" lon="12.388448"><ele>76.0</ele></rtept><rtept lat="57.513445" lon="12.388418"><ele>76.2</ele></rtept><rtept lat="57.51344" lon="12.388385"><ele>76.0</ele></rtept><rtept lat="57.51342" lon="12.388333"><ele>76.4</ele></rtept><rtept lat="57.5134" lon="12.38828"><ele>76.4</ele></rtept><rtept lat="57.513388" lon="12.388248"><ele>76.6</ele></rtept><rtept lat="57.513375" lon="12.388217"><ele>76.4</ele></rtept><rtept lat="57.513362" lon="12.38816"><ele>76.6</ele></rtept><rtept lat="57.51335" lon="12.388132"><ele>76.4</ele></rtept><rtept lat="57.513337" lon="12.388072"><ele>76.8</ele></rtept><rtept lat="57.513323" lon="12.38804"><ele>76.8</ele></rtept><rtept lat="57.513312" lon="12.388017"><ele>77.0</ele></rtept><rtept lat="57.513298" lon="12.387988"><ele>77.2</ele></rtept><rtept lat="57.513285" lon="12.38796"><ele>77.0</ele></rtept><rtept lat="57.513273" lon="12.387937"><ele>77.2</ele></rtept><rtept lat="57.51324" lon="12.387887"><ele>77.2</ele></rtept><rtept lat="57.513215" lon="12.387843"><ele>77.6</ele></rtept><rtept lat="57.513197" lon="12.38782"><ele>77.6</ele></rtept><rtept lat="57.513177" lon="12.3878"><ele>77.8</ele></rtept><rtept lat="57.513163" lon="12.387775"><ele>77.8</ele></rtept><rtept lat="57.513145" lon="12.387748"><ele>77.8</ele></rtept><rtept lat="57.513132" lon="12.387715"><ele>78.0</ele></rtept><rtept lat="57.513113" lon="12.387688"><ele>78.4</ele></rtept><rtept lat="57.513093" lon="12.387665"><ele>78.4</ele></rtept><rtept lat="57.513062" lon="12.38763"><ele>79.0</ele></rtept><rtept lat="57.513037" lon="12.387603"><ele>78.6</ele></rtept><rtept lat="57.51301" lon="12.387565"><ele>79.0</ele></rtept><rtept lat="57.512992" lon="12.387548"><ele>78.6</ele></rtept><rtept lat="57.51296" lon="12.38751"><ele>78.6</ele></rtept><rtept lat="57.512933" lon="12.38748"><ele>78.2</ele></rtept><rtept lat="57.512915" lon="12.38746"><ele>78.2</ele></rtept><rtept lat="57.512888" lon="12.387418"><ele>77.8</ele></rtept><rtept lat="57.512877" lon="12.387392"><ele>77.8</ele></rtept><rtept lat="57.51285" lon="12.387358"><ele>77.6</ele></rtept><rtept lat="57.512838" lon="12.387332"><ele>77.2</ele></rtept><rtept lat="57.512818" lon="12.387282"><ele>77.2</ele></rtept><rtept lat="57.512805" lon="12.387257"><ele>76.8</ele></rtept><rtept lat="57.512793" lon="12.387228"><ele>76.8</ele></rtept><rtept lat="57.51278" lon="12.3872"><ele>76.8</ele></rtept><rtept lat="57.512767" lon="12.387152"><ele>76.4</ele></rtept><rtept lat="57.512742" lon="12.387087"><ele>76.4</ele></rtept><rtept lat="57.512728" lon="12.387055"><ele>76.0</ele></rtept><rtept lat="57.512717" lon="12.38703"><ele>75.8</ele></rtept><rtept lat="57.512703" lon="12.387002"><ele>76.0</ele></rtept><rtept lat="57.512683" lon="12.386943"><ele>75.4</ele></rtept><rtept lat="57.512672" lon="12.386918"><ele>75.6</ele></rtept><rtept lat="57.512658" lon="12.38689"><ele>75.6</ele></rtept><rtept lat="57.51264" lon="12.386863"><ele>75.0</ele></rtept><rtept lat="57.512633" lon="12.38683"><ele>75.2</ele></rtept><rtept lat="57.512613" lon="12.3868"><ele>75.2</ele></rtept><rtept lat="57.5126" lon="12.386763"><ele>74.6</ele></rtept><rtept lat="57.512582" lon="12.386745"><ele>74.8</ele></rtept><rtept lat="57.512568" lon="12.38672"><ele>74.6</ele></rtept><rtept lat="57.512557" lon="12.38669"><ele>74.4</ele></rtept><rtept lat="57.512543" lon="12.38666"><ele>74.6</ele></rtept><rtept lat="57.51253" lon="12.38663"><ele>74.4</ele></rtept><rtept lat="57.512512" lon="12.386558"><ele>74.6</ele></rtept><rtept lat="57.512498" lon="12.386527"><ele>74.4</ele></rtept><rtept lat="57.512485" lon="12.386498"><ele>74.6</ele></rtept><rtept lat="57.512473" lon="12.38644"><ele>74.6</ele></rtept><rtept lat="57.512467" lon="12.386407"><ele>74.4</ele></rtept><rtept lat="57.51246" lon="12.386358"><ele>74.8</ele></rtept><rtept lat="57.512447" lon="12.386288"><ele>75.2</ele></rtept><rtept lat="57.51244" lon="12.386255"><ele>75.4</ele></rtept><rtept lat="57.512428" lon="12.38623"><ele>75.2</ele></rtept><rtept lat="57.512415" lon="12.386193"><ele>76.0</ele></rtept><rtept lat="57.512397" lon="12.38617"><ele>76.6</ele></rtept><rtept lat="57.512383" lon="12.386137"><ele>77.0</ele></rtept><rtept lat="57.512363" lon="12.386097"><ele>77.4</ele></rtept><rtept lat="57.512345" lon="12.386042"><ele>78.0</ele></rtept><rtept lat="57.512338" lon="12.38601"><ele>78.6</ele></rtept><rtept lat="57.512325" lon="12.385982"><ele>78.8</ele></rtept><rtept lat="57.512313" lon="12.385955"><ele>78.8</ele></rtept><rtept lat="57.512293" lon="12.385907"><ele>79.4</ele></rtept><rtept lat="57.51228" lon="12.385882"><ele>79.4</ele></rtept><rtept lat="57.512268" lon="12.385842"><ele>79.8</ele></rtept><rtept lat="57.512255" lon="12.385813"><ele>80.0</ele></rtept><rtept lat="57.512237" lon="12.385773"><ele>79.8</ele></rtept><rtept lat="57.512217" lon="12.385733"><ele>80.2</ele></rtept><rtept lat="57.512192" lon="12.385698"><ele>80.2</ele></rtept><rtept lat="57.512165" lon="12.385655"><ele>80.4</ele></rtept><rtept lat="57.512147" lon="12.385633"><ele>80.4</ele></rtept><rtept lat="57.512127" lon="12.385613"><ele>80.6</ele></rtept><rtept lat="57.512108" lon="12.385598"><ele>81.0</ele></rtept><rtept lat="57.512082" lon="12.38556"><ele>81.0</ele></rtept><rtept lat="57.512063" lon="12.385535"><ele>81.2</ele></rtept><rtept lat="57.512043" lon="12.38552"><ele>81.2</ele></rtept><rtept lat="57.512032" lon="12.385495"><ele>81.2</ele></rtept><rtept lat="57.512012" lon="12.385457"><ele>81.6</ele></rtept><rtept lat="57.511987" lon="12.385423"><ele>81.6</ele></rtept><rtept lat="57.511967" lon="12.385395"><ele>81.6</ele></rtept><rtept lat="57.511955" lon="12.38537"><ele>81.6</ele></rtept><rtept lat="57.511942" lon="12.38533"><ele>82.0</ele></rtept><rtept lat="57.511935" lon="12.38528"><ele>81.8</ele></rtept><rtept lat="57.511922" lon="12.385237"><ele>82.2</ele></rtept><rtept lat="57.51191" lon="12.385205"><ele>82.8</ele></rtept><rtept lat="57.511903" lon="12.385167"><ele>83.0</ele></rtept><rtept lat="57.511903" lon="12.385108"><ele>83.4</ele></rtept><rtept lat="57.51191" lon="12.385147"><ele>83.8</ele></rtept><rtept lat="57.511922" lon="12.385193"><ele>83.8</ele></rtept><rtept lat="57.511935" lon="12.385242"><ele>83.8</ele></rtept><rtept lat="57.511928" lon="12.385305"><ele>83.8</ele></rtept><rtept lat="57.51191" lon="12.38536"><ele>83.6</ele></rtept><rtept lat="57.511897" lon="12.38539"><ele>83.4</ele></rtept><rtept lat="57.511872" lon="12.385423"><ele>83.6</ele></rtept><rtept lat="57.511845" lon="12.385443"><ele>83.8</ele></rtept><rtept lat="57.51182" lon="12.385443"><ele>83.8</ele></rtept><rtept lat="57.511795" lon="12.38548"><ele>83.8</ele></rtept><rtept lat="57.511775" lon="12.38551"><ele>83.8</ele></rtept><rtept lat="57.51175" lon="12.385518"><ele>83.6</ele></rtept><rtept lat="57.51173" lon="12.385533"><ele>84.0</ele></rtept><rtept lat="57.511718" lon="12.38558"><ele>84.0</ele></rtept><rtept lat="57.511698" lon="12.385635"><ele>83.4</ele></rtept><rtept lat="57.511678" lon="12.385662"><ele>83.4</ele></rtept><rtept lat="57.511647" lon="12.38572"><ele>83.0</ele></rtept><rtept lat="57.511628" lon="12.385747"><ele>83.2</ele></rtept><rtept lat="57.511597" lon="12.385773"><ele>83.0</ele></rtept><rtept lat="57.511577" lon="12.385783"><ele>82.8</ele></rtept><rtept lat="57.511563" lon="12.385827"><ele>82.4</ele></rtept><rtept lat="57.511545" lon="12.385853"><ele>82.2</ele></rtept><rtept lat="57.511513" lon="12.385898"><ele>82.2</ele></rtept><rtept lat="57.511487" lon="12.385925"><ele>82.6</ele></rtept><rtept lat="57.511462" lon="12.385932"><ele>82.6</ele></rtept><rtept lat="57.511442" lon="12.385945"><ele>82.8</ele></rtept><rtept lat="57.51141" lon="12.385952"><ele>82.6</ele></rtept><rtept lat="57.511392" lon="12.38596"><ele>82.8</ele></rtept><rtept lat="57.511365" lon="12.385965"><ele>83.0</ele></rtept><rtept lat="57.51134" lon="12.385972"><ele>83.2</ele></rtept><rtept lat="57.511315" lon="12.385972"><ele>82.8</ele></rtept><rtept lat="57.511295" lon="12.385975"><ele>82.6</ele></rtept><rtept lat="57.511263" lon="12.385985"><ele>82.2</ele></rtept><rtept lat="57.511243" lon="12.385997"><ele>82.0</ele></rtept><rtept lat="57.511212" lon="12.38601"><ele>81.6</ele></rtept><rtept lat="57.511193" lon="12.386007"><ele>81.6</ele></rtept><rtept lat="57.511167" lon="12.386005"><ele>81.4</ele></rtept><rtept lat="57.511148" lon="12.386"><ele>81.0</ele></rtept><rtept lat="57.51111" lon="12.386007"><ele>80.6</ele></rtept><rtept lat="57.51109" lon="12.386012"><ele>80.4</ele></rtept><rtept lat="57.511072" lon="12.386015"><ele>80.2</ele></rtept><rtept lat="57.511052" lon="12.38602"><ele>80.0</ele></rtept><rtept lat="57.511027" lon="12.386025"><ele>79.8</ele></rtept><rtept lat="57.510995" lon="12.386032"><ele>79.6</ele></rtept><rtept lat="57.511027" lon="12.386072"><ele>79.0</ele></rtept><rtept lat="57.51104" lon="12.386117"><ele>78.6</ele></rtept><rtept lat="57.511045" lon="12.38615"><ele>77.8</ele></rtept><rtept lat="57.511045" lon="12.386193"><ele>76.6</ele></rtept><rtept lat="57.511027" lon="12.386223"><ele>75.6</ele></rtept><rtept lat="57.511013" lon="12.386248"><ele>74.8</ele></rtept><rtept lat="57.510995" lon="12.386278"><ele>72.6</ele></rtept><rtept lat="57.510975" lon="12.386308"><ele>72.0</ele></rtept><rtept lat="57.510968" lon="12.386348"><ele>71.0</ele></rtept><rtept lat="57.510957" lon="12.386383"><ele>70.6</ele></rtept><rtept lat="57.51095" lon="12.38642"><ele>70.6</ele></rtept><rtept lat="57.510937" lon="12.386443"><ele>70.4</ele></rtept><rtept lat="57.51093" lon="12.386477"><ele>70.4</ele></rtept><rtept lat="57.510918" lon="12.386503"><ele>70.6</ele></rtept><rtept lat="57.510912" lon="12.38654"><ele>70.4</ele></rtept><rtept lat="57.510892" lon="12.386573"><ele>70.4</ele></rtept><rtept lat="57.510873" lon="12.386618"><ele>70.4</ele></rtept><rtept lat="57.510853" lon="12.386657"><ele>70.4</ele></rtept><rtept lat="57.510835" lon="12.386687"><ele>70.2</ele></rtept><rtept lat="57.510815" lon="12.38672"><ele>70.0</ele></rtept><rtept lat="57.510797" lon="12.386752"><ele>70.0</ele></rtept><rtept lat="57.510783" lon="12.386783"><ele>69.8</ele></rtept><rtept lat="57.510758" lon="12.38682"><ele>69.4</ele></rtept><rtept lat="57.510738" lon="12.386853"><ele>69.0</ele></rtept><rtept lat="57.51072" lon="12.386877"><ele>68.8</ele></rtept><rtept lat="57.510707" lon="12.3869"><ele>68.4</ele></rtept><rtept lat="57.5107" lon="12.386935"><ele>68.2</ele></rtept><rtept lat="57.5107" lon="12.386975"><ele>68.2</ele></rtept><rtept lat="57.510687" lon="12.387028"><ele>68.0</ele></rtept><rtept lat="57.510675" lon="12.38708"><ele>68.0</ele></rtept><rtept lat="57.510668" lon="12.387127"><ele>67.8</ele></rtept><rtept lat="57.510668" lon="12.38716"><ele>67.8</ele></rtept><rtept lat="57.510668" lon="12.3872"><ele>67.4</ele></rtept><rtept lat="57.510655" lon="12.387265"><ele>67.4</ele></rtept><rtept lat="57.510648" lon="12.387338"><ele>67.4</ele></rtept><rtept lat="57.510648" lon="12.387378"><ele>67.4</ele></rtept><rtept lat="57.510648" lon="12.387418"><ele>67.2</ele></rtept><rtept lat="57.510648" lon="12.387475"><ele>67.4</ele></rtept><rtept lat="57.510668" lon="12.38753"><ele>67.4</ele></rtept><rtept lat="57.510675" lon="12.387585"><ele>67.4</ele></rtept><rtept lat="57.51068" lon="12.387635"><ele>67.4</ele></rtept><rtept lat="57.510687" lon="12.387675"><ele>67.2</ele></rtept><rtept lat="57.510687" lon="12.387715"><ele>67.6</ele></rtept><rtept lat="57.510693" lon="12.387747"><ele>67.2</ele></rtept><rtept lat="57.510662" lon="12.387747"><ele>67.0</ele></rtept><rtept lat="57.51063" lon="12.387728"><ele>67.0</ele></rtept><rtept lat="57.510655" lon="12.387683"><ele>67.0</ele></rtept><rtept lat="57.510675" lon="12.387665"><ele>67.0</ele></rtept><rtept lat="57.510693" lon="12.387655"><ele>67.4</ele></rtept><rtept lat="57.51072" lon="12.387653"><ele>67.2</ele></rtept><rtept lat="57.510738" lon="12.387662"><ele>67.4</ele></rtept><rtept lat="57.51077" lon="12.38768"><ele>67.2</ele></rtept><rtept lat="57.51079" lon="12.3877"><ele>67.6</ele></rtept><rtept lat="57.510808" lon="12.387728"><ele>67.4</ele></rtept><rtept lat="57.51084" lon="12.387767"><ele>67.6</ele></rtept><rtept lat="57.510853" lon="12.387798"><ele>67.4</ele></rtept><rtept lat="57.510873" lon="12.387828"><ele>67.8</ele></rtept><rtept lat="57.510892" lon="12.38786"><ele>67.8</ele></rtept><rtept lat="57.510912" lon="12.387892"><ele>67.8</ele></rtept><rtept lat="57.510937" lon="12.387917"><ele>67.8</ele></rtept><rtept lat="57.51095" lon="12.387942"><ele>68.0</ele></rtept><rtept lat="57.510968" lon="12.387968"><ele>68.0</ele></rtept><rtept lat="57.510988" lon="12.388012"><ele>68.0</ele></rtept><rtept lat="57.511007" lon="12.388045"><ele>68.0</ele></rtept><rtept lat="57.511027" lon="12.38808"><ele>68.0</ele></rtept><rtept lat="57.511033" lon="12.388118"><ele>68.4</ele></rtept><rtept lat="57.511045" lon="12.388163"><ele>68.4</ele></rtept><rtept lat="57.511052" lon="12.388203"><ele>68.2</ele></rtept><rtept lat="57.511072" lon="12.38824"><ele>68.6</ele></rtept><rtept lat="57.511072" lon="12.388277"><ele>68.6</ele></rtept><rtept lat="57.511052" lon="12.388328"><ele>68.8</ele></rtept><rtept lat="57.511045" lon="12.388373"><ele>68.8</ele></rtept><rtept lat="57.511052" lon="12.388415"><ele>69.4</ele></rtept><rtept lat="57.51104" lon="12.388443"><ele>69.4</ele></rtept><rtept lat="57.51102" lon="12.388458"><ele>69.6</ele></rtept><rtept lat="57.511" lon="12.38848"><ele>69.6</ele></rtept><rtept lat="57.510968" lon="12.388522"><ele>69.4</ele></rtept><rtept lat="57.51095" lon="12.388547"><ele>69.8</ele></rtept><rtept lat="57.510937" lon="12.388578"><ele>69.2</ele></rtept><rtept lat="57.510943" lon="12.38862"><ele>69.2</ele></rtept><rtept lat="57.51095" lon="12.388658"><ele>69.6</ele></rtept><rtept lat="57.510962" lon="12.388692"><ele>69.6</ele></rtept><rtept lat="57.510988" lon="12.388758"><ele>69.8</ele></rtept><rtept lat="57.510988" lon="12.388798"><ele>69.8</ele></rtept><rtept lat="57.510995" lon="12.38883"><ele>70.0</ele></rtept><rtept lat="57.511" lon="12.388892"><ele>70.4</ele></rtept><rtept lat="57.511013" lon="12.388923"><ele>70.4</ele></rtept><rtept lat="57.511027" lon="12.38895"><ele>70.8</ele></rtept><rtept lat="57.51104" lon="12.389008"><ele>71.0</ele></rtept><rtept lat="57.511052" lon="12.389063"><ele>71.4</ele></rtept><rtept lat="57.511065" lon="12.389128"><ele>71.4</ele></rtept><rtept lat="57.511072" lon="12.389168"><ele>71.6</ele></rtept><rtept lat="57.511072" lon="12.389208"><ele>71.6</ele></rtept><rtept lat="57.511072" lon="12.389267"><ele>71.8</ele></rtept><rtept lat="57.511078" lon="12.389322"><ele>71.8</ele></rtept><rtept lat="57.511083" lon="12.389372"><ele>72.0</ele></rtept><rtept lat="57.511078" lon="12.389427"><ele>71.8</ele></rtept><rtept lat="57.511078" lon="12.389462"><ele>71.8</ele></rtept><rtept lat="57.511072" lon="12.389515"><ele>71.8</ele></rtept><rtept lat="57.511065" lon="12.389563"><ele>71.4</ele></rtept><rtept lat="57.511072" lon="12.38961"><ele>71.6</ele></rtept><rtept lat="57.511078" lon="12.389657"><ele>71.4</ele></rtept><rtept lat="57.511083" lon="12.389703"><ele>71.4</ele></rtept><rtept lat="57.511083" lon="12.389753"><ele>71.4</ele></rtept><rtept lat="57.511083" lon="12.389813"><ele>70.8</ele></rtept><rtept lat="57.51109" lon="12.389855"><ele>70.8</ele></rtept><rtept lat="57.51111" lon="12.389908"><ele>70.6</ele></rtept><rtept lat="57.511117" lon="12.389972"><ele>70.2</ele></rtept><rtept lat="57.511135" lon="12.390043"><ele>70.0</ele></rtept><rtept lat="57.511155" lon="12.390113"><ele>69.8</ele></rtept><rtept lat="57.511173" lon="12.390167"><ele>69.6</ele></rtept><rtept lat="57.5112" lon="12.390218"><ele>69.2</ele></rtept><rtept lat="57.511238" lon="12.390277"><ele>69.0</ele></rtept><rtept lat="57.511263" lon="12.390328"><ele>69.0</ele></rtept><rtept lat="57.511277" lon="12.390373"><ele>68.6</ele></rtept><rtept lat="57.511295" lon="12.39041"><ele>68.6</ele></rtept><rtept lat="57.51132" lon="12.390457"><ele>68.4</ele></rtept><rtept lat="57.511347" lon="12.390502"><ele>68.2</ele></rtept><rtept lat="57.511347" lon="12.390558"><ele>68.2</ele></rtept><rtept lat="57.511327" lon="12.390608"><ele>68.4</ele></rtept><rtept lat="57.511295" lon="12.390678"><ele>67.8</ele></rtept><rtept lat="57.511282" lon="12.390723"><ele>67.8</ele></rtept><rtept lat="57.51127" lon="12.39076"><ele>67.8</ele></rtept><rtept lat="57.511288" lon="12.39078"><ele>67.2</ele></rtept><rtept lat="57.511308" lon="12.390778"><ele>67.0</ele></rtept><rtept lat="57.511327" lon="12.390805"><ele>67.0</ele></rtept><rtept lat="57.511347" lon="12.390838"><ele>67.2</ele></rtept><rtept lat="57.511353" lon="12.39088"><ele>67.0</ele></rtept><rtept lat="57.511365" lon="12.390912"><ele>67.0</ele></rtept><rtept lat="57.511365" lon="12.390977"><ele>66.8</ele></rtept><rtept lat="57.511385" lon="12.391017"><ele>66.6</ele></rtept><rtept lat="57.511417" lon="12.391055"><ele>66.2</ele></rtept><rtept lat="57.511437" lon="12.391065"><ele>66.0</ele></rtept><rtept lat="57.511455" lon="12.3911"><ele>66.0</ele></rtept><rtept lat="57.511468" lon="12.391123"><ele>66.2</ele></rtept><rtept lat="57.511493" lon="12.391118"><ele>65.8</ele></rtept><rtept lat="57.511513" lon="12.39112"><ele>65.8</ele></rtept><rtept lat="57.511513" lon="12.391158"><ele>64.8</ele></rtept><rtept lat="57.511513" lon="12.3912"><ele>64.4</ele></rtept><rtept lat="57.511532" lon="12.391245"><ele>64.0</ele></rtept><rtept lat="57.511545" lon="12.391275"><ele>63.6</ele></rtept><rtept lat="57.51157" lon="12.391333"><ele>63.0</ele></rtept><rtept lat="57.511583" lon="12.39138"><ele>62.4</ele></rtept><rtept lat="57.511577" lon="12.391418"><ele>62.2</ele></rtept><rtept lat="57.511583" lon="12.391453"><ele>62.0</ele></rtept><rtept lat="57.511583" lon="12.391487"><ele>61.6</ele></rtept><rtept lat="57.511602" lon="12.391512"><ele>60.8</ele></rtept><rtept lat="57.511602" lon="12.391555"><ele>60.4</ele></rtept><rtept lat="57.511608" lon="12.391598"><ele>60.0</ele></rtept><rtept lat="57.511615" lon="12.391652"><ele>59.2</ele></rtept><rtept lat="57.511628" lon="12.391703"><ele>58.6</ele></rtept><rtept lat="57.511647" lon="12.391765"><ele>58.0</ele></rtept><rtept lat="57.511667" lon="12.3918"><ele>58.0</ele></rtept><rtept lat="57.511678" lon="12.39184"><ele>57.6</ele></rtept><rtept lat="57.511667" lon="12.391898"><ele>57.2</ele></rtept><rtept lat="57.51166" lon="12.391953"><ele>57.2</ele></rtept><rtept lat="57.511692" lon="12.392008"><ele>56.8</ele></rtept><rtept lat="57.511743" lon="12.39204"><ele>56.6</ele></rtept><rtept lat="57.511768" lon="12.392082"><ele>56.8</ele></rtept><rtept lat="57.5118" lon="12.392118"><ele>56.8</ele></rtept><rtept lat="57.51182" lon="12.392148"><ele>56.8</ele></rtept><rtept lat="57.51184" lon="12.392182"><ele>56.8</ele></rtept><rtept lat="57.511858" lon="12.392205"><ele>57.2</ele></rtept><rtept lat="57.511872" lon="12.392237"><ele>58.2</ele></rtept><rtept lat="57.511872" lon="12.392272"><ele>59.0</ele></rtept><rtept lat="57.511897" lon="12.392305"><ele>59.4</ele></rtept><rtept lat="57.51191" lon="12.392337"><ele>60.2</ele></rtept><rtept lat="57.511928" lon="12.39236"><ele>60.6</ele></rtept><rtept lat="57.511935" lon="12.392395"><ele>60.8</ele></rtept><rtept lat="57.511955" lon="12.392432"><ele>61.2</ele></rtept><rtept lat="57.511973" lon="12.392423"><ele>62.2</ele></rtept><rtept lat="57.511993" lon="12.392415"><ele>64.0</ele></rtept><rtept lat="57.512005" lon="12.392443"><ele>65.2</ele></rtept><rtept lat="57.512005" lon="12.392483"><ele>65.4</ele></rtept><rtept lat="57.512018" lon="12.39253"><ele>65.8</ele></rtept><rtept lat="57.512032" lon="12.392575"><ele>66.4</ele></rtept><rtept lat="57.512038" lon="12.39262"><ele>66.4</ele></rtept><rtept lat="57.512032" lon="12.392655"><ele>66.2</ele></rtept><rtept lat="57.512032" lon="12.392698"><ele>65.6</ele></rtept><rtept lat="57.512032" lon="12.39274"><ele>65.6</ele></rtept><rtept lat="57.512043" lon="12.392787"><ele>65.0</ele></rtept><rtept lat="57.512057" lon="12.392813"><ele>65.0</ele></rtept><rtept lat="57.512077" lon="12.392853"><ele>65.2</ele></rtept><rtept lat="57.512088" lon="12.39291"><ele>64.8</ele></rtept><rtept lat="57.512108" lon="12.392937"><ele>64.6</ele></rtept><rtept lat="57.512127" lon="12.39298"><ele>63.8</ele></rtept><rtept lat="57.51214" lon="12.393025"><ele>63.6</ele></rtept><rtept lat="57.512147" lon="12.393065"><ele>63.2</ele></rtept><rtept lat="57.512165" lon="12.393102"><ele>63.2</ele></rtept><rtept lat="57.512185" lon="12.39315"><ele>63.0</ele></rtept><rtept lat="57.512198" lon="12.393193"><ele>63.0</ele></rtept><rtept lat="57.512217" lon="12.393257"><ele>63.0</ele></rtept><rtept lat="57.512223" lon="12.393288"><ele>63.0</ele></rtept><rtept lat="57.512237" lon="12.393328"><ele>63.0</ele></rtept><rtept lat="57.512248" lon="12.393373"><ele>62.8</ele></rtept><rtept lat="57.512262" lon="12.393418"><ele>62.6</ele></rtept><rtept lat="57.512255" lon="12.393477"><ele>62.4</ele></rtept><rtept lat="57.512268" lon="12.393513"><ele>62.0</ele></rtept><rtept lat="57.51228" lon="12.39356"><ele>62.0</ele></rtept><rtept lat="57.5123" lon="12.393602"><ele>62.0</ele></rtept><rtept lat="57.51232" lon="12.393632"><ele>61.8</ele></rtept><rtept lat="57.512338" lon="12.393658"><ele>61.6</ele></rtept><rtept lat="57.512358" lon="12.393677"><ele>61.4</ele></rtept><rtept lat="57.512377" lon="12.393702"><ele>61.4</ele></rtept><rtept lat="57.512397" lon="12.39374"><ele>61.0</ele></rtept><rtept lat="57.512415" lon="12.39377"><ele>60.8</ele></rtept><rtept lat="57.512435" lon="12.393802"><ele>60.4</ele></rtept><rtept lat="57.51246" lon="12.39383"><ele>60.2</ele></rtept><rtept lat="57.51248" lon="12.393855"><ele>60.0</ele></rtept><rtept lat="57.512498" lon="12.393877"><ele>59.4</ele></rtept><rtept lat="57.512523" lon="12.393908"><ele>59.2</ele></rtept><rtept lat="57.512537" lon="12.393943"><ele>58.8</ele></rtept><rtept lat="57.512543" lon="12.393978"><ele>58.4</ele></rtept><rtept lat="57.512537" lon="12.394015"><ele>58.2</ele></rtept><rtept lat="57.512518" lon="12.394062"><ele>58.0</ele></rtept><rtept lat="57.512505" lon="12.394095"><ele>57.6</ele></rtept><rtept lat="57.512523" lon="12.394122"><ele>56.8</ele></rtept><rtept lat="57.512537" lon="12.394147"><ele>56.4</ele></rtept><rtept lat="57.512523" lon="12.39418"><ele>55.8</ele></rtept><rtept lat="57.512543" lon="12.394207"><ele>55.6</ele></rtept><rtept lat="57.512543" lon="12.394247"><ele>55.0</ele></rtept><rtept lat="57.512557" lon="12.394287"><ele>54.8</ele></rtept><rtept lat="57.512557" lon="12.394333"><ele>54.6</ele></rtept><rtept lat="57.512562" lon="12.39439"><ele>54.6</ele></rtept><rtept lat="57.512582" lon="12.394432"><ele>54.2</ele></rtept><rtept lat="57.512607" lon="12.394458"><ele>54.0</ele></rtept><rtept lat="57.512633" lon="12.394497"><ele>53.8</ele></rtept><rtept lat="57.512627" lon="12.394538"><ele>53.6</ele></rtept><rtept lat="57.512645" lon="12.39458"><ele>53.6</ele></rtept><rtept lat="57.512665" lon="12.394608"><ele>53.2</ele></rtept><rtept lat="57.512665" lon="12.39465"><ele>53.2</ele></rtept><rtept lat="57.512665" lon="12.3947"><ele>53.6</ele></rtept><rtept lat="57.512658" lon="12.394753"><ele>54.0</ele></rtept><rtept lat="57.512665" lon="12.394803"><ele>54.2</ele></rtept><rtept lat="57.512665" lon="12.394842"><ele>54.0</ele></rtept><rtept lat="57.512672" lon="12.39488"><ele>54.4</ele></rtept><rtept lat="57.512665" lon="12.39492"><ele>54.4</ele></rtept><rtept lat="57.512678" lon="12.394978"><ele>54.8</ele></rtept><rtept lat="57.512697" lon="12.395027"><ele>55.0</ele></rtept><rtept lat="57.51271" lon="12.395057"><ele>55.0</ele></rtept><rtept lat="57.512722" lon="12.395085"><ele>55.4</ele></rtept><rtept lat="57.512728" lon="12.395118"><ele>55.4</ele></rtept><rtept lat="57.512742" lon="12.39517"><ele>55.6</ele></rtept><rtept lat="57.512755" lon="12.395212"><ele>55.8</ele></rtept><rtept lat="57.512755" lon="12.395277"><ele>56.2</ele></rtept><rtept lat="57.512755" lon="12.39531"><ele>56.2</ele></rtept><rtept lat="57.51276" lon="12.395343"><ele>56.4</ele></rtept><rtept lat="57.512767" lon="12.395383"><ele>56.6</ele></rtept><rtept lat="57.512773" lon="12.39543"><ele>56.6</ele></rtept><rtept lat="57.512787" lon="12.39547"><ele>56.6</ele></rtept><rtept lat="57.5128" lon="12.395503"><ele>56.6</ele></rtept><rtept lat="57.512818" lon="12.395547"><ele>56.8</ele></rtept><rtept lat="57.512838" lon="12.395593"><ele>56.8</ele></rtept><rtept lat="57.51285" lon="12.395647"><ele>56.6</ele></rtept><rtept lat="57.512863" lon="12.3957"><ele>57.0</ele></rtept><rtept lat="57.512902" lon="12.395732"><ele>57.2</ele></rtept><rtept lat="57.51294" lon="12.395752"><ele>57.0</ele></rtept><rtept lat="57.512985" lon="12.395757"><ele>56.8</ele></rtept><rtept lat="57.513017" lon="12.395755"><ele>56.8</ele></rtept><rtept lat="57.513062" lon="12.395765"><ele>56.8</ele></rtept><rtept lat="57.5131" lon="12.395767"><ele>56.6</ele></rtept><rtept lat="57.513138" lon="12.395775"><ele>56.6</ele></rtept><rtept lat="57.513177" lon="12.395772"><ele>56.6</ele></rtept><rtept lat="57.513222" lon="12.3958"><ele>56.2</ele></rtept><rtept lat="57.513253" lon="12.395832"><ele>56.0</ele></rtept><rtept lat="57.513273" lon="12.39588"><ele>56.0</ele></rtept><rtept lat="57.513298" lon="12.3959"><ele>55.4</ele></rtept><rtept lat="57.513323" lon="12.395932"><ele>55.6</ele></rtept><rtept lat="57.51335" lon="12.395977"><ele>55.0</ele></rtept><rtept lat="57.513368" lon="12.396015"><ele>55.2</ele></rtept><rtept lat="57.513388" lon="12.396045"><ele>55.2</ele></rtept><rtept lat="57.513407" lon="12.396102"><ele>54.6</ele></rtept><rtept lat="57.513407" lon="12.396153"><ele>54.2</ele></rtept><rtept lat="57.513407" lon="12.396203"><ele>54.0</ele></rtept><rtept lat="57.513413" lon="12.396247"><ele>53.8</ele></rtept><rtept lat="57.51342" lon="12.396287"><ele>53.8</ele></rtept><rtept lat="57.513413" lon="12.396323"><ele>53.4</ele></rtept><rtept lat="57.513407" lon="12.396377"><ele>53.2</ele></rtept><rtept lat="57.5134" lon="12.396418"><ele>53.2</ele></rtept><rtept lat="57.5134" lon="12.396458"><ele>53.2</ele></rtept><rtept lat="57.513395" lon="12.3965"><ele>53.0</ele></rtept><rtept lat="57.513395" lon="12.396535"><ele>53.2</ele></rtept><rtept lat="57.513413" lon="12.396582"><ele>53.2</ele></rtept><rtept lat="57.513433" lon="12.39663"><ele>53.2</ele></rtept><rtept lat="57.513445" lon="12.39666"><ele>53.0</ele></rtept><rtept lat="57.513465" lon="12.396693"><ele>52.8</ele></rtept><rtept lat="57.513483" lon="12.396715"><ele>52.6</ele></rtept><rtept lat="57.513503" lon="12.39675"><ele>52.8</ele></rtept><rtept lat="57.513517" lon="12.396775"><ele>52.6</ele></rtept><rtept lat="57.513528" lon="12.39682"><ele>52.2</ele></rtept><rtept lat="57.513548" lon="12.396865"><ele>52.0</ele></rtept><rtept lat="57.513567" lon="12.396912"><ele>52.2</ele></rtept><rtept lat="57.513567" lon="12.396973"><ele>52.0</ele></rtept><rtept lat="57.51356" lon="12.397033"><ele>51.6</ele></rtept><rtept lat="57.513548" lon="12.397092"><ele>51.2</ele></rtept><rtept lat="57.513535" lon="12.397138"><ele>51.2</ele></rtept><rtept lat="57.513555" lon="12.397178"><ele>50.6</ele></rtept><rtept lat="57.513567" lon="12.397205"><ele>50.6</ele></rtept><rtept lat="57.513555" lon="12.39724"><ele>50.6</ele></rtept><rtept lat="57.513528" lon="12.39728"><ele>50.6</ele></rtept><rtept lat="57.51351" lon="12.39731"><ele>50.2</ele></rtept><rtept lat="57.513478" lon="12.39733"><ele>50.2</ele></rtept><rtept lat="57.513465" lon="12.397368"><ele>49.6</ele></rtept><rtept lat="57.51344" lon="12.39742"><ele>49.6</ele></rtept><rtept lat="57.51342" lon="12.397475"><ele>49.0</ele></rtept><rtept lat="57.513413" lon="12.39752"><ele>48.8</ele></rtept><rtept lat="57.513407" lon="12.397562"><ele>48.8</ele></rtept><rtept lat="57.513388" lon="12.3976"><ele>48.6</ele></rtept><rtept lat="57.513395" lon="12.397637"><ele>48.6</ele></rtept><rtept lat="57.513413" lon="12.397673"><ele>48.6</ele></rtept><rtept lat="57.513433" lon="12.397703"><ele>49.0</ele></rtept><rtept lat="57.51344" lon="12.39776"><ele>49.0</ele></rtept><rtept lat="57.513445" lon="12.3978"><ele>49.4</ele></rtept><rtept lat="57.513472" lon="12.397818"><ele>49.6</ele></rtept><rtept lat="57.513497" lon="12.39784"><ele>50.4</ele></rtept><rtept lat="57.513522" lon="12.397862"><ele>50.4</ele></rtept><rtept lat="57.513555" lon="12.39788"><ele>51.0</ele></rtept><rtept lat="57.513573" lon="12.397872"><ele>51.0</ele></rtept><rtept lat="57.513605" lon="12.397875"><ele>51.2</ele></rtept><rtept lat="57.513632" lon="12.397877"><ele>51.4</ele></rtept><rtept lat="57.513677" lon="12.397842"><ele>51.4</ele></rtept><rtept lat="57.513708" lon="12.397827"><ele>51.2</ele></rtept><rtept lat="57.513727" lon="12.39782"><ele>51.4</ele></rtept><rtept lat="57.513747" lon="12.397825"><ele>51.6</ele></rtept><rtept lat="57.513765" lon="12.39784"><ele>51.6</ele></rtept><rtept lat="57.513785" lon="12.397872"><ele>51.6</ele></rtept><rtept lat="57.513792" lon="12.397907"><ele>51.8</ele></rtept><rtept lat="57.513772" lon="12.39799"><ele>52.0</ele></rtept><rtept lat="57.513747" lon="12.398055"><ele>52.0</ele></rtept><rtept lat="57.51374" lon="12.398098"><ele>52.2</ele></rtept><rtept lat="57.513733" lon="12.398137"><ele>52.4</ele></rtept><rtept lat="57.513733" lon="12.398185"><ele>52.4</ele></rtept><rtept lat="57.513747" lon="12.398218"><ele>53.0</ele></rtept><rtept lat="57.513765" lon="12.398238"><ele>53.0</ele></rtept><rtept lat="57.513778" lon="12.398275"><ele>53.4</ele></rtept><rtept lat="57.513792" lon="12.398308"><ele>53.6</ele></rtept><rtept lat="57.51381" lon="12.398343"><ele>53.4</ele></rtept><rtept lat="57.51383" lon="12.398377"><ele>53.2</ele></rtept><rtept lat="57.513862" lon="12.3984"><ele>52.8</ele></rtept><rtept lat="57.513887" lon="12.3984"><ele>52.8</ele></rtept><rtept lat="57.513913" lon="12.398407"><ele>52.6</ele></rtept><rtept lat="57.513932" lon="12.398402"><ele>52.4</ele></rtept><rtept lat="57.513963" lon="12.39836"><ele>52.2</ele></rtept><rtept lat="57.513963" lon="12.398318"><ele>52.0</ele></rtept><rtept lat="57.51399" lon="12.398295"><ele>51.6</ele></rtept><rtept lat="57.514008" lon="12.398288"><ele>51.2</ele></rtept><rtept lat="57.514028" lon="12.398288"><ele>50.8</ele></rtept><rtept lat="57.514047" lon="12.39829"><ele>50.6</ele></rtept><rtept lat="57.514067" lon="12.398295"><ele>50.2</ele></rtept><rtept lat="57.514092" lon="12.398307"><ele>49.8</ele></rtept><rtept lat="57.514112" lon="12.398307"><ele>49.2</ele></rtept><rtept lat="57.51413" lon="12.398308"><ele>48.4</ele></rtept><rtept lat="57.51415" lon="12.398315"><ele>48.0</ele></rtept><rtept lat="57.514175" lon="12.398347"><ele>47.4</ele></rtept><rtept lat="57.514188" lon="12.398407"><ele>47.0</ele></rtept><rtept lat="57.514188" lon="12.398442"><ele>46.8</ele></rtept><rtept lat="57.514195" lon="12.3985"><ele>46.8</ele></rtept><rtept lat="57.5142" lon="12.39854"><ele>46.4</ele></rtept><rtept lat="57.514207" lon="12.398597"><ele>46.2</ele></rtept><rtept lat="57.51422" lon="12.398647"><ele>45.8</ele></rtept><rtept lat="57.51424" lon="12.398685"><ele>45.6</ele></rtept><rtept lat="57.514252" lon="12.398715"><ele>45.4</ele></rtept><rtept lat="57.514252" lon="12.39877"><ele>45.4</ele></rtept><rtept lat="57.514258" lon="12.39882"><ele>45.0</ele></rtept><rtept lat="57.514272" lon="12.398848"><ele>45.0</ele></rtept><rtept lat="57.51429" lon="12.398883"><ele>45.0</ele></rtept><rtept lat="57.51431" lon="12.398918"><ele>45.2</ele></rtept><rtept lat="57.514322" lon="12.398953"><ele>45.2</ele></rtept><rtept lat="57.514342" lon="12.398988"><ele>45.8</ele></rtept><rtept lat="57.51436" lon="12.399008"><ele>45.8</ele></rtept><rtept lat="57.514373" lon="12.399033"><ele>45.6</ele></rtept><rtept lat="57.514405" lon="12.399055"><ele>45.6</ele></rtept><rtept lat="57.514425" lon="12.399058"><ele>45.4</ele></rtept><rtept lat="57.514443" lon="12.399048"><ele>45.6</ele></rtept><rtept lat="57.514463" lon="12.399047"><ele>45.2</ele></rtept><rtept lat="57.514482" lon="12.399052"><ele>45.0</ele></rtept><rtept lat="57.51452" lon="12.399037"><ele>44.8</ele></rtept><rtept lat="57.514547" lon="12.399015"><ele>44.6</ele></rtept><rtept lat="57.514572" lon="12.399007"><ele>44.2</ele></rtept><rtept lat="57.514598" lon="12.399008"><ele>44.6</ele></rtept><rtept lat="57.51463" lon="12.398995"><ele>44.4</ele></rtept><rtept lat="57.514648" lon="12.398995"><ele>44.4</ele></rtept><rtept lat="57.51468" lon="12.399002"><ele>44.6</ele></rtept><rtept lat="57.5147" lon="12.399018"><ele>44.6</ele></rtept><rtept lat="57.514718" lon="12.399042"><ele>44.4</ele></rtept><rtept lat="57.514738" lon="12.399087"><ele>44.6</ele></rtept><rtept lat="57.514758" lon="12.399123"><ele>44.8</ele></rtept><rtept lat="57.514763" lon="12.39916"><ele>44.8</ele></rtept><rtept lat="57.514777" lon="12.399213"><ele>45.4</ele></rtept><rtept lat="57.514783" lon="12.399245"><ele>44.8</ele></rtept><rtept lat="57.514797" lon="12.399277"><ele>45.2</ele></rtept><rtept lat="57.514815" lon="12.399317"><ele>45.0</ele></rtept><rtept lat="57.514828" lon="12.39934"><ele>45.2</ele></rtept><rtept lat="57.514853" lon="12.39938"><ele>44.8</ele></rtept><rtept lat="57.514867" lon="12.399405"><ele>45.0</ele></rtept><rtept lat="57.51488" lon="12.399437"><ele>45.2</ele></rtept><rtept lat="57.514905" lon="12.399493"><ele>45.0</ele></rtept><rtept lat="57.51493" lon="12.39952"><ele>45.0</ele></rtept><rtept lat="57.51495" lon="12.399558"><ele>44.6</ele></rtept><rtept lat="57.514968" lon="12.399598"><ele>44.6</ele></rtept><rtept lat="57.514982" lon="12.399628"><ele>44.8</ele></rtept><rtept lat="57.514995" lon="12.399662"><ele>44.6</ele></rtept><rtept lat="57.515007" lon="12.39969"><ele>44.8</ele></rtept><rtept lat="57.51502" lon="12.399715"><ele>44.8</ele></rtept><rtept lat="57.515027" lon="12.399763"><ele>44.8</ele></rtept><rtept lat="57.51504" lon="12.399793"><ele>45.0</ele></rtept><rtept lat="57.515058" lon="12.399828"><ele>45.8</ele></rtept><rtept lat="57.515078" lon="12.399843"><ele>45.8</ele></rtept><rtept lat="57.515097" lon="12.399867"><ele>46.2</ele></rtept><rtept lat="57.51511" lon="12.399898"><ele>46.8</ele></rtept><rtept lat="57.515128" lon="12.399913"><ele>47.8</ele></rtept><rtept lat="57.51516" lon="12.399932"><ele>48.2</ele></rtept><rtept lat="57.515187" lon="12.399947"><ele>48.4</ele></rtept><rtept lat="57.515218" lon="12.399967"><ele>49.0</ele></rtept><rtept lat="57.515238" lon="12.399995"><ele>49.0</ele></rtept><rtept lat="57.515257" lon="12.400027"><ele>49.4</ele></rtept><rtept lat="57.515277" lon="12.400055"><ele>49.6</ele></rtept><rtept lat="57.515295" lon="12.400072"><ele>49.6</ele></rtept><rtept lat="57.515327" lon="12.400117"><ele>50.4</ele></rtept><rtept lat="57.515347" lon="12.40015"><ele>50.4</ele></rtept><rtept lat="57.515372" lon="12.400185"><ele>50.8</ele></rtept><rtept lat="57.515398" lon="12.400215"><ele>51.0</ele></rtept><rtept lat="57.515417" lon="12.40024"><ele>51.0</ele></rtept><rtept lat="57.515442" lon="12.400263"><ele>51.4</ele></rtept><rtept lat="57.515468" lon="12.40029"><ele>51.6</ele></rtept><rtept lat="57.5155" lon="12.400315"><ele>51.4</ele></rtept><rtept lat="57.515525" lon="12.400345"><ele>51.4</ele></rtept><rtept lat="57.515545" lon="12.400375"><ele>51.6</ele></rtept><rtept lat="57.515577" lon="12.400402"><ele>51.6</ele></rtept><rtept lat="57.515597" lon="12.400422"><ele>51.6</ele></rtept><rtept lat="57.515615" lon="12.400443"><ele>51.8</ele></rtept><rtept lat="57.51564" lon="12.400472"><ele>51.8</ele></rtept><rtept lat="57.51566" lon="12.400498"><ele>51.8</ele></rtept><rtept lat="57.515673" lon="12.400528"><ele>52.0</ele></rtept><rtept lat="57.515692" lon="12.400558"><ele>52.0</ele></rtept><rtept lat="57.515718" lon="12.400602"><ele>52.0</ele></rtept><rtept lat="57.515743" lon="12.400632"><ele>52.0</ele></rtept><rtept lat="57.515775" lon="12.400677"><ele>52.4</ele></rtept><rtept lat="57.515807" lon="12.40071"><ele>52.8</ele></rtept><rtept lat="57.51584" lon="12.400732"><ele>53.0</ele></rtept><rtept lat="57.515865" lon="12.400752"><ele>53.2</ele></rtept><rtept lat="57.515883" lon="12.400775"><ele>52.8</ele></rtept><rtept lat="57.515903" lon="12.400782"><ele>53.0</ele></rtept><rtept lat="57.515922" lon="12.400787"><ele>53.4</ele></rtept><rtept lat="57.515942" lon="12.400798"><ele>53.2</ele></rtept><rtept lat="57.51596" lon="12.400798"><ele>53.4</ele></rtept><rtept lat="57.51598" lon="12.400792"><ele>53.2</ele></rtept><rtept lat="57.515998" lon="12.400792"><ele>53.0</ele></rtept><rtept lat="57.516018" lon="12.400798"><ele>53.2</ele></rtept><rtept lat="57.516038" lon="12.400805"><ele>53.4</ele></rtept><rtept lat="57.516057" lon="12.40082"><ele>53.2</ele></rtept><rtept lat="57.516088" lon="12.400855"><ele>53.2</ele></rtept><rtept lat="57.516108" lon="12.400877"><ele>53.4</ele></rtept><rtept lat="57.51612" lon="12.4009"><ele>53.4</ele></rtept><rtept lat="57.516133" lon="12.400943"><ele>53.8</ele></rtept><rtept lat="57.51616" lon="12.400983"><ele>54.0</ele></rtept><rtept lat="57.516172" lon="12.401033"><ele>54.4</ele></rtept><rtept lat="57.516178" lon="12.401075"><ele>54.8</ele></rtept><rtept lat="57.516192" lon="12.401102"><ele>54.8</ele></rtept><rtept lat="57.516203" lon="12.401157"><ele>55.4</ele></rtept><rtept lat="57.516217" lon="12.401192"><ele>55.2</ele></rtept><rtept lat="57.516248" lon="12.401223"><ele>55.6</ele></rtept><rtept lat="57.516275" lon="12.401257"><ele>55.6</ele></rtept><rtept lat="57.516307" lon="12.401293"><ele>56.0</ele></rtept><rtept lat="57.516338" lon="12.401332"><ele>55.6</ele></rtept><rtept lat="57.516358" lon="12.401352"><ele>55.6</ele></rtept><rtept lat="57.516377" lon="12.401362"><ele>55.2</ele></rtept><rtept lat="57.516402" lon="12.401377"><ele>55.0</ele></rtept><rtept lat="57.516422" lon="12.401392"><ele>55.0</ele></rtept><rtept lat="57.51644" lon="12.401422"><ele>54.8</ele></rtept><rtept lat="57.516473" lon="12.401452"><ele>54.8</ele></rtept><rtept lat="57.516492" lon="12.401452"><ele>54.8</ele></rtept><rtept lat="57.516523" lon="12.401447"><ele>55.0</ele></rtept><rtept lat="57.516557" lon="12.401457"><ele>55.0</ele></rtept><rtept lat="57.516595" lon="12.40147"><ele>55.0</ele></rtept><rtept lat="57.516633" lon="12.40148"><ele>54.8</ele></rtept><rtept lat="57.516678" lon="12.401498"><ele>54.8</ele></rtept><rtept lat="57.516697" lon="12.401507"><ele>54.6</ele></rtept><rtept lat="57.516735" lon="12.401537"><ele>54.2</ele></rtept><rtept lat="57.51676" lon="12.401552"><ele>54.0</ele></rtept><rtept lat="57.516773" lon="12.401588"><ele>53.6</ele></rtept><rtept lat="57.51678" lon="12.401638"><ele>53.0</ele></rtept><rtept lat="57.516787" lon="12.401675"><ele>52.2</ele></rtept><rtept lat="57.516787" lon="12.401715"><ele>51.6</ele></rtept><rtept lat="57.516805" lon="12.401718"><ele>51.4</ele></rtept><rtept lat="57.516832" lon="12.401755"><ele>50.8</ele></rtept><rtept lat="57.516843" lon="12.401783"><ele>49.4</ele></rtept><rtept lat="57.516857" lon="12.401827"><ele>48.2</ele></rtept><rtept lat="57.516877" lon="12.401847"><ele>46.4</ele></rtept><rtept lat="57.516888" lon="12.401877"><ele>45.6</ele></rtept><rtept lat="57.516915" lon="12.401893"><ele>44.8</ele></rtept><rtept lat="57.516933" lon="12.401908"><ele>44.4</ele></rtept><rtept lat="57.51696" lon="12.40192"><ele>43.0</ele></rtept><rtept lat="57.516978" lon="12.401927"><ele>42.4</ele></rtept><rtept lat="57.516998" lon="12.401938"><ele>40.4</ele></rtept><rtept lat="57.51701" lon="12.401967"><ele>39.0</ele></rtept><rtept lat="57.517037" lon="12.401998"><ele>38.0</ele></rtept><rtept lat="57.517048" lon="12.402027"><ele>37.6</ele></rtept><rtept lat="57.517068" lon="12.402052"><ele>37.2</ele></rtept><rtept lat="57.517093" lon="12.402098"><ele>36.8</ele></rtept><rtept lat="57.517125" lon="12.402132"><ele>36.4</ele></rtept><rtept lat="57.517145" lon="12.402138"><ele>36.0</ele></rtept><rtept lat="57.51717" lon="12.402172"><ele>35.4</ele></rtept><rtept lat="57.51719" lon="12.40221"><ele>35.0</ele></rtept><rtept lat="57.517208" lon="12.402223"><ele>34.8</ele></rtept><rtept lat="57.517228" lon="12.402232"><ele>34.6</ele></rtept><rtept lat="57.51726" lon="12.40226"><ele>34.0</ele></rtept><rtept lat="57.517285" lon="12.40227"><ele>33.4</ele></rtept><rtept lat="57.517305" lon="12.402277"><ele>33.0</ele></rtept><rtept lat="57.51733" lon="12.402295"><ele>32.4</ele></rtept><rtept lat="57.51735" lon="12.40231"><ele>31.6</ele></rtept><rtept lat="57.517375" lon="12.402335"><ele>31.0</ele></rtept><rtept lat="57.517395" lon="12.40237"><ele>30.4</ele></rtept><rtept lat="57.5174" lon="12.402413"><ele>29.6</ele></rtept><rtept lat="57.51742" lon="12.40243"><ele>28.6</ele></rtept><rtept lat="57.51744" lon="12.402462"><ele>27.8</ele></rtept><rtept lat="57.517445" lon="12.4025"><ele>27.0</ele></rtept><rtept lat="57.51744" lon="12.402543"><ele>26.8</ele></rtept><rtept lat="57.517452" lon="12.402597"><ele>26.0</ele></rtept><rtept lat="57.517472" lon="12.402633"><ele>25.6</ele></rtept><rtept lat="57.51749" lon="12.402652"><ele>25.6</ele></rtept><rtept lat="57.517517" lon="12.402687"><ele>25.0</ele></rtept><rtept lat="57.517528" lon="12.402733"><ele>24.2</ele></rtept><rtept lat="57.517542" lon="12.402782"><ele>23.6</ele></rtept><rtept lat="57.517548" lon="12.402825"><ele>23.2</ele></rtept><rtept lat="57.517548" lon="12.40287"><ele>22.4</ele></rtept><rtept lat="57.51756" lon="12.402903"><ele>21.6</ele></rtept><rtept lat="57.51756" lon="12.402947"><ele>21.0</ele></rtept><rtept lat="57.517555" lon="12.40298"><ele>20.6</ele></rtept><rtept lat="57.51756" lon="12.403013"><ele>20.2</ele></rtept><rtept lat="57.51758" lon="12.403035"><ele>19.6</ele></rtept><rtept lat="57.5176" lon="12.40305"><ele>19.4</ele></rtept><rtept lat="57.517618" lon="12.403063"><ele>19.2</ele></rtept><rtept lat="57.517625" lon="12.403102"><ele>18.6</ele></rtept><rtept lat="57.517638" lon="12.40314"><ele>17.4</ele></rtept><rtept lat="57.517657" lon="12.403178"><ele>16.4</ele></rtept><rtept lat="57.517643" lon="12.403208"><ele>16.0</ele></rtept><rtept lat="57.517632" lon="12.403233"><ele>15.4</ele></rtept><rtept lat="57.517618" lon="12.403262"><ele>14.8</ele></rtept><rtept lat="57.5176" lon="12.403287"><ele>14.2</ele></rtept><rtept lat="57.517593" lon="12.40332"><ele>13.6</ele></rtept><rtept lat="57.517587" lon="12.403372"><ele>13.4</ele></rtept><rtept lat="57.517567" lon="12.403427"><ele>13.2</ele></rtept><rtept lat="57.517555" lon="12.403458"><ele>13.4</ele></rtept><rtept lat="57.517535" lon="12.403505"><ele>13.2</ele></rtept><rtept lat="57.517517" lon="12.403532"><ele>13.2</ele></rtept><rtept lat="57.517503" lon="12.403592"><ele>13.4</ele></rtept><rtept lat="57.517503" lon="12.403652"><ele>13.4</ele></rtept><rtept lat="57.517497" lon="12.403683"><ele>13.0</ele></rtept><rtept lat="57.517497" lon="12.403745"><ele>13.0</ele></rtept><rtept lat="57.51749" lon="12.403808"><ele>12.8</ele></rtept><rtept lat="57.517483" lon="12.403842"><ele>12.4</ele></rtept><rtept lat="57.517483" lon="12.403882"><ele>12.4</ele></rtept><rtept lat="57.517483" lon="12.403928"><ele>12.2</ele></rtept><rtept lat="57.517483" lon="12.403972"><ele>12.0</ele></rtept><rtept lat="57.517483" lon="12.40402"><ele>12.0</ele></rtept><rtept lat="57.517503" lon="12.404057"><ele>11.8</ele></rtept><rtept lat="57.517517" lon="12.4041"><ele>11.6</ele></rtept><rtept lat="57.517522" lon="12.404145"><ele>11.8</ele></rtept><rtept lat="57.517535" lon="12.40417"><ele>12.6</ele></rtept><rtept lat="57.51756" lon="12.404132"><ele>13.0</ele></rtept><rtept lat="57.51758" lon="12.404122"><ele>13.4</ele></rtept><rtept lat="57.5176" lon="12.404122"><ele>14.4</ele></rtept><rtept lat="57.517618" lon="12.40412"><ele>14.8</ele></rtept><rtept lat="57.517643" lon="12.404113"><ele>15.2</ele></rtept><rtept lat="57.517663" lon="12.40412"><ele>15.8</ele></rtept><rtept lat="57.517682" lon="12.404132"><ele>16.2</ele></rtept><rtept lat="57.517702" lon="12.404157"><ele>16.4</ele></rtept><rtept lat="57.517708" lon="12.404192"><ele>16.8</ele></rtept><rtept lat="57.517727" lon="12.40422"><ele>17.2</ele></rtept><rtept lat="57.51774" lon="12.404245"><ele>17.4</ele></rtept><rtept lat="57.517765" lon="12.404297"><ele>17.6</ele></rtept><rtept lat="57.517772" lon="12.404337"><ele>17.8</ele></rtept><rtept lat="57.517792" lon="12.40437"><ele>18.0</ele></rtept><rtept lat="57.517803" lon="12.4044"><ele>18.4</ele></rtept><rtept lat="57.517803" lon="12.404443"><ele>18.8</ele></rtept><rtept lat="57.51781" lon="12.404477"><ele>19.6</ele></rtept><rtept lat="57.517823" lon="12.404513"><ele>20.2</ele></rtept><rtept lat="57.517837" lon="12.404545"><ele>21.0</ele></rtept><rtept lat="57.517837" lon="12.404588"><ele>21.4</ele></rtept><rtept lat="57.517848" lon="12.404635"><ele>21.8</ele></rtept><rtept lat="57.517842" lon="12.404667"><ele>22.2</ele></rtept><rtept lat="57.517848" lon="12.404707"><ele>22.4</ele></rtept><rtept lat="57.517842" lon="12.404742"><ele>22.6</ele></rtept><rtept lat="57.517848" lon="12.404783"><ele>22.6</ele></rtept><rtept lat="57.517848" lon="12.404833"><ele>22.6</ele></rtept><rtept lat="57.517855" lon="12.404887"><ele>22.8</ele></rtept><rtept lat="57.517862" lon="12.404945"><ele>22.8</ele></rtept><rtept lat="57.517855" lon="12.404987"><ele>23.0</ele></rtept><rtept lat="57.517848" lon="12.405027"><ele>23.0</ele></rtept><rtept lat="57.517848" lon="12.405063"><ele>23.0</ele></rtept><rtept lat="57.517842" lon="12.405117"><ele>22.8</ele></rtept><rtept lat="57.517848" lon="12.405175"><ele>22.8</ele></rtept><rtept lat="57.517848" lon="12.405243"><ele>23.0</ele></rtept><rtept lat="57.517855" lon="12.405278"><ele>23.0</ele></rtept><rtept lat="57.517862" lon="12.405333"><ele>23.0</ele></rtept><rtept lat="57.517862" lon="12.405382"><ele>23.6</ele></rtept><rtept lat="57.517855" lon="12.40544"><ele>23.6</ele></rtept><rtept lat="57.517855" lon="12.405477"><ele>23.8</ele></rtept><rtept lat="57.517855" lon="12.40554"><ele>24.4</ele></rtept><rtept lat="57.517862" lon="12.405578"><ele>25.0</ele></rtept><rtept lat="57.517855" lon="12.40562"><ele>25.6</ele></rtept><rtept lat="57.517855" lon="12.405665"><ele>26.2</ele></rtept><rtept lat="57.517855" lon="12.405717"><ele>26.4</ele></rtept><rtept lat="57.517868" lon="12.405747"><ele>26.8</ele></rtept><rtept lat="57.517893" lon="12.405788"><ele>27.4</ele></rtept><rtept lat="57.517925" lon="12.40585"><ele>28.0</ele></rtept><rtept lat="57.517952" lon="12.405888"><ele>28.2</ele></rtept><rtept lat="57.51797" lon="12.405925"><ele>28.2</ele></rtept><rtept lat="57.518002" lon="12.405962"><ele>28.2</ele></rtept><rtept lat="57.518028" lon="12.406002"><ele>28.4</ele></rtept><rtept lat="57.518035" lon="12.406047"><ele>28.6</ele></rtept><rtept lat="57.518028" lon="12.406088"><ele>28.8</ele></rtept><rtept lat="57.51804" lon="12.40612"><ele>28.8</ele></rtept><rtept lat="57.518053" lon="12.406148"><ele>29.0</ele></rtept><rtept lat="57.518067" lon="12.406193"><ele>29.2</ele></rtept><rtept lat="57.518105" lon="12.406237"><ele>29.6</ele></rtept><rtept lat="57.518137" lon="12.40624"><ele>30.0</ele></rtept><rtept lat="57.518157" lon="12.406265"><ele>30.4</ele></rtept><rtept lat="57.518175" lon="12.406257"><ele>30.4</ele></rtept><rtept lat="57.51815" lon="12.406233"><ele>31.0</ele></rtept><rtept lat="57.51815" lon="12.406272"><ele>31.2</ele></rtept><rtept lat="57.518175" lon="12.406305"><ele>31.4</ele></rtept><rtept lat="57.518182" lon="12.406362"><ele>31.4</ele></rtept><rtept lat="57.5182" lon="12.406397"><ele>31.6</ele></rtept><rtept lat="57.518213" lon="12.40643"><ele>31.8</ele></rtept><rtept lat="57.518233" lon="12.40646"><ele>32.0</ele></rtept><rtept lat="57.518245" lon="12.40649"><ele>32.0</ele></rtept><rtept lat="57.518258" lon="12.406548"><ele>32.4</ele></rtept><rtept lat="57.518265" lon="12.406585"><ele>32.4</ele></rtept><rtept lat="57.518278" lon="12.406615"><ele>32.4</ele></rtept><rtept lat="57.51829" lon="12.40666"><ele>32.8</ele></rtept><rtept lat="57.51829" lon="12.406703"><ele>32.8</ele></rtept><rtept lat="57.518303" lon="12.406732"><ele>33.0</ele></rtept><rtept lat="57.518317" lon="12.406757"><ele>33.0</ele></rtept><rtept lat="57.518322" lon="12.406802"><ele>33.0</ele></rtept><rtept lat="57.518335" lon="12.406827"><ele>33.0</ele></rtept><rtept lat="57.518335" lon="12.406887"><ele>33.2</ele></rtept><rtept lat="57.518335" lon="12.406945"><ele>33.4</ele></rtept><rtept lat="57.518348" lon="12.406992"><ele>33.4</ele></rtept><rtept lat="57.51836" lon="12.407025"><ele>33.6</ele></rtept><rtept lat="57.518387" lon="12.407065"><ele>33.4</ele></rtept><rtept lat="57.518405" lon="12.407092"><ele>33.8</ele></rtept><rtept lat="57.518425" lon="12.407107"><ele>33.8</ele></rtept><rtept lat="57.518443" lon="12.407125"><ele>34.4</ele></rtept><rtept lat="57.518482" lon="12.40716"><ele>34.8</ele></rtept><rtept lat="57.518515" lon="12.407185"><ele>35.0</ele></rtept><rtept lat="57.518553" lon="12.40721"><ele>35.0</ele></rtept><rtept lat="57.518592" lon="12.407223"><ele>35.4</ele></rtept><rtept lat="57.518623" lon="12.407257"><ele>35.6</ele></rtept><rtept lat="57.518648" lon="12.407273"><ele>35.6</ele></rtept><rtept lat="57.51868" lon="12.407303"><ele>36.0</ele></rtept><rtept lat="57.518707" lon="12.407323"><ele>36.2</ele></rtept><rtept lat="57.518713" lon="12.407285"><ele>37.2</ele></rtept><rtept lat="57.518732" lon="12.407322"><ele>37.4</ele></rtept><rtept lat="57.518763" lon="12.407348"><ele>38.0</ele></rtept><rtept lat="57.518783" lon="12.407375"><ele>38.6</ele></rtept><rtept lat="57.518802" lon="12.407388"><ele>38.6</ele></rtept><rtept lat="57.518808" lon="12.407423"><ele>40.0</ele></rtept><rtept lat="57.518828" lon="12.407455"><ele>40.6</ele></rtept><rtept lat="57.518847" lon="12.40746"><ele>41.2</ele></rtept><rtept lat="57.51888" lon="12.407455"><ele>41.6</ele></rtept><rtept lat="57.518898" lon="12.407458"><ele>42.0</ele></rtept><rtept lat="57.51893" lon="12.40746"><ele>42.2</ele></rtept><rtept lat="57.518957" lon="12.407477"><ele>42.6</ele></rtept><rtept lat="57.518982" lon="12.407507"><ele>42.8</ele></rtept><rtept lat="57.518988" lon="12.40754"><ele>43.2</ele></rtept><rtept lat="57.518995" lon="12.407578"><ele>43.6</ele></rtept><rtept lat="57.519027" lon="12.40758"><ele>44.0</ele></rtept><rtept lat="57.519045" lon="12.407593"><ele>44.2</ele></rtept><rtept lat="57.519072" lon="12.4076"><ele>43.8</ele></rtept><rtept lat="57.519097" lon="12.407617"><ele>43.8</ele></rtept><rtept lat="57.519128" lon="12.40764"><ele>43.4</ele></rtept><rtept lat="57.519148" lon="12.407672"><ele>42.8</ele></rtept><rtept lat="57.519167" lon="12.407712"><ele>42.2</ele></rtept><rtept lat="57.519187" lon="12.407747"><ele>41.6</ele></rtept><rtept lat="57.519212" lon="12.407785"><ele>41.0</ele></rtept><rtept lat="57.519238" lon="12.407827"><ele>40.8</ele></rtept><rtept lat="57.519257" lon="12.407852"><ele>40.4</ele></rtept><rtept lat="57.519277" lon="12.407875"><ele>40.2</ele></rtept><rtept lat="57.519302" lon="12.4079"><ele>40.2</ele></rtept><rtept lat="57.519327" lon="12.40791"><ele>40.2</ele></rtept><rtept lat="57.51936" lon="12.407928"><ele>40.2</ele></rtept><rtept lat="57.519392" lon="12.407943"><ele>40.2</ele></rtept><rtept lat="57.519417" lon="12.407953"><ele>40.0</ele></rtept><rtept lat="57.519442" lon="12.40796"><ele>39.8</ele></rtept><rtept lat="57.519475" lon="12.407958"><ele>39.8</ele></rtept><rtept lat="57.519507" lon="12.407958"><ele>40.0</ele></rtept><rtept lat="57.519538" lon="12.40798"><ele>40.0</ele></rtept><rtept lat="57.51957" lon="12.40802"><ele>39.8</ele></rtept><rtept lat="57.519597" lon="12.408055"><ele>40.0</ele></rtept><rtept lat="57.519628" lon="12.40808"><ele>40.2</ele></rtept><rtept lat="57.519653" lon="12.408095"><ele>40.0</ele></rtept><rtept lat="57.519673" lon="12.40811"><ele>40.0</ele></rtept><rtept lat="57.519692" lon="12.408122"><ele>40.2</ele></rtept><rtept lat="57.519705" lon="12.408162"><ele>40.4</ele></rtept><rtept lat="57.519723" lon="12.4082"><ele>40.6</ele></rtept><rtept lat="57.51973" lon="12.408233"><ele>40.8</ele></rtept><rtept lat="57.51973" lon="12.408267"><ele>40.6</ele></rtept><rtept lat="57.51975" lon="12.408278"><ele>40.4</ele></rtept><rtept lat="57.519768" lon="12.408317"><ele>40.6</ele></rtept><rtept lat="57.519788" lon="12.40834"><ele>40.2</ele></rtept><rtept lat="57.519807" lon="12.408353"><ele>40.4</ele></rtept><rtept lat="57.519827" lon="12.408372"><ele>40.4</ele></rtept><rtept lat="57.51984" lon="12.40842"><ele>40.4</ele></rtept><rtept lat="57.519845" lon="12.408458"><ele>40.2</ele></rtept><rtept lat="57.519865" lon="12.408492"><ele>40.0</ele></rtept><rtept lat="57.519883" lon="12.408492"><ele>40.2</ele></rtept><rtept lat="57.519903" lon="12.408495"><ele>40.2</ele></rtept><rtept lat="57.519928" lon="12.40851"><ele>40.2</ele></rtept><rtept lat="57.519948" lon="12.408525"><ele>40.2</ele></rtept><rtept lat="57.519967" lon="12.40854"><ele>40.4</ele></rtept><rtept lat="57.52" lon="12.408565"><ele>40.0</ele></rtept><rtept lat="57.520025" lon="12.40858"><ele>40.0</ele></rtept><rtept lat="57.520043" lon="12.408595"><ele>39.8</ele></rtept><rtept lat="57.520063" lon="12.408608"><ele>39.6</ele></rtept><rtept lat="57.520082" lon="12.408625"><ele>39.8</ele></rtept><rtept lat="57.520102" lon="12.40864"><ele>39.6</ele></rtept><rtept lat="57.520127" lon="12.408643"><ele>39.4</ele></rtept><rtept lat="57.520147" lon="12.408648"><ele>39.4</ele></rtept><rtept lat="57.520165" lon="12.40865"><ele>39.2</ele></rtept><rtept lat="57.520185" lon="12.40866"><ele>39.2</ele></rtept><rtept lat="57.52021" lon="12.408683"><ele>39.2</ele></rtept><rtept lat="57.520237" lon="12.408708"><ele>38.6</ele></rtept><rtept lat="57.520262" lon="12.408742"><ele>38.2</ele></rtept><rtept lat="57.520287" lon="12.408755"><ele>37.8</ele></rtept><rtept lat="57.520307" lon="12.408775"><ele>37.6</ele></rtept><rtept lat="57.520325" lon="12.408793"><ele>37.6</ele></rtept><rtept lat="57.520358" lon="12.408808"><ele>37.4</ele></rtept><rtept lat="57.520377" lon="12.408802"><ele>36.4</ele></rtept><rtept lat="57.520415" lon="12.408808"><ele>35.8</ele></rtept><rtept lat="57.520447" lon="12.408828"><ele>35.0</ele></rtept><rtept lat="57.520467" lon="12.408848"><ele>34.6</ele></rtept><rtept lat="57.520485" lon="12.408858"><ele>34.4</ele></rtept><rtept lat="57.520505" lon="12.408862"><ele>34.6</ele></rtept><rtept lat="57.520523" lon="12.408862"><ele>34.4</ele></rtept><rtept lat="57.520543" lon="12.408862"><ele>34.4</ele></rtept><rtept lat="57.520562" lon="12.408853"><ele>34.6</ele></rtept><rtept lat="57.5206" lon="12.408842"><ele>35.0</ele></rtept><rtept lat="57.52062" lon="12.408828"><ele>35.0</ele></rtept><rtept lat="57.52064" lon="12.408808"><ele>35.6</ele></rtept><rtept lat="57.520665" lon="12.408788"><ele>35.8</ele></rtept><rtept lat="57.520697" lon="12.408778"><ele>36.2</ele></rtept><rtept lat="57.520722" lon="12.408785"><ele>36.8</ele></rtept><rtept lat="57.520742" lon="12.4088"><ele>37.0</ele></rtept><rtept lat="57.52076" lon="12.408833"><ele>37.2</ele></rtept><rtept lat="57.52078" lon="12.408863"><ele>37.6</ele></rtept><rtept lat="57.520793" lon="12.408888"><ele>37.6</ele></rtept><rtept lat="57.520818" lon="12.408937"><ele>38.2</ele></rtept><rtept lat="57.520838" lon="12.408952"><ele>38.4</ele></rtept><rtept lat="57.52087" lon="12.408987"><ele>38.6</ele></rtept><rtept lat="57.520902" lon="12.409027"><ele>39.0</ele></rtept><rtept lat="57.52092" lon="12.409042"><ele>38.8</ele></rtept><rtept lat="57.52094" lon="12.409062"><ele>39.2</ele></rtept><rtept lat="57.520972" lon="12.409092"><ele>39.2</ele></rtept><rtept lat="57.520992" lon="12.409117"><ele>39.2</ele></rtept><rtept lat="57.521017" lon="12.409155"><ele>39.2</ele></rtept><rtept lat="57.521042" lon="12.409187"><ele>39.2</ele></rtept><rtept lat="57.521062" lon="12.409227"><ele>39.2</ele></rtept><rtept lat="57.5211" lon="12.409243"><ele>39.6</ele></rtept><rtept lat="57.521125" lon="12.40927"><ele>39.6</ele></rtept><rtept lat="57.521158" lon="12.409297"><ele>39.6</ele></rtept><rtept lat="57.52119" lon="12.409323"><ele>39.8</ele></rtept><rtept lat="57.521222" lon="12.409357"><ele>40.0</ele></rtept><rtept lat="57.521247" lon="12.409378"><ele>40.0</ele></rtept><rtept lat="57.521267" lon="12.409405"><ele>40.2</ele></rtept><rtept lat="57.521285" lon="12.409422"><ele>40.4</ele></rtept><rtept lat="57.521312" lon="12.409435"><ele>40.6</ele></rtept><rtept lat="57.521357" lon="12.409468"><ele>40.2</ele></rtept><rtept lat="57.521382" lon="12.409483"><ele>40.4</ele></rtept><rtept lat="57.521407" lon="12.409488"><ele>40.4</ele></rtept><rtept lat="57.521427" lon="12.4095"><ele>40.0</ele></rtept><rtept lat="57.521445" lon="12.409508"><ele>40.0</ele></rtept><rtept lat="57.521472" lon="12.409522"><ele>40.0</ele></rtept><rtept lat="57.52149" lon="12.409542"><ele>39.8</ele></rtept><rtept lat="57.521517" lon="12.409548"><ele>39.6</ele></rtept><rtept lat="57.521535" lon="12.409562"><ele>39.6</ele></rtept><rtept lat="57.521555" lon="12.409562"><ele>39.4</ele></rtept><rtept lat="57.521573" lon="12.409593"><ele>38.6</ele></rtept><rtept lat="57.521555" lon="12.409612"><ele>37.2</ele></rtept><rtept lat="57.521573" lon="12.409647"><ele>36.8</ele></rtept><rtept lat="57.521593" lon="12.409668"><ele>36.2</ele></rtept><rtept lat="57.521605" lon="12.409712"><ele>35.2</ele></rtept><rtept lat="57.521632" lon="12.409733"><ele>34.6</ele></rtept><rtept lat="57.52165" lon="12.409753"><ele>34.0</ele></rtept><rtept lat="57.521688" lon="12.409792"><ele>33.6</ele></rtept><rtept lat="57.521727" lon="12.409832"><ele>33.6</ele></rtept><rtept lat="57.52176" lon="12.409855"><ele>33.6</ele></rtept><rtept lat="57.521778" lon="12.40987"><ele>33.4</ele></rtept><rtept lat="57.521798" lon="12.409872"><ele>33.6</ele></rtept><rtept lat="57.521817" lon="12.409872"><ele>33.8</ele></rtept><rtept lat="57.521837" lon="12.409865"><ele>33.6</ele></rtept><rtept lat="57.521875" lon="12.409865"><ele>33.8</ele></rtept><rtept lat="57.521893" lon="12.409865"><ele>33.8</ele></rtept><rtept lat="57.521913" lon="12.409865"><ele>33.8</ele></rtept><rtept lat="57.521938" lon="12.409865"><ele>34.2</ele></rtept><rtept lat="57.521958" lon="12.409858"><ele>34.0</ele></rtept><rtept lat="57.521977" lon="12.409852"><ele>33.8</ele></rtept><rtept lat="57.522002" lon="12.409835"><ele>34.0</ele></rtept><rtept lat="57.522022" lon="12.40982"><ele>34.0</ele></rtept><rtept lat="57.52206" lon="12.40981"><ele>34.8</ele></rtept><rtept lat="57.522085" lon="12.409805"><ele>34.6</ele></rtept><rtept lat="57.522118" lon="12.409817"><ele>34.6</ele></rtept><rtept lat="57.52215" lon="12.409812"><ele>34.2</ele></rtept><rtept lat="57.522175" lon="12.409798"><ele>33.8</ele></rtept><rtept lat="57.522195" lon="12.409802"><ele>34.0</ele></rtept><rtept lat="57.52222" lon="12.409817"><ele>33.6</ele></rtept><rtept lat="57.52224" lon="12.409822"><ele>33.6</ele></rtept><rtept lat="57.522265" lon="12.409845"><ele>33.2</ele></rtept><rtept lat="57.52229" lon="12.409852"><ele>33.0</ele></rtept><rtept lat="57.522322" lon="12.409867"><ele>32.6</ele></rtept><rtept lat="57.522342" lon="12.409882"><ele>32.2</ele></rtept><rtept lat="57.522373" lon="12.409905"><ele>31.8</ele></rtept><rtept lat="57.522405" lon="12.409912"><ele>31.2</ele></rtept><rtept lat="57.522425" lon="12.409912"><ele>31.0</ele></rtept><rtept lat="57.52245" lon="12.409897"><ele>30.8</ele></rtept><rtept lat="57.52247" lon="12.409897"><ele>30.8</ele></rtept><rtept lat="57.522508" lon="12.409912"><ele>30.2</ele></rtept><rtept lat="57.522533" lon="12.409922"><ele>29.8</ele></rtept><rtept lat="57.522515" lon="12.409918"><ele>29.4</ele></rtept><rtept lat="57.522495" lon="12.409925"><ele>29.2</ele></rtept><rtept lat="57.522508" lon="12.409963"><ele>28.4</ele></rtept><rtept lat="57.522547" lon="12.40999"><ele>28.2</ele></rtept><rtept lat="57.52256" lon="12.410023"><ele>28.0</ele></rtept><rtept lat="57.522592" lon="12.410048"><ele>27.2</ele></rtept><rtept lat="57.522623" lon="12.410048"><ele>27.2</ele></rtept><rtept lat="57.522648" lon="12.410055"><ele>26.8</ele></rtept><rtept lat="57.522668" lon="12.41006"><ele>26.4</ele></rtept><rtept lat="57.522687" lon="12.410068"><ele>26.0</ele></rtept><rtept lat="57.522707" lon="12.41009"><ele>26.2</ele></rtept><rtept lat="57.522725" lon="12.410135"><ele>26.2</ele></rtept><rtept lat="57.522745" lon="12.410158"><ele>26.4</ele></rtept><rtept lat="57.522763" lon="12.410195"><ele>26.2</ele></rtept><rtept lat="57.522783" lon="12.410228"><ele>26.2</ele></rtept><rtept lat="57.52277" lon="12.410268"><ele>25.6</ele></rtept><rtept lat="57.52277" lon="12.410313"><ele>25.2</ele></rtept><rtept lat="57.522777" lon="12.410347"><ele>24.4</ele></rtept><rtept lat="57.522797" lon="12.410388"><ele>24.0</ele></rtept><rtept lat="57.522808" lon="12.410427"><ele>23.6</ele></rtept><rtept lat="57.522808" lon="12.410467"><ele>23.0</ele></rtept><rtept lat="57.522822" lon="12.410498"><ele>22.4</ele></rtept><rtept lat="57.52284" lon="12.410537"><ele>22.4</ele></rtept><rtept lat="57.522853" lon="12.41057"><ele>22.2</ele></rtept><rtept lat="57.522873" lon="12.410615"><ele>22.0</ele></rtept><rtept lat="57.522885" lon="12.410643"><ele>22.0</ele></rtept><rtept lat="57.522905" lon="12.410677"><ele>22.2</ele></rtept><rtept lat="57.522923" lon="12.410703"><ele>22.4</ele></rtept><rtept lat="57.52295" lon="12.410737"><ele>22.0</ele></rtept><rtept lat="57.522968" lon="12.410773"><ele>22.0</ele></rtept><rtept lat="57.522995" lon="12.410813"><ele>22.2</ele></rtept><rtept lat="57.52302" lon="12.41085"><ele>22.0</ele></rtept><rtept lat="57.523045" lon="12.410865"><ele>21.6</ele></rtept><rtept lat="57.523065" lon="12.410875"><ele>21.8</ele></rtept><rtept lat="57.523083" lon="12.410883"><ele>22.0</ele></rtept><rtept lat="57.523103" lon="12.41088"><ele>22.0</ele></rtept><rtept lat="57.523128" lon="12.41089"><ele>21.6</ele></rtept><rtept lat="57.523148" lon="12.410913"><ele>21.8</ele></rtept><rtept lat="57.523167" lon="12.410927"><ele>21.8</ele></rtept><rtept lat="57.523205" lon="12.410973"><ele>22.2</ele></rtept><rtept lat="57.523225" lon="12.410987"><ele>22.0</ele></rtept><rtept lat="57.52325" lon="12.410988"><ele>22.0</ele></rtept><rtept lat="57.523282" lon="12.411012"><ele>22.0</ele></rtept><rtept lat="57.523308" lon="12.411007"><ele>22.2</ele></rtept><rtept lat="57.523327" lon="12.411002"><ele>22.4</ele></rtept><rtept lat="57.523358" lon="12.411008"><ele>22.0</ele></rtept><rtept lat="57.523378" lon="12.411007"><ele>22.4</ele></rtept><rtept lat="57.523403" lon="12.411012"><ele>22.4</ele></rtept><rtept lat="57.523423" lon="12.411023"><ele>22.4</ele></rtept><rtept lat="57.523448" lon="12.411037"><ele>22.6</ele></rtept><rtept lat="57.52348" lon="12.411052"><ele>22.8</ele></rtept><rtept lat="57.523513" lon="12.411072"><ele>22.6</ele></rtept><rtept lat="57.523545" lon="12.411092"><ele>22.6</ele></rtept><rtept lat="57.523563" lon="12.411107"><ele>22.4</ele></rtept><rtept lat="57.523583" lon="12.411138"><ele>22.4</ele></rtept><rtept lat="57.523622" lon="12.411182"><ele>22.2</ele></rtept><rtept lat="57.523647" lon="12.411218"><ele>22.0</ele></rtept><rtept lat="57.523667" lon="12.411242"><ele>21.8</ele></rtept><rtept lat="57.523692" lon="12.411272"><ele>21.4</ele></rtept><rtept lat="57.523712" lon="12.411282"><ele>21.2</ele></rtept><rtept lat="57.523737" lon="12.411302"><ele>21.0</ele></rtept><rtept lat="57.523757" lon="12.41132"><ele>20.4</ele></rtept><rtept lat="57.523782" lon="12.41132"><ele>20.0</ele></rtept><rtept lat="57.523813" lon="12.411317"><ele>19.6</ele></rtept><rtept lat="57.523845" lon="12.411307"><ele>19.8</ele></rtept><rtept lat="57.523865" lon="12.4113"><ele>19.6</ele></rtept><rtept lat="57.523903" lon="12.411302"><ele>19.6</ele></rtept><rtept lat="57.523922" lon="12.4113"><ele>19.4</ele></rtept><rtept lat="57.523942" lon="12.411292"><ele>19.8</ele></rtept><rtept lat="57.523967" lon="12.41128"><ele>19.8</ele></rtept><rtept lat="57.523993" lon="12.411265"><ele>19.8</ele></rtept><rtept lat="57.524012" lon="12.41126"><ele>20.0</ele></rtept><rtept lat="57.524038" lon="12.411257"><ele>20.2</ele></rtept><rtept lat="57.52407" lon="12.411255"><ele>20.6</ele></rtept><rtept lat="57.524088" lon="12.411252"><ele>20.4</ele></rtept><rtept lat="57.52412" lon="12.411242"><ele>20.2</ele></rtept><rtept lat="57.524153" lon="12.41126"><ele>19.8</ele></rtept><rtept lat="57.524172" lon="12.411272"><ele>19.6</ele></rtept><rtept lat="57.524192" lon="12.41128"><ele>19.8</ele></rtept><rtept lat="57.52421" lon="12.411285"><ele>20.0</ele></rtept><rtept lat="57.524242" lon="12.411318"><ele>20.6</ele></rtept><rtept lat="57.524262" lon="12.411332"><ele>20.6</ele></rtept><rtept lat="57.52428" lon="12.411342"><ele>20.4</ele></rtept><rtept lat="57.524307" lon="12.411363"><ele>20.6</ele></rtept><rtept lat="57.524325" lon="12.411387"><ele>20.8</ele></rtept><rtept lat="57.524358" lon="12.411403"><ele>20.8</ele></rtept><rtept lat="57.524377" lon="12.411408"><ele>21.2</ele></rtept><rtept lat="57.524397" lon="12.411408"><ele>21.2</ele></rtept><rtept lat="57.524415" lon="12.411395"><ele>21.0</ele></rtept><rtept lat="57.524435" lon="12.41138"><ele>21.0</ele></rtept><rtept lat="57.524453" lon="12.411377"><ele>21.0</ele></rtept><rtept lat="57.524473" lon="12.411375"><ele>19.4</ele></rtept><rtept lat="57.524492" lon="12.411383"><ele>19.2</ele></rtept><rtept lat="57.524512" lon="12.411425"><ele>18.2</ele></rtept><rtept lat="57.524537" lon="12.41144"><ele>18.0</ele></rtept><rtept lat="57.524557" lon="12.41144"><ele>17.6</ele></rtept><rtept lat="57.524582" lon="12.41145"><ele>16.8</ele></rtept><rtept lat="57.524613" lon="12.41147"><ele>16.6</ele></rtept><rtept lat="57.524638" lon="12.411475"><ele>16.4</ele></rtept><rtept lat="57.524672" lon="12.411495"><ele>16.0</ele></rtept><rtept lat="57.52469" lon="12.411497"><ele>15.8</ele></rtept><rtept lat="57.52471" lon="12.411495"><ele>15.8</ele></rtept><rtept lat="57.524728" lon="12.411498"><ele>15.8</ele></rtept><rtept lat="57.524755" lon="12.411508"><ele>15.6</ele></rtept><rtept lat="57.524773" lon="12.41152"><ele>15.4</ele></rtept><rtept lat="57.524793" lon="12.41153"><ele>15.6</ele></rtept><rtept lat="57.524812" lon="12.411542"><ele>15.2</ele></rtept><rtept lat="57.524838" lon="12.41154"><ele>15.2</ele></rtept><rtept lat="57.524863" lon="12.411558"><ele>15.6</ele></rtept><rtept lat="57.524908" lon="12.411588"><ele>15.6</ele></rtept><rtept lat="57.524933" lon="12.411615"><ele>16.0</ele></rtept><rtept lat="57.524972" lon="12.41164"><ele>16.2</ele></rtept><rtept lat="57.52501" lon="12.411655"><ele>16.4</ele></rtept><rtept lat="57.525042" lon="12.411667"><ele>16.6</ele></rtept><rtept lat="57.525068" lon="12.411672"><ele>17.0</ele></rtept><rtept lat="57.525087" lon="12.411672"><ele>17.0</ele></rtept><rtept lat="57.525113" lon="12.411668"><ele>17.2</ele></rtept><rtept lat="57.525132" lon="12.411672"><ele>17.6</ele></rtept><rtept lat="57.525158" lon="12.411668"><ele>17.8</ele></rtept><rtept lat="57.525183" lon="12.411672"><ele>18.0</ele></rtept><rtept lat="57.525222" lon="12.411692"><ele>18.4</ele></rtept><rtept lat="57.52524" lon="12.411703"><ele>18.8</ele></rtept><rtept lat="57.525267" lon="12.411718"><ele>19.0</ele></rtept><rtept lat="57.525292" lon="12.411738"><ele>19.6</ele></rtept><rtept lat="57.525312" lon="12.411742"><ele>19.8</ele></rtept><rtept lat="57.52533" lon="12.411748"><ele>20.0</ele></rtept><rtept lat="57.52535" lon="12.411758"><ele>20.4</ele></rtept><rtept lat="57.525368" lon="12.41178"><ele>20.6</ele></rtept><rtept lat="57.525395" lon="12.411818"><ele>20.8</ele></rtept><rtept lat="57.52542" lon="12.411862"><ele>21.0</ele></rtept><rtept lat="57.525433" lon="12.411892"><ele>21.0</ele></rtept><rtept lat="57.525452" lon="12.411905"><ele>21.2</ele></rtept><rtept lat="57.525478" lon="12.41193"><ele>21.4</ele></rtept><rtept lat="57.525503" lon="12.411972"><ele>21.6</ele></rtept><rtept lat="57.525517" lon="12.411998"><ele>21.4</ele></rtept><rtept lat="57.525548" lon="12.412037"><ele>21.4</ele></rtept><rtept lat="57.525567" lon="12.41208"><ele>21.2</ele></rtept><rtept lat="57.525567" lon="12.412128"><ele>21.0</ele></rtept><rtept lat="57.525573" lon="12.41217"><ele>20.6</ele></rtept><rtept lat="57.525593" lon="12.41219"><ele>20.0</ele></rtept><rtept lat="57.525612" lon="12.412228"><ele>19.8</ele></rtept><rtept lat="57.525618" lon="12.412288"><ele>19.8</ele></rtept><rtept lat="57.525632" lon="12.41234"><ele>19.0</ele></rtept><rtept lat="57.52565" lon="12.412392"><ele>18.4</ele></rtept><rtept lat="57.525682" lon="12.412433"><ele>17.8</ele></rtept><rtept lat="57.525702" lon="12.412467"><ele>17.4</ele></rtept><rtept lat="57.525727" lon="12.412508"><ele>17.0</ele></rtept><rtept lat="57.52576" lon="12.412528"><ele>16.2</ele></rtept><rtept lat="57.525778" lon="12.41254"><ele>15.8</ele></rtept><rtept lat="57.525798" lon="12.412558"><ele>15.2</ele></rtept><rtept lat="57.52583" lon="12.412567"><ele>14.8</ele></rtept><rtept lat="57.525848" lon="12.412592"><ele>14.4</ele></rtept><rtept lat="57.525868" lon="12.412612"><ele>14.0</ele></rtept><rtept lat="57.525893" lon="12.41266"><ele>13.6</ele></rtept><rtept lat="57.52592" lon="12.412687"><ele>13.0</ele></rtept><rtept lat="57.525952" lon="12.412685"><ele>13.2</ele></rtept><rtept lat="57.525983" lon="12.412672"><ele>12.8</ele></rtept><rtept lat="57.526008" lon="12.41268"><ele>12.8</ele></rtept><rtept lat="57.526047" lon="12.412692"><ele>12.8</ele></rtept><rtept lat="57.526067" lon="12.4127"><ele>13.0</ele></rtept><rtept lat="57.526085" lon="12.412712"><ele>13.2</ele></rtept><rtept lat="57.526105" lon="12.412712"><ele>13.0</ele></rtept><rtept lat="57.526123" lon="12.41272"><ele>12.8</ele></rtept><rtept lat="57.52615" lon="12.412725"><ele>13.0</ele></rtept><rtept lat="57.526168" lon="12.41273"><ele>13.0</ele></rtept><rtept lat="57.526188" lon="12.412738"><ele>13.0</ele></rtept><rtept lat="57.52622" lon="12.412752"><ele>12.4</ele></rtept><rtept lat="57.52624" lon="12.41277"><ele>12.2</ele></rtept><rtept lat="57.526258" lon="12.412783"><ele>12.0</ele></rtept><rtept lat="57.526278" lon="12.412797"><ele>11.4</ele></rtept><rtept lat="57.526303" lon="12.412803"><ele>11.2</ele></rtept><rtept lat="57.526322" lon="12.412805"><ele>11.8</ele></rtept><rtept lat="57.526342" lon="12.41281"><ele>12.0</ele></rtept><rtept lat="57.526367" lon="12.41281"><ele>12.0</ele></rtept><rtept lat="57.526387" lon="12.412805"><ele>11.8</ele></rtept><rtept lat="57.526405" lon="12.41281"><ele>12.0</ele></rtept><rtept lat="57.526438" lon="12.412808"><ele>12.0</ele></rtept><rtept lat="57.526457" lon="12.412797"><ele>12.2</ele></rtept><rtept lat="57.526477" lon="12.41278"><ele>12.2</ele></rtept><rtept lat="57.526495" lon="12.412777"><ele>12.0</ele></rtept><rtept lat="57.526515" lon="12.412795"><ele>11.6</ele></rtept><rtept lat="57.526533" lon="12.412805"><ele>11.6</ele></rtept><rtept lat="57.52656" lon="12.41281"><ele>12.2</ele></rtept><rtept lat="57.526578" lon="12.412823"><ele>12.8</ele></rtept><rtept lat="57.526598" lon="12.412817"><ele>13.2</ele></rtept><rtept lat="57.526617" lon="12.412833"><ele>13.8</ele></rtept><rtept lat="57.526642" lon="12.412837"><ele>16.6</ele></rtept><rtept lat="57.526662" lon="12.412858"><ele>17.8</ele></rtept><rtept lat="57.52668" lon="12.412863"><ele>18.0</ele></rtept><rtept lat="57.5267" lon="12.412868"><ele>18.2</ele></rtept><rtept lat="57.52672" lon="12.41286"><ele>18.2</ele></rtept><rtept lat="57.526752" lon="12.412838"><ele>18.4</ele></rtept><rtept lat="57.526777" lon="12.412825"><ele>18.4</ele></rtept><rtept lat="57.526815" lon="12.412805"><ele>18.4</ele></rtept><rtept lat="57.526853" lon="12.41279"><ele>18.4</ele></rtept><rtept lat="57.526892" lon="12.412783"><ele>18.4</ele></rtept><rtept lat="57.526918" lon="12.41278"><ele>18.4</ele></rtept><rtept lat="57.526943" lon="12.412775"><ele>18.4</ele></rtept><rtept lat="57.526982" lon="12.412777"><ele>18.4</ele></rtept><rtept lat="57.527033" lon="12.412777"><ele>18.4</ele></rtept><rtept lat="57.527078" lon="12.41278"><ele>18.6</ele></rtept><rtept lat="57.52711" lon="12.41279"><ele>18.4</ele></rtept><rtept lat="57.527135" lon="12.41279"><ele>18.4</ele></rtept><rtept lat="57.52716" lon="12.412785"><ele>18.2</ele></rtept><rtept lat="57.5272" lon="12.412777"><ele>18.2</ele></rtept><rtept lat="57.527218" lon="12.41277"><ele>18.0</ele></rtept><rtept lat="57.527243" lon="12.41278"><ele>18.0</ele></rtept><rtept lat="57.527277" lon="12.412783"><ele>18.0</ele></rtept><rtept lat="57.527295" lon="12.41279"><ele>18.0</ele></rtept><rtept lat="57.52732" lon="12.412797"><ele>18.0</ele></rtept><rtept lat="57.52734" lon="12.412805"><ele>18.0</ele></rtept><rtept lat="57.527365" lon="12.4128"><ele>18.4</ele></rtept><rtept lat="57.527392" lon="12.412797"><ele>18.6</ele></rtept><rtept lat="57.52741" lon="12.412803"><ele>19.2</ele></rtept><rtept lat="57.527448" lon="12.412803"><ele>19.2</ele></rtept><rtept lat="57.527468" lon="12.41281"><ele>19.6</ele></rtept><rtept lat="57.527487" lon="12.412838"><ele>19.6</ele></rtept><rtept lat="57.527513" lon="12.412883"><ele>19.8</ele></rtept><rtept lat="57.527532" lon="12.412903"><ele>19.8</ele></rtept><rtept lat="57.527552" lon="12.41292"><ele>19.6</ele></rtept><rtept lat="57.527583" lon="12.412942"><ele>19.6</ele></rtept><rtept lat="57.527608" lon="12.412965"><ele>19.8</ele></rtept><rtept lat="57.52764" lon="12.412993"><ele>19.6</ele></rtept><rtept lat="57.527667" lon="12.41302"><ele>19.6</ele></rtept><rtept lat="57.527692" lon="12.413055"><ele>19.2</ele></rtept><rtept lat="57.527712" lon="12.413077"><ele>19.0</ele></rtept><rtept lat="57.527737" lon="12.413098"><ele>18.4</ele></rtept><rtept lat="57.527762" lon="12.413102"><ele>18.2</ele></rtept><rtept lat="57.527795" lon="12.413103"><ele>17.8</ele></rtept><rtept lat="57.527813" lon="12.413107"><ele>17.4</ele></rtept><rtept lat="57.527845" lon="12.413127"><ele>16.6</ele></rtept><rtept lat="57.527872" lon="12.413132"><ele>16.4</ele></rtept><rtept lat="57.52789" lon="12.413132"><ele>16.0</ele></rtept><rtept lat="57.52791" lon="12.413133"><ele>15.8</ele></rtept><rtept lat="57.527935" lon="12.413147"><ele>15.4</ele></rtept><rtept lat="57.527955" lon="12.413158"><ele>15.4</ele></rtept><rtept lat="57.527973" lon="12.413167"><ele>15.4</ele></rtept><rtept lat="57.527993" lon="12.413173"><ele>15.2</ele></rtept><rtept lat="57.528025" lon="12.413153"><ele>14.6</ele></rtept><rtept lat="57.528043" lon="12.413147"><ele>14.4</ele></rtept><rtept lat="57.528077" lon="12.413128"><ele>14.2</ele></rtept><rtept lat="57.528095" lon="12.413113"><ele>13.8</ele></rtept><rtept lat="57.528115" lon="12.413123"><ele>13.4</ele></rtept><rtept lat="57.52814" lon="12.41312"><ele>13.4</ele></rtept><rtept lat="57.52816" lon="12.413117"><ele>13.0</ele></rtept><rtept lat="57.528185" lon="12.413112"><ele>12.8</ele></rtept><rtept lat="57.528203" lon="12.413113"><ele>12.8</ele></rtept><rtept lat="57.528223" lon="12.413112"><ele>12.6</ele></rtept><rtept lat="57.528242" lon="12.413095"><ele>12.6</ele></rtept><rtept lat="57.528268" lon="12.413075"><ele>12.8</ele></rtept><rtept lat="57.528293" lon="12.413068"><ele>12.8</ele></rtept><rtept lat="57.528313" lon="12.413067"><ele>13.2</ele></rtept><rtept lat="57.528345" lon="12.413048"><ele>13.4</ele></rtept><rtept lat="57.52837" lon="12.413015"><ele>13.8</ele></rtept><rtept lat="57.52839" lon="12.41299"><ele>14.0</ele></rtept><rtept lat="57.528402" lon="12.412963"><ele>14.4</ele></rtept><rtept lat="57.528422" lon="12.412955"><ele>14.6</ele></rtept><rtept lat="57.528447" lon="12.412965"><ele>14.8</ele></rtept><rtept lat="57.528467" lon="12.412975"><ele>14.8</ele></rtept><rtept lat="57.528485" lon="12.412985"><ele>14.8</ele></rtept><rtept lat="57.528505" lon="12.413028"><ele>14.2</ele></rtept><rtept lat="57.528523" lon="12.413042"><ele>13.8</ele></rtept><rtept lat="57.52855" lon="12.413048"><ele>13.6</ele></rtept><rtept lat="57.528568" lon="12.413058"><ele>13.4</ele></rtept><rtept lat="57.528588" lon="12.413063"><ele>13.4</ele></rtept><rtept lat="57.528645" lon="12.413083"><ele>13.6</ele></rtept><rtept lat="57.528697" lon="12.413103"><ele>13.6</ele></rtept><rtept lat="57.528728" lon="12.413123"><ele>13.4</ele></rtept><rtept lat="57.52876" lon="12.413133"><ele>13.4</ele></rtept><rtept lat="57.52878" lon="12.413132"><ele>13.4</ele></rtept><rtept lat="57.5288" lon="12.413122"><ele>13.4</ele></rtept><rtept lat="57.528818" lon="12.413113"><ele>13.4</ele></rtept><rtept lat="57.528838" lon="12.413103"><ele>13.6</ele></rtept><rtept lat="57.528863" lon="12.413083"><ele>13.6</ele></rtept><rtept lat="57.528882" lon="12.413055"><ele>13.6</ele></rtept><rtept lat="57.528902" lon="12.413053"><ele>13.6</ele></rtept><rtept lat="57.528933" lon="12.413063"><ele>13.2</ele></rtept><rtept lat="57.528958" lon="12.413075"><ele>13.2</ele></rtept><rtept lat="57.528978" lon="12.413075"><ele>13.4</ele></rtept><rtept lat="57.528998" lon="12.413072"><ele>13.2</ele></rtept><rtept lat="57.529023" lon="12.413063"><ele>13.0</ele></rtept><rtept lat="57.529042" lon="12.413068"><ele>13.0</ele></rtept><rtept lat="57.529068" lon="12.413068"><ele>13.4</ele></rtept><rtept lat="57.529087" lon="12.413067"><ele>13.4</ele></rtept><rtept lat="57.52912" lon="12.413063"><ele>13.6</ele></rtept><rtept lat="57.529152" lon="12.413068"><ele>14.0</ele></rtept><rtept lat="57.52917" lon="12.413078"><ele>14.0</ele></rtept><rtept lat="57.52919" lon="12.413095"><ele>14.0</ele></rtept><rtept lat="57.529208" lon="12.413118"><ele>14.8</ele></rtept><rtept lat="57.529235" lon="12.413123"><ele>14.8</ele></rtept><rtept lat="57.529253" lon="12.413127"><ele>14.8</ele></rtept><rtept lat="57.529285" lon="12.413123"><ele>15.0</ele></rtept><rtept lat="57.529305" lon="12.413127"><ele>14.8</ele></rtept><rtept lat="57.529318" lon="12.413153"><ele>15.4</ele></rtept><rtept lat="57.529343" lon="12.413147"><ele>15.8</ele></rtept><rtept lat="57.529362" lon="12.413137"><ele>15.8</ele></rtept><rtept lat="57.529382" lon="12.413127"><ele>15.8</ele></rtept><rtept lat="57.5294" lon="12.413117"><ele>15.8</ele></rtept><rtept lat="57.52942" lon="12.413103"><ele>15.8</ele></rtept><rtept lat="57.529445" lon="12.4131"><ele>16.0</ele></rtept><rtept lat="57.529465" lon="12.413112"><ele>16.0</ele></rtept><rtept lat="57.529483" lon="12.413118"><ele>15.8</ele></rtept><rtept lat="57.529503" lon="12.41312"><ele>16.0</ele></rtept><rtept lat="57.529535" lon="12.413118"><ele>16.0</ele></rtept><rtept lat="57.52956" lon="12.413108"><ele>16.0</ele></rtept><rtept lat="57.52958" lon="12.413095"><ele>15.8</ele></rtept><rtept lat="57.5296" lon="12.413068"><ele>16.2</ele></rtept><rtept lat="57.529618" lon="12.413048"><ele>16.2</ele></rtept><rtept lat="57.529638" lon="12.413023"><ele>16.4</ele></rtept><rtept lat="57.529657" lon="12.412985"><ele>17.0</ele></rtept><rtept lat="57.529677" lon="12.412955"><ele>17.2</ele></rtept><rtept lat="57.529695" lon="12.412943"><ele>17.6</ele></rtept><rtept lat="57.529715" lon="12.41296"><ele>17.8</ele></rtept><rtept lat="57.52974" lon="12.412968"><ele>18.0</ele></rtept><rtept lat="57.52976" lon="12.412963"><ele>18.0</ele></rtept><rtept lat="57.529778" lon="12.412975"><ele>18.2</ele></rtept><rtept lat="57.529798" lon="12.412983"><ele>17.8</ele></rtept><rtept lat="57.52983" lon="12.412988"><ele>18.2</ele></rtept><rtept lat="57.529862" lon="12.412975"><ele>18.2</ele></rtept><rtept lat="57.52988" lon="12.412968"><ele>18.4</ele></rtept><rtept lat="57.5299" lon="12.41296"><ele>18.4</ele></rtept><rtept lat="57.52992" lon="12.412955"><ele>18.6</ele></rtept><rtept lat="57.529938" lon="12.412948"><ele>18.6</ele></rtept><rtept lat="57.529958" lon="12.412943"><ele>19.2</ele></rtept><rtept lat="57.52999" lon="12.412933"><ele>19.2</ele></rtept><rtept lat="57.530008" lon="12.412973"><ele>19.4</ele></rtept><rtept lat="57.530022" lon="12.413"><ele>18.8</ele></rtept><rtept lat="57.53004" lon="12.412998"><ele>18.8</ele></rtept><rtept lat="57.53006" lon="12.412985"><ele>18.0</ele></rtept><rtept lat="57.53008" lon="12.412988"><ele>17.2</ele></rtept><rtept lat="57.530098" lon="12.41298"><ele>17.2</ele></rtept><rtept lat="57.530123" lon="12.41298"><ele>17.4</ele></rtept><rtept lat="57.530157" lon="12.412968"><ele>17.8</ele></rtept><rtept lat="57.530175" lon="12.412943"><ele>18.2</ele></rtept><rtept lat="57.5302" lon="12.412915"><ele>18.2</ele></rtept><rtept lat="57.530227" lon="12.412883"><ele>18.4</ele></rtept><rtept lat="57.530258" lon="12.41286"><ele>18.6</ele></rtept><rtept lat="57.530283" lon="12.41283"><ele>18.8</ele></rtept><rtept lat="57.530303" lon="12.41281"><ele>19.0</ele></rtept><rtept lat="57.530322" lon="12.41279"><ele>19.2</ele></rtept><rtept lat="57.530348" lon="12.412783"><ele>19.2</ele></rtept><rtept lat="57.530373" lon="12.412783"><ele>19.6</ele></rtept><rtept lat="57.530393" lon="12.412765"><ele>19.8</ele></rtept><rtept lat="57.530418" lon="12.41278"><ele>20.0</ele></rtept><rtept lat="57.530438" lon="12.412785"><ele>20.2</ele></rtept><rtept lat="57.530457" lon="12.412792"><ele>20.0</ele></rtept><rtept lat="57.530477" lon="12.412797"><ele>20.0</ele></rtept><rtept lat="57.530495" lon="12.41282"><ele>19.6</ele></rtept><rtept lat="57.530508" lon="12.412848"><ele>19.2</ele></rtept><rtept lat="57.530495" lon="12.412875"><ele>18.4</ele></rtept><rtept lat="57.530508" lon="12.412903"><ele>18.0</ele></rtept><rtept lat="57.530527" lon="12.412908"><ele>18.4</ele></rtept><rtept lat="57.530547" lon="12.412928"><ele>18.8</ele></rtept><rtept lat="57.530572" lon="12.412943"><ele>18.8</ele></rtept><rtept lat="57.530592" lon="12.412963"><ele>19.0</ele></rtept><rtept lat="57.53061" lon="12.41299"><ele>19.0</ele></rtept><rtept lat="57.53063" lon="12.41301"><ele>19.2</ele></rtept><rtept lat="57.530648" lon="12.413042"><ele>19.0</ele></rtept><rtept lat="57.530668" lon="12.41306"><ele>18.8</ele></rtept><rtept lat="57.530693" lon="12.4131"><ele>18.6</ele></rtept><rtept lat="57.530713" lon="12.413117"><ele>18.2</ele></rtept><rtept lat="57.530745" lon="12.413127"><ele>18.0</ele></rtept><rtept lat="57.530763" lon="12.41314"><ele>18.0</ele></rtept><rtept lat="57.530783" lon="12.413153"><ele>18.0</ele></rtept><rtept lat="57.530815" lon="12.413168"><ele>18.0</ele></rtept><rtept lat="57.530853" lon="12.41318"><ele>17.8</ele></rtept><rtept lat="57.530885" lon="12.413187"><ele>17.4</ele></rtept><rtept lat="57.530923" lon="12.413202"><ele>17.6</ele></rtept><rtept lat="57.53095" lon="12.413222"><ele>17.6</ele></rtept><rtept lat="57.530975" lon="12.413245"><ele>17.4</ele></rtept><rtept lat="57.530995" lon="12.413253"><ele>17.4</ele></rtept><rtept lat="57.531027" lon="12.413258"><ele>17.6</ele></rtept><rtept lat="57.531045" lon="12.413267"><ele>17.0</ele></rtept><rtept lat="57.531072" lon="12.413253"><ele>17.4</ele></rtept><rtept lat="57.531103" lon="12.413237"><ele>17.2</ele></rtept><rtept lat="57.531122" lon="12.413217"><ele>17.0</ele></rtept><rtept lat="57.531142" lon="12.413202"><ele>17.2</ele></rtept><rtept lat="57.531173" lon="12.41318"><ele>17.6</ele></rtept><rtept lat="57.531205" lon="12.413173"><ele>18.0</ele></rtept><rtept lat="57.531225" lon="12.413163"><ele>18.0</ele></rtept><rtept lat="57.531257" lon="12.413143"><ele>18.4</ele></rtept><rtept lat="57.531277" lon="12.413153"><ele>18.8</ele></rtept><rtept lat="57.531295" lon="12.413158"><ele>19.2</ele></rtept><rtept lat="57.531327" lon="12.413168"><ele>19.0</ele></rtept><rtept lat="57.531347" lon="12.413173"><ele>19.0</ele></rtept><rtept lat="57.531365" lon="12.413177"><ele>19.4</ele></rtept><rtept lat="57.531385" lon="12.413163"><ele>19.4</ele></rtept><rtept lat="57.53141" lon="12.413153"><ele>20.0</ele></rtept><rtept lat="57.531437" lon="12.413152"><ele>20.4</ele></rtept><rtept lat="57.531462" lon="12.413173"><ele>20.4</ele></rtept><rtept lat="57.53148" lon="12.413182"><ele>20.4</ele></rtept><rtept lat="57.531507" lon="12.413198"><ele>20.6</ele></rtept><rtept lat="57.531525" lon="12.413207"><ele>20.4</ele></rtept><rtept lat="57.531552" lon="12.413217"><ele>20.4</ele></rtept><rtept lat="57.53157" lon="12.413227"><ele>20.6</ele></rtept><rtept lat="57.53159" lon="12.413258"><ele>20.4</ele></rtept><rtept lat="57.531602" lon="12.413298"><ele>20.2</ele></rtept><rtept lat="57.531615" lon="12.413332"><ele>19.6</ele></rtept><rtept lat="57.53164" lon="12.413337"><ele>19.0</ele></rtept><rtept lat="57.53166" lon="12.413358"><ele>18.4</ele></rtept><rtept lat="57.53168" lon="12.41338"><ele>17.8</ele></rtept><rtept lat="57.531705" lon="12.413418"><ele>17.2</ele></rtept><rtept lat="57.531723" lon="12.41344"><ele>17.0</ele></rtept><rtept lat="57.53175" lon="12.413465"><ele>16.8</ele></rtept><rtept lat="57.531782" lon="12.41349"><ele>16.4</ele></rtept><rtept lat="57.5318" lon="12.413515"><ele>16.0</ele></rtept><rtept lat="57.53182" lon="12.413537"><ele>15.8</ele></rtept><rtept lat="57.53184" lon="12.413583"><ele>14.8</ele></rtept><rtept lat="57.531852" lon="12.413618"><ele>14.4</ele></rtept><rtept lat="57.531852" lon="12.413658"><ele>14.0</ele></rtept><rtept lat="57.531872" lon="12.413688"><ele>13.4</ele></rtept><rtept lat="57.53189" lon="12.413695"><ele>12.6</ele></rtept><rtept lat="57.531922" lon="12.413702"><ele>12.6</ele></rtept><rtept lat="57.531942" lon="12.413705"><ele>12.6</ele></rtept><rtept lat="57.531967" lon="12.413742"><ele>12.4</ele></rtept><rtept lat="57.531987" lon="12.413782"><ele>12.4</ele></rtept><rtept lat="57.532005" lon="12.413827"><ele>12.0</ele></rtept><rtept lat="57.532025" lon="12.41384"><ele>12.0</ele></rtept><rtept lat="57.532043" lon="12.413853"><ele>12.2</ele></rtept><rtept lat="57.532063" lon="12.413868"><ele>12.0</ele></rtept><rtept lat="57.532082" lon="12.413887"><ele>11.8</ele></rtept><rtept lat="57.532102" lon="12.413907"><ele>11.6</ele></rtept><rtept lat="57.532127" lon="12.413928"><ele>11.8</ele></rtept><rtept lat="57.532153" lon="12.413958"><ele>12.0</ele></rtept><rtept lat="57.532185" lon="12.413985"><ele>11.6</ele></rtept><rtept lat="57.532203" lon="12.413987"><ele>11.8</ele></rtept><rtept lat="57.53223" lon="12.414012"><ele>11.8</ele></rtept><rtept lat="57.532248" lon="12.414022"><ele>11.4</ele></rtept><rtept lat="57.53228" lon="12.41404"><ele>11.6</ele></rtept><rtept lat="57.5323" lon="12.414042"><ele>11.4</ele></rtept><rtept lat="57.532325" lon="12.414052"><ele>11.2</ele></rtept><rtept lat="57.532352" lon="12.41406"><ele>11.4</ele></rtept><rtept lat="57.53237" lon="12.414057"><ele>11.2</ele></rtept><rtept lat="57.532397" lon="12.414045"><ele>11.4</ele></rtept><rtept lat="57.532422" lon="12.414042"><ele>11.4</ele></rtept><rtept lat="57.532453" lon="12.414047"><ele>11.4</ele></rtept><rtept lat="57.53248" lon="12.414057"><ele>11.8</ele></rtept><rtept lat="57.532512" lon="12.414062"><ele>12.0</ele></rtept><rtept lat="57.532557" lon="12.414065"><ele>12.0</ele></rtept><rtept lat="57.532582" lon="12.414082"><ele>12.2</ele></rtept><rtept lat="57.532613" lon="12.4141"><ele>12.4</ele></rtept><rtept lat="57.53264" lon="12.414107"><ele>12.4</ele></rtept><rtept lat="57.532658" lon="12.414105"><ele>12.4</ele></rtept><rtept lat="57.53269" lon="12.414107"><ele>12.8</ele></rtept><rtept lat="57.53271" lon="12.414115"><ele>13.0</ele></rtept><rtept lat="57.532728" lon="12.41412"><ele>13.6</ele></rtept><rtept lat="57.53276" lon="12.414132"><ele>14.2</ele></rtept><rtept lat="57.53278" lon="12.41414"><ele>14.2</ele></rtept><rtept lat="57.5328" lon="12.414175"><ele>14.6</ele></rtept><rtept lat="57.532825" lon="12.414203"><ele>14.8</ele></rtept><rtept lat="57.532843" lon="12.414208"><ele>14.8</ele></rtept><rtept lat="57.532863" lon="12.414208"><ele>15.0</ele></rtept><rtept lat="57.532882" lon="12.414208"><ele>14.8</ele></rtept><rtept lat="57.532902" lon="12.414205"><ele>15.2</ele></rtept><rtept lat="57.53292" lon="12.41421"><ele>15.2</ele></rtept><rtept lat="57.53294" lon="12.41422"><ele>15.2</ele></rtept><rtept lat="57.53296" lon="12.414223"><ele>15.4</ele></rtept><rtept lat="57.532978" lon="12.414228"><ele>15.4</ele></rtept><rtept lat="57.53301" lon="12.414228"><ele>15.6</ele></rtept><rtept lat="57.533037" lon="12.414243"><ele>16.0</ele></rtept><rtept lat="57.533062" lon="12.41426"><ele>16.2</ele></rtept><rtept lat="57.533093" lon="12.41428"><ele>16.2</ele></rtept><rtept lat="57.53312" lon="12.41428"><ele>16.2</ele></rtept><rtept lat="57.533138" lon="12.414283"><ele>16.2</ele></rtept><rtept lat="57.533163" lon="12.414303"><ele>15.8</ele></rtept><rtept lat="57.533183" lon="12.414313"><ele>16.0</ele></rtept><rtept lat="57.533208" lon="12.41431"><ele>16.2</ele></rtept><rtept lat="57.533228" lon="12.414303"><ele>16.2</ele></rtept><rtept lat="57.533247" lon="12.414293"><ele>16.0</ele></rtept><rtept lat="57.533278" lon="12.41428"><ele>16.2</ele></rtept><rtept lat="57.533312" lon="12.414298"><ele>16.4</ele></rtept><rtept lat="57.533337" lon="12.414315"><ele>16.4</ele></rtept><rtept lat="57.533368" lon="12.414323"><ele>16.4</ele></rtept><rtept lat="57.5334" lon="12.414343"><ele>16.4</ele></rtept><rtept lat="57.53342" lon="12.414353"><ele>16.0</ele></rtept><rtept lat="57.533445" lon="12.414402"><ele>15.4</ele></rtept><rtept lat="57.533445" lon="12.414442"><ele>15.6</ele></rtept><rtept lat="57.533465" lon="12.414453"><ele>15.2</ele></rtept><rtept lat="57.53349" lon="12.414468"><ele>15.2</ele></rtept><rtept lat="57.53351" lon="12.414495"><ele>15.0</ele></rtept><rtept lat="57.533535" lon="12.41452"><ele>15.0</ele></rtept><rtept lat="57.53356" lon="12.414533"><ele>14.6</ele></rtept><rtept lat="57.53358" lon="12.414502"><ele>14.0</ele></rtept><rtept lat="57.533605" lon="12.414487"><ele>13.4</ele></rtept><rtept lat="57.533625" lon="12.414458"><ele>13.0</ele></rtept><rtept lat="57.533643" lon="12.414453"><ele>12.2</ele></rtept><rtept lat="57.53367" lon="12.414487"><ele>11.6</ele></rtept><rtept lat="57.533688" lon="12.41452"><ele>11.2</ele></rtept><rtept lat="57.533708" lon="12.414532"><ele>11.0</ele></rtept><rtept lat="57.533733" lon="12.414558"><ele>10.8</ele></rtept><rtept lat="57.533753" lon="12.414573"><ele>10.6</ele></rtept><rtept lat="57.533785" lon="12.414602"><ele>10.2</ele></rtept><rtept lat="57.533823" lon="12.41462"><ele>10.0</ele></rtept><rtept lat="57.533848" lon="12.414623"><ele>9.8</ele></rtept><rtept lat="57.533868" lon="12.414643"><ele>9.8</ele></rtept><rtept lat="57.533887" lon="12.414678"><ele>9.6</ele></rtept><rtept lat="57.533907" lon="12.41469"><ele>9.6</ele></rtept><rtept lat="57.533925" lon="12.414697"><ele>9.4</ele></rtept><rtept lat="57.533945" lon="12.414692"><ele>9.4</ele></rtept><rtept lat="57.533983" lon="12.414653"><ele>9.4</ele></rtept><rtept lat="57.534002" lon="12.414653"><ele>9.4</ele></rtept><rtept lat="57.534022" lon="12.414682"><ele>9.4</ele></rtept><rtept lat="57.53404" lon="12.414698"><ele>9.8</ele></rtept><rtept lat="57.534067" lon="12.41472"><ele>9.6</ele></rtept><rtept lat="57.534092" lon="12.414718"><ele>9.6</ele></rtept><rtept lat="57.534112" lon="12.414727"><ele>9.6</ele></rtept><rtept lat="57.53413" lon="12.414752"><ele>9.4</ele></rtept><rtept lat="57.534157" lon="12.41475"><ele>9.4</ele></rtept><rtept lat="57.534162" lon="12.414787"><ele>10.0</ele></rtept><rtept lat="57.534182" lon="12.414817"><ele>10.2</ele></rtept><rtept lat="57.534213" lon="12.414815"><ele>10.4</ele></rtept><rtept lat="57.534245" lon="12.414825"><ele>10.2</ele></rtept><rtept lat="57.534272" lon="12.414838"><ele>10.2</ele></rtept><rtept lat="57.53429" lon="12.41484"><ele>10.2</ele></rtept><rtept lat="57.534317" lon="12.414827"><ele>9.6</ele></rtept><rtept lat="57.534342" lon="12.414817"><ele>9.6</ele></rtept><rtept lat="57.53436" lon="12.414812"><ele>9.4</ele></rtept><rtept lat="57.534387" lon="12.41484"><ele>9.2</ele></rtept><rtept lat="57.534405" lon="12.414847"><ele>9.4</ele></rtept><rtept lat="57.534425" lon="12.414862"><ele>9.4</ele></rtept><rtept lat="57.534443" lon="12.414883"><ele>10.0</ele></rtept><rtept lat="57.534482" lon="12.414892"><ele>10.2</ele></rtept><rtept lat="57.534502" lon="12.414885"><ele>10.0</ele></rtept><rtept lat="57.534515" lon="12.414923"><ele>9.8</ele></rtept><rtept lat="57.534527" lon="12.41495"><ele>9.6</ele></rtept><rtept lat="57.53454" lon="12.414988"><ele>9.6</ele></rtept><rtept lat="57.53456" lon="12.41501"><ele>9.0</ele></rtept><rtept lat="57.534578" lon="12.415013"><ele>9.6</ele></rtept><rtept lat="57.534598" lon="12.415048"><ele>9.6</ele></rtept><rtept lat="57.534617" lon="12.415082"><ele>10.0</ele></rtept><rtept lat="57.534648" lon="12.415095"><ele>10.0</ele></rtept><rtept lat="57.53468" lon="12.415085"><ele>10.2</ele></rtept><rtept lat="57.534707" lon="12.415075"><ele>10.2</ele></rtept><rtept lat="57.534725" lon="12.415055"><ele>10.8</ele></rtept><rtept lat="57.534745" lon="12.41504"><ele>11.2</ele></rtept><rtept lat="57.534763" lon="12.415025"><ele>11.6</ele></rtept><rtept lat="57.534783" lon="12.41501"><ele>12.2</ele></rtept><rtept lat="57.534802" lon="12.41501"><ele>12.2</ele></rtept><rtept lat="57.534822" lon="12.41501"><ele>12.2</ele></rtept><rtept lat="57.534847" lon="12.415"><ele>12.4</ele></rtept><rtept lat="57.534867" lon="12.414997"><ele>12.8</ele></rtept><rtept lat="57.53488" lon="12.41497"><ele>13.0</ele></rtept><rtept lat="57.534898" lon="12.414957"><ele>13.6</ele></rtept><rtept lat="57.534918" lon="12.41495"><ele>13.8</ele></rtept><rtept lat="57.534937" lon="12.414943"><ele>14.0</ele></rtept><rtept lat="57.534957" lon="12.414935"><ele>14.0</ele></rtept><rtept lat="57.534982" lon="12.41491"><ele>14.8</ele></rtept><rtept lat="57.535007" lon="12.414903"><ele>15.2</ele></rtept><rtept lat="57.535027" lon="12.41491"><ele>15.4</ele></rtept><rtept lat="57.535052" lon="12.414915"><ele>15.6</ele></rtept><rtept lat="57.535072" lon="12.414908"><ele>17.4</ele></rtept><rtept lat="57.535097" lon="12.414897"><ele>18.0</ele></rtept><rtept lat="57.535117" lon="12.41488"><ele>18.0</ele></rtept><rtept lat="57.535142" lon="12.414855"><ele>19.2</ele></rtept><rtept lat="57.53516" lon="12.414852"><ele>19.6</ele></rtept><rtept lat="57.53518" lon="12.414845"><ele>19.8</ele></rtept><rtept lat="57.5352" lon="12.414845"><ele>19.8</ele></rtept><rtept lat="57.535225" lon="12.414842"><ele>20.6</ele></rtept><rtept lat="57.535243" lon="12.414837"><ele>21.2</ele></rtept><rtept lat="57.535263" lon="12.414832"><ele>21.8</ele></rtept><rtept lat="57.535288" lon="12.414827"><ele>22.0</ele></rtept><rtept lat="57.535315" lon="12.414825"><ele>22.0</ele></rtept><rtept lat="57.535333" lon="12.414822"><ele>22.0</ele></rtept><rtept lat="57.535365" lon="12.414825"><ele>22.2</ele></rtept><rtept lat="57.535385" lon="12.414827"><ele>22.2</ele></rtept><rtept lat="57.535417" lon="12.41482"><ele>22.2</ele></rtept><rtept lat="57.535437" lon="12.414812"><ele>22.6</ele></rtept><rtept lat="57.535468" lon="12.414795"><ele>22.4</ele></rtept><rtept lat="57.535513" lon="12.414777"><ele>22.6</ele></rtept><rtept lat="57.535538" lon="12.414778"><ele>22.6</ele></rtept><rtept lat="57.535558" lon="12.414772"><ele>22.6</ele></rtept><rtept lat="57.535577" lon="12.41476"><ele>22.8</ele></rtept><rtept lat="57.535622" lon="12.414747"><ele>22.8</ele></rtept><rtept lat="57.53566" lon="12.414742"><ele>22.8</ele></rtept><rtept lat="57.535705" lon="12.414745"><ele>22.8</ele></rtept><rtept lat="57.535757" lon="12.414747"><ele>22.8</ele></rtept><rtept lat="57.535782" lon="12.414738"><ele>23.0</ele></rtept><rtept lat="57.535807" lon="12.414698"><ele>23.0</ele></rtept><rtept lat="57.535845" lon="12.414672"><ele>23.0</ele></rtept><rtept lat="57.535872" lon="12.414665"><ele>23.0</ele></rtept><rtept lat="57.535897" lon="12.414623"><ele>23.4</ele></rtept><rtept lat="57.535917" lon="12.414587"><ele>23.4</ele></rtept><rtept lat="57.535935" lon="12.414533"><ele>23.8</ele></rtept><rtept lat="57.535955" lon="12.414508"><ele>23.8</ele></rtept><rtept lat="57.53598" lon="12.41448"><ele>24.0</ele></rtept><rtept lat="57.535993" lon="12.414422"><ele>24.2</ele></rtept><rtept lat="57.536012" lon="12.414393"><ele>24.4</ele></rtept><rtept lat="57.536032" lon="12.414368"><ele>24.4</ele></rtept><rtept lat="57.536043" lon="12.414337"><ele>24.8</ele></rtept><rtept lat="57.536077" lon="12.414315"><ele>25.6</ele></rtept><rtept lat="57.536102" lon="12.4143"><ele>25.8</ele></rtept><rtept lat="57.536108" lon="12.414268"><ele>25.8</ele></rtept><rtept lat="57.536127" lon="12.414253"><ele>26.0</ele></rtept><rtept lat="57.53612" lon="12.414217"><ele>26.8</ele></rtept><rtept lat="57.536127" lon="12.414183"><ele>27.6</ele></rtept><rtept lat="57.536133" lon="12.414145"><ele>28.8</ele></rtept><rtept lat="57.536153" lon="12.414112"><ele>28.8</ele></rtept><rtept lat="57.536172" lon="12.414085"><ele>28.6</ele></rtept><rtept lat="57.536178" lon="12.41404"><ele>28.2</ele></rtept><rtept lat="57.536198" lon="12.413998"><ele>28.0</ele></rtept><rtept lat="57.536217" lon="12.413965"><ele>27.8</ele></rtept><rtept lat="57.536223" lon="12.413927"><ele>28.2</ele></rtept><rtept lat="57.536237" lon="12.413893"><ele>28.2</ele></rtept><rtept lat="57.536248" lon="12.413842"><ele>28.6</ele></rtept><rtept lat="57.536268" lon="12.4138"><ele>28.6</ele></rtept><rtept lat="57.536293" lon="12.413768"><ele>29.0</ele></rtept><rtept lat="57.536325" lon="12.413748"><ele>29.2</ele></rtept><rtept lat="57.536352" lon="12.413733"><ele>29.4</ele></rtept><rtept lat="57.53637" lon="12.413727"><ele>29.6</ele></rtept><rtept lat="57.536402" lon="12.41372"><ele>29.6</ele></rtept><rtept lat="57.536428" lon="12.413713"><ele>29.8</ele></rtept><rtept lat="57.536447" lon="12.413713"><ele>29.8</ele></rtept><rtept lat="57.536467" lon="12.413708"><ele>29.8</ele></rtept><rtept lat="57.536485" lon="12.413708"><ele>30.0</ele></rtept><rtept lat="57.536512" lon="12.413715"><ele>30.0</ele></rtept><rtept lat="57.536537" lon="12.413723"><ele>29.8</ele></rtept><rtept lat="57.536562" lon="12.413735"><ele>29.6</ele></rtept><rtept lat="57.536582" lon="12.413748"><ele>29.4</ele></rtept><rtept lat="57.536607" lon="12.413763"><ele>29.4</ele></rtept><rtept lat="57.536627" lon="12.413778"><ele>29.2</ele></rtept><rtept lat="57.536652" lon="12.413798"><ele>29.0</ele></rtept><rtept lat="57.536672" lon="12.413812"><ele>28.8</ele></rtept><rtept lat="57.53669" lon="12.413823"><ele>28.8</ele></rtept><rtept lat="57.53671" lon="12.413832"><ele>28.8</ele></rtept><rtept lat="57.536735" lon="12.413832"><ele>28.6</ele></rtept><rtept lat="57.536755" lon="12.41384"><ele>28.6</ele></rtept><rtept lat="57.536787" lon="12.413858"><ele>28.6</ele></rtept><rtept lat="57.536805" lon="12.413887"><ele>28.4</ele></rtept><rtept lat="57.536825" lon="12.413903"><ele>28.4</ele></rtept><rtept lat="57.536843" lon="12.413923"><ele>28.2</ele></rtept><rtept lat="57.536863" lon="12.41394"><ele>28.0</ele></rtept><rtept lat="57.536888" lon="12.413947"><ele>27.6</ele></rtept><rtept lat="57.53692" lon="12.413937"><ele>27.6</ele></rtept><rtept lat="57.53694" lon="12.41392"><ele>27.2</ele></rtept><rtept lat="57.536972" lon="12.41394"><ele>26.8</ele></rtept><rtept lat="57.537003" lon="12.413957"><ele>26.6</ele></rtept><rtept lat="57.53703" lon="12.413985"><ele>26.2</ele></rtept><rtept lat="57.537062" lon="12.414027"><ele>26.0</ele></rtept><rtept lat="57.537125" lon="12.414152"><ele>26.0</ele></rtept><rtept lat="57.537145" lon="12.414175"><ele>25.6</ele></rtept><rtept lat="57.537163" lon="12.41421"><ele>25.2</ele></rtept><rtept lat="57.537177" lon="12.414273"><ele>25.0</ele></rtept><rtept lat="57.537183" lon="12.414313"><ele>24.6</ele></rtept><rtept lat="57.537202" lon="12.414348"><ele>24.4</ele></rtept><rtept lat="57.537222" lon="12.414378"><ele>24.4</ele></rtept><rtept lat="57.537247" lon="12.414402"><ele>24.4</ele></rtept><rtept lat="57.537222" lon="12.414405"><ele>23.6</ele></rtept><rtept lat="57.537228" lon="12.414455"><ele>23.0</ele></rtept><rtept lat="57.537253" lon="12.414482"><ele>23.0</ele></rtept><rtept lat="57.53728" lon="12.414513"><ele>23.0</ele></rtept><rtept lat="57.537305" lon="12.414547"><ele>22.6</ele></rtept><rtept lat="57.537323" lon="12.414558"><ele>22.6</ele></rtept><rtept lat="57.53735" lon="12.4146"><ele>23.0</ele></rtept><rtept lat="57.537343" lon="12.41464"><ele>22.8</ele></rtept><rtept lat="57.537343" lon="12.41468"><ele>23.0</ele></rtept><rtept lat="57.537337" lon="12.414752"><ele>23.0</ele></rtept><rtept lat="57.537323" lon="12.414792"><ele>23.0</ele></rtept><rtept lat="57.537323" lon="12.414827"><ele>23.2</ele></rtept><rtept lat="57.537318" lon="12.414867"><ele>23.4</ele></rtept><rtept lat="57.537305" lon="12.4149"><ele>23.2</ele></rtept><rtept lat="57.537298" lon="12.414937"><ele>23.2</ele></rtept><rtept lat="57.537298" lon="12.41497"><ele>23.4</ele></rtept><rtept lat="57.537292" lon="12.41501"><ele>23.4</ele></rtept><rtept lat="57.537285" lon="12.415048"><ele>23.0</ele></rtept><rtept lat="57.537273" lon="12.415082"><ele>22.8</ele></rtept><rtept lat="57.537267" lon="12.415118"><ele>23.0</ele></rtept><rtept lat="57.537267" lon="12.415155"><ele>22.8</ele></rtept><rtept lat="57.53726" lon="12.415208"><ele>22.2</ele></rtept><rtept lat="57.537267" lon="12.415273"><ele>22.4</ele></rtept><rtept lat="57.53726" lon="12.415332"><ele>22.2</ele></rtept><rtept lat="57.537247" lon="12.415387"><ele>22.0</ele></rtept><rtept lat="57.537247" lon="12.415422"><ele>21.8</ele></rtept><rtept lat="57.537247" lon="12.415467"><ele>21.8</ele></rtept><rtept lat="57.537247" lon="12.415502"><ele>21.8</ele></rtept><rtept lat="57.537253" lon="12.415543"><ele>21.8</ele></rtept><rtept lat="57.537253" lon="12.41561"><ele>21.8</ele></rtept><rtept lat="57.537247" lon="12.415657"><ele>21.6</ele></rtept><rtept lat="57.537247" lon="12.415698"><ele>21.6</ele></rtept><rtept lat="57.53726" lon="12.415738"><ele>21.6</ele></rtept><rtept lat="57.53726" lon="12.415775"><ele>21.4</ele></rtept><rtept lat="57.53726" lon="12.41581"><ele>21.6</ele></rtept><rtept lat="57.53726" lon="12.415853"><ele>21.8</ele></rtept><rtept lat="57.537247" lon="12.415892"><ele>21.4</ele></rtept><rtept lat="57.53724" lon="12.415933"><ele>21.4</ele></rtept><rtept lat="57.53724" lon="12.415973"><ele>21.4</ele></rtept><rtept lat="57.537235" lon="12.416007"><ele>21.4</ele></rtept><rtept lat="57.537228" lon="12.416043"><ele>21.0</ele></rtept><rtept lat="57.537222" lon="12.416105"><ele>21.2</ele></rtept><rtept lat="57.537208" lon="12.416165"><ele>20.8</ele></rtept><rtept lat="57.537208" lon="12.416205"><ele>21.0</ele></rtept><rtept lat="57.53719" lon="12.41622"><ele>20.8</ele></rtept><rtept lat="57.537183" lon="12.416283"><ele>21.2</ele></rtept><rtept lat="57.537183" lon="12.416317"><ele>21.0</ele></rtept><rtept lat="57.537163" lon="12.416375"><ele>20.8</ele></rtept><rtept lat="57.537158" lon="12.41644"><ele>20.6</ele></rtept><rtept lat="57.537145" lon="12.416488"><ele>20.0</ele></rtept><rtept lat="57.537125" lon="12.41654"><ele>20.0</ele></rtept><rtept lat="57.537113" lon="12.416575"><ele>19.2</ele></rtept><rtept lat="57.5371" lon="12.41662"><ele>19.0</ele></rtept><rtept lat="57.537087" lon="12.416647"><ele>18.8</ele></rtept><rtept lat="57.537068" lon="12.416673"><ele>18.4</ele></rtept><rtept lat="57.537042" lon="12.41672"><ele>18.2</ele></rtept><rtept lat="57.53703" lon="12.416757"><ele>17.8</ele></rtept><rtept lat="57.53701" lon="12.416805"><ele>17.8</ele></rtept><rtept lat="57.53701" lon="12.416852"><ele>17.4</ele></rtept><rtept lat="57.537023" lon="12.416882"><ele>17.4</ele></rtept><rtept lat="57.537042" lon="12.4169"><ele>17.2</ele></rtept><rtept lat="57.537042" lon="12.416937"><ele>16.4</ele></rtept><rtept lat="57.537048" lon="12.416972"><ele>15.6</ele></rtept><rtept lat="57.537062" lon="12.417012"><ele>15.2</ele></rtept><rtept lat="57.53708" lon="12.417043"><ele>14.6</ele></rtept><rtept lat="57.5371" lon="12.41705"><ele>14.2</ele></rtept><rtept lat="57.53712" lon="12.417075"><ele>13.8</ele></rtept><rtept lat="57.537152" lon="12.417115"><ele>13.4</ele></rtept><rtept lat="57.53717" lon="12.417128"><ele>13.2</ele></rtept><rtept lat="57.53719" lon="12.417143"><ele>13.2</ele></rtept><rtept lat="57.537208" lon="12.417148"><ele>13.0</ele></rtept><rtept lat="57.537228" lon="12.417153"><ele>12.6</ele></rtept><rtept lat="57.537247" lon="12.417168"><ele>12.4</ele></rtept><rtept lat="57.537267" lon="12.41718"><ele>12.2</ele></rtept><rtept lat="57.537285" lon="12.41719"><ele>12.0</ele></rtept><rtept lat="57.537318" lon="12.417205"><ele>12.0</ele></rtept><rtept lat="57.537343" lon="12.417222"><ele>11.6</ele></rtept><rtept lat="57.537368" lon="12.417238"><ele>11.0</ele></rtept><rtept lat="57.537395" lon="12.417247"><ele>10.6</ele></rtept><rtept lat="57.53742" lon="12.417262"><ele>10.8</ele></rtept><rtept lat="57.53744" lon="12.417262"><ele>10.8</ele></rtept><rtept lat="57.537478" lon="12.417258"><ele>11.0</ele></rtept><rtept lat="57.537503" lon="12.417255"><ele>10.8</ele></rtept><rtept lat="57.537535" lon="12.417287"><ele>11.0</ele></rtept><rtept lat="57.537567" lon="12.41732"><ele>11.2</ele></rtept><rtept lat="57.537598" lon="12.417353"><ele>11.0</ele></rtept><rtept lat="57.537618" lon="12.417367"><ele>11.2</ele></rtept><rtept lat="57.537638" lon="12.41738"><ele>11.0</ele></rtept><rtept lat="57.537663" lon="12.417417"><ele>11.2</ele></rtept><rtept lat="57.537682" lon="12.417442"><ele>11.2</ele></rtept><rtept lat="57.537702" lon="12.41746"><ele>11.0</ele></rtept><rtept lat="57.537727" lon="12.4175"><ele>11.0</ele></rtept><rtept lat="57.537747" lon="12.417518"><ele>11.0</ele></rtept><rtept lat="57.537765" lon="12.41754"><ele>11.0</ele></rtept><rtept lat="57.537785" lon="12.41756"><ele>11.0</ele></rtept><rtept lat="57.537817" lon="12.417582"><ele>11.0</ele></rtept><rtept lat="57.537842" lon="12.41762"><ele>10.8</ele></rtept><rtept lat="57.537862" lon="12.417657"><ele>11.0</ele></rtept><rtept lat="57.53788" lon="12.417677"><ele>11.0</ele></rtept><rtept lat="57.537893" lon="12.417703"><ele>10.8</ele></rtept><rtept lat="57.537913" lon="12.417743"><ele>11.0</ele></rtept><rtept lat="57.537925" lon="12.417788"><ele>11.0</ele></rtept><rtept lat="57.537938" lon="12.417817"><ele>11.0</ele></rtept><rtept lat="57.537958" lon="12.417858"><ele>11.2</ele></rtept><rtept lat="57.53797" lon="12.417885"><ele>11.0</ele></rtept><rtept lat="57.537997" lon="12.417915"><ele>11.0</ele></rtept><rtept lat="57.538015" lon="12.41794"><ele>10.8</ele></rtept><rtept lat="57.538047" lon="12.417973"><ele>11.4</ele></rtept><rtept lat="57.538073" lon="12.417978"><ele>11.0</ele></rtept><rtept lat="57.538092" lon="12.418002"><ele>11.4</ele></rtept><rtept lat="57.538112" lon="12.418038"><ele>11.2</ele></rtept><rtept lat="57.538123" lon="12.418062"><ele>11.4</ele></rtept><rtept lat="57.538137" lon="12.418087"><ele>11.2</ele></rtept><rtept lat="57.53815" lon="12.418113"><ele>11.0</ele></rtept><rtept lat="57.538168" lon="12.41814"><ele>11.2</ele></rtept><rtept lat="57.5382" lon="12.418153"><ele>11.4</ele></rtept><rtept lat="57.538233" lon="12.418153"><ele>11.4</ele></rtept><rtept lat="57.538252" lon="12.418153"><ele>11.6</ele></rtept><rtept lat="57.538278" lon="12.418147"><ele>11.0</ele></rtept><rtept lat="57.538317" lon="12.41816"><ele>11.2</ele></rtept><rtept lat="57.538335" lon="12.41819"><ele>11.0</ele></rtept><rtept lat="57.538355" lon="12.418207"><ele>10.8</ele></rtept><rtept lat="57.53838" lon="12.41824"><ele>11.2</ele></rtept><rtept lat="57.538412" lon="12.418265"><ele>11.2</ele></rtept><rtept lat="57.538438" lon="12.418292"><ele>11.6</ele></rtept><rtept lat="57.538457" lon="12.418302"><ele>11.6</ele></rtept><rtept lat="57.538477" lon="12.418312"><ele>11.4</ele></rtept><rtept lat="57.538502" lon="12.418315"><ele>11.8</ele></rtept><rtept lat="57.53852" lon="12.418317"><ele>11.6</ele></rtept><rtept lat="57.53854" lon="12.418325"><ele>11.6</ele></rtept><rtept lat="57.53856" lon="12.41834"><ele>12.0</ele></rtept><rtept lat="57.538578" lon="12.418355"><ele>12.0</ele></rtept><rtept lat="57.53861" lon="12.418367"><ele>11.8</ele></rtept><rtept lat="57.538637" lon="12.41838"><ele>12.2</ele></rtept><rtept lat="57.538668" lon="12.41839"><ele>12.2</ele></rtept><rtept lat="57.538687" lon="12.418382"><ele>12.4</ele></rtept><rtept lat="57.538713" lon="12.418382"><ele>12.6</ele></rtept><rtept lat="57.538738" lon="12.418387"><ele>12.4</ele></rtept><rtept lat="57.538758" lon="12.418392"><ele>12.2</ele></rtept><rtept lat="57.538777" lon="12.418403"><ele>12.6</ele></rtept><rtept lat="57.538797" lon="12.418407"><ele>12.2</ele></rtept><rtept lat="57.538828" lon="12.418417"><ele>12.4</ele></rtept><rtept lat="57.538847" lon="12.418423"><ele>12.2</ele></rtept><rtept lat="57.538867" lon="12.418428"><ele>12.0</ele></rtept><rtept lat="57.538885" lon="12.418423"><ele>12.4</ele></rtept><rtept lat="57.538912" lon="12.418423"><ele>12.4</ele></rtept><rtept lat="57.53893" lon="12.418428"><ele>12.2</ele></rtept><rtept lat="57.53895" lon="12.418432"><ele>12.4</ele></rtept><rtept lat="57.538968" lon="12.418435"><ele>12.4</ele></rtept><rtept lat="57.538988" lon="12.418437"><ele>12.2</ele></rtept><rtept lat="57.539027" lon="12.418448"><ele>12.2</ele></rtept><rtept lat="57.539045" lon="12.418457"><ele>12.4</ele></rtept><rtept lat="57.539065" lon="12.418465"><ele>12.4</ele></rtept><rtept lat="57.539097" lon="12.418493"><ele>12.4</ele></rtept><rtept lat="57.539122" lon="12.418513"><ele>12.0</ele></rtept><rtept lat="57.539155" lon="12.418528"><ele>12.2</ele></rtept><rtept lat="57.539173" lon="12.418543"><ele>12.0</ele></rtept><rtept lat="57.539212" lon="12.41857"><ele>12.0</ele></rtept><rtept lat="57.539243" lon="12.418585"><ele>12.0</ele></rtept><rtept lat="57.53927" lon="12.418615"><ele>12.0</ele></rtept><rtept lat="57.539295" lon="12.418642"><ele>11.8</ele></rtept><rtept lat="57.539327" lon="12.41865"><ele>12.2</ele></rtept><rtept lat="57.539347" lon="12.418663"><ele>12.0</ele></rtept><rtept lat="57.539365" lon="12.418675"><ele>11.8</ele></rtept><rtept lat="57.539398" lon="12.418687"><ele>12.2</ele></rtept><rtept lat="57.539423" lon="12.418695"><ele>12.4</ele></rtept><rtept lat="57.539442" lon="12.418698"><ele>12.2</ele></rtept><rtept lat="57.539462" lon="12.418702"><ele>12.6</ele></rtept><rtept lat="57.539493" lon="12.418708"><ele>12.6</ele></rtept><rtept lat="57.539525" lon="12.418722"><ele>12.8</ele></rtept><rtept lat="57.539545" lon="12.418728"><ele>12.8</ele></rtept><rtept lat="57.539563" lon="12.41874"><ele>12.8</ele></rtept><rtept lat="57.539583" lon="12.418752"><ele>12.8</ele></rtept><rtept lat="57.539608" lon="12.418768"><ele>13.0</ele></rtept><rtept lat="57.53964" lon="12.418788"><ele>13.2</ele></rtept><rtept lat="57.539673" lon="12.41882"><ele>13.2</ele></rtept><rtept lat="57.539692" lon="12.418842"><ele>13.4</ele></rtept><rtept lat="57.539712" lon="12.418868"><ele>13.2</ele></rtept><rtept lat="57.53973" lon="12.418892"><ele>13.2</ele></rtept><rtept lat="57.53975" lon="12.418893"><ele>13.0</ele></rtept><rtept lat="57.539782" lon="12.418907"><ele>13.0</ele></rtept><rtept lat="57.5398" lon="12.418932"><ele>13.0</ele></rtept><rtept lat="57.53982" lon="12.418947"><ele>13.0</ele></rtept><rtept lat="57.53984" lon="12.418952"><ele>13.4</ele></rtept><rtept lat="57.539872" lon="12.418952"><ele>13.4</ele></rtept><rtept lat="57.539903" lon="12.41896"><ele>13.8</ele></rtept><rtept lat="57.539922" lon="12.418965"><ele>14.2</ele></rtept><rtept lat="57.539942" lon="12.418972"><ele>14.2</ele></rtept><rtept lat="57.53996" lon="12.418972"><ele>14.2</ele></rtept><rtept lat="57.53998" lon="12.418967"><ele>14.6</ele></rtept><rtept lat="57.54" lon="12.418962"><ele>14.6</ele></rtept><rtept lat="57.540018" lon="12.418965"><ele>14.4</ele></rtept><rtept lat="57.540043" lon="12.418962"><ele>14.8</ele></rtept><rtept lat="57.54007" lon="12.418945"><ele>14.6</ele></rtept><rtept lat="57.540102" lon="12.418917"><ele>15.0</ele></rtept><rtept lat="57.540127" lon="12.41891"><ele>14.8</ele></rtept><rtept lat="57.540147" lon="12.418898"><ele>15.2</ele></rtept><rtept lat="57.54016" lon="12.418873"><ele>15.2</ele></rtept><rtept lat="57.540172" lon="12.41884"><ele>15.0</ele></rtept><rtept lat="57.540178" lon="12.418807"><ele>15.4</ele></rtept><rtept lat="57.540192" lon="12.418777"><ele>15.6</ele></rtept><rtept lat="57.540203" lon="12.418747"><ele>15.4</ele></rtept><rtept lat="57.540223" lon="12.418722"><ele>15.4</ele></rtept><rtept lat="57.540242" lon="12.418687"><ele>15.6</ele></rtept><rtept lat="57.540262" lon="12.418653"><ele>15.4</ele></rtept><rtept lat="57.540268" lon="12.418618"><ele>15.6</ele></rtept><rtept lat="57.54028" lon="12.418555"><ele>15.8</ele></rtept><rtept lat="57.540287" lon="12.418523"><ele>15.6</ele></rtept><rtept lat="57.5403" lon="12.418497"><ele>16.0</ele></rtept><rtept lat="57.54032" lon="12.418483"><ele>16.0</ele></rtept><rtept lat="57.540352" lon="12.41847"><ele>15.6</ele></rtept><rtept lat="57.540377" lon="12.418428"><ele>16.0</ele></rtept><rtept lat="57.540397" lon="12.4184"><ele>16.0</ele></rtept><rtept lat="57.540415" lon="12.418377"><ele>15.8</ele></rtept><rtept lat="57.54044" lon="12.418365"><ele>15.8</ele></rtept><rtept lat="57.54046" lon="12.418355"><ele>16.0</ele></rtept><rtept lat="57.54048" lon="12.418347"><ele>16.0</ele></rtept><rtept lat="57.540498" lon="12.418342"><ele>16.0</ele></rtept><rtept lat="57.540518" lon="12.418325"><ele>16.4</ele></rtept><rtept lat="57.540537" lon="12.418312"><ele>16.2</ele></rtept><rtept lat="57.540562" lon="12.418305"><ele>16.2</ele></rtept><rtept lat="57.540595" lon="12.418305"><ele>16.6</ele></rtept><rtept lat="57.540613" lon="12.41831"><ele>16.6</ele></rtept><rtept lat="57.54064" lon="12.418317"><ele>16.4</ele></rtept><rtept lat="57.540665" lon="12.418332"><ele>16.6</ele></rtept><rtept lat="57.540703" lon="12.418345"><ele>16.4</ele></rtept><rtept lat="57.540722" lon="12.418347"><ele>16.4</ele></rtept><rtept lat="57.540742" lon="12.418352"><ele>16.6</ele></rtept><rtept lat="57.54076" lon="12.418357"><ele>16.4</ele></rtept><rtept lat="57.540793" lon="12.41837"><ele>16.6</ele></rtept><rtept lat="57.540812" lon="12.41839"><ele>16.8</ele></rtept><rtept lat="57.540843" lon="12.4184"><ele>17.0</ele></rtept><rtept lat="57.54087" lon="12.418407"><ele>16.8</ele></rtept><rtept lat="57.540902" lon="12.41842"><ele>17.0</ele></rtept><rtept lat="57.54092" lon="12.418428"><ele>17.2</ele></rtept><rtept lat="57.54094" lon="12.418435"><ele>17.0</ele></rtept><rtept lat="57.54096" lon="12.41845"><ele>17.2</ele></rtept><rtept lat="57.540978" lon="12.418473"><ele>17.4</ele></rtept><rtept lat="57.541003" lon="12.41848"><ele>17.6</ele></rtept><rtept lat="57.541023" lon="12.418483"><ele>17.8</ele></rtept><rtept lat="57.541062" lon="12.418483"><ele>17.6</ele></rtept><rtept lat="57.541093" lon="12.418483"><ele>17.8</ele></rtept><rtept lat="57.54112" lon="12.418485"><ele>18.0</ele></rtept><rtept lat="57.541138" lon="12.4185"><ele>17.8</ele></rtept><rtept lat="57.54117" lon="12.418513"><ele>17.8</ele></rtept><rtept lat="57.541202" lon="12.418525"><ele>17.8</ele></rtept><rtept lat="57.541222" lon="12.418538"><ele>17.8</ele></rtept><rtept lat="57.54124" lon="12.418545"><ele>18.0</ele></rtept><rtept lat="57.54126" lon="12.418555"><ele>18.2</ele></rtept><rtept lat="57.54128" lon="12.418565"><ele>18.0</ele></rtept><rtept lat="57.541298" lon="12.418575"><ele>17.8</ele></rtept><rtept lat="57.54133" lon="12.418582"><ele>18.0</ele></rtept><rtept lat="57.541357" lon="12.418585"><ele>18.0</ele></rtept><rtept lat="57.541375" lon="12.418595"><ele>18.0</ele></rtept><rtept lat="57.541395" lon="12.4186"><ele>18.0</ele></rtept><rtept lat="57.541413" lon="12.418608"><ele>18.0</ele></rtept><rtept lat="57.541433" lon="12.418613"><ele>18.0</ele></rtept><rtept lat="57.541458" lon="12.418643"><ele>18.2</ele></rtept><rtept lat="57.541483" lon="12.418655"><ele>18.0</ele></rtept><rtept lat="57.54151" lon="12.418662"><ele>18.2</ele></rtept><rtept lat="57.541528" lon="12.41866"><ele>18.4</ele></rtept><rtept lat="57.541555" lon="12.418672"><ele>18.2</ele></rtept><rtept lat="57.541573" lon="12.418675"><ele>18.4</ele></rtept><rtept lat="57.541593" lon="12.418687"><ele>18.4</ele></rtept><rtept lat="57.541612" lon="12.4187"><ele>18.2</ele></rtept><rtept lat="57.541638" lon="12.418722"><ele>18.4</ele></rtept><rtept lat="57.541663" lon="12.418742"><ele>18.4</ele></rtept><rtept lat="57.541682" lon="12.418758"><ele>18.2</ele></rtept><rtept lat="57.541708" lon="12.418768"><ele>18.2</ele></rtept><rtept lat="57.541727" lon="12.418778"><ele>18.4</ele></rtept><rtept lat="57.541753" lon="12.418797"><ele>18.2</ele></rtept><rtept lat="57.541772" lon="12.418813"><ele>18.4</ele></rtept><rtept lat="57.541792" lon="12.418827"><ele>18.6</ele></rtept><rtept lat="57.54181" lon="12.418837"><ele>18.2</ele></rtept><rtept lat="57.54183" lon="12.418842"><ele>18.4</ele></rtept><rtept lat="57.541868" lon="12.41886"><ele>18.4</ele></rtept><rtept lat="57.541887" lon="12.418872"><ele>18.2</ele></rtept><rtept lat="57.541907" lon="12.41888"><ele>18.6</ele></rtept><rtept lat="57.541925" lon="12.418887"><ele>18.8</ele></rtept><rtept lat="57.541952" lon="12.418897"><ele>18.4</ele></rtept><rtept lat="57.54197" lon="12.4189"><ele>18.6</ele></rtept><rtept lat="57.54199" lon="12.418912"><ele>18.4</ele></rtept><rtept lat="57.542008" lon="12.418917"><ele>18.2</ele></rtept><rtept lat="57.542035" lon="12.418918"><ele>18.6</ele></rtept><rtept lat="57.542053" lon="12.418922"><ele>18.6</ele></rtept><rtept lat="57.542073" lon="12.418925"><ele>18.4</ele></rtept><rtept lat="57.542112" lon="12.41893"><ele>18.8</ele></rtept><rtept lat="57.54213" lon="12.418935"><ele>18.4</ele></rtept><rtept lat="57.54215" lon="12.418942"><ele>18.6</ele></rtept><rtept lat="57.542168" lon="12.418957"><ele>18.6</ele></rtept><rtept lat="57.542188" lon="12.418965"><ele>18.4</ele></rtept><rtept lat="57.542207" lon="12.418978"><ele>18.6</ele></rtept><rtept lat="57.542227" lon="12.419"><ele>18.8</ele></rtept><rtept lat="57.542252" lon="12.419012"><ele>18.4</ele></rtept><rtept lat="57.542272" lon="12.419012"><ele>18.4</ele></rtept><rtept lat="57.54229" lon="12.419018"><ele>18.6</ele></rtept><rtept lat="57.54231" lon="12.419038"><ele>18.4</ele></rtept><rtept lat="57.542328" lon="12.419057"><ele>18.4</ele></rtept><rtept lat="57.542355" lon="12.419062"><ele>18.6</ele></rtept><rtept lat="57.542373" lon="12.419065"><ele>18.8</ele></rtept><rtept lat="57.5424" lon="12.41907"><ele>18.2</ele></rtept><rtept lat="57.542418" lon="12.419072"><ele>18.4</ele></rtept><rtept lat="57.54245" lon="12.419085"><ele>18.2</ele></rtept><rtept lat="57.54247" lon="12.4191"><ele>18.4</ele></rtept><rtept lat="57.542488" lon="12.419117"><ele>18.4</ele></rtept><rtept lat="57.542508" lon="12.41912"><ele>18.2</ele></rtept><rtept lat="57.542527" lon="12.41914"><ele>18.4</ele></rtept><rtept lat="57.542553" lon="12.41917"><ele>18.4</ele></rtept><rtept lat="57.542572" lon="12.419193"><ele>18.2</ele></rtept><rtept lat="57.542592" lon="12.419203"><ele>18.6</ele></rtept><rtept lat="57.54261" lon="12.41922"><ele>18.6</ele></rtept><rtept lat="57.542637" lon="12.419233"><ele>18.4</ele></rtept><rtept lat="57.542662" lon="12.419238"><ele>18.4</ele></rtept><rtept lat="57.542687" lon="12.419255"><ele>18.6</ele></rtept><rtept lat="57.54272" lon="12.41927"><ele>18.6</ele></rtept><rtept lat="57.542738" lon="12.419288"><ele>18.6</ele></rtept><rtept lat="57.542763" lon="12.4193"><ele>18.8</ele></rtept><rtept lat="57.54279" lon="12.419308"><ele>18.8</ele></rtept><rtept lat="57.542808" lon="12.419308"><ele>18.6</ele></rtept><rtept lat="57.542828" lon="12.419308"><ele>18.8</ele></rtept><rtept lat="57.542847" lon="12.419305"><ele>18.8</ele></rtept><rtept lat="57.542873" lon="12.419308"><ele>18.6</ele></rtept><rtept lat="57.542892" lon="12.419318"><ele>18.4</ele></rtept><rtept lat="57.542912" lon="12.419323"><ele>18.6</ele></rtept><rtept lat="57.54293" lon="12.419338"><ele>18.6</ele></rtept><rtept lat="57.54295" lon="12.419355"><ele>18.6</ele></rtept><rtept lat="57.542975" lon="12.419362"><ele>18.6</ele></rtept><rtept lat="57.542995" lon="12.419368"><ele>18.4</ele></rtept><rtept lat="57.54302" lon="12.419362"><ele>18.4</ele></rtept><rtept lat="57.543045" lon="12.41936"><ele>18.6</ele></rtept><rtept lat="57.543065" lon="12.419358"><ele>18.4</ele></rtept><rtept lat="57.543083" lon="12.419355"><ele>18.2</ele></rtept><rtept lat="57.543117" lon="12.419338"><ele>18.4</ele></rtept><rtept lat="57.543142" lon="12.419335"><ele>18.2</ele></rtept><rtept lat="57.54316" lon="12.419338"><ele>18.4</ele></rtept><rtept lat="57.54318" lon="12.419338"><ele>18.4</ele></rtept><rtept lat="57.543205" lon="12.419347"><ele>18.2</ele></rtept><rtept lat="57.543225" lon="12.41936"><ele>18.4</ele></rtept><rtept lat="57.54325" lon="12.419397"><ele>18.6</ele></rtept><rtept lat="57.543263" lon="12.419433"><ele>18.4</ele></rtept><rtept lat="57.543277" lon="12.419477"><ele>18.0</ele></rtept><rtept lat="57.543277" lon="12.419527"><ele>18.2</ele></rtept><rtept lat="57.543282" lon="12.419573"><ele>18.2</ele></rtept><rtept lat="57.543282" lon="12.41962"><ele>18.0</ele></rtept><rtept lat="57.543288" lon="12.419667"><ele>18.2</ele></rtept><rtept lat="57.543295" lon="12.41972"><ele>18.2</ele></rtept><rtept lat="57.543295" lon="12.419767"><ele>18.0</ele></rtept><rtept lat="57.543295" lon="12.419805"><ele>18.2</ele></rtept><rtept lat="57.543302" lon="12.419843"><ele>18.2</ele></rtept><rtept lat="57.543302" lon="12.41988"><ele>18.0</ele></rtept><rtept lat="57.543302" lon="12.419915"><ele>17.6</ele></rtept><rtept lat="57.543302" lon="12.419978"><ele>17.6</ele></rtept><rtept lat="57.543302" lon="12.420013"><ele>17.6</ele></rtept><rtept lat="57.543302" lon="12.42005"><ele>17.8</ele></rtept><rtept lat="57.543302" lon="12.420088"><ele>18.0</ele></rtept><rtept lat="57.543302" lon="12.420127"><ele>17.6</ele></rtept><rtept lat="57.543302" lon="12.420193"><ele>17.8</ele></rtept><rtept lat="57.543302" lon="12.420232"><ele>17.6</ele></rtept><rtept lat="57.543302" lon="12.420267"><ele>17.4</ele></rtept><rtept lat="57.543302" lon="12.420302"><ele>17.6</ele></rtept><rtept lat="57.543302" lon="12.420338"><ele>17.6</ele></rtept><rtept lat="57.543302" lon="12.42038"><ele>17.6</ele></rtept><rtept lat="57.543302" lon="12.420425"><ele>17.8</ele></rtept><rtept lat="57.543295" lon="12.420467"><ele>18.0</ele></rtept><rtept lat="57.543288" lon="12.420507"><ele>17.6</ele></rtept><rtept lat="57.543288" lon="12.420545"><ele>17.8</ele></rtept><rtept lat="57.543282" lon="12.420588"><ele>17.8</ele></rtept><rtept lat="57.543282" lon="12.420633"><ele>17.6</ele></rtept><rtept lat="57.543277" lon="12.420673"><ele>17.6</ele></rtept><rtept lat="57.54327" lon="12.420722"><ele>17.8</ele></rtept><rtept lat="57.543263" lon="12.42076"><ele>17.6</ele></rtept><rtept lat="57.543257" lon="12.420827"><ele>17.8</ele></rtept><rtept lat="57.54325" lon="12.42086"><ele>17.6</ele></rtept><rtept lat="57.543243" lon="12.420897"><ele>17.4</ele></rtept><rtept lat="57.543238" lon="12.420967"><ele>17.8</ele></rtept><rtept lat="57.543225" lon="12.420998"><ele>17.4</ele></rtept><rtept lat="57.543218" lon="12.421032"><ele>17.4</ele></rtept><rtept lat="57.5432" lon="12.42106"><ele>17.6</ele></rtept><rtept lat="57.543187" lon="12.421092"><ele>17.6</ele></rtept><rtept lat="57.54318" lon="12.42113"><ele>17.4</ele></rtept><rtept lat="57.543167" lon="12.421165"><ele>17.6</ele></rtept><rtept lat="57.543167" lon="12.42121"><ele>17.6</ele></rtept><rtept lat="57.54316" lon="12.421263"><ele>17.4</ele></rtept><rtept lat="57.543148" lon="12.421313"><ele>17.2</ele></rtept><rtept lat="57.543135" lon="12.421348"><ele>17.4</ele></rtept><rtept lat="57.543122" lon="12.421382"><ele>17.2</ele></rtept><rtept lat="57.543117" lon="12.421415"><ele>17.2</ele></rtept><rtept lat="57.54311" lon="12.421453"><ele>17.2</ele></rtept><rtept lat="57.543097" lon="12.421488"><ele>17.2</ele></rtept><rtept lat="57.54309" lon="12.421522"><ele>17.0</ele></rtept><rtept lat="57.543083" lon="12.42156"><ele>17.2</ele></rtept><rtept lat="57.543072" lon="12.421588"><ele>17.2</ele></rtept><rtept lat="57.543065" lon="12.421627"><ele>17.0</ele></rtept><rtept lat="57.543045" lon="12.421687"><ele>17.0</ele></rtept><rtept lat="57.543033" lon="12.421713"><ele>17.0</ele></rtept><rtept lat="57.54302" lon="12.42177"><ele>17.0</ele></rtept><rtept lat="57.543007" lon="12.4218"><ele>17.4</ele></rtept><rtept lat="57.543" lon="12.421837"><ele>17.2</ele></rtept><rtept lat="57.542988" lon="12.421877"><ele>17.4</ele></rtept><rtept lat="57.542968" lon="12.421943"><ele>17.4</ele></rtept><rtept lat="57.54295" lon="12.422003"><ele>17.6</ele></rtept><rtept lat="57.542943" lon="12.42204"><ele>17.4</ele></rtept><rtept lat="57.542937" lon="12.422073"><ele>17.4</ele></rtept><rtept lat="57.542923" lon="12.422108"><ele>17.6</ele></rtept><rtept lat="57.542918" lon="12.422148"><ele>17.6</ele></rtept><rtept lat="57.542912" lon="12.422182"><ele>17.6</ele></rtept><rtept lat="57.542898" lon="12.422217"><ele>17.8</ele></rtept><rtept lat="57.542885" lon="12.422267"><ele>17.8</ele></rtept><rtept lat="57.542873" lon="12.422307"><ele>17.8</ele></rtept><rtept lat="57.54286" lon="12.422358"><ele>18.0</ele></rtept><rtept lat="57.54286" lon="12.422393"><ele>18.0</ele></rtept><rtept lat="57.542847" lon="12.422447"><ele>18.2</ele></rtept><rtept lat="57.542835" lon="12.422482"><ele>18.2</ele></rtept><rtept lat="57.542822" lon="12.422512"><ele>18.0</ele></rtept><rtept lat="57.542808" lon="12.422542"><ele>18.0</ele></rtept><rtept lat="57.54279" lon="12.422607"><ele>17.4</ele></rtept><rtept lat="57.542783" lon="12.422643"><ele>17.6</ele></rtept><rtept lat="57.54277" lon="12.422677"><ele>17.4</ele></rtept><rtept lat="57.542763" lon="12.422708"><ele>17.2</ele></rtept><rtept lat="57.542752" lon="12.42276"><ele>17.4</ele></rtept><rtept lat="57.542738" lon="12.422803"><ele>17.4</ele></rtept><rtept lat="57.542725" lon="12.422838"><ele>17.8</ele></rtept><rtept lat="57.542713" lon="12.422902"><ele>17.8</ele></rtept><rtept lat="57.542707" lon="12.422972"><ele>17.8</ele></rtept><rtept lat="57.5427" lon="12.423003"><ele>17.6</ele></rtept><rtept lat="57.5427" lon="12.42304"><ele>17.8</ele></rtept><rtept lat="57.542687" lon="12.423073"><ele>17.8</ele></rtept><rtept lat="57.54268" lon="12.423132"><ele>17.8</ele></rtept><rtept lat="57.542675" lon="12.42317"><ele>18.0</ele></rtept><rtept lat="57.542668" lon="12.42323"><ele>17.8</ele></rtept><rtept lat="57.542662" lon="12.423267"><ele>18.0</ele></rtept><rtept lat="57.542662" lon="12.423312"><ele>18.0</ele></rtept><rtept lat="57.542662" lon="12.423345"><ele>17.8</ele></rtept><rtept lat="57.542662" lon="12.42339"><ele>18.0</ele></rtept><rtept lat="57.542662" lon="12.423423"><ele>18.0</ele></rtept><rtept lat="57.542648" lon="12.42345"><ele>18.0</ele></rtept><rtept lat="57.542617" lon="12.423488"><ele>17.8</ele></rtept><rtept lat="57.542592" lon="12.423523"><ele>18.0</ele></rtept><rtept lat="57.542572" lon="12.423545"><ele>18.0</ele></rtept><rtept lat="57.542547" lon="12.423583"><ele>18.0</ele></rtept><rtept lat="57.542527" lon="12.423607"><ele>18.2</ele></rtept><rtept lat="57.542502" lon="12.423638"><ele>17.8</ele></rtept><rtept lat="57.54247" lon="12.423672"><ele>17.8</ele></rtept><rtept lat="57.542443" lon="12.423713"><ele>17.8</ele></rtept><rtept lat="57.542425" lon="12.423738"><ele>18.0</ele></rtept><rtept lat="57.542405" lon="12.42378"><ele>17.8</ele></rtept><rtept lat="57.542387" lon="12.423792"><ele>18.0</ele></rtept><rtept lat="57.542355" lon="12.423812"><ele>17.8</ele></rtept><rtept lat="57.542328" lon="12.423845"><ele>18.0</ele></rtept><rtept lat="57.54231" lon="12.423858"><ele>17.8</ele></rtept><rtept lat="57.54229" lon="12.42386"><ele>17.8</ele></rtept><rtept lat="57.542265" lon="12.423895"><ele>17.8</ele></rtept><rtept lat="57.542245" lon="12.423905"><ele>17.8</ele></rtept><rtept lat="57.542213" lon="12.42393"><ele>18.0</ele></rtept><rtept lat="57.542195" lon="12.423945"><ele>17.8</ele></rtept><rtept lat="57.542168" lon="12.423965"><ele>17.8</ele></rtept><rtept lat="57.542143" lon="12.423992"><ele>17.4</ele></rtept><rtept lat="57.542112" lon="12.424032"><ele>17.6</ele></rtept><rtept lat="57.542092" lon="12.424063"><ele>17.4</ele></rtept><rtept lat="57.542073" lon="12.424105"><ele>17.4</ele></rtept><rtept lat="57.542053" lon="12.424115"><ele>17.4</ele></rtept><rtept lat="57.542015" lon="12.424123"><ele>17.4</ele></rtept><rtept lat="57.541997" lon="12.424123"><ele>17.4</ele></rtept><rtept lat="57.541977" lon="12.424125"><ele>17.2</ele></rtept><rtept lat="57.541945" lon="12.42414"><ele>17.6</ele></rtept><rtept lat="57.541925" lon="12.424137"><ele>17.4</ele></rtept><rtept lat="57.541907" lon="12.42413"><ele>17.8</ele></rtept><rtept lat="57.541868" lon="12.42413"><ele>17.6</ele></rtept><rtept lat="57.541837" lon="12.424138"><ele>17.4</ele></rtept><rtept lat="57.54181" lon="12.42413"><ele>17.4</ele></rtept><rtept lat="57.541792" lon="12.424133"><ele>17.2</ele></rtept><rtept lat="57.541765" lon="12.424137"><ele>17.4</ele></rtept><rtept lat="57.54174" lon="12.424133"><ele>17.2</ele></rtept><rtept lat="57.541702" lon="12.424143"><ele>17.2</ele></rtept><rtept lat="57.541682" lon="12.42414"><ele>17.2</ele></rtept><rtept lat="57.541657" lon="12.424137"><ele>17.0</ele></rtept><rtept lat="57.541625" lon="12.42412"><ele>17.4</ele></rtept><rtept lat="57.541605" lon="12.424115"><ele>17.2</ele></rtept><rtept lat="57.541587" lon="12.42411"><ele>17.2</ele></rtept><rtept lat="57.541567" lon="12.424105"><ele>17.4</ele></rtept><rtept lat="57.541548" lon="12.4241"><ele>17.2</ele></rtept><rtept lat="57.541528" lon="12.4241"><ele>17.0</ele></rtept><rtept lat="57.541497" lon="12.42411"><ele>17.2</ele></rtept><rtept lat="57.541472" lon="12.424108"><ele>17.0</ele></rtept><rtept lat="57.541452" lon="12.424095"><ele>17.2</ele></rtept><rtept lat="57.541433" lon="12.424083"><ele>17.2</ele></rtept><rtept lat="57.541413" lon="12.42408"><ele>17.0</ele></rtept><rtept lat="57.541395" lon="12.42408"><ele>17.2</ele></rtept><rtept lat="57.541375" lon="12.424088"><ele>17.4</ele></rtept><rtept lat="57.541357" lon="12.424095"><ele>17.2</ele></rtept><rtept lat="57.541337" lon="12.424103"><ele>17.4</ele></rtept><rtept lat="57.541318" lon="12.424105"><ele>17.6</ele></rtept><rtept lat="57.541298" lon="12.424115"><ele>17.2</ele></rtept><rtept lat="57.54128" lon="12.424128"><ele>17.4</ele></rtept><rtept lat="57.541253" lon="12.424135"><ele>17.4</ele></rtept><rtept lat="57.541235" lon="12.424123"><ele>17.2</ele></rtept><rtept lat="57.541215" lon="12.424128"><ele>17.0</ele></rtept><rtept lat="57.54119" lon="12.42413"><ele>17.2</ele></rtept><rtept lat="57.54117" lon="12.424137"><ele>17.0</ele></rtept><rtept lat="57.541132" lon="12.424155"><ele>17.2</ele></rtept><rtept lat="57.541113" lon="12.424155"><ele>17.0</ele></rtept><rtept lat="57.541093" lon="12.424158"><ele>16.8</ele></rtept><rtept lat="57.541075" lon="12.424163"><ele>17.2</ele></rtept><rtept lat="57.541055" lon="12.424168"><ele>17.0</ele></rtept><rtept lat="57.541037" lon="12.424175"><ele>16.8</ele></rtept><rtept lat="57.54101" lon="12.42417"><ele>17.0</ele></rtept><rtept lat="57.540992" lon="12.424168"><ele>17.0</ele></rtept><rtept lat="57.540972" lon="12.424165"><ele>16.8</ele></rtept><rtept lat="57.540953" lon="12.42417"><ele>17.0</ele></rtept><rtept lat="57.540933" lon="12.424168"><ele>17.0</ele></rtept><rtept lat="57.540908" lon="12.424175"><ele>16.8</ele></rtept><rtept lat="57.540888" lon="12.42418"><ele>16.8</ele></rtept><rtept lat="57.54085" lon="12.424183"><ele>16.8</ele></rtept><rtept lat="57.540832" lon="12.424195"><ele>16.6</ele></rtept><rtept lat="57.540812" lon="12.424195"><ele>16.6</ele></rtept><rtept lat="57.540787" lon="12.424185"><ele>16.6</ele></rtept><rtept lat="57.540767" lon="12.424175"><ele>16.6</ele></rtept><rtept lat="57.540742" lon="12.42419"><ele>16.8</ele></rtept><rtept lat="57.540717" lon="12.424228"><ele>16.2</ele></rtept><rtept lat="57.540697" lon="12.42427"><ele>16.4</ele></rtept><rtept lat="57.540683" lon="12.424295"><ele>16.4</ele></rtept><rtept lat="57.540672" lon="12.424322"><ele>16.4</ele></rtept><rtept lat="57.540645" lon="12.424367"><ele>16.4</ele></rtept><rtept lat="57.54064" lon="12.424403"><ele>16.0</ele></rtept><rtept lat="57.54064" lon="12.42444"><ele>16.0</ele></rtept><rtept lat="57.540627" lon="12.424468"><ele>16.0</ele></rtept><rtept lat="57.54062" lon="12.4245"><ele>16.0</ele></rtept><rtept lat="57.540613" lon="12.42454"><ele>15.8</ele></rtept><rtept lat="57.540613" lon="12.424578"><ele>15.8</ele></rtept><rtept lat="57.540595" lon="12.424637"><ele>15.6</ele></rtept><rtept lat="57.540582" lon="12.424697"><ele>15.4</ele></rtept><rtept lat="57.540568" lon="12.424748"><ele>15.2</ele></rtept><rtept lat="57.540575" lon="12.4248"><ele>15.6</ele></rtept><rtept lat="57.540575" lon="12.42484"><ele>15.2</ele></rtept><rtept lat="57.540575" lon="12.424875"><ele>15.2</ele></rtept><rtept lat="57.540575" lon="12.424915"><ele>15.4</ele></rtept><rtept lat="57.540575" lon="12.424955"><ele>15.0</ele></rtept><rtept lat="57.540582" lon="12.424988"><ele>15.0</ele></rtept><rtept lat="57.540582" lon="12.425027"><ele>15.2</ele></rtept><rtept lat="57.540588" lon="12.425063"><ele>15.0</ele></rtept><rtept lat="57.540588" lon="12.4251"><ele>14.8</ele></rtept><rtept lat="57.540588" lon="12.425137"><ele>15.2</ele></rtept><rtept lat="57.540588" lon="12.425198"><ele>15.0</ele></rtept><rtept lat="57.540595" lon="12.425237"><ele>15.2</ele></rtept><rtept lat="57.540595" lon="12.425275"><ele>15.4</ele></rtept><rtept lat="57.5406" lon="12.425312"><ele>15.2</ele></rtept><rtept lat="57.5406" lon="12.425352"><ele>15.4</ele></rtept><rtept lat="57.540607" lon="12.425397"><ele>15.4</ele></rtept><rtept lat="57.540613" lon="12.425437"><ele>15.0</ele></rtept><rtept lat="57.540613" lon="12.425473"><ele>15.0</ele></rtept><rtept lat="57.54062" lon="12.425515"><ele>15.4</ele></rtept><rtept lat="57.540627" lon="12.425555"><ele>15.2</ele></rtept><rtept lat="57.540627" lon="12.425588"><ele>15.2</ele></rtept><rtept lat="57.540627" lon="12.425623"><ele>15.4</ele></rtept><rtept lat="57.540627" lon="12.425658"><ele>15.4</ele></rtept><rtept lat="57.540633" lon="12.425693"><ele>15.2</ele></rtept><rtept lat="57.54064" lon="12.425732"><ele>15.4</ele></rtept><rtept lat="57.54064" lon="12.425777"><ele>15.6</ele></rtept><rtept lat="57.54064" lon="12.425818"><ele>15.4</ele></rtept><rtept lat="57.540633" lon="12.425858"><ele>15.6</ele></rtept><rtept lat="57.540627" lon="12.425898"><ele>15.6</ele></rtept><rtept lat="57.540607" lon="12.42595"><ele>15.4</ele></rtept><rtept lat="57.5406" lon="12.425982"><ele>15.6</ele></rtept><rtept lat="57.540582" lon="12.426052"><ele>15.2</ele></rtept><rtept lat="57.540562" lon="12.4261"><ele>15.4</ele></rtept><rtept lat="57.540557" lon="12.426135"><ele>15.4</ele></rtept><rtept lat="57.540543" lon="12.426165"><ele>15.4</ele></rtept><rtept lat="57.540537" lon="12.426205"><ele>15.4</ele></rtept><rtept lat="57.540537" lon="12.42624"><ele>15.4</ele></rtept><rtept lat="57.54053" lon="12.426275"><ele>15.4</ele></rtept><rtept lat="57.540512" lon="12.426323"><ele>15.2</ele></rtept><rtept lat="57.540505" lon="12.42636"><ele>15.4</ele></rtept><rtept lat="57.540498" lon="12.426393"><ele>15.6</ele></rtept><rtept lat="57.54048" lon="12.426412"><ele>15.4</ele></rtept><rtept lat="57.54046" lon="12.426458"><ele>15.4</ele></rtept><rtept lat="57.540453" lon="12.426493"><ele>15.4</ele></rtept><rtept lat="57.54044" lon="12.426527"><ele>15.2</ele></rtept><rtept lat="57.540428" lon="12.426562"><ele>15.0</ele></rtept><rtept lat="57.540415" lon="12.426632"><ele>15.0</ele></rtept><rtept lat="57.540402" lon="12.426667"><ele>14.8</ele></rtept><rtept lat="57.540397" lon="12.4267"><ele>15.0</ele></rtept><rtept lat="57.540383" lon="12.426727"><ele>15.0</ele></rtept><rtept lat="57.54037" lon="12.426782"><ele>15.0</ele></rtept><rtept lat="57.540363" lon="12.426817"><ele>15.0</ele></rtept><rtept lat="57.540358" lon="12.426855"><ele>15.0</ele></rtept><rtept lat="57.540338" lon="12.42691"><ele>14.8</ele></rtept><rtept lat="57.540325" lon="12.426968"><ele>14.8</ele></rtept><rtept lat="57.54032" lon="12.427"><ele>14.6</ele></rtept><rtept lat="57.540307" lon="12.427028"><ele>14.6</ele></rtept><rtept lat="57.5403" lon="12.427082"><ele>14.4</ele></rtept><rtept lat="57.540287" lon="12.427108"><ele>14.4</ele></rtept><rtept lat="57.54028" lon="12.427168"><ele>14.2</ele></rtept><rtept lat="57.540262" lon="12.427228"><ele>14.4</ele></rtept><rtept lat="57.540248" lon="12.427258"><ele>14.4</ele></rtept><rtept lat="57.54023" lon="12.427312"><ele>14.4</ele></rtept><rtept lat="57.54021" lon="12.427345"><ele>14.4</ele></rtept><rtept lat="57.540198" lon="12.42739"><ele>14.2</ele></rtept><rtept lat="57.540192" lon="12.427425"><ele>14.2</ele></rtept><rtept lat="57.540178" lon="12.42746"><ele>14.4</ele></rtept><rtept lat="57.54016" lon="12.427515"><ele>14.2</ele></rtept><rtept lat="57.540153" lon="12.42755"><ele>14.4</ele></rtept><rtept lat="57.54014" lon="12.4276"><ele>14.4</ele></rtept><rtept lat="57.540127" lon="12.427658"><ele>14.4</ele></rtept><rtept lat="57.54012" lon="12.42771"><ele>14.4</ele></rtept><rtept lat="57.540102" lon="12.427748"><ele>14.4</ele></rtept><rtept lat="57.540077" lon="12.427795"><ele>13.8</ele></rtept><rtept lat="57.540057" lon="12.42784"><ele>13.8</ele></rtept><rtept lat="57.540043" lon="12.427867"><ele>13.8</ele></rtept><rtept lat="57.540038" lon="12.427913"><ele>14.0</ele></rtept><rtept lat="57.540038" lon="12.427947"><ele>14.0</ele></rtept><rtept lat="57.540018" lon="12.427993"><ele>14.2</ele></rtept><rtept lat="57.540005" lon="12.428022"><ele>14.2</ele></rtept><rtept lat="57.539987" lon="12.428072"><ele>14.2</ele></rtept><rtept lat="57.53998" lon="12.428107"><ele>14.4</ele></rtept><rtept lat="57.539967" lon="12.428135"><ele>14.4</ele></rtept><rtept lat="57.539942" lon="12.428162"><ele>14.4</ele></rtept><rtept lat="57.539928" lon="12.428212"><ele>14.6</ele></rtept><rtept lat="57.539928" lon="12.428252"><ele>14.8</ele></rtept><rtept lat="57.539922" lon="12.428283"><ele>15.4</ele></rtept><rtept lat="57.53989" lon="12.428328"><ele>15.8</ele></rtept><rtept lat="57.539865" lon="12.428363"><ele>15.4</ele></rtept><rtept lat="57.53984" lon="12.428395"><ele>16.0</ele></rtept><rtept lat="57.53982" lon="12.428408"><ele>15.8</ele></rtept><rtept lat="57.539782" lon="12.42845"><ele>16.0</ele></rtept><rtept lat="57.539762" lon="12.428463"><ele>15.8</ele></rtept><rtept lat="57.539743" lon="12.42848"><ele>15.8</ele></rtept><rtept lat="57.539723" lon="12.428503"><ele>15.8</ele></rtept><rtept lat="57.539705" lon="12.42854"><ele>15.6</ele></rtept><rtept lat="57.539685" lon="12.428568"><ele>15.6</ele></rtept><rtept lat="57.539667" lon="12.428593"><ele>15.8</ele></rtept><rtept lat="57.53964" lon="12.428613"><ele>15.4</ele></rtept><rtept lat="57.539622" lon="12.428623"><ele>15.4</ele></rtept><rtept lat="57.539602" lon="12.428643"><ele>15.4</ele></rtept><rtept lat="57.539577" lon="12.428667"><ele>15.4</ele></rtept><rtept lat="57.539558" lon="12.428692"><ele>15.2</ele></rtept><rtept lat="57.539532" lon="12.428718"><ele>15.2</ele></rtept><rtept lat="57.5395" lon="12.428762"><ele>15.0</ele></rtept><rtept lat="57.539475" lon="12.428778"><ele>15.2</ele></rtept><rtept lat="57.539455" lon="12.428785"><ele>15.2</ele></rtept><rtept lat="57.53943" lon="12.4288"><ele>14.8</ele></rtept><rtept lat="57.53941" lon="12.428787"><ele>14.8</ele></rtept><rtept lat="57.539385" lon="12.428785"><ele>15.0</ele></rtept><rtept lat="57.53936" lon="12.428792"><ele>14.8</ele></rtept><rtept lat="57.53934" lon="12.428782"><ele>14.6</ele></rtept><rtept lat="57.53932" lon="12.428765"><ele>14.8</ele></rtept><rtept lat="57.539302" lon="12.428742"><ele>14.6</ele></rtept><rtept lat="57.539308" lon="12.42868"><ele>14.6</ele></rtept><rtept lat="57.539308" lon="12.428638"><ele>14.4</ele></rtept><rtept lat="57.539308" lon="12.428588"><ele>14.4</ele></rtept><rtept lat="57.539308" lon="12.428547"><ele>14.2</ele></rtept><rtept lat="57.539288" lon="12.428522"><ele>14.2</ele></rtept><rtept lat="57.539277" lon="12.428473"><ele>14.0</ele></rtept><rtept lat="57.539257" lon="12.428438"><ele>14.0</ele></rtept><rtept lat="57.539243" lon="12.428388"><ele>13.6</ele></rtept><rtept lat="57.539225" lon="12.428368"><ele>13.6</ele></rtept><rtept lat="57.539243" lon="12.428358"><ele>13.2</ele></rtept><rtept lat="57.539263" lon="12.428353"><ele>13.0</ele></rtept><rtept lat="57.539263" lon="12.428315"><ele>12.8</ele></rtept><rtept lat="57.539263" lon="12.42827"><ele>12.6</ele></rtept><rtept lat="57.539243" lon="12.428223"><ele>12.2</ele></rtept><rtept lat="57.539218" lon="12.428185"><ele>12.4</ele></rtept><rtept lat="57.5392" lon="12.428157"><ele>12.4</ele></rtept><rtept lat="57.539187" lon="12.428125"><ele>12.2</ele></rtept><rtept lat="57.53916" lon="12.428092"><ele>12.4</ele></rtept><rtept lat="57.539135" lon="12.428067"><ele>12.0</ele></rtept><rtept lat="57.539117" lon="12.428062"><ele>12.0</ele></rtept><rtept lat="57.539097" lon="12.42806"><ele>12.0</ele></rtept><rtept lat="57.539078" lon="12.428052"><ele>12.2</ele></rtept><rtept lat="57.539058" lon="12.428032"><ele>11.8</ele></rtept><rtept lat="57.53904" lon="12.428058"><ele>12.0</ele></rtept><rtept lat="57.539013" lon="12.428057"><ele>12.4</ele></rtept><rtept lat="57.538975" lon="12.428032"><ele>12.4</ele></rtept><rtept lat="57.53895" lon="12.428007"><ele>12.4</ele></rtept><rtept lat="57.538923" lon="12.427973"><ele>12.8</ele></rtept><rtept lat="57.538905" lon="12.427947"><ele>12.8</ele></rtept><rtept lat="57.538885" lon="12.42792"><ele>13.0</ele></rtept><rtept lat="57.538873" lon="12.427893"><ele>13.4</ele></rtept><rtept lat="57.538847" lon="12.427858"><ele>13.6</ele></rtept><rtept lat="57.538828" lon="12.427838"><ele>13.4</ele></rtept><rtept lat="57.538808" lon="12.427808"><ele>13.4</ele></rtept><rtept lat="57.538758" lon="12.427795"><ele>13.0</ele></rtept><rtept lat="57.538725" lon="12.427778"><ele>13.2</ele></rtept><rtept lat="57.538687" lon="12.427762"><ele>13.2</ele></rtept><rtept lat="57.538655" lon="12.427753"><ele>13.0</ele></rtept><rtept lat="57.53863" lon="12.427745"><ele>13.0</ele></rtept><rtept lat="57.538598" lon="12.427738"><ele>13.0</ele></rtept><rtept lat="57.53856" lon="12.42772"><ele>13.0</ele></rtept><rtept lat="57.53852" lon="12.4277"><ele>12.6</ele></rtept><rtept lat="57.538488" lon="12.427685"><ele>12.8</ele></rtept><rtept lat="57.53847" lon="12.42766"><ele>12.6</ele></rtept><rtept lat="57.53845" lon="12.427653"><ele>12.8</ele></rtept><rtept lat="57.538432" lon="12.427637"><ele>12.8</ele></rtept><rtept lat="57.538405" lon="12.427648"><ele>12.8</ele></rtept><rtept lat="57.538373" lon="12.427637"><ele>13.0</ele></rtept><rtept lat="57.538348" lon="12.42763"><ele>13.2</ele></rtept><rtept lat="57.538303" lon="12.42762"><ele>13.0</ele></rtept><rtept lat="57.538258" lon="12.427618"><ele>13.2</ele></rtept><rtept lat="57.53822" lon="12.427613"><ele>13.4</ele></rtept><rtept lat="57.538195" lon="12.427613"><ele>13.2</ele></rtept><rtept lat="57.538162" lon="12.427613"><ele>13.4</ele></rtept><rtept lat="57.538123" lon="12.42761"><ele>13.4</ele></rtept><rtept lat="57.538098" lon="12.427613"><ele>13.4</ele></rtept><rtept lat="57.538067" lon="12.427603"><ele>13.4</ele></rtept><rtept lat="57.53804" lon="12.427597"><ele>13.4</ele></rtept><rtept lat="57.538022" lon="12.42759"><ele>13.2</ele></rtept><rtept lat="57.537997" lon="12.427585"><ele>13.4</ele></rtept><rtept lat="57.53797" lon="12.427597"><ele>13.0</ele></rtept><rtept lat="57.537938" lon="12.427603"><ele>13.0</ele></rtept><rtept lat="57.53792" lon="12.427618"><ele>12.8</ele></rtept><rtept lat="57.537893" lon="12.42764"><ele>13.0</ele></rtept><rtept lat="57.537862" lon="12.427653"><ele>13.0</ele></rtept><rtept lat="57.537837" lon="12.427658"><ele>12.8</ele></rtept><rtept lat="57.537798" lon="12.427673"><ele>13.0</ele></rtept><rtept lat="57.537765" lon="12.4277"><ele>13.0</ele></rtept><rtept lat="57.537733" lon="12.42774"><ele>12.8</ele></rtept><rtept lat="57.537702" lon="12.42778"><ele>13.0</ele></rtept><rtept lat="57.53767" lon="12.427822"><ele>13.2</ele></rtept><rtept lat="57.537657" lon="12.427857"><ele>12.8</ele></rtept><rtept lat="57.537643" lon="12.427887"><ele>13.0</ele></rtept><rtept lat="57.537638" lon="12.42792"><ele>13.0</ele></rtept><rtept lat="57.537618" lon="12.427938"><ele>12.8</ele></rtept><rtept lat="57.537598" lon="12.427952"><ele>12.6</ele></rtept><rtept lat="57.53758" lon="12.427963"><ele>12.8</ele></rtept><rtept lat="57.53756" lon="12.42798"><ele>12.6</ele></rtept><rtept lat="57.537535" lon="12.42802"><ele>12.8</ele></rtept><rtept lat="57.53751" lon="12.428047"><ele>13.0</ele></rtept><rtept lat="57.537483" lon="12.428078"><ele>12.6</ele></rtept><rtept lat="57.537458" lon="12.428118"><ele>12.8</ele></rtept><rtept lat="57.53742" lon="12.428165"><ele>12.8</ele></rtept><rtept lat="57.537388" lon="12.428237"><ele>12.6</ele></rtept><rtept lat="57.537362" lon="12.42833"><ele>12.8</ele></rtept><rtept lat="57.537337" lon="12.428408"><ele>12.8</ele></rtept><rtept lat="57.537318" lon="12.428482"><ele>12.6</ele></rtept><rtept lat="57.537305" lon="12.42856"><ele>12.8</ele></rtept><rtept lat="57.537285" lon="12.428628"><ele>12.8</ele></rtept><rtept lat="57.537253" lon="12.428683"><ele>12.4</ele></rtept><rtept lat="57.537222" lon="12.428732"><ele>12.4</ele></rtept><rtept lat="57.537202" lon="12.428785"><ele>12.6</ele></rtept><rtept lat="57.537183" lon="12.42884"><ele>12.4</ele></rtept><rtept lat="57.537163" lon="12.4289"><ele>12.4</ele></rtept><rtept lat="57.537152" lon="12.428965"><ele>12.6</ele></rtept><rtept lat="57.537152" lon="12.429043"><ele>12.4</ele></rtept><rtept lat="57.537145" lon="12.429102"><ele>12.4</ele></rtept><rtept lat="57.537152" lon="12.42915"><ele>12.6</ele></rtept><rtept lat="57.53717" lon="12.429148"><ele>12.6</ele></rtept><rtept lat="57.537202" lon="12.429195"><ele>12.6</ele></rtept><rtept lat="57.537202" lon="12.429242"><ele>12.8</ele></rtept><rtept lat="57.53719" lon="12.429308"><ele>12.6</ele></rtept><rtept lat="57.53719" lon="12.429387"><ele>12.8</ele></rtept><rtept lat="57.53717" lon="12.429457"><ele>12.8</ele></rtept><rtept lat="57.53717" lon="12.4295"><ele>12.6</ele></rtept><rtept lat="57.537152" lon="12.42955"><ele>12.6</ele></rtept><rtept lat="57.537132" lon="12.429607"><ele>12.6</ele></rtept><rtept lat="57.537152" lon="12.42963"><ele>13.0</ele></rtept><rtept lat="57.53717" lon="12.429605"><ele>12.6</ele></rtept><rtept lat="57.537145" lon="12.42962"><ele>12.8</ele></rtept><rtept lat="57.537113" lon="12.42966"><ele>13.0</ele></rtept><rtept lat="57.537093" lon="12.42971"><ele>12.8</ele></rtept><rtept lat="57.53708" lon="12.429755"><ele>12.8</ele></rtept><rtept lat="57.537075" lon="12.429798"><ele>13.0</ele></rtept><rtept lat="57.537068" lon="12.429842"><ele>12.8</ele></rtept><rtept lat="57.537062" lon="12.429908"><ele>12.8</ele></rtept><rtept lat="57.537048" lon="12.429962"><ele>12.8</ele></rtept><rtept lat="57.53703" lon="12.430007"><ele>12.6</ele></rtept><rtept lat="57.537003" lon="12.430052"><ele>12.8</ele></rtept><rtept lat="57.536978" lon="12.430093"><ele>12.8</ele></rtept><rtept lat="57.536947" lon="12.430118"><ele>12.8</ele></rtept><rtept lat="57.536915" lon="12.430133"><ele>13.0</ele></rtept><rtept lat="57.536882" lon="12.430152"><ele>12.8</ele></rtept><rtept lat="57.536843" lon="12.430152"><ele>12.6</ele></rtept><rtept lat="57.536812" lon="12.430152"><ele>13.0</ele></rtept><rtept lat="57.536787" lon="12.430172"><ele>13.0</ele></rtept><rtept lat="57.536767" lon="12.4302"><ele>12.6</ele></rtept><rtept lat="57.536742" lon="12.430205"><ele>12.8</ele></rtept><rtept lat="57.536703" lon="12.430187"><ele>13.0</ele></rtept><rtept lat="57.536672" lon="12.430178"><ele>12.8</ele></rtept><rtept lat="57.536627" lon="12.430158"><ele>13.0</ele></rtept><rtept lat="57.536595" lon="12.430133"><ele>13.0</ele></rtept><rtept lat="57.536588" lon="12.43008"><ele>12.6</ele></rtept><rtept lat="57.536575" lon="12.430048"><ele>13.0</ele></rtept><rtept lat="57.536485" lon="12.429993"><ele>12.8</ele></rtept><rtept lat="57.536473" lon="12.429967"><ele>12.8</ele></rtept><rtept lat="57.536492" lon="12.429943"><ele>12.8</ele></rtept><rtept lat="57.536485" lon="12.429888"><ele>12.6</ele></rtept><rtept lat="57.53646" lon="12.429848"><ele>12.8</ele></rtept><rtept lat="57.536453" lon="12.429808"><ele>12.8</ele></rtept><rtept lat="57.536453" lon="12.429763"><ele>12.6</ele></rtept><rtept lat="57.536428" lon="12.429703"><ele>12.8</ele></rtept><rtept lat="57.536447" lon="12.42965"><ele>12.8</ele></rtept><rtept lat="57.536467" lon="12.429597"><ele>12.6</ele></rtept><rtept lat="57.536473" lon="12.42953"><ele>12.8</ele></rtept><rtept lat="57.536467" lon="12.429465"><ele>12.8</ele></rtept><rtept lat="57.536467" lon="12.429407"><ele>12.6</ele></rtept><rtept lat="57.536467" lon="12.429368"><ele>12.8</ele></rtept><rtept lat="57.53648" lon="12.42932"><ele>12.8</ele></rtept><rtept lat="57.536505" lon="12.429268"><ele>12.6</ele></rtept><rtept lat="57.536518" lon="12.429232"><ele>13.0</ele></rtept><rtept lat="57.536512" lon="12.429193"><ele>13.0</ele></rtept><rtept lat="57.536512" lon="12.42915"><ele>12.8</ele></rtept><rtept lat="57.536512" lon="12.4291"><ele>12.8</ele></rtept><rtept lat="57.536505" lon="12.42906"><ele>12.8</ele></rtept><rtept lat="57.536492" lon="12.428997"><ele>12.6</ele></rtept><rtept lat="57.536492" lon="12.428957"><ele>12.8</ele></rtept><rtept lat="57.536505" lon="12.42891"><ele>13.0</ele></rtept><rtept lat="57.536523" lon="12.42888"><ele>12.6</ele></rtept><rtept lat="57.536543" lon="12.428815"><ele>13.0</ele></rtept><rtept lat="57.53655" lon="12.428772"><ele>12.8</ele></rtept><rtept lat="57.536557" lon="12.428732"><ele>12.8</ele></rtept><rtept lat="57.536562" lon="12.428698"><ele>13.0</ele></rtept><rtept lat="57.536575" lon="12.428658"><ele>12.8</ele></rtept><rtept lat="57.536588" lon="12.428622"><ele>12.8</ele></rtept><rtept lat="57.536607" lon="12.428563"><ele>12.6</ele></rtept><rtept lat="57.536627" lon="12.4285"><ele>12.8</ele></rtept><rtept lat="57.536633" lon="12.428442"><ele>12.8</ele></rtept><rtept lat="57.536645" lon="12.428382"><ele>12.8</ele></rtept><rtept lat="57.536658" lon="12.428355"><ele>12.6</ele></rtept><rtept lat="57.536672" lon="12.428328"><ele>12.8</ele></rtept><rtept lat="57.536683" lon="12.42829"><ele>12.8</ele></rtept><rtept lat="57.536697" lon="12.428255"><ele>12.6</ele></rtept><rtept lat="57.536722" lon="12.428205"><ele>12.8</ele></rtept><rtept lat="57.536722" lon="12.428165"><ele>12.8</ele></rtept><rtept lat="57.536728" lon="12.42812"><ele>13.0</ele></rtept><rtept lat="57.536728" lon="12.428078"><ele>12.8</ele></rtept><rtept lat="57.536735" lon="12.428033"><ele>12.8</ele></rtept><rtept lat="57.536748" lon="12.427993"><ele>12.8</ele></rtept><rtept lat="57.53676" lon="12.427958"><ele>12.6</ele></rtept><rtept lat="57.536767" lon="12.42792"><ele>12.4</ele></rtept><rtept lat="57.536773" lon="12.42788"><ele>12.6</ele></rtept><rtept lat="57.53678" lon="12.42784"><ele>12.4</ele></rtept><rtept lat="57.536787" lon="12.427802"><ele>12.4</ele></rtept><rtept lat="57.5368" lon="12.42776"><ele>12.6</ele></rtept><rtept lat="57.536812" lon="12.427722"><ele>12.4</ele></rtept><rtept lat="57.536825" lon="12.427688"><ele>12.4</ele></rtept><rtept lat="57.536843" lon="12.427658"><ele>12.6</ele></rtept><rtept lat="57.536863" lon="12.42763"><ele>12.4</ele></rtept><rtept lat="57.536882" lon="12.4276"><ele>12.4</ele></rtept><rtept lat="57.536902" lon="12.42757"><ele>12.8</ele></rtept><rtept lat="57.53692" lon="12.42756"><ele>12.6</ele></rtept><rtept lat="57.53694" lon="12.427555"><ele>12.6</ele></rtept><rtept lat="57.53696" lon="12.427552"><ele>12.8</ele></rtept><rtept lat="57.536985" lon="12.427555"><ele>12.6</ele></rtept><rtept lat="57.53701" lon="12.42756"><ele>12.8</ele></rtept><rtept lat="57.537042" lon="12.427577"><ele>12.8</ele></rtept><rtept lat="57.537062" lon="12.427588"><ele>13.0</ele></rtept><rtept lat="57.53708" lon="12.427597"><ele>13.0</ele></rtept><rtept lat="57.537107" lon="12.42762"><ele>12.8</ele></rtept><rtept lat="57.537132" lon="12.427637"><ele>12.8</ele></rtept><rtept lat="57.537152" lon="12.427648"><ele>13.6</ele></rtept><rtept lat="57.537158" lon="12.427615"><ele>13.0</ele></rtept></rte></gpx>