<?xml version="1.0" encoding="UTF-8" standalone="no"?><gpx xmlns="http://www.topografix.com/GPX/1/1" xmlns:gpxtpx="http://www.garmin.com/xmlschemas/TrackPointExtension/v1" xmlns:xsi="http://www.w3.org/2001/XMLSchema-instance" creator="Suunto app" version="1.1" xsi:schemaLocation="http://www.topografix.com/GPX/1/1 http://www.topografix.com/GPX/1/1/gpx.xsd http://www.garmin.com/xmlschemas/TrackPointExtension/v1 http://www.garmin.com/xmlschemas/TrackPointExtensionv1.xsd"><metadata><name>suuntoapp-Running-2025-11-08T09-00-05Z</name><desc>Sätila trail maraton 2025</desc><author><name>Stefan Bengtsson</name></author></metadata><rte><name>suuntoapp-Running-2025-11-08T09-00-05Z</name><rtept lat="57.53607" lon="12.429433"><ele>12.4</ele></rtept><rtept lat="57.53607" lon="12.429433"><ele>12.4</ele></rtept><rtept lat="57.53607" lon="12.429397"><ele>12.4</ele></rtept><rtept lat="57.53607" lon="12.429347"><ele>12.4</ele></rtept><rtept lat="57.536077" lon="12.429298"><ele>12.4</ele></rtept><rtept lat="57.536077" lon="12.429253"><ele>12.4</ele></rtept><rtept lat="57.536088" lon="12.429202"><ele>12.4</ele></rtept><rtept lat="57.536095" lon="12.429143"><ele>12.4</ele></rtept><rtept lat="57.536108" lon="12.429088"><ele>12.4</ele></rtept><rtept lat="57.536115" lon="12.429035"><ele>12.0</ele></rtept><rtept lat="57.53612" lon="12.428985"><ele>11.8</ele></rtept><rtept lat="57.536127" lon="12.428937"><ele>12.2</ele></rtept><rtept lat="57.536127" lon="12.42888"><ele>12.0</ele></rtept><rtept lat="57.536133" lon="12.428812"><ele>11.8</ele></rtept><rtept lat="57.536133" lon="12.428738"><ele>12.0</ele></rtept><rtept lat="57.536133" lon="12.428683"><ele>11.8</ele></rtept><rtept lat="57.536133" lon="12.428637"><ele>12.2</ele></rtept><rtept lat="57.536133" lon="12.428577"><ele>12.2</ele></rtept><rtept lat="57.536133" lon="12.42852"><ele>12.0</ele></rtept><rtept lat="57.536133" lon="12.42847"><ele>12.4</ele></rtept><rtept lat="57.536147" lon="12.42842"><ele>12.6</ele></rtept><rtept lat="57.536153" lon="12.428365"><ele>12.4</ele></rtept><rtept lat="57.536153" lon="12.42831"><ele>12.4</ele></rtept><rtept lat="57.536165" lon="12.428263"><ele>12.4</ele></rtept><rtept lat="57.536172" lon="12.428225"><ele>12.4</ele></rtept><rtept lat="57.536178" lon="12.428192"><ele>12.6</ele></rtept><rtept lat="57.536185" lon="12.428152"><ele>12.4</ele></rtept><rtept lat="57.536192" lon="12.42811"><ele>12.6</ele></rtept><rtept lat="57.536203" lon="12.428058"><ele>12.6</ele></rtept><rtept lat="57.53621" lon="12.428008"><ele>12.8</ele></rtept><rtept lat="57.536217" lon="12.42796"><ele>12.8</ele></rtept><rtept lat="57.536223" lon="12.427912"><ele>12.6</ele></rtept><rtept lat="57.53623" lon="12.42786"><ele>13.0</ele></rtept><rtept lat="57.536237" lon="12.427808"><ele>12.6</ele></rtept><rtept lat="57.536248" lon="12.427762"><ele>12.4</ele></rtept><rtept lat="57.536255" lon="12.42771"><ele>12.6</ele></rtept><rtept lat="57.536268" lon="12.427655"><ele>12.4</ele></rtept><rtept lat="57.53628" lon="12.427603"><ele>12.6</ele></rtept><rtept lat="57.536287" lon="12.427563"><ele>12.6</ele></rtept><rtept lat="57.536287" lon="12.42752"><ele>12.6</ele></rtept><rtept lat="57.536293" lon="12.427478"><ele>12.8</ele></rtept><rtept lat="57.536293" lon="12.427435"><ele>12.8</ele></rtept><rtept lat="57.536307" lon="12.427385"><ele>12.6</ele></rtept><rtept lat="57.536307" lon="12.427332"><ele>12.8</ele></rtept><rtept lat="57.536307" lon="12.427268"><ele>12.6</ele></rtept><rtept lat="57.536307" lon="12.427203"><ele>12.8</ele></rtept><rtept lat="57.536313" lon="12.42714"><ele>13.0</ele></rtept><rtept lat="57.536325" lon="12.427095"><ele>12.8</ele></rtept><rtept lat="57.536332" lon="12.427053"><ele>13.0</ele></rtept><rtept lat="57.536338" lon="12.427002"><ele>13.0</ele></rtept><rtept lat="57.536345" lon="12.42695"><ele>12.8</ele></rtept><rtept lat="57.536345" lon="12.426905"><ele>13.0</ele></rtept><rtept lat="57.536352" lon="12.426857"><ele>12.8</ele></rtept><rtept lat="57.536352" lon="12.426807"><ele>12.6</ele></rtept><rtept lat="57.536345" lon="12.426718"><ele>12.8</ele></rtept><rtept lat="57.536338" lon="12.426645"><ele>12.6</ele></rtept><rtept lat="57.536345" lon="12.426563"><ele>13.0</ele></rtept><rtept lat="57.536345" lon="12.426483"><ele>13.0</ele></rtept><rtept lat="57.536352" lon="12.426432"><ele>12.6</ele></rtept><rtept lat="57.536352" lon="12.426378"><ele>13.0</ele></rtept><rtept lat="57.536352" lon="12.426302"><ele>12.8</ele></rtept><rtept lat="57.536352" lon="12.426228"><ele>13.0</ele></rtept><rtept lat="57.536352" lon="12.42615"><ele>12.8</ele></rtept><rtept lat="57.536358" lon="12.426097"><ele>12.4</ele></rtept><rtept lat="57.536363" lon="12.426047"><ele>12.8</ele></rtept><rtept lat="57.53637" lon="12.425992"><ele>12.6</ele></rtept><rtept lat="57.536363" lon="12.42588"><ele>12.8</ele></rtept><rtept lat="57.536363" lon="12.425823"><ele>12.8</ele></rtept><rtept lat="57.536363" lon="12.425767"><ele>13.2</ele></rtept><rtept lat="57.536363" lon="12.425707"><ele>12.8</ele></rtept><rtept lat="57.536363" lon="12.425655"><ele>13.0</ele></rtept><rtept lat="57.536363" lon="12.425608"><ele>13.2</ele></rtept><rtept lat="57.536358" lon="12.42555"><ele>13.0</ele></rtept><rtept lat="57.536352" lon="12.425493"><ele>13.4</ele></rtept><rtept lat="57.536352" lon="12.425432"><ele>13.2</ele></rtept><rtept lat="57.536352" lon="12.425372"><ele>13.6</ele></rtept><rtept lat="57.536352" lon="12.42531"><ele>13.4</ele></rtept><rtept lat="57.536352" lon="12.425245"><ele>13.2</ele></rtept><rtept lat="57.536358" lon="12.425187"><ele>13.4</ele></rtept><rtept lat="57.536363" lon="12.425123"><ele>13.2</ele></rtept><rtept lat="57.53637" lon="12.425058"><ele>13.2</ele></rtept><rtept lat="57.536377" lon="12.424995"><ele>13.4</ele></rtept><rtept lat="57.536377" lon="12.424935"><ele>13.2</ele></rtept><rtept lat="57.536377" lon="12.42488"><ele>13.6</ele></rtept><rtept lat="57.53637" lon="12.424825"><ele>13.2</ele></rtept><rtept lat="57.536363" lon="12.424775"><ele>13.0</ele></rtept><rtept lat="57.536363" lon="12.42472"><ele>13.4</ele></rtept><rtept lat="57.53637" lon="12.424665"><ele>13.2</ele></rtept><rtept lat="57.53637" lon="12.424615"><ele>13.6</ele></rtept><rtept lat="57.536377" lon="12.424562"><ele>13.6</ele></rtept><rtept lat="57.536377" lon="12.424512"><ele>13.4</ele></rtept><rtept lat="57.536377" lon="12.42446"><ele>13.6</ele></rtept><rtept lat="57.536377" lon="12.424403"><ele>13.6</ele></rtept><rtept lat="57.536377" lon="12.424357"><ele>13.4</ele></rtept><rtept lat="57.53637" lon="12.42432"><ele>13.6</ele></rtept><rtept lat="57.536363" lon="12.424258"><ele>13.8</ele></rtept><rtept lat="57.536345" lon="12.424215"><ele>13.8</ele></rtept><rtept lat="57.536325" lon="12.424175"><ele>13.6</ele></rtept><rtept lat="57.536293" lon="12.42414"><ele>14.0</ele></rtept><rtept lat="57.53628" lon="12.42411"><ele>13.6</ele></rtept><rtept lat="57.536268" lon="12.424077"><ele>13.6</ele></rtept><rtept lat="57.536242" lon="12.424075"><ele>13.0</ele></rtept><rtept lat="57.536203" lon="12.424045"><ele>13.4</ele></rtept><rtept lat="57.536178" lon="12.42402"><ele>13.2</ele></rtept><rtept lat="57.536147" lon="12.423982"><ele>13.6</ele></rtept><rtept lat="57.536108" lon="12.423945"><ele>13.4</ele></rtept><rtept lat="57.536077" lon="12.423905"><ele>13.4</ele></rtept><rtept lat="57.536057" lon="12.423857"><ele>13.6</ele></rtept><rtept lat="57.536038" lon="12.42382"><ele>13.4</ele></rtept><rtept lat="57.536032" lon="12.423782"><ele>13.2</ele></rtept><rtept lat="57.536032" lon="12.423738"><ele>13.6</ele></rtept><rtept lat="57.536025" lon="12.423693"><ele>13.4</ele></rtept><rtept lat="57.536012" lon="12.423648"><ele>13.6</ele></rtept><rtept lat="57.536" lon="12.423608"><ele>13.8</ele></rtept><rtept lat="57.535993" lon="12.423567"><ele>13.8</ele></rtept><rtept lat="57.535993" lon="12.42352"><ele>14.0</ele></rtept><rtept lat="57.53598" lon="12.42348"><ele>13.8</ele></rtept><rtept lat="57.535987" lon="12.423428"><ele>13.6</ele></rtept><rtept lat="57.53598" lon="12.42338"><ele>14.0</ele></rtept><rtept lat="57.535973" lon="12.42332"><ele>14.0</ele></rtept><rtept lat="57.535967" lon="12.423262"><ele>13.6</ele></rtept><rtept lat="57.535955" lon="12.423202"><ele>14.2</ele></rtept><rtept lat="57.535955" lon="12.423155"><ele>14.0</ele></rtept><rtept lat="57.535935" lon="12.423112"><ele>13.6</ele></rtept><rtept lat="57.535922" lon="12.423068"><ele>14.0</ele></rtept><rtept lat="57.53591" lon="12.423033"><ele>14.0</ele></rtept><rtept lat="57.535897" lon="12.423"><ele>14.0</ele></rtept><rtept lat="57.53589" lon="12.422967"><ele>14.4</ele></rtept><rtept lat="57.535883" lon="12.422923"><ele>14.2</ele></rtept><rtept lat="57.535872" lon="12.422878"><ele>14.4</ele></rtept><rtept lat="57.535858" lon="12.422835"><ele>14.6</ele></rtept><rtept lat="57.53584" lon="12.422788"><ele>14.4</ele></rtept><rtept lat="57.53582" lon="12.42275"><ele>14.6</ele></rtept><rtept lat="57.535807" lon="12.422713"><ele>14.6</ele></rtept><rtept lat="57.5358" lon="12.422673"><ele>14.4</ele></rtept><rtept lat="57.535795" lon="12.422635"><ele>14.8</ele></rtept><rtept lat="57.535788" lon="12.422577"><ele>14.6</ele></rtept><rtept lat="57.535775" lon="12.422532"><ele>14.6</ele></rtept><rtept lat="57.535768" lon="12.422482"><ele>15.0</ele></rtept><rtept lat="57.535757" lon="12.422438"><ele>14.8</ele></rtept><rtept lat="57.53575" lon="12.422387"><ele>14.6</ele></rtept><rtept lat="57.53575" lon="12.42234"><ele>15.0</ele></rtept><rtept lat="57.535757" lon="12.422283"><ele>14.8</ele></rtept><rtept lat="57.53575" lon="12.422233"><ele>14.8</ele></rtept><rtept lat="57.53573" lon="12.422178"><ele>15.0</ele></rtept><rtept lat="57.535705" lon="12.42211"><ele>14.8</ele></rtept><rtept lat="57.535685" lon="12.42205"><ele>15.2</ele></rtept><rtept lat="57.535667" lon="12.421997"><ele>15.0</ele></rtept><rtept lat="57.535653" lon="12.42194"><ele>14.8</ele></rtept><rtept lat="57.535635" lon="12.421883"><ele>15.0</ele></rtept><rtept lat="57.535622" lon="12.42182"><ele>14.8</ele></rtept><rtept lat="57.535602" lon="12.421765"><ele>15.0</ele></rtept><rtept lat="57.535583" lon="12.421712"><ele>15.0</ele></rtept><rtept lat="57.53557" lon="12.421653"><ele>14.8</ele></rtept><rtept lat="57.53557" lon="12.421597"><ele>15.2</ele></rtept><rtept lat="57.535563" lon="12.421533"><ele>14.8</ele></rtept><rtept lat="57.535558" lon="12.421468"><ele>15.2</ele></rtept><rtept lat="57.535552" lon="12.42141"><ele>15.2</ele></rtept><rtept lat="57.535545" lon="12.421348"><ele>15.2</ele></rtept><rtept lat="57.535538" lon="12.421283"><ele>15.6</ele></rtept><rtept lat="57.535538" lon="12.421217"><ele>15.2</ele></rtept><rtept lat="57.535538" lon="12.42115"><ele>15.2</ele></rtept><rtept lat="57.535538" lon="12.421085"><ele>15.6</ele></rtept><rtept lat="57.535538" lon="12.421012"><ele>15.4</ele></rtept><rtept lat="57.535545" lon="12.420942"><ele>15.6</ele></rtept><rtept lat="57.535558" lon="12.420882"><ele>15.6</ele></rtept><rtept lat="57.535577" lon="12.420827"><ele>15.4</ele></rtept><rtept lat="57.535597" lon="12.420763"><ele>15.8</ele></rtept><rtept lat="57.535608" lon="12.420698"><ele>15.6</ele></rtept><rtept lat="57.535635" lon="12.420643"><ele>15.8</ele></rtept><rtept lat="57.53566" lon="12.420588"><ele>15.8</ele></rtept><rtept lat="57.53568" lon="12.420512"><ele>15.6</ele></rtept><rtept lat="57.535698" lon="12.420435"><ele>16.0</ele></rtept><rtept lat="57.535712" lon="12.420365"><ele>15.6</ele></rtept><rtept lat="57.53573" lon="12.4203"><ele>15.6</ele></rtept><rtept lat="57.535757" lon="12.420247"><ele>15.8</ele></rtept><rtept lat="57.535775" lon="12.420198"><ele>15.6</ele></rtept><rtept lat="57.5358" lon="12.42016"><ele>16.0</ele></rtept><rtept lat="57.53582" lon="12.420118"><ele>15.6</ele></rtept><rtept lat="57.535852" lon="12.420078"><ele>15.4</ele></rtept><rtept lat="57.535872" lon="12.420023"><ele>15.8</ele></rtept><rtept lat="57.535897" lon="12.419968"><ele>15.6</ele></rtept><rtept lat="57.535917" lon="12.419935"><ele>16.0</ele></rtept><rtept lat="57.535942" lon="12.419898"><ele>15.8</ele></rtept><rtept lat="57.535967" lon="12.419853"><ele>15.6</ele></rtept><rtept lat="57.535987" lon="12.4198"><ele>15.8</ele></rtept><rtept lat="57.536" lon="12.419742"><ele>15.6</ele></rtept><rtept lat="57.536025" lon="12.419685"><ele>15.8</ele></rtept><rtept lat="57.536043" lon="12.419665"><ele>16.2</ele></rtept><rtept lat="57.536077" lon="12.419658"><ele>16.0</ele></rtept><rtept lat="57.536108" lon="12.419658"><ele>16.4</ele></rtept><rtept lat="57.536133" lon="12.419677"><ele>16.2</ele></rtept><rtept lat="57.536165" lon="12.419698"><ele>16.2</ele></rtept><rtept lat="57.536185" lon="12.419735"><ele>16.4</ele></rtept><rtept lat="57.536198" lon="12.41978"><ele>16.2</ele></rtept><rtept lat="57.53621" lon="12.419828"><ele>16.6</ele></rtept><rtept lat="57.536217" lon="12.41988"><ele>16.2</ele></rtept><rtept lat="57.53623" lon="12.41994"><ele>16.0</ele></rtept><rtept lat="57.536237" lon="12.419978"><ele>16.4</ele></rtept><rtept lat="57.536255" lon="12.420033"><ele>16.4</ele></rtept><rtept lat="57.536268" lon="12.420067"><ele>16.4</ele></rtept><rtept lat="57.53628" lon="12.420108"><ele>16.0</ele></rtept><rtept lat="57.536293" lon="12.420152"><ele>16.4</ele></rtept><rtept lat="57.536307" lon="12.420193"><ele>16.2</ele></rtept><rtept lat="57.53632" lon="12.420238"><ele>16.6</ele></rtept><rtept lat="57.536325" lon="12.420285"><ele>16.6</ele></rtept><rtept lat="57.536332" lon="12.420338"><ele>16.4</ele></rtept><rtept lat="57.536338" lon="12.420392"><ele>17.0</ele></rtept><rtept lat="57.536345" lon="12.42045"><ele>16.8</ele></rtept><rtept lat="57.536352" lon="12.420505"><ele>16.8</ele></rtept><rtept lat="57.536363" lon="12.420565"><ele>17.0</ele></rtept><rtept lat="57.53637" lon="12.420623"><ele>16.8</ele></rtept><rtept lat="57.536377" lon="12.42067"><ele>17.2</ele></rtept><rtept lat="57.536377" lon="12.420718"><ele>17.0</ele></rtept><rtept lat="57.53639" lon="12.42077"><ele>16.6</ele></rtept><rtept lat="57.536397" lon="12.420827"><ele>16.8</ele></rtept><rtept lat="57.536397" lon="12.420883"><ele>16.6</ele></rtept><rtept lat="57.536397" lon="12.420947"><ele>17.0</ele></rtept><rtept lat="57.536397" lon="12.421007"><ele>17.0</ele></rtept><rtept lat="57.536408" lon="12.421072"><ele>16.6</ele></rtept><rtept lat="57.536408" lon="12.421147"><ele>17.0</ele></rtept><rtept lat="57.536415" lon="12.421217"><ele>16.8</ele></rtept><rtept lat="57.536428" lon="12.421283"><ele>17.2</ele></rtept><rtept lat="57.536447" lon="12.421355"><ele>17.2</ele></rtept><rtept lat="57.536473" lon="12.421428"><ele>17.2</ele></rtept><rtept lat="57.536485" lon="12.421488"><ele>17.4</ele></rtept><rtept lat="57.536492" lon="12.42154"><ele>17.4</ele></rtept><rtept lat="57.536512" lon="12.421593"><ele>17.4</ele></rtept><rtept lat="57.53653" lon="12.421653"><ele>17.4</ele></rtept><rtept lat="57.536557" lon="12.421718"><ele>17.2</ele></rtept><rtept lat="57.536575" lon="12.421792"><ele>17.6</ele></rtept><rtept lat="57.5366" lon="12.421887"><ele>17.4</ele></rtept><rtept lat="57.536613" lon="12.422005"><ele>17.6</ele></rtept><rtept lat="57.536633" lon="12.422088"><ele>17.6</ele></rtept><rtept lat="57.536652" lon="12.422173"><ele>17.6</ele></rtept><rtept lat="57.536658" lon="12.422292"><ele>18.0</ele></rtept><rtept lat="57.536652" lon="12.422377"><ele>17.6</ele></rtept><rtept lat="57.536633" lon="12.422427"><ele>17.6</ele></rtept><rtept lat="57.536627" lon="12.42249"><ele>17.8</ele></rtept><rtept lat="57.536633" lon="12.422538"><ele>17.6</ele></rtept><rtept lat="57.536633" lon="12.422582"><ele>18.0</ele></rtept><rtept lat="57.536645" lon="12.42262"><ele>17.8</ele></rtept><rtept lat="57.536645" lon="12.422665"><ele>17.8</ele></rtept><rtept lat="57.536645" lon="12.42271"><ele>18.0</ele></rtept><rtept lat="57.536645" lon="12.422755"><ele>17.8</ele></rtept><rtept lat="57.53664" lon="12.422795"><ele>18.2</ele></rtept><rtept lat="57.536633" lon="12.422838"><ele>18.0</ele></rtept><rtept lat="57.536627" lon="12.422875"><ele>17.6</ele></rtept><rtept lat="57.536627" lon="12.422915"><ele>17.8</ele></rtept><rtept lat="57.536627" lon="12.42296"><ele>17.8</ele></rtept><rtept lat="57.536627" lon="12.423008"><ele>18.0</ele></rtept><rtept lat="57.53662" lon="12.423048"><ele>18.0</ele></rtept><rtept lat="57.536607" lon="12.423093"><ele>17.6</ele></rtept><rtept lat="57.5366" lon="12.423132"><ele>18.0</ele></rtept><rtept lat="57.536595" lon="12.423165"><ele>17.8</ele></rtept><rtept lat="57.536595" lon="12.42321"><ele>18.0</ele></rtept><rtept lat="57.5366" lon="12.423247"><ele>18.2</ele></rtept><rtept lat="57.536595" lon="12.423295"><ele>18.0</ele></rtept><rtept lat="57.536595" lon="12.42334"><ele>18.4</ele></rtept><rtept lat="57.5366" lon="12.423397"><ele>18.2</ele></rtept><rtept lat="57.536607" lon="12.423438"><ele>18.0</ele></rtept><rtept lat="57.536613" lon="12.423475"><ele>18.4</ele></rtept><rtept lat="57.536627" lon="12.423523"><ele>18.2</ele></rtept><rtept lat="57.536645" lon="12.423595"><ele>18.4</ele></rtept><rtept lat="57.536645" lon="12.423647"><ele>18.4</ele></rtept><rtept lat="57.536645" lon="12.423688"><ele>18.2</ele></rtept><rtept lat="57.536652" lon="12.423737"><ele>18.6</ele></rtept><rtept lat="57.536665" lon="12.423793"><ele>18.6</ele></rtept><rtept lat="57.536672" lon="12.42385"><ele>18.4</ele></rtept><rtept lat="57.536678" lon="12.423905"><ele>18.6</ele></rtept><rtept lat="57.53669" lon="12.42395"><ele>18.4</ele></rtept><rtept lat="57.536703" lon="12.42398"><ele>18.8</ele></rtept><rtept lat="57.536722" lon="12.424032"><ele>18.4</ele></rtept><rtept lat="57.536735" lon="12.42408"><ele>18.2</ele></rtept><rtept lat="57.536742" lon="12.424125"><ele>18.6</ele></rtept><rtept lat="57.536755" lon="12.424158"><ele>18.4</ele></rtept><rtept lat="57.536767" lon="12.42421"><ele>18.6</ele></rtept><rtept lat="57.536773" lon="12.424268"><ele>18.8</ele></rtept><rtept lat="57.536787" lon="12.424322"><ele>18.6</ele></rtept><rtept lat="57.536787" lon="12.424362"><ele>18.8</ele></rtept><rtept lat="57.536793" lon="12.42442"><ele>18.6</ele></rtept><rtept lat="57.536805" lon="12.42446"><ele>18.4</ele></rtept><rtept lat="57.536818" lon="12.424507"><ele>18.6</ele></rtept><rtept lat="57.536838" lon="12.424572"><ele>18.4</ele></rtept><rtept lat="57.536857" lon="12.42463"><ele>18.6</ele></rtept><rtept lat="57.53687" lon="12.424702"><ele>18.8</ele></rtept><rtept lat="57.536888" lon="12.424768"><ele>18.6</ele></rtept><rtept lat="57.536895" lon="12.42483"><ele>18.8</ele></rtept><rtept lat="57.536902" lon="12.424895"><ele>18.6</ele></rtept><rtept lat="57.536915" lon="12.424955"><ele>18.2</ele></rtept><rtept lat="57.536927" lon="12.425007"><ele>18.4</ele></rtept><rtept lat="57.53694" lon="12.425058"><ele>18.0</ele></rtept><rtept lat="57.536947" lon="12.425092"><ele>18.2</ele></rtept><rtept lat="57.536953" lon="12.42514"><ele>18.4</ele></rtept><rtept lat="57.536953" lon="12.425187"><ele>18.0</ele></rtept><rtept lat="57.536953" lon="12.425237"><ele>18.4</ele></rtept><rtept lat="57.536953" lon="12.42528"><ele>18.2</ele></rtept><rtept lat="57.536953" lon="12.425322"><ele>18.0</ele></rtept><rtept lat="57.53694" lon="12.425392"><ele>18.4</ele></rtept><rtept lat="57.536927" lon="12.425448"><ele>18.2</ele></rtept><rtept lat="57.536927" lon="12.425505"><ele>18.2</ele></rtept><rtept lat="57.536915" lon="12.425563"><ele>18.6</ele></rtept><rtept lat="57.536902" lon="12.425615"><ele>18.4</ele></rtept><rtept lat="57.536895" lon="12.425655"><ele>18.6</ele></rtept><rtept lat="57.536888" lon="12.425707"><ele>18.4</ele></rtept><rtept lat="57.536888" lon="12.425767"><ele>18.0</ele></rtept><rtept lat="57.536882" lon="12.425817"><ele>18.4</ele></rtept><rtept lat="57.536877" lon="12.425867"><ele>18.2</ele></rtept><rtept lat="57.53687" lon="12.425912"><ele>18.4</ele></rtept><rtept lat="57.536877" lon="12.425947"><ele>18.4</ele></rtept><rtept lat="57.536882" lon="12.42598"><ele>18.4</ele></rtept><rtept lat="57.536882" lon="12.426037"><ele>18.4</ele></rtept><rtept lat="57.536902" lon="12.426107"><ele>18.4</ele></rtept><rtept lat="57.53692" lon="12.426145"><ele>18.2</ele></rtept><rtept lat="57.536927" lon="12.42618"><ele>18.6</ele></rtept><rtept lat="57.53694" lon="12.42621"><ele>18.4</ele></rtept><rtept lat="57.536978" lon="12.426245"><ele>18.6</ele></rtept><rtept lat="57.536998" lon="12.426258"><ele>18.4</ele></rtept><rtept lat="57.537017" lon="12.426265"><ele>18.4</ele></rtept><rtept lat="57.537062" lon="12.426313"><ele>18.4</ele></rtept><rtept lat="57.53708" lon="12.426342"><ele>18.6</ele></rtept><rtept lat="57.5371" lon="12.426382"><ele>18.4</ele></rtept><rtept lat="57.53712" lon="12.426435"><ele>19.0</ele></rtept><rtept lat="57.537138" lon="12.426483"><ele>18.6</ele></rtept><rtept lat="57.537145" lon="12.426532"><ele>18.6</ele></rtept><rtept lat="57.537152" lon="12.426568"><ele>18.8</ele></rtept><rtept lat="57.537163" lon="12.426598"><ele>18.6</ele></rtept><rtept lat="57.53717" lon="12.42663"><ele>19.0</ele></rtept><rtept lat="57.537183" lon="12.426665"><ele>18.6</ele></rtept><rtept lat="57.537197" lon="12.426705"><ele>18.6</ele></rtept><rtept lat="57.537208" lon="12.426742"><ele>19.2</ele></rtept><rtept lat="57.537222" lon="12.42678"><ele>18.8</ele></rtept><rtept lat="57.537228" lon="12.426835"><ele>18.6</ele></rtept><rtept lat="57.537228" lon="12.42688"><ele>19.0</ele></rtept><rtept lat="57.537228" lon="12.426923"><ele>19.0</ele></rtept><rtept lat="57.537228" lon="12.426963"><ele>19.2</ele></rtept><rtept lat="57.537228" lon="12.427015"><ele>19.6</ele></rtept><rtept lat="57.537235" lon="12.427068"><ele>19.4</ele></rtept><rtept lat="57.53724" lon="12.427128"><ele>19.8</ele></rtept><rtept lat="57.53724" lon="12.427187"><ele>19.8</ele></rtept><rtept lat="57.53724" lon="12.427242"><ele>19.6</ele></rtept><rtept lat="57.537228" lon="12.427293"><ele>19.8</ele></rtept><rtept lat="57.537222" lon="12.427338"><ele>19.6</ele></rtept><rtept lat="57.537215" lon="12.427378"><ele>19.8</ele></rtept><rtept lat="57.537208" lon="12.42743"><ele>19.6</ele></rtept><rtept lat="57.53719" lon="12.42749"><ele>19.2</ele></rtept><rtept lat="57.537183" lon="12.427557"><ele>19.4</ele></rtept><rtept lat="57.53717" lon="12.427623"><ele>19.2</ele></rtept><rtept lat="57.537163" lon="12.427685"><ele>19.6</ele></rtept><rtept lat="57.537158" lon="12.427753"><ele>19.2</ele></rtept><rtept lat="57.537152" lon="12.427823"><ele>18.8</ele></rtept><rtept lat="57.537145" lon="12.427892"><ele>19.2</ele></rtept><rtept lat="57.537138" lon="12.427958"><ele>19.0</ele></rtept><rtept lat="57.537125" lon="12.428022"><ele>19.2</ele></rtept><rtept lat="57.537125" lon="12.428087"><ele>19.4</ele></rtept><rtept lat="57.537125" lon="12.428162"><ele>19.2</ele></rtept><rtept lat="57.53712" lon="12.428232"><ele>19.6</ele></rtept><rtept lat="57.53712" lon="12.4283"><ele>19.4</ele></rtept><rtept lat="57.537107" lon="12.428358"><ele>19.4</ele></rtept><rtept lat="57.5371" lon="12.4284"><ele>19.8</ele></rtept><rtept lat="57.537093" lon="12.428443"><ele>19.6</ele></rtept><rtept lat="57.53708" lon="12.428493"><ele>20.0</ele></rtept><rtept lat="57.537068" lon="12.428538"><ele>19.6</ele></rtept><rtept lat="57.537062" lon="12.428592"><ele>19.6</ele></rtept><rtept lat="57.537048" lon="12.428638"><ele>19.8</ele></rtept><rtept lat="57.537037" lon="12.428687"><ele>19.4</ele></rtept><rtept lat="57.53703" lon="12.428737"><ele>19.8</ele></rtept><rtept lat="57.537023" lon="12.428782"><ele>19.6</ele></rtept><rtept lat="57.53701" lon="12.428837"><ele>19.4</ele></rtept><rtept lat="57.536998" lon="12.4289"><ele>19.8</ele></rtept><rtept lat="57.536992" lon="12.428945"><ele>19.6</ele></rtept><rtept lat="57.536985" lon="12.429005"><ele>19.8</ele></rtept><rtept lat="57.536978" lon="12.429057"><ele>19.8</ele></rtept><rtept lat="57.536972" lon="12.4291"><ele>19.6</ele></rtept><rtept lat="57.536965" lon="12.429148"><ele>20.0</ele></rtept><rtept lat="57.536953" lon="12.429207"><ele>19.6</ele></rtept><rtept lat="57.536953" lon="12.429253"><ele>19.4</ele></rtept><rtept lat="57.53694" lon="12.429298"><ele>19.6</ele></rtept><rtept lat="57.53694" lon="12.429342"><ele>19.4</ele></rtept><rtept lat="57.536927" lon="12.429393"><ele>19.8</ele></rtept><rtept lat="57.536927" lon="12.42944"><ele>19.6</ele></rtept><rtept lat="57.53692" lon="12.429485"><ele>19.6</ele></rtept><rtept lat="57.536908" lon="12.429525"><ele>19.8</ele></rtept><rtept lat="57.536902" lon="12.42956"><ele>19.6</ele></rtept><rtept lat="57.53687" lon="12.42961"><ele>19.6</ele></rtept><rtept lat="57.53685" lon="12.42964"><ele>19.8</ele></rtept><rtept lat="57.536832" lon="12.42966"><ele>19.6</ele></rtept><rtept lat="57.536805" lon="12.429675"><ele>20.0</ele></rtept><rtept lat="57.536787" lon="12.42968"><ele>19.8</ele></rtept><rtept lat="57.53676" lon="12.429685"><ele>19.4</ele></rtept><rtept lat="57.536742" lon="12.429693"><ele>19.8</ele></rtept><rtept lat="57.536703" lon="12.429685"><ele>19.6</ele></rtept><rtept lat="57.536665" lon="12.429677"><ele>19.8</ele></rtept><rtept lat="57.536633" lon="12.429663"><ele>19.8</ele></rtept><rtept lat="57.536607" lon="12.429647"><ele>19.6</ele></rtept><rtept lat="57.536582" lon="12.429635"><ele>20.0</ele></rtept><rtept lat="57.536557" lon="12.42961"><ele>19.6</ele></rtept><rtept lat="57.536523" lon="12.42958"><ele>19.8</ele></rtept><rtept lat="57.536485" lon="12.429552"><ele>20.0</ele></rtept><rtept lat="57.536447" lon="12.429518"><ele>19.8</ele></rtept><rtept lat="57.536415" lon="12.429485"><ele>20.0</ele></rtept><rtept lat="57.536383" lon="12.429447"><ele>19.8</ele></rtept><rtept lat="57.536363" lon="12.429397"><ele>19.6</ele></rtept><rtept lat="57.536352" lon="12.429342"><ele>20.0</ele></rtept><rtept lat="57.536325" lon="12.429288"><ele>19.6</ele></rtept><rtept lat="57.536307" lon="12.429248"><ele>20.0</ele></rtept><rtept lat="57.53628" lon="12.429223"><ele>19.8</ele></rtept><rtept lat="57.536255" lon="12.429215"><ele>19.6</ele></rtept><rtept lat="57.536237" lon="12.429208"><ele>19.8</ele></rtept><rtept lat="57.53621" lon="12.429222"><ele>19.6</ele></rtept><rtept lat="57.536185" lon="12.429238"><ele>20.0</ele></rtept><rtept lat="57.536172" lon="12.429298"><ele>19.4</ele></rtept><rtept lat="57.536172" lon="12.429332"><ele>19.6</ele></rtept><rtept lat="57.536172" lon="12.429377"><ele>19.6</ele></rtept><rtept lat="57.536172" lon="12.429425"><ele>19.8</ele></rtept><rtept lat="57.536165" lon="12.429478"><ele>19.6</ele></rtept><rtept lat="57.536153" lon="12.429518"><ele>19.6</ele></rtept><rtept lat="57.536153" lon="12.42956"><ele>19.8</ele></rtept><rtept lat="57.536153" lon="12.429612"><ele>19.6</ele></rtept><rtept lat="57.536147" lon="12.42967"><ele>20.0</ele></rtept><rtept lat="57.536147" lon="12.429717"><ele>20.0</ele></rtept><rtept lat="57.536147" lon="12.429768"><ele>19.6</ele></rtept><rtept lat="57.536133" lon="12.429822"><ele>19.8</ele></rtept><rtept lat="57.536127" lon="12.429865"><ele>19.4</ele></rtept><rtept lat="57.536115" lon="12.429913"><ele>19.6</ele></rtept><rtept lat="57.536095" lon="12.429957"><ele>19.8</ele></rtept><rtept lat="57.536077" lon="12.430002"><ele>19.6</ele></rtept><rtept lat="57.536063" lon="12.43004"><ele>20.0</ele></rtept><rtept lat="57.536043" lon="12.430073"><ele>19.8</ele></rtept><rtept lat="57.536025" lon="12.4301"><ele>19.4</ele></rtept><rtept lat="57.536" lon="12.430125"><ele>19.6</ele></rtept><rtept lat="57.535973" lon="12.430152"><ele>19.6</ele></rtept><rtept lat="57.535955" lon="12.430178"><ele>19.8</ele></rtept><rtept lat="57.535935" lon="12.430207"><ele>20.0</ele></rtept><rtept lat="57.535917" lon="12.430245"><ele>20.0</ele></rtept><rtept lat="57.535897" lon="12.43028"><ele>20.0</ele></rtept><rtept lat="57.535883" lon="12.430323"><ele>20.0</ele></rtept><rtept lat="57.535872" lon="12.430363"><ele>20.0</ele></rtept><rtept lat="57.535858" lon="12.430397"><ele>20.0</ele></rtept><rtept lat="57.53584" lon="12.430438"><ele>19.8</ele></rtept><rtept lat="57.535827" lon="12.430478"><ele>20.0</ele></rtept><rtept lat="57.535813" lon="12.430515"><ele>19.8</ele></rtept><rtept lat="57.535788" lon="12.430555"><ele>19.2</ele></rtept><rtept lat="57.535768" lon="12.430595"><ele>19.4</ele></rtept><rtept lat="57.535757" lon="12.430652"><ele>19.2</ele></rtept><rtept lat="57.53575" lon="12.430687"><ele>19.4</ele></rtept><rtept lat="57.535743" lon="12.430728"><ele>19.6</ele></rtept><rtept lat="57.535723" lon="12.430788"><ele>19.8</ele></rtept><rtept lat="57.535705" lon="12.430825"><ele>19.4</ele></rtept><rtept lat="57.535685" lon="12.43087"><ele>19.2</ele></rtept><rtept lat="57.535673" lon="12.43091"><ele>19.2</ele></rtept><rtept lat="57.53566" lon="12.430952"><ele>19.2</ele></rtept><rtept lat="57.535653" lon="12.430992"><ele>19.4</ele></rtept><rtept lat="57.53564" lon="12.431032"><ele>19.2</ele></rtept><rtept lat="57.535628" lon="12.431065"><ele>19.2</ele></rtept><rtept lat="57.535615" lon="12.4311"><ele>19.6</ele></rtept><rtept lat="57.535602" lon="12.431138"><ele>19.4</ele></rtept><rtept lat="57.53559" lon="12.431168"><ele>19.6</ele></rtept><rtept lat="57.535577" lon="12.431205"><ele>19.6</ele></rtept><rtept lat="57.53557" lon="12.431248"><ele>19.6</ele></rtept><rtept lat="57.53557" lon="12.431295"><ele>19.6</ele></rtept><rtept lat="57.535558" lon="12.431348"><ele>19.2</ele></rtept><rtept lat="57.535545" lon="12.431393"><ele>19.2</ele></rtept><rtept lat="57.535538" lon="12.431443"><ele>19.6</ele></rtept><rtept lat="57.535532" lon="12.431482"><ele>19.4</ele></rtept><rtept lat="57.53552" lon="12.431538"><ele>19.6</ele></rtept><rtept lat="57.53552" lon="12.431582"><ele>19.8</ele></rtept><rtept lat="57.535513" lon="12.43162"><ele>19.6</ele></rtept><rtept lat="57.5355" lon="12.43167"><ele>19.8</ele></rtept><rtept lat="57.535493" lon="12.431702"><ele>19.6</ele></rtept><rtept lat="57.53548" lon="12.431737"><ele>19.8</ele></rtept><rtept lat="57.535468" lon="12.431777"><ele>19.6</ele></rtept><rtept lat="57.535455" lon="12.431828"><ele>19.6</ele></rtept><rtept lat="57.535437" lon="12.431863"><ele>19.4</ele></rtept><rtept lat="57.535423" lon="12.431898"><ele>19.6</ele></rtept><rtept lat="57.53541" lon="12.431942"><ele>19.2</ele></rtept><rtept lat="57.535398" lon="12.431995"><ele>19.2</ele></rtept><rtept lat="57.535392" lon="12.432028"><ele>19.4</ele></rtept><rtept lat="57.535378" lon="12.43206"><ele>19.2</ele></rtept><rtept lat="57.53536" lon="12.432117"><ele>19.4</ele></rtept><rtept lat="57.535333" lon="12.432178"><ele>19.0</ele></rtept><rtept lat="57.53532" lon="12.432217"><ele>19.2</ele></rtept><rtept lat="57.535315" lon="12.432258"><ele>19.0</ele></rtept><rtept lat="57.535302" lon="12.432307"><ele>19.2</ele></rtept><rtept lat="57.535288" lon="12.432355"><ele>19.4</ele></rtept><rtept lat="57.535277" lon="12.432402"><ele>19.2</ele></rtept><rtept lat="57.535263" lon="12.43246"><ele>19.4</ele></rtept><rtept lat="57.535257" lon="12.432513"><ele>19.2</ele></rtept><rtept lat="57.535238" lon="12.432573"><ele>19.2</ele></rtept><rtept lat="57.535225" lon="12.432625"><ele>19.4</ele></rtept><rtept lat="57.535212" lon="12.432675"><ele>19.2</ele></rtept><rtept lat="57.5352" lon="12.432718"><ele>19.2</ele></rtept><rtept lat="57.535193" lon="12.432757"><ele>19.4</ele></rtept><rtept lat="57.53518" lon="12.432797"><ele>19.2</ele></rtept><rtept lat="57.53516" lon="12.432843"><ele>19.4</ele></rtept><rtept lat="57.535148" lon="12.432887"><ele>19.2</ele></rtept><rtept lat="57.535135" lon="12.432922"><ele>19.2</ele></rtept><rtept lat="57.535117" lon="12.432962"><ele>19.4</ele></rtept><rtept lat="57.535103" lon="12.433"><ele>19.4</ele></rtept><rtept lat="57.535097" lon="12.433045"><ele>19.0</ele></rtept><rtept lat="57.535078" lon="12.433097"><ele>19.2</ele></rtept><rtept lat="57.535065" lon="12.433155"><ele>19.0</ele></rtept><rtept lat="57.535045" lon="12.433213"><ele>19.4</ele></rtept><rtept lat="57.535033" lon="12.433288"><ele>19.4</ele></rtept><rtept lat="57.53504" lon="12.433382"><ele>19.4</ele></rtept><rtept lat="57.535045" lon="12.433472"><ele>19.6</ele></rtept><rtept lat="57.535052" lon="12.433558"><ele>19.2</ele></rtept><rtept lat="57.535045" lon="12.433658"><ele>19.2</ele></rtept><rtept lat="57.535033" lon="12.433738"><ele>19.4</ele></rtept><rtept lat="57.53502" lon="12.433818"><ele>19.4</ele></rtept><rtept lat="57.535" lon="12.43389"><ele>19.6</ele></rtept><rtept lat="57.535007" lon="12.43397"><ele>19.6</ele></rtept><rtept lat="57.535027" lon="12.434055"><ele>19.4</ele></rtept><rtept lat="57.53504" lon="12.434142"><ele>20.0</ele></rtept><rtept lat="57.53504" lon="12.434222"><ele>19.8</ele></rtept><rtept lat="57.53504" lon="12.434318"><ele>19.4</ele></rtept><rtept lat="57.53504" lon="12.434358"><ele>19.8</ele></rtept><rtept lat="57.53504" lon="12.434418"><ele>19.8</ele></rtept><rtept lat="57.535045" lon="12.434452"><ele>19.8</ele></rtept><rtept lat="57.535033" lon="12.43451"><ele>19.8</ele></rtept><rtept lat="57.53502" lon="12.434543"><ele>19.8</ele></rtept><rtept lat="57.535007" lon="12.434572"><ele>20.0</ele></rtept><rtept lat="57.534995" lon="12.43461"><ele>20.2</ele></rtept><rtept lat="57.534982" lon="12.434657"><ele>19.8</ele></rtept><rtept lat="57.534968" lon="12.434695"><ele>20.0</ele></rtept><rtept lat="57.534957" lon="12.434738"><ele>20.0</ele></rtept><rtept lat="57.534943" lon="12.43477"><ele>20.0</ele></rtept><rtept lat="57.534923" lon="12.434802"><ele>20.2</ele></rtept><rtept lat="57.534905" lon="12.434835"><ele>20.0</ele></rtept><rtept lat="57.534898" lon="12.434867"><ele>20.2</ele></rtept><rtept lat="57.534885" lon="12.434913"><ele>20.0</ele></rtept><rtept lat="57.53488" lon="12.434953"><ele>20.0</ele></rtept><rtept lat="57.534867" lon="12.43498"><ele>20.2</ele></rtept><rtept lat="57.534847" lon="12.435038"><ele>20.2</ele></rtept><rtept lat="57.53484" lon="12.435077"><ele>20.2</ele></rtept><rtept lat="57.534822" lon="12.435117"><ele>20.2</ele></rtept><rtept lat="57.534815" lon="12.435162"><ele>20.2</ele></rtept><rtept lat="57.534802" lon="12.43521"><ele>20.2</ele></rtept><rtept lat="57.53479" lon="12.435263"><ele>20.2</ele></rtept><rtept lat="57.534777" lon="12.4353"><ele>20.2</ele></rtept><rtept lat="57.534763" lon="12.435333"><ele>20.2</ele></rtept><rtept lat="57.534745" lon="12.43537"><ele>19.8</ele></rtept><rtept lat="57.534725" lon="12.435408"><ele>20.0</ele></rtept><rtept lat="57.534707" lon="12.43544"><ele>19.8</ele></rtept><rtept lat="57.5347" lon="12.435502"><ele>19.8</ele></rtept><rtept lat="57.534693" lon="12.435538"><ele>19.6</ele></rtept><rtept lat="57.534687" lon="12.435572"><ele>19.8</ele></rtept><rtept lat="57.534668" lon="12.43564"><ele>19.8</ele></rtept><rtept lat="57.534662" lon="12.435673"><ele>20.0</ele></rtept><rtept lat="57.534648" lon="12.435713"><ele>19.8</ele></rtept><rtept lat="57.53463" lon="12.435757"><ele>19.4</ele></rtept><rtept lat="57.534617" lon="12.435792"><ele>19.8</ele></rtept><rtept lat="57.534598" lon="12.435815"><ele>19.8</ele></rtept><rtept lat="57.534578" lon="12.435838"><ele>20.0</ele></rtept><rtept lat="57.534553" lon="12.435865"><ele>20.0</ele></rtept><rtept lat="57.534533" lon="12.43591"><ele>19.6</ele></rtept><rtept lat="57.534515" lon="12.43595"><ele>19.8</ele></rtept><rtept lat="57.534495" lon="12.435992"><ele>19.6</ele></rtept><rtept lat="57.53447" lon="12.43604"><ele>19.6</ele></rtept><rtept lat="57.53445" lon="12.43609"><ele>19.2</ele></rtept><rtept lat="57.534438" lon="12.436148"><ele>19.0</ele></rtept><rtept lat="57.534425" lon="12.43621"><ele>19.4</ele></rtept><rtept lat="57.534412" lon="12.43628"><ele>19.4</ele></rtept><rtept lat="57.534393" lon="12.436353"><ele>19.6</ele></rtept><rtept lat="57.534367" lon="12.436425"><ele>19.8</ele></rtept><rtept lat="57.534342" lon="12.4365"><ele>19.4</ele></rtept><rtept lat="57.534322" lon="12.43657"><ele>19.6</ele></rtept><rtept lat="57.53429" lon="12.43664"><ele>19.4</ele></rtept><rtept lat="57.534272" lon="12.436697"><ele>19.0</ele></rtept><rtept lat="57.534272" lon="12.43675"><ele>19.4</ele></rtept><rtept lat="57.534252" lon="12.43679"><ele>18.8</ele></rtept><rtept lat="57.53422" lon="12.436845"><ele>18.6</ele></rtept><rtept lat="57.5342" lon="12.4369"><ele>18.8</ele></rtept><rtept lat="57.534168" lon="12.43698"><ele>18.6</ele></rtept><rtept lat="57.534112" lon="12.437062"><ele>18.8</ele></rtept><rtept lat="57.534073" lon="12.437125"><ele>18.8</ele></rtept><rtept lat="57.534053" lon="12.43718"><ele>19.0</ele></rtept><rtept lat="57.53404" lon="12.437218"><ele>18.8</ele></rtept><rtept lat="57.534008" lon="12.437225"><ele>18.6</ele></rtept><rtept lat="57.533983" lon="12.437265"><ele>18.6</ele></rtept><rtept lat="57.533958" lon="12.437297"><ele>18.0</ele></rtept><rtept lat="57.533925" lon="12.43735"><ele>17.8</ele></rtept><rtept lat="57.533913" lon="12.437383"><ele>18.0</ele></rtept><rtept lat="57.533893" lon="12.437423"><ele>17.6</ele></rtept><rtept lat="57.533868" lon="12.437468"><ele>17.6</ele></rtept><rtept lat="57.533842" lon="12.437515"><ele>18.0</ele></rtept><rtept lat="57.533823" lon="12.437568"><ele>17.8</ele></rtept><rtept lat="57.533772" lon="12.437615"><ele>17.6</ele></rtept><rtept lat="57.533747" lon="12.437655"><ele>17.6</ele></rtept><rtept lat="57.53372" lon="12.437693"><ele>17.4</ele></rtept><rtept lat="57.533695" lon="12.437732"><ele>17.4</ele></rtept><rtept lat="57.533682" lon="12.43778"><ele>17.2</ele></rtept><rtept lat="57.53367" lon="12.43786"><ele>17.0</ele></rtept><rtept lat="57.53365" lon="12.437912"><ele>17.0</ele></rtept><rtept lat="57.53365" lon="12.437978"><ele>17.0</ele></rtept><rtept lat="57.533625" lon="12.438035"><ele>17.2</ele></rtept><rtept lat="57.533618" lon="12.438095"><ele>17.0</ele></rtept><rtept lat="57.533612" lon="12.438143"><ele>17.0</ele></rtept><rtept lat="57.533593" lon="12.43819"><ele>17.4</ele></rtept><rtept lat="57.533573" lon="12.438263"><ele>17.2</ele></rtept><rtept lat="57.533573" lon="12.438302"><ele>17.2</ele></rtept><rtept lat="57.533548" lon="12.438318"><ele>17.0</ele></rtept><rtept lat="57.533535" lon="12.438348"><ele>17.6</ele></rtept><rtept lat="57.533535" lon="12.438388"><ele>17.4</ele></rtept><rtept lat="57.533528" lon="12.438438"><ele>17.2</ele></rtept><rtept lat="57.533517" lon="12.43848"><ele>17.4</ele></rtept><rtept lat="57.53349" lon="12.438523"><ele>17.2</ele></rtept><rtept lat="57.533478" lon="12.438572"><ele>17.6</ele></rtept><rtept lat="57.533458" lon="12.438605"><ele>17.6</ele></rtept><rtept lat="57.53344" lon="12.43864"><ele>17.4</ele></rtept><rtept lat="57.533427" lon="12.438672"><ele>17.8</ele></rtept><rtept lat="57.533407" lon="12.438697"><ele>17.6</ele></rtept><rtept lat="57.533395" lon="12.43872"><ele>17.2</ele></rtept><rtept lat="57.533368" lon="12.438763"><ele>17.6</ele></rtept><rtept lat="57.533343" lon="12.4388"><ele>17.4</ele></rtept><rtept lat="57.533318" lon="12.43883"><ele>17.6</ele></rtept><rtept lat="57.533285" lon="12.43886"><ele>17.6</ele></rtept><rtept lat="57.533273" lon="12.438885"><ele>17.4</ele></rtept><rtept lat="57.53326" lon="12.438913"><ele>17.8</ele></rtept><rtept lat="57.533247" lon="12.438955"><ele>17.4</ele></rtept><rtept lat="57.533228" lon="12.438975"><ele>17.6</ele></rtept><rtept lat="57.533208" lon="12.438993"><ele>17.4</ele></rtept><rtept lat="57.533183" lon="12.439002"><ele>17.2</ele></rtept><rtept lat="57.533163" lon="12.439033"><ele>16.8</ele></rtept><rtept lat="57.53317" lon="12.439078"><ele>16.8</ele></rtept><rtept lat="57.53319" lon="12.439093"><ele>16.6</ele></rtept><rtept lat="57.533215" lon="12.439147"><ele>16.8</ele></rtept><rtept lat="57.533222" lon="12.43918"><ele>16.8</ele></rtept><rtept lat="57.533228" lon="12.439222"><ele>16.8</ele></rtept><rtept lat="57.533215" lon="12.43927"><ele>16.8</ele></rtept><rtept lat="57.533208" lon="12.439312"><ele>16.6</ele></rtept><rtept lat="57.533197" lon="12.43934"><ele>17.0</ele></rtept><rtept lat="57.533177" lon="12.439365"><ele>16.8</ele></rtept><rtept lat="57.533152" lon="12.439382"><ele>16.8</ele></rtept><rtept lat="57.533132" lon="12.439397"><ele>17.2</ele></rtept><rtept lat="57.5331" lon="12.439407"><ele>17.0</ele></rtept><rtept lat="57.53308" lon="12.43942"><ele>17.2</ele></rtept><rtept lat="57.533062" lon="12.439427"><ele>17.4</ele></rtept><rtept lat="57.533042" lon="12.43944"><ele>17.2</ele></rtept><rtept lat="57.533017" lon="12.439447"><ele>17.4</ele></rtept><rtept lat="57.532992" lon="12.43946"><ele>17.4</ele></rtept><rtept lat="57.532965" lon="12.439467"><ele>17.2</ele></rtept><rtept lat="57.53294" lon="12.43947"><ele>17.4</ele></rtept><rtept lat="57.532915" lon="12.43948"><ele>17.0</ele></rtept><rtept lat="57.532882" lon="12.43949"><ele>17.0</ele></rtept><rtept lat="57.532857" lon="12.439505"><ele>17.0</ele></rtept><rtept lat="57.532832" lon="12.43953"><ele>16.8</ele></rtept><rtept lat="57.5328" lon="12.439563"><ele>17.2</ele></rtept><rtept lat="57.53276" lon="12.43958"><ele>17.0</ele></rtept><rtept lat="57.532717" lon="12.439603"><ele>16.6</ele></rtept><rtept lat="57.532678" lon="12.439625"><ele>17.0</ele></rtept><rtept lat="57.532658" lon="12.439635"><ele>16.6</ele></rtept><rtept lat="57.53264" lon="12.43964"><ele>16.8</ele></rtept><rtept lat="57.53262" lon="12.43964"><ele>16.8</ele></rtept><rtept lat="57.5326" lon="12.43964"><ele>16.6</ele></rtept><rtept lat="57.532582" lon="12.439635"><ele>16.8</ele></rtept><rtept lat="57.53255" lon="12.43962"><ele>16.6</ele></rtept><rtept lat="57.532523" lon="12.439595"><ele>16.6</ele></rtept><rtept lat="57.532467" lon="12.439575"><ele>16.6</ele></rtept><rtept lat="57.532415" lon="12.43955"><ele>16.6</ele></rtept><rtept lat="57.532377" lon="12.439525"><ele>16.8</ele></rtept><rtept lat="57.532338" lon="12.439505"><ele>16.6</ele></rtept><rtept lat="57.5323" lon="12.439477"><ele>16.4</ele></rtept><rtept lat="57.532275" lon="12.439442"><ele>16.8</ele></rtept><rtept lat="57.532242" lon="12.439422"><ele>16.4</ele></rtept><rtept lat="57.532217" lon="12.439412"><ele>16.4</ele></rtept><rtept lat="57.532178" lon="12.439405"><ele>16.4</ele></rtept><rtept lat="57.532153" lon="12.439402"><ele>16.6</ele></rtept><rtept lat="57.53212" lon="12.439392"><ele>17.0</ele></rtept><rtept lat="57.532082" lon="12.439387"><ele>17.2</ele></rtept><rtept lat="57.53205" lon="12.43938"><ele>17.4</ele></rtept><rtept lat="57.532032" lon="12.439375"><ele>17.4</ele></rtept><rtept lat="57.532005" lon="12.439375"><ele>17.6</ele></rtept><rtept lat="57.531987" lon="12.439378"><ele>18.0</ele></rtept><rtept lat="57.531967" lon="12.43938"><ele>18.0</ele></rtept><rtept lat="57.531942" lon="12.439398"><ele>18.6</ele></rtept><rtept lat="57.53191" lon="12.439405"><ele>18.6</ele></rtept><rtept lat="57.53189" lon="12.439405"><ele>19.2</ele></rtept><rtept lat="57.531872" lon="12.439402"><ele>19.8</ele></rtept><rtept lat="57.531852" lon="12.4394"><ele>20.0</ele></rtept><rtept lat="57.53182" lon="12.439405"><ele>20.6</ele></rtept><rtept lat="57.531788" lon="12.439422"><ele>21.2</ele></rtept><rtept lat="57.531757" lon="12.43941"><ele>21.4</ele></rtept><rtept lat="57.531737" lon="12.439387"><ele>21.6</ele></rtept><rtept lat="57.531723" lon="12.43936"><ele>21.8</ele></rtept><rtept lat="57.531698" lon="12.439305"><ele>22.6</ele></rtept><rtept lat="57.531673" lon="12.43928"><ele>22.6</ele></rtept><rtept lat="57.531653" lon="12.43926"><ele>23.0</ele></rtept><rtept lat="57.53164" lon="12.43922"><ele>22.8</ele></rtept><rtept lat="57.531628" lon="12.439187"><ele>22.8</ele></rtept><rtept lat="57.531608" lon="12.439147"><ele>23.0</ele></rtept><rtept lat="57.531597" lon="12.439108"><ele>22.8</ele></rtept><rtept lat="57.531583" lon="12.439075"><ele>22.8</ele></rtept><rtept lat="57.53157" lon="12.439042"><ele>23.0</ele></rtept><rtept lat="57.531558" lon="12.439003"><ele>22.8</ele></rtept><rtept lat="57.531538" lon="12.43896"><ele>22.6</ele></rtept><rtept lat="57.531525" lon="12.43891"><ele>22.6</ele></rtept><rtept lat="57.531513" lon="12.438863"><ele>22.4</ele></rtept><rtept lat="57.5315" lon="12.438803"><ele>22.0</ele></rtept><rtept lat="57.531487" lon="12.438755"><ele>21.6</ele></rtept><rtept lat="57.53148" lon="12.438702"><ele>21.6</ele></rtept><rtept lat="57.531468" lon="12.438658"><ele>21.2</ele></rtept><rtept lat="57.531462" lon="12.438618"><ele>20.6</ele></rtept><rtept lat="57.531442" lon="12.438577"><ele>20.6</ele></rtept><rtept lat="57.531423" lon="12.438533"><ele>20.0</ele></rtept><rtept lat="57.531398" lon="12.4385"><ele>19.6</ele></rtept><rtept lat="57.531372" lon="12.438468"><ele>19.6</ele></rtept><rtept lat="57.53134" lon="12.438447"><ele>19.0</ele></rtept><rtept lat="57.531308" lon="12.43842"><ele>18.8</ele></rtept><rtept lat="57.531263" lon="12.438403"><ele>18.8</ele></rtept><rtept lat="57.531232" lon="12.438397"><ele>18.4</ele></rtept><rtept lat="57.5312" lon="12.438392"><ele>18.0</ele></rtept><rtept lat="57.531167" lon="12.438388"><ele>18.2</ele></rtept><rtept lat="57.531142" lon="12.438382"><ele>17.8</ele></rtept><rtept lat="57.53111" lon="12.438372"><ele>18.0</ele></rtept><rtept lat="57.531083" lon="12.438355"><ele>18.0</ele></rtept><rtept lat="57.531058" lon="12.438342"><ele>18.0</ele></rtept><rtept lat="57.531033" lon="12.438327"><ele>18.2</ele></rtept><rtept lat="57.531007" lon="12.438302"><ele>18.0</ele></rtept><rtept lat="57.530982" lon="12.438273"><ele>17.8</ele></rtept><rtept lat="57.530957" lon="12.43824"><ele>18.0</ele></rtept><rtept lat="57.53093" lon="12.438205"><ele>17.6</ele></rtept><rtept lat="57.530898" lon="12.438173"><ele>17.6</ele></rtept><rtept lat="57.530867" lon="12.438123"><ele>17.6</ele></rtept><rtept lat="57.53084" lon="12.438083"><ele>17.4</ele></rtept><rtept lat="57.530808" lon="12.438043"><ele>17.6</ele></rtept><rtept lat="57.53079" lon="12.438012"><ele>17.6</ele></rtept><rtept lat="57.530763" lon="12.43796"><ele>17.4</ele></rtept><rtept lat="57.530758" lon="12.437922"><ele>17.8</ele></rtept><rtept lat="57.530763" lon="12.437867"><ele>18.0</ele></rtept><rtept lat="57.530758" lon="12.437817"><ele>17.8</ele></rtept><rtept lat="57.530763" lon="12.43776"><ele>17.8</ele></rtept><rtept lat="57.530758" lon="12.43772"><ele>18.0</ele></rtept><rtept lat="57.530738" lon="12.437697"><ele>17.8</ele></rtept><rtept lat="57.530725" lon="12.437672"><ele>17.6</ele></rtept><rtept lat="57.530707" lon="12.437648"><ele>17.4</ele></rtept><rtept lat="57.53068" lon="12.437628"><ele>17.6</ele></rtept><rtept lat="57.530655" lon="12.437602"><ele>17.4</ele></rtept><rtept lat="57.530642" lon="12.437575"><ele>17.6</ele></rtept><rtept lat="57.530623" lon="12.437558"><ele>17.4</ele></rtept><rtept lat="57.53061" lon="12.43753"><ele>17.4</ele></rtept><rtept lat="57.530592" lon="12.437503"><ele>17.6</ele></rtept><rtept lat="57.530578" lon="12.437477"><ele>17.4</ele></rtept><rtept lat="57.530565" lon="12.437445"><ele>17.2</ele></rtept><rtept lat="57.530553" lon="12.437413"><ele>17.8</ele></rtept><rtept lat="57.530547" lon="12.43737"><ele>17.4</ele></rtept><rtept lat="57.530533" lon="12.437335"><ele>16.8</ele></rtept><rtept lat="57.53052" lon="12.437305"><ele>17.0</ele></rtept><rtept lat="57.530508" lon="12.43727"><ele>17.0</ele></rtept><rtept lat="57.530482" lon="12.437238"><ele>17.0</ele></rtept><rtept lat="57.530463" lon="12.437207"><ele>16.8</ele></rtept><rtept lat="57.530443" lon="12.437182"><ele>16.6</ele></rtept><rtept lat="57.530412" lon="12.437157"><ele>15.8</ele></rtept><rtept lat="57.530373" lon="12.437132"><ele>15.6</ele></rtept><rtept lat="57.530355" lon="12.437117"><ele>15.8</ele></rtept><rtept lat="57.530328" lon="12.437097"><ele>16.2</ele></rtept><rtept lat="57.530303" lon="12.437077"><ele>16.8</ele></rtept><rtept lat="57.530272" lon="12.437042"><ele>17.0</ele></rtept><rtept lat="57.530252" lon="12.437027"><ele>16.6</ele></rtept><rtept lat="57.530233" lon="12.437022"><ele>16.4</ele></rtept><rtept lat="57.530195" lon="12.43702"><ele>16.4</ele></rtept><rtept lat="57.530175" lon="12.437007"><ele>16.4</ele></rtept><rtept lat="57.53015" lon="12.436993"><ele>16.6</ele></rtept><rtept lat="57.53013" lon="12.43698"><ele>16.4</ele></rtept><rtept lat="57.530112" lon="12.436967"><ele>16.4</ele></rtept><rtept lat="57.530092" lon="12.436938"><ele>16.0</ele></rtept><rtept lat="57.530073" lon="12.436902"><ele>16.2</ele></rtept><rtept lat="57.53006" lon="12.436878"><ele>16.2</ele></rtept><rtept lat="57.530035" lon="12.436845"><ele>16.0</ele></rtept><rtept lat="57.530015" lon="12.43684"><ele>15.8</ele></rtept><rtept lat="57.529997" lon="12.43684"><ele>15.6</ele></rtept><rtept lat="57.529977" lon="12.436835"><ele>15.2</ele></rtept><rtept lat="57.529958" lon="12.436835"><ele>15.0</ele></rtept><rtept lat="57.529938" lon="12.436828"><ele>14.4</ele></rtept><rtept lat="57.52992" lon="12.436823"><ele>14.6</ele></rtept><rtept lat="57.5299" lon="12.436823"><ele>14.8</ele></rtept><rtept lat="57.529875" lon="12.436833"><ele>15.0</ele></rtept><rtept lat="57.529855" lon="12.43684"><ele>14.8</ele></rtept><rtept lat="57.529837" lon="12.436862"><ele>14.4</ele></rtept><rtept lat="57.52981" lon="12.436888"><ele>14.4</ele></rtept><rtept lat="57.529785" lon="12.436902"><ele>14.4</ele></rtept><rtept lat="57.529753" lon="12.436933"><ele>14.6</ele></rtept><rtept lat="57.52972" lon="12.436958"><ele>14.6</ele></rtept><rtept lat="57.529702" lon="12.436982"><ele>14.4</ele></rtept><rtept lat="57.52967" lon="12.437013"><ele>14.8</ele></rtept><rtept lat="57.52965" lon="12.437023"><ele>14.6</ele></rtept><rtept lat="57.529632" lon="12.437037"><ele>15.0</ele></rtept><rtept lat="57.529593" lon="12.437087"><ele>14.8</ele></rtept><rtept lat="57.529573" lon="12.437112"><ele>15.2</ele></rtept><rtept lat="57.529542" lon="12.437127"><ele>15.0</ele></rtept><rtept lat="57.52951" lon="12.437137"><ele>14.8</ele></rtept><rtept lat="57.529478" lon="12.43715"><ele>15.2</ele></rtept><rtept lat="57.529452" lon="12.437157"><ele>15.0</ele></rtept><rtept lat="57.529427" lon="12.437167"><ele>15.2</ele></rtept><rtept lat="57.5294" lon="12.437173"><ele>15.0</ele></rtept><rtept lat="57.529382" lon="12.43717"><ele>14.8</ele></rtept><rtept lat="57.52935" lon="12.437165"><ele>15.0</ele></rtept><rtept lat="57.529318" lon="12.437157"><ele>14.4</ele></rtept><rtept lat="57.529298" lon="12.437153"><ele>14.4</ele></rtept><rtept lat="57.529267" lon="12.437152"><ele>14.0</ele></rtept><rtept lat="57.529247" lon="12.437152"><ele>13.8</ele></rtept><rtept lat="57.529228" lon="12.437152"><ele>13.8</ele></rtept><rtept lat="57.529208" lon="12.437147"><ele>13.6</ele></rtept><rtept lat="57.529163" lon="12.437132"><ele>13.2</ele></rtept><rtept lat="57.529138" lon="12.43712"><ele>13.4</ele></rtept><rtept lat="57.5291" lon="12.437118"><ele>12.6</ele></rtept><rtept lat="57.529068" lon="12.437122"><ele>12.4</ele></rtept><rtept lat="57.529037" lon="12.437145"><ele>12.6</ele></rtept><rtept lat="57.528998" lon="12.437152"><ele>12.4</ele></rtept><rtept lat="57.528947" lon="12.437153"><ele>12.8</ele></rtept><rtept lat="57.528888" lon="12.43716"><ele>12.6</ele></rtept><rtept lat="57.528843" lon="12.437173"><ele>12.6</ele></rtept><rtept lat="57.5288" lon="12.437185"><ele>12.8</ele></rtept><rtept lat="57.52876" lon="12.437192"><ele>12.6</ele></rtept><rtept lat="57.528728" lon="12.437202"><ele>12.4</ele></rtept><rtept lat="57.528703" lon="12.437192"><ele>12.8</ele></rtept><rtept lat="57.528672" lon="12.437165"><ele>12.6</ele></rtept><rtept lat="57.52864" lon="12.437165"><ele>12.4</ele></rtept><rtept lat="57.528607" lon="12.43716"><ele>12.6</ele></rtept><rtept lat="57.528582" lon="12.437152"><ele>12.2</ele></rtept><rtept lat="57.528543" lon="12.437152"><ele>11.6</ele></rtept><rtept lat="57.528505" lon="12.437152"><ele>12.0</ele></rtept><rtept lat="57.528473" lon="12.437127"><ele>12.0</ele></rtept><rtept lat="57.528422" lon="12.437098"><ele>11.6</ele></rtept><rtept lat="57.528397" lon="12.437062"><ele>11.8</ele></rtept><rtept lat="57.52837" lon="12.437042"><ele>11.6</ele></rtept><rtept lat="57.528345" lon="12.437033"><ele>11.4</ele></rtept><rtept lat="57.52832" lon="12.43702"><ele>11.8</ele></rtept><rtept lat="57.528293" lon="12.437007"><ele>11.6</ele></rtept><rtept lat="57.528275" lon="12.436997"><ele>11.4</ele></rtept><rtept lat="57.528248" lon="12.436988"><ele>11.2</ele></rtept><rtept lat="57.528223" lon="12.436983"><ele>11.0</ele></rtept><rtept lat="57.528203" lon="12.436967"><ele>11.2</ele></rtept><rtept lat="57.528172" lon="12.436957"><ele>11.2</ele></rtept><rtept lat="57.52814" lon="12.436948"><ele>11.6</ele></rtept><rtept lat="57.528088" lon="12.436938"><ele>11.4</ele></rtept><rtept lat="57.52805" lon="12.436922"><ele>12.0</ele></rtept><rtept lat="57.528025" lon="12.4369"><ele>11.8</ele></rtept><rtept lat="57.528005" lon="12.436883"><ele>11.4</ele></rtept><rtept lat="57.52798" lon="12.436853"><ele>11.6</ele></rtept><rtept lat="57.527955" lon="12.436825"><ele>11.4</ele></rtept><rtept lat="57.527928" lon="12.436795"><ele>11.6</ele></rtept><rtept lat="57.527897" lon="12.436758"><ele>11.2</ele></rtept><rtept lat="57.527878" lon="12.436715"><ele>11.0</ele></rtept><rtept lat="57.527865" lon="12.436657"><ele>11.2</ele></rtept><rtept lat="57.527858" lon="12.436615"><ele>11.4</ele></rtept><rtept lat="57.527845" lon="12.43659"><ele>11.2</ele></rtept><rtept lat="57.52784" lon="12.436552"><ele>11.6</ele></rtept><rtept lat="57.527827" lon="12.436505"><ele>11.2</ele></rtept><rtept lat="57.5278" lon="12.43648"><ele>11.8</ele></rtept><rtept lat="57.527768" lon="12.436498"><ele>11.8</ele></rtept><rtept lat="57.52775" lon="12.436505"><ele>11.8</ele></rtept><rtept lat="57.527712" lon="12.43644"><ele>11.6</ele></rtept><rtept lat="57.527692" lon="12.436412"><ele>11.4</ele></rtept><rtept lat="57.527667" lon="12.436382"><ele>11.8</ele></rtept><rtept lat="57.527647" lon="12.436373"><ele>11.4</ele></rtept><rtept lat="57.527628" lon="12.43636"><ele>11.4</ele></rtept><rtept lat="57.527608" lon="12.436347"><ele>11.4</ele></rtept><rtept lat="57.52759" lon="12.436328"><ele>11.0</ele></rtept><rtept lat="57.52757" lon="12.436312"><ele>10.8</ele></rtept><rtept lat="57.527552" lon="12.436298"><ele>10.6</ele></rtept><rtept lat="57.527525" lon="12.436297"><ele>10.2</ele></rtept><rtept lat="57.5275" lon="12.436292"><ele>10.4</ele></rtept><rtept lat="57.52748" lon="12.436283"><ele>9.8</ele></rtept><rtept lat="57.527462" lon="12.436287"><ele>9.2</ele></rtept><rtept lat="57.527437" lon="12.436287"><ele>8.8</ele></rtept><rtept lat="57.52741" lon="12.436297"><ele>9.0</ele></rtept><rtept lat="57.527392" lon="12.436317"><ele>9.0</ele></rtept><rtept lat="57.52736" lon="12.436347"><ele>9.2</ele></rtept><rtept lat="57.527327" lon="12.436343"><ele>9.6</ele></rtept><rtept lat="57.527302" lon="12.436327"><ele>9.6</ele></rtept><rtept lat="57.527277" lon="12.43632"><ele>9.6</ele></rtept><rtept lat="57.52725" lon="12.436302"><ele>9.4</ele></rtept><rtept lat="57.527225" lon="12.436283"><ele>9.0</ele></rtept><rtept lat="57.527193" lon="12.436282"><ele>8.8</ele></rtept><rtept lat="57.527173" lon="12.436273"><ele>9.0</ele></rtept><rtept lat="57.527148" lon="12.436262"><ele>8.8</ele></rtept><rtept lat="57.527117" lon="12.436258"><ele>8.8</ele></rtept><rtept lat="57.527097" lon="12.436253"><ele>8.8</ele></rtept><rtept lat="57.527078" lon="12.436253"><ele>8.2</ele></rtept><rtept lat="57.527058" lon="12.436268"><ele>8.2</ele></rtept><rtept lat="57.52704" lon="12.436292"><ele>8.4</ele></rtept><rtept lat="57.52702" lon="12.436303"><ele>8.2</ele></rtept><rtept lat="57.526995" lon="12.436313"><ele>8.6</ele></rtept><rtept lat="57.526962" lon="12.43632"><ele>8.6</ele></rtept><rtept lat="57.526943" lon="12.436332"><ele>8.8</ele></rtept><rtept lat="57.526912" lon="12.436347"><ele>9.0</ele></rtept><rtept lat="57.52688" lon="12.436367"><ele>9.0</ele></rtept><rtept lat="57.526853" lon="12.436377"><ele>9.4</ele></rtept><rtept lat="57.526822" lon="12.436377"><ele>9.2</ele></rtept><rtept lat="57.526797" lon="12.436377"><ele>9.2</ele></rtept><rtept lat="57.526777" lon="12.43638"><ele>9.4</ele></rtept><rtept lat="57.526745" lon="12.436383"><ele>9.2</ele></rtept><rtept lat="57.526713" lon="12.436387"><ele>9.2</ele></rtept><rtept lat="57.52668" lon="12.43638"><ele>9.4</ele></rtept><rtept lat="57.526662" lon="12.43636"><ele>9.2</ele></rtept><rtept lat="57.526642" lon="12.436323"><ele>9.0</ele></rtept><rtept lat="57.526623" lon="12.436293"><ele>8.8</ele></rtept><rtept lat="57.526603" lon="12.436268"><ele>8.4</ele></rtept><rtept lat="57.526585" lon="12.436248"><ele>8.0</ele></rtept><rtept lat="57.526565" lon="12.436223"><ele>7.6</ele></rtept><rtept lat="57.52654" lon="12.436195"><ele>6.8</ele></rtept><rtept lat="57.526508" lon="12.436175"><ele>6.8</ele></rtept><rtept lat="57.526482" lon="12.436148"><ele>6.4</ele></rtept><rtept lat="57.526457" lon="12.436135"><ele>6.0</ele></rtept><rtept lat="57.526438" lon="12.436118"><ele>6.0</ele></rtept><rtept lat="57.526412" lon="12.43609"><ele>5.6</ele></rtept><rtept lat="57.526387" lon="12.436083"><ele>6.0</ele></rtept><rtept lat="57.526367" lon="12.436085"><ele>5.2</ele></rtept><rtept lat="57.526335" lon="12.43608"><ele>5.6</ele></rtept><rtept lat="57.526297" lon="12.436068"><ele>5.8</ele></rtept><rtept lat="57.526245" lon="12.436053"><ele>6.0</ele></rtept><rtept lat="57.526188" lon="12.436035"><ele>6.0</ele></rtept><rtept lat="57.526143" lon="12.436017"><ele>6.4</ele></rtept><rtept lat="57.526112" lon="12.435997"><ele>6.6</ele></rtept><rtept lat="57.52608" lon="12.43598"><ele>6.4</ele></rtept><rtept lat="57.526047" lon="12.43596"><ele>6.8</ele></rtept><rtept lat="57.526015" lon="12.435945"><ele>6.8</ele></rtept><rtept lat="57.525983" lon="12.435932"><ele>7.0</ele></rtept><rtept lat="57.525958" lon="12.43592"><ele>7.4</ele></rtept><rtept lat="57.525925" lon="12.435902"><ele>7.2</ele></rtept><rtept lat="57.5259" lon="12.435885"><ele>7.8</ele></rtept><rtept lat="57.525875" lon="12.435877"><ele>7.8</ele></rtept><rtept lat="57.525837" lon="12.435862"><ele>7.8</ele></rtept><rtept lat="57.525803" lon="12.435855"><ele>8.2</ele></rtept><rtept lat="57.525785" lon="12.435838"><ele>8.0</ele></rtept><rtept lat="57.525765" lon="12.435812"><ele>8.4</ele></rtept><rtept lat="57.525747" lon="12.435785"><ele>8.6</ele></rtept><rtept lat="57.52572" lon="12.43576"><ele>8.4</ele></rtept><rtept lat="57.525695" lon="12.435745"><ele>9.0</ele></rtept><rtept lat="57.52567" lon="12.435727"><ele>8.8</ele></rtept><rtept lat="57.525643" lon="12.435707"><ele>8.8</ele></rtept><rtept lat="57.525612" lon="12.435693"><ele>9.2</ele></rtept><rtept lat="57.525567" lon="12.435692"><ele>9.0</ele></rtept><rtept lat="57.525528" lon="12.435687"><ele>9.2</ele></rtept><rtept lat="57.52549" lon="12.435678"><ele>9.6</ele></rtept><rtept lat="57.525452" lon="12.435662"><ele>9.4</ele></rtept><rtept lat="57.525413" lon="12.435652"><ele>9.8</ele></rtept><rtept lat="57.525388" lon="12.435628"><ele>9.6</ele></rtept><rtept lat="57.525362" lon="12.4356"><ele>9.6</ele></rtept><rtept lat="57.525343" lon="12.435578"><ele>10.0</ele></rtept><rtept lat="57.525318" lon="12.43556"><ele>10.0</ele></rtept><rtept lat="57.525292" lon="12.435535"><ele>10.4</ele></rtept><rtept lat="57.525273" lon="12.435508"><ele>10.6</ele></rtept><rtept lat="57.52526" lon="12.435482"><ele>11.0</ele></rtept><rtept lat="57.52524" lon="12.435455"><ele>11.2</ele></rtept><rtept lat="57.525228" lon="12.435423"><ele>11.6</ele></rtept><rtept lat="57.525202" lon="12.435395"><ele>11.8</ele></rtept><rtept lat="57.525183" lon="12.435368"><ele>12.0</ele></rtept><rtept lat="57.52517" lon="12.435328"><ele>12.4</ele></rtept><rtept lat="57.525152" lon="12.435277"><ele>12.4</ele></rtept><rtept lat="57.525138" lon="12.435232"><ele>12.2</ele></rtept><rtept lat="57.525132" lon="12.435187"><ele>12.4</ele></rtept><rtept lat="57.525113" lon="12.43514"><ele>12.6</ele></rtept><rtept lat="57.5251" lon="12.435102"><ele>12.2</ele></rtept><rtept lat="57.525075" lon="12.435062"><ele>12.4</ele></rtept><rtept lat="57.525048" lon="12.435027"><ele>11.8</ele></rtept><rtept lat="57.52503" lon="12.434988"><ele>11.8</ele></rtept><rtept lat="57.52501" lon="12.43496"><ele>11.6</ele></rtept><rtept lat="57.524992" lon="12.434932"><ele>11.2</ele></rtept><rtept lat="57.524972" lon="12.434907"><ele>10.8</ele></rtept><rtept lat="57.524947" lon="12.434888"><ele>10.2</ele></rtept><rtept lat="57.524915" lon="12.434857"><ele>9.8</ele></rtept><rtept lat="57.524895" lon="12.434863"><ele>9.2</ele></rtept><rtept lat="57.524877" lon="12.434875"><ele>9.0</ele></rtept><rtept lat="57.524857" lon="12.434887"><ele>8.4</ele></rtept><rtept lat="57.524838" lon="12.434893"><ele>8.6</ele></rtept><rtept lat="57.524812" lon="12.434918"><ele>8.0</ele></rtept><rtept lat="57.524793" lon="12.43494"><ele>7.8</ele></rtept><rtept lat="57.524773" lon="12.434967"><ele>7.8</ele></rtept><rtept lat="57.524748" lon="12.434987"><ele>7.4</ele></rtept><rtept lat="57.524722" lon="12.435003"><ele>7.6</ele></rtept><rtept lat="57.524697" lon="12.435025"><ele>7.4</ele></rtept><rtept lat="57.524678" lon="12.43504"><ele>7.2</ele></rtept><rtept lat="57.524658" lon="12.435052"><ele>7.4</ele></rtept><rtept lat="57.524638" lon="12.435057"><ele>7.0</ele></rtept><rtept lat="57.52462" lon="12.435065"><ele>6.6</ele></rtept><rtept lat="57.5246" lon="12.435072"><ele>6.8</ele></rtept><rtept lat="57.524575" lon="12.43511"><ele>6.6</ele></rtept><rtept lat="57.524557" lon="12.435142"><ele>6.2</ele></rtept><rtept lat="57.524537" lon="12.435175"><ele>6.4</ele></rtept><rtept lat="57.524523" lon="12.435205"><ele>6.2</ele></rtept><rtept lat="57.524512" lon="12.435243"><ele>6.0</ele></rtept><rtept lat="57.524492" lon="12.4353"><ele>6.2</ele></rtept><rtept lat="57.524473" lon="12.435363"><ele>6.2</ele></rtept><rtept lat="57.524447" lon="12.435435"><ele>6.4</ele></rtept><rtept lat="57.524408" lon="12.4355"><ele>6.2</ele></rtept><rtept lat="57.524352" lon="12.435553"><ele>6.4</ele></rtept><rtept lat="57.524307" lon="12.435587"><ele>6.8</ele></rtept><rtept lat="57.524262" lon="12.435613"><ele>6.6</ele></rtept><rtept lat="57.524223" lon="12.435637"><ele>6.8</ele></rtept><rtept lat="57.524172" lon="12.435682"><ele>6.4</ele></rtept><rtept lat="57.52414" lon="12.43572"><ele>6.4</ele></rtept><rtept lat="57.524102" lon="12.435772"><ele>6.2</ele></rtept><rtept lat="57.524077" lon="12.435832"><ele>6.6</ele></rtept><rtept lat="57.524025" lon="12.43588"><ele>6.4</ele></rtept><rtept lat="57.523987" lon="12.435902"><ele>6.2</ele></rtept><rtept lat="57.523935" lon="12.43591"><ele>6.4</ele></rtept><rtept lat="57.523903" lon="12.435885"><ele>6.2</ele></rtept><rtept lat="57.523858" lon="12.435905"><ele>6.2</ele></rtept><rtept lat="57.52384" lon="12.435937"><ele>6.0</ele></rtept><rtept lat="57.52382" lon="12.435952"><ele>6.4</ele></rtept><rtept lat="57.5238" lon="12.435957"><ele>6.0</ele></rtept><rtept lat="57.523775" lon="12.435963"><ele>5.6</ele></rtept><rtept lat="57.523757" lon="12.43596"><ele>5.4</ele></rtept><rtept lat="57.523737" lon="12.43599"><ele>5.2</ele></rtept><rtept lat="57.523723" lon="12.436038"><ele>4.8</ele></rtept><rtept lat="57.523685" lon="12.43608"><ele>4.8</ele></rtept><rtept lat="57.52366" lon="12.436113"><ele>5.4</ele></rtept><rtept lat="57.52364" lon="12.43614"><ele>5.0</ele></rtept><rtept lat="57.523615" lon="12.43616"><ele>5.2</ele></rtept><rtept lat="57.523597" lon="12.436178"><ele>5.6</ele></rtept><rtept lat="57.523577" lon="12.43619"><ele>5.4</ele></rtept><rtept lat="57.523563" lon="12.436228"><ele>5.8</ele></rtept><rtept lat="57.523545" lon="12.436242"><ele>6.0</ele></rtept><rtept lat="57.52352" lon="12.436248"><ele>6.0</ele></rtept><rtept lat="57.5235" lon="12.436252"><ele>5.8</ele></rtept><rtept lat="57.52348" lon="12.436257"><ele>5.8</ele></rtept><rtept lat="57.523462" lon="12.436267"><ele>5.4</ele></rtept><rtept lat="57.523442" lon="12.436277"><ele>5.0</ele></rtept><rtept lat="57.523417" lon="12.436328"><ele>4.6</ele></rtept><rtept lat="57.523398" lon="12.436367"><ele>4.6</ele></rtept><rtept lat="57.523378" lon="12.436397"><ele>4.2</ele></rtept><rtept lat="57.523353" lon="12.436433"><ele>4.6</ele></rtept><rtept lat="57.523327" lon="12.436472"><ele>4.2</ele></rtept><rtept lat="57.523302" lon="12.436507"><ele>4.8</ele></rtept><rtept lat="57.52327" lon="12.43655"><ele>4.6</ele></rtept><rtept lat="57.523225" lon="12.436597"><ele>4.6</ele></rtept><rtept lat="57.523187" lon="12.436637"><ele>4.8</ele></rtept><rtept lat="57.523128" lon="12.436672"><ele>4.4</ele></rtept><rtept lat="57.523072" lon="12.436697"><ele>4.6</ele></rtept><rtept lat="57.523027" lon="12.43672"><ele>4.6</ele></rtept><rtept lat="57.522968" lon="12.436748"><ele>4.2</ele></rtept><rtept lat="57.522923" lon="12.436785"><ele>4.4</ele></rtept><rtept lat="57.522873" lon="12.436822"><ele>3.8</ele></rtept><rtept lat="57.52288" lon="12.436855"><ele>3.6</ele></rtept><rtept lat="57.522905" lon="12.436898"><ele>3.4</ele></rtept><rtept lat="57.522912" lon="12.43694"><ele>3.4</ele></rtept><rtept lat="57.522892" lon="12.436978"><ele>3.8</ele></rtept><rtept lat="57.522873" lon="12.436992"><ele>3.6</ele></rtept><rtept lat="57.52286" lon="12.437023"><ele>3.8</ele></rtept><rtept lat="57.522847" lon="12.437072"><ele>4.2</ele></rtept><rtept lat="57.522835" lon="12.43712"><ele>4.0</ele></rtept><rtept lat="57.522822" lon="12.437147"><ele>4.0</ele></rtept><rtept lat="57.522808" lon="12.437172"><ele>4.0</ele></rtept><rtept lat="57.52279" lon="12.437197"><ele>4.6</ele></rtept><rtept lat="57.52277" lon="12.437237"><ele>4.6</ele></rtept><rtept lat="57.522758" lon="12.437272"><ele>4.6</ele></rtept><rtept lat="57.522783" lon="12.437258"><ele>4.8</ele></rtept><rtept lat="57.522808" lon="12.437265"><ele>5.6</ele></rtept><rtept lat="57.522828" lon="12.437275"><ele>5.8</ele></rtept><rtept lat="57.522847" lon="12.437285"><ele>5.8</ele></rtept><rtept lat="57.522873" lon="12.4373"><ele>6.4</ele></rtept><rtept lat="57.522892" lon="12.437312"><ele>6.8</ele></rtept><rtept lat="57.522912" lon="12.43733"><ele>6.8</ele></rtept><rtept lat="57.522943" lon="12.437355"><ele>6.8</ele></rtept><rtept lat="57.522962" lon="12.437367"><ele>7.6</ele></rtept><rtept lat="57.522982" lon="12.437365"><ele>8.0</ele></rtept><rtept lat="57.523007" lon="12.43737"><ele>8.6</ele></rtept><rtept lat="57.523027" lon="12.437377"><ele>9.4</ele></rtept><rtept lat="57.523045" lon="12.437383"><ele>10.0</ele></rtept><rtept lat="57.523072" lon="12.43739"><ele>10.6</ele></rtept><rtept lat="57.52309" lon="12.437392"><ele>10.8</ele></rtept><rtept lat="57.523117" lon="12.437417"><ele>11.4</ele></rtept><rtept lat="57.523142" lon="12.437453"><ele>12.0</ele></rtept><rtept lat="57.523155" lon="12.437488"><ele>12.6</ele></rtept><rtept lat="57.523155" lon="12.437545"><ele>12.6</ele></rtept><rtept lat="57.52316" lon="12.43761"><ele>13.0</ele></rtept><rtept lat="57.523167" lon="12.437647"><ele>13.0</ele></rtept><rtept lat="57.52318" lon="12.437693"><ele>13.8</ele></rtept><rtept lat="57.5232" lon="12.437728"><ele>14.6</ele></rtept><rtept lat="57.523212" lon="12.437768"><ele>15.2</ele></rtept><rtept lat="57.523218" lon="12.437828"><ele>16.0</ele></rtept><rtept lat="57.523238" lon="12.437885"><ele>16.4</ele></rtept><rtept lat="57.523263" lon="12.437938"><ele>16.6</ele></rtept><rtept lat="57.523295" lon="12.437992"><ele>16.0</ele></rtept><rtept lat="57.523315" lon="12.43803"><ele>16.0</ele></rtept><rtept lat="57.523327" lon="12.43806"><ele>16.0</ele></rtept><rtept lat="57.52334" lon="12.4381"><ele>15.8</ele></rtept><rtept lat="57.523358" lon="12.438143"><ele>16.0</ele></rtept><rtept lat="57.523378" lon="12.438195"><ele>14.8</ele></rtept><rtept lat="57.523398" lon="12.43824"><ele>14.6</ele></rtept><rtept lat="57.523417" lon="12.438278"><ele>14.6</ele></rtept><rtept lat="57.523437" lon="12.438318"><ele>14.2</ele></rtept><rtept lat="57.523442" lon="12.438352"><ele>14.6</ele></rtept><rtept lat="57.523462" lon="12.438407"><ele>14.6</ele></rtept><rtept lat="57.52348" lon="12.438463"><ele>14.8</ele></rtept><rtept lat="57.523468" lon="12.438497"><ele>15.2</ele></rtept><rtept lat="57.523468" lon="12.43856"><ele>15.0</ele></rtept><rtept lat="57.523468" lon="12.438598"><ele>15.0</ele></rtept><rtept lat="57.523462" lon="12.438637"><ele>14.6</ele></rtept><rtept lat="57.523468" lon="12.43869"><ele>14.4</ele></rtept><rtept lat="57.52348" lon="12.438725"><ele>14.6</ele></rtept><rtept lat="57.5235" lon="12.438752"><ele>14.6</ele></rtept><rtept lat="57.52352" lon="12.438785"><ele>14.8</ele></rtept><rtept lat="57.523538" lon="12.43882"><ele>15.0</ele></rtept><rtept lat="57.523563" lon="12.438848"><ele>15.2</ele></rtept><rtept lat="57.523597" lon="12.438885"><ele>15.0</ele></rtept><rtept lat="57.523622" lon="12.438945"><ele>15.2</ele></rtept><rtept lat="57.52364" lon="12.438968"><ele>15.2</ele></rtept><rtept lat="57.52366" lon="12.438988"><ele>14.8</ele></rtept><rtept lat="57.52368" lon="12.439008"><ele>14.4</ele></rtept><rtept lat="57.523705" lon="12.43901"><ele>13.4</ele></rtept><rtept lat="57.523723" lon="12.439023"><ele>13.4</ele></rtept><rtept lat="57.523757" lon="12.439042"><ele>13.4</ele></rtept><rtept lat="57.523775" lon="12.439055"><ele>13.0</ele></rtept><rtept lat="57.5238" lon="12.439053"><ele>13.0</ele></rtept><rtept lat="57.523833" lon="12.439055"><ele>12.4</ele></rtept><rtept lat="57.523858" lon="12.439063"><ele>12.2</ele></rtept><rtept lat="57.523878" lon="12.439068"><ele>11.8</ele></rtept><rtept lat="57.523878" lon="12.43912"><ele>10.6</ele></rtept><rtept lat="57.523865" lon="12.439167"><ele>9.8</ele></rtept><rtept lat="57.523845" lon="12.439197"><ele>8.4</ele></rtept><rtept lat="57.523833" lon="12.43922"><ele>7.8</ele></rtept><rtept lat="57.523813" lon="12.43924"><ele>6.8</ele></rtept><rtept lat="57.523788" lon="12.439257"><ele>5.8</ele></rtept><rtept lat="57.523762" lon="12.43926"><ele>3.8</ele></rtept><rtept lat="57.523757" lon="12.439307"><ele>2.0</ele></rtept><rtept lat="57.523743" lon="12.43935"><ele>1.4</ele></rtept><rtept lat="57.52375" lon="12.439398"><ele>1.0</ele></rtept><rtept lat="57.523757" lon="12.43945"><ele>0.6</ele></rtept><rtept lat="57.523762" lon="12.4395"><ele>1.2</ele></rtept><rtept lat="57.523768" lon="12.439543"><ele>0.8</ele></rtept><rtept lat="57.523762" lon="12.439583"><ele>0.2</ele></rtept><rtept lat="57.523762" lon="12.439623"><ele>0.6</ele></rtept><rtept lat="57.523762" lon="12.439663"><ele>0.4</ele></rtept><rtept lat="57.52375" lon="12.43971"><ele>0.6</ele></rtept><rtept lat="57.523743" lon="12.439768"><ele>0.8</ele></rtept><rtept lat="57.523737" lon="12.439813"><ele>0.2</ele></rtept><rtept lat="57.523737" lon="12.439857"><ele>0.4</ele></rtept><rtept lat="57.523743" lon="12.439888"><ele>0.2</ele></rtept><rtept lat="57.523743" lon="12.439932"><ele>0.4</ele></rtept><rtept lat="57.523737" lon="12.439973"><ele>0.2</ele></rtept><rtept lat="57.523723" lon="12.44002"><ele>0.2</ele></rtept><rtept lat="57.523718" lon="12.44007"><ele>0.6</ele></rtept><rtept lat="57.523712" lon="12.440112"><ele>0.4</ele></rtept><rtept lat="57.523705" lon="12.440163"/><rtept lat="57.523705" lon="12.440208"><ele>0.2</ele></rtept><rtept lat="57.523698" lon="12.440263"><ele>0.2</ele></rtept><rtept lat="57.523685" lon="12.4403"><ele>0.4</ele></rtept><rtept lat="57.52368" lon="12.440348"><ele>0.4</ele></rtept><rtept lat="57.523667" lon="12.440405"><ele>0.2</ele></rtept><rtept lat="57.523653" lon="12.440462"><ele>0.8</ele></rtept><rtept lat="57.523647" lon="12.440518"><ele>0.4</ele></rtept><rtept lat="57.523635" lon="12.440573"><ele>0.6</ele></rtept><rtept lat="57.523608" lon="12.440613"><ele>0.4</ele></rtept><rtept lat="57.523577" lon="12.440647"><ele>0.2</ele></rtept><rtept lat="57.523558" lon="12.440672"><ele>0.4</ele></rtept><rtept lat="57.523545" lon="12.440697"><ele>0.2</ele></rtept><rtept lat="57.523525" lon="12.440735"><ele>0.4</ele></rtept><rtept lat="57.523513" lon="12.440767"><ele>0.6</ele></rtept><rtept lat="57.5235" lon="12.440792"/><rtept lat="57.52348" lon="12.440818"><ele>0.2</ele></rtept><rtept lat="57.523455" lon="12.44084"><ele>0.2</ele></rtept><rtept lat="57.523437" lon="12.44088"><ele>0.2</ele></rtept><rtept lat="57.523423" lon="12.44092"><ele>0.2</ele></rtept><rtept lat="57.523403" lon="12.44095"/><rtept lat="57.523385" lon="12.440985"/><rtept lat="57.523358" lon="12.441015"/><rtept lat="57.52334" lon="12.441042"><ele>-0.2</ele></rtept><rtept lat="57.52332" lon="12.441075"/><rtept lat="57.523302" lon="12.441108"><ele>-0.4</ele></rtept><rtept lat="57.523288" lon="12.441142"><ele>-0.6</ele></rtept><rtept lat="57.523282" lon="12.441178"><ele>-0.4</ele></rtept><rtept lat="57.523263" lon="12.441227"><ele>-0.8</ele></rtept><rtept lat="57.523243" lon="12.441297"><ele>-0.8</ele></rtept><rtept lat="57.523225" lon="12.441365"><ele>-0.6</ele></rtept><rtept lat="57.5232" lon="12.441435"><ele>-1.0</ele></rtept><rtept lat="57.523173" lon="12.44151"><ele>-0.8</ele></rtept><rtept lat="57.523148" lon="12.44158"><ele>-1.2</ele></rtept><rtept lat="57.523122" lon="12.441643"><ele>-1.4</ele></rtept><rtept lat="57.523097" lon="12.441705"><ele>-1.2</ele></rtept><rtept lat="57.523083" lon="12.44177"><ele>-1.6</ele></rtept><rtept lat="57.523072" lon="12.441843"><ele>-1.4</ele></rtept><rtept lat="57.523058" lon="12.44192"><ele>-1.4</ele></rtept><rtept lat="57.523052" lon="12.441993"><ele>-1.6</ele></rtept><rtept lat="57.52302" lon="12.44206"><ele>-1.4</ele></rtept><rtept lat="57.523" lon="12.442127"><ele>-1.6</ele></rtept><rtept lat="57.522982" lon="12.442185"><ele>-1.8</ele></rtept><rtept lat="57.522943" lon="12.442225"><ele>-1.4</ele></rtept><rtept lat="57.522905" lon="12.442263"><ele>-1.8</ele></rtept><rtept lat="57.522867" lon="12.442297"><ele>-1.4</ele></rtept><rtept lat="57.522822" lon="12.442337"><ele>-1.8</ele></rtept><rtept lat="57.522783" lon="12.44236"><ele>-1.8</ele></rtept><rtept lat="57.522763" lon="12.44234"><ele>-1.8</ele></rtept><rtept lat="57.52272" lon="12.442323"><ele>-2.2</ele></rtept><rtept lat="57.522687" lon="12.44231"><ele>-1.8</ele></rtept><rtept lat="57.522662" lon="12.44231"><ele>-2.0</ele></rtept><rtept lat="57.522623" lon="12.44229"><ele>-2.0</ele></rtept><rtept lat="57.522585" lon="12.442267"><ele>-2.0</ele></rtept><rtept lat="57.522553" lon="12.44226"><ele>-2.2</ele></rtept><rtept lat="57.52252" lon="12.442263"><ele>-2.0</ele></rtept><rtept lat="57.522502" lon="12.442263"><ele>-2.2</ele></rtept><rtept lat="57.522477" lon="12.442267"><ele>-2.2</ele></rtept><rtept lat="57.52245" lon="12.44227"><ele>-2.0</ele></rtept><rtept lat="57.522425" lon="12.442277"><ele>-2.2</ele></rtept><rtept lat="57.522405" lon="12.442277"><ele>-2.0</ele></rtept><rtept lat="57.522387" lon="12.442283"><ele>-2.0</ele></rtept><rtept lat="57.522367" lon="12.442283"><ele>-2.2</ele></rtept><rtept lat="57.522348" lon="12.442283"><ele>-2.0</ele></rtept><rtept lat="57.522317" lon="12.442283"><ele>-2.4</ele></rtept><rtept lat="57.52229" lon="12.44229"><ele>-2.2</ele></rtept><rtept lat="57.522265" lon="12.442305"><ele>-2.2</ele></rtept><rtept lat="57.522227" lon="12.44233"><ele>-2.2</ele></rtept><rtept lat="57.522195" lon="12.442355"><ele>-1.8</ele></rtept><rtept lat="57.522162" lon="12.442368"><ele>-2.2</ele></rtept><rtept lat="57.52213" lon="12.442393"><ele>-1.8</ele></rtept><rtept lat="57.522098" lon="12.442422"><ele>-2.0</ele></rtept><rtept lat="57.522067" lon="12.44239"><ele>-1.8</ele></rtept><rtept lat="57.522022" lon="12.442398"><ele>-1.8</ele></rtept><rtept lat="57.52199" lon="12.442422"><ele>-1.8</ele></rtept><rtept lat="57.521963" lon="12.442445"><ele>-1.8</ele></rtept><rtept lat="57.521925" lon="12.44247"><ele>-2.0</ele></rtept><rtept lat="57.52188" lon="12.4425"><ele>-1.8</ele></rtept><rtept lat="57.521848" lon="12.44254"><ele>-2.0</ele></rtept><rtept lat="57.521823" lon="12.442575"><ele>-2.0</ele></rtept><rtept lat="57.521803" lon="12.442612"><ele>-1.6</ele></rtept><rtept lat="57.521792" lon="12.442647"><ele>-1.8</ele></rtept><rtept lat="57.521753" lon="12.44266"><ele>-1.6</ele></rtept><rtept lat="57.521727" lon="12.44266"><ele>-2.0</ele></rtept><rtept lat="57.521688" lon="12.442673"><ele>-1.8</ele></rtept><rtept lat="57.521657" lon="12.442688"><ele>-2.0</ele></rtept><rtept lat="57.521625" lon="12.442712"><ele>-2.2</ele></rtept><rtept lat="57.521593" lon="12.442723"><ele>-2.0</ele></rtept><rtept lat="57.521573" lon="12.442753"><ele>-1.8</ele></rtept><rtept lat="57.521542" lon="12.442747"><ele>-2.0</ele></rtept><rtept lat="57.521517" lon="12.442728"><ele>-2.0</ele></rtept><rtept lat="57.521478" lon="12.44272"><ele>-1.8</ele></rtept><rtept lat="57.521452" lon="12.442727"><ele>-1.8</ele></rtept><rtept lat="57.52142" lon="12.442732"><ele>-2.0</ele></rtept><rtept lat="57.521395" lon="12.442728"><ele>-1.8</ele></rtept><rtept lat="57.521362" lon="12.442727"><ele>-1.4</ele></rtept><rtept lat="57.521337" lon="12.442722"><ele>-1.4</ele></rtept><rtept lat="57.521312" lon="12.44272"><ele>-1.0</ele></rtept><rtept lat="57.52128" lon="12.44272"><ele>-1.4</ele></rtept><rtept lat="57.521253" lon="12.442722"><ele>-1.0</ele></rtept><rtept lat="57.521228" lon="12.442723"><ele>-1.0</ele></rtept><rtept lat="57.521197" lon="12.442722"><ele>-1.2</ele></rtept><rtept lat="57.52117" lon="12.442722"><ele>-0.8</ele></rtept><rtept lat="57.521132" lon="12.442727"><ele>-0.8</ele></rtept><rtept lat="57.521107" lon="12.442728"><ele>-0.2</ele></rtept><rtept lat="57.52108" lon="12.442737"/><rtept lat="57.521055" lon="12.442747"><ele>0.6</ele></rtept><rtept lat="57.521023" lon="12.442762"><ele>0.8</ele></rtept><rtept lat="57.520998" lon="12.442782"><ele>0.6</ele></rtept><rtept lat="57.520972" lon="12.442777"><ele>1.2</ele></rtept><rtept lat="57.52094" lon="12.442772"><ele>1.4</ele></rtept><rtept lat="57.520915" lon="12.442765"><ele>2.2</ele></rtept><rtept lat="57.520895" lon="12.442745"><ele>2.2</ele></rtept><rtept lat="57.520863" lon="12.442733"><ele>2.4</ele></rtept><rtept lat="57.520838" lon="12.442733"><ele>2.6</ele></rtept><rtept lat="57.520818" lon="12.442738"><ele>2.6</ele></rtept><rtept lat="57.5208" lon="12.442732"><ele>2.8</ele></rtept><rtept lat="57.520773" lon="12.442718"><ele>2.8</ele></rtept><rtept lat="57.520748" lon="12.442707"><ele>2.6</ele></rtept><rtept lat="57.520722" lon="12.442707"><ele>3.0</ele></rtept><rtept lat="57.520697" lon="12.442707"><ele>2.8</ele></rtept><rtept lat="57.520672" lon="12.442712"><ele>2.6</ele></rtept><rtept lat="57.52064" lon="12.442717"><ele>2.8</ele></rtept><rtept lat="57.520613" lon="12.44272"><ele>2.4</ele></rtept><rtept lat="57.520575" lon="12.442733"><ele>2.6</ele></rtept><rtept lat="57.520543" lon="12.442742"><ele>2.4</ele></rtept><rtept lat="57.520505" lon="12.442752"><ele>2.2</ele></rtept><rtept lat="57.520473" lon="12.44276"><ele>2.2</ele></rtept><rtept lat="57.52044" lon="12.442765"><ele>2.0</ele></rtept><rtept lat="57.520402" lon="12.442772"><ele>2.0</ele></rtept><rtept lat="57.52037" lon="12.442773"><ele>1.8</ele></rtept><rtept lat="57.520345" lon="12.442773"><ele>1.4</ele></rtept><rtept lat="57.520313" lon="12.442773"><ele>1.6</ele></rtept><rtept lat="57.520275" lon="12.442773"><ele>1.2</ele></rtept><rtept lat="57.520242" lon="12.442773"><ele>0.6</ele></rtept><rtept lat="57.520223" lon="12.442765"><ele>0.8</ele></rtept><rtept lat="57.520192" lon="12.44276"><ele>0.4</ele></rtept><rtept lat="57.52016" lon="12.442757"><ele>0.4</ele></rtept><rtept lat="57.52014" lon="12.442753"><ele>0.4</ele></rtept><rtept lat="57.520108" lon="12.442747"/><rtept lat="57.520082" lon="12.44274"><ele>0.2</ele></rtept><rtept lat="57.52005" lon="12.442747"/><rtept lat="57.520025" lon="12.442753"/><rtept lat="57.519987" lon="12.442765"><ele>-0.2</ele></rtept><rtept lat="57.519948" lon="12.442777"><ele>-0.4</ele></rtept><rtept lat="57.51991" lon="12.442778"><ele>-0.2</ele></rtept><rtept lat="57.51989" lon="12.442773"><ele>-0.6</ele></rtept><rtept lat="57.519872" lon="12.442762"><ele>-0.4</ele></rtept><rtept lat="57.519852" lon="12.442753"><ele>-0.8</ele></rtept><rtept lat="57.519827" lon="12.442742"><ele>-1.0</ele></rtept><rtept lat="57.519807" lon="12.442733"><ele>-0.8</ele></rtept><rtept lat="57.519782" lon="12.44272"><ele>-1.0</ele></rtept><rtept lat="57.519743" lon="12.442713"><ele>-0.8</ele></rtept><rtept lat="57.519718" lon="12.442703"><ele>-1.0</ele></rtept><rtept lat="57.519692" lon="12.442697"><ele>-0.8</ele></rtept><rtept lat="57.519667" lon="12.442693"><ele>-0.6</ele></rtept><rtept lat="57.519628" lon="12.442683"><ele>-0.6</ele></rtept><rtept lat="57.519602" lon="12.442677"><ele>-0.4</ele></rtept><rtept lat="57.519583" lon="12.44266"><ele>-0.8</ele></rtept><rtept lat="57.519563" lon="12.442647"><ele>-0.4</ele></rtept><rtept lat="57.519532" lon="12.44262"><ele>-0.4</ele></rtept><rtept lat="57.519507" lon="12.442618"/><rtept lat="57.51948" lon="12.442607"><ele>-0.4</ele></rtept><rtept lat="57.519455" lon="12.442593"/><rtept lat="57.519437" lon="12.442587"/><rtept lat="57.51941" lon="12.442577"><ele>-0.2</ele></rtept><rtept lat="57.519378" lon="12.442558"/><rtept lat="57.519353" lon="12.442547"><ele>-0.4</ele></rtept><rtept lat="57.519327" lon="12.442542"/><rtept lat="57.519288" lon="12.442538"/><rtept lat="57.519243" lon="12.442538"><ele>-0.2</ele></rtept><rtept lat="57.5192" lon="12.44254"><ele>0.2</ele></rtept><rtept lat="57.519173" lon="12.44254"/><rtept lat="57.519148" lon="12.442535"><ele>0.4</ele></rtept><rtept lat="57.519128" lon="12.442523"><ele>0.2</ele></rtept><rtept lat="57.519097" lon="12.44251"><ele>0.2</ele></rtept><rtept lat="57.519078" lon="12.442502"><ele>0.4</ele></rtept><rtept lat="57.519045" lon="12.442498"><ele>0.2</ele></rtept><rtept lat="57.519013" lon="12.44249"><ele>0.6</ele></rtept><rtept lat="57.518988" lon="12.442483"><ele>0.4</ele></rtept><rtept lat="57.518957" lon="12.442475"><ele>0.4</ele></rtept><rtept lat="57.51893" lon="12.442463"><ele>0.4</ele></rtept><rtept lat="57.518898" lon="12.442448"><ele>0.4</ele></rtept><rtept lat="57.518873" lon="12.442425"><ele>0.8</ele></rtept><rtept lat="57.518835" lon="12.44241"><ele>0.6</ele></rtept><rtept lat="57.518802" lon="12.442403"><ele>0.8</ele></rtept><rtept lat="57.51877" lon="12.442383"><ele>0.8</ele></rtept><rtept lat="57.518732" lon="12.442357"><ele>0.6</ele></rtept><rtept lat="57.5187" lon="12.442337"><ele>1.0</ele></rtept><rtept lat="57.518675" lon="12.442317"><ele>0.8</ele></rtept><rtept lat="57.518648" lon="12.442295"><ele>1.4</ele></rtept><rtept lat="57.518623" lon="12.442263"><ele>1.4</ele></rtept><rtept lat="57.51861" lon="12.442237"><ele>1.4</ele></rtept><rtept lat="57.518592" lon="12.442212"><ele>1.4</ele></rtept><rtept lat="57.518565" lon="12.442182"><ele>1.4</ele></rtept><rtept lat="57.51854" lon="12.442157"><ele>2.0</ele></rtept><rtept lat="57.518515" lon="12.442117"><ele>1.6</ele></rtept><rtept lat="57.518488" lon="12.442087"><ele>2.0</ele></rtept><rtept lat="57.518463" lon="12.442053"><ele>1.8</ele></rtept><rtept lat="57.518438" lon="12.44202"><ele>1.6</ele></rtept><rtept lat="57.518418" lon="12.441982"><ele>1.8</ele></rtept><rtept lat="57.5184" lon="12.441953"><ele>1.2</ele></rtept><rtept lat="57.518373" lon="12.441913"><ele>1.2</ele></rtept><rtept lat="57.518342" lon="12.441863"><ele>1.0</ele></rtept><rtept lat="57.518328" lon="12.441828"><ele>0.6</ele></rtept><rtept lat="57.518303" lon="12.441785"><ele>0.8</ele></rtept><rtept lat="57.518272" lon="12.44174"><ele>0.4</ele></rtept><rtept lat="57.518245" lon="12.441705"><ele>0.2</ele></rtept><rtept lat="57.518233" lon="12.441677"><ele>0.4</ele></rtept><rtept lat="57.5182" lon="12.44163"/><rtept lat="57.518182" lon="12.4416"><ele>0.2</ele></rtept><rtept lat="57.518162" lon="12.44157"/><rtept lat="57.518143" lon="12.441545"><ele>-0.4</ele></rtept><rtept lat="57.518118" lon="12.441518"><ele>-0.2</ele></rtept><rtept lat="57.518098" lon="12.441492"><ele>-0.6</ele></rtept><rtept lat="57.51808" lon="12.44146"><ele>-0.2</ele></rtept><rtept lat="57.518053" lon="12.441422"><ele>-0.6</ele></rtept><rtept lat="57.518028" lon="12.441378"><ele>-0.8</ele></rtept><rtept lat="57.518002" lon="12.441333"><ele>-0.6</ele></rtept><rtept lat="57.517977" lon="12.441297"><ele>-0.8</ele></rtept><rtept lat="57.517952" lon="12.441267"><ele>-0.4</ele></rtept><rtept lat="57.517925" lon="12.441233"><ele>-0.6</ele></rtept><rtept lat="57.517893" lon="12.441207"><ele>-0.8</ele></rtept><rtept lat="57.517868" lon="12.441192"><ele>-0.6</ele></rtept><rtept lat="57.517837" lon="12.441177"><ele>-1.0</ele></rtept><rtept lat="57.51781" lon="12.44116"><ele>-0.4</ele></rtept><rtept lat="57.517778" lon="12.441142"><ele>-0.6</ele></rtept><rtept lat="57.51774" lon="12.441118"><ele>-0.8</ele></rtept><rtept lat="57.51772" lon="12.441095"><ele>-0.8</ele></rtept><rtept lat="57.517682" lon="12.441075"><ele>-0.8</ele></rtept><rtept lat="57.51765" lon="12.441062"><ele>-0.4</ele></rtept><rtept lat="57.517618" lon="12.441055"><ele>-0.8</ele></rtept><rtept lat="57.51758" lon="12.441048"><ele>-0.8</ele></rtept><rtept lat="57.517542" lon="12.44104"><ele>-0.8</ele></rtept><rtept lat="57.517503" lon="12.441033"><ele>-1.0</ele></rtept><rtept lat="57.517465" lon="12.44102"><ele>-0.6</ele></rtept><rtept lat="57.517433" lon="12.441003"><ele>-1.0</ele></rtept><rtept lat="57.5174" lon="12.440978"><ele>-1.0</ele></rtept><rtept lat="57.517368" lon="12.440928"><ele>-1.2</ele></rtept><rtept lat="57.517343" lon="12.440903"><ele>-0.8</ele></rtept><rtept lat="57.517298" lon="12.44089"><ele>-1.4</ele></rtept><rtept lat="57.517273" lon="12.440885"><ele>-1.4</ele></rtept><rtept lat="57.517247" lon="12.44088"><ele>-1.6</ele></rtept><rtept lat="57.517222" lon="12.440877"><ele>-1.4</ele></rtept><rtept lat="57.517183" lon="12.440863"><ele>-1.6</ele></rtept><rtept lat="57.517158" lon="12.440863"><ele>-1.6</ele></rtept><rtept lat="57.517125" lon="12.440863"><ele>-1.8</ele></rtept><rtept lat="57.517107" lon="12.440867"><ele>-1.4</ele></rtept><rtept lat="57.51708" lon="12.440872"><ele>-1.8</ele></rtept><rtept lat="57.517048" lon="12.440877"><ele>-1.6</ele></rtept><rtept lat="57.517023" lon="12.440875"><ele>-1.6</ele></rtept><rtept lat="57.516998" lon="12.440875"><ele>-1.6</ele></rtept><rtept lat="57.516965" lon="12.440872"><ele>-1.2</ele></rtept><rtept lat="57.51694" lon="12.440872"><ele>-1.6</ele></rtept><rtept lat="57.516908" lon="12.44087"><ele>-1.2</ele></rtept><rtept lat="57.516888" lon="12.440863"><ele>-1.4</ele></rtept><rtept lat="57.516863" lon="12.440857"><ele>-1.6</ele></rtept><rtept lat="57.516832" lon="12.440852"><ele>-1.2</ele></rtept><rtept lat="57.5168" lon="12.440845"><ele>-1.6</ele></rtept><rtept lat="57.51676" lon="12.440825"><ele>-1.2</ele></rtept><rtept lat="57.516728" lon="12.440812"><ele>-1.4</ele></rtept><rtept lat="57.516703" lon="12.44079"><ele>-1.6</ele></rtept><rtept lat="57.516683" lon="12.440772"><ele>-1.2</ele></rtept><rtept lat="57.516658" lon="12.440758"><ele>-1.4</ele></rtept><rtept lat="57.516633" lon="12.440732"><ele>-1.0</ele></rtept><rtept lat="57.516607" lon="12.440698"><ele>-1.2</ele></rtept><rtept lat="57.516575" lon="12.440678"><ele>-1.2</ele></rtept><rtept lat="57.516537" lon="12.440648"><ele>-1.0</ele></rtept><rtept lat="57.516498" lon="12.440628"><ele>-1.0</ele></rtept><rtept lat="57.516467" lon="12.440617"><ele>-0.6</ele></rtept><rtept lat="57.516428" lon="12.440608"><ele>-0.8</ele></rtept><rtept lat="57.516377" lon="12.440608"><ele>-0.6</ele></rtept><rtept lat="57.516345" lon="12.440603"><ele>-0.6</ele></rtept><rtept lat="57.516313" lon="12.44058"><ele>-0.6</ele></rtept><rtept lat="57.516275" lon="12.44054"><ele>-0.8</ele></rtept><rtept lat="57.516248" lon="12.440508"><ele>-0.6</ele></rtept><rtept lat="57.516223" lon="12.440493"><ele>-0.8</ele></rtept><rtept lat="57.516198" lon="12.440475"><ele>-1.2</ele></rtept><rtept lat="57.516172" lon="12.440448"><ele>-1.0</ele></rtept><rtept lat="57.51614" lon="12.44043"><ele>-0.8</ele></rtept><rtept lat="57.516115" lon="12.440413"><ele>-0.4</ele></rtept><rtept lat="57.516088" lon="12.440398"><ele>-0.6</ele></rtept><rtept lat="57.51605" lon="12.440363"><ele>-0.4</ele></rtept><rtept lat="57.516018" lon="12.440345"><ele>-0.4</ele></rtept><rtept lat="57.515993" lon="12.440325"><ele>-0.2</ele></rtept><rtept lat="57.51596" lon="12.440295"><ele>-0.4</ele></rtept><rtept lat="57.515935" lon="12.440265"><ele>-0.2</ele></rtept><rtept lat="57.51591" lon="12.440237"><ele>-0.6</ele></rtept><rtept lat="57.515878" lon="12.440205"><ele>-0.6</ele></rtept><rtept lat="57.515858" lon="12.440185"><ele>-0.6</ele></rtept><rtept lat="57.515833" lon="12.440167"><ele>-0.6</ele></rtept><rtept lat="57.515795" lon="12.440145"><ele>-0.4</ele></rtept><rtept lat="57.515768" lon="12.440135"><ele>-0.8</ele></rtept><rtept lat="57.51573" lon="12.440112"><ele>-0.4</ele></rtept><rtept lat="57.515698" lon="12.440098"><ele>-0.6</ele></rtept><rtept lat="57.51566" lon="12.440077"><ele>-0.8</ele></rtept><rtept lat="57.515622" lon="12.440047"><ele>-0.6</ele></rtept><rtept lat="57.51559" lon="12.440017"><ele>-0.8</ele></rtept><rtept lat="57.515558" lon="12.439985"><ele>-0.4</ele></rtept><rtept lat="57.515525" lon="12.43996"><ele>-0.6</ele></rtept><rtept lat="57.515493" lon="12.439938"><ele>-0.4</ele></rtept><rtept lat="57.515475" lon="12.43992"><ele>-0.6</ele></rtept><rtept lat="57.515442" lon="12.439907"><ele>-0.8</ele></rtept><rtept lat="57.515417" lon="12.439888"><ele>-0.6</ele></rtept><rtept lat="57.515385" lon="12.439868"><ele>-1.0</ele></rtept><rtept lat="57.515353" lon="12.439858"><ele>-0.6</ele></rtept><rtept lat="57.51532" lon="12.439857"><ele>-1.0</ele></rtept><rtept lat="57.515288" lon="12.439853"><ele>-0.6</ele></rtept><rtept lat="57.515263" lon="12.439847"><ele>-0.8</ele></rtept><rtept lat="57.515225" lon="12.439827"><ele>-1.0</ele></rtept><rtept lat="57.515205" lon="12.439807"><ele>-0.8</ele></rtept><rtept lat="57.51518" lon="12.439783"><ele>-1.2</ele></rtept><rtept lat="57.515148" lon="12.439767"><ele>-0.8</ele></rtept><rtept lat="57.515103" lon="12.439748"><ele>-1.2</ele></rtept><rtept lat="57.515083" lon="12.439735"><ele>-1.0</ele></rtept><rtept lat="57.515058" lon="12.439728"><ele>-1.4</ele></rtept><rtept lat="57.515027" lon="12.439715"><ele>-1.0</ele></rtept><rtept lat="57.515" lon="12.439708"><ele>-1.2</ele></rtept><rtept lat="57.514968" lon="12.4397"><ele>-1.2</ele></rtept><rtept lat="57.514943" lon="12.439695"><ele>-1.2</ele></rtept><rtept lat="57.514923" lon="12.439688"><ele>-1.4</ele></rtept><rtept lat="57.514905" lon="12.439678"><ele>-0.8</ele></rtept><rtept lat="57.514885" lon="12.439675"><ele>-1.2</ele></rtept><rtept lat="57.514867" lon="12.439678"><ele>-1.2</ele></rtept><rtept lat="57.514847" lon="12.439688"><ele>-1.0</ele></rtept><rtept lat="57.514822" lon="12.439722"><ele>-0.6</ele></rtept><rtept lat="57.514808" lon="12.439753"><ele>-0.6</ele></rtept><rtept lat="57.514783" lon="12.439787"><ele>-0.4</ele></rtept><rtept lat="57.514763" lon="12.439837"/><rtept lat="57.514752" lon="12.439893"><ele>0.6</ele></rtept><rtept lat="57.514752" lon="12.439928"><ele>0.4</ele></rtept><rtept lat="57.514745" lon="12.439962"><ele>1.0</ele></rtept><rtept lat="57.514745" lon="12.440018"><ele>2.2</ele></rtept><rtept lat="57.514752" lon="12.440067"><ele>2.6</ele></rtept><rtept lat="57.514758" lon="12.440115"><ele>3.6</ele></rtept><rtept lat="57.51477" lon="12.440165"><ele>4.6</ele></rtept><rtept lat="57.514783" lon="12.440203"><ele>5.2</ele></rtept><rtept lat="57.51479" lon="12.440243"><ele>5.8</ele></rtept><rtept lat="57.51479" lon="12.440283"><ele>6.2</ele></rtept><rtept lat="57.514802" lon="12.440317"><ele>6.8</ele></rtept><rtept lat="57.514808" lon="12.440348"><ele>7.0</ele></rtept><rtept lat="57.514822" lon="12.440393"><ele>7.4</ele></rtept><rtept lat="57.514828" lon="12.440427"><ele>7.6</ele></rtept><rtept lat="57.514835" lon="12.440462"><ele>8.0</ele></rtept><rtept lat="57.514828" lon="12.4405"><ele>8.6</ele></rtept><rtept lat="57.514835" lon="12.44054"><ele>8.8</ele></rtept><rtept lat="57.51484" lon="12.440578"><ele>9.2</ele></rtept><rtept lat="57.514835" lon="12.440613"><ele>9.6</ele></rtept><rtept lat="57.514828" lon="12.440652"><ele>9.8</ele></rtept><rtept lat="57.514828" lon="12.440695"><ele>10.4</ele></rtept><rtept lat="57.514797" lon="12.440725"><ele>10.6</ele></rtept><rtept lat="57.514763" lon="12.440718"><ele>11.0</ele></rtept><rtept lat="57.514738" lon="12.440702"><ele>11.2</ele></rtept><rtept lat="57.514713" lon="12.440678"><ele>11.6</ele></rtept><rtept lat="57.514687" lon="12.440647"><ele>11.6</ele></rtept><rtept lat="57.514668" lon="12.440613"><ele>11.4</ele></rtept><rtept lat="57.514648" lon="12.440582"><ele>11.6</ele></rtept><rtept lat="57.51463" lon="12.44056"><ele>11.4</ele></rtept><rtept lat="57.514603" lon="12.440542"><ele>11.0</ele></rtept><rtept lat="57.514578" lon="12.440522"><ele>11.0</ele></rtept><rtept lat="57.514547" lon="12.440498"><ele>11.0</ele></rtept><rtept lat="57.51452" lon="12.44048"><ele>10.4</ele></rtept><rtept lat="57.514482" lon="12.440468"><ele>10.4</ele></rtept><rtept lat="57.51445" lon="12.440458"><ele>10.0</ele></rtept><rtept lat="57.514425" lon="12.440442"><ele>9.6</ele></rtept><rtept lat="57.514393" lon="12.440428"><ele>9.6</ele></rtept><rtept lat="57.51436" lon="12.44041"><ele>9.0</ele></rtept><rtept lat="57.514328" lon="12.440395"><ele>8.6</ele></rtept><rtept lat="57.514297" lon="12.44038"><ele>8.8</ele></rtept><rtept lat="57.514265" lon="12.440358"><ele>8.2</ele></rtept><rtept lat="57.514233" lon="12.44034"><ele>7.8</ele></rtept><rtept lat="57.514207" lon="12.440328"><ele>7.6</ele></rtept><rtept lat="57.514175" lon="12.44031"><ele>7.2</ele></rtept><rtept lat="57.514143" lon="12.440297"><ele>7.2</ele></rtept><rtept lat="57.514112" lon="12.440283"><ele>6.8</ele></rtept><rtept lat="57.514085" lon="12.440273"><ele>6.4</ele></rtept><rtept lat="57.514053" lon="12.440255"><ele>6.2</ele></rtept><rtept lat="57.514035" lon="12.440237"><ele>5.8</ele></rtept><rtept lat="57.514008" lon="12.440223"><ele>5.6</ele></rtept><rtept lat="57.513983" lon="12.440208"><ele>5.4</ele></rtept><rtept lat="57.513952" lon="12.4402"><ele>4.8</ele></rtept><rtept lat="57.513932" lon="12.440192"><ele>4.8</ele></rtept><rtept lat="57.513913" lon="12.440177"><ele>4.4</ele></rtept><rtept lat="57.513887" lon="12.440157"><ele>3.8</ele></rtept><rtept lat="57.513862" lon="12.440142"><ele>3.8</ele></rtept><rtept lat="57.513837" lon="12.440137"><ele>3.2</ele></rtept><rtept lat="57.513803" lon="12.44013"><ele>3.4</ele></rtept><rtept lat="57.513772" lon="12.440122"><ele>3.2</ele></rtept><rtept lat="57.513733" lon="12.440112"><ele>2.8</ele></rtept><rtept lat="57.513708" lon="12.440097"><ele>3.0</ele></rtept><rtept lat="57.513677" lon="12.440075"><ele>2.6</ele></rtept><rtept lat="57.513657" lon="12.44006"><ele>3.0</ele></rtept><rtept lat="57.513632" lon="12.440037"><ele>2.6</ele></rtept><rtept lat="57.513605" lon="12.440022"><ele>2.6</ele></rtept><rtept lat="57.513587" lon="12.440005"><ele>2.6</ele></rtept><rtept lat="57.513567" lon="12.439992"><ele>2.6</ele></rtept><rtept lat="57.513535" lon="12.439987"><ele>3.2</ele></rtept><rtept lat="57.513503" lon="12.439995"><ele>3.0</ele></rtept><rtept lat="57.513458" lon="12.439992"><ele>3.2</ele></rtept><rtept lat="57.513433" lon="12.43999"><ele>3.6</ele></rtept><rtept lat="57.513407" lon="12.439982"><ele>3.6</ele></rtept><rtept lat="57.513375" lon="12.439973"><ele>3.8</ele></rtept><rtept lat="57.51335" lon="12.439965"><ele>3.6</ele></rtept><rtept lat="57.513318" lon="12.439947"><ele>4.0</ele></rtept><rtept lat="57.513292" lon="12.43994"><ele>4.0</ele></rtept><rtept lat="57.513273" lon="12.439933"><ele>3.8</ele></rtept><rtept lat="57.513247" lon="12.439932"><ele>4.2</ele></rtept><rtept lat="57.513222" lon="12.439927"><ele>3.8</ele></rtept><rtept lat="57.513197" lon="12.439927"><ele>4.0</ele></rtept><rtept lat="57.51317" lon="12.439923"><ele>3.8</ele></rtept><rtept lat="57.513138" lon="12.439907"><ele>3.8</ele></rtept><rtept lat="57.5131" lon="12.439888"><ele>4.0</ele></rtept><rtept lat="57.513062" lon="12.439873"><ele>3.6</ele></rtept><rtept lat="57.513017" lon="12.439847"><ele>4.0</ele></rtept><rtept lat="57.512972" lon="12.43982"><ele>3.6</ele></rtept><rtept lat="57.512933" lon="12.439798"><ele>4.0</ele></rtept><rtept lat="57.512902" lon="12.439777"><ele>3.8</ele></rtept><rtept lat="57.512863" lon="12.439752"><ele>3.8</ele></rtept><rtept lat="57.512832" lon="12.439722"><ele>3.8</ele></rtept><rtept lat="57.512793" lon="12.439695"><ele>3.6</ele></rtept><rtept lat="57.51276" lon="12.43967"><ele>3.6</ele></rtept><rtept lat="57.512742" lon="12.439643"><ele>3.4</ele></rtept><rtept lat="57.512717" lon="12.4396"><ele>3.2</ele></rtept><rtept lat="57.512683" lon="12.439557"><ele>3.0</ele></rtept><rtept lat="57.512665" lon="12.439533"><ele>2.8</ele></rtept><rtept lat="57.512633" lon="12.43949"><ele>2.6</ele></rtept><rtept lat="57.512607" lon="12.439457"><ele>2.8</ele></rtept><rtept lat="57.512595" lon="12.439425"><ele>2.4</ele></rtept><rtept lat="57.512582" lon="12.439375"><ele>2.2</ele></rtept><rtept lat="57.512568" lon="12.439312"><ele>2.2</ele></rtept><rtept lat="57.51255" lon="12.439252"><ele>1.6</ele></rtept><rtept lat="57.512523" lon="12.439197"><ele>1.8</ele></rtept><rtept lat="57.512505" lon="12.439147"><ele>1.4</ele></rtept><rtept lat="57.512492" lon="12.439097"><ele>1.0</ele></rtept><rtept lat="57.51248" lon="12.43904"><ele>1.2</ele></rtept><rtept lat="57.51246" lon="12.438982"><ele>0.6</ele></rtept><rtept lat="57.512453" lon="12.43894"><ele>0.8</ele></rtept><rtept lat="57.512447" lon="12.438883"><ele>0.6</ele></rtept><rtept lat="57.512447" lon="12.438828"><ele>0.4</ele></rtept><rtept lat="57.512435" lon="12.438772"><ele>0.6</ele></rtept><rtept lat="57.512422" lon="12.43872"><ele>0.2</ele></rtept><rtept lat="57.512408" lon="12.438672"><ele>0.2</ele></rtept><rtept lat="57.512397" lon="12.438618"/><rtept lat="57.512383" lon="12.438573"><ele>-0.2</ele></rtept><rtept lat="57.51237" lon="12.438532"/><rtept lat="57.512358" lon="12.43848"><ele>-0.4</ele></rtept><rtept lat="57.512338" lon="12.438423"><ele>-0.6</ele></rtept><rtept lat="57.512332" lon="12.438367"><ele>-0.6</ele></rtept><rtept lat="57.51232" lon="12.438315"><ele>-1.0</ele></rtept><rtept lat="57.512307" lon="12.43824"><ele>-0.6</ele></rtept><rtept lat="57.5123" lon="12.438178"><ele>-1.0</ele></rtept><rtept lat="57.51228" lon="12.438125"><ele>-1.0</ele></rtept><rtept lat="57.512255" lon="12.438067"><ele>-0.8</ele></rtept><rtept lat="57.512237" lon="12.438017"><ele>-1.0</ele></rtept><rtept lat="57.512217" lon="12.437972"><ele>-0.8</ele></rtept><rtept lat="57.512203" lon="12.437935"><ele>-1.2</ele></rtept><rtept lat="57.512192" lon="12.437885"><ele>-1.2</ele></rtept><rtept lat="57.512178" lon="12.437827"><ele>-1.2</ele></rtept><rtept lat="57.51216" lon="12.43776"><ele>-1.4</ele></rtept><rtept lat="57.512147" lon="12.437707"><ele>-1.2</ele></rtept><rtept lat="57.512127" lon="12.43764"><ele>-1.4</ele></rtept><rtept lat="57.512108" lon="12.43757"><ele>-1.2</ele></rtept><rtept lat="57.512088" lon="12.437523"><ele>-1.6</ele></rtept><rtept lat="57.512077" lon="12.437473"><ele>-1.8</ele></rtept><rtept lat="57.512063" lon="12.437417"><ele>-1.6</ele></rtept><rtept lat="57.512057" lon="12.43736"><ele>-1.8</ele></rtept><rtept lat="57.512057" lon="12.437307"><ele>-1.6</ele></rtept><rtept lat="57.512043" lon="12.437265"><ele>-1.8</ele></rtept><rtept lat="57.512032" lon="12.437225"><ele>-1.8</ele></rtept><rtept lat="57.512025" lon="12.437178"><ele>-1.6</ele></rtept><rtept lat="57.512012" lon="12.437128"><ele>-1.6</ele></rtept><rtept lat="57.512005" lon="12.437083"><ele>-1.0</ele></rtept><rtept lat="57.511993" lon="12.437037"><ele>-1.4</ele></rtept><rtept lat="57.511987" lon="12.436982"><ele>-1.0</ele></rtept><rtept lat="57.511993" lon="12.436932"><ele>-1.2</ele></rtept><rtept lat="57.512" lon="12.436878"><ele>-1.4</ele></rtept><rtept lat="57.511993" lon="12.436828"><ele>-1.0</ele></rtept><rtept lat="57.51198" lon="12.43678"><ele>-1.0</ele></rtept><rtept lat="57.511967" lon="12.43673"><ele>-0.8</ele></rtept><rtept lat="57.51196" lon="12.436672"><ele>-0.8</ele></rtept><rtept lat="57.511948" lon="12.43661"><ele>-1.0</ele></rtept><rtept lat="57.511948" lon="12.436552"><ele>-0.8</ele></rtept><rtept lat="57.511942" lon="12.436502"><ele>-1.2</ele></rtept><rtept lat="57.511935" lon="12.436457"><ele>-1.6</ele></rtept><rtept lat="57.511922" lon="12.4364"><ele>-1.4</ele></rtept><rtept lat="57.511903" lon="12.436347"><ele>-2.2</ele></rtept><rtept lat="57.511883" lon="12.436293"><ele>-2.2</ele></rtept><rtept lat="57.511872" lon="12.436242"><ele>-2.6</ele></rtept><rtept lat="57.511872" lon="12.436188"><ele>-3.0</ele></rtept><rtept lat="57.511865" lon="12.436138"><ele>-3.0</ele></rtept><rtept lat="57.511845" lon="12.436085"><ele>-3.2</ele></rtept><rtept lat="57.51184" lon="12.436043"><ele>-3.2</ele></rtept><rtept lat="57.511827" lon="12.436003"><ele>-3.4</ele></rtept><rtept lat="57.511813" lon="12.435963"><ele>-3.6</ele></rtept><rtept lat="57.511807" lon="12.43592"><ele>-3.4</ele></rtept><rtept lat="57.5118" lon="12.435858"><ele>-3.6</ele></rtept><rtept lat="57.511782" lon="12.435812"><ele>-3.2</ele></rtept><rtept lat="57.511768" lon="12.435758"><ele>-3.6</ele></rtept><rtept lat="57.511757" lon="12.435703"><ele>-3.2</ele></rtept><rtept lat="57.511743" lon="12.435648"><ele>-3.4</ele></rtept><rtept lat="57.51173" lon="12.435587"><ele>-3.4</ele></rtept><rtept lat="57.511723" lon="12.435532"><ele>-3.2</ele></rtept><rtept lat="57.511705" lon="12.435478"><ele>-3.6</ele></rtept><rtept lat="57.511692" lon="12.435433"><ele>-3.2</ele></rtept><rtept lat="57.511673" lon="12.435383"><ele>-3.2</ele></rtept><rtept lat="57.51166" lon="12.43532"><ele>-3.4</ele></rtept><rtept lat="57.511647" lon="12.435257"><ele>-3.0</ele></rtept><rtept lat="57.511647" lon="12.435197"><ele>-3.2</ele></rtept><rtept lat="57.511647" lon="12.435142"><ele>-2.6</ele></rtept><rtept lat="57.51164" lon="12.4351"><ele>-3.0</ele></rtept><rtept lat="57.511635" lon="12.435052"><ele>-2.8</ele></rtept><rtept lat="57.511622" lon="12.435007"><ele>-2.6</ele></rtept><rtept lat="57.511608" lon="12.434957"><ele>-2.6</ele></rtept><rtept lat="57.511597" lon="12.434908"><ele>-2.0</ele></rtept><rtept lat="57.51159" lon="12.434867"><ele>-2.4</ele></rtept><rtept lat="57.511583" lon="12.434835"><ele>-2.0</ele></rtept><rtept lat="57.511583" lon="12.4348"><ele>-1.8</ele></rtept><rtept lat="57.51157" lon="12.434762"><ele>-2.0</ele></rtept><rtept lat="57.511563" lon="12.434722"><ele>-2.0</ele></rtept><rtept lat="57.511552" lon="12.43467"><ele>-2.0</ele></rtept><rtept lat="57.511545" lon="12.434617"><ele>-1.6</ele></rtept><rtept lat="57.511532" lon="12.43457"><ele>-1.6</ele></rtept><rtept lat="57.511532" lon="12.43453"><ele>-1.8</ele></rtept><rtept lat="57.51152" lon="12.4345"><ele>-1.2</ele></rtept><rtept lat="57.511513" lon="12.434467"><ele>-1.4</ele></rtept><rtept lat="57.511513" lon="12.43442"><ele>-1.0</ele></rtept><rtept lat="57.5115" lon="12.43436"><ele>-1.0</ele></rtept><rtept lat="57.511487" lon="12.434293"><ele>-1.0</ele></rtept><rtept lat="57.51148" lon="12.434248"><ele>-0.6</ele></rtept><rtept lat="57.511462" lon="12.434198"><ele>-0.6</ele></rtept><rtept lat="57.511442" lon="12.434133"><ele>0.2</ele></rtept><rtept lat="57.511423" lon="12.434062"><ele>0.2</ele></rtept><rtept lat="57.51141" lon="12.43398"><ele>0.4</ele></rtept><rtept lat="57.511398" lon="12.433883"><ele>0.6</ele></rtept><rtept lat="57.51141" lon="12.433785"><ele>1.0</ele></rtept><rtept lat="57.511423" lon="12.433692"><ele>1.6</ele></rtept><rtept lat="57.511437" lon="12.433618"><ele>1.6</ele></rtept><rtept lat="57.511437" lon="12.433543"><ele>2.2</ele></rtept><rtept lat="57.511403" lon="12.433502"><ele>2.4</ele></rtept><rtept lat="57.511398" lon="12.433463"><ele>2.6</ele></rtept><rtept lat="57.511385" lon="12.433408"><ele>3.2</ele></rtept><rtept lat="57.511372" lon="12.43334"><ele>3.4</ele></rtept><rtept lat="57.511378" lon="12.433265"><ele>4.2</ele></rtept><rtept lat="57.511372" lon="12.433203"><ele>4.2</ele></rtept><rtept lat="57.511353" lon="12.43315"><ele>4.2</ele></rtept><rtept lat="57.511333" lon="12.43311"><ele>4.6</ele></rtept><rtept lat="57.511308" lon="12.43307"><ele>5.0</ele></rtept><rtept lat="57.511302" lon="12.433022"><ele>5.6</ele></rtept><rtept lat="57.511288" lon="12.43299"><ele>5.8</ele></rtept><rtept lat="57.51127" lon="12.43294"><ele>6.4</ele></rtept><rtept lat="57.511263" lon="12.432898"><ele>6.6</ele></rtept><rtept lat="57.51125" lon="12.432863"><ele>6.8</ele></rtept><rtept lat="57.51125" lon="12.432822"><ele>7.6</ele></rtept><rtept lat="57.511238" lon="12.432792"><ele>8.2</ele></rtept><rtept lat="57.511225" lon="12.432762"><ele>8.4</ele></rtept><rtept lat="57.511212" lon="12.4327"><ele>9.0</ele></rtept><rtept lat="57.511187" lon="12.432675"><ele>9.4</ele></rtept><rtept lat="57.511155" lon="12.432633"><ele>10.0</ele></rtept><rtept lat="57.511128" lon="12.432588"><ele>10.2</ele></rtept><rtept lat="57.51111" lon="12.432558"><ele>10.2</ele></rtept><rtept lat="57.511083" lon="12.432528"><ele>10.8</ele></rtept><rtept lat="57.511052" lon="12.432503"><ele>11.8</ele></rtept><rtept lat="57.511007" lon="12.43251"><ele>12.0</ele></rtept><rtept lat="57.510975" lon="12.432513"><ele>12.6</ele></rtept><rtept lat="57.510957" lon="12.432475"><ele>12.8</ele></rtept><rtept lat="57.51095" lon="12.432405"><ele>13.8</ele></rtept><rtept lat="57.510923" lon="12.43236"><ele>13.6</ele></rtept><rtept lat="57.510912" lon="12.43231"><ele>14.4</ele></rtept><rtept lat="57.510912" lon="12.43227"><ele>14.4</ele></rtept><rtept lat="57.510905" lon="12.43222"><ele>15.2</ele></rtept><rtept lat="57.510905" lon="12.432162"><ele>16.0</ele></rtept><rtept lat="57.510905" lon="12.432128"><ele>16.0</ele></rtept><rtept lat="57.510892" lon="12.43208"><ele>17.0</ele></rtept><rtept lat="57.510867" lon="12.432042"><ele>17.8</ele></rtept><rtept lat="57.510835" lon="12.432"><ele>18.0</ele></rtept><rtept lat="57.510808" lon="12.43195"><ele>18.6</ele></rtept><rtept lat="57.510802" lon="12.43187"><ele>19.6</ele></rtept><rtept lat="57.510797" lon="12.43183"><ele>19.6</ele></rtept><rtept lat="57.510777" lon="12.43179"><ele>20.6</ele></rtept><rtept lat="57.510758" lon="12.43177"><ele>21.2</ele></rtept><rtept lat="57.510738" lon="12.43175"><ele>21.4</ele></rtept><rtept lat="57.510713" lon="12.431732"><ele>21.6</ele></rtept><rtept lat="57.510693" lon="12.43172"><ele>22.4</ele></rtept><rtept lat="57.510675" lon="12.431665"><ele>22.4</ele></rtept><rtept lat="57.510655" lon="12.431632"><ele>23.0</ele></rtept><rtept lat="57.51063" lon="12.431597"><ele>23.0</ele></rtept><rtept lat="57.510617" lon="12.431565"><ele>23.0</ele></rtept><rtept lat="57.510598" lon="12.431528"><ele>23.2</ele></rtept><rtept lat="57.510585" lon="12.431488"><ele>23.0</ele></rtept><rtept lat="57.510572" lon="12.431452"><ele>23.0</ele></rtept><rtept lat="57.510553" lon="12.431413"><ele>23.2</ele></rtept><rtept lat="57.51054" lon="12.431372"><ele>23.2</ele></rtept><rtept lat="57.510515" lon="12.431332"><ele>23.0</ele></rtept><rtept lat="57.510495" lon="12.43129"><ele>23.2</ele></rtept><rtept lat="57.510482" lon="12.431248"><ele>23.0</ele></rtept><rtept lat="57.51047" lon="12.4312"><ele>23.0</ele></rtept><rtept lat="57.510457" lon="12.431138"><ele>23.2</ele></rtept><rtept lat="57.510443" lon="12.43108"><ele>23.0</ele></rtept><rtept lat="57.510418" lon="12.431032"><ele>23.0</ele></rtept><rtept lat="57.510412" lon="12.430982"><ele>23.0</ele></rtept><rtept lat="57.510393" lon="12.43094"><ele>22.8</ele></rtept><rtept lat="57.51038" lon="12.4309"><ele>22.8</ele></rtept><rtept lat="57.51036" lon="12.430858"><ele>22.6</ele></rtept><rtept lat="57.510342" lon="12.43082"><ele>22.0</ele></rtept><rtept lat="57.510322" lon="12.43078"><ele>21.4</ele></rtept><rtept lat="57.510297" lon="12.43074"><ele>21.4</ele></rtept><rtept lat="57.510283" lon="12.430698"><ele>21.2</ele></rtept><rtept lat="57.510272" lon="12.430653"><ele>20.6</ele></rtept><rtept lat="57.510252" lon="12.430603"><ele>20.4</ele></rtept><rtept lat="57.51024" lon="12.430565"><ele>20.4</ele></rtept><rtept lat="57.510227" lon="12.430525"><ele>19.8</ele></rtept><rtept lat="57.510207" lon="12.43049"><ele>19.8</ele></rtept><rtept lat="57.510182" lon="12.430457"><ele>19.6</ele></rtept><rtept lat="57.510162" lon="12.43042"><ele>19.2</ele></rtept><rtept lat="57.510143" lon="12.43037"><ele>19.4</ele></rtept><rtept lat="57.51013" lon="12.43032"><ele>19.0</ele></rtept><rtept lat="57.510118" lon="12.430278"><ele>18.8</ele></rtept><rtept lat="57.510105" lon="12.430245"><ele>18.8</ele></rtept><rtept lat="57.510092" lon="12.43022"><ele>18.4</ele></rtept><rtept lat="57.510053" lon="12.430205"><ele>18.6</ele></rtept><rtept lat="57.510035" lon="12.43022"><ele>19.0</ele></rtept><rtept lat="57.510008" lon="12.43025"><ele>19.8</ele></rtept><rtept lat="57.509997" lon="12.430277"><ele>20.4</ele></rtept><rtept lat="57.509977" lon="12.430315"><ele>21.6</ele></rtept><rtept lat="57.509958" lon="12.430323"><ele>22.2</ele></rtept><rtept lat="57.509932" lon="12.43035"><ele>23.0</ele></rtept><rtept lat="57.509913" lon="12.430357"><ele>23.8</ele></rtept><rtept lat="57.50988" lon="12.430368"><ele>24.2</ele></rtept><rtept lat="57.509855" lon="12.430368"><ele>24.6</ele></rtept><rtept lat="57.509823" lon="12.430357"><ele>25.4</ele></rtept><rtept lat="57.509803" lon="12.430352"><ele>25.8</ele></rtept><rtept lat="57.509785" lon="12.43035"><ele>26.4</ele></rtept><rtept lat="57.50976" lon="12.430337"><ele>26.4</ele></rtept><rtept lat="57.509727" lon="12.430297"><ele>27.0</ele></rtept><rtept lat="57.509695" lon="12.430247"><ele>27.8</ele></rtept><rtept lat="57.509677" lon="12.430235"><ele>28.0</ele></rtept><rtept lat="57.509657" lon="12.43022"><ele>28.8</ele></rtept><rtept lat="57.509632" lon="12.430205"><ele>29.0</ele></rtept><rtept lat="57.509612" lon="12.430182"><ele>29.6</ele></rtept><rtept lat="57.509587" lon="12.430172"><ele>30.2</ele></rtept><rtept lat="57.509567" lon="12.430158"><ele>30.2</ele></rtept><rtept lat="57.509535" lon="12.430125"><ele>31.0</ele></rtept><rtept lat="57.509517" lon="12.43012"><ele>31.2</ele></rtept><rtept lat="57.509483" lon="12.430113"><ele>31.4</ele></rtept><rtept lat="57.509465" lon="12.430107"><ele>31.8</ele></rtept><rtept lat="57.509445" lon="12.430097"><ele>31.8</ele></rtept><rtept lat="57.509427" lon="12.430083"><ele>31.8</ele></rtept><rtept lat="57.5094" lon="12.430077"><ele>32.2</ele></rtept><rtept lat="57.509382" lon="12.430068"><ele>32.4</ele></rtept><rtept lat="57.509357" lon="12.430067"><ele>32.6</ele></rtept><rtept lat="57.50933" lon="12.430062"><ele>33.0</ele></rtept><rtept lat="57.509305" lon="12.430048"><ele>33.0</ele></rtept><rtept lat="57.509273" lon="12.430032"><ele>33.6</ele></rtept><rtept lat="57.509247" lon="12.430012"><ele>33.6</ele></rtept><rtept lat="57.509235" lon="12.429978"><ele>33.6</ele></rtept><rtept lat="57.509197" lon="12.429938"><ele>34.0</ele></rtept><rtept lat="57.509158" lon="12.429933"><ele>34.2</ele></rtept><rtept lat="57.509138" lon="12.429882"><ele>34.2</ele></rtept><rtept lat="57.5091" lon="12.429825"><ele>34.6</ele></rtept><rtept lat="57.509062" lon="12.429782"><ele>34.8</ele></rtept><rtept lat="57.50903" lon="12.42977"><ele>35.4</ele></rtept><rtept lat="57.509003" lon="12.42977"><ele>35.4</ele></rtept><rtept lat="57.50896" lon="12.42975"><ele>35.6</ele></rtept><rtept lat="57.50892" lon="12.429737"><ele>36.2</ele></rtept><rtept lat="57.508882" lon="12.429718"><ele>36.4</ele></rtept><rtept lat="57.508838" lon="12.429717"><ele>36.2</ele></rtept><rtept lat="57.508787" lon="12.429715"><ele>36.4</ele></rtept><rtept lat="57.50876" lon="12.429705"><ele>36.4</ele></rtept><rtept lat="57.508722" lon="12.42969"><ele>36.6</ele></rtept><rtept lat="57.50869" lon="12.429665"><ele>36.8</ele></rtept><rtept lat="57.508665" lon="12.429617"><ele>36.6</ele></rtept><rtept lat="57.50862" lon="12.429552"><ele>37.0</ele></rtept><rtept lat="57.508613" lon="12.429507"><ele>36.8</ele></rtept><rtept lat="57.508627" lon="12.429475"><ele>37.4</ele></rtept><rtept lat="57.508607" lon="12.429438"><ele>37.2</ele></rtept><rtept lat="57.508607" lon="12.429363"><ele>37.0</ele></rtept><rtept lat="57.508582" lon="12.429307"><ele>37.4</ele></rtept><rtept lat="57.508557" lon="12.429257"><ele>37.4</ele></rtept><rtept lat="57.508543" lon="12.429222"><ele>37.6</ele></rtept><rtept lat="57.508537" lon="12.429175"><ele>37.8</ele></rtept><rtept lat="57.508518" lon="12.4291"><ele>37.8</ele></rtept><rtept lat="57.508518" lon="12.429055"><ele>38.2</ele></rtept><rtept lat="57.508512" lon="12.42901"><ele>38.4</ele></rtept><rtept lat="57.508492" lon="12.428978"><ele>38.4</ele></rtept><rtept lat="57.50848" lon="12.42894"><ele>38.8</ele></rtept><rtept lat="57.50844" lon="12.428915"><ele>38.8</ele></rtept><rtept lat="57.50839" lon="12.428915"><ele>38.8</ele></rtept><rtept lat="57.508352" lon="12.428905"><ele>39.0</ele></rtept><rtept lat="57.508332" lon="12.428882"><ele>39.0</ele></rtept><rtept lat="57.50832" lon="12.42882"><ele>39.4</ele></rtept><rtept lat="57.508345" lon="12.428758"><ele>39.4</ele></rtept><rtept lat="57.508377" lon="12.428713"><ele>39.6</ele></rtept><rtept lat="57.50839" lon="12.428682"><ele>40.0</ele></rtept><rtept lat="57.50837" lon="12.428652"><ele>40.0</ele></rtept><rtept lat="57.508345" lon="12.428602"><ele>40.8</ele></rtept><rtept lat="57.508325" lon="12.428587"><ele>40.8</ele></rtept><rtept lat="57.508293" lon="12.428543"><ele>40.6</ele></rtept><rtept lat="57.50828" lon="12.428518"><ele>41.0</ele></rtept><rtept lat="57.508248" lon="12.428475"><ele>42.0</ele></rtept><rtept lat="57.50823" lon="12.428463"><ele>42.0</ele></rtept><rtept lat="57.508198" lon="12.428465"><ele>42.2</ele></rtept><rtept lat="57.508178" lon="12.428462"><ele>42.0</ele></rtept><rtept lat="57.508153" lon="12.428455"><ele>41.8</ele></rtept><rtept lat="57.50812" lon="12.428428"><ele>42.0</ele></rtept><rtept lat="57.508095" lon="12.428385"><ele>42.4</ele></rtept><rtept lat="57.50807" lon="12.428368"><ele>42.2</ele></rtept><rtept lat="57.50805" lon="12.42835"><ele>42.4</ele></rtept><rtept lat="57.508018" lon="12.42833"><ele>42.6</ele></rtept><rtept lat="57.507993" lon="12.428303"><ele>42.4</ele></rtept><rtept lat="57.507967" lon="12.428268"><ele>42.6</ele></rtept><rtept lat="57.507948" lon="12.428232"><ele>42.8</ele></rtept><rtept lat="57.507928" lon="12.428192"><ele>43.0</ele></rtept><rtept lat="57.507917" lon="12.428145"><ele>42.8</ele></rtept><rtept lat="57.507897" lon="12.428112"><ele>43.0</ele></rtept><rtept lat="57.507883" lon="12.428085"><ele>43.4</ele></rtept><rtept lat="57.507852" lon="12.428058"><ele>43.8</ele></rtept><rtept lat="57.507827" lon="12.428038"><ele>43.8</ele></rtept><rtept lat="57.507807" lon="12.428012"><ele>44.2</ele></rtept><rtept lat="57.507775" lon="12.427968"><ele>44.6</ele></rtept><rtept lat="57.507757" lon="12.427943"><ele>45.0</ele></rtept><rtept lat="57.50773" lon="12.4279"><ele>45.2</ele></rtept><rtept lat="57.507718" lon="12.427858"><ele>45.0</ele></rtept><rtept lat="57.507698" lon="12.427828"><ele>45.0</ele></rtept><rtept lat="57.507692" lon="12.427795"><ele>45.2</ele></rtept><rtept lat="57.507692" lon="12.427745"><ele>45.2</ele></rtept><rtept lat="57.50768" lon="12.427688"><ele>45.2</ele></rtept><rtept lat="57.50766" lon="12.427658"><ele>45.2</ele></rtept><rtept lat="57.50764" lon="12.427613"><ele>45.2</ele></rtept><rtept lat="57.507628" lon="12.427575"><ele>44.8</ele></rtept><rtept lat="57.507597" lon="12.427518"><ele>45.0</ele></rtept><rtept lat="57.50759" lon="12.427462"><ele>45.0</ele></rtept><rtept lat="57.507583" lon="12.427412"><ele>45.0</ele></rtept><rtept lat="57.507577" lon="12.427358"><ele>45.4</ele></rtept><rtept lat="57.50757" lon="12.427317"><ele>45.4</ele></rtept><rtept lat="57.507552" lon="12.427277"><ele>45.4</ele></rtept><rtept lat="57.507538" lon="12.42724"><ele>45.8</ele></rtept><rtept lat="57.507513" lon="12.427198"><ele>45.6</ele></rtept><rtept lat="57.507493" lon="12.427158"><ele>45.6</ele></rtept><rtept lat="57.507487" lon="12.427112"><ele>45.8</ele></rtept><rtept lat="57.50748" lon="12.427062"><ele>45.6</ele></rtept><rtept lat="57.507462" lon="12.42701"><ele>45.8</ele></rtept><rtept lat="57.507442" lon="12.426975"><ele>45.6</ele></rtept><rtept lat="57.50743" lon="12.426937"><ele>45.4</ele></rtept><rtept lat="57.507398" lon="12.42689"><ele>45.8</ele></rtept><rtept lat="57.507378" lon="12.426852"><ele>45.2</ele></rtept><rtept lat="57.507358" lon="12.426815"><ele>45.4</ele></rtept><rtept lat="57.50734" lon="12.426778"><ele>45.4</ele></rtept><rtept lat="57.507327" lon="12.42674"><ele>45.0</ele></rtept><rtept lat="57.507302" lon="12.426698"><ele>45.2</ele></rtept><rtept lat="57.507282" lon="12.426617"><ele>44.6</ele></rtept><rtept lat="57.507277" lon="12.426573"><ele>45.0</ele></rtept><rtept lat="57.507263" lon="12.426533"><ele>44.6</ele></rtept><rtept lat="57.507257" lon="12.426498"><ele>45.0</ele></rtept><rtept lat="57.507243" lon="12.426453"><ele>44.6</ele></rtept><rtept lat="57.507232" lon="12.426415"><ele>44.4</ele></rtept><rtept lat="57.507218" lon="12.42638"><ele>44.8</ele></rtept><rtept lat="57.507205" lon="12.426313"><ele>44.8</ele></rtept><rtept lat="57.5072" lon="12.42626"><ele>44.6</ele></rtept><rtept lat="57.507187" lon="12.426223"><ele>44.6</ele></rtept><rtept lat="57.507173" lon="12.42618"><ele>45.0</ele></rtept><rtept lat="57.50716" lon="12.42613"><ele>44.8</ele></rtept><rtept lat="57.507142" lon="12.426097"><ele>44.6</ele></rtept><rtept lat="57.507128" lon="12.426052"><ele>44.8</ele></rtept><rtept lat="57.507122" lon="12.426018"><ele>44.6</ele></rtept><rtept lat="57.507117" lon="12.425982"><ele>44.8</ele></rtept><rtept lat="57.507097" lon="12.42594"><ele>44.6</ele></rtept><rtept lat="57.507078" lon="12.425897"><ele>44.6</ele></rtept><rtept lat="57.50704" lon="12.425843"><ele>44.8</ele></rtept><rtept lat="57.50702" lon="12.425808"><ele>44.6</ele></rtept><rtept lat="57.507" lon="12.425773"><ele>44.2</ele></rtept><rtept lat="57.506982" lon="12.425727"><ele>44.4</ele></rtept><rtept lat="57.506975" lon="12.425688"><ele>44.0</ele></rtept><rtept lat="57.506962" lon="12.425638"><ele>43.8</ele></rtept><rtept lat="57.506937" lon="12.425578"><ele>44.0</ele></rtept><rtept lat="57.506905" lon="12.42553"><ele>43.4</ele></rtept><rtept lat="57.506898" lon="12.425495"><ele>43.2</ele></rtept><rtept lat="57.50688" lon="12.42546"><ele>43.2</ele></rtept><rtept lat="57.50686" lon="12.425432"><ele>42.8</ele></rtept><rtept lat="57.506847" lon="12.4254"><ele>42.8</ele></rtept><rtept lat="57.506822" lon="12.425357"><ele>42.8</ele></rtept><rtept lat="57.506802" lon="12.425322"><ele>42.4</ele></rtept><rtept lat="57.50677" lon="12.42529"><ele>42.4</ele></rtept><rtept lat="57.506745" lon="12.425258"><ele>42.2</ele></rtept><rtept lat="57.50672" lon="12.425252"><ele>41.8</ele></rtept><rtept lat="57.506687" lon="12.425238"><ele>42.2</ele></rtept><rtept lat="57.506662" lon="12.425227"><ele>42.4</ele></rtept><rtept lat="57.506642" lon="12.425218"><ele>43.0</ele></rtept><rtept lat="57.506623" lon="12.425187"><ele>43.0</ele></rtept><rtept lat="57.506603" lon="12.425172"><ele>42.8</ele></rtept><rtept lat="57.506578" lon="12.425153"><ele>44.0</ele></rtept><rtept lat="57.506553" lon="12.425147"><ele>44.6</ele></rtept><rtept lat="57.506527" lon="12.42514"><ele>44.6</ele></rtept><rtept lat="57.506502" lon="12.425123"><ele>45.4</ele></rtept><rtept lat="57.506482" lon="12.425112"><ele>45.4</ele></rtept><rtept lat="57.506443" lon="12.425093"><ele>46.0</ele></rtept><rtept lat="57.506418" lon="12.425088"><ele>46.0</ele></rtept><rtept lat="57.506387" lon="12.425078"><ele>47.0</ele></rtept><rtept lat="57.50636" lon="12.42506"><ele>47.0</ele></rtept><rtept lat="57.506342" lon="12.42504"><ele>47.2</ele></rtept><rtept lat="57.506322" lon="12.425027"><ele>47.4</ele></rtept><rtept lat="57.50631" lon="12.425002"><ele>47.4</ele></rtept><rtept lat="57.50629" lon="12.424958"><ele>48.0</ele></rtept><rtept lat="57.506272" lon="12.424933"><ele>48.2</ele></rtept><rtept lat="57.506245" lon="12.424903"><ele>48.6</ele></rtept><rtept lat="57.506227" lon="12.42488"><ele>48.6</ele></rtept><rtept lat="57.506213" lon="12.424855"><ele>48.4</ele></rtept><rtept lat="57.506195" lon="12.424833"><ele>48.6</ele></rtept><rtept lat="57.506175" lon="12.424823"><ele>48.6</ele></rtept><rtept lat="57.506143" lon="12.42481"><ele>49.0</ele></rtept><rtept lat="57.506123" lon="12.424795"><ele>49.0</ele></rtept><rtept lat="57.506098" lon="12.42477"><ele>48.8</ele></rtept><rtept lat="57.506078" lon="12.42475"><ele>49.4</ele></rtept><rtept lat="57.50606" lon="12.424723"><ele>49.2</ele></rtept><rtept lat="57.506035" lon="12.424685"><ele>49.0</ele></rtept><rtept lat="57.506002" lon="12.424658"><ele>49.4</ele></rtept><rtept lat="57.50597" lon="12.424625"><ele>49.2</ele></rtept><rtept lat="57.505945" lon="12.424577"><ele>49.8</ele></rtept><rtept lat="57.505913" lon="12.424522"><ele>49.4</ele></rtept><rtept lat="57.505893" lon="12.424487"><ele>49.2</ele></rtept><rtept lat="57.505868" lon="12.42446"><ele>49.4</ele></rtept><rtept lat="57.505848" lon="12.42444"><ele>49.8</ele></rtept><rtept lat="57.505823" lon="12.424427"><ele>49.8</ele></rtept><rtept lat="57.505803" lon="12.424407"><ele>49.4</ele></rtept><rtept lat="57.505785" lon="12.424393"><ele>49.8</ele></rtept><rtept lat="57.505765" lon="12.42438"><ele>49.6</ele></rtept><rtept lat="57.505747" lon="12.424362"><ele>50.0</ele></rtept><rtept lat="57.505727" lon="12.424342"><ele>50.0</ele></rtept><rtept lat="57.505702" lon="12.424298"><ele>50.6</ele></rtept><rtept lat="57.505682" lon="12.424278"><ele>50.4</ele></rtept><rtept lat="57.505657" lon="12.424268"><ele>50.8</ele></rtept><rtept lat="57.505625" lon="12.424253"><ele>50.8</ele></rtept><rtept lat="57.5056" lon="12.424228"><ele>50.8</ele></rtept><rtept lat="57.505567" lon="12.424205"><ele>51.2</ele></rtept><rtept lat="57.505535" lon="12.424188"><ele>51.2</ele></rtept><rtept lat="57.505497" lon="12.42417"><ele>51.4</ele></rtept><rtept lat="57.505465" lon="12.424148"><ele>51.6</ele></rtept><rtept lat="57.50544" lon="12.424117"><ele>51.4</ele></rtept><rtept lat="57.505413" lon="12.424077"><ele>51.6</ele></rtept><rtept lat="57.5054" lon="12.424043"><ele>51.6</ele></rtept><rtept lat="57.505382" lon="12.424007"><ele>51.4</ele></rtept><rtept lat="57.505362" lon="12.423958"><ele>51.4</ele></rtept><rtept lat="57.505337" lon="12.423915"><ele>51.8</ele></rtept><rtept lat="57.505323" lon="12.42388"><ele>51.4</ele></rtept><rtept lat="57.505312" lon="12.423855"><ele>51.2</ele></rtept><rtept lat="57.505298" lon="12.423822"><ele>51.4</ele></rtept><rtept lat="57.505285" lon="12.423787"><ele>51.2</ele></rtept><rtept lat="57.505273" lon="12.42374"><ele>51.0</ele></rtept><rtept lat="57.50526" lon="12.423673"><ele>51.2</ele></rtept><rtept lat="57.505253" lon="12.423607"><ele>51.2</ele></rtept><rtept lat="57.505247" lon="12.423518"><ele>51.6</ele></rtept><rtept lat="57.505235" lon="12.423443"><ele>51.6</ele></rtept><rtept lat="57.505228" lon="12.423388"><ele>51.2</ele></rtept><rtept lat="57.505222" lon="12.42335"><ele>51.0</ele></rtept><rtept lat="57.505228" lon="12.423317"><ele>51.0</ele></rtept><rtept lat="57.505228" lon="12.42328"><ele>50.6</ele></rtept><rtept lat="57.50524" lon="12.42324"><ele>50.4</ele></rtept><rtept lat="57.505247" lon="12.423195"><ele>50.4</ele></rtept><rtept lat="57.505253" lon="12.42316"><ele>50.0</ele></rtept><rtept lat="57.50526" lon="12.423127"><ele>49.8</ele></rtept><rtept lat="57.505267" lon="12.423093"><ele>49.6</ele></rtept><rtept lat="57.505273" lon="12.42302"><ele>49.4</ele></rtept><rtept lat="57.505273" lon="12.42296"><ele>49.0</ele></rtept><rtept lat="57.50526" lon="12.422882"><ele>48.8</ele></rtept><rtept lat="57.505247" lon="12.422795"><ele>48.6</ele></rtept><rtept lat="57.505235" lon="12.422693"><ele>48.2</ele></rtept><rtept lat="57.505228" lon="12.42256"><ele>48.2</ele></rtept><rtept lat="57.505208" lon="12.422452"><ele>47.8</ele></rtept><rtept lat="57.50517" lon="12.422347"><ele>48.2</ele></rtept><rtept lat="57.50517" lon="12.422258"><ele>47.4</ele></rtept><rtept lat="57.50519" lon="12.422173"><ele>47.2</ele></rtept><rtept lat="57.505197" lon="12.422095"><ele>46.8</ele></rtept><rtept lat="57.505177" lon="12.422068"><ele>46.4</ele></rtept><rtept lat="57.505158" lon="12.422045"><ele>45.8</ele></rtept><rtept lat="57.505158" lon="12.422008"><ele>45.6</ele></rtept><rtept lat="57.505158" lon="12.42196"><ele>45.6</ele></rtept><rtept lat="57.505163" lon="12.42192"><ele>45.4</ele></rtept><rtept lat="57.50517" lon="12.421852"><ele>44.8</ele></rtept><rtept lat="57.505177" lon="12.4218"><ele>44.0</ele></rtept><rtept lat="57.505177" lon="12.421758"><ele>44.2</ele></rtept><rtept lat="57.505183" lon="12.421725"><ele>44.0</ele></rtept><rtept lat="57.505163" lon="12.421738"><ele>43.6</ele></rtept><rtept lat="57.505132" lon="12.421737"><ele>43.2</ele></rtept><rtept lat="57.505113" lon="12.421718"><ele>44.0</ele></rtept><rtept lat="57.505093" lon="12.421693"><ele>43.4</ele></rtept><rtept lat="57.505087" lon="12.421653"><ele>43.4</ele></rtept><rtept lat="57.50508" lon="12.421608"><ele>43.2</ele></rtept><rtept lat="57.50508" lon="12.42156"><ele>43.2</ele></rtept><rtept lat="57.505075" lon="12.421503"><ele>43.6</ele></rtept><rtept lat="57.505068" lon="12.421462"><ele>43.0</ele></rtept><rtept lat="57.505068" lon="12.421418"><ele>42.4</ele></rtept><rtept lat="57.505075" lon="12.421373"><ele>42.8</ele></rtept><rtept lat="57.505075" lon="12.42131"><ele>42.2</ele></rtept><rtept lat="57.505075" lon="12.421248"><ele>42.2</ele></rtept><rtept lat="57.505075" lon="12.4212"><ele>42.2</ele></rtept><rtept lat="57.505075" lon="12.42116"><ele>42.0</ele></rtept><rtept lat="57.50508" lon="12.421118"><ele>42.4</ele></rtept><rtept lat="57.50508" lon="12.421078"><ele>41.8</ele></rtept><rtept lat="57.505075" lon="12.421025"><ele>41.6</ele></rtept><rtept lat="57.505075" lon="12.420992"><ele>41.8</ele></rtept><rtept lat="57.505048" lon="12.42094"><ele>41.4</ele></rtept><rtept lat="57.50503" lon="12.420882"><ele>41.0</ele></rtept><rtept lat="57.505017" lon="12.420847"><ele>41.2</ele></rtept><rtept lat="57.505003" lon="12.420817"><ele>41.2</ele></rtept><rtept lat="57.504992" lon="12.420792"><ele>40.8</ele></rtept><rtept lat="57.504985" lon="12.42076"><ele>40.8</ele></rtept><rtept lat="57.504972" lon="12.420728"><ele>41.0</ele></rtept><rtept lat="57.504947" lon="12.420718"><ele>40.6</ele></rtept><rtept lat="57.504927" lon="12.420698"><ele>40.8</ele></rtept><rtept lat="57.504908" lon="12.420653"><ele>41.0</ele></rtept><rtept lat="57.504882" lon="12.420595"><ele>41.2</ele></rtept><rtept lat="57.504857" lon="12.420563"><ele>40.8</ele></rtept><rtept lat="57.504832" lon="12.420532"><ele>40.8</ele></rtept><rtept lat="57.5048" lon="12.420503"><ele>40.8</ele></rtept><rtept lat="57.504767" lon="12.42047"><ele>40.4</ele></rtept><rtept lat="57.504748" lon="12.42044"><ele>40.6</ele></rtept><rtept lat="57.504728" lon="12.420405"><ele>40.6</ele></rtept><rtept lat="57.504717" lon="12.420375"><ele>40.2</ele></rtept><rtept lat="57.50469" lon="12.420325"><ele>40.4</ele></rtept><rtept lat="57.504678" lon="12.42028"><ele>39.8</ele></rtept><rtept lat="57.504652" lon="12.420237"><ele>39.4</ele></rtept><rtept lat="57.50464" lon="12.420182"><ele>39.6</ele></rtept><rtept lat="57.504627" lon="12.420133"><ele>39.2</ele></rtept><rtept lat="57.50462" lon="12.420078"><ele>38.8</ele></rtept><rtept lat="57.50462" lon="12.420015"><ele>38.8</ele></rtept><rtept lat="57.504613" lon="12.419958"><ele>38.4</ele></rtept><rtept lat="57.5046" lon="12.41992"><ele>38.0</ele></rtept><rtept lat="57.504575" lon="12.419895"><ele>38.2</ele></rtept><rtept lat="57.504557" lon="12.41987"><ele>38.2</ele></rtept><rtept lat="57.50453" lon="12.41984"><ele>37.8</ele></rtept><rtept lat="57.504518" lon="12.419803"><ele>37.8</ele></rtept><rtept lat="57.504498" lon="12.41976"><ele>37.4</ele></rtept><rtept lat="57.50448" lon="12.419717"><ele>36.8</ele></rtept><rtept lat="57.504473" lon="12.41968"><ele>37.0</ele></rtept><rtept lat="57.504453" lon="12.41965"><ele>36.4</ele></rtept><rtept lat="57.504435" lon="12.419618"><ele>35.8</ele></rtept><rtept lat="57.504415" lon="12.419585"><ele>36.0</ele></rtept><rtept lat="57.504397" lon="12.419553"><ele>35.6</ele></rtept><rtept lat="57.504377" lon="12.41952"><ele>35.2</ele></rtept><rtept lat="57.504358" lon="12.419493"><ele>35.2</ele></rtept><rtept lat="57.504338" lon="12.419467"><ele>34.6</ele></rtept><rtept lat="57.504307" lon="12.419433"><ele>34.4</ele></rtept><rtept lat="57.50428" lon="12.41942"><ele>34.6</ele></rtept><rtept lat="57.504262" lon="12.4194"><ele>34.4</ele></rtept><rtept lat="57.504242" lon="12.419368"><ele>34.4</ele></rtept><rtept lat="57.504217" lon="12.419322"><ele>34.8</ele></rtept><rtept lat="57.504192" lon="12.419275"><ele>34.6</ele></rtept><rtept lat="57.504178" lon="12.419223"><ele>34.0</ele></rtept><rtept lat="57.504165" lon="12.419163"><ele>34.2</ele></rtept><rtept lat="57.504153" lon="12.419097"><ele>33.6</ele></rtept><rtept lat="57.504133" lon="12.419038"><ele>32.8</ele></rtept><rtept lat="57.50412" lon="12.418992"><ele>32.8</ele></rtept><rtept lat="57.504102" lon="12.41893"><ele>32.2</ele></rtept><rtept lat="57.504095" lon="12.418887"><ele>32.0</ele></rtept><rtept lat="57.504088" lon="12.418842"><ele>32.2</ele></rtept><rtept lat="57.504077" lon="12.418793"><ele>31.6</ele></rtept><rtept lat="57.504057" lon="12.418742"><ele>31.6</ele></rtept><rtept lat="57.504038" lon="12.418688"><ele>31.4</ele></rtept><rtept lat="57.504018" lon="12.418633"><ele>31.0</ele></rtept><rtept lat="57.503993" lon="12.418575"><ele>30.8</ele></rtept><rtept lat="57.503967" lon="12.418528"><ele>30.8</ele></rtept><rtept lat="57.503948" lon="12.41849"><ele>30.2</ele></rtept><rtept lat="57.503922" lon="12.41846"><ele>30.0</ele></rtept><rtept lat="57.503903" lon="12.41842"><ele>29.6</ele></rtept><rtept lat="57.503878" lon="12.418362"><ele>29.4</ele></rtept><rtept lat="57.503865" lon="12.418317"><ele>29.2</ele></rtept><rtept lat="57.503858" lon="12.41826"><ele>29.4</ele></rtept><rtept lat="57.503872" lon="12.418205"><ele>29.0</ele></rtept><rtept lat="57.503878" lon="12.418118"><ele>28.4</ele></rtept><rtept lat="57.503883" lon="12.41806"><ele>28.6</ele></rtept><rtept lat="57.50389" lon="12.418012"><ele>28.0</ele></rtept><rtept lat="57.503897" lon="12.417962"><ele>28.2</ele></rtept><rtept lat="57.503897" lon="12.417902"><ele>27.8</ele></rtept><rtept lat="57.50389" lon="12.41784"><ele>27.6</ele></rtept><rtept lat="57.503883" lon="12.417778"><ele>26.6</ele></rtept><rtept lat="57.503897" lon="12.417717"><ele>26.4</ele></rtept><rtept lat="57.503897" lon="12.41766"><ele>25.6</ele></rtept><rtept lat="57.50391" lon="12.417612"><ele>25.2</ele></rtept><rtept lat="57.503917" lon="12.417572"><ele>25.2</ele></rtept><rtept lat="57.503922" lon="12.417538"><ele>24.4</ele></rtept><rtept lat="57.503922" lon="12.4175"><ele>23.8</ele></rtept><rtept lat="57.503917" lon="12.417453"><ele>23.8</ele></rtept><rtept lat="57.503903" lon="12.4174"><ele>23.4</ele></rtept><rtept lat="57.503897" lon="12.417347"><ele>23.4</ele></rtept><rtept lat="57.503883" lon="12.417308"><ele>22.8</ele></rtept><rtept lat="57.503878" lon="12.417267"><ele>22.8</ele></rtept><rtept lat="57.503878" lon="12.417215"><ele>22.8</ele></rtept><rtept lat="57.503878" lon="12.417148"><ele>23.0</ele></rtept><rtept lat="57.503872" lon="12.41709"><ele>23.2</ele></rtept><rtept lat="57.503872" lon="12.417035"><ele>23.0</ele></rtept><rtept lat="57.503865" lon="12.416975"><ele>22.8</ele></rtept><rtept lat="57.503858" lon="12.41692"><ele>23.0</ele></rtept><rtept lat="57.503845" lon="12.41687"><ele>22.4</ele></rtept><rtept lat="57.50384" lon="12.416818"><ele>22.0</ele></rtept><rtept lat="57.503827" lon="12.416767"><ele>22.2</ele></rtept><rtept lat="57.503813" lon="12.416713"><ele>21.6</ele></rtept><rtept lat="57.503788" lon="12.416668"><ele>21.0</ele></rtept><rtept lat="57.503768" lon="12.41662"><ele>21.2</ele></rtept><rtept lat="57.503762" lon="12.416562"><ele>20.6</ele></rtept><rtept lat="57.503768" lon="12.416518"><ele>20.4</ele></rtept><rtept lat="57.503762" lon="12.41648"><ele>20.2</ele></rtept><rtept lat="57.50375" lon="12.416445"><ele>19.6</ele></rtept><rtept lat="57.503737" lon="12.416418"><ele>19.8</ele></rtept><rtept lat="57.503723" lon="12.416385"><ele>19.2</ele></rtept><rtept lat="57.503705" lon="12.416345"><ele>19.0</ele></rtept><rtept lat="57.503685" lon="12.41631"><ele>19.2</ele></rtept><rtept lat="57.503667" lon="12.41629"><ele>19.0</ele></rtept><rtept lat="57.503635" lon="12.416277"><ele>18.8</ele></rtept><rtept lat="57.503602" lon="12.416262"><ele>18.8</ele></rtept><rtept lat="57.503583" lon="12.41624"><ele>18.6</ele></rtept><rtept lat="57.503558" lon="12.41622"><ele>19.0</ele></rtept><rtept lat="57.503532" lon="12.416205"><ele>18.6</ele></rtept><rtept lat="57.503507" lon="12.416192"><ele>18.8</ele></rtept><rtept lat="57.50348" lon="12.416172"><ele>18.4</ele></rtept><rtept lat="57.503455" lon="12.41614"><ele>18.0</ele></rtept><rtept lat="57.50343" lon="12.416098"><ele>18.4</ele></rtept><rtept lat="57.503403" lon="12.416058"><ele>18.0</ele></rtept><rtept lat="57.503385" lon="12.41602"><ele>18.4</ele></rtept><rtept lat="57.50336" lon="12.415973"><ele>18.2</ele></rtept><rtept lat="57.503327" lon="12.415942"><ele>18.4</ele></rtept><rtept lat="57.503308" lon="12.415913"><ele>18.6</ele></rtept><rtept lat="57.503288" lon="12.415888"><ele>18.6</ele></rtept><rtept lat="57.50327" lon="12.415863"><ele>19.2</ele></rtept><rtept lat="57.50325" lon="12.415843"><ele>19.2</ele></rtept><rtept lat="57.503232" lon="12.415828"><ele>19.2</ele></rtept><rtept lat="57.503205" lon="12.41581"><ele>19.4</ele></rtept><rtept lat="57.50318" lon="12.415793"><ele>19.4</ele></rtept><rtept lat="57.503148" lon="12.415773"><ele>20.0</ele></rtept><rtept lat="57.503122" lon="12.415753"><ele>20.0</ele></rtept><rtept lat="57.50309" lon="12.41572"><ele>19.8</ele></rtept><rtept lat="57.503072" lon="12.415695"><ele>20.0</ele></rtept><rtept lat="57.503045" lon="12.415677"><ele>19.8</ele></rtept><rtept lat="57.503013" lon="12.415665"><ele>19.8</ele></rtept><rtept lat="57.502988" lon="12.41565"><ele>19.8</ele></rtept><rtept lat="57.502968" lon="12.415637"><ele>19.6</ele></rtept><rtept lat="57.502943" lon="12.415617"><ele>19.8</ele></rtept><rtept lat="57.502918" lon="12.415592"><ele>19.6</ele></rtept><rtept lat="57.502892" lon="12.415572"><ele>19.6</ele></rtept><rtept lat="57.502873" lon="12.415562"><ele>19.0</ele></rtept><rtept lat="57.502847" lon="12.41554"><ele>18.8</ele></rtept><rtept lat="57.502828" lon="12.415515"><ele>19.0</ele></rtept><rtept lat="57.502808" lon="12.415498"><ele>18.6</ele></rtept><rtept lat="57.502783" lon="12.41548"><ele>19.0</ele></rtept><rtept lat="57.502752" lon="12.415467"><ele>18.8</ele></rtept><rtept lat="57.502725" lon="12.415455"><ele>18.8</ele></rtept><rtept lat="57.5027" lon="12.41544"><ele>19.4</ele></rtept><rtept lat="57.502668" lon="12.4154"><ele>18.8</ele></rtept><rtept lat="57.502642" lon="12.415373"><ele>19.4</ele></rtept><rtept lat="57.50261" lon="12.415347"><ele>19.0</ele></rtept><rtept lat="57.502585" lon="12.415322"><ele>19.6</ele></rtept><rtept lat="57.502565" lon="12.4153"><ele>19.4</ele></rtept><rtept lat="57.50254" lon="12.41528"><ele>19.0</ele></rtept><rtept lat="57.502515" lon="12.41526"><ele>19.4</ele></rtept><rtept lat="57.502488" lon="12.415243"><ele>19.2</ele></rtept><rtept lat="57.502463" lon="12.415227"><ele>19.6</ele></rtept><rtept lat="57.502432" lon="12.415208"><ele>19.2</ele></rtept><rtept lat="57.502405" lon="12.415182"><ele>19.2</ele></rtept><rtept lat="57.50238" lon="12.41516"><ele>19.4</ele></rtept><rtept lat="57.502348" lon="12.415143"><ele>19.0</ele></rtept><rtept lat="57.502317" lon="12.415127"><ele>18.8</ele></rtept><rtept lat="57.502283" lon="12.415095"><ele>19.0</ele></rtept><rtept lat="57.502258" lon="12.415068"><ele>18.6</ele></rtept><rtept lat="57.50224" lon="12.415033"><ele>18.4</ele></rtept><rtept lat="57.502227" lon="12.414983"><ele>17.8</ele></rtept><rtept lat="57.5022" lon="12.414955"><ele>17.4</ele></rtept><rtept lat="57.502168" lon="12.41494"><ele>17.6</ele></rtept><rtept lat="57.502137" lon="12.414923"><ele>17.4</ele></rtept><rtept lat="57.502112" lon="12.414905"><ele>17.4</ele></rtept><rtept lat="57.502092" lon="12.414887"><ele>16.8</ele></rtept><rtept lat="57.502073" lon="12.41487"><ele>16.6</ele></rtept><rtept lat="57.50204" lon="12.414857"><ele>17.0</ele></rtept><rtept lat="57.502008" lon="12.414832"><ele>16.8</ele></rtept><rtept lat="57.501983" lon="12.414805"><ele>17.6</ele></rtept><rtept lat="57.501938" lon="12.414777"><ele>17.6</ele></rtept><rtept lat="57.50192" lon="12.414772"><ele>17.6</ele></rtept><rtept lat="57.501893" lon="12.414775"><ele>17.4</ele></rtept><rtept lat="57.501862" lon="12.414755"><ele>17.6</ele></rtept><rtept lat="57.501837" lon="12.414717"><ele>17.6</ele></rtept><rtept lat="57.50181" lon="12.41469"><ele>18.2</ele></rtept><rtept lat="57.501792" lon="12.41466"><ele>18.0</ele></rtept><rtept lat="57.501772" lon="12.41464"><ele>18.2</ele></rtept><rtept lat="57.50174" lon="12.414608"><ele>18.2</ele></rtept><rtept lat="57.501708" lon="12.414582"><ele>18.0</ele></rtept><rtept lat="57.50167" lon="12.414553"><ele>18.4</ele></rtept><rtept lat="57.501638" lon="12.414533"><ele>18.4</ele></rtept><rtept lat="57.501618" lon="12.414518"><ele>18.0</ele></rtept><rtept lat="57.501593" lon="12.414483"><ele>18.2</ele></rtept><rtept lat="57.501567" lon="12.41445"><ele>18.2</ele></rtept><rtept lat="57.501548" lon="12.41443"><ele>17.6</ele></rtept><rtept lat="57.501522" lon="12.414408"><ele>18.2</ele></rtept><rtept lat="57.501497" lon="12.41438"><ele>18.0</ele></rtept><rtept lat="57.501478" lon="12.414358"><ele>18.4</ele></rtept><rtept lat="57.501445" lon="12.414308"><ele>18.0</ele></rtept><rtept lat="57.501427" lon="12.41428"><ele>18.4</ele></rtept><rtept lat="57.501413" lon="12.41425"><ele>18.0</ele></rtept><rtept lat="57.501388" lon="12.41421"><ele>17.8</ele></rtept><rtept lat="57.501357" lon="12.41418"><ele>18.0</ele></rtept><rtept lat="57.501323" lon="12.414143"><ele>17.8</ele></rtept><rtept lat="57.501305" lon="12.414107"><ele>18.4</ele></rtept><rtept lat="57.501285" lon="12.414078"><ele>18.0</ele></rtept><rtept lat="57.501267" lon="12.41407"><ele>18.0</ele></rtept><rtept lat="57.50124" lon="12.41406"><ele>18.0</ele></rtept><rtept lat="57.501222" lon="12.414058"><ele>18.2</ele></rtept><rtept lat="57.50119" lon="12.414042"><ele>18.2</ele></rtept><rtept lat="57.501163" lon="12.414012"><ele>18.0</ele></rtept><rtept lat="57.501138" lon="12.413968"><ele>18.6</ele></rtept><rtept lat="57.50112" lon="12.413927"><ele>18.6</ele></rtept><rtept lat="57.5011" lon="12.413873"><ele>18.6</ele></rtept><rtept lat="57.501087" lon="12.413827"><ele>19.0</ele></rtept><rtept lat="57.501068" lon="12.413782"><ele>19.0</ele></rtept><rtept lat="57.501048" lon="12.413755"><ele>19.4</ele></rtept><rtept lat="57.501023" lon="12.413738"><ele>19.0</ele></rtept><rtept lat="57.501003" lon="12.413715"><ele>19.6</ele></rtept><rtept lat="57.500978" lon="12.413693"><ele>19.8</ele></rtept><rtept lat="57.500947" lon="12.413675"><ele>20.0</ele></rtept><rtept lat="57.50092" lon="12.41366"><ele>20.2</ele></rtept><rtept lat="57.500895" lon="12.41364"><ele>21.0</ele></rtept><rtept lat="57.500857" lon="12.413633"><ele>21.4</ele></rtept><rtept lat="57.500832" lon="12.413625"><ele>21.4</ele></rtept><rtept lat="57.500805" lon="12.413605"><ele>21.4</ele></rtept><rtept lat="57.500787" lon="12.413583"><ele>22.0</ele></rtept><rtept lat="57.500767" lon="12.413563"><ele>22.0</ele></rtept><rtept lat="57.500748" lon="12.41351"><ele>22.6</ele></rtept><rtept lat="57.500735" lon="12.413483"><ele>22.6</ele></rtept><rtept lat="57.50071" lon="12.41344"><ele>23.4</ele></rtept><rtept lat="57.500697" lon="12.413415"><ele>23.4</ele></rtept><rtept lat="57.500665" lon="12.413365"><ele>23.6</ele></rtept><rtept lat="57.500645" lon="12.413335"><ele>24.2</ele></rtept><rtept lat="57.50062" lon="12.413307"><ele>24.2</ele></rtept><rtept lat="57.500607" lon="12.413273"><ele>24.2</ele></rtept><rtept lat="57.5006" lon="12.41324"><ele>24.8</ele></rtept><rtept lat="57.500568" lon="12.4132"><ele>24.4</ele></rtept><rtept lat="57.50055" lon="12.413148"><ele>24.0</ele></rtept><rtept lat="57.500523" lon="12.413095"><ele>24.4</ele></rtept><rtept lat="57.500498" lon="12.413048"><ele>24.4</ele></rtept><rtept lat="57.500473" lon="12.413008"><ele>24.2</ele></rtept><rtept lat="57.500447" lon="12.412975"><ele>24.4</ele></rtept><rtept lat="57.500422" lon="12.412945"><ele>24.0</ele></rtept><rtept lat="57.500397" lon="12.412923"><ele>23.4</ele></rtept><rtept lat="57.500363" lon="12.41291"><ele>23.6</ele></rtept><rtept lat="57.500332" lon="12.4129"><ele>23.2</ele></rtept><rtept lat="57.500307" lon="12.412888"><ele>22.6</ele></rtept><rtept lat="57.50028" lon="12.41288"><ele>22.6</ele></rtept><rtept lat="57.500255" lon="12.41287"><ele>22.2</ele></rtept><rtept lat="57.500237" lon="12.412868"><ele>22.4</ele></rtept><rtept lat="57.50021" lon="12.412857"><ele>22.0</ele></rtept><rtept lat="57.500185" lon="12.412845"><ele>21.8</ele></rtept><rtept lat="57.500153" lon="12.412833"><ele>22.0</ele></rtept><rtept lat="57.500133" lon="12.412817"><ele>21.4</ele></rtept><rtept lat="57.500108" lon="12.4128"><ele>21.2</ele></rtept><rtept lat="57.500077" lon="12.4128"><ele>21.4</ele></rtept><rtept lat="57.500043" lon="12.412808"><ele>21.0</ele></rtept><rtept lat="57.500005" lon="12.4128"><ele>21.0</ele></rtept><rtept lat="57.499973" lon="12.41281"><ele>21.0</ele></rtept><rtept lat="57.499935" lon="12.41282"><ele>20.8</ele></rtept><rtept lat="57.499903" lon="12.412815"><ele>21.2</ele></rtept><rtept lat="57.499883" lon="12.4128"><ele>21.0</ele></rtept><rtept lat="57.499852" lon="12.412775"><ele>21.0</ele></rtept><rtept lat="57.499833" lon="12.41276"><ele>21.0</ele></rtept><rtept lat="57.499813" lon="12.412745"><ele>21.0</ele></rtept><rtept lat="57.499788" lon="12.41272"><ele>21.4</ele></rtept><rtept lat="57.499768" lon="12.412685"><ele>21.2</ele></rtept><rtept lat="57.49975" lon="12.412637"><ele>21.6</ele></rtept><rtept lat="57.49973" lon="12.41259"><ele>21.6</ele></rtept><rtept lat="57.499712" lon="12.412533"><ele>21.8</ele></rtept><rtept lat="57.499692" lon="12.412487"><ele>21.8</ele></rtept><rtept lat="57.49968" lon="12.412458"><ele>21.8</ele></rtept><rtept lat="57.49966" lon="12.412433"><ele>21.6</ele></rtept><rtept lat="57.49964" lon="12.412408"><ele>21.4</ele></rtept><rtept lat="57.499622" lon="12.412382"><ele>21.8</ele></rtept><rtept lat="57.499597" lon="12.412355"><ele>21.2</ele></rtept><rtept lat="57.499577" lon="12.412333"><ele>21.2</ele></rtept><rtept lat="57.499552" lon="12.41231"><ele>21.2</ele></rtept><rtept lat="57.499525" lon="12.412295"><ele>21.0</ele></rtept><rtept lat="57.499507" lon="12.41228"><ele>21.4</ele></rtept><rtept lat="57.499475" lon="12.412262"><ele>21.0</ele></rtept><rtept lat="57.499448" lon="12.412242"><ele>20.8</ele></rtept><rtept lat="57.499423" lon="12.412223"><ele>20.8</ele></rtept><rtept lat="57.499398" lon="12.41221"><ele>20.6</ele></rtept><rtept lat="57.499372" lon="12.4122"><ele>21.0</ele></rtept><rtept lat="57.49934" lon="12.412195"><ele>20.8</ele></rtept><rtept lat="57.499315" lon="12.412185"><ele>20.6</ele></rtept><rtept lat="57.499277" lon="12.412193"><ele>20.8</ele></rtept><rtept lat="57.499238" lon="12.412185"><ele>20.4</ele></rtept><rtept lat="57.499205" lon="12.412175"><ele>20.6</ele></rtept><rtept lat="57.49918" lon="12.41216"><ele>20.4</ele></rtept><rtept lat="57.499142" lon="12.41215"><ele>20.2</ele></rtept><rtept lat="57.49911" lon="12.41214"><ele>20.6</ele></rtept><rtept lat="57.499083" lon="12.41213"><ele>20.4</ele></rtept><rtept lat="57.499052" lon="12.412123"><ele>20.4</ele></rtept><rtept lat="57.49902" lon="12.412112"><ele>20.4</ele></rtept><rtept lat="57.498995" lon="12.412097"><ele>20.2</ele></rtept><rtept lat="57.498975" lon="12.412092"><ele>20.6</ele></rtept><rtept lat="57.498957" lon="12.412083"><ele>20.2</ele></rtept><rtept lat="57.498937" lon="12.41207"><ele>20.0</ele></rtept><rtept lat="57.498912" lon="12.412065"><ele>20.4</ele></rtept><rtept lat="57.498885" lon="12.41205"><ele>20.2</ele></rtept><rtept lat="57.49886" lon="12.41203"><ele>20.2</ele></rtept><rtept lat="57.498835" lon="12.412012"><ele>20.4</ele></rtept><rtept lat="57.498797" lon="12.411975"><ele>20.6</ele></rtept><rtept lat="57.498758" lon="12.41195"><ele>20.0</ele></rtept><rtept lat="57.498732" lon="12.411938"><ele>20.2</ele></rtept><rtept lat="57.4987" lon="12.411932"><ele>20.0</ele></rtept><rtept lat="57.498662" lon="12.41193"><ele>20.4</ele></rtept><rtept lat="57.498637" lon="12.411927"><ele>20.0</ele></rtept><rtept lat="57.498617" lon="12.411925"><ele>20.2</ele></rtept><rtept lat="57.498585" lon="12.411912"><ele>19.6</ele></rtept><rtept lat="57.49856" lon="12.411907"><ele>20.0</ele></rtept><rtept lat="57.49854" lon="12.411905"><ele>19.8</ele></rtept><rtept lat="57.49852" lon="12.411912"><ele>20.0</ele></rtept><rtept lat="57.498502" lon="12.411917"><ele>19.8</ele></rtept><rtept lat="57.498477" lon="12.411932"><ele>20.0</ele></rtept><rtept lat="57.49845" lon="12.411935"><ele>20.2</ele></rtept><rtept lat="57.498425" lon="12.411945"><ele>20.8</ele></rtept><rtept lat="57.4984" lon="12.411955"><ele>20.4</ele></rtept><rtept lat="57.49838" lon="12.41196"><ele>20.4</ele></rtept><rtept lat="57.49836" lon="12.41196"><ele>20.8</ele></rtept><rtept lat="57.498322" lon="12.41196"><ele>20.8</ele></rtept><rtept lat="57.498297" lon="12.411957"><ele>21.4</ele></rtept><rtept lat="57.498265" lon="12.411937"><ele>21.4</ele></rtept><rtept lat="57.498227" lon="12.411912"><ele>21.0</ele></rtept><rtept lat="57.498195" lon="12.411885"><ele>21.4</ele></rtept><rtept lat="57.498168" lon="12.411858"><ele>21.4</ele></rtept><rtept lat="57.498143" lon="12.411838"><ele>21.4</ele></rtept><rtept lat="57.498118" lon="12.411822"><ele>21.6</ele></rtept><rtept lat="57.498085" lon="12.411812"><ele>21.2</ele></rtept><rtept lat="57.49806" lon="12.411793"><ele>21.4</ele></rtept><rtept lat="57.498028" lon="12.411787"><ele>21.4</ele></rtept><rtept lat="57.498008" lon="12.411777"><ele>22.2</ele></rtept><rtept lat="57.497983" lon="12.41176"><ele>22.2</ele></rtept><rtept lat="57.497958" lon="12.411747"><ele>22.6</ele></rtept><rtept lat="57.497938" lon="12.411728"><ele>22.4</ele></rtept><rtept lat="57.497913" lon="12.411713"><ele>22.2</ele></rtept><rtept lat="57.497887" lon="12.411713"><ele>22.4</ele></rtept><rtept lat="57.497848" lon="12.411713"><ele>22.4</ele></rtept><rtept lat="57.497823" lon="12.41172"><ele>23.2</ele></rtept><rtept lat="57.497778" lon="12.411733"><ele>23.2</ele></rtept><rtept lat="57.497727" lon="12.411762"><ele>23.4</ele></rtept><rtept lat="57.497682" lon="12.411793"><ele>23.4</ele></rtept><rtept lat="57.497632" lon="12.411818"><ele>23.6</ele></rtept><rtept lat="57.497587" lon="12.411842"><ele>24.4</ele></rtept><rtept lat="57.497548" lon="12.411882"><ele>24.4</ele></rtept><rtept lat="57.497503" lon="12.411912"><ele>24.6</ele></rtept><rtept lat="57.497452" lon="12.411932"><ele>24.8</ele></rtept><rtept lat="57.497407" lon="12.411952"><ele>25.0</ele></rtept><rtept lat="57.497368" lon="12.411977"><ele>25.4</ele></rtept><rtept lat="57.497337" lon="12.412"><ele>25.4</ele></rtept><rtept lat="57.497323" lon="12.412027"><ele>25.6</ele></rtept><rtept lat="57.497292" lon="12.412035"><ele>26.2</ele></rtept><rtept lat="57.497273" lon="12.412007"><ele>26.2</ele></rtept><rtept lat="57.497267" lon="12.411972"><ele>26.6</ele></rtept><rtept lat="57.49724" lon="12.41196"><ele>26.8</ele></rtept><rtept lat="57.497208" lon="12.411932"><ele>26.8</ele></rtept><rtept lat="57.497183" lon="12.41191"><ele>27.2</ele></rtept><rtept lat="57.497152" lon="12.411872"><ele>27.0</ele></rtept><rtept lat="57.497132" lon="12.411848"><ele>27.0</ele></rtept><rtept lat="57.497107" lon="12.411822"><ele>27.0</ele></rtept><rtept lat="57.497075" lon="12.411797"><ele>27.2</ele></rtept><rtept lat="57.497055" lon="12.411772"><ele>27.4</ele></rtept><rtept lat="57.49703" lon="12.411753"><ele>27.4</ele></rtept><rtept lat="57.497003" lon="12.411747"><ele>27.0</ele></rtept><rtept lat="57.496985" lon="12.411747"><ele>27.0</ele></rtept><rtept lat="57.49696" lon="12.41174"><ele>27.0</ele></rtept><rtept lat="57.496933" lon="12.411737"><ele>26.8</ele></rtept><rtept lat="57.496908" lon="12.411733"><ele>27.0</ele></rtept><rtept lat="57.496888" lon="12.411728"><ele>26.8</ele></rtept><rtept lat="57.49687" lon="12.411727"><ele>27.0</ele></rtept><rtept lat="57.496843" lon="12.411733"><ele>27.0</ele></rtept><rtept lat="57.496805" lon="12.411753"><ele>27.2</ele></rtept><rtept lat="57.496787" lon="12.41176"><ele>27.0</ele></rtept><rtept lat="57.49676" lon="12.411773"><ele>27.4</ele></rtept><rtept lat="57.496742" lon="12.411787"><ele>27.0</ele></rtept><rtept lat="57.496722" lon="12.411793"><ele>27.4</ele></rtept><rtept lat="57.496697" lon="12.411828"><ele>27.2</ele></rtept><rtept lat="57.496672" lon="12.41186"><ele>27.4</ele></rtept><rtept lat="57.496645" lon="12.411887"><ele>27.0</ele></rtept><rtept lat="57.49662" lon="12.411917"><ele>27.4</ele></rtept><rtept lat="57.496588" lon="12.411955"><ele>27.2</ele></rtept><rtept lat="57.496568" lon="12.411972"><ele>27.4</ele></rtept><rtept lat="57.496537" lon="12.412007"><ele>27.2</ele></rtept><rtept lat="57.496512" lon="12.412035"><ele>27.0</ele></rtept><rtept lat="57.496485" lon="12.412052"><ele>27.4</ele></rtept><rtept lat="57.49646" lon="12.412065"><ele>27.0</ele></rtept><rtept lat="57.496428" lon="12.412078"><ele>27.2</ele></rtept><rtept lat="57.496397" lon="12.412095"><ele>27.0</ele></rtept><rtept lat="57.496363" lon="12.412112"><ele>27.0</ele></rtept><rtept lat="57.496325" lon="12.41213"><ele>27.2</ele></rtept><rtept lat="57.496287" lon="12.412157"><ele>27.2</ele></rtept><rtept lat="57.496242" lon="12.412183"><ele>27.2</ele></rtept><rtept lat="57.496192" lon="12.412215"><ele>27.0</ele></rtept><rtept lat="57.496133" lon="12.412243"><ele>27.2</ele></rtept><rtept lat="57.496077" lon="12.41226"><ele>27.4</ele></rtept><rtept lat="57.496018" lon="12.412275"><ele>27.4</ele></rtept><rtept lat="57.495973" lon="12.41228"><ele>27.6</ele></rtept><rtept lat="57.495917" lon="12.412295"><ele>27.4</ele></rtept><rtept lat="57.495878" lon="12.412328"><ele>27.4</ele></rtept><rtept lat="57.495852" lon="12.412353"><ele>27.2</ele></rtept><rtept lat="57.49582" lon="12.412382"><ele>27.0</ele></rtept><rtept lat="57.495788" lon="12.412402"><ele>27.0</ele></rtept><rtept lat="57.49575" lon="12.412428"><ele>26.6</ele></rtept><rtept lat="57.495723" lon="12.412453"><ele>27.0</ele></rtept><rtept lat="57.495692" lon="12.412473"><ele>26.6</ele></rtept><rtept lat="57.495653" lon="12.412488"><ele>26.8</ele></rtept><rtept lat="57.495622" lon="12.4125"><ele>26.8</ele></rtept><rtept lat="57.495597" lon="12.412507"><ele>26.6</ele></rtept><rtept lat="57.495563" lon="12.412513"><ele>27.0</ele></rtept><rtept lat="57.495532" lon="12.412517"><ele>26.4</ele></rtept><rtept lat="57.495513" lon="12.412512"><ele>26.6</ele></rtept><rtept lat="57.495487" lon="12.412503"><ele>26.6</ele></rtept><rtept lat="57.495455" lon="12.41252"><ele>26.6</ele></rtept><rtept lat="57.495437" lon="12.412533"><ele>26.2</ele></rtept><rtept lat="57.495417" lon="12.412548"><ele>26.4</ele></rtept><rtept lat="57.495392" lon="12.412568"><ele>26.4</ele></rtept><rtept lat="57.495365" lon="12.41259"><ele>26.2</ele></rtept><rtept lat="57.495327" lon="12.412617"><ele>26.4</ele></rtept><rtept lat="57.495288" lon="12.412635"><ele>26.0</ele></rtept><rtept lat="57.495263" lon="12.412637"><ele>26.0</ele></rtept><rtept lat="57.495238" lon="12.412625"><ele>26.2</ele></rtept><rtept lat="57.495205" lon="12.412618"><ele>25.8</ele></rtept><rtept lat="57.49518" lon="12.412612"><ele>25.8</ele></rtept><rtept lat="57.495148" lon="12.412607"><ele>25.6</ele></rtept><rtept lat="57.495122" lon="12.4126"><ele>25.2</ele></rtept><rtept lat="57.49509" lon="12.4126"><ele>25.4</ele></rtept><rtept lat="57.495065" lon="12.412598"><ele>25.2</ele></rtept><rtept lat="57.49504" lon="12.412597"><ele>25.0</ele></rtept><rtept lat="57.49502" lon="12.412592"><ele>25.2</ele></rtept><rtept lat="57.495" lon="12.412592"><ele>24.6</ele></rtept><rtept lat="57.494968" lon="12.41259"><ele>24.4</ele></rtept><rtept lat="57.494943" lon="12.412593"><ele>24.4</ele></rtept><rtept lat="57.494912" lon="12.4126"><ele>23.8</ele></rtept><rtept lat="57.494885" lon="12.4126"><ele>23.8</ele></rtept><rtept lat="57.49486" lon="12.412607"><ele>23.4</ele></rtept><rtept lat="57.49484" lon="12.412607"><ele>23.0</ele></rtept><rtept lat="57.494815" lon="12.412605"><ele>23.2</ele></rtept><rtept lat="57.494797" lon="12.4126"><ele>22.6</ele></rtept><rtept lat="57.49477" lon="12.412598"><ele>22.8</ele></rtept><rtept lat="57.494752" lon="12.412598"><ele>22.6</ele></rtept><rtept lat="57.494725" lon="12.412598"><ele>22.2</ele></rtept><rtept lat="57.494707" lon="12.412593"><ele>22.4</ele></rtept><rtept lat="57.494668" lon="12.412585"><ele>22.2</ele></rtept><rtept lat="57.49463" lon="12.412582"><ele>22.6</ele></rtept><rtept lat="57.494603" lon="12.41258"><ele>22.2</ele></rtept><rtept lat="57.494572" lon="12.412572"><ele>22.4</ele></rtept><rtept lat="57.494533" lon="12.412558"><ele>22.4</ele></rtept><rtept lat="57.494508" lon="12.412553"><ele>22.2</ele></rtept><rtept lat="57.49447" lon="12.412545"><ele>22.6</ele></rtept><rtept lat="57.494438" lon="12.412538"><ele>22.2</ele></rtept><rtept lat="57.494393" lon="12.412537"><ele>22.4</ele></rtept><rtept lat="57.49436" lon="12.412527"><ele>22.2</ele></rtept><rtept lat="57.494328" lon="12.412512"><ele>22.0</ele></rtept><rtept lat="57.49429" lon="12.412493"><ele>22.4</ele></rtept><rtept lat="57.494265" lon="12.41248"><ele>22.0</ele></rtept><rtept lat="57.49424" lon="12.412468"><ele>22.2</ele></rtept><rtept lat="57.494213" lon="12.412448"><ele>22.2</ele></rtept><rtept lat="57.494188" lon="12.412432"><ele>21.8</ele></rtept><rtept lat="57.49415" lon="12.4124"><ele>22.0</ele></rtept><rtept lat="57.494118" lon="12.412368"><ele>21.8</ele></rtept><rtept lat="57.49408" lon="12.412328"><ele>22.4</ele></rtept><rtept lat="57.494047" lon="12.4123"><ele>22.0</ele></rtept><rtept lat="57.494015" lon="12.412275"><ele>21.8</ele></rtept><rtept lat="57.493977" lon="12.412243"><ele>21.8</ele></rtept><rtept lat="57.493952" lon="12.41222"><ele>21.8</ele></rtept><rtept lat="57.49392" lon="12.412198"><ele>22.0</ele></rtept><rtept lat="57.493893" lon="12.412188"><ele>21.8</ele></rtept><rtept lat="57.493868" lon="12.41217"><ele>22.0</ele></rtept><rtept lat="57.493837" lon="12.412143"><ele>21.8</ele></rtept><rtept lat="57.49381" lon="12.412123"><ele>21.6</ele></rtept><rtept lat="57.493778" lon="12.412105"><ele>21.8</ele></rtept><rtept lat="57.493753" lon="12.41209"><ele>21.6</ele></rtept><rtept lat="57.493727" lon="12.412057"><ele>22.0</ele></rtept><rtept lat="57.493708" lon="12.412032"><ele>21.8</ele></rtept><rtept lat="57.493677" lon="12.412018"><ele>21.8</ele></rtept><rtept lat="57.49365" lon="12.412007"><ele>21.8</ele></rtept><rtept lat="57.493618" lon="12.412"><ele>21.8</ele></rtept><rtept lat="57.493593" lon="12.411995"><ele>22.2</ele></rtept><rtept lat="57.493555" lon="12.411985"><ele>21.8</ele></rtept><rtept lat="57.493522" lon="12.411977"><ele>22.0</ele></rtept><rtept lat="57.493483" lon="12.41197"><ele>21.8</ele></rtept><rtept lat="57.493452" lon="12.411972"><ele>21.4</ele></rtept><rtept lat="57.493413" lon="12.411972"><ele>21.6</ele></rtept><rtept lat="57.493382" lon="12.411958"><ele>21.2</ele></rtept><rtept lat="57.493357" lon="12.411942"><ele>21.6</ele></rtept><rtept lat="57.493323" lon="12.41192"><ele>21.4</ele></rtept><rtept lat="57.493298" lon="12.4119"><ele>21.2</ele></rtept><rtept lat="57.49328" lon="12.411882"><ele>21.2</ele></rtept><rtept lat="57.493247" lon="12.411853"><ele>21.0</ele></rtept><rtept lat="57.493222" lon="12.411833"><ele>21.4</ele></rtept><rtept lat="57.493197" lon="12.411813"><ele>20.8</ele></rtept><rtept lat="57.49317" lon="12.411793"><ele>21.0</ele></rtept><rtept lat="57.493152" lon="12.411762"><ele>20.8</ele></rtept><rtept lat="57.493132" lon="12.411733"><ele>20.8</ele></rtept><rtept lat="57.493113" lon="12.41172"><ele>20.6</ele></rtept><rtept lat="57.493093" lon="12.411712"><ele>21.0</ele></rtept><rtept lat="57.493075" lon="12.411703"><ele>20.6</ele></rtept><rtept lat="57.493048" lon="12.411698"><ele>20.8</ele></rtept><rtept lat="57.49303" lon="12.411688"><ele>20.6</ele></rtept><rtept lat="57.492998" lon="12.411682"><ele>20.2</ele></rtept><rtept lat="57.492965" lon="12.411677"><ele>20.6</ele></rtept><rtept lat="57.492933" lon="12.411672"><ele>20.4</ele></rtept><rtept lat="57.492902" lon="12.411668"><ele>20.8</ele></rtept><rtept lat="57.492882" lon="12.411658"><ele>20.4</ele></rtept><rtept lat="57.492857" lon="12.411643"><ele>20.4</ele></rtept><rtept lat="57.492832" lon="12.411633"><ele>20.6</ele></rtept><rtept lat="57.492812" lon="12.411622"><ele>20.4</ele></rtept><rtept lat="57.492793" lon="12.411605"><ele>20.8</ele></rtept><rtept lat="57.492773" lon="12.411595"><ele>20.6</ele></rtept><rtept lat="57.492748" lon="12.411582"><ele>20.8</ele></rtept><rtept lat="57.492717" lon="12.41158"><ele>20.6</ele></rtept><rtept lat="57.492678" lon="12.411578"><ele>20.4</ele></rtept><rtept lat="57.49264" lon="12.411578"><ele>20.8</ele></rtept><rtept lat="57.492607" lon="12.411575"><ele>20.4</ele></rtept><rtept lat="57.492588" lon="12.411565"><ele>20.8</ele></rtept><rtept lat="57.492562" lon="12.411555"><ele>20.6</ele></rtept><rtept lat="57.492543" lon="12.411543"><ele>20.6</ele></rtept><rtept lat="57.492518" lon="12.411533"><ele>20.8</ele></rtept><rtept lat="57.492485" lon="12.411523"><ele>20.8</ele></rtept><rtept lat="57.49246" lon="12.411515"><ele>21.2</ele></rtept><rtept lat="57.492428" lon="12.411498"><ele>20.8</ele></rtept><rtept lat="57.492402" lon="12.41148"><ele>21.4</ele></rtept><rtept lat="57.492377" lon="12.411473"><ele>21.0</ele></rtept><rtept lat="57.492345" lon="12.411465"><ele>20.8</ele></rtept><rtept lat="57.49232" lon="12.41147"><ele>21.2</ele></rtept><rtept lat="57.49228" lon="12.411477"><ele>20.8</ele></rtept><rtept lat="57.492248" lon="12.41147"><ele>21.2</ele></rtept><rtept lat="57.492217" lon="12.41146"><ele>20.8</ele></rtept><rtept lat="57.492185" lon="12.41145"><ele>20.6</ele></rtept><rtept lat="57.49216" lon="12.411445"><ele>20.8</ele></rtept><rtept lat="57.492127" lon="12.411437"><ele>20.6</ele></rtept><rtept lat="57.492102" lon="12.411435"><ele>21.2</ele></rtept><rtept lat="57.492077" lon="12.411435"><ele>21.0</ele></rtept><rtept lat="57.49205" lon="12.411437"><ele>21.0</ele></rtept><rtept lat="57.492025" lon="12.411443"><ele>21.2</ele></rtept><rtept lat="57.491993" lon="12.41145"><ele>21.2</ele></rtept><rtept lat="57.491967" lon="12.41145"><ele>21.6</ele></rtept><rtept lat="57.491942" lon="12.411448"><ele>21.2</ele></rtept><rtept lat="57.491903" lon="12.41147"><ele>21.4</ele></rtept><rtept lat="57.491883" lon="12.411477"><ele>21.4</ele></rtept><rtept lat="57.491865" lon="12.411483"><ele>21.8</ele></rtept><rtept lat="57.491827" lon="12.411497"><ele>21.8</ele></rtept><rtept lat="57.491807" lon="12.411505"><ele>21.8</ele></rtept><rtept lat="57.491775" lon="12.41152"><ele>21.8</ele></rtept><rtept lat="57.491743" lon="12.411533"><ele>22.4</ele></rtept><rtept lat="57.491698" lon="12.411555"><ele>22.0</ele></rtept><rtept lat="57.491653" lon="12.411578"><ele>22.2</ele></rtept><rtept lat="57.491602" lon="12.411603"><ele>22.4</ele></rtept><rtept lat="57.491538" lon="12.411628"><ele>22.2</ele></rtept><rtept lat="57.491475" lon="12.411642"><ele>22.4</ele></rtept><rtept lat="57.491437" lon="12.411635"><ele>22.4</ele></rtept><rtept lat="57.491385" lon="12.41163"><ele>22.8</ele></rtept><rtept lat="57.491327" lon="12.411662"><ele>22.6</ele></rtept><rtept lat="57.49127" lon="12.411695"><ele>22.8</ele></rtept><rtept lat="57.491232" lon="12.411695"><ele>23.0</ele></rtept><rtept lat="57.491205" lon="12.4117"><ele>23.2</ele></rtept><rtept lat="57.491173" lon="12.411707"><ele>23.6</ele></rtept><rtept lat="57.491148" lon="12.411698"><ele>23.6</ele></rtept><rtept lat="57.491122" lon="12.411683"><ele>24.2</ele></rtept><rtept lat="57.491097" lon="12.411667"><ele>24.2</ele></rtept><rtept lat="57.491078" lon="12.411652"><ele>24.2</ele></rtept><rtept lat="57.491058" lon="12.411643"><ele>24.6</ele></rtept><rtept lat="57.491033" lon="12.411635"><ele>24.8</ele></rtept><rtept lat="57.491013" lon="12.411622"><ele>25.2</ele></rtept><rtept lat="57.490995" lon="12.411605"><ele>25.2</ele></rtept><rtept lat="57.490968" lon="12.411608"><ele>25.8</ele></rtept><rtept lat="57.490937" lon="12.41161"><ele>25.8</ele></rtept><rtept lat="57.490912" lon="12.41161"><ele>25.8</ele></rtept><rtept lat="57.490892" lon="12.411608"><ele>26.2</ele></rtept><rtept lat="57.490853" lon="12.411615"><ele>26.4</ele></rtept><rtept lat="57.490828" lon="12.411598"><ele>27.0</ele></rtept><rtept lat="57.490797" lon="12.411558"><ele>27.6</ele></rtept><rtept lat="57.490777" lon="12.41154"><ele>27.6</ele></rtept><rtept lat="57.490752" lon="12.411515"><ele>27.6</ele></rtept><rtept lat="57.490725" lon="12.4115"><ele>28.2</ele></rtept><rtept lat="57.490693" lon="12.411455"><ele>29.0</ele></rtept><rtept lat="57.490675" lon="12.41143"><ele>29.0</ele></rtept><rtept lat="57.490648" lon="12.41141"><ele>29.2</ele></rtept><rtept lat="57.490623" lon="12.411377"><ele>29.6</ele></rtept><rtept lat="57.490603" lon="12.411357"><ele>30.2</ele></rtept><rtept lat="57.490585" lon="12.411352"><ele>30.4</ele></rtept><rtept lat="57.490553" lon="12.411343"><ele>30.2</ele></rtept><rtept lat="57.490527" lon="12.411345"><ele>30.6</ele></rtept><rtept lat="57.490508" lon="12.411335"><ele>30.6</ele></rtept><rtept lat="57.490482" lon="12.411297"><ele>31.4</ele></rtept><rtept lat="57.490463" lon="12.411282"><ele>31.2</ele></rtept><rtept lat="57.490443" lon="12.411277"><ele>31.6</ele></rtept><rtept lat="57.490405" lon="12.411252"><ele>32.6</ele></rtept><rtept lat="57.49038" lon="12.41124"><ele>32.6</ele></rtept><rtept lat="57.49036" lon="12.411232"><ele>33.2</ele></rtept><rtept lat="57.490342" lon="12.411218"><ele>33.2</ele></rtept><rtept lat="57.490322" lon="12.411205"><ele>33.6</ele></rtept><rtept lat="57.490303" lon="12.41119"><ele>33.8</ele></rtept><rtept lat="57.490278" lon="12.41119"><ele>34.6</ele></rtept><rtept lat="57.490258" lon="12.411192"><ele>34.4</ele></rtept><rtept lat="57.49024" lon="12.411192"><ele>34.8</ele></rtept><rtept lat="57.490213" lon="12.411192"><ele>35.0</ele></rtept><rtept lat="57.490182" lon="12.4112"><ele>35.2</ele></rtept><rtept lat="57.490143" lon="12.411215"><ele>35.6</ele></rtept><rtept lat="57.490118" lon="12.41121"><ele>35.6</ele></rtept><rtept lat="57.490098" lon="12.411202"><ele>35.8</ele></rtept><rtept lat="57.49008" lon="12.411197"><ele>35.8</ele></rtept><rtept lat="57.49006" lon="12.411192"><ele>36.0</ele></rtept><rtept lat="57.49004" lon="12.411192"><ele>36.4</ele></rtept><rtept lat="57.490022" lon="12.41119"><ele>36.4</ele></rtept><rtept lat="57.489997" lon="12.411185"><ele>37.0</ele></rtept><rtept lat="57.489963" lon="12.411178"><ele>37.4</ele></rtept><rtept lat="57.489938" lon="12.411178"><ele>37.4</ele></rtept><rtept lat="57.489907" lon="12.411185"><ele>37.2</ele></rtept><rtept lat="57.48988" lon="12.41119"><ele>37.6</ele></rtept><rtept lat="57.489855" lon="12.411195"><ele>37.4</ele></rtept><rtept lat="57.489823" lon="12.411185"><ele>37.8</ele></rtept><rtept lat="57.489785" lon="12.41119"><ele>38.0</ele></rtept><rtept lat="57.489753" lon="12.411205"><ele>37.8</ele></rtept><rtept lat="57.489727" lon="12.411212"><ele>38.4</ele></rtept><rtept lat="57.489708" lon="12.411218"><ele>38.2</ele></rtept><rtept lat="57.489682" lon="12.411222"><ele>38.2</ele></rtept><rtept lat="57.489657" lon="12.411235"><ele>38.4</ele></rtept><rtept lat="57.489632" lon="12.411245"><ele>38.4</ele></rtept><rtept lat="57.4896" lon="12.411252"><ele>38.8</ele></rtept><rtept lat="57.489573" lon="12.411258"><ele>39.0</ele></rtept><rtept lat="57.489548" lon="12.411267"><ele>39.0</ele></rtept><rtept lat="57.489522" lon="12.411275"><ele>39.0</ele></rtept><rtept lat="57.489503" lon="12.41128"><ele>39.0</ele></rtept><rtept lat="57.489483" lon="12.411292"><ele>39.6</ele></rtept><rtept lat="57.489465" lon="12.411312"><ele>39.4</ele></rtept><rtept lat="57.489445" lon="12.41133"><ele>39.4</ele></rtept><rtept lat="57.48942" lon="12.411357"><ele>40.0</ele></rtept><rtept lat="57.489395" lon="12.411377"><ele>40.0</ele></rtept><rtept lat="57.48933" lon="12.411383"><ele>40.6</ele></rtept><rtept lat="57.489292" lon="12.411417"><ele>40.6</ele></rtept><rtept lat="57.489253" lon="12.41143"><ele>40.4</ele></rtept><rtept lat="57.489222" lon="12.41146"><ele>41.0</ele></rtept><rtept lat="57.489183" lon="12.411495"><ele>41.2</ele></rtept><rtept lat="57.489145" lon="12.411528"><ele>42.0</ele></rtept><rtept lat="57.489113" lon="12.41155"><ele>42.0</ele></rtept><rtept lat="57.48908" lon="12.411575"><ele>41.8</ele></rtept><rtept lat="57.489048" lon="12.4116"><ele>42.2</ele></rtept><rtept lat="57.489023" lon="12.411615"><ele>42.6</ele></rtept><rtept lat="57.489003" lon="12.411628"><ele>43.2</ele></rtept><rtept lat="57.488972" lon="12.411647"><ele>43.4</ele></rtept><rtept lat="57.488953" lon="12.411682"><ele>43.6</ele></rtept><rtept lat="57.488927" lon="12.411717"><ele>44.0</ele></rtept><rtept lat="57.488908" lon="12.411723"><ele>44.2</ele></rtept><rtept lat="57.488902" lon="12.411788"><ele>44.8</ele></rtept><rtept lat="57.488882" lon="12.411833"><ele>45.0</ele></rtept><rtept lat="57.488863" lon="12.411873"><ele>45.4</ele></rtept><rtept lat="57.488832" lon="12.411918"><ele>45.4</ele></rtept><rtept lat="57.488818" lon="12.411957"><ele>46.0</ele></rtept><rtept lat="57.488793" lon="12.411998"><ele>46.0</ele></rtept><rtept lat="57.488767" lon="12.412025"><ele>46.2</ele></rtept><rtept lat="57.488735" lon="12.41203"><ele>46.8</ele></rtept><rtept lat="57.488703" lon="12.412045"><ele>46.6</ele></rtept><rtept lat="57.488658" lon="12.411967"><ele>47.0</ele></rtept><rtept lat="57.488627" lon="12.411938"><ele>47.0</ele></rtept><rtept lat="57.488607" lon="12.411952"><ele>47.0</ele></rtept><rtept lat="57.488582" lon="12.411958"><ele>47.4</ele></rtept><rtept lat="57.488557" lon="12.411977"><ele>47.2</ele></rtept><rtept lat="57.488518" lon="12.411982"><ele>47.4</ele></rtept><rtept lat="57.488492" lon="12.41199"><ele>47.8</ele></rtept><rtept lat="57.48846" lon="12.411978"><ele>47.6</ele></rtept><rtept lat="57.488428" lon="12.411967"><ele>48.2</ele></rtept><rtept lat="57.488397" lon="12.411952"><ele>48.0</ele></rtept><rtept lat="57.488363" lon="12.41191"><ele>48.0</ele></rtept><rtept lat="57.488338" lon="12.411878"><ele>48.2</ele></rtept><rtept lat="57.488313" lon="12.411873"><ele>48.0</ele></rtept><rtept lat="57.488287" lon="12.411878"><ele>48.4</ele></rtept><rtept lat="57.488262" lon="12.411873"><ele>48.4</ele></rtept><rtept lat="57.488237" lon="12.411872"><ele>48.0</ele></rtept><rtept lat="57.48821" lon="12.411862"><ele>48.2</ele></rtept><rtept lat="57.488192" lon="12.411858"><ele>48.6</ele></rtept><rtept lat="57.488165" lon="12.411857"><ele>48.4</ele></rtept><rtept lat="57.48814" lon="12.411858"><ele>48.4</ele></rtept><rtept lat="57.488115" lon="12.411867"><ele>48.8</ele></rtept><rtept lat="57.488088" lon="12.41187"><ele>48.6</ele></rtept><rtept lat="57.48807" lon="12.41187"><ele>48.6</ele></rtept><rtept lat="57.488038" lon="12.411857"><ele>48.8</ele></rtept><rtept lat="57.488012" lon="12.411847"><ele>48.8</ele></rtept><rtept lat="57.487987" lon="12.411847"><ele>49.2</ele></rtept><rtept lat="57.487948" lon="12.411838"><ele>49.2</ele></rtept><rtept lat="57.487928" lon="12.411827"><ele>49.2</ele></rtept><rtept lat="57.48791" lon="12.41182"><ele>49.4</ele></rtept><rtept lat="57.48789" lon="12.411808"><ele>49.0</ele></rtept><rtept lat="57.487872" lon="12.411807"><ele>49.4</ele></rtept><rtept lat="57.487845" lon="12.4118"><ele>49.2</ele></rtept><rtept lat="57.48782" lon="12.411797"><ele>49.0</ele></rtept><rtept lat="57.4878" lon="12.411783"><ele>49.4</ele></rtept><rtept lat="57.487782" lon="12.411777"><ele>49.0</ele></rtept><rtept lat="57.487762" lon="12.411758"><ele>49.2</ele></rtept><rtept lat="57.487737" lon="12.411747"><ele>49.4</ele></rtept><rtept lat="57.487712" lon="12.411753"><ele>49.4</ele></rtept><rtept lat="57.48768" lon="12.411753"><ele>49.8</ele></rtept><rtept lat="57.48766" lon="12.411748"><ele>49.8</ele></rtept><rtept lat="57.487635" lon="12.411742"><ele>49.6</ele></rtept><rtept lat="57.487615" lon="12.41174"><ele>50.0</ele></rtept><rtept lat="57.487597" lon="12.411752"><ele>49.8</ele></rtept><rtept lat="57.48757" lon="12.411758"><ele>50.4</ele></rtept><rtept lat="57.487545" lon="12.411763"><ele>50.4</ele></rtept><rtept lat="57.48752" lon="12.411782"><ele>50.6</ele></rtept><rtept lat="57.48748" lon="12.411808"><ele>50.4</ele></rtept><rtept lat="57.487462" lon="12.411833"><ele>51.0</ele></rtept><rtept lat="57.487437" lon="12.411842"><ele>51.0</ele></rtept><rtept lat="57.487417" lon="12.411842"><ele>50.8</ele></rtept><rtept lat="57.487398" lon="12.41184"><ele>51.2</ele></rtept><rtept lat="57.487365" lon="12.411847"><ele>51.8</ele></rtept><rtept lat="57.487347" lon="12.411853"><ele>51.8</ele></rtept><rtept lat="57.487327" lon="12.411867"><ele>51.8</ele></rtept><rtept lat="57.487308" lon="12.411872"><ele>52.0</ele></rtept><rtept lat="57.487277" lon="12.411898"><ele>52.6</ele></rtept><rtept lat="57.487243" lon="12.411925"><ele>52.8</ele></rtept><rtept lat="57.487225" lon="12.411952"><ele>53.0</ele></rtept><rtept lat="57.4872" lon="12.411978"><ele>53.6</ele></rtept><rtept lat="57.48716" lon="12.412032"><ele>54.4</ele></rtept><rtept lat="57.487128" lon="12.412077"><ele>54.8</ele></rtept><rtept lat="57.487103" lon="12.4121"><ele>54.8</ele></rtept><rtept lat="57.487078" lon="12.412123"><ele>54.8</ele></rtept><rtept lat="57.487052" lon="12.412148"><ele>55.4</ele></rtept><rtept lat="57.487027" lon="12.412177"><ele>55.4</ele></rtept><rtept lat="57.487007" lon="12.412203"><ele>55.8</ele></rtept><rtept lat="57.486982" lon="12.41222"><ele>55.8</ele></rtept><rtept lat="57.48695" lon="12.412223"><ele>55.8</ele></rtept><rtept lat="57.486912" lon="12.41221"><ele>56.2</ele></rtept><rtept lat="57.48688" lon="12.412215"><ele>56.0</ele></rtept><rtept lat="57.486847" lon="12.41222"><ele>56.4</ele></rtept><rtept lat="57.486822" lon="12.412225"><ele>56.6</ele></rtept><rtept lat="57.486783" lon="12.412228"><ele>56.6</ele></rtept><rtept lat="57.486752" lon="12.412235"><ele>57.2</ele></rtept><rtept lat="57.48672" lon="12.41224"><ele>57.0</ele></rtept><rtept lat="57.486668" lon="12.41224"><ele>57.0</ele></rtept><rtept lat="57.486617" lon="12.41226"><ele>57.2</ele></rtept><rtept lat="57.486578" lon="12.412288"><ele>57.0</ele></rtept><rtept lat="57.486527" lon="12.412315"><ele>57.4</ele></rtept><rtept lat="57.486477" lon="12.412358"><ele>57.2</ele></rtept><rtept lat="57.486438" lon="12.412388"><ele>57.2</ele></rtept><rtept lat="57.486393" lon="12.412407"><ele>57.4</ele></rtept><rtept lat="57.486348" lon="12.412407"><ele>57.2</ele></rtept><rtept lat="57.48631" lon="12.412412"><ele>57.4</ele></rtept><rtept lat="57.486278" lon="12.412403"><ele>57.4</ele></rtept><rtept lat="57.486252" lon="12.412382"><ele>57.8</ele></rtept><rtept lat="57.486233" lon="12.412375"><ele>57.8</ele></rtept><rtept lat="57.486207" lon="12.412362"><ele>57.6</ele></rtept><rtept lat="57.486182" lon="12.412342"><ele>57.8</ele></rtept><rtept lat="57.486162" lon="12.412327"><ele>57.4</ele></rtept><rtept lat="57.486143" lon="12.412313"><ele>57.8</ele></rtept><rtept lat="57.486112" lon="12.412293"><ele>57.6</ele></rtept><rtept lat="57.486092" lon="12.412285"><ele>57.6</ele></rtept><rtept lat="57.486073" lon="12.41228"><ele>57.6</ele></rtept><rtept lat="57.486047" lon="12.412265"><ele>57.8</ele></rtept><rtept lat="57.486028" lon="12.412255"><ele>57.8</ele></rtept><rtept lat="57.486008" lon="12.412233"><ele>57.6</ele></rtept><rtept lat="57.485983" lon="12.41221"><ele>57.8</ele></rtept><rtept lat="57.485963" lon="12.412193"><ele>57.6</ele></rtept><rtept lat="57.485932" lon="12.412163"><ele>58.0</ele></rtept><rtept lat="57.485907" lon="12.412143"><ele>58.0</ele></rtept><rtept lat="57.485887" lon="12.41211"><ele>57.8</ele></rtept><rtept lat="57.485868" lon="12.41208"><ele>58.0</ele></rtept><rtept lat="57.485837" lon="12.412038"><ele>57.6</ele></rtept><rtept lat="57.485817" lon="12.412"><ele>58.2</ele></rtept><rtept lat="57.485792" lon="12.411947"><ele>58.0</ele></rtept><rtept lat="57.485772" lon="12.41191"><ele>57.8</ele></rtept><rtept lat="57.48576" lon="12.411865"><ele>58.2</ele></rtept><rtept lat="57.485747" lon="12.41182"><ele>58.0</ele></rtept><rtept lat="57.485733" lon="12.411787"><ele>58.0</ele></rtept><rtept lat="57.48572" lon="12.411747"><ele>58.2</ele></rtept><rtept lat="57.485708" lon="12.411695"><ele>58.0</ele></rtept><rtept lat="57.485695" lon="12.411643"><ele>58.2</ele></rtept><rtept lat="57.485688" lon="12.411602"><ele>57.8</ele></rtept><rtept lat="57.48567" lon="12.411555"><ele>57.8</ele></rtept><rtept lat="57.485643" lon="12.411503"><ele>57.8</ele></rtept><rtept lat="57.485625" lon="12.411453"><ele>57.4</ele></rtept><rtept lat="57.485605" lon="12.4114"><ele>57.6</ele></rtept><rtept lat="57.485593" lon="12.411367"><ele>57.4</ele></rtept><rtept lat="57.485567" lon="12.411337"><ele>57.2</ele></rtept><rtept lat="57.485548" lon="12.411315"><ele>57.2</ele></rtept><rtept lat="57.485528" lon="12.411275"><ele>57.0</ele></rtept><rtept lat="57.48549" lon="12.411237"><ele>57.4</ele></rtept><rtept lat="57.485458" lon="12.411207"><ele>57.2</ele></rtept><rtept lat="57.485427" lon="12.411185"><ele>57.2</ele></rtept><rtept lat="57.485395" lon="12.411167"><ele>57.2</ele></rtept><rtept lat="57.485375" lon="12.411153"><ele>57.0</ele></rtept><rtept lat="57.485343" lon="12.41114"><ele>57.4</ele></rtept><rtept lat="57.485312" lon="12.411133"><ele>57.0</ele></rtept><rtept lat="57.485292" lon="12.411133"><ele>57.4</ele></rtept><rtept lat="57.48526" lon="12.411138"><ele>57.2</ele></rtept><rtept lat="57.485228" lon="12.411132"><ele>56.8</ele></rtept><rtept lat="57.485208" lon="12.41112"><ele>57.2</ele></rtept><rtept lat="57.48519" lon="12.411113"><ele>57.2</ele></rtept><rtept lat="57.48517" lon="12.411107"><ele>57.8</ele></rtept><rtept lat="57.485152" lon="12.4111"><ele>57.6</ele></rtept><rtept lat="57.485132" lon="12.411093"><ele>57.8</ele></rtept><rtept lat="57.4851" lon="12.411078"><ele>57.8</ele></rtept><rtept lat="57.48508" lon="12.411072"><ele>58.2</ele></rtept><rtept lat="57.485062" lon="12.41106"><ele>57.8</ele></rtept><rtept lat="57.485042" lon="12.411052"><ele>58.0</ele></rtept><rtept lat="57.485023" lon="12.41104"><ele>58.2</ele></rtept><rtept lat="57.485003" lon="12.411033"><ele>58.2</ele></rtept><rtept lat="57.484978" lon="12.411022"><ele>58.6</ele></rtept><rtept lat="57.484953" lon="12.411013"><ele>58.4</ele></rtept><rtept lat="57.48492" lon="12.411002"><ele>58.4</ele></rtept><rtept lat="57.484902" lon="12.410995"><ele>58.4</ele></rtept><rtept lat="57.484877" lon="12.410992"><ele>58.2</ele></rtept><rtept lat="57.48485" lon="12.410987"><ele>58.4</ele></rtept><rtept lat="57.484818" lon="12.410978"><ele>58.2</ele></rtept><rtept lat="57.484793" lon="12.410968"><ele>58.4</ele></rtept><rtept lat="57.484773" lon="12.410962"><ele>58.2</ele></rtept><rtept lat="57.484748" lon="12.410953"><ele>58.0</ele></rtept><rtept lat="57.484722" lon="12.410943"><ele>58.4</ele></rtept><rtept lat="57.484697" lon="12.410935"><ele>58.2</ele></rtept><rtept lat="57.484672" lon="12.410928"><ele>58.4</ele></rtept><rtept lat="57.48464" lon="12.410915"><ele>58.2</ele></rtept><rtept lat="57.484595" lon="12.410922"><ele>58.2</ele></rtept><rtept lat="57.484557" lon="12.410895"><ele>58.4</ele></rtept><rtept lat="57.484518" lon="12.410885"><ele>58.4</ele></rtept><rtept lat="57.484478" lon="12.410875"><ele>58.8</ele></rtept><rtept lat="57.484453" lon="12.41086"><ele>58.6</ele></rtept><rtept lat="57.484428" lon="12.410853"><ele>58.6</ele></rtept><rtept lat="57.484408" lon="12.410838"><ele>58.8</ele></rtept><rtept lat="57.484383" lon="12.410823"><ele>58.6</ele></rtept><rtept lat="57.484363" lon="12.41082"><ele>59.0</ele></rtept><rtept lat="57.484332" lon="12.410815"><ele>58.8</ele></rtept><rtept lat="57.484307" lon="12.410805"><ele>59.0</ele></rtept><rtept lat="57.48428" lon="12.410797"><ele>59.2</ele></rtept><rtept lat="57.484255" lon="12.410793"><ele>59.0</ele></rtept><rtept lat="57.48423" lon="12.41079"><ele>59.4</ele></rtept><rtept lat="57.484203" lon="12.410783"><ele>59.2</ele></rtept><rtept lat="57.484178" lon="12.41077"><ele>59.6</ele></rtept><rtept lat="57.484147" lon="12.410763"><ele>60.0</ele></rtept><rtept lat="57.484115" lon="12.41076"><ele>60.0</ele></rtept><rtept lat="57.484082" lon="12.410753"><ele>60.6</ele></rtept><rtept lat="57.484038" lon="12.410745"><ele>60.6</ele></rtept><rtept lat="57.484005" lon="12.410748"><ele>60.8</ele></rtept><rtept lat="57.483967" lon="12.41075"><ele>61.0</ele></rtept><rtept lat="57.483922" lon="12.410763"><ele>61.0</ele></rtept><rtept lat="57.483865" lon="12.410783"><ele>61.6</ele></rtept><rtept lat="57.48382" lon="12.4108"><ele>61.4</ele></rtept><rtept lat="57.483762" lon="12.410793"><ele>62.0</ele></rtept><rtept lat="57.483718" lon="12.410788"><ele>62.0</ele></rtept><rtept lat="57.483673" lon="12.410775"><ele>62.0</ele></rtept><rtept lat="57.48364" lon="12.41076"><ele>62.6</ele></rtept><rtept lat="57.483608" lon="12.410763"><ele>62.4</ele></rtept><rtept lat="57.483563" lon="12.410783"><ele>63.0</ele></rtept><rtept lat="57.48352" lon="12.4108"><ele>63.0</ele></rtept><rtept lat="57.4835" lon="12.41081"><ele>63.0</ele></rtept><rtept lat="57.483468" lon="12.410808"><ele>63.4</ele></rtept><rtept lat="57.48348" lon="12.41075"><ele>63.8</ele></rtept><rtept lat="57.483468" lon="12.410708"><ele>63.8</ele></rtept><rtept lat="57.483448" lon="12.410663"><ele>64.2</ele></rtept><rtept lat="57.483423" lon="12.410645"><ele>64.8</ele></rtept><rtept lat="57.483398" lon="12.410612"><ele>65.2</ele></rtept><rtept lat="57.483372" lon="12.410598"><ele>65.8</ele></rtept><rtept lat="57.483353" lon="12.41058"><ele>66.2</ele></rtept><rtept lat="57.483327" lon="12.410552"><ele>66.8</ele></rtept><rtept lat="57.483308" lon="12.410535"><ele>66.8</ele></rtept><rtept lat="57.483282" lon="12.410518"><ele>67.2</ele></rtept><rtept lat="57.483263" lon="12.410512"><ele>68.0</ele></rtept><rtept lat="57.483238" lon="12.410498"><ele>67.8</ele></rtept><rtept lat="57.483212" lon="12.410485"><ele>68.0</ele></rtept><rtept lat="57.483193" lon="12.410473"><ele>68.6</ele></rtept><rtept lat="57.483155" lon="12.410477"><ele>68.4</ele></rtept><rtept lat="57.483135" lon="12.410467"><ele>69.0</ele></rtept><rtept lat="57.483117" lon="12.410458"><ele>69.0</ele></rtept><rtept lat="57.48309" lon="12.410465"><ele>69.6</ele></rtept><rtept lat="57.483065" lon="12.410472"><ele>69.8</ele></rtept><rtept lat="57.483045" lon="12.410478"><ele>70.0</ele></rtept><rtept lat="57.483013" lon="12.410482"><ele>70.6</ele></rtept><rtept lat="57.482975" lon="12.410478"><ele>71.0</ele></rtept><rtept lat="57.48295" lon="12.410478"><ele>71.4</ele></rtept><rtept lat="57.482912" lon="12.410472"><ele>71.4</ele></rtept><rtept lat="57.482892" lon="12.410467"><ele>72.0</ele></rtept><rtept lat="57.482867" lon="12.41046"><ele>72.0</ele></rtept><rtept lat="57.482828" lon="12.410457"><ele>71.8</ele></rtept><rtept lat="57.482777" lon="12.41046"><ele>72.4</ele></rtept><rtept lat="57.482738" lon="12.410473"><ele>72.2</ele></rtept><rtept lat="57.482693" lon="12.410478"><ele>72.6</ele></rtept><rtept lat="57.482648" lon="12.410487"><ele>72.8</ele></rtept><rtept lat="57.482603" lon="12.410505"><ele>72.8</ele></rtept><rtept lat="57.482565" lon="12.410512"><ele>73.2</ele></rtept><rtept lat="57.482533" lon="12.410515"><ele>73.0</ele></rtept><rtept lat="57.482502" lon="12.4105"><ele>72.8</ele></rtept><rtept lat="57.482443" lon="12.410457"><ele>73.0</ele></rtept><rtept lat="57.4824" lon="12.410473"><ele>72.8</ele></rtept><rtept lat="57.48236" lon="12.41051"><ele>73.2</ele></rtept><rtept lat="57.482317" lon="12.41056"><ele>73.2</ele></rtept><rtept lat="57.482283" lon="12.41059"><ele>73.0</ele></rtept><rtept lat="57.482258" lon="12.41063"><ele>73.6</ele></rtept><rtept lat="57.48222" lon="12.41066"><ele>73.4</ele></rtept><rtept lat="57.482195" lon="12.41069"><ele>73.2</ele></rtept><rtept lat="57.482168" lon="12.410723"><ele>73.4</ele></rtept><rtept lat="57.48213" lon="12.410723"><ele>73.0</ele></rtept><rtept lat="57.482112" lon="12.410683"><ele>73.6</ele></rtept><rtept lat="57.482092" lon="12.41064"><ele>73.4</ele></rtept><rtept lat="57.482073" lon="12.410618"><ele>73.4</ele></rtept><rtept lat="57.48204" lon="12.410592"><ele>73.6</ele></rtept><rtept lat="57.482022" lon="12.410587"><ele>73.4</ele></rtept><rtept lat="57.48199" lon="12.410592"><ele>73.4</ele></rtept><rtept lat="57.481977" lon="12.410552"><ele>73.4</ele></rtept><rtept lat="57.481963" lon="12.410517"><ele>73.8</ele></rtept><rtept lat="57.481932" lon="12.410478"><ele>73.4</ele></rtept><rtept lat="57.4819" lon="12.410447"><ele>73.4</ele></rtept><rtept lat="57.48188" lon="12.410437"><ele>73.8</ele></rtept><rtept lat="57.481862" lon="12.41042"><ele>73.6</ele></rtept><rtept lat="57.481842" lon="12.410407"><ele>73.6</ele></rtept><rtept lat="57.481803" lon="12.410373"><ele>73.8</ele></rtept><rtept lat="57.481765" lon="12.410328"><ele>74.2</ele></rtept><rtept lat="57.48174" lon="12.410308"><ele>74.6</ele></rtept><rtept lat="57.481708" lon="12.410287"><ele>74.6</ele></rtept><rtept lat="57.481682" lon="12.410278"><ele>74.6</ele></rtept><rtept lat="57.481657" lon="12.410277"><ele>74.6</ele></rtept><rtept lat="57.481625" lon="12.410273"><ele>75.0</ele></rtept><rtept lat="57.4816" lon="12.410275"><ele>75.0</ele></rtept><rtept lat="57.481567" lon="12.410282"><ele>75.2</ele></rtept><rtept lat="57.481542" lon="12.410288"><ele>75.4</ele></rtept><rtept lat="57.48151" lon="12.4103"><ele>75.0</ele></rtept><rtept lat="57.481465" lon="12.410332"><ele>75.4</ele></rtept><rtept lat="57.48144" lon="12.410352"><ele>75.2</ele></rtept><rtept lat="57.481407" lon="12.410368"><ele>75.0</ele></rtept><rtept lat="57.481375" lon="12.410382"><ele>75.4</ele></rtept><rtept lat="57.481337" lon="12.410403"><ele>75.0</ele></rtept><rtept lat="57.481312" lon="12.410427"><ele>74.8</ele></rtept><rtept lat="57.481285" lon="12.41044"><ele>74.8</ele></rtept><rtept lat="57.48126" lon="12.410458"><ele>74.4</ele></rtept><rtept lat="57.481228" lon="12.410478"><ele>74.6</ele></rtept><rtept lat="57.481208" lon="12.410498"><ele>74.2</ele></rtept><rtept lat="57.481183" lon="12.410522"><ele>73.8</ele></rtept><rtept lat="57.481163" lon="12.41054"><ele>74.0</ele></rtept><rtept lat="57.481138" lon="12.410555"><ele>73.6</ele></rtept><rtept lat="57.48112" lon="12.410567"><ele>73.8</ele></rtept><rtept lat="57.481093" lon="12.41058"><ele>73.2</ele></rtept><rtept lat="57.481055" lon="12.410607"><ele>73.2</ele></rtept><rtept lat="57.481023" lon="12.41062"><ele>73.2</ele></rtept><rtept lat="57.480998" lon="12.410622"><ele>73.0</ele></rtept><rtept lat="57.480978" lon="12.410622"><ele>73.4</ele></rtept><rtept lat="57.480947" lon="12.410643"><ele>73.2</ele></rtept><rtept lat="57.480908" lon="12.41065"><ele>73.2</ele></rtept><rtept lat="57.480888" lon="12.410655"><ele>73.2</ele></rtept><rtept lat="57.480863" lon="12.410677"><ele>72.8</ele></rtept><rtept lat="57.480843" lon="12.410683"><ele>73.2</ele></rtept><rtept lat="57.480818" lon="12.41069"><ele>72.8</ele></rtept><rtept lat="57.4808" lon="12.410697"><ele>72.8</ele></rtept><rtept lat="57.480767" lon="12.410708"><ele>72.4</ele></rtept><rtept lat="57.480742" lon="12.41072"><ele>72.2</ele></rtept><rtept lat="57.480683" lon="12.410745"><ele>72.4</ele></rtept><rtept lat="57.480633" lon="12.41078"><ele>71.8</ele></rtept><rtept lat="57.4806" lon="12.41082"><ele>71.8</ele></rtept><rtept lat="57.480557" lon="12.410848"><ele>71.8</ele></rtept><rtept lat="57.480518" lon="12.410888"><ele>71.6</ele></rtept><rtept lat="57.480473" lon="12.410922"><ele>72.0</ele></rtept><rtept lat="57.480435" lon="12.410948"><ele>71.6</ele></rtept><rtept lat="57.480397" lon="12.410983"><ele>71.8</ele></rtept><rtept lat="57.48037" lon="12.411012"><ele>71.4</ele></rtept><rtept lat="57.480332" lon="12.411037"><ele>71.0</ele></rtept><rtept lat="57.480293" lon="12.411073"><ele>71.4</ele></rtept><rtept lat="57.480268" lon="12.411102"><ele>71.0</ele></rtept><rtept lat="57.480248" lon="12.411122"><ele>71.4</ele></rtept><rtept lat="57.480223" lon="12.411137"><ele>71.0</ele></rtept><rtept lat="57.480185" lon="12.411128"><ele>70.6</ele></rtept><rtept lat="57.48014" lon="12.411128"><ele>70.6</ele></rtept><rtept lat="57.480108" lon="12.41114"><ele>70.4</ele></rtept><rtept lat="57.480077" lon="12.411147"><ele>70.8</ele></rtept><rtept lat="57.48005" lon="12.411165"><ele>70.4</ele></rtept><rtept lat="57.480018" lon="12.411182"><ele>70.4</ele></rtept><rtept lat="57.479987" lon="12.411192"><ele>70.4</ele></rtept><rtept lat="57.479955" lon="12.411198"><ele>70.0</ele></rtept><rtept lat="57.479928" lon="12.411205"><ele>70.2</ele></rtept><rtept lat="57.479897" lon="12.411215"><ele>69.8</ele></rtept><rtept lat="57.479872" lon="12.411232"><ele>69.4</ele></rtept><rtept lat="57.47984" lon="12.411245"><ele>69.6</ele></rtept><rtept lat="57.479807" lon="12.411252"><ele>69.2</ele></rtept><rtept lat="57.479775" lon="12.411255"><ele>69.2</ele></rtept><rtept lat="57.47975" lon="12.411272"><ele>69.0</ele></rtept><rtept lat="57.479718" lon="12.411302"><ele>68.6</ele></rtept><rtept lat="57.479692" lon="12.411332"><ele>68.8</ele></rtept><rtept lat="57.47966" lon="12.411357"><ele>68.2</ele></rtept><rtept lat="57.479635" lon="12.411383"><ele>68.4</ele></rtept><rtept lat="57.479615" lon="12.411408"><ele>68.0</ele></rtept><rtept lat="57.47959" lon="12.411437"><ele>67.6</ele></rtept><rtept lat="57.47957" lon="12.411468"><ele>67.8</ele></rtept><rtept lat="57.479552" lon="12.411505"><ele>67.4</ele></rtept><rtept lat="57.479525" lon="12.411553"><ele>67.6</ele></rtept><rtept lat="57.4795" lon="12.4116"><ele>67.2</ele></rtept><rtept lat="57.47948" lon="12.411647"><ele>67.0</ele></rtept><rtept lat="57.479462" lon="12.411687"><ele>67.2</ele></rtept><rtept lat="57.479448" lon="12.411732"><ele>67.0</ele></rtept><rtept lat="57.47943" lon="12.411772"><ele>67.4</ele></rtept><rtept lat="57.479417" lon="12.411812"><ele>67.2</ele></rtept><rtept lat="57.479398" lon="12.411858"><ele>66.8</ele></rtept><rtept lat="57.479378" lon="12.411898"><ele>67.0</ele></rtept><rtept lat="57.47936" lon="12.411938"><ele>66.8</ele></rtept><rtept lat="57.47934" lon="12.411977"><ele>67.4</ele></rtept><rtept lat="57.47932" lon="12.412012"><ele>67.0</ele></rtept><rtept lat="57.479302" lon="12.41205"><ele>67.0</ele></rtept><rtept lat="57.479282" lon="12.41208"><ele>67.2</ele></rtept><rtept lat="57.479257" lon="12.412103"><ele>67.0</ele></rtept><rtept lat="57.479238" lon="12.412123"><ele>67.6</ele></rtept><rtept lat="57.479218" lon="12.412135"><ele>67.4</ele></rtept><rtept lat="57.479193" lon="12.412148"><ele>67.6</ele></rtept><rtept lat="57.479173" lon="12.412163"><ele>67.4</ele></rtept><rtept lat="57.479148" lon="12.412178"><ele>67.4</ele></rtept><rtept lat="57.479122" lon="12.41219"><ele>67.8</ele></rtept><rtept lat="57.479097" lon="12.4122"><ele>67.4</ele></rtept><rtept lat="57.479072" lon="12.412205"><ele>67.8</ele></rtept><rtept lat="57.479045" lon="12.41221"><ele>67.6</ele></rtept><rtept lat="57.479013" lon="12.412223"><ele>67.6</ele></rtept><rtept lat="57.478982" lon="12.412223"><ele>67.8</ele></rtept><rtept lat="57.478957" lon="12.41222"><ele>67.4</ele></rtept><rtept lat="57.478918" lon="12.412223"><ele>67.8</ele></rtept><rtept lat="57.478892" lon="12.412223"><ele>67.6</ele></rtept><rtept lat="57.47886" lon="12.412228"><ele>67.4</ele></rtept><rtept lat="57.47884" lon="12.412223"><ele>67.8</ele></rtept><rtept lat="57.478808" lon="12.412223"><ele>67.4</ele></rtept><rtept lat="57.478777" lon="12.412215"><ele>68.2</ele></rtept><rtept lat="57.478745" lon="12.412215"><ele>67.8</ele></rtept><rtept lat="57.478713" lon="12.412213"><ele>67.8</ele></rtept><rtept lat="57.47868" lon="12.41221"><ele>67.8</ele></rtept><rtept lat="57.478642" lon="12.412215"><ele>67.6</ele></rtept><rtept lat="57.478603" lon="12.412218"><ele>68.2</ele></rtept><rtept lat="57.478572" lon="12.412213"><ele>67.8</ele></rtept><rtept lat="57.47854" lon="12.41222"><ele>68.2</ele></rtept><rtept lat="57.478502" lon="12.41222"><ele>68.0</ele></rtept><rtept lat="57.47847" lon="12.41222"><ele>67.8</ele></rtept><rtept lat="57.478438" lon="12.412218"><ele>68.0</ele></rtept><rtept lat="57.4784" lon="12.412218"><ele>67.8</ele></rtept><rtept lat="57.478367" lon="12.412213"><ele>68.4</ele></rtept><rtept lat="57.478342" lon="12.412203"><ele>68.2</ele></rtept><rtept lat="57.478303" lon="12.4122"><ele>68.2</ele></rtept><rtept lat="57.478272" lon="12.412198"><ele>68.4</ele></rtept><rtept lat="57.47824" lon="12.412193"><ele>68.2</ele></rtept><rtept lat="57.478207" lon="12.412193"><ele>68.8</ele></rtept><rtept lat="57.478168" lon="12.412183"><ele>68.4</ele></rtept><rtept lat="57.478143" lon="12.412173"><ele>68.6</ele></rtept><rtept lat="57.478112" lon="12.412165"><ele>68.8</ele></rtept><rtept lat="57.47808" lon="12.412155"><ele>68.6</ele></rtept><rtept lat="57.478047" lon="12.41214"><ele>69.0</ele></rtept><rtept lat="57.478015" lon="12.412133"><ele>68.8</ele></rtept><rtept lat="57.477983" lon="12.412123"><ele>68.8</ele></rtept><rtept lat="57.477952" lon="12.412117"><ele>69.0</ele></rtept><rtept lat="57.477907" lon="12.412112"><ele>68.8</ele></rtept><rtept lat="57.477875" lon="12.41211"><ele>69.2</ele></rtept><rtept lat="57.477848" lon="12.412103"><ele>68.8</ele></rtept><rtept lat="57.47781" lon="12.412092"><ele>68.8</ele></rtept><rtept lat="57.477785" lon="12.412083"><ele>68.8</ele></rtept><rtept lat="57.477747" lon="12.412072"><ele>68.6</ele></rtept><rtept lat="57.477715" lon="12.412062"><ele>69.0</ele></rtept><rtept lat="57.477682" lon="12.41206"><ele>68.6</ele></rtept><rtept lat="57.47765" lon="12.412063"><ele>68.8</ele></rtept><rtept lat="57.477625" lon="12.412062"><ele>68.6</ele></rtept><rtept lat="57.477587" lon="12.41206"><ele>68.6</ele></rtept><rtept lat="57.47756" lon="12.412057"><ele>68.8</ele></rtept><rtept lat="57.477535" lon="12.41206"><ele>68.4</ele></rtept><rtept lat="57.477517" lon="12.412065"><ele>68.8</ele></rtept><rtept lat="57.477535" lon="12.41209"><ele>68.8</ele></rtept><rtept lat="57.477567" lon="12.41211"><ele>68.4</ele></rtept><rtept lat="57.4776" lon="12.41213"><ele>69.0</ele></rtept><rtept lat="57.477632" lon="12.412158"><ele>68.6</ele></rtept><rtept lat="57.477663" lon="12.41219"><ele>68.6</ele></rtept><rtept lat="57.477688" lon="12.412225"><ele>68.8</ele></rtept><rtept lat="57.477715" lon="12.412273"><ele>68.6</ele></rtept><rtept lat="57.47774" lon="12.41231"><ele>69.0</ele></rtept><rtept lat="57.477765" lon="12.412355"><ele>68.8</ele></rtept><rtept lat="57.477792" lon="12.412395"><ele>68.8</ele></rtept><rtept lat="57.477817" lon="12.412433"><ele>68.8</ele></rtept><rtept lat="57.477842" lon="12.412463"><ele>68.6</ele></rtept><rtept lat="57.477862" lon="12.412492"><ele>69.0</ele></rtept><rtept lat="57.477887" lon="12.41252"><ele>68.8</ele></rtept><rtept lat="57.477913" lon="12.412558"><ele>69.0</ele></rtept><rtept lat="57.477938" lon="12.412597"><ele>68.8</ele></rtept><rtept lat="57.47797" lon="12.41264"><ele>68.8</ele></rtept><rtept lat="57.47799" lon="12.41268"><ele>69.0</ele></rtept><rtept lat="57.478015" lon="12.41272"><ele>68.8</ele></rtept><rtept lat="57.478028" lon="12.412765"><ele>68.8</ele></rtept><rtept lat="57.478047" lon="12.412808"><ele>68.8</ele></rtept><rtept lat="57.478067" lon="12.412855"><ele>68.8</ele></rtept><rtept lat="57.478085" lon="12.412895"><ele>69.0</ele></rtept><rtept lat="57.478098" lon="12.412923"><ele>68.8</ele></rtept><rtept lat="57.478118" lon="12.412955"><ele>69.2</ele></rtept><rtept lat="57.47815" lon="12.413"><ele>69.0</ele></rtept><rtept lat="57.478182" lon="12.41303"><ele>68.6</ele></rtept><rtept lat="57.478207" lon="12.413062"><ele>69.0</ele></rtept><rtept lat="57.478233" lon="12.413093"><ele>68.8</ele></rtept><rtept lat="57.478258" lon="12.413127"><ele>68.6</ele></rtept><rtept lat="57.478283" lon="12.413158"><ele>68.8</ele></rtept><rtept lat="57.478303" lon="12.413193"><ele>68.8</ele></rtept><rtept lat="57.478328" lon="12.413232"><ele>69.2</ele></rtept><rtept lat="57.478348" lon="12.413267"><ele>68.8</ele></rtept><rtept lat="57.478367" lon="12.413293"><ele>68.6</ele></rtept><rtept lat="57.478387" lon="12.413318"><ele>68.6</ele></rtept><rtept lat="57.478405" lon="12.413345"><ele>68.8</ele></rtept><rtept lat="57.478425" lon="12.413375"><ele>69.0</ele></rtept><rtept lat="57.478443" lon="12.413405"><ele>69.0</ele></rtept><rtept lat="57.478463" lon="12.413442"><ele>69.0</ele></rtept><rtept lat="57.478482" lon="12.413475"><ele>69.2</ele></rtept><rtept lat="57.478495" lon="12.413503"><ele>69.4</ele></rtept><rtept lat="57.478508" lon="12.41353"><ele>69.4</ele></rtept><rtept lat="57.47854" lon="12.413597"><ele>69.4</ele></rtept><rtept lat="57.47856" lon="12.413642"><ele>69.2</ele></rtept><rtept lat="57.478585" lon="12.413668"><ele>69.4</ele></rtept><rtept lat="57.478603" lon="12.4137"><ele>69.2</ele></rtept><rtept lat="57.478617" lon="12.413742"><ele>69.2</ele></rtept><rtept lat="57.478642" lon="12.413775"><ele>69.4</ele></rtept><rtept lat="57.478662" lon="12.413812"><ele>69.4</ele></rtept><rtept lat="57.47868" lon="12.413833"><ele>69.6</ele></rtept><rtept lat="57.478707" lon="12.413887"><ele>69.0</ele></rtept><rtept lat="57.478732" lon="12.413937"><ele>69.0</ele></rtept><rtept lat="57.478752" lon="12.41398"><ele>69.0</ele></rtept><rtept lat="57.478777" lon="12.414015"><ele>69.2</ele></rtept><rtept lat="57.47879" lon="12.414055"><ele>69.0</ele></rtept><rtept lat="57.478802" lon="12.41409"><ele>69.2</ele></rtept><rtept lat="57.478815" lon="12.414132"><ele>69.2</ele></rtept><rtept lat="57.478828" lon="12.414163"><ele>68.6</ele></rtept><rtept lat="57.478847" lon="12.414197"><ele>68.8</ele></rtept><rtept lat="57.47886" lon="12.414237"><ele>68.6</ele></rtept><rtept lat="57.47886" lon="12.414275"><ele>68.8</ele></rtept><rtept lat="57.478867" lon="12.414323"><ele>68.8</ele></rtept><rtept lat="57.478873" lon="12.414368"><ele>69.2</ele></rtept><rtept lat="57.478885" lon="12.414408"><ele>69.4</ele></rtept><rtept lat="57.478892" lon="12.414448"><ele>69.2</ele></rtept><rtept lat="57.478905" lon="12.414483"><ele>69.6</ele></rtept><rtept lat="57.478918" lon="12.414522"><ele>69.4</ele></rtept><rtept lat="57.47893" lon="12.41456"><ele>69.6</ele></rtept><rtept lat="57.478943" lon="12.414607"><ele>69.4</ele></rtept><rtept lat="57.478957" lon="12.414647"><ele>69.6</ele></rtept><rtept lat="57.478975" lon="12.41469"><ele>69.6</ele></rtept><rtept lat="57.478982" lon="12.414722"><ele>69.6</ele></rtept><rtept lat="57.478995" lon="12.414777"><ele>69.6</ele></rtept><rtept lat="57.479007" lon="12.414817"><ele>69.0</ele></rtept><rtept lat="57.479013" lon="12.414865"><ele>69.2</ele></rtept><rtept lat="57.479033" lon="12.414905"><ele>69.2</ele></rtept><rtept lat="57.47904" lon="12.414943"><ele>69.6</ele></rtept><rtept lat="57.479065" lon="12.41498"><ele>69.2</ele></rtept><rtept lat="57.479078" lon="12.415013"><ele>69.4</ele></rtept><rtept lat="57.479097" lon="12.415042"><ele>69.6</ele></rtept><rtept lat="57.47911" lon="12.415082"><ele>69.6</ele></rtept><rtept lat="57.479122" lon="12.415133"><ele>69.8</ele></rtept><rtept lat="57.479135" lon="12.415183"><ele>69.8</ele></rtept><rtept lat="57.479155" lon="12.415227"><ele>69.8</ele></rtept><rtept lat="57.479173" lon="12.415277"><ele>69.8</ele></rtept><rtept lat="57.47918" lon="12.415322"><ele>69.4</ele></rtept><rtept lat="57.4792" lon="12.415377"><ele>69.8</ele></rtept><rtept lat="57.479212" lon="12.415422"><ele>69.8</ele></rtept><rtept lat="57.479218" lon="12.415465"><ele>70.0</ele></rtept><rtept lat="57.479232" lon="12.415505"><ele>70.0</ele></rtept><rtept lat="57.479238" lon="12.41554"><ele>69.8</ele></rtept><rtept lat="57.47925" lon="12.415583"><ele>70.0</ele></rtept><rtept lat="57.47927" lon="12.415623"><ele>70.0</ele></rtept><rtept lat="57.479288" lon="12.415673"><ele>70.4</ele></rtept><rtept lat="57.479302" lon="12.415715"><ele>70.6</ele></rtept><rtept lat="57.479327" lon="12.415753"><ele>70.4</ele></rtept><rtept lat="57.479353" lon="12.415785"><ele>70.6</ele></rtept><rtept lat="57.479378" lon="12.415855"><ele>70.6</ele></rtept><rtept lat="57.479392" lon="12.415888"><ele>71.0</ele></rtept><rtept lat="57.47941" lon="12.415918"><ele>70.8</ele></rtept><rtept lat="57.479437" lon="12.415978"><ele>71.0</ele></rtept><rtept lat="57.479462" lon="12.416003"><ele>70.8</ele></rtept><rtept lat="57.47948" lon="12.416033"><ele>70.8</ele></rtept><rtept lat="57.479507" lon="12.416058"><ele>70.4</ele></rtept><rtept lat="57.479532" lon="12.416077"><ele>70.6</ele></rtept><rtept lat="57.479558" lon="12.416092"><ele>70.4</ele></rtept><rtept lat="57.47959" lon="12.416112"><ele>70.4</ele></rtept><rtept lat="57.479608" lon="12.41613"><ele>70.8</ele></rtept><rtept lat="57.479635" lon="12.416145"><ele>70.6</ele></rtept><rtept lat="57.479653" lon="12.416155"><ele>70.6</ele></rtept><rtept lat="57.47968" lon="12.41616"><ele>70.8</ele></rtept><rtept lat="57.479705" lon="12.416162"><ele>70.6</ele></rtept><rtept lat="57.47973" lon="12.416165"><ele>71.0</ele></rtept><rtept lat="57.47975" lon="12.41618"><ele>70.8</ele></rtept><rtept lat="57.479775" lon="12.41618"><ele>70.4</ele></rtept><rtept lat="57.479813" lon="12.41618"><ele>70.6</ele></rtept><rtept lat="57.479845" lon="12.416185"><ele>70.4</ele></rtept><rtept lat="57.479883" lon="12.416202"><ele>70.8</ele></rtept><rtept lat="57.479917" lon="12.416222"><ele>70.6</ele></rtept><rtept lat="57.479948" lon="12.416232"><ele>70.4</ele></rtept><rtept lat="57.479987" lon="12.416245"><ele>70.6</ele></rtept><rtept lat="57.480012" lon="12.416257"><ele>70.4</ele></rtept><rtept lat="57.480032" lon="12.416277"><ele>71.0</ele></rtept><rtept lat="57.480057" lon="12.416297"><ele>70.8</ele></rtept><rtept lat="57.480082" lon="12.41632"><ele>70.8</ele></rtept><rtept lat="57.480102" lon="12.416345"><ele>70.8</ele></rtept><rtept lat="57.480133" lon="12.41637"><ele>70.4</ele></rtept><rtept lat="57.480172" lon="12.416398"><ele>70.8</ele></rtept><rtept lat="57.48021" lon="12.41643"><ele>70.6</ele></rtept><rtept lat="57.480275" lon="12.416522"><ele>70.4</ele></rtept><rtept lat="57.480345" lon="12.416593"><ele>70.6</ele></rtept><rtept lat="57.480397" lon="12.416662"><ele>70.4</ele></rtept><rtept lat="57.480453" lon="12.416717"><ele>70.6</ele></rtept><rtept lat="57.480512" lon="12.416753"><ele>70.2</ele></rtept><rtept lat="57.48055" lon="12.416785"><ele>70.4</ele></rtept><rtept lat="57.480582" lon="12.416817"><ele>70.6</ele></rtept><rtept lat="57.480613" lon="12.41685"><ele>70.4</ele></rtept><rtept lat="57.480633" lon="12.41688"><ele>70.6</ele></rtept><rtept lat="57.480645" lon="12.416912"><ele>70.6</ele></rtept><rtept lat="57.480665" lon="12.416965"><ele>70.4</ele></rtept><rtept lat="57.480678" lon="12.417023"><ele>70.4</ele></rtept><rtept lat="57.480703" lon="12.417068"><ele>70.2</ele></rtept><rtept lat="57.480728" lon="12.417095"><ele>70.2</ele></rtept><rtept lat="57.480755" lon="12.41712"><ele>70.0</ele></rtept><rtept lat="57.48078" lon="12.417128"><ele>70.4</ele></rtept><rtept lat="57.480805" lon="12.417128"><ele>70.2</ele></rtept><rtept lat="57.480825" lon="12.41714"><ele>70.0</ele></rtept><rtept lat="57.48085" lon="12.417162"><ele>70.2</ele></rtept><rtept lat="57.48087" lon="12.41718"><ele>70.0</ele></rtept><rtept lat="57.480888" lon="12.417208"><ele>70.4</ele></rtept><rtept lat="57.480915" lon="12.41724"><ele>70.2</ele></rtept><rtept lat="57.480933" lon="12.417275"><ele>70.2</ele></rtept><rtept lat="57.480953" lon="12.417312"><ele>70.2</ele></rtept><rtept lat="57.480978" lon="12.417352"><ele>70.2</ele></rtept><rtept lat="57.480998" lon="12.417388"><ele>70.6</ele></rtept><rtept lat="57.481017" lon="12.417438"><ele>70.2</ele></rtept><rtept lat="57.48103" lon="12.417467"><ele>70.2</ele></rtept><rtept lat="57.481055" lon="12.417505"><ele>69.8</ele></rtept><rtept lat="57.48108" lon="12.417547"><ele>70.2</ele></rtept><rtept lat="57.4811" lon="12.417587"><ele>69.8</ele></rtept><rtept lat="57.481113" lon="12.417617"><ele>69.6</ele></rtept><rtept lat="57.481132" lon="12.417642"><ele>69.6</ele></rtept><rtept lat="57.481158" lon="12.417657"><ele>69.4</ele></rtept><rtept lat="57.48119" lon="12.417695"><ele>69.8</ele></rtept><rtept lat="57.481202" lon="12.417732"><ele>69.4</ele></rtept><rtept lat="57.481208" lon="12.417777"><ele>69.6</ele></rtept><rtept lat="57.481228" lon="12.41782"><ele>69.6</ele></rtept><rtept lat="57.481228" lon="12.41787"><ele>69.4</ele></rtept><rtept lat="57.481247" lon="12.417928"><ele>70.0</ele></rtept><rtept lat="57.481267" lon="12.417968"><ele>69.6</ele></rtept><rtept lat="57.48128" lon="12.41802"><ele>69.6</ele></rtept><rtept lat="57.481292" lon="12.418068"><ele>69.6</ele></rtept><rtept lat="57.481305" lon="12.418117"><ele>69.4</ele></rtept><rtept lat="57.481323" lon="12.418165"><ele>69.8</ele></rtept><rtept lat="57.481343" lon="12.41821"><ele>69.4</ele></rtept><rtept lat="57.481362" lon="12.418255"><ele>69.6</ele></rtept><rtept lat="57.481382" lon="12.41829"><ele>69.6</ele></rtept><rtept lat="57.481388" lon="12.418365"><ele>69.8</ele></rtept><rtept lat="57.4814" lon="12.418403"><ele>69.4</ele></rtept><rtept lat="57.4814" lon="12.418443"><ele>69.6</ele></rtept><rtept lat="57.4814" lon="12.418485"><ele>69.4</ele></rtept><rtept lat="57.481413" lon="12.418528"><ele>69.0</ele></rtept><rtept lat="57.481427" lon="12.418568"><ele>69.4</ele></rtept><rtept lat="57.481445" lon="12.418605"><ele>69.0</ele></rtept><rtept lat="57.481465" lon="12.418642"><ele>69.6</ele></rtept><rtept lat="57.481478" lon="12.418682"><ele>69.2</ele></rtept><rtept lat="57.481497" lon="12.418733"><ele>69.4</ele></rtept><rtept lat="57.48151" lon="12.41878"><ele>69.4</ele></rtept><rtept lat="57.481522" lon="12.418817"><ele>69.4</ele></rtept><rtept lat="57.481542" lon="12.418853"><ele>69.6</ele></rtept><rtept lat="57.481573" lon="12.418912"><ele>69.4</ele></rtept><rtept lat="57.481605" lon="12.41897"><ele>70.0</ele></rtept><rtept lat="57.481638" lon="12.419015"><ele>70.0</ele></rtept><rtept lat="57.481663" lon="12.419052"><ele>70.2</ele></rtept><rtept lat="57.481688" lon="12.41909"><ele>70.2</ele></rtept><rtept lat="57.481708" lon="12.41912"><ele>70.0</ele></rtept><rtept lat="57.48172" lon="12.419157"><ele>70.4</ele></rtept><rtept lat="57.48174" lon="12.419198"><ele>70.8</ele></rtept><rtept lat="57.48176" lon="12.419235"><ele>71.4</ele></rtept><rtept lat="57.481785" lon="12.419275"><ele>71.4</ele></rtept><rtept lat="57.481803" lon="12.419325"><ele>71.2</ele></rtept><rtept lat="57.481823" lon="12.419362"><ele>72.0</ele></rtept><rtept lat="57.481842" lon="12.419402"><ele>71.8</ele></rtept><rtept lat="57.481862" lon="12.419443"><ele>72.2</ele></rtept><rtept lat="57.481893" lon="12.419487"><ele>72.0</ele></rtept><rtept lat="57.48192" lon="12.419537"><ele>72.0</ele></rtept><rtept lat="57.481958" lon="12.419592"><ele>72.4</ele></rtept><rtept lat="57.481997" lon="12.419652"><ele>72.0</ele></rtept><rtept lat="57.482035" lon="12.419707"><ele>72.2</ele></rtept><rtept lat="57.48208" lon="12.41977"><ele>72.4</ele></rtept><rtept lat="57.482112" lon="12.41984"><ele>72.2</ele></rtept><rtept lat="57.482143" lon="12.41992"><ele>72.6</ele></rtept><rtept lat="57.482168" lon="12.419988"><ele>72.4</ele></rtept><rtept lat="57.482195" lon="12.420042"><ele>72.4</ele></rtept><rtept lat="57.482227" lon="12.420047"><ele>72.6</ele></rtept><rtept lat="57.482258" lon="12.420062"><ele>72.4</ele></rtept><rtept lat="57.482278" lon="12.420088"><ele>72.8</ele></rtept><rtept lat="57.48231" lon="12.420132"><ele>72.4</ele></rtept><rtept lat="57.482335" lon="12.420193"><ele>72.6</ele></rtept><rtept lat="57.48236" lon="12.420247"><ele>72.6</ele></rtept><rtept lat="57.48238" lon="12.420282"><ele>72.4</ele></rtept><rtept lat="57.4824" lon="12.420325"><ele>72.8</ele></rtept><rtept lat="57.482412" lon="12.42036"><ele>72.6</ele></rtept><rtept lat="57.482418" lon="12.4204"><ele>73.0</ele></rtept><rtept lat="57.482418" lon="12.420435"><ele>73.2</ele></rtept><rtept lat="57.482438" lon="12.420467"><ele>73.0</ele></rtept><rtept lat="57.482457" lon="12.420497"><ele>73.4</ele></rtept><rtept lat="57.482477" lon="12.42051"><ele>73.4</ele></rtept><rtept lat="57.482488" lon="12.420537"><ele>74.0</ele></rtept><rtept lat="57.482508" lon="12.42057"><ele>74.0</ele></rtept><rtept lat="57.482527" lon="12.42059"><ele>74.0</ele></rtept><rtept lat="57.48254" lon="12.420615"><ele>74.2</ele></rtept><rtept lat="57.482547" lon="12.42066"><ele>74.6</ele></rtept><rtept lat="57.48256" lon="12.420695"><ele>74.4</ele></rtept><rtept lat="57.482578" lon="12.420742"><ele>74.8</ele></rtept><rtept lat="57.482598" lon="12.420773"><ele>74.8</ele></rtept><rtept lat="57.482617" lon="12.420798"><ele>74.8</ele></rtept><rtept lat="57.482642" lon="12.42084"><ele>75.0</ele></rtept><rtept lat="57.482655" lon="12.420873"><ele>74.6</ele></rtept><rtept lat="57.482668" lon="12.420898"><ele>74.6</ele></rtept><rtept lat="57.482693" lon="12.420927"><ele>74.6</ele></rtept><rtept lat="57.482713" lon="12.420952"><ele>74.0</ele></rtept><rtept lat="57.482732" lon="12.420978"><ele>74.4</ele></rtept><rtept lat="57.482758" lon="12.421"><ele>74.2</ele></rtept><rtept lat="57.482783" lon="12.421032"><ele>74.2</ele></rtept><rtept lat="57.482808" lon="12.421065"><ele>74.6</ele></rtept><rtept lat="57.48284" lon="12.4211"><ele>74.2</ele></rtept><rtept lat="57.482867" lon="12.421125"><ele>74.6</ele></rtept><rtept lat="57.482885" lon="12.421145"><ele>74.4</ele></rtept><rtept lat="57.482905" lon="12.421172"><ele>74.2</ele></rtept><rtept lat="57.482923" lon="12.421207"><ele>74.6</ele></rtept><rtept lat="57.48295" lon="12.421255"><ele>74.2</ele></rtept><rtept lat="57.482975" lon="12.421298"><ele>74.6</ele></rtept><rtept lat="57.482995" lon="12.421323"><ele>74.6</ele></rtept><rtept lat="57.48302" lon="12.42135"><ele>74.6</ele></rtept><rtept lat="57.483045" lon="12.421373"><ele>75.0</ele></rtept><rtept lat="57.483065" lon="12.421385"><ele>74.8</ele></rtept><rtept lat="57.483083" lon="12.421395"><ele>75.0</ele></rtept><rtept lat="57.483117" lon="12.421418"><ele>74.8</ele></rtept><rtept lat="57.483135" lon="12.421448"><ele>75.2</ele></rtept><rtept lat="57.483155" lon="12.421475"><ele>75.2</ele></rtept><rtept lat="57.483173" lon="12.421495"><ele>75.8</ele></rtept><rtept lat="57.483193" lon="12.421522"><ele>76.0</ele></rtept><rtept lat="57.483212" lon="12.421552"><ele>75.8</ele></rtept><rtept lat="57.483238" lon="12.42158"><ele>76.0</ele></rtept><rtept lat="57.483263" lon="12.421613"><ele>76.2</ele></rtept><rtept lat="57.483288" lon="12.421653"><ele>76.8</ele></rtept><rtept lat="57.483315" lon="12.421693"><ele>76.6</ele></rtept><rtept lat="57.483353" lon="12.421713"><ele>77.0</ele></rtept><rtept lat="57.483378" lon="12.421742"><ele>77.0</ele></rtept><rtept lat="57.48341" lon="12.421777"><ele>76.8</ele></rtept><rtept lat="57.483448" lon="12.421802"><ele>77.6</ele></rtept><rtept lat="57.483493" lon="12.42185"><ele>77.6</ele></rtept><rtept lat="57.483525" lon="12.421903"><ele>78.0</ele></rtept><rtept lat="57.48357" lon="12.421948"><ele>78.0</ele></rtept><rtept lat="57.483608" lon="12.421993"><ele>78.0</ele></rtept><rtept lat="57.48364" lon="12.422018"><ele>78.6</ele></rtept><rtept lat="57.48366" lon="12.422053"><ele>78.4</ele></rtept><rtept lat="57.483673" lon="12.42208"><ele>78.2</ele></rtept><rtept lat="57.483692" lon="12.422108"><ele>78.4</ele></rtept><rtept lat="57.483718" lon="12.422118"><ele>78.2</ele></rtept><rtept lat="57.48375" lon="12.422173"><ele>78.4</ele></rtept><rtept lat="57.483782" lon="12.422232"><ele>78.2</ele></rtept><rtept lat="57.48382" lon="12.422267"><ele>77.8</ele></rtept><rtept lat="57.483858" lon="12.4223"><ele>78.0</ele></rtept><rtept lat="57.48389" lon="12.422327"><ele>77.8</ele></rtept><rtept lat="57.483922" lon="12.422343"><ele>78.4</ele></rtept><rtept lat="57.483948" lon="12.422368"><ele>78.0</ele></rtept><rtept lat="57.483973" lon="12.422398"><ele>78.2</ele></rtept><rtept lat="57.483993" lon="12.422425"><ele>78.4</ele></rtept><rtept lat="57.484005" lon="12.422462"><ele>78.8</ele></rtept><rtept lat="57.484025" lon="12.422512"><ele>78.4</ele></rtept><rtept lat="57.484043" lon="12.422538"><ele>78.8</ele></rtept><rtept lat="57.48407" lon="12.422583"><ele>78.8</ele></rtept><rtept lat="57.484082" lon="12.422637"><ele>78.4</ele></rtept><rtept lat="57.484102" lon="12.422652"><ele>78.8</ele></rtept><rtept lat="57.484127" lon="12.422683"><ele>78.6</ele></rtept><rtept lat="57.484147" lon="12.42271"><ele>78.6</ele></rtept><rtept lat="57.484172" lon="12.422742"><ele>78.6</ele></rtept><rtept lat="57.484192" lon="12.42278"><ele>79.0</ele></rtept><rtept lat="57.484217" lon="12.422823"><ele>78.8</ele></rtept><rtept lat="57.484237" lon="12.422858"><ele>78.8</ele></rtept><rtept lat="57.484242" lon="12.422902"><ele>78.8</ele></rtept><rtept lat="57.484262" lon="12.422943"><ele>78.6</ele></rtept><rtept lat="57.48428" lon="12.422992"><ele>78.8</ele></rtept><rtept lat="57.484293" lon="12.423033"><ele>78.6</ele></rtept><rtept lat="57.484307" lon="12.423068"><ele>79.0</ele></rtept><rtept lat="57.484325" lon="12.423105"><ele>78.6</ele></rtept><rtept lat="57.484352" lon="12.423132"><ele>78.8</ele></rtept><rtept lat="57.484363" lon="12.423158"><ele>78.4</ele></rtept><rtept lat="57.484383" lon="12.423182"><ele>78.2</ele></rtept><rtept lat="57.484415" lon="12.42321"><ele>78.4</ele></rtept><rtept lat="57.48444" lon="12.423238"><ele>78.8</ele></rtept><rtept lat="57.484467" lon="12.423267"><ele>78.4</ele></rtept><rtept lat="57.484498" lon="12.4233"><ele>78.6</ele></rtept><rtept lat="57.484523" lon="12.42332"><ele>78.4</ele></rtept><rtept lat="57.48455" lon="12.423335"><ele>79.0</ele></rtept><rtept lat="57.484575" lon="12.423357"><ele>78.8</ele></rtept><rtept lat="57.484595" lon="12.42338"><ele>78.8</ele></rtept><rtept lat="57.48462" lon="12.423405"><ele>79.0</ele></rtept><rtept lat="57.48464" lon="12.42343"><ele>79.0</ele></rtept><rtept lat="57.484658" lon="12.42346"><ele>79.6</ele></rtept><rtept lat="57.484672" lon="12.423493"><ele>79.4</ele></rtept><rtept lat="57.484683" lon="12.423528"><ele>79.6</ele></rtept><rtept lat="57.484703" lon="12.42357"><ele>79.6</ele></rtept><rtept lat="57.484717" lon="12.423602"><ele>79.2</ele></rtept><rtept lat="57.484735" lon="12.42364"><ele>80.0</ele></rtept><rtept lat="57.484755" lon="12.423688"><ele>80.0</ele></rtept><rtept lat="57.48478" lon="12.423733"><ele>80.6</ele></rtept><rtept lat="57.484812" lon="12.423785"><ele>80.6</ele></rtept><rtept lat="57.48485" lon="12.423847"><ele>80.8</ele></rtept><rtept lat="57.484882" lon="12.423925"><ele>81.0</ele></rtept><rtept lat="57.484915" lon="12.423992"><ele>81.0</ele></rtept><rtept lat="57.484953" lon="12.42404"><ele>81.4</ele></rtept><rtept lat="57.484978" lon="12.424077"><ele>81.4</ele></rtept><rtept lat="57.48501" lon="12.424115"><ele>81.8</ele></rtept><rtept lat="57.485023" lon="12.42415"><ele>82.0</ele></rtept><rtept lat="57.485062" lon="12.424175"><ele>82.6</ele></rtept><rtept lat="57.485093" lon="12.424193"><ele>82.4</ele></rtept><rtept lat="57.48512" lon="12.4242"><ele>82.8</ele></rtept><rtept lat="57.485138" lon="12.4242"><ele>82.6</ele></rtept><rtept lat="57.48517" lon="12.42422"><ele>82.8</ele></rtept><rtept lat="57.48519" lon="12.424208"><ele>83.2</ele></rtept><rtept lat="57.485208" lon="12.4242"><ele>83.0</ele></rtept><rtept lat="57.485235" lon="12.424225"><ele>83.2</ele></rtept><rtept lat="57.48526" lon="12.424262"><ele>83.4</ele></rtept><rtept lat="57.485285" lon="12.424322"><ele>83.0</ele></rtept><rtept lat="57.485323" lon="12.424398"><ele>83.2</ele></rtept><rtept lat="57.485362" lon="12.424457"><ele>83.0</ele></rtept><rtept lat="57.485375" lon="12.424485"><ele>83.0</ele></rtept><rtept lat="57.485388" lon="12.424533"><ele>83.2</ele></rtept><rtept lat="57.485407" lon="12.424555"><ele>83.4</ele></rtept><rtept lat="57.48542" lon="12.424597"><ele>83.2</ele></rtept><rtept lat="57.485433" lon="12.424658"><ele>83.6</ele></rtept><rtept lat="57.485452" lon="12.424697"><ele>84.4</ele></rtept><rtept lat="57.485472" lon="12.424757"><ele>84.4</ele></rtept><rtept lat="57.485497" lon="12.424818"><ele>84.6</ele></rtept><rtept lat="57.485503" lon="12.424863"><ele>85.2</ele></rtept><rtept lat="57.48551" lon="12.424908"><ele>85.0</ele></rtept><rtept lat="57.485528" lon="12.42495"><ele>85.4</ele></rtept><rtept lat="57.485548" lon="12.424995"><ele>85.2</ele></rtept><rtept lat="57.485567" lon="12.425037"><ele>84.8</ele></rtept><rtept lat="57.485593" lon="12.425068"><ele>84.8</ele></rtept><rtept lat="57.485612" lon="12.4251"><ele>84.8</ele></rtept><rtept lat="57.485625" lon="12.425123"><ele>85.2</ele></rtept><rtept lat="57.485638" lon="12.425158"><ele>85.2</ele></rtept><rtept lat="57.48565" lon="12.425193"><ele>84.8</ele></rtept><rtept lat="57.485657" lon="12.42523"><ele>85.0</ele></rtept><rtept lat="57.485663" lon="12.425265"><ele>85.0</ele></rtept><rtept lat="57.48567" lon="12.4253"><ele>85.4</ele></rtept><rtept lat="57.485688" lon="12.425342"><ele>85.6</ele></rtept><rtept lat="57.485702" lon="12.425392"><ele>85.6</ele></rtept><rtept lat="57.48572" lon="12.425443"><ele>86.2</ele></rtept><rtept lat="57.485733" lon="12.42549"><ele>86.0</ele></rtept><rtept lat="57.485753" lon="12.425515"><ele>85.8</ele></rtept><rtept lat="57.485778" lon="12.425533"><ele>86.0</ele></rtept><rtept lat="57.485798" lon="12.42555"><ele>86.0</ele></rtept><rtept lat="57.485817" lon="12.425573"><ele>86.4</ele></rtept><rtept lat="57.485837" lon="12.425595"><ele>86.2</ele></rtept><rtept lat="57.485862" lon="12.425625"><ele>86.0</ele></rtept><rtept lat="57.485893" lon="12.425648"><ele>85.8</ele></rtept><rtept lat="57.485925" lon="12.425663"><ele>86.0</ele></rtept><rtept lat="57.485945" lon="12.425678"><ele>86.4</ele></rtept><rtept lat="57.48597" lon="12.425708"><ele>86.8</ele></rtept><rtept lat="57.486002" lon="12.425723"><ele>87.2</ele></rtept><rtept lat="57.486028" lon="12.425733"><ele>87.2</ele></rtept><rtept lat="57.486047" lon="12.42574"><ele>87.6</ele></rtept><rtept lat="57.486067" lon="12.425763"><ele>87.6</ele></rtept><rtept lat="57.486085" lon="12.425793"><ele>88.0</ele></rtept><rtept lat="57.486105" lon="12.425853"><ele>88.4</ele></rtept><rtept lat="57.486112" lon="12.425892"><ele>88.6</ele></rtept><rtept lat="57.486118" lon="12.425925"><ele>88.8</ele></rtept><rtept lat="57.486137" lon="12.425982"><ele>89.0</ele></rtept><rtept lat="57.486157" lon="12.426032"><ele>89.0</ele></rtept><rtept lat="57.486168" lon="12.426072"><ele>88.8</ele></rtept><rtept lat="57.486175" lon="12.426117"><ele>88.8</ele></rtept><rtept lat="57.486188" lon="12.42617"><ele>88.8</ele></rtept><rtept lat="57.4862" lon="12.426233"><ele>88.6</ele></rtept><rtept lat="57.486207" lon="12.42628"><ele>88.8</ele></rtept><rtept lat="57.486213" lon="12.426325"><ele>88.8</ele></rtept><rtept lat="57.486233" lon="12.426375"><ele>88.6</ele></rtept><rtept lat="57.486258" lon="12.426422"><ele>88.8</ele></rtept><rtept lat="57.486283" lon="12.426478"><ele>88.8</ele></rtept><rtept lat="57.48631" lon="12.42654"><ele>89.4</ele></rtept><rtept lat="57.486328" lon="12.426612"><ele>89.2</ele></rtept><rtept lat="57.486348" lon="12.426685"><ele>89.4</ele></rtept><rtept lat="57.486367" lon="12.42675"><ele>89.6</ele></rtept><rtept lat="57.486387" lon="12.426807"><ele>89.6</ele></rtept><rtept lat="57.486405" lon="12.42681"><ele>89.8</ele></rtept><rtept lat="57.486432" lon="12.426848"><ele>89.6</ele></rtept><rtept lat="57.48645" lon="12.426848"><ele>89.6</ele></rtept><rtept lat="57.48647" lon="12.42686"><ele>89.6</ele></rtept><rtept lat="57.486488" lon="12.426868"><ele>89.4</ele></rtept><rtept lat="57.486515" lon="12.426863"><ele>89.4</ele></rtept><rtept lat="57.486553" lon="12.426893"><ele>89.2</ele></rtept><rtept lat="57.486592" lon="12.42692"><ele>89.0</ele></rtept><rtept lat="57.486617" lon="12.426937"><ele>89.6</ele></rtept><rtept lat="57.486642" lon="12.42696"><ele>89.4</ele></rtept><rtept lat="57.486668" lon="12.426978"><ele>88.8</ele></rtept><rtept lat="57.486687" lon="12.42698"><ele>89.2</ele></rtept><rtept lat="57.486707" lon="12.42698"><ele>89.2</ele></rtept><rtept lat="57.486738" lon="12.426953"><ele>89.4</ele></rtept><rtept lat="57.486763" lon="12.42696"><ele>89.6</ele></rtept><rtept lat="57.48679" lon="12.42695"><ele>89.4</ele></rtept><rtept lat="57.486808" lon="12.426985"><ele>89.4</ele></rtept><rtept lat="57.486835" lon="12.427022"><ele>89.6</ele></rtept><rtept lat="57.48686" lon="12.427042"><ele>89.2</ele></rtept><rtept lat="57.48688" lon="12.427055"><ele>89.6</ele></rtept><rtept lat="57.486905" lon="12.427067"><ele>89.2</ele></rtept><rtept lat="57.486923" lon="12.427078"><ele>89.2</ele></rtept><rtept lat="57.48695" lon="12.427087"><ele>89.2</ele></rtept><rtept lat="57.486975" lon="12.427103"><ele>89.0</ele></rtept><rtept lat="57.486988" lon="12.427132"><ele>89.4</ele></rtept><rtept lat="57.48702" lon="12.427153"><ele>89.4</ele></rtept><rtept lat="57.487045" lon="12.427168"><ele>90.0</ele></rtept><rtept lat="57.487065" lon="12.427183"><ele>89.8</ele></rtept><rtept lat="57.487097" lon="12.427193"><ele>89.8</ele></rtept><rtept lat="57.487128" lon="12.427203"><ele>90.0</ele></rtept><rtept lat="57.48716" lon="12.42722"><ele>90.0</ele></rtept><rtept lat="57.487193" lon="12.427213"><ele>90.4</ele></rtept><rtept lat="57.487225" lon="12.427213"><ele>90.2</ele></rtept><rtept lat="57.487243" lon="12.427238"><ele>90.6</ele></rtept><rtept lat="57.487263" lon="12.427258"><ele>90.8</ele></rtept><rtept lat="57.487308" lon="12.427263"><ele>91.2</ele></rtept><rtept lat="57.487333" lon="12.42724"><ele>91.2</ele></rtept><rtept lat="57.48736" lon="12.427212"><ele>91.8</ele></rtept><rtept lat="57.487392" lon="12.42724"><ele>91.4</ele></rtept><rtept lat="57.48741" lon="12.427273"><ele>91.8</ele></rtept><rtept lat="57.48743" lon="12.42732"><ele>92.4</ele></rtept><rtept lat="57.487448" lon="12.427362"><ele>92.2</ele></rtept><rtept lat="57.487462" lon="12.427405"><ele>92.4</ele></rtept><rtept lat="57.48748" lon="12.427445"><ele>92.6</ele></rtept><rtept lat="57.4875" lon="12.42748"><ele>92.4</ele></rtept><rtept lat="57.487513" lon="12.42751"><ele>92.6</ele></rtept><rtept lat="57.487525" lon="12.427535"><ele>92.2</ele></rtept><rtept lat="57.487558" lon="12.427568"><ele>92.4</ele></rtept><rtept lat="57.487577" lon="12.427597"><ele>92.2</ele></rtept><rtept lat="57.487602" lon="12.42763"><ele>91.6</ele></rtept><rtept lat="57.487622" lon="12.427668"><ele>92.0</ele></rtept><rtept lat="57.487653" lon="12.427698"><ele>92.0</ele></rtept><rtept lat="57.487685" lon="12.427722"><ele>92.4</ele></rtept><rtept lat="57.487712" lon="12.42775"><ele>92.4</ele></rtept><rtept lat="57.487737" lon="12.427755"><ele>92.2</ele></rtept><rtept lat="57.487768" lon="12.427748"><ele>92.8</ele></rtept><rtept lat="57.487795" lon="12.427742"><ele>92.6</ele></rtept><rtept lat="57.487813" lon="12.42774"><ele>92.4</ele></rtept><rtept lat="57.48784" lon="12.427758"><ele>92.6</ele></rtept><rtept lat="57.487878" lon="12.427782"><ele>92.6</ele></rtept><rtept lat="57.487917" lon="12.427832"><ele>93.2</ele></rtept><rtept lat="57.487955" lon="12.427873"><ele>93.2</ele></rtept><rtept lat="57.48798" lon="12.427897"><ele>93.2</ele></rtept><rtept lat="57.488005" lon="12.427903"><ele>93.8</ele></rtept><rtept lat="57.488032" lon="12.42792"><ele>93.6</ele></rtept><rtept lat="57.48805" lon="12.427928"><ele>93.8</ele></rtept><rtept lat="57.488077" lon="12.427938"><ele>93.8</ele></rtept><rtept lat="57.488088" lon="12.427913"><ele>93.8</ele></rtept><rtept lat="57.488108" lon="12.427908"><ele>94.4</ele></rtept><rtept lat="57.488133" lon="12.427898"><ele>94.2</ele></rtept><rtept lat="57.488172" lon="12.42788"><ele>93.6</ele></rtept><rtept lat="57.488192" lon="12.427878"><ele>93.4</ele></rtept><rtept lat="57.488217" lon="12.427872"><ele>93.6</ele></rtept><rtept lat="57.488237" lon="12.42786"><ele>93.6</ele></rtept><rtept lat="57.488255" lon="12.427842"><ele>93.4</ele></rtept><rtept lat="57.488268" lon="12.427818"><ele>93.2</ele></rtept><rtept lat="57.488287" lon="12.427753"><ele>92.8</ele></rtept><rtept lat="57.48832" lon="12.42771"><ele>92.6</ele></rtept><rtept lat="57.488338" lon="12.427677"><ele>92.2</ele></rtept><rtept lat="57.488352" lon="12.427638"><ele>92.6</ele></rtept><rtept lat="57.48837" lon="12.427603"><ele>92.4</ele></rtept><rtept lat="57.48839" lon="12.427597"><ele>92.6</ele></rtept><rtept lat="57.488422" lon="12.427595"><ele>92.2</ele></rtept><rtept lat="57.488447" lon="12.427585"><ele>92.8</ele></rtept><rtept lat="57.488473" lon="12.427568"><ele>92.6</ele></rtept><rtept lat="57.488492" lon="12.42755"><ele>92.2</ele></rtept><rtept lat="57.488512" lon="12.427543"><ele>92.4</ele></rtept><rtept lat="57.488537" lon="12.427543"><ele>92.0</ele></rtept><rtept lat="57.488562" lon="12.42756"><ele>92.0</ele></rtept><rtept lat="57.488575" lon="12.427588"><ele>92.0</ele></rtept><rtept lat="57.488595" lon="12.427617"><ele>91.8</ele></rtept><rtept lat="57.488607" lon="12.427648"><ele>92.2</ele></rtept><rtept lat="57.48862" lon="12.427678"><ele>92.0</ele></rtept><rtept lat="57.488633" lon="12.427705"><ele>92.6</ele></rtept><rtept lat="57.488652" lon="12.427738"><ele>92.6</ele></rtept><rtept lat="57.488665" lon="12.427762"><ele>92.2</ele></rtept><rtept lat="57.488683" lon="12.427788"><ele>92.6</ele></rtept><rtept lat="57.488717" lon="12.427828"><ele>92.8</ele></rtept><rtept lat="57.488735" lon="12.427843"><ele>93.0</ele></rtept><rtept lat="57.488755" lon="12.427858"><ele>92.6</ele></rtept><rtept lat="57.488773" lon="12.427867"><ele>93.0</ele></rtept><rtept lat="57.488793" lon="12.427873"><ele>92.8</ele></rtept><rtept lat="57.488818" lon="12.427877"><ele>92.4</ele></rtept><rtept lat="57.488838" lon="12.427883"><ele>92.8</ele></rtept><rtept lat="57.488877" lon="12.427912"><ele>93.0</ele></rtept><rtept lat="57.488895" lon="12.427922"><ele>92.8</ele></rtept><rtept lat="57.488915" lon="12.42794"><ele>92.4</ele></rtept><rtept lat="57.488947" lon="12.427953"><ele>92.8</ele></rtept><rtept lat="57.488965" lon="12.427963"><ele>92.6</ele></rtept><rtept lat="57.488985" lon="12.42798"><ele>92.2</ele></rtept><rtept lat="57.48901" lon="12.428"><ele>92.6</ele></rtept><rtept lat="57.48903" lon="12.428013"><ele>92.4</ele></rtept><rtept lat="57.489055" lon="12.428065"><ele>92.4</ele></rtept><rtept lat="57.48908" lon="12.428112"><ele>92.2</ele></rtept><rtept lat="57.489093" lon="12.428157"><ele>92.6</ele></rtept><rtept lat="57.489113" lon="12.428192"><ele>92.2</ele></rtept><rtept lat="57.489125" lon="12.428243"><ele>92.6</ele></rtept><rtept lat="57.489145" lon="12.428268"><ele>92.6</ele></rtept><rtept lat="57.48917" lon="12.428318"><ele>93.0</ele></rtept><rtept lat="57.489183" lon="12.428345"><ele>93.4</ele></rtept><rtept lat="57.489197" lon="12.428382"><ele>93.6</ele></rtept><rtept lat="57.489208" lon="12.42842"><ele>93.6</ele></rtept><rtept lat="57.489228" lon="12.428462"><ele>94.2</ele></rtept><rtept lat="57.489253" lon="12.428528"><ele>94.0</ele></rtept><rtept lat="57.489285" lon="12.428607"><ele>94.2</ele></rtept><rtept lat="57.489305" lon="12.428662"><ele>94.6</ele></rtept><rtept lat="57.489323" lon="12.428717"><ele>94.2</ele></rtept><rtept lat="57.489357" lon="12.428775"><ele>94.8</ele></rtept><rtept lat="57.489413" lon="12.428852"><ele>94.6</ele></rtept><rtept lat="57.489445" lon="12.42891"><ele>94.6</ele></rtept><rtept lat="57.489472" lon="12.428977"><ele>95.2</ele></rtept><rtept lat="57.48949" lon="12.429043"><ele>95.0</ele></rtept><rtept lat="57.489517" lon="12.429108"><ele>95.4</ele></rtept><rtept lat="57.489548" lon="12.429173"><ele>95.4</ele></rtept><rtept lat="57.48958" lon="12.429218"><ele>95.6</ele></rtept><rtept lat="57.489605" lon="12.429252"><ele>95.8</ele></rtept><rtept lat="57.489625" lon="12.429287"><ele>95.8</ele></rtept><rtept lat="57.489638" lon="12.429313"><ele>95.6</ele></rtept><rtept lat="57.489657" lon="12.42932"><ele>95.6</ele></rtept><rtept lat="57.489682" lon="12.429357"><ele>96.0</ele></rtept><rtept lat="57.489702" lon="12.429367"><ele>95.6</ele></rtept><rtept lat="57.48972" lon="12.429358"><ele>95.6</ele></rtept><rtept lat="57.489747" lon="12.429372"><ele>95.6</ele></rtept><rtept lat="57.48976" lon="12.429405"><ele>95.8</ele></rtept><rtept lat="57.489778" lon="12.429458"><ele>95.4</ele></rtept><rtept lat="57.489785" lon="12.429492"><ele>95.8</ele></rtept><rtept lat="57.489792" lon="12.42954"><ele>96.0</ele></rtept><rtept lat="57.489798" lon="12.429577"><ele>96.4</ele></rtept><rtept lat="57.489803" lon="12.429612"><ele>96.2</ele></rtept><rtept lat="57.489817" lon="12.429652"><ele>96.6</ele></rtept><rtept lat="57.489837" lon="12.42969"><ele>96.8</ele></rtept><rtept lat="57.489855" lon="12.429738"><ele>97.0</ele></rtept><rtept lat="57.489875" lon="12.429778"><ele>97.2</ele></rtept><rtept lat="57.489907" lon="12.429818"><ele>97.4</ele></rtept><rtept lat="57.489938" lon="12.429873"><ele>97.8</ele></rtept><rtept lat="57.489963" lon="12.429928"><ele>97.8</ele></rtept><rtept lat="57.489983" lon="12.42996"><ele>97.8</ele></rtept><rtept lat="57.490022" lon="12.429988"><ele>98.2</ele></rtept><rtept lat="57.49006" lon="12.430007"><ele>98.0</ele></rtept><rtept lat="57.490092" lon="12.430038"><ele>97.8</ele></rtept><rtept lat="57.490137" lon="12.430088"><ele>98.0</ele></rtept><rtept lat="57.490157" lon="12.43013"><ele>97.6</ele></rtept><rtept lat="57.490168" lon="12.430158"><ele>97.2</ele></rtept><rtept lat="57.4902" lon="12.430172"><ele>97.0</ele></rtept><rtept lat="57.49022" lon="12.430177"><ele>96.8</ele></rtept><rtept lat="57.49024" lon="12.430155"><ele>96.8</ele></rtept><rtept lat="57.490258" lon="12.430138"><ele>96.8</ele></rtept><rtept lat="57.490283" lon="12.43012"><ele>97.0</ele></rtept><rtept lat="57.490317" lon="12.430118"><ele>96.8</ele></rtept><rtept lat="57.490342" lon="12.430152"><ele>97.0</ele></rtept><rtept lat="57.490373" lon="12.430172"><ele>96.8</ele></rtept><rtept lat="57.490405" lon="12.430195"><ele>96.4</ele></rtept><rtept lat="57.490432" lon="12.430217"><ele>96.8</ele></rtept><rtept lat="57.490463" lon="12.430245"><ele>96.6</ele></rtept><rtept lat="57.490495" lon="12.430265"><ele>96.4</ele></rtept><rtept lat="57.49052" lon="12.43028"><ele>96.8</ele></rtept><rtept lat="57.49056" lon="12.43031"><ele>96.4</ele></rtept><rtept lat="57.490578" lon="12.430323"><ele>96.2</ele></rtept><rtept lat="57.490598" lon="12.430267"><ele>96.0</ele></rtept><rtept lat="57.490623" lon="12.430267"><ele>96.0</ele></rtept><rtept lat="57.490642" lon="12.430292"><ele>96.6</ele></rtept><rtept lat="57.490662" lon="12.43029"><ele>97.2</ele></rtept><rtept lat="57.49068" lon="12.430305"><ele>97.4</ele></rtept><rtept lat="57.4907" lon="12.430317"><ele>97.8</ele></rtept><rtept lat="57.490732" lon="12.43033"><ele>98.2</ele></rtept><rtept lat="57.490752" lon="12.430343"><ele>98.6</ele></rtept><rtept lat="57.49077" lon="12.430345"><ele>98.8</ele></rtept><rtept lat="57.490797" lon="12.430355"><ele>99.4</ele></rtept><rtept lat="57.490828" lon="12.430357"><ele>100.0</ele></rtept><rtept lat="57.49086" lon="12.430383"><ele>100.8</ele></rtept><rtept lat="57.490892" lon="12.430408"><ele>101.2</ele></rtept><rtept lat="57.490923" lon="12.430423"><ele>101.8</ele></rtept><rtept lat="57.490957" lon="12.430437"><ele>101.8</ele></rtept><rtept lat="57.491007" lon="12.430425"><ele>102.4</ele></rtept><rtept lat="57.491027" lon="12.430423"><ele>102.8</ele></rtept><rtept lat="57.491072" lon="12.430403"><ele>103.2</ele></rtept><rtept lat="57.49109" lon="12.43039"><ele>103.4</ele></rtept><rtept lat="57.491122" lon="12.430365"><ele>104.4</ele></rtept><rtept lat="57.491148" lon="12.430365"><ele>104.4</ele></rtept><rtept lat="57.491173" lon="12.430383"><ele>104.8</ele></rtept><rtept lat="57.491205" lon="12.430408"><ele>105.2</ele></rtept><rtept lat="57.491232" lon="12.43042"><ele>105.0</ele></rtept><rtept lat="57.491257" lon="12.430415"><ele>105.4</ele></rtept><rtept lat="57.491277" lon="12.430437"><ele>105.4</ele></rtept><rtept lat="57.491295" lon="12.430455"><ele>105.8</ele></rtept><rtept lat="57.491327" lon="12.430473"><ele>105.8</ele></rtept><rtept lat="57.491347" lon="12.43047"><ele>106.0</ele></rtept><rtept lat="57.491372" lon="12.430475"><ele>106.2</ele></rtept><rtept lat="57.491403" lon="12.43048"><ele>106.0</ele></rtept><rtept lat="57.49143" lon="12.4305"><ele>106.2</ele></rtept><rtept lat="57.491455" lon="12.43049"><ele>106.0</ele></rtept><rtept lat="57.491468" lon="12.430463"><ele>105.6</ele></rtept><rtept lat="57.49148" lon="12.430403"><ele>105.4</ele></rtept><rtept lat="57.491493" lon="12.43037"><ele>105.4</ele></rtept><rtept lat="57.491507" lon="12.430345"><ele>105.0</ele></rtept><rtept lat="57.491507" lon="12.430305"><ele>105.0</ele></rtept><rtept lat="57.491507" lon="12.430267"><ele>104.6</ele></rtept><rtept lat="57.491513" lon="12.43023"><ele>104.4</ele></rtept><rtept lat="57.491532" lon="12.430192"><ele>104.6</ele></rtept><rtept lat="57.491545" lon="12.430155"><ele>104.4</ele></rtept><rtept lat="57.491563" lon="12.430113"><ele>104.4</ele></rtept><rtept lat="57.49157" lon="12.430068"><ele>104.4</ele></rtept><rtept lat="57.49157" lon="12.430023"><ele>104.4</ele></rtept><rtept lat="57.49157" lon="12.429977"><ele>104.0</ele></rtept><rtept lat="57.491577" lon="12.429928"><ele>103.6</ele></rtept><rtept lat="57.491602" lon="12.429863"><ele>103.0</ele></rtept><rtept lat="57.491608" lon="12.42982"><ele>102.8</ele></rtept><rtept lat="57.491628" lon="12.429775"><ele>103.0</ele></rtept><rtept lat="57.491647" lon="12.429743"><ele>103.0</ele></rtept><rtept lat="57.491673" lon="12.42969"><ele>102.2</ele></rtept><rtept lat="57.49168" lon="12.42965"><ele>102.0</ele></rtept><rtept lat="57.491692" lon="12.429602"><ele>101.8</ele></rtept><rtept lat="57.491712" lon="12.429578"><ele>101.4</ele></rtept><rtept lat="57.49173" lon="12.429565"><ele>101.2</ele></rtept><rtept lat="57.49175" lon="12.42956"><ele>100.6</ele></rtept><rtept lat="57.491782" lon="12.429547"><ele>101.0</ele></rtept><rtept lat="57.491807" lon="12.429537"><ele>100.4</ele></rtept><rtept lat="57.491827" lon="12.42953"><ele>100.0</ele></rtept><rtept lat="57.491845" lon="12.42951"><ele>100.0</ele></rtept><rtept lat="57.491858" lon="12.429452"><ele>100.6</ele></rtept><rtept lat="57.491852" lon="12.42938"><ele>100.6</ele></rtept><rtept lat="57.491845" lon="12.429333"><ele>101.0</ele></rtept><rtept lat="57.491852" lon="12.429297"><ele>100.8</ele></rtept><rtept lat="57.491858" lon="12.429253"><ele>100.6</ele></rtept><rtept lat="57.491878" lon="12.429215"><ele>100.8</ele></rtept><rtept lat="57.49189" lon="12.429188"><ele>100.4</ele></rtept><rtept lat="57.491903" lon="12.429128"><ele>100.4</ele></rtept><rtept lat="57.491928" lon="12.429057"><ele>100.0</ele></rtept><rtept lat="57.491942" lon="12.429015"><ele>100.0</ele></rtept><rtept lat="57.49196" lon="12.42897"><ele>99.8</ele></rtept><rtept lat="57.491967" lon="12.428925"><ele>99.8</ele></rtept><rtept lat="57.49198" lon="12.428885"><ele>100.0</ele></rtept><rtept lat="57.49198" lon="12.42885"><ele>99.6</ele></rtept><rtept lat="57.491987" lon="12.428815"><ele>99.6</ele></rtept><rtept lat="57.491987" lon="12.428772"><ele>99.4</ele></rtept><rtept lat="57.491987" lon="12.428725"><ele>99.2</ele></rtept><rtept lat="57.491987" lon="12.428672"><ele>99.4</ele></rtept><rtept lat="57.491987" lon="12.428623"><ele>99.2</ele></rtept><rtept lat="57.49198" lon="12.428582"><ele>99.2</ele></rtept><rtept lat="57.491987" lon="12.428538"><ele>99.0</ele></rtept><rtept lat="57.491993" lon="12.428488"><ele>98.6</ele></rtept><rtept lat="57.492005" lon="12.428448"><ele>98.8</ele></rtept><rtept lat="57.492012" lon="12.42841"><ele>98.2</ele></rtept><rtept lat="57.492018" lon="12.428373"><ele>98.2</ele></rtept><rtept lat="57.492025" lon="12.428323"><ele>97.4</ele></rtept><rtept lat="57.492032" lon="12.428273"><ele>97.2</ele></rtept><rtept lat="57.492038" lon="12.42823"><ele>97.4</ele></rtept><rtept lat="57.492043" lon="12.428185"><ele>97.2</ele></rtept><rtept lat="57.492063" lon="12.42815"><ele>97.0</ele></rtept><rtept lat="57.492077" lon="12.42812"><ele>97.0</ele></rtept><rtept lat="57.492088" lon="12.428092"><ele>96.8</ele></rtept><rtept lat="57.492108" lon="12.428065"><ele>97.0</ele></rtept><rtept lat="57.49212" lon="12.428037"><ele>96.8</ele></rtept><rtept lat="57.492133" lon="12.428005"><ele>96.2</ele></rtept><rtept lat="57.492133" lon="12.427972"><ele>96.4</ele></rtept><rtept lat="57.492127" lon="12.427937"><ele>96.4</ele></rtept><rtept lat="57.492108" lon="12.427898"><ele>96.0</ele></rtept><rtept lat="57.492095" lon="12.427852"><ele>96.0</ele></rtept><rtept lat="57.492077" lon="12.427815"><ele>95.6</ele></rtept><rtept lat="57.49205" lon="12.427795"><ele>95.6</ele></rtept><rtept lat="57.492032" lon="12.427787"><ele>95.4</ele></rtept><rtept lat="57.492012" lon="12.427782"><ele>95.0</ele></rtept><rtept lat="57.491993" lon="12.427782"><ele>94.6</ele></rtept><rtept lat="57.491973" lon="12.427763"><ele>94.8</ele></rtept><rtept lat="57.49196" lon="12.4277"><ele>93.8</ele></rtept><rtept lat="57.491948" lon="12.42766"><ele>94.0</ele></rtept><rtept lat="57.491935" lon="12.42762"><ele>93.4</ele></rtept><rtept lat="57.491928" lon="12.427577"><ele>93.0</ele></rtept><rtept lat="57.491922" lon="12.427543"><ele>93.0</ele></rtept><rtept lat="57.49191" lon="12.427502"><ele>92.4</ele></rtept><rtept lat="57.491903" lon="12.42746"><ele>91.8</ele></rtept><rtept lat="57.491903" lon="12.427415"><ele>91.8</ele></rtept><rtept lat="57.491903" lon="12.427372"><ele>91.6</ele></rtept><rtept lat="57.49191" lon="12.42733"><ele>91.8</ele></rtept><rtept lat="57.491917" lon="12.427282"><ele>91.8</ele></rtept><rtept lat="57.491928" lon="12.427233"><ele>92.0</ele></rtept><rtept lat="57.491928" lon="12.42718"><ele>92.0</ele></rtept><rtept lat="57.491948" lon="12.427128"><ele>92.6</ele></rtept><rtept lat="57.491955" lon="12.42708"><ele>92.4</ele></rtept><rtept lat="57.491967" lon="12.427048"><ele>92.4</ele></rtept><rtept lat="57.49198" lon="12.42702"><ele>92.8</ele></rtept><rtept lat="57.491993" lon="12.426995"><ele>92.2</ele></rtept><rtept lat="57.492" lon="12.426928"><ele>92.4</ele></rtept><rtept lat="57.491993" lon="12.426888"><ele>91.8</ele></rtept><rtept lat="57.491993" lon="12.426848"><ele>91.6</ele></rtept><rtept lat="57.491993" lon="12.426805"><ele>91.8</ele></rtept><rtept lat="57.491993" lon="12.42676"><ele>91.2</ele></rtept><rtept lat="57.491993" lon="12.426712"><ele>91.0</ele></rtept><rtept lat="57.491993" lon="12.426658"><ele>91.2</ele></rtept><rtept lat="57.492005" lon="12.426607"><ele>90.8</ele></rtept><rtept lat="57.492" lon="12.42654"><ele>90.8</ele></rtept><rtept lat="57.492005" lon="12.42646"><ele>90.4</ele></rtept><rtept lat="57.492005" lon="12.426368"><ele>90.2</ele></rtept><rtept lat="57.492025" lon="12.426275"><ele>90.4</ele></rtept><rtept lat="57.492043" lon="12.426197"><ele>90.2</ele></rtept><rtept lat="57.49207" lon="12.426125"><ele>90.0</ele></rtept><rtept lat="57.492088" lon="12.426055"><ele>90.2</ele></rtept><rtept lat="57.49212" lon="12.425997"><ele>89.8</ele></rtept><rtept lat="57.492165" lon="12.425957"><ele>90.2</ele></rtept><rtept lat="57.49221" lon="12.42592"><ele>89.8</ele></rtept><rtept lat="57.492242" lon="12.425897"><ele>89.4</ele></rtept><rtept lat="57.492262" lon="12.425887"><ele>89.8</ele></rtept><rtept lat="57.492287" lon="12.425873"><ele>89.4</ele></rtept><rtept lat="57.49232" lon="12.425867"><ele>89.4</ele></rtept><rtept lat="57.492338" lon="12.425852"><ele>89.8</ele></rtept><rtept lat="57.492358" lon="12.425833"><ele>89.6</ele></rtept><rtept lat="57.492377" lon="12.425822"><ele>89.8</ele></rtept><rtept lat="57.492415" lon="12.425797"><ele>89.6</ele></rtept><rtept lat="57.492447" lon="12.425768"><ele>89.2</ele></rtept><rtept lat="57.49248" lon="12.425738"><ele>89.2</ele></rtept><rtept lat="57.492498" lon="12.425707"><ele>89.0</ele></rtept><rtept lat="57.492518" lon="12.425692"><ele>89.2</ele></rtept><rtept lat="57.492537" lon="12.425678"><ele>89.0</ele></rtept><rtept lat="57.492562" lon="12.425662"><ele>88.8</ele></rtept><rtept lat="57.492582" lon="12.425642"><ele>88.6</ele></rtept><rtept lat="57.4926" lon="12.42562"><ele>88.0</ele></rtept><rtept lat="57.492627" lon="12.425598"><ele>88.0</ele></rtept><rtept lat="57.492645" lon="12.425578"><ele>87.4</ele></rtept><rtept lat="57.492665" lon="12.425553"><ele>87.2</ele></rtept><rtept lat="57.49269" lon="12.42554"><ele>87.2</ele></rtept><rtept lat="57.492717" lon="12.425537"><ele>87.2</ele></rtept><rtept lat="57.492748" lon="12.425533"><ele>86.8</ele></rtept><rtept lat="57.492773" lon="12.425528"><ele>87.0</ele></rtept><rtept lat="57.4928" lon="12.425528"><ele>86.8</ele></rtept><rtept lat="57.492832" lon="12.425535"><ele>86.8</ele></rtept><rtept lat="57.492857" lon="12.425523"><ele>86.2</ele></rtept><rtept lat="57.492888" lon="12.42549"><ele>86.2</ele></rtept><rtept lat="57.492902" lon="12.425427"><ele>86.2</ele></rtept><rtept lat="57.49292" lon="12.425392"><ele>86.0</ele></rtept><rtept lat="57.49294" lon="12.425375"><ele>86.2</ele></rtept><rtept lat="57.49296" lon="12.425355"><ele>86.0</ele></rtept><rtept lat="57.492972" lon="12.425322"><ele>86.2</ele></rtept><rtept lat="57.492985" lon="12.425287"><ele>86.2</ele></rtept><rtept lat="57.493003" lon="12.425265"><ele>85.8</ele></rtept><rtept lat="57.493023" lon="12.425245"><ele>86.4</ele></rtept><rtept lat="57.493042" lon="12.425225"><ele>86.4</ele></rtept><rtept lat="57.493062" lon="12.425207"><ele>86.8</ele></rtept><rtept lat="57.49308" lon="12.425187"><ele>87.2</ele></rtept><rtept lat="57.4931" lon="12.425172"><ele>87.0</ele></rtept><rtept lat="57.493125" lon="12.425157"><ele>86.8</ele></rtept><rtept lat="57.493145" lon="12.425133"><ele>87.2</ele></rtept><rtept lat="57.493163" lon="12.425103"><ele>86.8</ele></rtept><rtept lat="57.493183" lon="12.425077"><ele>86.6</ele></rtept><rtept lat="57.493197" lon="12.425042"><ele>86.8</ele></rtept><rtept lat="57.493215" lon="12.425008"><ele>86.4</ele></rtept><rtept lat="57.493228" lon="12.424975"><ele>86.6</ele></rtept><rtept lat="57.49324" lon="12.424905"><ele>86.0</ele></rtept><rtept lat="57.493253" lon="12.424865"><ele>86.2</ele></rtept><rtept lat="57.493253" lon="12.424823"><ele>86.0</ele></rtept><rtept lat="57.49326" lon="12.424777"><ele>85.8</ele></rtept><rtept lat="57.493267" lon="12.42474"><ele>86.2</ele></rtept><rtept lat="57.493273" lon="12.424702"><ele>85.8</ele></rtept><rtept lat="57.49328" lon="12.424665"><ele>85.6</ele></rtept><rtept lat="57.493292" lon="12.424627"><ele>85.8</ele></rtept><rtept lat="57.493305" lon="12.424585"><ele>85.4</ele></rtept><rtept lat="57.493318" lon="12.424542"><ele>85.2</ele></rtept><rtept lat="57.493323" lon="12.424493"><ele>85.6</ele></rtept><rtept lat="57.49333" lon="12.424437"><ele>85.2</ele></rtept><rtept lat="57.493337" lon="12.424383"><ele>84.8</ele></rtept><rtept lat="57.493357" lon="12.42434"><ele>85.0</ele></rtept><rtept lat="57.493375" lon="12.424302"><ele>84.4</ele></rtept><rtept lat="57.4934" lon="12.424275"><ele>84.0</ele></rtept><rtept lat="57.493427" lon="12.424248"><ele>84.0</ele></rtept><rtept lat="57.493452" lon="12.424225"><ele>83.8</ele></rtept><rtept lat="57.493483" lon="12.424195"><ele>83.6</ele></rtept><rtept lat="57.493503" lon="12.424165"><ele>83.2</ele></rtept><rtept lat="57.493522" lon="12.42413"><ele>83.2</ele></rtept><rtept lat="57.493542" lon="12.424108"><ele>82.8</ele></rtept><rtept lat="57.49356" lon="12.42409"><ele>82.4</ele></rtept><rtept lat="57.49358" lon="12.42407"><ele>82.6</ele></rtept><rtept lat="57.4936" lon="12.42405"><ele>82.2</ele></rtept><rtept lat="57.493618" lon="12.424037"><ele>82.0</ele></rtept><rtept lat="57.493643" lon="12.42403"><ele>81.8</ele></rtept><rtept lat="57.493663" lon="12.424023"><ele>81.2</ele></rtept><rtept lat="57.493682" lon="12.424017"><ele>80.8</ele></rtept><rtept lat="57.493715" lon="12.424035"><ele>81.2</ele></rtept><rtept lat="57.493727" lon="12.424065"><ele>80.6</ele></rtept><rtept lat="57.493733" lon="12.42411"><ele>81.0</ele></rtept><rtept lat="57.493753" lon="12.42417"><ele>81.2</ele></rtept><rtept lat="57.49376" lon="12.424208"><ele>81.0</ele></rtept><rtept lat="57.493778" lon="12.424242"><ele>81.2</ele></rtept><rtept lat="57.493798" lon="12.424273"><ele>81.8</ele></rtept><rtept lat="57.493817" lon="12.424302"><ele>81.8</ele></rtept><rtept lat="57.49383" lon="12.424332"><ele>82.2</ele></rtept><rtept lat="57.493842" lon="12.424387"><ele>82.4</ele></rtept><rtept lat="57.493848" lon="12.424447"><ele>82.6</ele></rtept><rtept lat="57.493855" lon="12.424493"><ele>83.0</ele></rtept><rtept lat="57.493887" lon="12.42454"><ele>83.4</ele></rtept><rtept lat="57.493907" lon="12.424578"><ele>83.6</ele></rtept><rtept lat="57.493932" lon="12.424612"><ele>83.8</ele></rtept><rtept lat="57.493952" lon="12.424622"><ele>84.4</ele></rtept><rtept lat="57.493977" lon="12.424658"><ele>84.8</ele></rtept><rtept lat="57.493997" lon="12.424697"><ele>85.4</ele></rtept><rtept lat="57.494008" lon="12.424723"><ele>85.6</ele></rtept><rtept lat="57.494028" lon="12.424783"><ele>86.2</ele></rtept><rtept lat="57.494047" lon="12.424848"><ele>86.8</ele></rtept><rtept lat="57.494053" lon="12.424882"><ele>87.2</ele></rtept><rtept lat="57.49406" lon="12.42492"><ele>87.2</ele></rtept><rtept lat="57.494067" lon="12.424958"><ele>87.6</ele></rtept><rtept lat="57.494067" lon="12.424995"><ele>87.8</ele></rtept><rtept lat="57.494073" lon="12.425027"><ele>87.8</ele></rtept><rtept lat="57.494073" lon="12.425063"><ele>88.2</ele></rtept><rtept lat="57.494085" lon="12.425107"><ele>88.2</ele></rtept><rtept lat="57.494085" lon="12.425143"><ele>88.4</ele></rtept><rtept lat="57.494098" lon="12.425188"><ele>88.8</ele></rtept><rtept lat="57.494112" lon="12.425238"><ele>89.2</ele></rtept><rtept lat="57.494118" lon="12.42528"><ele>89.6</ele></rtept><rtept lat="57.49413" lon="12.425312"><ele>90.0</ele></rtept><rtept lat="57.494137" lon="12.425367"><ele>90.4</ele></rtept><rtept lat="57.494143" lon="12.42544"><ele>90.2</ele></rtept><rtept lat="57.49415" lon="12.42548"><ele>90.6</ele></rtept><rtept lat="57.49415" lon="12.425513"><ele>90.6</ele></rtept><rtept lat="57.49415" lon="12.425583"><ele>91.0</ele></rtept><rtept lat="57.49415" lon="12.425623"><ele>90.8</ele></rtept><rtept lat="57.49415" lon="12.42566"><ele>90.8</ele></rtept><rtept lat="57.494157" lon="12.425698"><ele>91.0</ele></rtept><rtept lat="57.494168" lon="12.425747"><ele>91.0</ele></rtept><rtept lat="57.494175" lon="12.425788"><ele>91.0</ele></rtept><rtept lat="57.494188" lon="12.425833"><ele>91.2</ele></rtept><rtept lat="57.494207" lon="12.42588"><ele>91.2</ele></rtept><rtept lat="57.494213" lon="12.425922"><ele>91.2</ele></rtept><rtept lat="57.494227" lon="12.425958"><ele>91.6</ele></rtept><rtept lat="57.494233" lon="12.426015"><ele>91.8</ele></rtept><rtept lat="57.49424" lon="12.426065"><ele>91.2</ele></rtept><rtept lat="57.494245" lon="12.4261"><ele>91.8</ele></rtept><rtept lat="57.494252" lon="12.426132"><ele>91.8</ele></rtept><rtept lat="57.494252" lon="12.426168"><ele>92.0</ele></rtept><rtept lat="57.494272" lon="12.426243"><ele>92.2</ele></rtept><rtept lat="57.49429" lon="12.426315"><ele>92.4</ele></rtept><rtept lat="57.49431" lon="12.426378"><ele>93.0</ele></rtept><rtept lat="57.494328" lon="12.426448"><ele>93.0</ele></rtept><rtept lat="57.494355" lon="12.426512"><ele>93.2</ele></rtept><rtept lat="57.494373" lon="12.426562"><ele>93.6</ele></rtept><rtept lat="57.49438" lon="12.426612"><ele>93.8</ele></rtept><rtept lat="57.494387" lon="12.426645"><ele>94.0</ele></rtept><rtept lat="57.4944" lon="12.42669"><ele>94.6</ele></rtept><rtept lat="57.494418" lon="12.426745"><ele>94.6</ele></rtept><rtept lat="57.494432" lon="12.426782"><ele>95.0</ele></rtept><rtept lat="57.494438" lon="12.42684"><ele>95.2</ele></rtept><rtept lat="57.494438" lon="12.426883"><ele>95.0</ele></rtept><rtept lat="57.494425" lon="12.426913"><ele>95.6</ele></rtept><rtept lat="57.494412" lon="12.426977"><ele>95.6</ele></rtept><rtept lat="57.494405" lon="12.427028"><ele>96.0</ele></rtept><rtept lat="57.494393" lon="12.427058"><ele>96.0</ele></rtept><rtept lat="57.494387" lon="12.427098"><ele>96.0</ele></rtept><rtept lat="57.494373" lon="12.42714"><ele>96.4</ele></rtept><rtept lat="57.49436" lon="12.427177"><ele>96.4</ele></rtept><rtept lat="57.494355" lon="12.427213"><ele>96.4</ele></rtept><rtept lat="57.494348" lon="12.427262"><ele>96.6</ele></rtept><rtept lat="57.494342" lon="12.427312"><ele>96.6</ele></rtept><rtept lat="57.494335" lon="12.427365"><ele>96.8</ele></rtept><rtept lat="57.494335" lon="12.427412"><ele>97.0</ele></rtept><rtept lat="57.494328" lon="12.427457"><ele>96.8</ele></rtept><rtept lat="57.494328" lon="12.427518"><ele>97.0</ele></rtept><rtept lat="57.494335" lon="12.427557"><ele>96.8</ele></rtept><rtept lat="57.494348" lon="12.42759"><ele>96.6</ele></rtept><rtept lat="57.494367" lon="12.4276"><ele>97.0</ele></rtept><rtept lat="57.494387" lon="12.427588"><ele>96.8</ele></rtept><rtept lat="57.494405" lon="12.42759"><ele>96.8</ele></rtept><rtept lat="57.494432" lon="12.427613"><ele>97.0</ele></rtept><rtept lat="57.494463" lon="12.427603"><ele>96.8</ele></rtept><rtept lat="57.494488" lon="12.427603"><ele>96.2</ele></rtept><rtept lat="57.494508" lon="12.427637"><ele>96.8</ele></rtept><rtept lat="57.494527" lon="12.427688"><ele>96.6</ele></rtept><rtept lat="57.494553" lon="12.427715"><ele>96.4</ele></rtept><rtept lat="57.494572" lon="12.427738"><ele>97.0</ele></rtept><rtept lat="57.494603" lon="12.427763"><ele>96.4</ele></rtept><rtept lat="57.494637" lon="12.427788"><ele>97.0</ele></rtept><rtept lat="57.494662" lon="12.427798"><ele>97.0</ele></rtept><rtept lat="57.49468" lon="12.4278"><ele>97.4</ele></rtept><rtept lat="57.494713" lon="12.427815"><ele>97.2</ele></rtept><rtept lat="57.494725" lon="12.42784"><ele>97.6</ele></rtept><rtept lat="57.494738" lon="12.427898"><ele>97.6</ele></rtept><rtept lat="57.494763" lon="12.427967"><ele>98.2</ele></rtept><rtept lat="57.494777" lon="12.428025"><ele>98.6</ele></rtept><rtept lat="57.494783" lon="12.428058"><ele>98.6</ele></rtept><rtept lat="57.494783" lon="12.428092"><ele>98.8</ele></rtept><rtept lat="57.494783" lon="12.428125"><ele>99.0</ele></rtept><rtept lat="57.49479" lon="12.428165"><ele>99.2</ele></rtept><rtept lat="57.494797" lon="12.4282"><ele>99.2</ele></rtept><rtept lat="57.494808" lon="12.42825"><ele>99.6</ele></rtept><rtept lat="57.494822" lon="12.428303"><ele>99.6</ele></rtept><rtept lat="57.49484" lon="12.428365"><ele>99.6</ele></rtept><rtept lat="57.494847" lon="12.42842"><ele>100.0</ele></rtept><rtept lat="57.49486" lon="12.428458"><ele>99.8</ele></rtept><rtept lat="57.494873" lon="12.428502"><ele>100.2</ele></rtept><rtept lat="57.494905" lon="12.428562"><ele>99.8</ele></rtept><rtept lat="57.494923" lon="12.428598"><ele>100.2</ele></rtept><rtept lat="57.49495" lon="12.428628"><ele>100.2</ele></rtept><rtept lat="57.494988" lon="12.428672"><ele>100.4</ele></rtept><rtept lat="57.495013" lon="12.42872"><ele>101.0</ele></rtept><rtept lat="57.49504" lon="12.428772"><ele>101.0</ele></rtept><rtept lat="57.495065" lon="12.428817"><ele>101.0</ele></rtept><rtept lat="57.49509" lon="12.42886"><ele>101.4</ele></rtept><rtept lat="57.49511" lon="12.4289"><ele>101.2</ele></rtept><rtept lat="57.49511" lon="12.42896"><ele>101.2</ele></rtept><rtept lat="57.495122" lon="12.428993"><ele>101.4</ele></rtept><rtept lat="57.495135" lon="12.429028"><ele>101.4</ele></rtept><rtept lat="57.495148" lon="12.42906"><ele>102.0</ele></rtept><rtept lat="57.495167" lon="12.429082"><ele>102.4</ele></rtept><rtept lat="57.495187" lon="12.429098"><ele>102.8</ele></rtept><rtept lat="57.495205" lon="12.429115"><ele>102.8</ele></rtept><rtept lat="57.495225" lon="12.429118"><ele>103.0</ele></rtept><rtept lat="57.495257" lon="12.429115"><ele>103.8</ele></rtept><rtept lat="57.495282" lon="12.42909"><ele>103.8</ele></rtept><rtept lat="57.495302" lon="12.42907"><ele>103.8</ele></rtept><rtept lat="57.495327" lon="12.429048"><ele>104.0</ele></rtept><rtept lat="57.495347" lon="12.429043"><ele>104.2</ele></rtept><rtept lat="57.495365" lon="12.429038"><ele>104.2</ele></rtept><rtept lat="57.495392" lon="12.42903"><ele>104.8</ele></rtept><rtept lat="57.495417" lon="12.429008"><ele>105.0</ele></rtept><rtept lat="57.495442" lon="12.428983"><ele>105.6</ele></rtept><rtept lat="57.495462" lon="12.42897"><ele>105.6</ele></rtept><rtept lat="57.49548" lon="12.428952"><ele>105.6</ele></rtept><rtept lat="57.4955" lon="12.42893"><ele>105.6</ele></rtept><rtept lat="57.49552" lon="12.42891"><ele>106.0</ele></rtept><rtept lat="57.495538" lon="12.42888"><ele>106.0</ele></rtept><rtept lat="57.495558" lon="12.42886"><ele>105.8</ele></rtept><rtept lat="57.495583" lon="12.428835"><ele>106.0</ele></rtept><rtept lat="57.495615" lon="12.428812"><ele>106.6</ele></rtept><rtept lat="57.495635" lon="12.428805"><ele>106.8</ele></rtept><rtept lat="57.495653" lon="12.428798"><ele>107.2</ele></rtept><rtept lat="57.495685" lon="12.428798"><ele>107.6</ele></rtept><rtept lat="57.495705" lon="12.42879"><ele>107.8</ele></rtept><rtept lat="57.495723" lon="12.428775"><ele>107.6</ele></rtept><rtept lat="57.495743" lon="12.42876"><ele>108.0</ele></rtept><rtept lat="57.495762" lon="12.428745"><ele>108.2</ele></rtept><rtept lat="57.495795" lon="12.42872"><ele>108.8</ele></rtept><rtept lat="57.495813" lon="12.42872"><ele>108.8</ele></rtept><rtept lat="57.495833" lon="12.428718"><ele>109.0</ele></rtept><rtept lat="57.495858" lon="12.4287"><ele>109.4</ele></rtept><rtept lat="57.495883" lon="12.428693"><ele>109.6</ele></rtept><rtept lat="57.495917" lon="12.428717"><ele>110.0</ele></rtept><rtept lat="57.495955" lon="12.428742"><ele>110.6</ele></rtept><rtept lat="57.49598" lon="12.428755"><ele>110.4</ele></rtept><rtept lat="57.496005" lon="12.42878"><ele>111.0</ele></rtept><rtept lat="57.496038" lon="12.4288"><ele>111.0</ele></rtept><rtept lat="57.496057" lon="12.428825"><ele>111.2</ele></rtept><rtept lat="57.496082" lon="12.42886"><ele>111.4</ele></rtept><rtept lat="57.496108" lon="12.428877"><ele>111.4</ele></rtept><rtept lat="57.496133" lon="12.428885"><ele>111.4</ele></rtept><rtept lat="57.49616" lon="12.428892"><ele>111.8</ele></rtept><rtept lat="57.496192" lon="12.4289"><ele>111.4</ele></rtept><rtept lat="57.496217" lon="12.428897"><ele>111.2</ele></rtept><rtept lat="57.496248" lon="12.42891"><ele>111.2</ele></rtept><rtept lat="57.496268" lon="12.42892"><ele>111.2</ele></rtept><rtept lat="57.496287" lon="12.42893"><ele>111.0</ele></rtept><rtept lat="57.496307" lon="12.428935"><ele>111.4</ele></rtept><rtept lat="57.496325" lon="12.42895"><ele>111.2</ele></rtept><rtept lat="57.496352" lon="12.428963"><ele>111.0</ele></rtept><rtept lat="57.49637" lon="12.428972"><ele>111.2</ele></rtept><rtept lat="57.496397" lon="12.428977"><ele>111.2</ele></rtept><rtept lat="57.496415" lon="12.428977"><ele>111.6</ele></rtept><rtept lat="57.496435" lon="12.42899"><ele>111.6</ele></rtept><rtept lat="57.496447" lon="12.429017"><ele>111.6</ele></rtept><rtept lat="57.496467" lon="12.42908"><ele>112.0</ele></rtept><rtept lat="57.496492" lon="12.429108"><ele>111.8</ele></rtept><rtept lat="57.496498" lon="12.429142"><ele>112.4</ele></rtept><rtept lat="57.496512" lon="12.429188"><ele>112.6</ele></rtept><rtept lat="57.496512" lon="12.429223"><ele>112.8</ele></rtept><rtept lat="57.49653" lon="12.429272"><ele>113.0</ele></rtept><rtept lat="57.496557" lon="12.429293"><ele>113.4</ele></rtept><rtept lat="57.496575" lon="12.429293"><ele>113.2</ele></rtept><rtept lat="57.496595" lon="12.429297"><ele>113.6</ele></rtept><rtept lat="57.49662" lon="12.429303"><ele>113.8</ele></rtept><rtept lat="57.496645" lon="12.429313"><ele>113.4</ele></rtept><rtept lat="57.496672" lon="12.429322"><ele>114.0</ele></rtept><rtept lat="57.49669" lon="12.429328"><ele>113.8</ele></rtept><rtept lat="57.496728" lon="12.429333"><ele>114.0</ele></rtept><rtept lat="57.496767" lon="12.42934"><ele>114.2</ele></rtept><rtept lat="57.4968" lon="12.42934"><ele>114.2</ele></rtept><rtept lat="57.496818" lon="12.429343"><ele>114.6</ele></rtept><rtept lat="57.496838" lon="12.429352"><ele>114.8</ele></rtept><rtept lat="57.496857" lon="12.429348"><ele>114.4</ele></rtept><rtept lat="57.496877" lon="12.429347"><ele>115.0</ele></rtept><rtept lat="57.496895" lon="12.42934"><ele>115.0</ele></rtept><rtept lat="57.49692" lon="12.429337"><ele>115.0</ele></rtept><rtept lat="57.496953" lon="12.429313"><ele>115.4</ele></rtept><rtept lat="57.496992" lon="12.429293"><ele>115.4</ele></rtept><rtept lat="57.49703" lon="12.429272"><ele>115.2</ele></rtept><rtept lat="57.497048" lon="12.429253"><ele>115.4</ele></rtept><rtept lat="57.49708" lon="12.429243"><ele>115.2</ele></rtept><rtept lat="57.497113" lon="12.429237"><ele>115.4</ele></rtept><rtept lat="57.497138" lon="12.429228"><ele>115.6</ele></rtept><rtept lat="57.497163" lon="12.429237"><ele>115.4</ele></rtept><rtept lat="57.497183" lon="12.429242"><ele>116.0</ele></rtept><rtept lat="57.497215" lon="12.429243"><ele>115.8</ele></rtept><rtept lat="57.497235" lon="12.429252"><ele>116.0</ele></rtept><rtept lat="57.497267" lon="12.429253"><ele>116.4</ele></rtept><rtept lat="57.497292" lon="12.429248"><ele>116.2</ele></rtept><rtept lat="57.497323" lon="12.42924"><ele>116.0</ele></rtept><rtept lat="57.497362" lon="12.429227"><ele>116.4</ele></rtept><rtept lat="57.497407" lon="12.429202"><ele>116.2</ele></rtept><rtept lat="57.497452" lon="12.429173"><ele>116.0</ele></rtept><rtept lat="57.497483" lon="12.429135"><ele>116.2</ele></rtept><rtept lat="57.497528" lon="12.429103"><ele>116.0</ele></rtept><rtept lat="57.49758" lon="12.429085"><ele>116.6</ele></rtept><rtept lat="57.497632" lon="12.429083"><ele>116.6</ele></rtept><rtept lat="57.49767" lon="12.429098"><ele>116.4</ele></rtept><rtept lat="57.497702" lon="12.4291"><ele>117.0</ele></rtept><rtept lat="57.49774" lon="12.429093"><ele>117.6</ele></rtept><rtept lat="57.497765" lon="12.429098"><ele>117.8</ele></rtept><rtept lat="57.497785" lon="12.429103"><ele>118.4</ele></rtept><rtept lat="57.49781" lon="12.429128"><ele>118.2</ele></rtept><rtept lat="57.497842" lon="12.42917"><ele>118.2</ele></rtept><rtept lat="57.497875" lon="12.429222"><ele>118.8</ele></rtept><rtept lat="57.497907" lon="12.42926"><ele>118.6</ele></rtept><rtept lat="57.497938" lon="12.4293"><ele>118.6</ele></rtept><rtept lat="57.49797" lon="12.429333"><ele>119.2</ele></rtept><rtept lat="57.497997" lon="12.429353"><ele>119.2</ele></rtept><rtept lat="57.498008" lon="12.429433"><ele>119.6</ele></rtept><rtept lat="57.498008" lon="12.429477"><ele>119.8</ele></rtept><rtept lat="57.498022" lon="12.42951"><ele>120.2</ele></rtept><rtept lat="57.498047" lon="12.429532"><ele>120.6</ele></rtept><rtept lat="57.498028" lon="12.429505"><ele>120.6</ele></rtept><rtept lat="57.498022" lon="12.429465"><ele>120.8</ele></rtept><rtept lat="57.498035" lon="12.429432"><ele>121.4</ele></rtept><rtept lat="57.498047" lon="12.429457"><ele>121.8</ele></rtept><rtept lat="57.498085" lon="12.429462"><ele>122.2</ele></rtept><rtept lat="57.498105" lon="12.429478"><ele>122.0</ele></rtept><rtept lat="57.498112" lon="12.429512"><ele>122.6</ele></rtept><rtept lat="57.498123" lon="12.42954"><ele>122.6</ele></rtept><rtept lat="57.498143" lon="12.429572"><ele>123.2</ele></rtept><rtept lat="57.498162" lon="12.429595"><ele>123.0</ele></rtept><rtept lat="57.498182" lon="12.429655"><ele>123.6</ele></rtept><rtept lat="57.4982" lon="12.42968"><ele>124.0</ele></rtept><rtept lat="57.49822" lon="12.429703"><ele>124.2</ele></rtept><rtept lat="57.49824" lon="12.429717"><ele>124.4</ele></rtept><rtept lat="57.498265" lon="12.42971"><ele>125.2</ele></rtept><rtept lat="57.49829" lon="12.429703"><ele>125.4</ele></rtept><rtept lat="57.498317" lon="12.429708"><ele>125.8</ele></rtept><rtept lat="57.498335" lon="12.429715"><ele>125.8</ele></rtept><rtept lat="57.498367" lon="12.429718"><ele>126.4</ele></rtept><rtept lat="57.498393" lon="12.429715"><ele>126.0</ele></rtept><rtept lat="57.498412" lon="12.429703"><ele>126.2</ele></rtept><rtept lat="57.498443" lon="12.42972"><ele>126.6</ele></rtept><rtept lat="57.49847" lon="12.42977"><ele>126.8</ele></rtept><rtept lat="57.498477" lon="12.429803"><ele>126.8</ele></rtept><rtept lat="57.498495" lon="12.42988"><ele>127.4</ele></rtept><rtept lat="57.498502" lon="12.429915"><ele>127.6</ele></rtept><rtept lat="57.498515" lon="12.429948"><ele>128.0</ele></rtept><rtept lat="57.498533" lon="12.429988"><ele>128.2</ele></rtept><rtept lat="57.498553" lon="12.430043"><ele>128.8</ele></rtept><rtept lat="57.498565" lon="12.430097"><ele>129.4</ele></rtept><rtept lat="57.498603" lon="12.430132"><ele>129.6</ele></rtept><rtept lat="57.498637" lon="12.430145"><ele>129.8</ele></rtept><rtept lat="57.498693" lon="12.430162"><ele>129.8</ele></rtept><rtept lat="57.498738" lon="12.430167"><ele>130.0</ele></rtept><rtept lat="57.498783" lon="12.430157"><ele>130.0</ele></rtept><rtept lat="57.498822" lon="12.43018"><ele>130.2</ele></rtept><rtept lat="57.498853" lon="12.430187"><ele>130.4</ele></rtept><rtept lat="57.49888" lon="12.430212"><ele>130.8</ele></rtept><rtept lat="57.498905" lon="12.430252"><ele>131.2</ele></rtept><rtept lat="57.49893" lon="12.430292"><ele>131.4</ele></rtept><rtept lat="57.498957" lon="12.430325"><ele>131.6</ele></rtept><rtept lat="57.498982" lon="12.430335"><ele>131.6</ele></rtept><rtept lat="57.499" lon="12.43034"><ele>131.8</ele></rtept><rtept lat="57.49902" lon="12.430352"><ele>132.0</ele></rtept><rtept lat="57.499052" lon="12.430377"><ele>132.2</ele></rtept><rtept lat="57.49909" lon="12.430415"><ele>132.2</ele></rtept><rtept lat="57.499117" lon="12.430437"><ele>132.4</ele></rtept><rtept lat="57.499128" lon="12.430495"><ele>132.2</ele></rtept><rtept lat="57.499142" lon="12.43055"><ele>132.2</ele></rtept><rtept lat="57.49916" lon="12.430587"><ele>132.2</ele></rtept><rtept lat="57.49918" lon="12.430615"><ele>132.2</ele></rtept><rtept lat="57.499187" lon="12.430667"><ele>132.0</ele></rtept><rtept lat="57.499193" lon="12.430727"><ele>132.0</ele></rtept><rtept lat="57.499193" lon="12.430783"><ele>131.8</ele></rtept><rtept lat="57.4992" lon="12.43082"><ele>131.8</ele></rtept><rtept lat="57.499212" lon="12.430853"><ele>131.6</ele></rtept><rtept lat="57.499218" lon="12.430898"><ele>131.4</ele></rtept><rtept lat="57.499218" lon="12.43094"><ele>131.6</ele></rtept><rtept lat="57.499218" lon="12.430978"><ele>131.4</ele></rtept><rtept lat="57.499212" lon="12.431012"><ele>131.6</ele></rtept><rtept lat="57.499212" lon="12.43105"><ele>131.8</ele></rtept><rtept lat="57.499205" lon="12.431083"><ele>132.0</ele></rtept><rtept lat="57.4992" lon="12.43115"><ele>132.4</ele></rtept><rtept lat="57.499193" lon="12.431183"><ele>132.4</ele></rtept><rtept lat="57.49918" lon="12.431235"><ele>133.2</ele></rtept><rtept lat="57.499167" lon="12.431295"><ele>133.2</ele></rtept><rtept lat="57.499155" lon="12.431342"><ele>133.8</ele></rtept><rtept lat="57.499142" lon="12.431388"><ele>134.2</ele></rtept><rtept lat="57.499135" lon="12.431442"><ele>134.0</ele></rtept><rtept lat="57.499128" lon="12.431502"><ele>134.8</ele></rtept><rtept lat="57.499128" lon="12.431557"><ele>135.0</ele></rtept><rtept lat="57.499122" lon="12.431602"><ele>135.0</ele></rtept><rtept lat="57.499128" lon="12.431652"><ele>135.6</ele></rtept><rtept lat="57.499122" lon="12.431717"><ele>136.2</ele></rtept><rtept lat="57.499117" lon="12.431752"><ele>136.0</ele></rtept><rtept lat="57.49911" lon="12.431783"><ele>136.2</ele></rtept><rtept lat="57.49911" lon="12.431855"><ele>136.6</ele></rtept><rtept lat="57.499103" lon="12.431915"><ele>137.0</ele></rtept><rtept lat="57.499097" lon="12.431975"><ele>137.2</ele></rtept><rtept lat="57.499097" lon="12.432015"><ele>137.8</ele></rtept><rtept lat="57.499083" lon="12.432062"><ele>138.4</ele></rtept><rtept lat="57.499078" lon="12.432122"><ele>138.4</ele></rtept><rtept lat="57.499072" lon="12.43218"><ele>138.8</ele></rtept><rtept lat="57.499058" lon="12.432227"><ele>139.0</ele></rtept><rtept lat="57.499058" lon="12.432272"><ele>139.2</ele></rtept><rtept lat="57.499058" lon="12.43232"><ele>139.6</ele></rtept><rtept lat="57.499058" lon="12.432365"><ele>139.6</ele></rtept><rtept lat="57.499058" lon="12.432405"><ele>139.8</ele></rtept><rtept lat="57.499058" lon="12.432443"><ele>140.0</ele></rtept><rtept lat="57.499058" lon="12.4325"><ele>140.0</ele></rtept><rtept lat="57.499072" lon="12.43253"><ele>140.4</ele></rtept><rtept lat="57.499083" lon="12.43258"><ele>140.4</ele></rtept><rtept lat="57.499117" lon="12.43262"><ele>140.4</ele></rtept><rtept lat="57.499128" lon="12.432662"><ele>140.4</ele></rtept><rtept lat="57.499142" lon="12.432707"><ele>140.2</ele></rtept><rtept lat="57.499142" lon="12.432742"><ele>140.2</ele></rtept><rtept lat="57.49916" lon="12.432788"><ele>139.4</ele></rtept><rtept lat="57.49918" lon="12.432833"><ele>139.0</ele></rtept><rtept lat="57.499205" lon="12.43288"><ele>138.0</ele></rtept><rtept lat="57.499212" lon="12.432913"><ele>138.0</ele></rtept><rtept lat="57.499218" lon="12.432952"><ele>137.4</ele></rtept><rtept lat="57.499218" lon="12.43299"><ele>137.4</ele></rtept><rtept lat="57.499212" lon="12.433025"><ele>137.4</ele></rtept><rtept lat="57.499212" lon="12.43306"><ele>136.8</ele></rtept><rtept lat="57.499193" lon="12.433118"><ele>136.0</ele></rtept><rtept lat="57.49918" lon="12.43319"><ele>134.6</ele></rtept><rtept lat="57.499173" lon="12.433238"><ele>134.0</ele></rtept><rtept lat="57.49916" lon="12.433275"><ele>133.2</ele></rtept><rtept lat="57.499155" lon="12.433313"><ele>132.6</ele></rtept><rtept lat="57.499142" lon="12.433355"><ele>132.2</ele></rtept><rtept lat="57.499142" lon="12.433407"><ele>131.6</ele></rtept><rtept lat="57.499148" lon="12.433447"><ele>131.2</ele></rtept><rtept lat="57.499142" lon="12.433497"><ele>130.4</ele></rtept><rtept lat="57.499142" lon="12.433558"><ele>129.8</ele></rtept><rtept lat="57.499135" lon="12.433613"><ele>128.8</ele></rtept><rtept lat="57.499135" lon="12.433657"><ele>128.2</ele></rtept><rtept lat="57.499135" lon="12.43369"><ele>128.4</ele></rtept><rtept lat="57.499135" lon="12.433725"><ele>127.6</ele></rtept><rtept lat="57.499142" lon="12.433765"><ele>127.8</ele></rtept><rtept lat="57.499148" lon="12.43381"><ele>127.4</ele></rtept><rtept lat="57.499155" lon="12.43386"><ele>127.6</ele></rtept><rtept lat="57.499142" lon="12.433897"><ele>127.4</ele></rtept><rtept lat="57.499135" lon="12.433958"><ele>127.8</ele></rtept><rtept lat="57.499135" lon="12.433998"><ele>127.6</ele></rtept><rtept lat="57.499128" lon="12.434042"><ele>127.4</ele></rtept><rtept lat="57.499122" lon="12.434082"><ele>127.8</ele></rtept><rtept lat="57.499117" lon="12.434115"><ele>127.6</ele></rtept><rtept lat="57.49911" lon="12.434148"><ele>127.6</ele></rtept><rtept lat="57.49911" lon="12.434202"><ele>127.4</ele></rtept><rtept lat="57.499103" lon="12.43426"><ele>127.6</ele></rtept><rtept lat="57.499103" lon="12.434333"><ele>127.8</ele></rtept><rtept lat="57.499097" lon="12.43442"><ele>127.8</ele></rtept><rtept lat="57.49909" lon="12.434495"><ele>127.6</ele></rtept><rtept lat="57.499078" lon="12.434572"><ele>128.0</ele></rtept><rtept lat="57.499072" lon="12.434643"><ele>127.6</ele></rtept><rtept lat="57.499072" lon="12.434735"><ele>127.6</ele></rtept><rtept lat="57.499078" lon="12.434798"><ele>127.6</ele></rtept><rtept lat="57.499078" lon="12.434907"><ele>126.8</ele></rtept><rtept lat="57.499072" lon="12.435002"><ele>127.0</ele></rtept><rtept lat="57.499058" lon="12.4351"><ele>127.2</ele></rtept><rtept lat="57.499033" lon="12.43518"><ele>127.4</ele></rtept><rtept lat="57.499013" lon="12.435218"><ele>127.2</ele></rtept><rtept lat="57.498995" lon="12.43525"><ele>126.2</ele></rtept><rtept lat="57.498975" lon="12.435283"><ele>125.0</ele></rtept><rtept lat="57.498968" lon="12.435328"><ele>124.2</ele></rtept><rtept lat="57.498968" lon="12.435363"><ele>123.8</ele></rtept><rtept lat="57.498962" lon="12.435425"><ele>123.0</ele></rtept><rtept lat="57.498962" lon="12.435463"><ele>121.8</ele></rtept><rtept lat="57.498957" lon="12.435523"><ele>120.4</ele></rtept><rtept lat="57.498943" lon="12.435593"><ele>119.2</ele></rtept><rtept lat="57.49893" lon="12.435653"><ele>118.4</ele></rtept><rtept lat="57.498918" lon="12.4357"><ele>117.8</ele></rtept><rtept lat="57.498905" lon="12.435758"><ele>116.8</ele></rtept><rtept lat="57.498892" lon="12.43582"><ele>116.0</ele></rtept><rtept lat="57.49888" lon="12.435887"><ele>115.6</ele></rtept><rtept lat="57.498867" lon="12.435925"><ele>115.0</ele></rtept><rtept lat="57.498853" lon="12.43597"><ele>114.6</ele></rtept><rtept lat="57.49884" lon="12.436013"><ele>113.8</ele></rtept><rtept lat="57.498835" lon="12.43606"><ele>113.4</ele></rtept><rtept lat="57.498835" lon="12.436108"><ele>112.6</ele></rtept><rtept lat="57.498828" lon="12.436142"><ele>111.8</ele></rtept><rtept lat="57.498822" lon="12.436175"><ele>111.4</ele></rtept><rtept lat="57.498822" lon="12.436213"><ele>109.8</ele></rtept><rtept lat="57.498822" lon="12.436277"><ele>108.8</ele></rtept><rtept lat="57.498815" lon="12.436333"><ele>108.6</ele></rtept><rtept lat="57.498808" lon="12.4364"><ele>108.4</ele></rtept><rtept lat="57.498815" lon="12.436472"><ele>108.6</ele></rtept><rtept lat="57.498802" lon="12.436502"><ele>108.4</ele></rtept><rtept lat="57.49879" lon="12.436545"><ele>108.8</ele></rtept><rtept lat="57.49877" lon="12.436585"><ele>108.6</ele></rtept><rtept lat="57.498758" lon="12.43665"><ele>109.2</ele></rtept><rtept lat="57.498745" lon="12.436688"><ele>108.8</ele></rtept><rtept lat="57.498738" lon="12.436735"><ele>108.8</ele></rtept><rtept lat="57.498732" lon="12.436795"><ele>109.0</ele></rtept><rtept lat="57.498713" lon="12.436848"><ele>109.2</ele></rtept><rtept lat="57.4987" lon="12.436902"><ele>109.0</ele></rtept><rtept lat="57.498687" lon="12.436943"><ele>108.8</ele></rtept><rtept lat="57.498662" lon="12.436983"><ele>109.2</ele></rtept><rtept lat="57.498637" lon="12.437027"><ele>109.0</ele></rtept><rtept lat="57.498617" lon="12.437072"><ele>109.0</ele></rtept><rtept lat="57.49861" lon="12.437107"><ele>109.4</ele></rtept><rtept lat="57.498603" lon="12.437152"><ele>109.0</ele></rtept><rtept lat="57.498598" lon="12.437195"><ele>109.0</ele></rtept><rtept lat="57.498592" lon="12.437232"><ele>109.2</ele></rtept><rtept lat="57.498565" lon="12.437267"><ele>108.8</ele></rtept><rtept lat="57.498553" lon="12.437297"><ele>108.6</ele></rtept><rtept lat="57.498533" lon="12.437325"><ele>108.8</ele></rtept><rtept lat="57.498515" lon="12.437352"><ele>109.0</ele></rtept><rtept lat="57.498508" lon="12.437397"><ele>109.2</ele></rtept><rtept lat="57.498495" lon="12.437453"><ele>109.4</ele></rtept><rtept lat="57.498482" lon="12.43748"><ele>109.8</ele></rtept><rtept lat="57.498477" lon="12.437513"><ele>110.2</ele></rtept><rtept lat="57.498463" lon="12.437543"><ele>110.2</ele></rtept><rtept lat="57.498443" lon="12.437608"><ele>110.8</ele></rtept><rtept lat="57.498438" lon="12.437643"><ele>110.8</ele></rtept><rtept lat="57.498438" lon="12.437687"><ele>111.4</ele></rtept><rtept lat="57.498425" lon="12.437738"><ele>111.4</ele></rtept><rtept lat="57.498405" lon="12.437788"><ele>111.6</ele></rtept><rtept lat="57.498393" lon="12.437833"><ele>112.0</ele></rtept><rtept lat="57.49838" lon="12.437887"><ele>112.0</ele></rtept><rtept lat="57.49836" lon="12.43793"><ele>112.0</ele></rtept><rtept lat="57.498348" lon="12.437972"><ele>112.6</ele></rtept><rtept lat="57.498335" lon="12.438"><ele>112.4</ele></rtept><rtept lat="57.498322" lon="12.438047"><ele>112.6</ele></rtept><rtept lat="57.498317" lon="12.438083"><ele>112.4</ele></rtept><rtept lat="57.49831" lon="12.43812"><ele>112.6</ele></rtept><rtept lat="57.49831" lon="12.438157"><ele>112.0</ele></rtept><rtept lat="57.498317" lon="12.438215"><ele>112.6</ele></rtept><rtept lat="57.498322" lon="12.438253"><ele>112.4</ele></rtept><rtept lat="57.49831" lon="12.438318"><ele>112.6</ele></rtept><rtept lat="57.498303" lon="12.438353"><ele>112.6</ele></rtept><rtept lat="57.498283" lon="12.438427"><ele>112.8</ele></rtept><rtept lat="57.498278" lon="12.43846"><ele>112.4</ele></rtept><rtept lat="57.498265" lon="12.438493"><ele>112.2</ele></rtept><rtept lat="57.498258" lon="12.438533"><ele>112.6</ele></rtept><rtept lat="57.498245" lon="12.438577"><ele>112.4</ele></rtept><rtept lat="57.498245" lon="12.438612"><ele>112.0</ele></rtept><rtept lat="57.49824" lon="12.43866"><ele>112.4</ele></rtept><rtept lat="57.498227" lon="12.438702"><ele>112.4</ele></rtept><rtept lat="57.498227" lon="12.438742"><ele>112.2</ele></rtept><rtept lat="57.498227" lon="12.438813"><ele>112.6</ele></rtept><rtept lat="57.49822" lon="12.438883"><ele>112.6</ele></rtept><rtept lat="57.498188" lon="12.438968"><ele>113.0</ele></rtept><rtept lat="57.498157" lon="12.439042"><ele>113.0</ele></rtept><rtept lat="57.49813" lon="12.439103"><ele>113.0</ele></rtept><rtept lat="57.498105" lon="12.439172"><ele>113.6</ele></rtept><rtept lat="57.498067" lon="12.439218"><ele>113.6</ele></rtept><rtept lat="57.49804" lon="12.43926"><ele>113.4</ele></rtept><rtept lat="57.498022" lon="12.439298"><ele>114.0</ele></rtept><rtept lat="57.498008" lon="12.439327"><ele>114.2</ele></rtept><rtept lat="57.49799" lon="12.439372"><ele>114.8</ele></rtept><rtept lat="57.498008" lon="12.43936"><ele>114.8</ele></rtept><rtept lat="57.497997" lon="12.439405"><ele>114.6</ele></rtept><rtept lat="57.49799" lon="12.43946"><ele>114.6</ele></rtept><rtept lat="57.497977" lon="12.43951"><ele>113.8</ele></rtept><rtept lat="57.497963" lon="12.439535"><ele>114.0</ele></rtept><rtept lat="57.497952" lon="12.43959"><ele>113.0</ele></rtept><rtept lat="57.497938" lon="12.439655"><ele>112.4</ele></rtept><rtept lat="57.497925" lon="12.43969"><ele>111.6</ele></rtept><rtept lat="57.49792" lon="12.439735"><ele>111.2</ele></rtept><rtept lat="57.4979" lon="12.439792"><ele>110.8</ele></rtept><rtept lat="57.497887" lon="12.439817"><ele>110.2</ele></rtept><rtept lat="57.497868" lon="12.43986"><ele>109.8</ele></rtept><rtept lat="57.497848" lon="12.439898"><ele>109.4</ele></rtept><rtept lat="57.497848" lon="12.439937"><ele>108.8</ele></rtept><rtept lat="57.497837" lon="12.439965"><ele>108.8</ele></rtept><rtept lat="57.49783" lon="12.440005"><ele>108.0</ele></rtept><rtept lat="57.497823" lon="12.44005"><ele>107.6</ele></rtept><rtept lat="57.49781" lon="12.440095"><ele>107.4</ele></rtept><rtept lat="57.497798" lon="12.440137"><ele>106.6</ele></rtept><rtept lat="57.497792" lon="12.44018"><ele>107.0</ele></rtept><rtept lat="57.497778" lon="12.440223"><ele>106.6</ele></rtept><rtept lat="57.497765" lon="12.440275"><ele>106.6</ele></rtept><rtept lat="57.497753" lon="12.440317"><ele>106.8</ele></rtept><rtept lat="57.49774" lon="12.44036"><ele>106.4</ele></rtept><rtept lat="57.497733" lon="12.440408"><ele>106.4</ele></rtept><rtept lat="57.497727" lon="12.440452"><ele>106.6</ele></rtept><rtept lat="57.497715" lon="12.440488"><ele>106.4</ele></rtept><rtept lat="57.497708" lon="12.440527"><ele>106.2</ele></rtept><rtept lat="57.497708" lon="12.44056"><ele>106.6</ele></rtept><rtept lat="57.497702" lon="12.4406"><ele>106.2</ele></rtept><rtept lat="57.497688" lon="12.440638"><ele>106.0</ele></rtept><rtept lat="57.497663" lon="12.440712"><ele>106.2</ele></rtept><rtept lat="57.49765" lon="12.440775"><ele>106.0</ele></rtept><rtept lat="57.497632" lon="12.440835"><ele>106.0</ele></rtept><rtept lat="57.497612" lon="12.440885"><ele>106.0</ele></rtept><rtept lat="57.497593" lon="12.440933"><ele>105.8</ele></rtept><rtept lat="57.49758" lon="12.44098"><ele>106.2</ele></rtept><rtept lat="57.497567" lon="12.441022"><ele>106.0</ele></rtept><rtept lat="57.497548" lon="12.441068"><ele>105.8</ele></rtept><rtept lat="57.497535" lon="12.44111"><ele>106.2</ele></rtept><rtept lat="57.497522" lon="12.441143"><ele>106.2</ele></rtept><rtept lat="57.49751" lon="12.441178"><ele>105.8</ele></rtept><rtept lat="57.49749" lon="12.44122"><ele>105.8</ele></rtept><rtept lat="57.497478" lon="12.441253"><ele>105.8</ele></rtept><rtept lat="57.497465" lon="12.441288"><ele>106.2</ele></rtept><rtept lat="57.497465" lon="12.441322"><ele>106.2</ele></rtept><rtept lat="57.497472" lon="12.441365"><ele>106.4</ele></rtept><rtept lat="57.497503" lon="12.441398"><ele>106.6</ele></rtept><rtept lat="57.497522" lon="12.441407"><ele>106.4</ele></rtept><rtept lat="57.497542" lon="12.441407"><ele>106.4</ele></rtept><rtept lat="57.49758" lon="12.441405"><ele>106.6</ele></rtept><rtept lat="57.497625" lon="12.441392"><ele>106.8</ele></rtept><rtept lat="57.497657" lon="12.44137"><ele>106.8</ele></rtept><rtept lat="57.497677" lon="12.441362"><ele>106.8</ele></rtept><rtept lat="57.497702" lon="12.441365"><ele>106.8</ele></rtept><rtept lat="57.497733" lon="12.441345"><ele>107.2</ele></rtept><rtept lat="57.497765" lon="12.441327"><ele>107.2</ele></rtept><rtept lat="57.497803" lon="12.441303"><ele>107.4</ele></rtept><rtept lat="57.497823" lon="12.441307"><ele>107.4</ele></rtept><rtept lat="57.497848" lon="12.441318"><ele>107.6</ele></rtept><rtept lat="57.497868" lon="12.441328"><ele>107.6</ele></rtept><rtept lat="57.497893" lon="12.441347"><ele>108.4</ele></rtept><rtept lat="57.497913" lon="12.44136"><ele>108.8</ele></rtept><rtept lat="57.497932" lon="12.441365"><ele>109.0</ele></rtept><rtept lat="57.497952" lon="12.441378"><ele>108.8</ele></rtept><rtept lat="57.497983" lon="12.441397"><ele>109.6</ele></rtept><rtept lat="57.498002" lon="12.441398"><ele>110.0</ele></rtept><rtept lat="57.498022" lon="12.441405"><ele>110.2</ele></rtept><rtept lat="57.49804" lon="12.441405"><ele>110.4</ele></rtept><rtept lat="57.498067" lon="12.441432"><ele>111.0</ele></rtept><rtept lat="57.498085" lon="12.441465"><ele>111.0</ele></rtept><rtept lat="57.498105" lon="12.441498"><ele>111.6</ele></rtept><rtept lat="57.49813" lon="12.441532"><ele>111.8</ele></rtept><rtept lat="57.498143" lon="12.441557"><ele>112.2</ele></rtept><rtept lat="57.498162" lon="12.441603"><ele>112.6</ele></rtept><rtept lat="57.498175" lon="12.44163"><ele>112.8</ele></rtept><rtept lat="57.498188" lon="12.441658"><ele>112.8</ele></rtept><rtept lat="57.498207" lon="12.441708"><ele>113.4</ele></rtept><rtept lat="57.498227" lon="12.441735"><ele>113.6</ele></rtept><rtept lat="57.498252" lon="12.44176"><ele>113.8</ele></rtept><rtept lat="57.498272" lon="12.441795"><ele>114.2</ele></rtept><rtept lat="57.49829" lon="12.441842"><ele>114.0</ele></rtept><rtept lat="57.49831" lon="12.441888"><ele>114.6</ele></rtept><rtept lat="57.498322" lon="12.44192"><ele>114.6</ele></rtept><rtept lat="57.498335" lon="12.441953"><ele>114.6</ele></rtept><rtept lat="57.498342" lon="12.442"><ele>115.0</ele></rtept><rtept lat="57.498355" lon="12.442032"><ele>115.0</ele></rtept><rtept lat="57.49836" lon="12.442072"><ele>115.0</ele></rtept><rtept lat="57.498373" lon="12.4421"><ele>115.4</ele></rtept><rtept lat="57.4984" lon="12.442152"><ele>115.0</ele></rtept><rtept lat="57.498405" lon="12.442185"><ele>115.2</ele></rtept><rtept lat="57.498425" lon="12.44222"><ele>115.0</ele></rtept><rtept lat="57.498438" lon="12.442257"><ele>114.8</ele></rtept><rtept lat="57.498457" lon="12.442297"><ele>115.0</ele></rtept><rtept lat="57.498482" lon="12.44234"><ele>114.6</ele></rtept><rtept lat="57.498508" lon="12.44238"><ele>114.6</ele></rtept><rtept lat="57.498547" lon="12.442435"><ele>114.6</ele></rtept><rtept lat="57.498585" lon="12.442493"><ele>114.2</ele></rtept><rtept lat="57.498617" lon="12.44254"><ele>113.8</ele></rtept><rtept lat="57.498642" lon="12.442588"><ele>113.6</ele></rtept><rtept lat="57.498675" lon="12.442637"><ele>113.2</ele></rtept><rtept lat="57.498707" lon="12.442732"><ele>112.8</ele></rtept><rtept lat="57.49872" lon="12.442787"><ele>112.4</ele></rtept><rtept lat="57.498752" lon="12.442832"><ele>112.2</ele></rtept><rtept lat="57.498783" lon="12.442872"><ele>112.4</ele></rtept><rtept lat="57.498822" lon="12.44292"><ele>112.2</ele></rtept><rtept lat="57.49886" lon="12.442952"><ele>112.4</ele></rtept><rtept lat="57.498885" lon="12.442963"><ele>112.2</ele></rtept><rtept lat="57.498918" lon="12.44295"><ele>112.4</ele></rtept><rtept lat="57.498937" lon="12.44294"><ele>112.4</ele></rtept><rtept lat="57.498957" lon="12.442932"><ele>113.0</ele></rtept><rtept lat="57.498975" lon="12.44292"><ele>112.8</ele></rtept><rtept lat="57.499" lon="12.442917"><ele>113.2</ele></rtept><rtept lat="57.49902" lon="12.442892"><ele>113.4</ele></rtept><rtept lat="57.499045" lon="12.442892"><ele>113.6</ele></rtept><rtept lat="57.499078" lon="12.442897"><ele>114.0</ele></rtept><rtept lat="57.49911" lon="12.442927"><ele>114.0</ele></rtept><rtept lat="57.499142" lon="12.442947"><ele>114.0</ele></rtept><rtept lat="57.499173" lon="12.44296"><ele>114.4</ele></rtept><rtept lat="57.499193" lon="12.44296"><ele>114.0</ele></rtept><rtept lat="57.499212" lon="12.442942"><ele>114.0</ele></rtept><rtept lat="57.499232" lon="12.442975"><ele>114.0</ele></rtept><rtept lat="57.499232" lon="12.443083"><ele>113.8</ele></rtept><rtept lat="57.499238" lon="12.443145"><ele>114.2</ele></rtept><rtept lat="57.49925" lon="12.443203"><ele>114.0</ele></rtept><rtept lat="57.49927" lon="12.443277"><ele>114.0</ele></rtept><rtept lat="57.499308" lon="12.443342"><ele>114.2</ele></rtept><rtept lat="57.49934" lon="12.443388"><ele>114.2</ele></rtept><rtept lat="57.49936" lon="12.443437"><ele>114.4</ele></rtept><rtept lat="57.499365" lon="12.443498"><ele>114.2</ele></rtept><rtept lat="57.499372" lon="12.44356"><ele>113.8</ele></rtept><rtept lat="57.499372" lon="12.4436"><ele>114.2</ele></rtept><rtept lat="57.499385" lon="12.443627"><ele>114.0</ele></rtept><rtept lat="57.499372" lon="12.443697"><ele>113.8</ele></rtept><rtept lat="57.49936" lon="12.443755"><ele>114.2</ele></rtept><rtept lat="57.499353" lon="12.4438"><ele>114.2</ele></rtept><rtept lat="57.499353" lon="12.443833"><ele>114.8</ele></rtept><rtept lat="57.499365" lon="12.443882"><ele>114.6</ele></rtept><rtept lat="57.499372" lon="12.44393"><ele>114.8</ele></rtept><rtept lat="57.499372" lon="12.443997"><ele>115.0</ele></rtept><rtept lat="57.499365" lon="12.444033"><ele>114.8</ele></rtept><rtept lat="57.49936" lon="12.444073"><ele>115.2</ele></rtept><rtept lat="57.49936" lon="12.444127"><ele>115.0</ele></rtept><rtept lat="57.499353" lon="12.444177"><ele>114.8</ele></rtept><rtept lat="57.499353" lon="12.44423"><ele>115.2</ele></rtept><rtept lat="57.499353" lon="12.444282"><ele>115.0</ele></rtept><rtept lat="57.49936" lon="12.444325"><ele>115.2</ele></rtept><rtept lat="57.499365" lon="12.44436"><ele>115.6</ele></rtept><rtept lat="57.499385" lon="12.444357"><ele>115.6</ele></rtept><rtept lat="57.499417" lon="12.444355"><ele>116.0</ele></rtept><rtept lat="57.499455" lon="12.44438"><ele>116.0</ele></rtept><rtept lat="57.4995" lon="12.444437"><ele>116.2</ele></rtept><rtept lat="57.499532" lon="12.444465"><ele>116.6</ele></rtept><rtept lat="57.499545" lon="12.44449"><ele>116.4</ele></rtept><rtept lat="57.499577" lon="12.44453"><ele>116.8</ele></rtept><rtept lat="57.499597" lon="12.444562"><ele>117.4</ele></rtept><rtept lat="57.499615" lon="12.44456"><ele>117.8</ele></rtept><rtept lat="57.499628" lon="12.44453"><ele>118.6</ele></rtept><rtept lat="57.499647" lon="12.444498"><ele>119.4</ele></rtept><rtept lat="57.499667" lon="12.444483"><ele>120.2</ele></rtept><rtept lat="57.499685" lon="12.44448"><ele>120.6</ele></rtept><rtept lat="57.499705" lon="12.444468"><ele>121.2</ele></rtept><rtept lat="57.49973" lon="12.44444"><ele>121.8</ele></rtept><rtept lat="57.499757" lon="12.44444"><ele>122.4</ele></rtept><rtept lat="57.499775" lon="12.444443"><ele>122.4</ele></rtept><rtept lat="57.4998" lon="12.444437"><ele>122.8</ele></rtept><rtept lat="57.499827" lon="12.444428"><ele>123.2</ele></rtept><rtept lat="57.499845" lon="12.444397"><ele>123.2</ele></rtept><rtept lat="57.499858" lon="12.44434"><ele>123.4</ele></rtept><rtept lat="57.499883" lon="12.444282"><ele>123.4</ele></rtept><rtept lat="57.499903" lon="12.444217"><ele>123.6</ele></rtept><rtept lat="57.499917" lon="12.444178"><ele>123.6</ele></rtept><rtept lat="57.499917" lon="12.444138"><ele>123.8</ele></rtept><rtept lat="57.499922" lon="12.4441"><ele>123.8</ele></rtept><rtept lat="57.499935" lon="12.444062"><ele>123.6</ele></rtept><rtept lat="57.499948" lon="12.444032"><ele>123.8</ele></rtept><rtept lat="57.499973" lon="12.443962"><ele>124.2</ele></rtept><rtept lat="57.49998" lon="12.44392"><ele>124.4</ele></rtept><rtept lat="57.499987" lon="12.443883"><ele>124.2</ele></rtept><rtept lat="57.499987" lon="12.443848"><ele>124.4</ele></rtept><rtept lat="57.500005" lon="12.443793"><ele>124.4</ele></rtept><rtept lat="57.500012" lon="12.44376"><ele>125.0</ele></rtept><rtept lat="57.500025" lon="12.443735"><ele>124.8</ele></rtept><rtept lat="57.500043" lon="12.44368"><ele>125.2</ele></rtept><rtept lat="57.50007" lon="12.443632"><ele>124.8</ele></rtept><rtept lat="57.500082" lon="12.4436"><ele>125.2</ele></rtept><rtept lat="57.500095" lon="12.443562"><ele>124.8</ele></rtept><rtept lat="57.500115" lon="12.443517"><ele>124.6</ele></rtept><rtept lat="57.500133" lon="12.443465"><ele>124.8</ele></rtept><rtept lat="57.500153" lon="12.443407"><ele>124.8</ele></rtept><rtept lat="57.500165" lon="12.443338"><ele>125.2</ele></rtept><rtept lat="57.500178" lon="12.443253"><ele>125.4</ele></rtept><rtept lat="57.500192" lon="12.443168"><ele>125.4</ele></rtept><rtept lat="57.50021" lon="12.443093"><ele>125.6</ele></rtept><rtept lat="57.500223" lon="12.44303"><ele>125.8</ele></rtept><rtept lat="57.50023" lon="12.442952"><ele>125.6</ele></rtept><rtept lat="57.500237" lon="12.442887"><ele>126.0</ele></rtept><rtept lat="57.500255" lon="12.442805"><ele>126.2</ele></rtept><rtept lat="57.50028" lon="12.442752"><ele>126.6</ele></rtept><rtept lat="57.500293" lon="12.442702"><ele>126.8</ele></rtept><rtept lat="57.50032" lon="12.442647"><ele>127.0</ele></rtept><rtept lat="57.500352" lon="12.442607"><ele>127.4</ele></rtept><rtept lat="57.500363" lon="12.442578"><ele>127.4</ele></rtept><rtept lat="57.500383" lon="12.442562"><ele>127.4</ele></rtept><rtept lat="57.500402" lon="12.442562"><ele>128.0</ele></rtept><rtept lat="57.500428" lon="12.442588"><ele>128.2</ele></rtept><rtept lat="57.50044" lon="12.442618"><ele>128.2</ele></rtept><rtept lat="57.50046" lon="12.442612"><ele>128.8</ele></rtept><rtept lat="57.50048" lon="12.442602"><ele>128.6</ele></rtept><rtept lat="57.500505" lon="12.442607"><ele>128.6</ele></rtept><rtept lat="57.500523" lon="12.442583"><ele>129.2</ele></rtept><rtept lat="57.50055" lon="12.442542"><ele>129.8</ele></rtept><rtept lat="57.500588" lon="12.442535"><ele>129.8</ele></rtept><rtept lat="57.500627" lon="12.442548"><ele>130.0</ele></rtept><rtept lat="57.500665" lon="12.442562"><ele>130.4</ele></rtept><rtept lat="57.50069" lon="12.442607"><ele>130.4</ele></rtept><rtept lat="57.50071" lon="12.44264"><ele>131.0</ele></rtept><rtept lat="57.500728" lon="12.442667"><ele>131.6</ele></rtept><rtept lat="57.500742" lon="12.442707"><ele>131.6</ele></rtept><rtept lat="57.50076" lon="12.442757"><ele>131.6</ele></rtept><rtept lat="57.50078" lon="12.4428"><ele>132.0</ele></rtept><rtept lat="57.500805" lon="12.442855"><ele>132.4</ele></rtept><rtept lat="57.500832" lon="12.442862"><ele>132.6</ele></rtept><rtept lat="57.500863" lon="12.442878"><ele>132.8</ele></rtept><rtept lat="57.500882" lon="12.442885"><ele>133.2</ele></rtept><rtept lat="57.500902" lon="12.44289"><ele>133.0</ele></rtept><rtept lat="57.500933" lon="12.442885"><ele>133.4</ele></rtept><rtept lat="57.500965" lon="12.442882"><ele>133.6</ele></rtept><rtept lat="57.500985" lon="12.442872"><ele>133.8</ele></rtept><rtept lat="57.500998" lon="12.442827"><ele>133.6</ele></rtept><rtept lat="57.501017" lon="12.442793"><ele>134.2</ele></rtept><rtept lat="57.501055" lon="12.442762"><ele>133.8</ele></rtept><rtept lat="57.50108" lon="12.442757"><ele>134.2</ele></rtept><rtept lat="57.5011" lon="12.442753"><ele>134.2</ele></rtept><rtept lat="57.50112" lon="12.442745"><ele>134.2</ele></rtept><rtept lat="57.501145" lon="12.442733"><ele>134.4</ele></rtept><rtept lat="57.501163" lon="12.442722"><ele>134.4</ele></rtept><rtept lat="57.501183" lon="12.442713"><ele>134.0</ele></rtept><rtept lat="57.501202" lon="12.4427"><ele>134.6</ele></rtept><rtept lat="57.501235" lon="12.44266"><ele>134.6</ele></rtept><rtept lat="57.501253" lon="12.442653"><ele>134.8</ele></rtept><rtept lat="57.501285" lon="12.442667"><ele>134.4</ele></rtept><rtept lat="57.501305" lon="12.442667"><ele>134.2</ele></rtept><rtept lat="57.50133" lon="12.442663"><ele>134.6</ele></rtept><rtept lat="57.50135" lon="12.442667"><ele>134.6</ele></rtept><rtept lat="57.501375" lon="12.442667"><ele>134.6</ele></rtept><rtept lat="57.5014" lon="12.44266"><ele>134.8</ele></rtept><rtept lat="57.501427" lon="12.442602"><ele>135.0</ele></rtept><rtept lat="57.501445" lon="12.442575"><ele>135.0</ele></rtept><rtept lat="57.501478" lon="12.44256"><ele>135.4</ele></rtept><rtept lat="57.501497" lon="12.442562"><ele>135.4</ele></rtept><rtept lat="57.501517" lon="12.44256"><ele>136.0</ele></rtept><rtept lat="57.501535" lon="12.442523"><ele>136.0</ele></rtept><rtept lat="57.501542" lon="12.44249"><ele>136.4</ele></rtept><rtept lat="57.50156" lon="12.442462"><ele>136.6</ele></rtept><rtept lat="57.501573" lon="12.442428"><ele>136.4</ele></rtept><rtept lat="57.501587" lon="12.4424"><ele>136.8</ele></rtept><rtept lat="57.501587" lon="12.442358"><ele>136.8</ele></rtept><rtept lat="57.5016" lon="12.442315"><ele>136.8</ele></rtept><rtept lat="57.501618" lon="12.442297"><ele>136.8</ele></rtept><rtept lat="57.501643" lon="12.442267"><ele>136.6</ele></rtept><rtept lat="57.501663" lon="12.44225"><ele>137.0</ele></rtept><rtept lat="57.501688" lon="12.44225"><ele>136.8</ele></rtept><rtept lat="57.501715" lon="12.44224"><ele>136.8</ele></rtept><rtept lat="57.501733" lon="12.442232"><ele>137.0</ele></rtept><rtept lat="57.501753" lon="12.442222"><ele>136.8</ele></rtept><rtept lat="57.501772" lon="12.442212"><ele>136.8</ele></rtept><rtept lat="57.501798" lon="12.442218"><ele>137.2</ele></rtept><rtept lat="57.501817" lon="12.442227"><ele>136.8</ele></rtept><rtept lat="57.501837" lon="12.442235"><ele>136.4</ele></rtept><rtept lat="57.501862" lon="12.44223"><ele>136.8</ele></rtept><rtept lat="57.5019" lon="12.442197"><ele>136.8</ele></rtept><rtept lat="57.50192" lon="12.442175"><ele>137.2</ele></rtept><rtept lat="57.501932" lon="12.442145"><ele>137.0</ele></rtept><rtept lat="57.501945" lon="12.44209"><ele>137.4</ele></rtept><rtept lat="57.501958" lon="12.442045"><ele>136.8</ele></rtept><rtept lat="57.50197" lon="12.442007"><ele>136.8</ele></rtept><rtept lat="57.501997" lon="12.44196"><ele>136.4</ele></rtept><rtept lat="57.502015" lon="12.441933"><ele>136.4</ele></rtept><rtept lat="57.502028" lon="12.4419"><ele>136.6</ele></rtept><rtept lat="57.502035" lon="12.441833"><ele>136.2</ele></rtept><rtept lat="57.50206" lon="12.441795"><ele>136.2</ele></rtept><rtept lat="57.50208" lon="12.441778"><ele>136.2</ele></rtept><rtept lat="57.502098" lon="12.441758"><ele>136.2</ele></rtept><rtept lat="57.502118" lon="12.44174"><ele>136.2</ele></rtept><rtept lat="57.502123" lon="12.441683"><ele>136.4</ele></rtept><rtept lat="57.50213" lon="12.441628"><ele>135.8</ele></rtept><rtept lat="57.50215" lon="12.44161"><ele>136.0</ele></rtept><rtept lat="57.502168" lon="12.44156"><ele>135.8</ele></rtept><rtept lat="57.502182" lon="12.441505"><ele>135.6</ele></rtept><rtept lat="57.502195" lon="12.441465"><ele>135.4</ele></rtept><rtept lat="57.50222" lon="12.441432"><ele>136.0</ele></rtept><rtept lat="57.50224" lon="12.441392"><ele>135.4</ele></rtept><rtept lat="57.502245" lon="12.441353"><ele>134.8</ele></rtept><rtept lat="57.502258" lon="12.441307"><ele>135.2</ele></rtept><rtept lat="57.502278" lon="12.441257"><ele>135.6</ele></rtept><rtept lat="57.502297" lon="12.44122"><ele>135.8</ele></rtept><rtept lat="57.50231" lon="12.441163"><ele>135.4</ele></rtept><rtept lat="57.502317" lon="12.441118"><ele>135.4</ele></rtept><rtept lat="57.502322" lon="12.441075"><ele>135.8</ele></rtept><rtept lat="57.502328" lon="12.441035"><ele>135.6</ele></rtept><rtept lat="57.502342" lon="12.440993"><ele>135.6</ele></rtept><rtept lat="57.50236" lon="12.44097"><ele>135.8</ele></rtept><rtept lat="57.50238" lon="12.440948"><ele>135.6</ele></rtept><rtept lat="57.502405" lon="12.440935"><ele>135.6</ele></rtept><rtept lat="57.502432" lon="12.44092"><ele>135.6</ele></rtept><rtept lat="57.502463" lon="12.440895"><ele>135.2</ele></rtept><rtept lat="57.502495" lon="12.440872"><ele>134.8</ele></rtept><rtept lat="57.502527" lon="12.44086"><ele>134.8</ele></rtept><rtept lat="57.502553" lon="12.440857"><ele>134.4</ele></rtept><rtept lat="57.502585" lon="12.44087"><ele>134.6</ele></rtept><rtept lat="57.50261" lon="12.440877"><ele>135.0</ele></rtept><rtept lat="57.502637" lon="12.440883"><ele>134.6</ele></rtept><rtept lat="57.502662" lon="12.4409"><ele>134.6</ele></rtept><rtept lat="57.502687" lon="12.44091"><ele>134.6</ele></rtept><rtept lat="57.502713" lon="12.440923"><ele>134.0</ele></rtept><rtept lat="57.502745" lon="12.440933"><ele>134.0</ele></rtept><rtept lat="57.502763" lon="12.44094"><ele>133.8</ele></rtept><rtept lat="57.50279" lon="12.440953"><ele>133.4</ele></rtept><rtept lat="57.502808" lon="12.44097"><ele>133.6</ele></rtept><rtept lat="57.502835" lon="12.440983"><ele>133.4</ele></rtept><rtept lat="57.50286" lon="12.44099"><ele>133.2</ele></rtept><rtept lat="57.502885" lon="12.441"><ele>133.6</ele></rtept><rtept lat="57.502905" lon="12.441005"><ele>133.2</ele></rtept><rtept lat="57.50293" lon="12.441003"><ele>132.8</ele></rtept><rtept lat="57.502957" lon="12.440993"><ele>133.0</ele></rtept><rtept lat="57.502982" lon="12.44098"><ele>132.6</ele></rtept><rtept lat="57.503007" lon="12.440968"><ele>132.8</ele></rtept><rtept lat="57.503033" lon="12.440953"><ele>132.4</ele></rtept><rtept lat="57.503052" lon="12.440948"><ele>132.4</ele></rtept><rtept lat="57.503083" lon="12.44095"><ele>132.6</ele></rtept><rtept lat="57.503122" lon="12.440958"><ele>132.6</ele></rtept><rtept lat="57.503142" lon="12.440965"><ele>132.2</ele></rtept><rtept lat="57.50318" lon="12.440978"><ele>132.4</ele></rtept><rtept lat="57.5032" lon="12.440988"><ele>132.0</ele></rtept><rtept lat="57.503225" lon="12.441005"><ele>132.4</ele></rtept><rtept lat="57.503243" lon="12.441023"><ele>132.2</ele></rtept><rtept lat="57.503277" lon="12.441048"><ele>132.0</ele></rtept><rtept lat="57.503302" lon="12.441073"><ele>132.2</ele></rtept><rtept lat="57.503333" lon="12.44109"><ele>132.2</ele></rtept><rtept lat="57.50336" lon="12.441115"><ele>131.6</ele></rtept><rtept lat="57.503378" lon="12.44114"><ele>131.6</ele></rtept><rtept lat="57.503403" lon="12.441162"><ele>131.4</ele></rtept><rtept lat="57.50343" lon="12.44118"><ele>131.4</ele></rtept><rtept lat="57.503448" lon="12.441202"><ele>131.4</ele></rtept><rtept lat="57.503468" lon="12.441233"><ele>131.2</ele></rtept><rtept lat="57.503487" lon="12.441258"><ele>131.4</ele></rtept><rtept lat="57.5035" lon="12.441292"><ele>131.2</ele></rtept><rtept lat="57.503513" lon="12.441332"><ele>131.2</ele></rtept><rtept lat="57.503525" lon="12.441378"><ele>131.4</ele></rtept><rtept lat="57.503538" lon="12.441425"><ele>131.0</ele></rtept><rtept lat="57.503558" lon="12.441467"><ele>131.2</ele></rtept><rtept lat="57.503563" lon="12.441505"><ele>131.0</ele></rtept><rtept lat="57.503577" lon="12.441545"><ele>130.8</ele></rtept><rtept lat="57.50359" lon="12.441588"><ele>131.0</ele></rtept><rtept lat="57.503602" lon="12.441625"><ele>130.6</ele></rtept><rtept lat="57.503615" lon="12.441658"><ele>131.0</ele></rtept><rtept lat="57.503628" lon="12.441688"><ele>130.6</ele></rtept><rtept lat="57.503647" lon="12.441717"><ele>130.4</ele></rtept><rtept lat="57.503685" lon="12.441742"><ele>130.6</ele></rtept><rtept lat="57.503718" lon="12.44174"><ele>130.6</ele></rtept><rtept lat="57.50375" lon="12.441735"><ele>130.8</ele></rtept><rtept lat="57.503782" lon="12.441725"><ele>130.6</ele></rtept><rtept lat="57.503807" lon="12.441718"><ele>131.0</ele></rtept><rtept lat="57.50384" lon="12.44172"><ele>130.6</ele></rtept><rtept lat="57.503865" lon="12.44172"><ele>130.8</ele></rtept><rtept lat="57.503897" lon="12.441722"><ele>130.8</ele></rtept><rtept lat="57.503928" lon="12.44172"><ele>130.6</ele></rtept><rtept lat="57.50396" lon="12.441717"><ele>131.0</ele></rtept><rtept lat="57.503993" lon="12.441708"><ele>130.6</ele></rtept><rtept lat="57.504025" lon="12.441705"><ele>130.8</ele></rtept><rtept lat="57.504057" lon="12.441705"><ele>130.6</ele></rtept><rtept lat="57.504077" lon="12.441708"><ele>130.4</ele></rtept><rtept lat="57.504115" lon="12.441715"><ele>130.8</ele></rtept><rtept lat="57.50414" lon="12.44172"><ele>130.4</ele></rtept><rtept lat="57.504165" lon="12.441725"><ele>130.8</ele></rtept><rtept lat="57.504198" lon="12.441738"><ele>130.4</ele></rtept><rtept lat="57.504223" lon="12.441755"><ele>130.2</ele></rtept><rtept lat="57.504255" lon="12.44177"><ele>130.4</ele></rtept><rtept lat="57.50428" lon="12.441788"><ele>130.0</ele></rtept><rtept lat="57.504313" lon="12.44181"><ele>130.4</ele></rtept><rtept lat="57.504332" lon="12.441823"><ele>130.2</ele></rtept><rtept lat="57.504358" lon="12.441855"><ele>130.4</ele></rtept><rtept lat="57.50437" lon="12.441878"><ele>130.6</ele></rtept><rtept lat="57.504397" lon="12.441912"><ele>130.4</ele></rtept><rtept lat="57.504415" lon="12.441947"><ele>130.8</ele></rtept><rtept lat="57.50444" lon="12.441977"><ele>130.6</ele></rtept><rtept lat="57.50446" lon="12.442007"><ele>130.4</ele></rtept><rtept lat="57.504492" lon="12.442033"><ele>130.6</ele></rtept><rtept lat="57.504512" lon="12.442057"><ele>130.2</ele></rtept><rtept lat="57.504537" lon="12.442065"><ele>130.6</ele></rtept><rtept lat="57.504575" lon="12.44207"><ele>130.4</ele></rtept><rtept lat="57.504613" lon="12.442082"><ele>130.2</ele></rtept><rtept lat="57.504652" lon="12.442087"><ele>130.2</ele></rtept><rtept lat="57.504683" lon="12.442077"><ele>130.0</ele></rtept><rtept lat="57.50471" lon="12.44206"><ele>130.2</ele></rtept><rtept lat="57.504728" lon="12.442053"><ele>129.8</ele></rtept><rtept lat="57.50478" lon="12.44202"><ele>129.8</ele></rtept><rtept lat="57.5048" lon="12.442002"><ele>129.4</ele></rtept><rtept lat="57.504825" lon="12.441978"><ele>129.2</ele></rtept><rtept lat="57.50485" lon="12.441948"><ele>129.2</ele></rtept><rtept lat="57.50487" lon="12.441918"><ele>128.6</ele></rtept><rtept lat="57.504895" lon="12.441888"><ele>128.4</ele></rtept><rtept lat="57.50492" lon="12.441858"><ele>128.4</ele></rtept><rtept lat="57.50494" lon="12.441833"><ele>127.8</ele></rtept><rtept lat="57.504965" lon="12.441805"><ele>127.6</ele></rtept><rtept lat="57.504992" lon="12.441778"><ele>127.6</ele></rtept><rtept lat="57.505017" lon="12.441753"><ele>127.2</ele></rtept><rtept lat="57.505055" lon="12.441717"><ele>127.2</ele></rtept><rtept lat="57.505075" lon="12.44169"><ele>126.8</ele></rtept><rtept lat="57.5051" lon="12.441658"><ele>126.2</ele></rtept><rtept lat="57.50512" lon="12.441625"><ele>126.2</ele></rtept><rtept lat="57.505152" lon="12.4416"><ele>125.6</ele></rtept><rtept lat="57.505177" lon="12.441583"><ele>125.6</ele></rtept><rtept lat="57.505215" lon="12.441577"><ele>125.2</ele></rtept><rtept lat="57.505247" lon="12.44158"><ele>124.8</ele></rtept><rtept lat="57.50528" lon="12.44159"><ele>124.8</ele></rtept><rtept lat="57.505305" lon="12.441612"><ele>124.6</ele></rtept><rtept lat="57.505323" lon="12.44166"><ele>124.8</ele></rtept><rtept lat="57.505343" lon="12.441717"><ele>124.6</ele></rtept><rtept lat="57.505368" lon="12.441775"><ele>124.6</ele></rtept><rtept lat="57.505388" lon="12.441828"><ele>124.8</ele></rtept><rtept lat="57.505407" lon="12.441883"><ele>124.6</ele></rtept><rtept lat="57.505427" lon="12.441932"><ele>125.2</ele></rtept><rtept lat="57.50544" lon="12.441982"><ele>124.8</ele></rtept><rtept lat="57.505465" lon="12.442033"><ele>125.0</ele></rtept><rtept lat="57.505478" lon="12.442078"><ele>124.8</ele></rtept><rtept lat="57.505503" lon="12.44213"><ele>124.8</ele></rtept><rtept lat="57.505522" lon="12.442172"><ele>125.2</ele></rtept><rtept lat="57.505535" lon="12.442222"><ele>124.8</ele></rtept><rtept lat="57.505555" lon="12.442272"><ele>125.4</ele></rtept><rtept lat="57.505567" lon="12.44232"><ele>125.2</ele></rtept><rtept lat="57.505587" lon="12.44237"><ele>125.2</ele></rtept><rtept lat="57.505593" lon="12.442418"><ele>125.2</ele></rtept><rtept lat="57.505605" lon="12.442468"><ele>125.2</ele></rtept><rtept lat="57.505618" lon="12.442515"><ele>125.4</ele></rtept><rtept lat="57.505632" lon="12.442567"><ele>125.2</ele></rtept><rtept lat="57.50565" lon="12.44262"><ele>125.4</ele></rtept><rtept lat="57.50567" lon="12.442663"><ele>125.2</ele></rtept><rtept lat="57.505682" lon="12.442708"><ele>125.2</ele></rtept><rtept lat="57.505695" lon="12.442753"><ele>125.6</ele></rtept><rtept lat="57.505715" lon="12.442805"><ele>125.2</ele></rtept><rtept lat="57.505727" lon="12.442852"><ele>125.2</ele></rtept><rtept lat="57.505747" lon="12.4429"><ele>125.2</ele></rtept><rtept lat="57.50576" lon="12.442945"><ele>124.8</ele></rtept><rtept lat="57.505772" lon="12.44298"><ele>125.0</ele></rtept><rtept lat="57.505792" lon="12.443017"><ele>124.6</ele></rtept><rtept lat="57.50581" lon="12.443058"><ele>124.4</ele></rtept><rtept lat="57.505823" lon="12.443097"><ele>124.4</ele></rtept><rtept lat="57.505842" lon="12.443135"><ele>124.0</ele></rtept><rtept lat="57.505868" lon="12.443175"><ele>123.4</ele></rtept><rtept lat="57.505893" lon="12.443218"><ele>123.4</ele></rtept><rtept lat="57.505913" lon="12.443262"><ele>122.8</ele></rtept><rtept lat="57.505932" lon="12.443307"><ele>122.6</ele></rtept><rtept lat="57.505945" lon="12.443347"><ele>122.6</ele></rtept><rtept lat="57.50597" lon="12.443388"><ele>122.0</ele></rtept><rtept lat="57.50599" lon="12.443432"><ele>122.0</ele></rtept><rtept lat="57.506008" lon="12.443472"><ele>121.4</ele></rtept><rtept lat="57.506028" lon="12.443505"><ele>120.8</ele></rtept><rtept lat="57.506047" lon="12.443542"><ele>120.6</ele></rtept><rtept lat="57.506073" lon="12.44358"><ele>120.0</ele></rtept><rtept lat="57.506092" lon="12.443612"><ele>120.0</ele></rtept><rtept lat="57.506112" lon="12.44365"><ele>119.4</ele></rtept><rtept lat="57.506143" lon="12.443683"><ele>119.2</ele></rtept><rtept lat="57.506168" lon="12.443723"><ele>119.2</ele></rtept><rtept lat="57.5062" lon="12.44377"><ele>118.6</ele></rtept><rtept lat="57.50622" lon="12.443818"><ele>118.8</ele></rtept><rtept lat="57.506245" lon="12.443868"><ele>118.2</ele></rtept><rtept lat="57.506265" lon="12.443913"><ele>118.0</ele></rtept><rtept lat="57.506283" lon="12.44396"><ele>118.2</ele></rtept><rtept lat="57.50631" lon="12.444007"><ele>117.8</ele></rtept><rtept lat="57.506328" lon="12.444053"><ele>118.2</ele></rtept><rtept lat="57.506355" lon="12.444097"><ele>117.6</ele></rtept><rtept lat="57.50638" lon="12.444133"><ele>117.8</ele></rtept><rtept lat="57.506405" lon="12.444173"><ele>117.6</ele></rtept><rtept lat="57.506418" lon="12.444205"><ele>117.2</ele></rtept><rtept lat="57.50645" lon="12.444258"><ele>117.6</ele></rtept><rtept lat="57.50647" lon="12.4443"><ele>117.4</ele></rtept><rtept lat="57.506495" lon="12.44434"><ele>117.8</ele></rtept><rtept lat="57.506508" lon="12.444385"><ele>117.2</ele></rtept><rtept lat="57.506527" lon="12.444425"><ele>117.6</ele></rtept><rtept lat="57.506547" lon="12.444465"><ele>117.6</ele></rtept><rtept lat="57.506565" lon="12.4445"><ele>117.6</ele></rtept><rtept lat="57.506578" lon="12.444528"><ele>117.8</ele></rtept><rtept lat="57.506598" lon="12.444558"><ele>117.8</ele></rtept><rtept lat="57.506617" lon="12.444588"><ele>118.2</ele></rtept><rtept lat="57.506637" lon="12.444615"><ele>118.0</ele></rtept><rtept lat="57.506655" lon="12.444647"><ele>118.6</ele></rtept><rtept lat="57.506668" lon="12.444678"><ele>118.4</ele></rtept><rtept lat="57.506693" lon="12.444707"><ele>118.4</ele></rtept><rtept lat="57.506713" lon="12.444737"><ele>118.6</ele></rtept><rtept lat="57.506738" lon="12.444773"><ele>118.6</ele></rtept><rtept lat="57.506752" lon="12.444817"><ele>119.0</ele></rtept><rtept lat="57.506763" lon="12.444858"><ele>118.8</ele></rtept><rtept lat="57.506777" lon="12.44491"><ele>118.6</ele></rtept><rtept lat="57.50679" lon="12.444958"><ele>119.0</ele></rtept><rtept lat="57.506802" lon="12.444998"><ele>118.4</ele></rtept><rtept lat="57.506822" lon="12.44504"><ele>118.2</ele></rtept><rtept lat="57.506835" lon="12.44509"><ele>118.0</ele></rtept><rtept lat="57.506847" lon="12.445145"><ele>117.6</ele></rtept><rtept lat="57.506853" lon="12.445197"><ele>117.8</ele></rtept><rtept lat="57.506867" lon="12.44524"><ele>117.4</ele></rtept><rtept lat="57.50688" lon="12.445282"><ele>116.8</ele></rtept><rtept lat="57.506885" lon="12.445322"><ele>117.0</ele></rtept><rtept lat="57.506905" lon="12.445362"><ele>116.4</ele></rtept><rtept lat="57.506918" lon="12.445393"><ele>116.2</ele></rtept><rtept lat="57.506937" lon="12.445423"><ele>116.2</ele></rtept><rtept lat="57.506957" lon="12.445453"><ele>115.8</ele></rtept><rtept lat="57.506975" lon="12.445477"><ele>116.0</ele></rtept><rtept lat="57.506995" lon="12.445502"><ele>115.6</ele></rtept><rtept lat="57.50702" lon="12.445522"><ele>115.4</ele></rtept><rtept lat="57.50704" lon="12.445547"><ele>115.4</ele></rtept><rtept lat="57.507065" lon="12.445562"><ele>115.0</ele></rtept><rtept lat="57.507083" lon="12.44558"><ele>115.2</ele></rtept><rtept lat="57.507103" lon="12.445598"><ele>114.8</ele></rtept><rtept lat="57.507135" lon="12.445612"><ele>114.6</ele></rtept><rtept lat="57.50716" lon="12.445632"><ele>114.6</ele></rtept><rtept lat="57.507193" lon="12.445655"><ele>114.2</ele></rtept><rtept lat="57.507218" lon="12.445678"><ele>114.2</ele></rtept><rtept lat="57.50725" lon="12.4457"><ele>114.0</ele></rtept><rtept lat="57.507277" lon="12.44572"><ele>114.0</ele></rtept><rtept lat="57.507315" lon="12.44575"><ele>114.0</ele></rtept><rtept lat="57.50734" lon="12.445775"><ele>113.6</ele></rtept><rtept lat="57.507372" lon="12.445797"><ele>113.6</ele></rtept><rtept lat="57.50741" lon="12.44583"><ele>113.4</ele></rtept><rtept lat="57.507437" lon="12.445863"><ele>113.4</ele></rtept><rtept lat="57.507475" lon="12.445903"><ele>113.2</ele></rtept><rtept lat="57.5075" lon="12.44594"><ele>113.2</ele></rtept><rtept lat="57.507525" lon="12.445982"><ele>113.0</ele></rtept><rtept lat="57.507552" lon="12.44602"><ele>112.8</ele></rtept><rtept lat="57.507583" lon="12.44605"><ele>112.6</ele></rtept><rtept lat="57.507608" lon="12.446088"><ele>112.4</ele></rtept><rtept lat="57.507635" lon="12.446128"><ele>112.4</ele></rtept><rtept lat="57.50764" lon="12.44618"><ele>112.2</ele></rtept><rtept lat="57.507647" lon="12.446233"><ele>111.8</ele></rtept><rtept lat="57.50764" lon="12.446285"><ele>112.0</ele></rtept><rtept lat="57.507635" lon="12.446325"><ele>111.8</ele></rtept><rtept lat="57.507622" lon="12.446365"><ele>111.8</ele></rtept><rtept lat="57.507602" lon="12.446405"><ele>111.6</ele></rtept><rtept lat="57.507577" lon="12.446442"><ele>111.2</ele></rtept><rtept lat="57.507558" lon="12.446477"><ele>111.4</ele></rtept><rtept lat="57.507538" lon="12.446518"><ele>111.4</ele></rtept><rtept lat="57.507532" lon="12.446583"><ele>111.6</ele></rtept><rtept lat="57.507513" lon="12.446628"><ele>111.8</ele></rtept><rtept lat="57.5075" lon="12.44666"><ele>111.8</ele></rtept><rtept lat="57.507493" lon="12.446702"><ele>112.0</ele></rtept><rtept lat="57.50748" lon="12.446738"><ele>112.4</ele></rtept><rtept lat="57.507462" lon="12.446767"><ele>112.4</ele></rtept><rtept lat="57.507442" lon="12.446793"><ele>112.2</ele></rtept><rtept lat="57.507423" lon="12.446828"><ele>112.4</ele></rtept><rtept lat="57.50741" lon="12.446858"><ele>112.2</ele></rtept><rtept lat="57.507392" lon="12.446887"><ele>112.6</ele></rtept><rtept lat="57.507372" lon="12.446913"><ele>112.8</ele></rtept><rtept lat="57.507353" lon="12.44694"><ele>112.6</ele></rtept><rtept lat="57.507333" lon="12.446967"><ele>113.0</ele></rtept><rtept lat="57.507315" lon="12.447"><ele>112.6</ele></rtept><rtept lat="57.507302" lon="12.447045"><ele>112.6</ele></rtept><rtept lat="57.507295" lon="12.447095"><ele>112.6</ele></rtept><rtept lat="57.507282" lon="12.447147"><ele>112.4</ele></rtept><rtept lat="57.507282" lon="12.4472"><ele>112.6</ele></rtept><rtept lat="57.507288" lon="12.447263"><ele>112.2</ele></rtept><rtept lat="57.507288" lon="12.44732"><ele>112.4</ele></rtept><rtept lat="57.507282" lon="12.44737"><ele>112.6</ele></rtept><rtept lat="57.507277" lon="12.447428"><ele>112.4</ele></rtept><rtept lat="57.50727" lon="12.447482"><ele>112.6</ele></rtept><rtept lat="57.507257" lon="12.44754"><ele>112.2</ele></rtept><rtept lat="57.507243" lon="12.447597"><ele>112.2</ele></rtept><rtept lat="57.507232" lon="12.447643"><ele>112.4</ele></rtept><rtept lat="57.5072" lon="12.44769"><ele>112.0</ele></rtept><rtept lat="57.507173" lon="12.447725"><ele>112.2</ele></rtept><rtept lat="57.507142" lon="12.447758"><ele>111.8</ele></rtept><rtept lat="57.507097" lon="12.447787"><ele>112.2</ele></rtept><rtept lat="57.507052" lon="12.447817"><ele>111.8</ele></rtept><rtept lat="57.507013" lon="12.44783"><ele>111.6</ele></rtept><rtept lat="57.506982" lon="12.44784"><ele>112.0</ele></rtept><rtept lat="57.506943" lon="12.447865"><ele>111.8</ele></rtept><rtept lat="57.506912" lon="12.44789"><ele>112.6</ele></rtept><rtept lat="57.50688" lon="12.447912"><ele>112.2</ele></rtept><rtept lat="57.506847" lon="12.447932"><ele>112.6</ele></rtept><rtept lat="57.506822" lon="12.44795"><ele>112.4</ele></rtept><rtept lat="57.506802" lon="12.44796"><ele>112.2</ele></rtept><rtept lat="57.506783" lon="12.447977"><ele>112.6</ele></rtept><rtept lat="57.506758" lon="12.448003"><ele>112.2</ele></rtept><rtept lat="57.506725" lon="12.448022"><ele>112.8</ele></rtept><rtept lat="57.506693" lon="12.448048"><ele>112.8</ele></rtept><rtept lat="57.506668" lon="12.448068"><ele>113.0</ele></rtept><rtept lat="57.506642" lon="12.448102"><ele>113.0</ele></rtept><rtept lat="57.506617" lon="12.448135"><ele>113.0</ele></rtept><rtept lat="57.506585" lon="12.448163"><ele>113.4</ele></rtept><rtept lat="57.506547" lon="12.448188"><ele>113.4</ele></rtept><rtept lat="57.50652" lon="12.448207"><ele>113.8</ele></rtept><rtept lat="57.506495" lon="12.448222"><ele>113.6</ele></rtept><rtept lat="57.50647" lon="12.44824"><ele>114.0</ele></rtept><rtept lat="57.506443" lon="12.448263"><ele>114.0</ele></rtept><rtept lat="57.506418" lon="12.448282"><ele>113.8</ele></rtept><rtept lat="57.506387" lon="12.44832"><ele>114.2</ele></rtept><rtept lat="57.506342" lon="12.448365"><ele>114.2</ele></rtept><rtept lat="57.50631" lon="12.448392"><ele>114.8</ele></rtept><rtept lat="57.506283" lon="12.44842"><ele>114.6</ele></rtept><rtept lat="57.506258" lon="12.448438"><ele>114.8</ele></rtept><rtept lat="57.506227" lon="12.448458"><ele>115.0</ele></rtept><rtept lat="57.506195" lon="12.448475"><ele>114.8</ele></rtept><rtept lat="57.506168" lon="12.448485"><ele>115.4</ele></rtept><rtept lat="57.506137" lon="12.448507"><ele>115.0</ele></rtept><rtept lat="57.506112" lon="12.448535"><ele>115.2</ele></rtept><rtept lat="57.506078" lon="12.44856"><ele>115.0</ele></rtept><rtept lat="57.506047" lon="12.448592"><ele>114.8</ele></rtept><rtept lat="57.506015" lon="12.448605"><ele>115.0</ele></rtept><rtept lat="57.505983" lon="12.44863"><ele>114.8</ele></rtept><rtept lat="57.505952" lon="12.44865"><ele>115.4</ele></rtept><rtept lat="57.505925" lon="12.448663"><ele>115.2</ele></rtept><rtept lat="57.505893" lon="12.448673"><ele>115.2</ele></rtept><rtept lat="57.505868" lon="12.448675"><ele>115.2</ele></rtept><rtept lat="57.505837" lon="12.448688"><ele>115.0</ele></rtept><rtept lat="57.505803" lon="12.44871"><ele>115.4</ele></rtept><rtept lat="57.505778" lon="12.448733"><ele>115.0</ele></rtept><rtept lat="57.505747" lon="12.448755"><ele>115.4</ele></rtept><rtept lat="57.505715" lon="12.448778"><ele>115.0</ele></rtept><rtept lat="57.505688" lon="12.448802"><ele>114.8</ele></rtept><rtept lat="57.505663" lon="12.448808"><ele>115.0</ele></rtept><rtept lat="57.505632" lon="12.448815"><ele>114.6</ele></rtept><rtept lat="57.505605" lon="12.448825"><ele>115.2</ele></rtept><rtept lat="57.50558" lon="12.44884"><ele>114.8</ele></rtept><rtept lat="57.505548" lon="12.448855"><ele>115.2</ele></rtept><rtept lat="57.505517" lon="12.448878"><ele>115.0</ele></rtept><rtept lat="57.50549" lon="12.448898"><ele>115.0</ele></rtept><rtept lat="57.505458" lon="12.448915"><ele>115.0</ele></rtept><rtept lat="57.505427" lon="12.448943"><ele>114.6</ele></rtept><rtept lat="57.5054" lon="12.448967"><ele>115.0</ele></rtept><rtept lat="57.505368" lon="12.448993"><ele>114.6</ele></rtept><rtept lat="57.505337" lon="12.449007"><ele>115.0</ele></rtept><rtept lat="57.505312" lon="12.449023"><ele>114.8</ele></rtept><rtept lat="57.50528" lon="12.449047"><ele>114.8</ele></rtept><rtept lat="57.505247" lon="12.44906"><ele>115.0</ele></rtept><rtept lat="57.505228" lon="12.449073"><ele>114.6</ele></rtept><rtept lat="57.505202" lon="12.449092"><ele>115.2</ele></rtept><rtept lat="57.50519" lon="12.449117"><ele>114.8</ele></rtept><rtept lat="57.505183" lon="12.449152"><ele>115.4</ele></rtept><rtept lat="57.505183" lon="12.449195"><ele>114.8</ele></rtept><rtept lat="57.50519" lon="12.44924"><ele>115.2</ele></rtept><rtept lat="57.505202" lon="12.449275"><ele>115.0</ele></rtept><rtept lat="57.505208" lon="12.449307"><ele>114.8</ele></rtept><rtept lat="57.505208" lon="12.449345"><ele>115.4</ele></rtept><rtept lat="57.505202" lon="12.449395"><ele>115.0</ele></rtept><rtept lat="57.50519" lon="12.44944"><ele>115.4</ele></rtept><rtept lat="57.505183" lon="12.449488"><ele>115.2</ele></rtept><rtept lat="57.50517" lon="12.449535"><ele>114.8</ele></rtept><rtept lat="57.505163" lon="12.44958"><ele>115.0</ele></rtept><rtept lat="57.505158" lon="12.449628"><ele>114.8</ele></rtept><rtept lat="57.505145" lon="12.449672"><ele>115.4</ele></rtept><rtept lat="57.505132" lon="12.44972"><ele>115.0</ele></rtept><rtept lat="57.50512" lon="12.449768"><ele>115.2</ele></rtept><rtept lat="57.505107" lon="12.44983"><ele>115.2</ele></rtept><rtept lat="57.505087" lon="12.449878"><ele>115.0</ele></rtept><rtept lat="57.505075" lon="12.44993"><ele>115.4</ele></rtept><rtept lat="57.505055" lon="12.449975"><ele>115.0</ele></rtept><rtept lat="57.505037" lon="12.450017"><ele>115.4</ele></rtept><rtept lat="57.505023" lon="12.450045"><ele>115.2</ele></rtept><rtept lat="57.50501" lon="12.450083"><ele>115.6</ele></rtept><rtept lat="57.504998" lon="12.450123"><ele>115.4</ele></rtept><rtept lat="57.504985" lon="12.450168"><ele>115.2</ele></rtept><rtept lat="57.504972" lon="12.450215"><ele>115.6</ele></rtept><rtept lat="57.504953" lon="12.450262"><ele>115.2</ele></rtept><rtept lat="57.50494" lon="12.450312"><ele>116.0</ele></rtept><rtept lat="57.50492" lon="12.450363"><ele>115.6</ele></rtept><rtept lat="57.504908" lon="12.450412"><ele>116.0</ele></rtept><rtept lat="57.504888" lon="12.45046"><ele>115.8</ele></rtept><rtept lat="57.504877" lon="12.450507"><ele>115.8</ele></rtept><rtept lat="57.504857" lon="12.450555"><ele>116.2</ele></rtept><rtept lat="57.504838" lon="12.450605"><ele>115.8</ele></rtept><rtept lat="57.504832" lon="12.450657"><ele>116.6</ele></rtept><rtept lat="57.504818" lon="12.450712"><ele>116.0</ele></rtept><rtept lat="57.504805" lon="12.450763"><ele>116.4</ele></rtept><rtept lat="57.5048" lon="12.45082"><ele>116.2</ele></rtept><rtept lat="57.5048" lon="12.450868"><ele>115.8</ele></rtept><rtept lat="57.504805" lon="12.450908"><ele>116.2</ele></rtept><rtept lat="57.504818" lon="12.450942"><ele>116.0</ele></rtept><rtept lat="57.504838" lon="12.450975"><ele>116.4</ele></rtept><rtept lat="57.504857" lon="12.451012"><ele>116.2</ele></rtept><rtept lat="57.504888" lon="12.451047"><ele>115.8</ele></rtept><rtept lat="57.504908" lon="12.451082"><ele>116.0</ele></rtept><rtept lat="57.50494" lon="12.45112"><ele>115.6</ele></rtept><rtept lat="57.504965" lon="12.451153"><ele>115.8</ele></rtept><rtept lat="57.504992" lon="12.451192"><ele>115.4</ele></rtept><rtept lat="57.505017" lon="12.451225"><ele>115.0</ele></rtept><rtept lat="57.505042" lon="12.45126"><ele>115.0</ele></rtept><rtept lat="57.505075" lon="12.451298"><ele>114.8</ele></rtept><rtept lat="57.505093" lon="12.451337"><ele>115.0</ele></rtept><rtept lat="57.50512" lon="12.451377"><ele>114.6</ele></rtept><rtept lat="57.505145" lon="12.451417"><ele>114.8</ele></rtept><rtept lat="57.50517" lon="12.451457"><ele>114.8</ele></rtept><rtept lat="57.50519" lon="12.451497"><ele>114.4</ele></rtept><rtept lat="57.505208" lon="12.451538"><ele>114.6</ele></rtept><rtept lat="57.505228" lon="12.451575"><ele>114.6</ele></rtept><rtept lat="57.50524" lon="12.451608"><ele>115.0</ele></rtept><rtept lat="57.50526" lon="12.451643"><ele>114.6</ele></rtept><rtept lat="57.50528" lon="12.45168"><ele>114.8</ele></rtept><rtept lat="57.505292" lon="12.451715"><ele>114.8</ele></rtept><rtept lat="57.505305" lon="12.451753"><ele>114.4</ele></rtept><rtept lat="57.505318" lon="12.451787"><ele>114.8</ele></rtept><rtept lat="57.50533" lon="12.451817"><ele>114.6</ele></rtept><rtept lat="57.505357" lon="12.45188"><ele>114.8</ele></rtept><rtept lat="57.505375" lon="12.451917"><ele>114.6</ele></rtept><rtept lat="57.505395" lon="12.451957"><ele>114.8</ele></rtept><rtept lat="57.505413" lon="12.451985"><ele>114.8</ele></rtept><rtept lat="57.50544" lon="12.452012"><ele>115.2</ele></rtept><rtept lat="57.505465" lon="12.452037"><ele>114.8</ele></rtept><rtept lat="57.50549" lon="12.452052"><ele>115.0</ele></rtept><rtept lat="57.505517" lon="12.452067"><ele>115.0</ele></rtept><rtept lat="57.505548" lon="12.452075"><ele>114.8</ele></rtept><rtept lat="57.505587" lon="12.45209"><ele>115.0</ele></rtept><rtept lat="57.505618" lon="12.4521"><ele>115.0</ele></rtept><rtept lat="57.50565" lon="12.45211"><ele>115.4</ele></rtept><rtept lat="57.505682" lon="12.452117"><ele>115.2</ele></rtept><rtept lat="57.505715" lon="12.45212"><ele>115.8</ele></rtept><rtept lat="57.505747" lon="12.452115"><ele>115.6</ele></rtept><rtept lat="57.505772" lon="12.452105"><ele>115.6</ele></rtept><rtept lat="57.505803" lon="12.452097"><ele>115.8</ele></rtept><rtept lat="57.50583" lon="12.452085"><ele>115.8</ele></rtept><rtept lat="57.505855" lon="12.452077"><ele>116.2</ele></rtept><rtept lat="57.50588" lon="12.452072"><ele>115.8</ele></rtept><rtept lat="57.505913" lon="12.45206"><ele>116.0</ele></rtept><rtept lat="57.505945" lon="12.452047"><ele>116.0</ele></rtept><rtept lat="57.50597" lon="12.452032"><ele>115.8</ele></rtept><rtept lat="57.505997" lon="12.452022"><ele>116.0</ele></rtept><rtept lat="57.506028" lon="12.452012"><ele>116.0</ele></rtept><rtept lat="57.506053" lon="12.451978"><ele>116.6</ele></rtept><rtept lat="57.506085" lon="12.451982"><ele>116.2</ele></rtept><rtept lat="57.506118" lon="12.452007"><ele>116.6</ele></rtept><rtept lat="57.50615" lon="12.452022"><ele>116.4</ele></rtept><rtept lat="57.506182" lon="12.452045"><ele>116.2</ele></rtept><rtept lat="57.506213" lon="12.452063"><ele>116.8</ele></rtept><rtept lat="57.506245" lon="12.452082"><ele>116.6</ele></rtept><rtept lat="57.506265" lon="12.452095"><ele>117.0</ele></rtept><rtept lat="57.50629" lon="12.452107"><ele>117.0</ele></rtept><rtept lat="57.50631" lon="12.452123"><ele>116.6</ele></rtept><rtept lat="57.506328" lon="12.452137"><ele>116.8</ele></rtept><rtept lat="57.506355" lon="12.452157"><ele>116.8</ele></rtept><rtept lat="57.50638" lon="12.452178"><ele>117.4</ele></rtept><rtept lat="57.506405" lon="12.452203"><ele>117.0</ele></rtept><rtept lat="57.506438" lon="12.452223"><ele>117.2</ele></rtept><rtept lat="57.506463" lon="12.452243"><ele>117.0</ele></rtept><rtept lat="57.506488" lon="12.452275"><ele>116.8</ele></rtept><rtept lat="57.506515" lon="12.452283"><ele>117.2</ele></rtept><rtept lat="57.506547" lon="12.452288"><ele>117.0</ele></rtept><rtept lat="57.506572" lon="12.452285"><ele>117.6</ele></rtept><rtept lat="57.506598" lon="12.452288"><ele>117.2</ele></rtept><rtept lat="57.506623" lon="12.452298"><ele>117.6</ele></rtept><rtept lat="57.506648" lon="12.452302"><ele>117.4</ele></rtept><rtept lat="57.506668" lon="12.452303"><ele>117.4</ele></rtept><rtept lat="57.506693" lon="12.452298"><ele>117.8</ele></rtept><rtept lat="57.50672" lon="12.452302"><ele>117.6</ele></rtept><rtept lat="57.506758" lon="12.452315"><ele>118.0</ele></rtept><rtept lat="57.506783" lon="12.452328"><ele>118.0</ele></rtept><rtept lat="57.506815" lon="12.452342"><ele>117.8</ele></rtept><rtept lat="57.50684" lon="12.452355"><ele>118.2</ele></rtept><rtept lat="57.506867" lon="12.452367"><ele>118.0</ele></rtept><rtept lat="57.506898" lon="12.452375"><ele>118.4</ele></rtept><rtept lat="57.506923" lon="12.452383"><ele>118.0</ele></rtept><rtept lat="57.506943" lon="12.452388"><ele>118.2</ele></rtept><rtept lat="57.506975" lon="12.452407"><ele>118.0</ele></rtept><rtept lat="57.507" lon="12.452423"><ele>117.8</ele></rtept><rtept lat="57.507027" lon="12.452443"><ele>118.2</ele></rtept><rtept lat="57.507058" lon="12.452487"><ele>117.8</ele></rtept><rtept lat="57.507083" lon="12.452532"><ele>118.4</ele></rtept><rtept lat="57.507103" lon="12.452587"><ele>118.0</ele></rtept><rtept lat="57.507117" lon="12.45265"><ele>117.8</ele></rtept><rtept lat="57.507117" lon="12.452715"><ele>118.0</ele></rtept><rtept lat="57.507117" lon="12.452777"><ele>117.8</ele></rtept><rtept lat="57.507103" lon="12.452823"><ele>118.2</ele></rtept><rtept lat="57.507097" lon="12.452877"><ele>118.0</ele></rtept><rtept lat="57.507083" lon="12.452938"><ele>118.6</ele></rtept><rtept lat="57.507065" lon="12.452998"><ele>118.2</ele></rtept><rtept lat="57.507033" lon="12.453112"><ele>118.4</ele></rtept><rtept lat="57.507013" lon="12.453167"><ele>118.2</ele></rtept><rtept lat="57.507" lon="12.453213"><ele>118.6</ele></rtept><rtept lat="57.506988" lon="12.453252"><ele>118.4</ele></rtept><rtept lat="57.506982" lon="12.453292"><ele>118.8</ele></rtept><rtept lat="57.506975" lon="12.453335"><ele>118.6</ele></rtept><rtept lat="57.506975" lon="12.45338"><ele>118.4</ele></rtept><rtept lat="57.506982" lon="12.45344"><ele>118.6</ele></rtept><rtept lat="57.506995" lon="12.453495"><ele>118.4</ele></rtept><rtept lat="57.507" lon="12.453543"><ele>118.6</ele></rtept><rtept lat="57.507013" lon="12.453595"><ele>118.2</ele></rtept><rtept lat="57.50702" lon="12.453648"><ele>118.0</ele></rtept><rtept lat="57.507033" lon="12.453695"><ele>118.4</ele></rtept><rtept lat="57.50704" lon="12.45375"><ele>117.6</ele></rtept><rtept lat="57.507045" lon="12.453807"><ele>117.4</ele></rtept><rtept lat="57.507052" lon="12.453858"><ele>117.4</ele></rtept><rtept lat="57.507058" lon="12.453912"><ele>116.8</ele></rtept><rtept lat="57.507065" lon="12.453967"><ele>116.8</ele></rtept><rtept lat="57.507065" lon="12.454018"><ele>116.8</ele></rtept><rtept lat="57.507078" lon="12.454075"><ele>116.2</ele></rtept><rtept lat="57.507078" lon="12.454132"><ele>116.2</ele></rtept><rtept lat="57.50709" lon="12.454195"><ele>115.6</ele></rtept><rtept lat="57.507103" lon="12.454252"><ele>115.0</ele></rtept><rtept lat="57.507117" lon="12.45431"><ele>115.2</ele></rtept><rtept lat="57.507128" lon="12.454365"><ele>114.2</ele></rtept><rtept lat="57.507142" lon="12.454418"><ele>114.4</ele></rtept><rtept lat="57.507155" lon="12.45447"><ele>114.0</ele></rtept><rtept lat="57.50718" lon="12.454517"><ele>113.6</ele></rtept><rtept lat="57.507193" lon="12.45456"><ele>113.8</ele></rtept><rtept lat="57.507205" lon="12.4546"><ele>113.2</ele></rtept><rtept lat="57.507218" lon="12.454638"><ele>113.2</ele></rtept><rtept lat="57.507232" lon="12.454677"><ele>113.4</ele></rtept><rtept lat="57.507238" lon="12.454718"><ele>112.8</ele></rtept><rtept lat="57.507243" lon="12.45476"><ele>112.6</ele></rtept><rtept lat="57.507257" lon="12.454805"><ele>112.4</ele></rtept><rtept lat="57.507263" lon="12.454855"><ele>112.0</ele></rtept><rtept lat="57.50727" lon="12.4549"><ele>112.0</ele></rtept><rtept lat="57.507277" lon="12.45495"><ele>111.6</ele></rtept><rtept lat="57.507282" lon="12.454995"><ele>111.0</ele></rtept><rtept lat="57.507288" lon="12.45504"><ele>111.0</ele></rtept><rtept lat="57.507302" lon="12.455088"><ele>110.4</ele></rtept><rtept lat="57.507315" lon="12.45514"><ele>110.6</ele></rtept><rtept lat="57.507315" lon="12.455183"><ele>110.2</ele></rtept><rtept lat="57.50732" lon="12.455232"><ele>109.8</ele></rtept><rtept lat="57.50732" lon="12.45528"><ele>110.0</ele></rtept><rtept lat="57.50732" lon="12.455327"><ele>109.4</ele></rtept><rtept lat="57.50732" lon="12.455373"><ele>109.6</ele></rtept><rtept lat="57.50732" lon="12.455425"><ele>109.4</ele></rtept><rtept lat="57.507327" lon="12.45549"><ele>109.0</ele></rtept><rtept lat="57.507333" lon="12.455547"><ele>109.4</ele></rtept><rtept lat="57.50734" lon="12.45561"><ele>108.8</ele></rtept><rtept lat="57.507353" lon="12.45568"><ele>108.6</ele></rtept><rtept lat="57.507353" lon="12.455743"><ele>108.6</ele></rtept><rtept lat="57.507358" lon="12.455798"><ele>108.2</ele></rtept><rtept lat="57.507372" lon="12.455848"><ele>108.4</ele></rtept><rtept lat="57.507385" lon="12.455902"><ele>108.0</ele></rtept><rtept lat="57.507392" lon="12.455947"><ele>107.6</ele></rtept><rtept lat="57.507392" lon="12.455993"><ele>107.6</ele></rtept><rtept lat="57.507385" lon="12.456047"><ele>107.2</ele></rtept><rtept lat="57.507385" lon="12.4561"><ele>107.4</ele></rtept><rtept lat="57.507385" lon="12.456158"><ele>107.2</ele></rtept><rtept lat="57.507385" lon="12.456215"><ele>107.2</ele></rtept><rtept lat="57.507385" lon="12.45627"><ele>107.6</ele></rtept><rtept lat="57.507392" lon="12.45632"><ele>107.2</ele></rtept><rtept lat="57.507392" lon="12.456375"><ele>107.4</ele></rtept><rtept lat="57.507398" lon="12.456437"><ele>107.2</ele></rtept><rtept lat="57.507398" lon="12.456498"><ele>107.0</ele></rtept><rtept lat="57.507403" lon="12.456562"><ele>106.8</ele></rtept><rtept lat="57.507403" lon="12.456627"><ele>106.4</ele></rtept><rtept lat="57.507403" lon="12.456693"><ele>106.4</ele></rtept><rtept lat="57.507398" lon="12.456758"><ele>105.8</ele></rtept><rtept lat="57.507398" lon="12.45682"><ele>105.6</ele></rtept><rtept lat="57.507392" lon="12.456887"><ele>105.4</ele></rtept><rtept lat="57.507385" lon="12.456952"><ele>104.8</ele></rtept><rtept lat="57.507385" lon="12.457017"><ele>105.2</ele></rtept><rtept lat="57.507378" lon="12.45708"><ele>104.8</ele></rtept><rtept lat="57.507378" lon="12.45714"><ele>105.2</ele></rtept><rtept lat="57.507378" lon="12.457218"><ele>104.8</ele></rtept><rtept lat="57.507385" lon="12.457288"><ele>105.2</ele></rtept><rtept lat="57.507392" lon="12.457343"><ele>104.8</ele></rtept><rtept lat="57.507403" lon="12.457397"><ele>105.2</ele></rtept><rtept lat="57.50743" lon="12.457433"><ele>104.6</ele></rtept><rtept lat="57.507448" lon="12.457458"><ele>105.0</ele></rtept><rtept lat="57.507468" lon="12.457478"><ele>104.6</ele></rtept><rtept lat="57.507493" lon="12.4575"><ele>104.2</ele></rtept><rtept lat="57.507525" lon="12.457518"><ele>104.4</ele></rtept><rtept lat="57.507552" lon="12.457538"><ele>104.4</ele></rtept><rtept lat="57.50759" lon="12.457558"><ele>104.6</ele></rtept><rtept lat="57.507615" lon="12.457577"><ele>104.4</ele></rtept><rtept lat="57.507647" lon="12.457585"><ele>104.8</ele></rtept><rtept lat="57.50768" lon="12.457602"><ele>104.6</ele></rtept><rtept lat="57.507712" lon="12.457625"><ele>104.4</ele></rtept><rtept lat="57.507743" lon="12.457647"><ele>104.8</ele></rtept><rtept lat="57.507775" lon="12.457672"><ele>104.6</ele></rtept><rtept lat="57.507807" lon="12.4577"><ele>104.8</ele></rtept><rtept lat="57.507833" lon="12.45774"><ele>105.0</ele></rtept><rtept lat="57.507852" lon="12.457777"><ele>105.0</ele></rtept><rtept lat="57.507872" lon="12.45782"><ele>105.0</ele></rtept><rtept lat="57.50789" lon="12.457863"><ele>104.8</ele></rtept><rtept lat="57.50791" lon="12.457908"><ele>105.2</ele></rtept><rtept lat="57.507928" lon="12.457955"><ele>105.0</ele></rtept><rtept lat="57.507948" lon="12.458"><ele>105.0</ele></rtept><rtept lat="57.507967" lon="12.458047"><ele>104.8</ele></rtept><rtept lat="57.507973" lon="12.4581"><ele>104.2</ele></rtept><rtept lat="57.50798" lon="12.45814"><ele>104.6</ele></rtept><rtept lat="57.507987" lon="12.458193"><ele>104.2</ele></rtept><rtept lat="57.507993" lon="12.458238"><ele>104.2</ele></rtept><rtept lat="57.508005" lon="12.458278"><ele>104.2</ele></rtept><rtept lat="57.508018" lon="12.45832"><ele>103.8</ele></rtept><rtept lat="57.508025" lon="12.458362"><ele>104.2</ele></rtept><rtept lat="57.50805" lon="12.458403"><ele>103.8</ele></rtept><rtept lat="57.50807" lon="12.458443"><ele>103.6</ele></rtept><rtept lat="57.508095" lon="12.458483"><ele>103.8</ele></rtept><rtept lat="57.508108" lon="12.458535"><ele>103.4</ele></rtept><rtept lat="57.508127" lon="12.458585"><ele>103.4</ele></rtept><rtept lat="57.50814" lon="12.458628"><ele>103.6</ele></rtept><rtept lat="57.508153" lon="12.458682"><ele>103.2</ele></rtept><rtept lat="57.50816" lon="12.45874"><ele>103.6</ele></rtept><rtept lat="57.508165" lon="12.458787"><ele>103.2</ele></rtept><rtept lat="57.508172" lon="12.458823"><ele>102.8</ele></rtept><rtept lat="57.508178" lon="12.458857"><ele>103.2</ele></rtept><rtept lat="57.508192" lon="12.458888"><ele>102.8</ele></rtept><rtept lat="57.508198" lon="12.458927"><ele>103.2</ele></rtept><rtept lat="57.50821" lon="12.458958"><ele>102.8</ele></rtept><rtept lat="57.508217" lon="12.458992"><ele>102.4</ele></rtept><rtept lat="57.50823" lon="12.45903"><ele>102.6</ele></rtept><rtept lat="57.508242" lon="12.459065"><ele>102.2</ele></rtept><rtept lat="57.508262" lon="12.459098"><ele>102.4</ele></rtept><rtept lat="57.50828" lon="12.459157"><ele>102.2</ele></rtept><rtept lat="57.508293" lon="12.459205"><ele>101.8</ele></rtept><rtept lat="57.508313" lon="12.45925"><ele>102.2</ele></rtept><rtept lat="57.508325" lon="12.4593"><ele>101.6</ele></rtept><rtept lat="57.508345" lon="12.459335"><ele>101.6</ele></rtept><rtept lat="57.508363" lon="12.459373"><ele>101.6</ele></rtept><rtept lat="57.50839" lon="12.459413"><ele>101.2</ele></rtept><rtept lat="57.508415" lon="12.459442"><ele>101.4</ele></rtept><rtept lat="57.508435" lon="12.459477"><ele>101.0</ele></rtept><rtept lat="57.508467" lon="12.459517"><ele>100.6</ele></rtept><rtept lat="57.508505" lon="12.459557"><ele>100.8</ele></rtept><rtept lat="57.50855" lon="12.459607"><ele>100.2</ele></rtept><rtept lat="57.508582" lon="12.459652"><ele>100.2</ele></rtept><rtept lat="57.508613" lon="12.459697"><ele>100.4</ele></rtept><rtept lat="57.508645" lon="12.45974"><ele>99.8</ele></rtept><rtept lat="57.508683" lon="12.459775"><ele>100.2</ele></rtept><rtept lat="57.508717" lon="12.459798"><ele>99.6</ele></rtept><rtept lat="57.508748" lon="12.459815"><ele>99.2</ele></rtept><rtept lat="57.50878" lon="12.459772"><ele>99.2</ele></rtept><rtept lat="57.508818" lon="12.45976"><ele>98.8</ele></rtept><rtept lat="57.50885" lon="12.459778"><ele>99.2</ele></rtept><rtept lat="57.508895" lon="12.459798"><ele>98.8</ele></rtept><rtept lat="57.50894" lon="12.459823"><ele>98.6</ele></rtept><rtept lat="57.508985" lon="12.459843"><ele>98.8</ele></rtept><rtept lat="57.50903" lon="12.45986"><ele>98.2</ele></rtept><rtept lat="57.50908" lon="12.459863"><ele>97.8</ele></rtept><rtept lat="57.509132" lon="12.459877"><ele>97.6</ele></rtept><rtept lat="57.509177" lon="12.459905"><ele>97.0</ele></rtept><rtept lat="57.509222" lon="12.459955"><ele>97.0</ele></rtept><rtept lat="57.509273" lon="12.460002"><ele>96.8</ele></rtept><rtept lat="57.509318" lon="12.460082"><ele>96.2</ele></rtept><rtept lat="57.509375" lon="12.460168"><ele>96.4</ele></rtept><rtept lat="57.5094" lon="12.460198"><ele>95.6</ele></rtept><rtept lat="57.50942" lon="12.460213"><ele>94.6</ele></rtept><rtept lat="57.509433" lon="12.46024"><ele>94.4</ele></rtept><rtept lat="57.509458" lon="12.46026"><ele>94.2</ele></rtept><rtept lat="57.509483" lon="12.460267"><ele>93.4</ele></rtept><rtept lat="57.509522" lon="12.460277"><ele>93.2</ele></rtept><rtept lat="57.509548" lon="12.460282"><ele>93.0</ele></rtept><rtept lat="57.509573" lon="12.460297"><ele>93.4</ele></rtept><rtept lat="57.509593" lon="12.460313"><ele>92.8</ele></rtept><rtept lat="57.509618" lon="12.46033"><ele>93.0</ele></rtept><rtept lat="57.509638" lon="12.460338"><ele>92.8</ele></rtept><rtept lat="57.509663" lon="12.460357"><ele>92.4</ele></rtept><rtept lat="57.509688" lon="12.460367"><ele>92.8</ele></rtept><rtept lat="57.509715" lon="12.46038"><ele>92.2</ele></rtept><rtept lat="57.50974" lon="12.460385"><ele>92.4</ele></rtept><rtept lat="57.509772" lon="12.460392"><ele>92.2</ele></rtept><rtept lat="57.509798" lon="12.460395"><ele>91.8</ele></rtept><rtept lat="57.509823" lon="12.460402"><ele>92.2</ele></rtept><rtept lat="57.509842" lon="12.46042"><ele>92.0</ele></rtept><rtept lat="57.509868" lon="12.460452"><ele>92.6</ele></rtept><rtept lat="57.509893" lon="12.46048"><ele>92.4</ele></rtept><rtept lat="57.50992" lon="12.460507"><ele>92.6</ele></rtept><rtept lat="57.509938" lon="12.46052"><ele>93.0</ele></rtept><rtept lat="57.509963" lon="12.460552"><ele>92.8</ele></rtept><rtept lat="57.50999" lon="12.46058"><ele>93.2</ele></rtept><rtept lat="57.510015" lon="12.46061"><ele>93.0</ele></rtept><rtept lat="57.510028" lon="12.460635"><ele>93.4</ele></rtept><rtept lat="57.510047" lon="12.460675"><ele>93.0</ele></rtept><rtept lat="57.51006" lon="12.460705"><ele>92.8</ele></rtept><rtept lat="57.51008" lon="12.460735"><ele>93.4</ele></rtept><rtept lat="57.510098" lon="12.46075"><ele>93.2</ele></rtept><rtept lat="57.510118" lon="12.460758"><ele>93.6</ele></rtept><rtept lat="57.510137" lon="12.460807"><ele>93.2</ele></rtept><rtept lat="57.510143" lon="12.46084"><ele>93.6</ele></rtept><rtept lat="57.510162" lon="12.460873"><ele>93.6</ele></rtept><rtept lat="57.510195" lon="12.460923"><ele>94.2</ele></rtept><rtept lat="57.510213" lon="12.46096"><ele>94.0</ele></rtept><rtept lat="57.51024" lon="12.460988"><ele>94.2</ele></rtept><rtept lat="57.510258" lon="12.46102"><ele>94.4</ele></rtept><rtept lat="57.510278" lon="12.46105"><ele>94.2</ele></rtept><rtept lat="57.510297" lon="12.461092"><ele>94.8</ele></rtept><rtept lat="57.51031" lon="12.461135"><ele>94.6</ele></rtept><rtept lat="57.510335" lon="12.461197"><ele>94.8</ele></rtept><rtept lat="57.510355" lon="12.461227"><ele>94.6</ele></rtept><rtept lat="57.510367" lon="12.461263"><ele>94.8</ele></rtept><rtept lat="57.510387" lon="12.4613"><ele>94.6</ele></rtept><rtept lat="57.510405" lon="12.461328"><ele>94.4</ele></rtept><rtept lat="57.510425" lon="12.46137"><ele>94.8</ele></rtept><rtept lat="57.510438" lon="12.461405"><ele>94.6</ele></rtept><rtept lat="57.51045" lon="12.46144"><ele>95.0</ele></rtept><rtept lat="57.510457" lon="12.461475"><ele>94.8</ele></rtept><rtept lat="57.510477" lon="12.461508"><ele>94.8</ele></rtept><rtept lat="57.510488" lon="12.461542"><ele>95.0</ele></rtept><rtept lat="57.510508" lon="12.4616"><ele>95.6</ele></rtept><rtept lat="57.510527" lon="12.461653"><ele>95.2</ele></rtept><rtept lat="57.51054" lon="12.461698"><ele>95.8</ele></rtept><rtept lat="57.510553" lon="12.461732"><ele>95.6</ele></rtept><rtept lat="57.51056" lon="12.461765"><ele>96.0</ele></rtept><rtept lat="57.510578" lon="12.461827"><ele>96.0</ele></rtept><rtept lat="57.510592" lon="12.461865"><ele>96.6</ele></rtept><rtept lat="57.510603" lon="12.4619"><ele>96.2</ele></rtept><rtept lat="57.510617" lon="12.461932"><ele>96.4</ele></rtept><rtept lat="57.51063" lon="12.461958"><ele>96.6</ele></rtept><rtept lat="57.510648" lon="12.461988"><ele>96.4</ele></rtept><rtept lat="57.510655" lon="12.46202"><ele>97.0</ele></rtept><rtept lat="57.510668" lon="12.46206"><ele>96.8</ele></rtept><rtept lat="57.510693" lon="12.462105"><ele>97.2</ele></rtept><rtept lat="57.510707" lon="12.462133"><ele>97.2</ele></rtept><rtept lat="57.51072" lon="12.462162"><ele>97.6</ele></rtept><rtept lat="57.510738" lon="12.462187"><ele>97.2</ele></rtept><rtept lat="57.510758" lon="12.462207"><ele>97.4</ele></rtept><rtept lat="57.510808" lon="12.46226"><ele>97.2</ele></rtept><rtept lat="57.510847" lon="12.4623"><ele>97.2</ele></rtept><rtept lat="57.51088" lon="12.462333"><ele>97.8</ele></rtept><rtept lat="57.510918" lon="12.462363"><ele>97.6</ele></rtept><rtept lat="57.51095" lon="12.462388"><ele>97.8</ele></rtept><rtept lat="57.510988" lon="12.462417"><ele>97.8</ele></rtept><rtept lat="57.511033" lon="12.46244"><ele>97.8</ele></rtept><rtept lat="57.511072" lon="12.462462"><ele>98.2</ele></rtept><rtept lat="57.51111" lon="12.462495"><ele>98.0</ele></rtept><rtept lat="57.511135" lon="12.462535"><ele>98.2</ele></rtept><rtept lat="57.511167" lon="12.46258"><ele>98.4</ele></rtept><rtept lat="57.511205" lon="12.46263"><ele>98.2</ele></rtept><rtept lat="57.511232" lon="12.462677"><ele>98.6</ele></rtept><rtept lat="57.511257" lon="12.462713"><ele>98.2</ele></rtept><rtept lat="57.511282" lon="12.462738"><ele>98.0</ele></rtept><rtept lat="57.511308" lon="12.462757"><ele>98.2</ele></rtept><rtept lat="57.51134" lon="12.462775"><ele>98.2</ele></rtept><rtept lat="57.511372" lon="12.462785"><ele>98.4</ele></rtept><rtept lat="57.511398" lon="12.462793"><ele>98.2</ele></rtept><rtept lat="57.511423" lon="12.4628"><ele>97.8</ele></rtept><rtept lat="57.511448" lon="12.462803"><ele>98.0</ele></rtept><rtept lat="57.51148" lon="12.462808"><ele>97.6</ele></rtept><rtept lat="57.511507" lon="12.462815"><ele>97.2</ele></rtept><rtept lat="57.511532" lon="12.462823"><ele>97.2</ele></rtept><rtept lat="57.511558" lon="12.462835"><ele>96.8</ele></rtept><rtept lat="57.51159" lon="12.462842"><ele>96.4</ele></rtept><rtept lat="57.511622" lon="12.46285"><ele>96.4</ele></rtept><rtept lat="57.511647" lon="12.46285"><ele>95.8</ele></rtept><rtept lat="57.511678" lon="12.462848"><ele>95.2</ele></rtept><rtept lat="57.511712" lon="12.462845"><ele>95.2</ele></rtept><rtept lat="57.51175" lon="12.462843"><ele>94.4</ele></rtept><rtept lat="57.511782" lon="12.46284"><ele>93.8</ele></rtept><rtept lat="57.511807" lon="12.462835"><ele>93.8</ele></rtept><rtept lat="57.511845" lon="12.462822"><ele>93.0</ele></rtept><rtept lat="57.511872" lon="12.462813"><ele>93.0</ele></rtept><rtept lat="57.511903" lon="12.4628"><ele>92.2</ele></rtept><rtept lat="57.511942" lon="12.46278"><ele>91.8</ele></rtept><rtept lat="57.511967" lon="12.462758"><ele>92.0</ele></rtept><rtept lat="57.511993" lon="12.46273"><ele>91.4</ele></rtept><rtept lat="57.512018" lon="12.46271"><ele>91.2</ele></rtept><rtept lat="57.512043" lon="12.462703"><ele>91.0</ele></rtept><rtept lat="57.512077" lon="12.4627"><ele>90.8</ele></rtept><rtept lat="57.512108" lon="12.46269"><ele>91.2</ele></rtept><rtept lat="57.512147" lon="12.462677"><ele>90.8</ele></rtept><rtept lat="57.512185" lon="12.46267"><ele>91.0</ele></rtept><rtept lat="57.512217" lon="12.46267"><ele>90.6</ele></rtept><rtept lat="57.512255" lon="12.462677"><ele>90.2</ele></rtept><rtept lat="57.51228" lon="12.462688"><ele>90.4</ele></rtept><rtept lat="57.51232" lon="12.462703"><ele>90.2</ele></rtept><rtept lat="57.512345" lon="12.462725"><ele>90.8</ele></rtept><rtept lat="57.512377" lon="12.462748"><ele>90.2</ele></rtept><rtept lat="57.512402" lon="12.46277"><ele>90.2</ele></rtept><rtept lat="57.512435" lon="12.462788"><ele>90.2</ele></rtept><rtept lat="57.51246" lon="12.462805"><ele>90.0</ele></rtept><rtept lat="57.512498" lon="12.462822"><ele>90.4</ele></rtept><rtept lat="57.512523" lon="12.462835"><ele>90.0</ele></rtept><rtept lat="57.512543" lon="12.462828"><ele>90.4</ele></rtept><rtept lat="57.512568" lon="12.46282"><ele>90.2</ele></rtept><rtept lat="57.512595" lon="12.462822"><ele>90.6</ele></rtept><rtept lat="57.51262" lon="12.462828"><ele>90.6</ele></rtept><rtept lat="57.512652" lon="12.462838"><ele>90.6</ele></rtept><rtept lat="57.512678" lon="12.462853"><ele>91.0</ele></rtept><rtept lat="57.512703" lon="12.462865"><ele>91.0</ele></rtept><rtept lat="57.512735" lon="12.462882"><ele>91.4</ele></rtept><rtept lat="57.512755" lon="12.462902"><ele>91.4</ele></rtept><rtept lat="57.512787" lon="12.462928"><ele>91.2</ele></rtept><rtept lat="57.512818" lon="12.462958"><ele>91.4</ele></rtept><rtept lat="57.512843" lon="12.462982"><ele>91.0</ele></rtept><rtept lat="57.512863" lon="12.463"><ele>90.6</ele></rtept><rtept lat="57.512895" lon="12.463012"><ele>90.6</ele></rtept><rtept lat="57.51292" lon="12.463018"><ele>90.2</ele></rtept><rtept lat="57.512947" lon="12.463022"><ele>89.6</ele></rtept><rtept lat="57.512972" lon="12.463027"><ele>89.4</ele></rtept><rtept lat="57.512998" lon="12.463032"><ele>89.0</ele></rtept><rtept lat="57.51303" lon="12.463033"><ele>88.4</ele></rtept><rtept lat="57.513062" lon="12.463033"><ele>88.4</ele></rtept><rtept lat="57.513087" lon="12.463028"><ele>87.8</ele></rtept><rtept lat="57.513113" lon="12.463023"><ele>87.6</ele></rtept><rtept lat="57.513138" lon="12.463013"><ele>87.4</ele></rtept><rtept lat="57.51317" lon="12.463007"><ele>87.0</ele></rtept><rtept lat="57.513197" lon="12.463002"><ele>87.2</ele></rtept><rtept lat="57.513215" lon="12.463003"><ele>87.0</ele></rtept><rtept lat="57.51324" lon="12.463008"><ele>87.6</ele></rtept><rtept lat="57.51326" lon="12.463023"><ele>87.2</ele></rtept><rtept lat="57.513285" lon="12.463038"><ele>87.4</ele></rtept><rtept lat="57.513312" lon="12.463052"><ele>87.6</ele></rtept><rtept lat="57.51333" lon="12.463067"><ele>87.8</ele></rtept><rtept lat="57.51335" lon="12.463087"><ele>88.2</ele></rtept><rtept lat="57.513368" lon="12.463112"><ele>88.4</ele></rtept><rtept lat="57.513395" lon="12.463133"><ele>89.0</ele></rtept><rtept lat="57.513413" lon="12.463153"><ele>89.0</ele></rtept><rtept lat="57.513433" lon="12.463178"><ele>89.0</ele></rtept><rtept lat="57.513458" lon="12.463205"><ele>89.4</ele></rtept><rtept lat="57.513483" lon="12.463237"><ele>89.2</ele></rtept><rtept lat="57.513497" lon="12.463272"><ele>89.6</ele></rtept><rtept lat="57.513517" lon="12.46331"><ele>89.4</ele></rtept><rtept lat="57.513535" lon="12.463343"><ele>89.2</ele></rtept><rtept lat="57.513548" lon="12.463377"><ele>89.4</ele></rtept><rtept lat="57.513567" lon="12.46341"><ele>89.2</ele></rtept><rtept lat="57.513587" lon="12.46345"><ele>89.4</ele></rtept><rtept lat="57.513612" lon="12.463495"><ele>89.4</ele></rtept><rtept lat="57.513632" lon="12.463538"><ele>89.2</ele></rtept><rtept lat="57.513657" lon="12.463583"><ele>89.6</ele></rtept><rtept lat="57.51367" lon="12.463635"><ele>89.4</ele></rtept><rtept lat="57.513688" lon="12.46368"><ele>89.6</ele></rtept><rtept lat="57.513702" lon="12.463727"><ele>89.2</ele></rtept><rtept lat="57.51372" lon="12.463767"><ele>88.6</ele></rtept><rtept lat="57.513747" lon="12.463793"><ele>88.8</ele></rtept><rtept lat="57.513765" lon="12.463812"><ele>88.0</ele></rtept><rtept lat="57.513792" lon="12.46382"><ele>88.0</ele></rtept><rtept lat="57.51381" lon="12.463828"><ele>87.6</ele></rtept><rtept lat="57.513837" lon="12.463845"><ele>87.4</ele></rtept><rtept lat="57.513868" lon="12.463857"><ele>87.6</ele></rtept><rtept lat="57.5139" lon="12.463858"><ele>87.2</ele></rtept><rtept lat="57.513932" lon="12.463852"><ele>87.4</ele></rtept><rtept lat="57.513958" lon="12.463845"><ele>87.2</ele></rtept><rtept lat="57.513977" lon="12.463845"><ele>87.4</ele></rtept><rtept lat="57.513997" lon="12.463852"><ele>87.2</ele></rtept><rtept lat="57.514022" lon="12.463862"><ele>87.2</ele></rtept><rtept lat="57.514053" lon="12.463885"><ele>87.2</ele></rtept><rtept lat="57.514073" lon="12.463907"><ele>87.0</ele></rtept><rtept lat="57.514092" lon="12.46394"><ele>87.6</ele></rtept><rtept lat="57.514112" lon="12.463972"><ele>87.2</ele></rtept><rtept lat="57.51413" lon="12.464003"><ele>87.4</ele></rtept><rtept lat="57.514162" lon="12.464057"><ele>87.0</ele></rtept><rtept lat="57.514195" lon="12.464088"><ele>87.2</ele></rtept><rtept lat="57.51422" lon="12.46411"><ele>86.8</ele></rtept><rtept lat="57.514245" lon="12.46413"><ele>86.6</ele></rtept><rtept lat="57.514265" lon="12.464145"><ele>86.8</ele></rtept><rtept lat="57.51429" lon="12.464168"><ele>86.2</ele></rtept><rtept lat="57.51431" lon="12.464183"><ele>86.2</ele></rtept><rtept lat="57.514328" lon="12.464198"><ele>86.2</ele></rtept><rtept lat="57.51436" lon="12.46421"><ele>86.0</ele></rtept><rtept lat="57.51438" lon="12.464218"><ele>86.2</ele></rtept><rtept lat="57.5144" lon="12.46422"><ele>86.0</ele></rtept><rtept lat="57.514425" lon="12.464253"><ele>86.0</ele></rtept><rtept lat="57.514443" lon="12.464273"><ele>85.8</ele></rtept><rtept lat="57.514482" lon="12.464315"><ele>86.0</ele></rtept><rtept lat="57.514502" lon="12.464328"><ele>86.0</ele></rtept><rtept lat="57.514527" lon="12.464335"><ele>86.2</ele></rtept><rtept lat="57.514547" lon="12.464357"><ele>86.0</ele></rtept><rtept lat="57.514585" lon="12.464407"><ele>86.0</ele></rtept><rtept lat="57.514603" lon="12.46444"><ele>86.2</ele></rtept><rtept lat="57.514623" lon="12.464472"><ele>86.0</ele></rtept><rtept lat="57.514642" lon="12.4645"><ele>86.0</ele></rtept><rtept lat="57.514662" lon="12.464527"><ele>86.0</ele></rtept><rtept lat="57.51468" lon="12.464552"><ele>86.0</ele></rtept><rtept lat="57.514693" lon="12.464578"><ele>86.4</ele></rtept><rtept lat="57.514713" lon="12.464605"><ele>86.8</ele></rtept><rtept lat="57.514725" lon="12.464632"><ele>87.6</ele></rtept><rtept lat="57.514745" lon="12.464665"><ele>87.6</ele></rtept><rtept lat="57.514763" lon="12.464702"><ele>87.8</ele></rtept><rtept lat="57.514777" lon="12.464732"><ele>88.2</ele></rtept><rtept lat="57.514797" lon="12.464772"><ele>88.4</ele></rtept><rtept lat="57.514808" lon="12.464805"><ele>88.8</ele></rtept><rtept lat="57.514828" lon="12.464837"><ele>88.6</ele></rtept><rtept lat="57.514847" lon="12.46488"><ele>88.8</ele></rtept><rtept lat="57.514867" lon="12.46492"><ele>88.4</ele></rtept><rtept lat="57.51488" lon="12.464945"><ele>88.6</ele></rtept><rtept lat="57.514898" lon="12.465007"><ele>89.2</ele></rtept><rtept lat="57.514937" lon="12.465067"><ele>89.0</ele></rtept><rtept lat="57.514968" lon="12.465122"><ele>89.0</ele></rtept><rtept lat="57.515007" lon="12.465178"><ele>89.4</ele></rtept><rtept lat="57.515045" lon="12.465233"><ele>89.2</ele></rtept><rtept lat="57.515097" lon="12.465292"><ele>89.8</ele></rtept><rtept lat="57.515142" lon="12.465352"><ele>89.6</ele></rtept><rtept lat="57.515187" lon="12.4654"><ele>89.6</ele></rtept><rtept lat="57.515232" lon="12.46545"><ele>89.8</ele></rtept><rtept lat="57.51527" lon="12.465508"><ele>89.6</ele></rtept><rtept lat="57.515308" lon="12.465553"><ele>89.8</ele></rtept><rtept lat="57.51532" lon="12.465583"><ele>89.4</ele></rtept><rtept lat="57.515333" lon="12.465608"><ele>89.8</ele></rtept><rtept lat="57.515353" lon="12.465675"><ele>89.2</ele></rtept><rtept lat="57.515372" lon="12.465708"><ele>89.2</ele></rtept><rtept lat="57.515385" lon="12.465748"><ele>88.8</ele></rtept><rtept lat="57.515403" lon="12.46578"><ele>89.2</ele></rtept><rtept lat="57.515417" lon="12.465807"><ele>88.6</ele></rtept><rtept lat="57.515437" lon="12.465813"><ele>88.6</ele></rtept><rtept lat="57.515455" lon="12.465827"><ele>88.2</ele></rtept><rtept lat="57.515475" lon="12.46584"><ele>88.6</ele></rtept><rtept lat="57.515493" lon="12.46586"><ele>88.2</ele></rtept><rtept lat="57.515513" lon="12.465888"><ele>88.6</ele></rtept><rtept lat="57.515532" lon="12.465932"><ele>88.4</ele></rtept><rtept lat="57.515538" lon="12.46597"><ele>88.4</ele></rtept><rtept lat="57.515552" lon="12.46602"><ele>88.4</ele></rtept><rtept lat="57.51557" lon="12.466052"><ele>89.0</ele></rtept><rtept lat="57.515583" lon="12.466092"><ele>88.8</ele></rtept><rtept lat="57.515583" lon="12.46613"><ele>88.6</ele></rtept><rtept lat="57.515597" lon="12.466177"><ele>89.0</ele></rtept><rtept lat="57.515602" lon="12.466223"><ele>89.0</ele></rtept><rtept lat="57.515615" lon="12.46627"><ele>89.6</ele></rtept><rtept lat="57.515635" lon="12.466315"><ele>89.2</ele></rtept><rtept lat="57.515653" lon="12.46637"><ele>89.0</ele></rtept><rtept lat="57.515667" lon="12.466442"><ele>89.4</ele></rtept><rtept lat="57.515692" lon="12.466488"><ele>89.4</ele></rtept><rtept lat="57.515705" lon="12.466532"><ele>89.8</ele></rtept><rtept lat="57.515723" lon="12.466573"><ele>89.8</ele></rtept><rtept lat="57.515782" lon="12.466617"><ele>90.4</ele></rtept><rtept lat="57.51582" lon="12.466653"><ele>90.4</ele></rtept><rtept lat="57.515872" lon="12.466698"><ele>90.2</ele></rtept><rtept lat="57.51591" lon="12.466755"><ele>90.4</ele></rtept><rtept lat="57.515942" lon="12.466805"><ele>90.4</ele></rtept><rtept lat="57.515973" lon="12.466827"><ele>90.2</ele></rtept><rtept lat="57.515998" lon="12.466843"><ele>90.2</ele></rtept><rtept lat="57.516018" lon="12.466837"><ele>90.0</ele></rtept><rtept lat="57.516038" lon="12.466832"><ele>90.4</ele></rtept><rtept lat="57.516057" lon="12.466815"><ele>90.0</ele></rtept><rtept lat="57.516088" lon="12.466782"><ele>89.6</ele></rtept><rtept lat="57.516108" lon="12.466758"><ele>89.2</ele></rtept><rtept lat="57.516127" lon="12.466745"><ele>89.4</ele></rtept><rtept lat="57.516153" lon="12.466758"><ele>89.2</ele></rtept><rtept lat="57.516172" lon="12.466772"><ele>89.6</ele></rtept><rtept lat="57.516198" lon="12.46678"><ele>89.8</ele></rtept><rtept lat="57.51623" lon="12.46679"><ele>90.4</ele></rtept><rtept lat="57.516248" lon="12.46681"><ele>90.6</ele></rtept><rtept lat="57.516275" lon="12.466843"><ele>91.0</ele></rtept><rtept lat="57.516313" lon="12.466908"><ele>91.0</ele></rtept><rtept lat="57.516338" lon="12.46696"><ele>91.4</ele></rtept><rtept lat="57.516358" lon="12.46701"><ele>91.2</ele></rtept><rtept lat="57.51639" lon="12.467055"><ele>91.8</ele></rtept><rtept lat="57.516415" lon="12.467088"><ele>91.8</ele></rtept><rtept lat="57.516435" lon="12.467122"><ele>91.6</ele></rtept><rtept lat="57.516447" lon="12.467152"><ele>92.0</ele></rtept><rtept lat="57.516467" lon="12.467187"><ele>92.0</ele></rtept><rtept lat="57.516485" lon="12.467233"><ele>92.4</ele></rtept><rtept lat="57.516498" lon="12.467282"><ele>92.2</ele></rtept><rtept lat="57.516498" lon="12.467337"><ele>92.2</ele></rtept><rtept lat="57.516498" lon="12.467378"><ele>92.4</ele></rtept><rtept lat="57.516512" lon="12.46743"><ele>92.2</ele></rtept><rtept lat="57.51653" lon="12.467457"><ele>92.2</ele></rtept><rtept lat="57.51655" lon="12.467452"><ele>92.0</ele></rtept><rtept lat="57.516575" lon="12.467485"><ele>92.2</ele></rtept><rtept lat="57.516595" lon="12.467522"><ele>92.4</ele></rtept><rtept lat="57.5166" lon="12.467557"><ele>92.0</ele></rtept><rtept lat="57.516595" lon="12.467603"><ele>92.4</ele></rtept><rtept lat="57.516595" lon="12.46764"><ele>92.2</ele></rtept><rtept lat="57.516595" lon="12.4677"><ele>92.6</ele></rtept><rtept lat="57.516613" lon="12.467738"><ele>92.8</ele></rtept><rtept lat="57.516645" lon="12.467742"><ele>92.8</ele></rtept><rtept lat="57.516665" lon="12.467743"><ele>92.8</ele></rtept><rtept lat="57.516683" lon="12.467742"><ele>92.6</ele></rtept><rtept lat="57.516703" lon="12.467765"><ele>92.0</ele></rtept><rtept lat="57.516717" lon="12.467802"><ele>91.4</ele></rtept><rtept lat="57.516728" lon="12.467838"><ele>91.0</ele></rtept><rtept lat="57.516755" lon="12.467887"><ele>90.8</ele></rtept><rtept lat="57.516773" lon="12.467907"><ele>90.4</ele></rtept><rtept lat="57.5168" lon="12.467913"><ele>90.4</ele></rtept><rtept lat="57.516825" lon="12.467912"><ele>90.2</ele></rtept><rtept lat="57.516843" lon="12.467907"><ele>90.0</ele></rtept><rtept lat="57.51687" lon="12.467907"><ele>89.0</ele></rtept><rtept lat="57.516902" lon="12.46792"><ele>88.6</ele></rtept><rtept lat="57.516947" lon="12.46796"><ele>88.2</ele></rtept><rtept lat="57.516972" lon="12.46798"><ele>88.0</ele></rtept><rtept lat="57.516998" lon="12.467993"><ele>88.4</ele></rtept><rtept lat="57.517017" lon="12.468008"><ele>88.0</ele></rtept><rtept lat="57.517042" lon="12.468032"><ele>88.4</ele></rtept><rtept lat="57.517062" lon="12.468058"><ele>88.0</ele></rtept><rtept lat="57.51708" lon="12.468092"><ele>88.2</ele></rtept><rtept lat="57.517107" lon="12.468125"><ele>87.8</ele></rtept><rtept lat="57.517125" lon="12.468162"><ele>87.6</ele></rtept><rtept lat="57.517152" lon="12.4682"><ele>87.0</ele></rtept><rtept lat="57.517177" lon="12.468237"><ele>87.2</ele></rtept><rtept lat="57.517202" lon="12.468265"><ele>87.4</ele></rtept><rtept lat="57.517228" lon="12.468295"><ele>87.0</ele></rtept><rtept lat="57.517247" lon="12.468335"><ele>87.4</ele></rtept><rtept lat="57.517267" lon="12.46838"><ele>87.2</ele></rtept><rtept lat="57.517285" lon="12.468423"><ele>86.8</ele></rtept><rtept lat="57.517312" lon="12.468463"><ele>87.0</ele></rtept><rtept lat="57.51733" lon="12.468488"><ele>87.0</ele></rtept><rtept lat="57.517357" lon="12.468502"><ele>87.4</ele></rtept><rtept lat="57.517382" lon="12.46851"><ele>87.0</ele></rtept><rtept lat="57.517407" lon="12.468522"><ele>87.0</ele></rtept><rtept lat="57.51744" lon="12.468538"><ele>87.2</ele></rtept><rtept lat="57.517472" lon="12.468557"><ele>87.0</ele></rtept><rtept lat="57.517517" lon="12.468568"><ele>87.2</ele></rtept><rtept lat="57.51756" lon="12.468587"><ele>87.0</ele></rtept><rtept lat="57.517605" lon="12.468593"><ele>86.8</ele></rtept><rtept lat="57.517632" lon="12.468612"><ele>86.6</ele></rtept><rtept lat="57.51765" lon="12.4686"><ele>86.0</ele></rtept><rtept lat="57.517663" lon="12.468572"><ele>86.0</ele></rtept><rtept lat="57.517682" lon="12.468547"><ele>85.6</ele></rtept><rtept lat="57.517702" lon="12.468518"><ele>85.4</ele></rtept><rtept lat="57.51772" lon="12.46849"><ele>85.0</ele></rtept><rtept lat="57.51774" lon="12.468462"><ele>84.6</ele></rtept><rtept lat="57.517765" lon="12.468425"><ele>84.8</ele></rtept><rtept lat="57.517785" lon="12.468393"><ele>84.8</ele></rtept><rtept lat="57.517817" lon="12.468353"><ele>84.2</ele></rtept><rtept lat="57.517842" lon="12.468303"><ele>84.2</ele></rtept><rtept lat="57.517862" lon="12.468265"><ele>84.2</ele></rtept><rtept lat="57.5179" lon="12.46822"><ele>83.8</ele></rtept><rtept lat="57.517925" lon="12.468172"><ele>84.0</ele></rtept><rtept lat="57.517958" lon="12.468125"><ele>83.4</ele></rtept><rtept lat="57.517977" lon="12.468085"><ele>83.0</ele></rtept><rtept lat="57.518002" lon="12.46804"><ele>83.2</ele></rtept><rtept lat="57.518022" lon="12.467997"><ele>82.4</ele></rtept><rtept lat="57.518028" lon="12.467947"><ele>82.0</ele></rtept><rtept lat="57.51804" lon="12.467902"><ele>82.0</ele></rtept><rtept lat="57.518053" lon="12.46786"><ele>81.6</ele></rtept><rtept lat="57.518067" lon="12.467815"><ele>81.6</ele></rtept><rtept lat="57.518085" lon="12.46777"><ele>81.2</ele></rtept><rtept lat="57.518105" lon="12.46772"><ele>80.8</ele></rtept><rtept lat="57.518118" lon="12.467693"><ele>80.4</ele></rtept><rtept lat="57.518137" lon="12.467658"><ele>80.0</ele></rtept><rtept lat="57.518157" lon="12.467617"><ele>79.6</ele></rtept><rtept lat="57.518182" lon="12.467572"><ele>79.0</ele></rtept><rtept lat="57.518213" lon="12.46753"><ele>78.4</ele></rtept><rtept lat="57.518233" lon="12.467497"><ele>77.8</ele></rtept><rtept lat="57.518252" lon="12.467465"><ele>76.8</ele></rtept><rtept lat="57.518278" lon="12.467472"><ele>76.0</ele></rtept><rtept lat="57.518303" lon="12.467495"><ele>75.8</ele></rtept><rtept lat="57.518355" lon="12.467517"><ele>75.0</ele></rtept><rtept lat="57.518387" lon="12.46754"><ele>75.2</ele></rtept><rtept lat="57.518418" lon="12.467643"><ele>74.8</ele></rtept><rtept lat="57.518457" lon="12.467705"><ele>74.0</ele></rtept><rtept lat="57.518495" lon="12.467753"><ele>74.2</ele></rtept><rtept lat="57.51852" lon="12.467795"><ele>73.6</ele></rtept><rtept lat="57.518553" lon="12.46784"><ele>73.8</ele></rtept><rtept lat="57.518592" lon="12.467852"><ele>73.4</ele></rtept><rtept lat="57.51861" lon="12.467848"><ele>73.0</ele></rtept><rtept lat="57.518637" lon="12.467813"><ele>73.0</ele></rtept><rtept lat="57.518648" lon="12.46777"><ele>73.0</ele></rtept><rtept lat="57.518662" lon="12.467733"><ele>72.8</ele></rtept><rtept lat="57.518675" lon="12.467697"><ele>72.4</ele></rtept><rtept lat="57.5187" lon="12.46766"><ele>72.8</ele></rtept><rtept lat="57.51872" lon="12.46764"><ele>72.6</ele></rtept><rtept lat="57.518738" lon="12.467615"><ele>73.0</ele></rtept><rtept lat="57.518758" lon="12.467592"><ele>73.0</ele></rtept><rtept lat="57.518777" lon="12.46757"><ele>73.0</ele></rtept><rtept lat="57.518797" lon="12.46755"><ele>73.4</ele></rtept><rtept lat="57.518815" lon="12.467527"><ele>73.2</ele></rtept><rtept lat="57.518835" lon="12.467505"><ele>73.8</ele></rtept><rtept lat="57.518853" lon="12.467465"><ele>73.6</ele></rtept><rtept lat="57.51888" lon="12.467432"><ele>73.6</ele></rtept><rtept lat="57.518898" lon="12.467397"><ele>73.8</ele></rtept><rtept lat="57.518912" lon="12.467372"><ele>73.8</ele></rtept><rtept lat="57.518937" lon="12.467357"><ele>74.4</ele></rtept><rtept lat="57.518957" lon="12.467327"><ele>74.2</ele></rtept><rtept lat="57.518975" lon="12.467302"><ele>74.6</ele></rtept><rtept lat="57.518995" lon="12.467278"><ele>74.6</ele></rtept><rtept lat="57.519013" lon="12.467253"><ele>74.4</ele></rtept><rtept lat="57.519033" lon="12.467233"><ele>74.6</ele></rtept><rtept lat="57.519058" lon="12.467207"><ele>74.6</ele></rtept><rtept lat="57.519072" lon="12.467173"><ele>75.2</ele></rtept><rtept lat="57.51909" lon="12.467132"><ele>75.2</ele></rtept><rtept lat="57.51911" lon="12.4671"><ele>75.0</ele></rtept><rtept lat="57.519128" lon="12.467065"><ele>75.4</ele></rtept><rtept lat="57.519148" lon="12.467028"><ele>75.4</ele></rtept><rtept lat="57.519173" lon="12.466993"><ele>76.0</ele></rtept><rtept lat="57.519193" lon="12.466958"><ele>75.8</ele></rtept><rtept lat="57.519212" lon="12.466928"><ele>76.0</ele></rtept><rtept lat="57.519232" lon="12.466892"><ele>76.4</ele></rtept><rtept lat="57.519257" lon="12.46686"><ele>76.2</ele></rtept><rtept lat="57.519277" lon="12.466827"><ele>76.6</ele></rtept><rtept lat="57.519295" lon="12.466785"><ele>76.6</ele></rtept><rtept lat="57.519315" lon="12.46675"><ele>76.8</ele></rtept><rtept lat="57.519333" lon="12.466725"><ele>77.0</ele></rtept><rtept lat="57.519365" lon="12.466678"><ele>77.2</ele></rtept><rtept lat="57.519378" lon="12.466645"><ele>77.0</ele></rtept><rtept lat="57.519392" lon="12.466603"><ele>77.2</ele></rtept><rtept lat="57.519398" lon="12.46656"><ele>77.2</ele></rtept><rtept lat="57.519398" lon="12.46652"><ele>77.0</ele></rtept><rtept lat="57.519403" lon="12.46648"><ele>77.8</ele></rtept><rtept lat="57.51941" lon="12.466443"><ele>77.8</ele></rtept><rtept lat="57.51941" lon="12.46641"><ele>78.4</ele></rtept><rtept lat="57.51941" lon="12.466373"><ele>78.4</ele></rtept><rtept lat="57.519403" lon="12.466338"><ele>79.0</ele></rtept><rtept lat="57.519398" lon="12.466298"><ele>79.2</ele></rtept><rtept lat="57.519392" lon="12.46626"><ele>79.0</ele></rtept><rtept lat="57.519385" lon="12.466223"><ele>79.6</ele></rtept><rtept lat="57.519365" lon="12.46619"><ele>79.8</ele></rtept><rtept lat="57.519347" lon="12.466152"><ele>80.2</ele></rtept><rtept lat="57.519333" lon="12.466115"><ele>80.4</ele></rtept><rtept lat="57.519315" lon="12.466077"><ele>80.4</ele></rtept><rtept lat="57.519302" lon="12.46604"><ele>80.8</ele></rtept><rtept lat="57.519277" lon="12.466017"><ele>80.8</ele></rtept><rtept lat="57.519238" lon="12.465985"><ele>81.0</ele></rtept><rtept lat="57.519218" lon="12.465952"><ele>81.2</ele></rtept><rtept lat="57.5192" lon="12.465893"><ele>81.6</ele></rtept><rtept lat="57.519193" lon="12.46586"><ele>81.4</ele></rtept><rtept lat="57.51918" lon="12.465822"><ele>81.4</ele></rtept><rtept lat="57.519173" lon="12.465788"><ele>81.8</ele></rtept><rtept lat="57.519155" lon="12.465753"><ele>81.4</ele></rtept><rtept lat="57.519148" lon="12.465718"><ele>81.8</ele></rtept><rtept lat="57.519128" lon="12.465678"><ele>81.8</ele></rtept><rtept lat="57.519117" lon="12.465638"><ele>81.6</ele></rtept><rtept lat="57.51911" lon="12.465603"><ele>82.0</ele></rtept><rtept lat="57.51909" lon="12.465565"><ele>81.8</ele></rtept><rtept lat="57.519078" lon="12.46553"><ele>82.0</ele></rtept><rtept lat="57.519065" lon="12.46549"><ele>82.2</ele></rtept><rtept lat="57.519045" lon="12.465443"><ele>82.2</ele></rtept><rtept lat="57.519033" lon="12.465402"><ele>82.6</ele></rtept><rtept lat="57.51902" lon="12.46536"><ele>82.4</ele></rtept><rtept lat="57.519007" lon="12.465325"><ele>82.6</ele></rtept><rtept lat="57.518995" lon="12.465285"><ele>82.8</ele></rtept><rtept lat="57.518988" lon="12.465245"><ele>82.6</ele></rtept><rtept lat="57.518975" lon="12.465212"><ele>83.0</ele></rtept><rtept lat="57.518962" lon="12.465172"><ele>82.8</ele></rtept><rtept lat="57.51895" lon="12.465142"><ele>83.0</ele></rtept><rtept lat="57.51893" lon="12.465112"><ele>83.2</ele></rtept><rtept lat="57.518923" lon="12.465078"><ele>83.2</ele></rtept><rtept lat="57.518898" lon="12.46501"><ele>83.6</ele></rtept><rtept lat="57.51888" lon="12.46494"><ele>84.2</ele></rtept><rtept lat="57.518873" lon="12.464908"><ele>84.2</ele></rtept><rtept lat="57.51886" lon="12.464878"><ele>84.8</ele></rtept><rtept lat="57.518853" lon="12.46484"><ele>85.0</ele></rtept><rtept lat="57.518847" lon="12.464803"><ele>85.2</ele></rtept><rtept lat="57.518835" lon="12.46477"><ele>85.6</ele></rtept><rtept lat="57.518822" lon="12.464735"><ele>85.8</ele></rtept><rtept lat="57.518815" lon="12.4647"><ele>86.4</ele></rtept><rtept lat="57.518808" lon="12.464662"><ele>86.4</ele></rtept><rtept lat="57.518802" lon="12.464625"><ele>86.4</ele></rtept><rtept lat="57.51879" lon="12.46459"><ele>86.8</ele></rtept><rtept lat="57.518777" lon="12.464557"><ele>86.8</ele></rtept><rtept lat="57.51877" lon="12.46452"><ele>87.0</ele></rtept><rtept lat="57.518758" lon="12.464483"><ele>87.4</ele></rtept><rtept lat="57.518752" lon="12.464443"><ele>87.4</ele></rtept><rtept lat="57.518738" lon="12.464407"><ele>88.0</ele></rtept><rtept lat="57.518732" lon="12.46436"><ele>88.0</ele></rtept><rtept lat="57.518725" lon="12.46432"><ele>87.8</ele></rtept><rtept lat="57.51872" lon="12.46428"><ele>88.2</ele></rtept><rtept lat="57.518713" lon="12.464242"><ele>88.4</ele></rtept><rtept lat="57.518713" lon="12.464208"><ele>88.8</ele></rtept><rtept lat="57.5187" lon="12.464165"><ele>88.8</ele></rtept><rtept lat="57.518693" lon="12.464128"><ele>88.8</ele></rtept><rtept lat="57.518693" lon="12.464085"><ele>89.2</ele></rtept><rtept lat="57.518687" lon="12.464043"><ele>89.2</ele></rtept><rtept lat="57.51868" lon="12.464005"><ele>89.8</ele></rtept><rtept lat="57.518675" lon="12.463965"><ele>90.0</ele></rtept><rtept lat="57.518668" lon="12.463922"><ele>90.0</ele></rtept><rtept lat="57.518662" lon="12.463882"><ele>90.6</ele></rtept><rtept lat="57.518662" lon="12.463837"><ele>90.4</ele></rtept><rtept lat="57.518662" lon="12.463792"><ele>90.6</ele></rtept><rtept lat="57.518675" lon="12.463747"><ele>91.0</ele></rtept><rtept lat="57.518675" lon="12.463698"><ele>91.0</ele></rtept><rtept lat="57.51868" lon="12.463653"><ele>91.6</ele></rtept><rtept lat="57.518687" lon="12.463595"><ele>91.6</ele></rtept><rtept lat="57.518687" lon="12.463522"><ele>91.4</ele></rtept><rtept lat="57.5187" lon="12.463463"><ele>91.8</ele></rtept><rtept lat="57.518713" lon="12.463405"><ele>91.6</ele></rtept><rtept lat="57.51872" lon="12.463355"><ele>91.4</ele></rtept><rtept lat="57.518738" lon="12.4633"><ele>91.6</ele></rtept><rtept lat="57.518758" lon="12.46324"><ele>91.2</ele></rtept><rtept lat="57.51877" lon="12.463182"><ele>91.6</ele></rtept><rtept lat="57.518777" lon="12.46314"><ele>91.4</ele></rtept><rtept lat="57.51879" lon="12.463105"><ele>91.4</ele></rtept><rtept lat="57.518802" lon="12.46308"><ele>91.8</ele></rtept><rtept lat="57.518815" lon="12.463052"><ele>91.6</ele></rtept><rtept lat="57.518835" lon="12.463032"><ele>92.0</ele></rtept><rtept lat="57.518853" lon="12.463003"><ele>92.0</ele></rtept><rtept lat="57.518873" lon="12.462973"><ele>92.2</ele></rtept><rtept lat="57.518892" lon="12.462948"><ele>92.6</ele></rtept><rtept lat="57.518912" lon="12.462915"><ele>92.6</ele></rtept><rtept lat="57.518923" lon="12.462887"><ele>93.2</ele></rtept><rtept lat="57.518937" lon="12.462855"><ele>93.2</ele></rtept><rtept lat="57.518962" lon="12.462835"><ele>93.2</ele></rtept><rtept lat="57.518982" lon="12.462808"><ele>93.4</ele></rtept><rtept lat="57.519" lon="12.46278"><ele>93.4</ele></rtept><rtept lat="57.51902" lon="12.462745"><ele>94.0</ele></rtept><rtept lat="57.519033" lon="12.462705"><ele>93.8</ele></rtept><rtept lat="57.519052" lon="12.462658"><ele>94.0</ele></rtept><rtept lat="57.519072" lon="12.462617"><ele>94.4</ele></rtept><rtept lat="57.51909" lon="12.462578"><ele>94.2</ele></rtept><rtept lat="57.51911" lon="12.462547"><ele>94.6</ele></rtept><rtept lat="57.519128" lon="12.462512"><ele>94.4</ele></rtept><rtept lat="57.519148" lon="12.462477"><ele>94.2</ele></rtept><rtept lat="57.519167" lon="12.46244"><ele>94.4</ele></rtept><rtept lat="57.519193" lon="12.462418"><ele>94.2</ele></rtept><rtept lat="57.519212" lon="12.462397"><ele>94.6</ele></rtept><rtept lat="57.519232" lon="12.46236"><ele>94.6</ele></rtept><rtept lat="57.51925" lon="12.462323"><ele>95.0</ele></rtept><rtept lat="57.51927" lon="12.462288"><ele>95.0</ele></rtept><rtept lat="57.519288" lon="12.462253"><ele>95.0</ele></rtept><rtept lat="57.519295" lon="12.462215"><ele>95.4</ele></rtept><rtept lat="57.519308" lon="12.462175"><ele>95.4</ele></rtept><rtept lat="57.519327" lon="12.46213"><ele>95.0</ele></rtept><rtept lat="57.519333" lon="12.462085"><ele>95.4</ele></rtept><rtept lat="57.519347" lon="12.462043"><ele>95.2</ele></rtept><rtept lat="57.519353" lon="12.462005"><ele>95.2</ele></rtept><rtept lat="57.519365" lon="12.46196"><ele>95.2</ele></rtept><rtept lat="57.519365" lon="12.461907"><ele>94.8</ele></rtept><rtept lat="57.519372" lon="12.461855"><ele>95.0</ele></rtept><rtept lat="57.519372" lon="12.461798"><ele>94.6</ele></rtept><rtept lat="57.519385" lon="12.461745"><ele>94.4</ele></rtept><rtept lat="57.519385" lon="12.461698"><ele>94.4</ele></rtept><rtept lat="57.519392" lon="12.461647"><ele>94.2</ele></rtept><rtept lat="57.519392" lon="12.461598"><ele>94.2</ele></rtept><rtept lat="57.519403" lon="12.461548"><ele>94.2</ele></rtept><rtept lat="57.519417" lon="12.461478"><ele>94.0</ele></rtept><rtept lat="57.51943" lon="12.461415"><ele>94.2</ele></rtept><rtept lat="57.519448" lon="12.461375"><ele>94.0</ele></rtept><rtept lat="57.519468" lon="12.461363"><ele>94.4</ele></rtept><rtept lat="57.519493" lon="12.461395"><ele>94.6</ele></rtept><rtept lat="57.519507" lon="12.461428"><ele>94.4</ele></rtept><rtept lat="57.51952" lon="12.461482"><ele>94.8</ele></rtept><rtept lat="57.519532" lon="12.461535"><ele>95.4</ele></rtept><rtept lat="57.519545" lon="12.46156"><ele>95.8</ele></rtept><rtept lat="57.519563" lon="12.461613"><ele>96.6</ele></rtept><rtept lat="57.519577" lon="12.461652"><ele>97.6</ele></rtept><rtept lat="57.51959" lon="12.461678"><ele>97.6</ele></rtept><rtept lat="57.519602" lon="12.46174"><ele>98.0</ele></rtept><rtept lat="57.519615" lon="12.461772"><ele>98.4</ele></rtept><rtept lat="57.519635" lon="12.46181"><ele>98.2</ele></rtept><rtept lat="57.519653" lon="12.46183"><ele>98.6</ele></rtept><rtept lat="57.51968" lon="12.461862"><ele>99.0</ele></rtept><rtept lat="57.519705" lon="12.461907"><ele>99.2</ele></rtept><rtept lat="57.51973" lon="12.461993"><ele>99.6</ele></rtept><rtept lat="57.519757" lon="12.46203"><ele>99.6</ele></rtept><rtept lat="57.519782" lon="12.46206"><ele>99.4</ele></rtept><rtept lat="57.5198" lon="12.462083"><ele>99.6</ele></rtept><rtept lat="57.519827" lon="12.462108"><ele>99.4</ele></rtept><rtept lat="57.519852" lon="12.462142"><ele>100.0</ele></rtept><rtept lat="57.519865" lon="12.462188"><ele>99.6</ele></rtept><rtept lat="57.519883" lon="12.462237"><ele>99.6</ele></rtept><rtept lat="57.51991" lon="12.462273"><ele>99.8</ele></rtept><rtept lat="57.519928" lon="12.462303"><ele>99.6</ele></rtept><rtept lat="57.519955" lon="12.462327"><ele>99.8</ele></rtept><rtept lat="57.519967" lon="12.462372"><ele>99.4</ele></rtept><rtept lat="57.519987" lon="12.4624"><ele>99.6</ele></rtept><rtept lat="57.52" lon="12.462438"><ele>99.2</ele></rtept><rtept lat="57.520018" lon="12.46248"><ele>98.6</ele></rtept><rtept lat="57.520032" lon="12.462522"><ele>98.8</ele></rtept><rtept lat="57.520043" lon="12.462572"><ele>98.2</ele></rtept><rtept lat="57.520063" lon="12.462635"><ele>98.0</ele></rtept><rtept lat="57.520082" lon="12.462677"><ele>97.6</ele></rtept><rtept lat="57.520088" lon="12.462713"><ele>97.2</ele></rtept><rtept lat="57.520102" lon="12.462743"><ele>97.4</ele></rtept><rtept lat="57.520115" lon="12.462768"><ele>97.2</ele></rtept><rtept lat="57.52014" lon="12.462813"><ele>97.0</ele></rtept><rtept lat="57.520153" lon="12.462845"><ele>96.6</ele></rtept><rtept lat="57.520165" lon="12.462883"><ele>96.8</ele></rtept><rtept lat="57.520178" lon="12.462927"><ele>96.4</ele></rtept><rtept lat="57.520192" lon="12.462963"><ele>96.6</ele></rtept><rtept lat="57.52021" lon="12.463003"><ele>96.4</ele></rtept><rtept lat="57.520223" lon="12.46304"><ele>96.0</ele></rtept><rtept lat="57.520237" lon="12.463073"><ele>96.4</ele></rtept><rtept lat="57.520255" lon="12.4631"><ele>95.8</ele></rtept><rtept lat="57.520287" lon="12.46314"><ele>95.6</ele></rtept><rtept lat="57.520307" lon="12.463165"><ele>95.2</ele></rtept><rtept lat="57.520325" lon="12.46318"><ele>95.4</ele></rtept><rtept lat="57.520352" lon="12.46321"><ele>94.8</ele></rtept><rtept lat="57.52039" lon="12.46324"><ele>94.4</ele></rtept><rtept lat="57.520422" lon="12.463255"><ele>94.8</ele></rtept><rtept lat="57.520447" lon="12.463267"><ele>94.6</ele></rtept><rtept lat="57.520473" lon="12.463267"><ele>94.2</ele></rtept><rtept lat="57.520498" lon="12.46326"><ele>94.4</ele></rtept><rtept lat="57.520523" lon="12.46325"><ele>94.2</ele></rtept><rtept lat="57.520562" lon="12.463252"><ele>94.4</ele></rtept><rtept lat="57.5206" lon="12.463247"><ele>93.8</ele></rtept><rtept lat="57.520633" lon="12.463245"><ele>93.8</ele></rtept><rtept lat="57.520672" lon="12.463247"><ele>93.6</ele></rtept><rtept lat="57.520697" lon="12.463252"><ele>93.2</ele></rtept><rtept lat="57.520728" lon="12.463252"><ele>93.4</ele></rtept><rtept lat="57.520748" lon="12.463245"><ele>93.6</ele></rtept><rtept lat="57.52078" lon="12.463232"><ele>94.0</ele></rtept><rtept lat="57.520818" lon="12.46321"><ele>94.0</ele></rtept><rtept lat="57.52085" lon="12.463187"><ele>93.8</ele></rtept><rtept lat="57.520882" lon="12.463167"><ele>94.2</ele></rtept><rtept lat="57.52092" lon="12.463137"><ele>94.2</ele></rtept><rtept lat="57.52096" lon="12.463122"><ele>94.4</ele></rtept><rtept lat="57.521003" lon="12.463127"><ele>94.4</ele></rtept><rtept lat="57.521048" lon="12.463153"><ele>94.2</ele></rtept><rtept lat="57.52108" lon="12.463195"><ele>94.8</ele></rtept><rtept lat="57.52112" lon="12.463232"><ele>94.6</ele></rtept><rtept lat="57.521163" lon="12.463265"><ele>94.8</ele></rtept><rtept lat="57.521202" lon="12.463282"><ele>94.2</ele></rtept><rtept lat="57.52124" lon="12.463292"><ele>93.6</ele></rtept><rtept lat="57.521273" lon="12.46328"><ele>94.0</ele></rtept><rtept lat="57.521305" lon="12.463252"><ele>94.0</ele></rtept><rtept lat="57.52133" lon="12.463225"><ele>94.6</ele></rtept><rtept lat="57.521357" lon="12.463207"><ele>94.4</ele></rtept><rtept lat="57.521382" lon="12.463192"><ele>94.6</ele></rtept><rtept lat="57.521413" lon="12.463185"><ele>95.0</ele></rtept><rtept lat="57.521433" lon="12.463178"><ele>95.0</ele></rtept><rtept lat="57.521458" lon="12.463158"><ele>95.6</ele></rtept><rtept lat="57.521483" lon="12.46314"><ele>96.0</ele></rtept><rtept lat="57.52151" lon="12.463137"><ele>96.8</ele></rtept><rtept lat="57.521542" lon="12.46316"><ele>97.2</ele></rtept><rtept lat="57.52156" lon="12.463185"><ele>98.0</ele></rtept><rtept lat="57.521587" lon="12.463185"><ele>98.0</ele></rtept><rtept lat="57.521612" lon="12.463187"><ele>98.4</ele></rtept><rtept lat="57.521632" lon="12.463195"><ele>98.4</ele></rtept><rtept lat="57.521657" lon="12.463192"><ele>98.8</ele></rtept><rtept lat="57.521677" lon="12.463182"><ele>99.0</ele></rtept><rtept lat="57.521695" lon="12.46317"><ele>99.2</ele></rtept><rtept lat="57.521715" lon="12.463128"><ele>99.8</ele></rtept><rtept lat="57.521727" lon="12.463102"><ele>100.4</ele></rtept><rtept lat="57.521753" lon="12.463105"><ele>101.0</ele></rtept><rtept lat="57.521778" lon="12.4631"><ele>100.8</ele></rtept><rtept lat="57.521798" lon="12.463107"><ele>101.2</ele></rtept><rtept lat="57.521837" lon="12.463118"><ele>101.2</ele></rtept><rtept lat="57.521875" lon="12.463118"><ele>101.4</ele></rtept><rtept lat="57.521907" lon="12.463137"><ele>101.6</ele></rtept><rtept lat="57.521932" lon="12.463165"><ele>101.8</ele></rtept><rtept lat="57.521952" lon="12.46321"><ele>102.2</ele></rtept><rtept lat="57.52199" lon="12.46326"><ele>102.2</ele></rtept><rtept lat="57.522028" lon="12.463312"><ele>102.2</ele></rtept><rtept lat="57.522067" lon="12.46336"><ele>102.6</ele></rtept><rtept lat="57.522098" lon="12.463423"><ele>102.4</ele></rtept><rtept lat="57.522118" lon="12.463505"><ele>102.4</ele></rtept><rtept lat="57.52213" lon="12.46357"><ele>102.4</ele></rtept><rtept lat="57.52215" lon="12.463608"><ele>102.2</ele></rtept><rtept lat="57.52215" lon="12.463647"><ele>102.4</ele></rtept><rtept lat="57.522175" lon="12.46368"><ele>102.4</ele></rtept><rtept lat="57.5222" lon="12.463713"><ele>102.6</ele></rtept><rtept lat="57.522213" lon="12.463762"><ele>102.6</ele></rtept><rtept lat="57.522227" lon="12.463792"><ele>102.6</ele></rtept><rtept lat="57.522252" lon="12.463828"><ele>102.2</ele></rtept><rtept lat="57.522283" lon="12.463858"><ele>102.6</ele></rtept><rtept lat="57.52231" lon="12.463897"><ele>102.4</ele></rtept><rtept lat="57.522348" lon="12.46394"><ele>102.6</ele></rtept><rtept lat="57.522387" lon="12.463978"><ele>102.6</ele></rtept><rtept lat="57.522405" lon="12.463987"><ele>102.4</ele></rtept><rtept lat="57.522432" lon="12.464025"><ele>102.6</ele></rtept><rtept lat="57.522463" lon="12.464057"><ele>102.8</ele></rtept><rtept lat="57.522482" lon="12.464055"><ele>103.0</ele></rtept><rtept lat="57.522495" lon="12.464022"><ele>102.8</ele></rtept><rtept lat="57.522515" lon="12.463977"><ele>102.6</ele></rtept><rtept lat="57.522527" lon="12.46393"><ele>103.0</ele></rtept><rtept lat="57.52254" lon="12.463878"><ele>103.0</ele></rtept><rtept lat="57.522533" lon="12.463827"><ele>103.6</ele></rtept><rtept lat="57.522533" lon="12.46378"><ele>103.8</ele></rtept><rtept lat="57.522547" lon="12.46374"><ele>104.2</ele></rtept><rtept lat="57.522572" lon="12.4637"><ele>104.4</ele></rtept><rtept lat="57.522592" lon="12.463668"><ele>104.6</ele></rtept><rtept lat="57.522603" lon="12.463642"><ele>105.2</ele></rtept><rtept lat="57.522617" lon="12.463615"><ele>105.2</ele></rtept><rtept lat="57.522642" lon="12.463582"><ele>105.0</ele></rtept><rtept lat="57.522668" lon="12.463568"><ele>105.6</ele></rtept><rtept lat="57.522687" lon="12.463542"><ele>105.4</ele></rtept><rtept lat="57.522713" lon="12.46352"><ele>105.8</ele></rtept><rtept lat="57.522738" lon="12.463493"><ele>105.8</ele></rtept><rtept lat="57.522758" lon="12.46346"><ele>105.8</ele></rtept><rtept lat="57.522783" lon="12.46343"><ele>106.4</ele></rtept><rtept lat="57.522808" lon="12.463413"><ele>106.2</ele></rtept><rtept lat="57.52284" lon="12.463415"><ele>106.2</ele></rtept><rtept lat="57.522873" lon="12.463425"><ele>106.6</ele></rtept><rtept lat="57.522905" lon="12.46345"><ele>106.6</ele></rtept><rtept lat="57.52293" lon="12.463468"><ele>107.0</ele></rtept><rtept lat="57.52295" lon="12.463488"><ele>107.0</ele></rtept><rtept lat="57.522968" lon="12.463488"><ele>106.8</ele></rtept><rtept lat="57.522988" lon="12.463488"><ele>107.2</ele></rtept><rtept lat="57.523007" lon="12.463505"><ele>107.0</ele></rtept><rtept lat="57.52304" lon="12.463555"><ele>107.0</ele></rtept><rtept lat="57.523058" lon="12.463587"><ele>106.8</ele></rtept><rtept lat="57.523078" lon="12.463602"><ele>107.4</ele></rtept><rtept lat="57.52311" lon="12.463642"><ele>107.0</ele></rtept><rtept lat="57.523128" lon="12.463667"><ele>107.4</ele></rtept><rtept lat="57.523155" lon="12.463672"><ele>107.2</ele></rtept><rtept lat="57.52318" lon="12.463697"><ele>107.6</ele></rtept><rtept lat="57.523218" lon="12.463727"><ele>107.8</ele></rtept><rtept lat="57.52325" lon="12.463793"><ele>107.6</ele></rtept><rtept lat="57.523288" lon="12.463877"><ele>108.0</ele></rtept><rtept lat="57.52334" lon="12.46396"><ele>108.0</ele></rtept><rtept lat="57.523378" lon="12.464035"><ele>108.4</ele></rtept><rtept lat="57.523417" lon="12.464113"><ele>108.4</ele></rtept><rtept lat="57.523437" lon="12.464188"><ele>108.6</ele></rtept><rtept lat="57.523455" lon="12.46427"><ele>109.0</ele></rtept><rtept lat="57.523462" lon="12.46436"><ele>108.8</ele></rtept><rtept lat="57.523468" lon="12.464433"><ele>109.0</ele></rtept><rtept lat="57.523448" lon="12.46448"><ele>109.2</ele></rtept><rtept lat="57.523468" lon="12.464532"><ele>109.2</ele></rtept><rtept lat="57.523487" lon="12.46456"><ele>109.2</ele></rtept><rtept lat="57.52352" lon="12.4646"><ele>109.2</ele></rtept><rtept lat="57.523538" lon="12.464615"><ele>108.8</ele></rtept><rtept lat="57.523558" lon="12.464635"><ele>108.6</ele></rtept><rtept lat="57.523583" lon="12.46467"><ele>108.2</ele></rtept><rtept lat="57.523602" lon="12.464675"><ele>108.2</ele></rtept><rtept lat="57.523635" lon="12.464707"><ele>108.0</ele></rtept><rtept lat="57.523647" lon="12.46474"><ele>107.6</ele></rtept><rtept lat="57.523667" lon="12.46477"><ele>107.8</ele></rtept><rtept lat="57.523685" lon="12.464803"><ele>107.2</ele></rtept><rtept lat="57.523712" lon="12.464803"><ele>107.2</ele></rtept><rtept lat="57.523737" lon="12.464783"><ele>106.8</ele></rtept><rtept lat="57.523743" lon="12.46475"><ele>106.8</ele></rtept><rtept lat="57.52375" lon="12.464715"><ele>106.4</ele></rtept><rtept lat="57.523757" lon="12.464667"><ele>106.8</ele></rtept><rtept lat="57.523757" lon="12.464627"><ele>106.8</ele></rtept><rtept lat="57.523762" lon="12.46459"><ele>107.2</ele></rtept><rtept lat="57.523762" lon="12.464552"><ele>107.4</ele></rtept><rtept lat="57.523768" lon="12.46452"><ele>107.6</ele></rtept><rtept lat="57.523775" lon="12.464482"><ele>108.0</ele></rtept><rtept lat="57.523782" lon="12.464447"><ele>107.6</ele></rtept><rtept lat="57.523788" lon="12.464407"><ele>107.8</ele></rtept><rtept lat="57.523795" lon="12.464367"><ele>107.8</ele></rtept><rtept lat="57.5238" lon="12.464323"><ele>108.0</ele></rtept><rtept lat="57.523807" lon="12.464287"><ele>108.2</ele></rtept><rtept lat="57.52382" lon="12.46424"><ele>108.4</ele></rtept><rtept lat="57.523833" lon="12.464195"><ele>108.6</ele></rtept><rtept lat="57.523845" lon="12.46416"><ele>108.6</ele></rtept><rtept lat="57.523858" lon="12.464128"><ele>108.8</ele></rtept><rtept lat="57.523883" lon="12.464083"><ele>108.6</ele></rtept><rtept lat="57.523903" lon="12.46406"><ele>109.0</ele></rtept><rtept lat="57.523922" lon="12.46404"><ele>109.0</ele></rtept><rtept lat="57.523948" lon="12.464025"><ele>108.6</ele></rtept><rtept lat="57.523973" lon="12.464017"><ele>109.2</ele></rtept><rtept lat="57.523993" lon="12.464005"><ele>109.0</ele></rtept><rtept lat="57.524012" lon="12.463997"><ele>109.4</ele></rtept><rtept lat="57.524038" lon="12.46398"><ele>109.6</ele></rtept><rtept lat="57.524057" lon="12.46396"><ele>109.6</ele></rtept><rtept lat="57.524077" lon="12.463937"><ele>110.0</ele></rtept><rtept lat="57.524102" lon="12.463892"><ele>110.6</ele></rtept><rtept lat="57.524115" lon="12.463858"><ele>110.6</ele></rtept><rtept lat="57.524127" lon="12.463832"><ele>110.8</ele></rtept><rtept lat="57.52414" lon="12.463802"><ele>111.2</ele></rtept><rtept lat="57.52416" lon="12.463767"><ele>111.4</ele></rtept><rtept lat="57.524178" lon="12.46374"><ele>111.8</ele></rtept><rtept lat="57.524198" lon="12.463692"><ele>112.6</ele></rtept><rtept lat="57.524203" lon="12.463647"><ele>112.8</ele></rtept><rtept lat="57.52421" lon="12.463602"><ele>112.8</ele></rtept><rtept lat="57.524203" lon="12.463562"><ele>113.2</ele></rtept><rtept lat="57.524198" lon="12.46352"><ele>113.4</ele></rtept><rtept lat="57.524192" lon="12.463485"><ele>113.4</ele></rtept><rtept lat="57.524185" lon="12.463428"><ele>113.4</ele></rtept><rtept lat="57.524185" lon="12.46338"><ele>113.2</ele></rtept><rtept lat="57.524192" lon="12.463335"><ele>113.6</ele></rtept><rtept lat="57.524192" lon="12.46328"><ele>113.2</ele></rtept><rtept lat="57.524198" lon="12.463217"><ele>113.0</ele></rtept><rtept lat="57.52421" lon="12.463158"><ele>113.2</ele></rtept><rtept lat="57.524217" lon="12.463108"><ele>113.2</ele></rtept><rtept lat="57.524223" lon="12.46306"><ele>113.6</ele></rtept><rtept lat="57.524242" lon="12.463013"><ele>113.8</ele></rtept><rtept lat="57.524255" lon="12.462963"><ele>113.6</ele></rtept><rtept lat="57.524262" lon="12.462922"><ele>113.6</ele></rtept><rtept lat="57.524275" lon="12.46287"><ele>113.4</ele></rtept><rtept lat="57.524293" lon="12.462823"><ele>113.8</ele></rtept><rtept lat="57.5243" lon="12.46278"><ele>113.4</ele></rtept><rtept lat="57.52432" lon="12.46274"><ele>113.2</ele></rtept><rtept lat="57.524338" lon="12.462708"><ele>113.6</ele></rtept><rtept lat="57.524352" lon="12.462663"><ele>113.2</ele></rtept><rtept lat="57.524363" lon="12.462632"><ele>113.4</ele></rtept><rtept lat="57.524383" lon="12.462602"><ele>113.2</ele></rtept><rtept lat="57.524397" lon="12.462565"><ele>112.8</ele></rtept><rtept lat="57.524415" lon="12.462525"><ele>113.2</ele></rtept><rtept lat="57.524422" lon="12.462482"><ele>113.2</ele></rtept><rtept lat="57.52444" lon="12.462445"><ele>113.6</ele></rtept><rtept lat="57.524447" lon="12.462402"><ele>113.4</ele></rtept><rtept lat="57.52446" lon="12.46236"><ele>113.8</ele></rtept><rtept lat="57.524473" lon="12.462317"><ele>113.8</ele></rtept><rtept lat="57.524473" lon="12.462267"><ele>113.6</ele></rtept><rtept lat="57.52448" lon="12.462218"><ele>114.0</ele></rtept><rtept lat="57.524485" lon="12.462173"><ele>113.8</ele></rtept><rtept lat="57.52448" lon="12.462128"><ele>114.0</ele></rtept><rtept lat="57.52448" lon="12.462075"><ele>114.2</ele></rtept><rtept lat="57.524473" lon="12.46202"><ele>113.8</ele></rtept><rtept lat="57.524473" lon="12.461985"><ele>114.0</ele></rtept><rtept lat="57.524473" lon="12.461922"><ele>113.6</ele></rtept><rtept lat="57.524473" lon="12.46188"><ele>113.2</ele></rtept><rtept lat="57.524473" lon="12.461822"><ele>113.0</ele></rtept><rtept lat="57.524473" lon="12.461772"><ele>112.4</ele></rtept><rtept lat="57.524473" lon="12.461718"><ele>112.0</ele></rtept><rtept lat="57.524473" lon="12.46166"><ele>112.0</ele></rtept><rtept lat="57.524485" lon="12.461597"><ele>111.4</ele></rtept><rtept lat="57.524498" lon="12.46152"><ele>111.8</ele></rtept><rtept lat="57.524512" lon="12.461475"><ele>111.2</ele></rtept><rtept lat="57.52453" lon="12.46144"><ele>111.0</ele></rtept><rtept lat="57.524543" lon="12.4614"><ele>111.0</ele></rtept><rtept lat="57.524557" lon="12.461363"><ele>110.8</ele></rtept><rtept lat="57.524568" lon="12.461328"><ele>111.0</ele></rtept><rtept lat="57.524575" lon="12.46128"><ele>110.8</ele></rtept><rtept lat="57.524588" lon="12.461237"><ele>111.4</ele></rtept><rtept lat="57.524595" lon="12.461185"><ele>111.4</ele></rtept><rtept lat="57.5246" lon="12.461135"><ele>111.6</ele></rtept><rtept lat="57.5246" lon="12.461085"><ele>111.6</ele></rtept><rtept lat="57.5246" lon="12.461032"><ele>111.6</ele></rtept><rtept lat="57.5246" lon="12.460978"><ele>112.0</ele></rtept><rtept lat="57.524607" lon="12.46092"><ele>112.0</ele></rtept><rtept lat="57.524613" lon="12.460867"><ele>112.0</ele></rtept><rtept lat="57.524613" lon="12.460818"><ele>112.2</ele></rtept><rtept lat="57.52462" lon="12.460762"><ele>111.8</ele></rtept><rtept lat="57.52462" lon="12.460713"><ele>112.2</ele></rtept><rtept lat="57.524627" lon="12.46067"><ele>112.0</ele></rtept><rtept lat="57.524633" lon="12.46063"><ele>111.8</ele></rtept><rtept lat="57.524633" lon="12.460583"><ele>112.0</ele></rtept><rtept lat="57.524633" lon="12.460543"><ele>111.6</ele></rtept><rtept lat="57.524645" lon="12.46051"><ele>111.6</ele></rtept><rtept lat="57.524658" lon="12.460472"><ele>111.6</ele></rtept><rtept lat="57.524678" lon="12.460435"><ele>111.2</ele></rtept><rtept lat="57.524697" lon="12.460392"><ele>111.4</ele></rtept><rtept lat="57.52471" lon="12.460365"><ele>111.0</ele></rtept><rtept lat="57.524728" lon="12.460325"><ele>110.6</ele></rtept><rtept lat="57.524748" lon="12.460267"><ele>110.8</ele></rtept><rtept lat="57.524755" lon="12.460218"><ele>110.4</ele></rtept><rtept lat="57.524767" lon="12.460167"><ele>109.8</ele></rtept><rtept lat="57.524773" lon="12.460112"><ele>109.8</ele></rtept><rtept lat="57.524793" lon="12.46006"><ele>109.4</ele></rtept><rtept lat="57.524805" lon="12.46001"><ele>109.0</ele></rtept><rtept lat="57.524825" lon="12.459975"><ele>109.0</ele></rtept><rtept lat="57.524838" lon="12.45995"><ele>108.4</ele></rtept><rtept lat="57.52485" lon="12.459925"><ele>108.4</ele></rtept><rtept lat="57.52487" lon="12.459903"><ele>108.0</ele></rtept><rtept lat="57.524888" lon="12.459872"><ele>107.4</ele></rtept><rtept lat="57.524908" lon="12.459825"><ele>107.6</ele></rtept><rtept lat="57.524915" lon="12.45979"><ele>106.6</ele></rtept><rtept lat="57.524915" lon="12.459752"><ele>106.8</ele></rtept><rtept lat="57.52492" lon="12.45971"><ele>106.6</ele></rtept><rtept lat="57.52492" lon="12.459672"><ele>106.2</ele></rtept><rtept lat="57.524915" lon="12.459633"><ele>106.6</ele></rtept><rtept lat="57.524902" lon="12.459578"><ele>106.0</ele></rtept><rtept lat="57.524888" lon="12.459527"><ele>106.0</ele></rtept><rtept lat="57.524882" lon="12.459478"><ele>105.8</ele></rtept><rtept lat="57.52487" lon="12.459415"><ele>105.6</ele></rtept><rtept lat="57.524857" lon="12.45934"><ele>105.8</ele></rtept><rtept lat="57.524857" lon="12.459275"><ele>105.6</ele></rtept><rtept lat="57.52487" lon="12.459215"><ele>106.0</ele></rtept><rtept lat="57.524882" lon="12.459157"><ele>105.8</ele></rtept><rtept lat="57.524902" lon="12.459105"><ele>106.0</ele></rtept><rtept lat="57.52492" lon="12.45905"><ele>105.8</ele></rtept><rtept lat="57.524933" lon="12.459012"><ele>105.6</ele></rtept><rtept lat="57.524953" lon="12.45898"><ele>106.2</ele></rtept><rtept lat="57.524972" lon="12.458958"><ele>106.0</ele></rtept><rtept lat="57.525003" lon="12.458938"><ele>106.4</ele></rtept><rtept lat="57.52503" lon="12.458932"><ele>106.2</ele></rtept><rtept lat="57.525055" lon="12.458922"><ele>106.2</ele></rtept><rtept lat="57.525075" lon="12.458913"><ele>106.6</ele></rtept><rtept lat="57.525107" lon="12.4589"><ele>106.2</ele></rtept><rtept lat="57.525132" lon="12.458883"><ele>106.8</ele></rtept><rtept lat="57.525163" lon="12.458857"><ele>106.6</ele></rtept><rtept lat="57.525197" lon="12.458833"><ele>106.6</ele></rtept><rtept lat="57.525235" lon="12.458802"><ele>106.8</ele></rtept><rtept lat="57.525267" lon="12.458767"><ele>106.8</ele></rtept><rtept lat="57.525305" lon="12.458728"><ele>107.4</ele></rtept><rtept lat="57.52533" lon="12.458708"><ele>106.8</ele></rtept><rtept lat="57.525357" lon="12.458683"><ele>107.2</ele></rtept><rtept lat="57.525382" lon="12.458667"><ele>107.0</ele></rtept><rtept lat="57.525407" lon="12.458643"><ele>107.0</ele></rtept><rtept lat="57.525433" lon="12.458622"><ele>107.4</ele></rtept><rtept lat="57.525478" lon="12.45859"><ele>107.2</ele></rtept><rtept lat="57.52551" lon="12.45856"><ele>106.8</ele></rtept><rtept lat="57.525548" lon="12.45856"><ele>107.0</ele></rtept><rtept lat="57.525587" lon="12.45856"><ele>106.8</ele></rtept><rtept lat="57.525612" lon="12.458573"><ele>107.2</ele></rtept><rtept lat="57.52565" lon="12.458602"><ele>107.0</ele></rtept><rtept lat="57.525688" lon="12.458655"><ele>106.8</ele></rtept><rtept lat="57.525708" lon="12.458675"><ele>107.4</ele></rtept><rtept lat="57.52574" lon="12.458687"><ele>107.2</ele></rtept><rtept lat="57.525772" lon="12.45868"><ele>107.2</ele></rtept><rtept lat="57.525803" lon="12.458668"><ele>107.2</ele></rtept><rtept lat="57.525848" lon="12.458658"><ele>106.8</ele></rtept><rtept lat="57.525875" lon="12.458675"><ele>107.2</ele></rtept><rtept lat="57.525893" lon="12.458682"><ele>107.0</ele></rtept><rtept lat="57.525913" lon="12.458688"><ele>106.4</ele></rtept><rtept lat="57.525938" lon="12.458723"><ele>106.8</ele></rtept><rtept lat="57.52597" lon="12.458788"><ele>106.4</ele></rtept><rtept lat="57.52599" lon="12.458853"><ele>106.6</ele></rtept><rtept lat="57.526008" lon="12.4589"><ele>106.4</ele></rtept><rtept lat="57.526028" lon="12.458945"><ele>106.8</ele></rtept><rtept lat="57.526047" lon="12.458985"><ele>106.4</ele></rtept><rtept lat="57.52606" lon="12.459027"><ele>106.2</ele></rtept><rtept lat="57.52608" lon="12.45908"><ele>106.6</ele></rtept><rtept lat="57.526098" lon="12.459143"><ele>106.4</ele></rtept><rtept lat="57.526105" lon="12.45918"><ele>106.2</ele></rtept><rtept lat="57.526118" lon="12.459233"><ele>106.4</ele></rtept><rtept lat="57.52613" lon="12.459258"><ele>106.0</ele></rtept><rtept lat="57.526143" lon="12.459283"><ele>105.8</ele></rtept><rtept lat="57.526162" lon="12.45931"><ele>105.8</ele></rtept><rtept lat="57.5262" lon="12.459375"><ele>105.8</ele></rtept><rtept lat="57.526213" lon="12.459413"><ele>105.4</ele></rtept><rtept lat="57.526227" lon="12.459447"><ele>105.4</ele></rtept><rtept lat="57.526245" lon="12.45948"><ele>105.6</ele></rtept><rtept lat="57.526265" lon="12.459522"><ele>105.2</ele></rtept><rtept lat="57.526283" lon="12.459573"><ele>105.2</ele></rtept><rtept lat="57.526317" lon="12.459618"><ele>105.0</ele></rtept><rtept lat="57.526342" lon="12.45968"><ele>104.6</ele></rtept><rtept lat="57.526367" lon="12.459747"><ele>104.8</ele></rtept><rtept lat="57.526387" lon="12.45981"><ele>104.2</ele></rtept><rtept lat="57.526405" lon="12.45986"><ele>104.2</ele></rtept><rtept lat="57.526438" lon="12.45995"><ele>103.6</ele></rtept><rtept lat="57.526457" lon="12.460042"><ele>102.8</ele></rtept><rtept lat="57.526482" lon="12.460103"><ele>103.0</ele></rtept><rtept lat="57.526508" lon="12.460138"><ele>103.0</ele></rtept><rtept lat="57.52652" lon="12.460162"><ele>103.2</ele></rtept><rtept lat="57.526547" lon="12.460218"><ele>103.0</ele></rtept><rtept lat="57.52656" lon="12.460253"><ele>102.2</ele></rtept><rtept lat="57.526578" lon="12.460305"><ele>101.8</ele></rtept><rtept lat="57.526598" lon="12.46034"><ele>102.0</ele></rtept><rtept lat="57.526617" lon="12.46037"><ele>101.4</ele></rtept><rtept lat="57.526637" lon="12.460418"><ele>100.6</ele></rtept><rtept lat="57.526662" lon="12.460458"><ele>100.0</ele></rtept><rtept lat="57.526687" lon="12.460498"><ele>99.2</ele></rtept><rtept lat="57.526713" lon="12.460543"><ele>99.0</ele></rtept><rtept lat="57.526732" lon="12.460597"><ele>99.2</ele></rtept><rtept lat="57.526752" lon="12.460635"><ele>99.2</ele></rtept><rtept lat="57.52677" lon="12.460668"><ele>98.8</ele></rtept><rtept lat="57.526797" lon="12.46071"><ele>99.0</ele></rtept><rtept lat="57.526822" lon="12.460755"><ele>98.8</ele></rtept><rtept lat="57.526847" lon="12.460808"><ele>99.2</ele></rtept><rtept lat="57.52688" lon="12.460877"><ele>99.2</ele></rtept><rtept lat="57.526912" lon="12.460963"><ele>99.0</ele></rtept><rtept lat="57.526957" lon="12.461052"><ele>99.4</ele></rtept><rtept lat="57.526995" lon="12.461127"><ele>98.8</ele></rtept><rtept lat="57.52702" lon="12.461182"><ele>99.0</ele></rtept><rtept lat="57.52704" lon="12.461232"><ele>99.2</ele></rtept><rtept lat="57.527052" lon="12.461297"><ele>99.0</ele></rtept><rtept lat="57.527078" lon="12.461343"><ele>99.6</ele></rtept><rtept lat="57.52711" lon="12.461398"><ele>99.4</ele></rtept><rtept lat="57.52711" lon="12.461438"><ele>99.4</ele></rtept><rtept lat="57.52711" lon="12.461502"><ele>99.4</ele></rtept><rtept lat="57.527122" lon="12.461555"><ele>99.8</ele></rtept><rtept lat="57.527122" lon="12.461622"><ele>100.0</ele></rtept><rtept lat="57.527135" lon="12.461657"><ele>99.8</ele></rtept><rtept lat="57.527155" lon="12.461718"><ele>100.0</ele></rtept><rtept lat="57.52716" lon="12.461775"><ele>100.0</ele></rtept><rtept lat="57.527173" lon="12.461805"><ele>99.8</ele></rtept><rtept lat="57.52718" lon="12.46184"><ele>100.2</ele></rtept><rtept lat="57.52718" lon="12.461877"><ele>100.0</ele></rtept><rtept lat="57.527193" lon="12.461917"><ele>99.8</ele></rtept><rtept lat="57.5272" lon="12.461957"><ele>100.0</ele></rtept><rtept lat="57.527212" lon="12.461997"><ele>99.8</ele></rtept><rtept lat="57.527225" lon="12.462035"><ele>100.2</ele></rtept><rtept lat="57.527238" lon="12.462075"><ele>99.8</ele></rtept><rtept lat="57.52725" lon="12.462115"><ele>100.0</ele></rtept><rtept lat="57.527257" lon="12.462158"><ele>99.6</ele></rtept><rtept lat="57.527263" lon="12.462193"><ele>99.4</ele></rtept><rtept lat="57.52727" lon="12.462228"><ele>99.8</ele></rtept><rtept lat="57.527277" lon="12.462272"><ele>99.8</ele></rtept><rtept lat="57.52727" lon="12.462313"><ele>100.2</ele></rtept><rtept lat="57.52727" lon="12.462358"><ele>99.8</ele></rtept><rtept lat="57.527277" lon="12.4624"><ele>99.6</ele></rtept><rtept lat="57.527282" lon="12.462447"><ele>100.0</ele></rtept><rtept lat="57.527288" lon="12.462498"><ele>99.6</ele></rtept><rtept lat="57.527288" lon="12.462542"><ele>99.6</ele></rtept><rtept lat="57.527295" lon="12.462587"><ele>99.6</ele></rtept><rtept lat="57.527295" lon="12.46263"><ele>99.0</ele></rtept><rtept lat="57.527295" lon="12.462675"><ele>98.8</ele></rtept><rtept lat="57.527295" lon="12.462715"><ele>98.4</ele></rtept><rtept lat="57.527295" lon="12.462763"><ele>98.0</ele></rtept><rtept lat="57.527288" lon="12.462805"><ele>97.8</ele></rtept><rtept lat="57.527277" lon="12.462868"><ele>97.2</ele></rtept><rtept lat="57.527282" lon="12.462927"><ele>96.4</ele></rtept><rtept lat="57.527288" lon="12.462983"><ele>96.4</ele></rtept><rtept lat="57.527288" lon="12.463038"><ele>95.8</ele></rtept><rtept lat="57.527288" lon="12.46308"><ele>96.0</ele></rtept><rtept lat="57.527288" lon="12.463138"><ele>95.2</ele></rtept><rtept lat="57.527288" lon="12.463178"><ele>94.8</ele></rtept><rtept lat="57.527288" lon="12.46324"><ele>94.8</ele></rtept><rtept lat="57.527282" lon="12.463277"><ele>95.0</ele></rtept><rtept lat="57.527288" lon="12.463327"><ele>94.8</ele></rtept><rtept lat="57.527295" lon="12.4634"><ele>94.6</ele></rtept><rtept lat="57.527308" lon="12.46347"><ele>94.8</ele></rtept><rtept lat="57.52732" lon="12.463525"><ele>94.2</ele></rtept><rtept lat="57.527333" lon="12.463573"><ele>94.0</ele></rtept><rtept lat="57.527353" lon="12.46359"><ele>93.4</ele></rtept><rtept lat="57.527372" lon="12.463628"><ele>93.4</ele></rtept><rtept lat="57.527392" lon="12.463647"><ele>93.2</ele></rtept><rtept lat="57.527398" lon="12.46368"><ele>93.8</ele></rtept><rtept lat="57.52743" lon="12.463703"><ele>94.0</ele></rtept><rtept lat="57.527468" lon="12.463743"><ele>94.6</ele></rtept><rtept lat="57.5275" lon="12.463792"><ele>94.6</ele></rtept><rtept lat="57.527538" lon="12.463845"><ele>95.2</ele></rtept><rtept lat="57.527563" lon="12.463878"><ele>95.4</ele></rtept><rtept lat="57.527602" lon="12.463932"><ele>95.4</ele></rtept><rtept lat="57.52764" lon="12.46398"><ele>96.0</ele></rtept><rtept lat="57.527673" lon="12.464017"><ele>96.2</ele></rtept><rtept lat="57.527705" lon="12.464063"><ele>96.8</ele></rtept><rtept lat="57.527743" lon="12.46408"><ele>96.8</ele></rtept><rtept lat="57.527762" lon="12.464097"><ele>97.0</ele></rtept><rtept lat="57.527795" lon="12.464135"><ele>97.6</ele></rtept><rtept lat="57.527813" lon="12.464175"><ele>97.4</ele></rtept><rtept lat="57.52784" lon="12.464215"><ele>98.0</ele></rtept><rtept lat="57.527852" lon="12.464275"><ele>97.8</ele></rtept><rtept lat="57.527872" lon="12.464348"><ele>97.6</ele></rtept><rtept lat="57.527878" lon="12.464397"><ele>98.2</ele></rtept><rtept lat="57.52789" lon="12.464447"><ele>98.0</ele></rtept><rtept lat="57.52789" lon="12.464497"><ele>98.0</ele></rtept><rtept lat="57.52791" lon="12.46454"><ele>98.4</ele></rtept><rtept lat="57.527922" lon="12.464597"><ele>98.2</ele></rtept><rtept lat="57.527955" lon="12.464637"><ele>97.8</ele></rtept><rtept lat="57.527973" lon="12.464678"><ele>98.2</ele></rtept><rtept lat="57.52798" lon="12.464723"><ele>98.0</ele></rtept><rtept lat="57.527987" lon="12.464763"><ele>97.8</ele></rtept><rtept lat="57.528005" lon="12.4648"><ele>98.2</ele></rtept><rtept lat="57.528025" lon="12.464843"><ele>97.8</ele></rtept><rtept lat="57.528038" lon="12.464895"><ele>98.2</ele></rtept><rtept lat="57.52805" lon="12.46494"><ele>97.8</ele></rtept><rtept lat="57.52805" lon="12.464982"><ele>97.8</ele></rtept><rtept lat="57.528063" lon="12.465015"><ele>98.2</ele></rtept><rtept lat="57.528082" lon="12.46508"><ele>98.6</ele></rtept><rtept lat="57.528095" lon="12.46516"><ele>98.4</ele></rtept><rtept lat="57.528115" lon="12.465213"><ele>98.2</ele></rtept><rtept lat="57.52814" lon="12.465292"><ele>98.6</ele></rtept><rtept lat="57.52816" lon="12.465358"><ele>98.4</ele></rtept><rtept lat="57.528172" lon="12.465417"><ele>98.6</ele></rtept><rtept lat="57.528192" lon="12.46548"><ele>99.0</ele></rtept><rtept lat="57.52821" lon="12.46554"><ele>99.0</ele></rtept><rtept lat="57.528223" lon="12.465602"><ele>99.6</ele></rtept><rtept lat="57.528223" lon="12.465658"><ele>99.6</ele></rtept><rtept lat="57.528203" lon="12.4657"><ele>100.2</ele></rtept><rtept lat="57.528192" lon="12.46574"><ele>100.2</ele></rtept><rtept lat="57.528223" lon="12.465752"><ele>100.8</ele></rtept><rtept lat="57.528248" lon="12.465792"><ele>101.2</ele></rtept><rtept lat="57.528262" lon="12.465827"><ele>101.4</ele></rtept><rtept lat="57.528255" lon="12.46586"><ele>101.4</ele></rtept><rtept lat="57.528248" lon="12.465908"><ele>102.0</ele></rtept><rtept lat="57.528242" lon="12.465972"><ele>102.6</ele></rtept><rtept lat="57.528242" lon="12.466005"><ele>102.6</ele></rtept><rtept lat="57.528242" lon="12.46607"><ele>103.0</ele></rtept><rtept lat="57.528248" lon="12.466127"><ele>103.2</ele></rtept><rtept lat="57.528262" lon="12.466157"><ele>103.2</ele></rtept><rtept lat="57.528287" lon="12.466217"><ele>103.4</ele></rtept><rtept lat="57.528307" lon="12.46624"><ele>103.8</ele></rtept><rtept lat="57.528325" lon="12.466273"><ele>103.8</ele></rtept><rtept lat="57.528338" lon="12.46631"><ele>103.8</ele></rtept><rtept lat="57.528352" lon="12.466345"><ele>104.4</ele></rtept><rtept lat="57.528363" lon="12.466385"><ele>104.2</ele></rtept><rtept lat="57.528383" lon="12.466422"><ele>104.0</ele></rtept><rtept lat="57.528408" lon="12.466442"><ele>104.6</ele></rtept><rtept lat="57.528422" lon="12.466473"><ele>104.6</ele></rtept><rtept lat="57.528435" lon="12.466508"><ele>105.0</ele></rtept><rtept lat="57.528447" lon="12.466553"><ele>105.2</ele></rtept><rtept lat="57.528467" lon="12.466602"><ele>105.0</ele></rtept><rtept lat="57.528492" lon="12.466653"><ele>105.2</ele></rtept><rtept lat="57.528523" lon="12.466692"><ele>105.0</ele></rtept><rtept lat="57.528543" lon="12.466762"><ele>105.4</ele></rtept><rtept lat="57.528557" lon="12.466805"><ele>105.4</ele></rtept><rtept lat="57.528575" lon="12.46684"><ele>105.2</ele></rtept><rtept lat="57.528595" lon="12.466863"><ele>105.4</ele></rtept><rtept lat="57.528607" lon="12.466888"><ele>105.4</ele></rtept><rtept lat="57.528627" lon="12.466923"><ele>105.2</ele></rtept><rtept lat="57.528645" lon="12.466953"><ele>105.6</ele></rtept><rtept lat="57.528665" lon="12.466978"><ele>105.0</ele></rtept><rtept lat="57.528683" lon="12.467005"><ele>104.6</ele></rtept><rtept lat="57.528697" lon="12.46704"><ele>105.0</ele></rtept><rtept lat="57.528722" lon="12.467075"><ele>104.6</ele></rtept><rtept lat="57.528742" lon="12.467108"><ele>104.8</ele></rtept><rtept lat="57.52876" lon="12.46714"><ele>104.2</ele></rtept><rtept lat="57.52878" lon="12.467202"><ele>104.4</ele></rtept><rtept lat="57.5288" lon="12.467227"><ele>104.2</ele></rtept><rtept lat="57.528812" lon="12.467267"><ele>104.2</ele></rtept><rtept lat="57.528825" lon="12.4673"><ele>104.4</ele></rtept><rtept lat="57.528838" lon="12.467333"><ele>104.0</ele></rtept><rtept lat="57.52885" lon="12.467358"><ele>104.4</ele></rtept><rtept lat="57.528863" lon="12.467398"><ele>104.2</ele></rtept><rtept lat="57.528888" lon="12.467442"><ele>104.2</ele></rtept><rtept lat="57.528902" lon="12.467472"><ele>104.2</ele></rtept><rtept lat="57.52892" lon="12.467502"><ele>104.4</ele></rtept><rtept lat="57.52894" lon="12.467535"><ele>104.0</ele></rtept><rtept lat="57.528958" lon="12.46756"><ele>104.4</ele></rtept><rtept lat="57.528978" lon="12.46759"><ele>104.2</ele></rtept><rtept lat="57.52901" lon="12.467628"><ele>104.0</ele></rtept><rtept lat="57.529037" lon="12.467665"><ele>104.2</ele></rtept><rtept lat="57.529055" lon="12.4677"><ele>104.0</ele></rtept><rtept lat="57.529075" lon="12.467742"><ele>104.0</ele></rtept><rtept lat="57.529087" lon="12.467775"><ele>104.2</ele></rtept><rtept lat="57.5291" lon="12.467808"><ele>104.0</ele></rtept><rtept lat="57.529113" lon="12.467842"><ele>104.0</ele></rtept><rtept lat="57.529125" lon="12.467882"><ele>103.4</ele></rtept><rtept lat="57.529138" lon="12.467922"><ele>103.6</ele></rtept><rtept lat="57.529163" lon="12.467973"><ele>103.6</ele></rtept><rtept lat="57.529177" lon="12.468028"><ele>103.2</ele></rtept><rtept lat="57.52919" lon="12.468085"><ele>102.8</ele></rtept><rtept lat="57.529202" lon="12.468132"><ele>102.0</ele></rtept><rtept lat="57.529215" lon="12.468192"><ele>102.0</ele></rtept><rtept lat="57.529228" lon="12.468255"><ele>101.2</ele></rtept><rtept lat="57.529222" lon="12.468353"><ele>100.2</ele></rtept><rtept lat="57.529222" lon="12.468413"><ele>99.8</ele></rtept><rtept lat="57.529215" lon="12.46847"><ele>100.0</ele></rtept><rtept lat="57.529215" lon="12.468522"><ele>99.4</ele></rtept><rtept lat="57.529215" lon="12.468568"><ele>98.8</ele></rtept><rtept lat="57.529222" lon="12.468623"><ele>98.8</ele></rtept><rtept lat="57.529228" lon="12.468667"><ele>98.0</ele></rtept><rtept lat="57.52924" lon="12.468718"><ele>97.8</ele></rtept><rtept lat="57.529247" lon="12.468762"><ele>97.2</ele></rtept><rtept lat="57.52926" lon="12.468818"><ele>96.8</ele></rtept><rtept lat="57.529267" lon="12.468872"><ele>96.6</ele></rtept><rtept lat="57.529267" lon="12.468925"><ele>96.0</ele></rtept><rtept lat="57.529267" lon="12.468977"><ele>95.8</ele></rtept><rtept lat="57.529267" lon="12.469048"><ele>95.6</ele></rtept><rtept lat="57.52926" lon="12.469097"><ele>95.0</ele></rtept><rtept lat="57.52926" lon="12.469158"><ele>95.0</ele></rtept><rtept lat="57.529247" lon="12.469198"><ele>94.2</ele></rtept><rtept lat="57.52924" lon="12.469248"><ele>94.2</ele></rtept><rtept lat="57.529235" lon="12.4693"><ele>94.0</ele></rtept><rtept lat="57.529235" lon="12.469347"><ele>93.8</ele></rtept><rtept lat="57.529235" lon="12.469393"><ele>94.2</ele></rtept><rtept lat="57.529235" lon="12.469453"><ele>93.6</ele></rtept><rtept lat="57.529235" lon="12.469498"><ele>94.0</ele></rtept><rtept lat="57.52924" lon="12.46954"><ele>93.8</ele></rtept><rtept lat="57.52924" lon="12.469578"><ele>94.0</ele></rtept><rtept lat="57.529247" lon="12.469615"><ele>94.2</ele></rtept><rtept lat="57.529247" lon="12.46965"><ele>94.2</ele></rtept><rtept lat="57.529253" lon="12.46969"><ele>94.8</ele></rtept><rtept lat="57.529253" lon="12.469735"><ele>94.4</ele></rtept><rtept lat="57.52926" lon="12.469778"><ele>94.0</ele></rtept><rtept lat="57.529247" lon="12.469862"><ele>94.2</ele></rtept><rtept lat="57.529247" lon="12.469907"><ele>94.6</ele></rtept><rtept lat="57.529247" lon="12.469948"><ele>94.6</ele></rtept><rtept lat="57.52926" lon="12.470007"><ele>94.6</ele></rtept><rtept lat="57.529267" lon="12.470053"><ele>95.2</ele></rtept><rtept lat="57.52928" lon="12.470107"><ele>94.8</ele></rtept><rtept lat="57.529298" lon="12.470165"><ele>94.8</ele></rtept><rtept lat="57.529305" lon="12.470212"><ele>95.0</ele></rtept><rtept lat="57.529318" lon="12.47026"><ele>94.6</ele></rtept><rtept lat="57.529323" lon="12.470302"><ele>95.0</ele></rtept><rtept lat="57.52933" lon="12.470345"><ele>94.6</ele></rtept><rtept lat="57.529337" lon="12.47039"><ele>94.4</ele></rtept><rtept lat="57.529343" lon="12.470437"><ele>94.6</ele></rtept><rtept lat="57.529362" lon="12.470488"><ele>94.2</ele></rtept><rtept lat="57.529382" lon="12.470542"><ele>94.4</ele></rtept><rtept lat="57.5294" lon="12.470588"><ele>94.2</ele></rtept><rtept lat="57.529413" lon="12.470627"><ele>93.8</ele></rtept><rtept lat="57.52942" lon="12.470667"><ele>94.0</ele></rtept><rtept lat="57.529433" lon="12.470707"><ele>93.6</ele></rtept><rtept lat="57.529445" lon="12.470748"><ele>93.6</ele></rtept><rtept lat="57.529458" lon="12.470787"><ele>93.4</ele></rtept><rtept lat="57.529465" lon="12.470827"><ele>93.6</ele></rtept><rtept lat="57.529483" lon="12.470873"><ele>93.4</ele></rtept><rtept lat="57.529497" lon="12.470915"><ele>93.2</ele></rtept><rtept lat="57.529503" lon="12.47095"><ele>93.6</ele></rtept><rtept lat="57.529517" lon="12.47098"><ele>93.0</ele></rtept><rtept lat="57.529528" lon="12.471035"><ele>93.2</ele></rtept><rtept lat="57.529535" lon="12.471103"><ele>93.0</ele></rtept><rtept lat="57.529542" lon="12.47114"><ele>92.6</ele></rtept><rtept lat="57.529555" lon="12.471177"><ele>92.2</ele></rtept><rtept lat="57.52956" lon="12.471223"><ele>92.4</ele></rtept><rtept lat="57.5296" lon="12.471343"><ele>92.4</ele></rtept><rtept lat="57.529618" lon="12.471392"><ele>92.0</ele></rtept><rtept lat="57.529643" lon="12.471438"><ele>92.0</ele></rtept><rtept lat="57.529663" lon="12.471472"><ele>92.2</ele></rtept><rtept lat="57.529677" lon="12.471503"><ele>92.0</ele></rtept><rtept lat="57.529695" lon="12.471533"><ele>92.6</ele></rtept><rtept lat="57.529715" lon="12.471562"><ele>92.2</ele></rtept><rtept lat="57.529733" lon="12.47159"><ele>92.6</ele></rtept><rtept lat="57.529753" lon="12.471612"><ele>92.2</ele></rtept><rtept lat="57.529778" lon="12.47164"><ele>92.2</ele></rtept><rtept lat="57.52981" lon="12.471678"><ele>92.4</ele></rtept><rtept lat="57.529842" lon="12.471725"><ele>92.6</ele></rtept><rtept lat="57.529868" lon="12.47175"><ele>92.4</ele></rtept><rtept lat="57.529893" lon="12.471775"><ele>92.8</ele></rtept><rtept lat="57.52992" lon="12.4718"><ele>92.4</ele></rtept><rtept lat="57.529945" lon="12.471823"><ele>92.8</ele></rtept><rtept lat="57.52997" lon="12.471843"><ele>92.4</ele></rtept><rtept lat="57.529997" lon="12.471873"><ele>92.2</ele></rtept><rtept lat="57.530015" lon="12.471903"><ele>92.6</ele></rtept><rtept lat="57.530035" lon="12.471938"><ele>92.2</ele></rtept><rtept lat="57.53006" lon="12.471968"><ele>92.2</ele></rtept><rtept lat="57.53008" lon="12.471995"><ele>92.0</ele></rtept><rtept lat="57.530098" lon="12.47202"><ele>91.6</ele></rtept><rtept lat="57.530118" lon="12.472043"><ele>91.8</ele></rtept><rtept lat="57.53013" lon="12.472072"><ele>91.4</ele></rtept><rtept lat="57.530157" lon="12.4721"><ele>92.0</ele></rtept><rtept lat="57.530175" lon="12.472132"><ele>91.6</ele></rtept><rtept lat="57.530195" lon="12.472167"><ele>91.4</ele></rtept><rtept lat="57.530207" lon="12.472198"><ele>91.6</ele></rtept><rtept lat="57.530233" lon="12.472245"><ele>91.6</ele></rtept><rtept lat="57.530252" lon="12.472277"><ele>92.0</ele></rtept><rtept lat="57.530272" lon="12.472312"><ele>91.6</ele></rtept><rtept lat="57.530297" lon="12.472347"><ele>91.2</ele></rtept><rtept lat="57.530322" lon="12.472378"><ele>91.6</ele></rtept><rtept lat="57.530367" lon="12.47245"><ele>91.0</ele></rtept><rtept lat="57.530387" lon="12.472495"><ele>90.8</ele></rtept><rtept lat="57.530412" lon="12.472555"><ele>90.6</ele></rtept><rtept lat="57.530432" lon="12.47266"><ele>90.2</ele></rtept><rtept lat="57.530425" lon="12.472708"><ele>90.0</ele></rtept><rtept lat="57.530418" lon="12.472748"><ele>90.2</ele></rtept><rtept lat="57.530405" lon="12.4728"><ele>90.0</ele></rtept><rtept lat="57.530393" lon="12.472847"><ele>90.4</ele></rtept><rtept lat="57.530387" lon="12.47288"><ele>90.0</ele></rtept><rtept lat="57.530367" lon="12.472918"><ele>90.0</ele></rtept><rtept lat="57.530355" lon="12.472958"><ele>90.0</ele></rtept><rtept lat="57.530342" lon="12.473005"><ele>90.0</ele></rtept><rtept lat="57.530335" lon="12.473062"><ele>90.2</ele></rtept><rtept lat="57.530328" lon="12.473117"><ele>89.6</ele></rtept><rtept lat="57.530322" lon="12.473172"><ele>89.2</ele></rtept><rtept lat="57.530317" lon="12.473233"><ele>89.4</ele></rtept><rtept lat="57.53031" lon="12.4733"><ele>89.2</ele></rtept><rtept lat="57.53031" lon="12.473355"><ele>89.0</ele></rtept><rtept lat="57.53031" lon="12.47341"><ele>88.6</ele></rtept><rtept lat="57.53031" lon="12.473462"><ele>89.0</ele></rtept><rtept lat="57.53031" lon="12.473508"><ele>88.6</ele></rtept><rtept lat="57.53031" lon="12.473553"><ele>88.6</ele></rtept><rtept lat="57.530317" lon="12.4736"><ele>88.8</ele></rtept><rtept lat="57.530328" lon="12.473647"><ele>88.8</ele></rtept><rtept lat="57.530335" lon="12.473692"><ele>89.2</ele></rtept><rtept lat="57.530335" lon="12.473738"><ele>89.4</ele></rtept><rtept lat="57.530348" lon="12.473778"><ele>90.0</ele></rtept><rtept lat="57.530348" lon="12.47382"><ele>90.0</ele></rtept><rtept lat="57.530355" lon="12.473863"><ele>89.8</ele></rtept><rtept lat="57.53036" lon="12.473905"><ele>90.4</ele></rtept><rtept lat="57.530367" lon="12.47395"><ele>90.2</ele></rtept><rtept lat="57.530367" lon="12.47401"><ele>91.0</ele></rtept><rtept lat="57.530367" lon="12.474045"><ele>91.0</ele></rtept><rtept lat="57.530367" lon="12.47408"><ele>91.4</ele></rtept><rtept lat="57.530373" lon="12.474115"><ele>91.2</ele></rtept><rtept lat="57.530387" lon="12.474155"><ele>91.4</ele></rtept><rtept lat="57.530387" lon="12.474195"><ele>91.4</ele></rtept><rtept lat="57.530387" lon="12.474233"><ele>91.4</ele></rtept><rtept lat="57.530387" lon="12.474278"><ele>92.0</ele></rtept><rtept lat="57.530387" lon="12.47432"><ele>92.0</ele></rtept><rtept lat="57.530387" lon="12.474362"><ele>92.4</ele></rtept><rtept lat="57.530387" lon="12.4744"><ele>92.6</ele></rtept><rtept lat="57.530387" lon="12.47444"><ele>92.6</ele></rtept><rtept lat="57.530387" lon="12.474485"><ele>93.2</ele></rtept><rtept lat="57.530393" lon="12.47453"><ele>93.2</ele></rtept><rtept lat="57.530393" lon="12.474572"><ele>93.4</ele></rtept><rtept lat="57.530393" lon="12.47461"><ele>93.8</ele></rtept><rtept lat="57.530393" lon="12.474645"><ele>93.6</ele></rtept><rtept lat="57.530393" lon="12.474708"><ele>94.2</ele></rtept><rtept lat="57.530393" lon="12.474742"><ele>94.0</ele></rtept><rtept lat="57.5304" lon="12.474805"><ele>94.6</ele></rtept><rtept lat="57.5304" lon="12.47484"><ele>95.0</ele></rtept><rtept lat="57.5304" lon="12.4749"><ele>95.0</ele></rtept><rtept lat="57.530418" lon="12.474948"><ele>95.6</ele></rtept><rtept lat="57.530438" lon="12.475007"><ele>95.6</ele></rtept><rtept lat="57.530457" lon="12.475062"><ele>96.0</ele></rtept><rtept lat="57.530482" lon="12.475112"><ele>96.2</ele></rtept><rtept lat="57.530495" lon="12.475157"><ele>96.2</ele></rtept><rtept lat="57.53052" lon="12.4752"><ele>96.8</ele></rtept><rtept lat="57.530533" lon="12.475242"><ele>96.8</ele></rtept><rtept lat="57.530553" lon="12.475285"><ele>97.0</ele></rtept><rtept lat="57.530585" lon="12.475328"><ele>97.2</ele></rtept><rtept lat="57.530598" lon="12.475363"><ele>97.2</ele></rtept><rtept lat="57.530617" lon="12.475393"><ele>97.8</ele></rtept><rtept lat="57.53063" lon="12.475423"><ele>97.6</ele></rtept><rtept lat="57.530642" lon="12.475448"><ele>97.8</ele></rtept><rtept lat="57.530655" lon="12.475473"><ele>98.0</ele></rtept><rtept lat="57.530675" lon="12.475498"><ele>98.0</ele></rtept><rtept lat="57.530707" lon="12.475542"><ele>98.6</ele></rtept><rtept lat="57.530725" lon="12.475573"><ele>98.4</ele></rtept><rtept lat="57.530738" lon="12.475598"><ele>98.8</ele></rtept><rtept lat="57.53077" lon="12.475632"><ele>99.2</ele></rtept><rtept lat="57.530797" lon="12.475672"><ele>99.0</ele></rtept><rtept lat="57.530815" lon="12.475692"><ele>99.6</ele></rtept><rtept lat="57.53084" lon="12.47572"><ele>99.4</ele></rtept><rtept lat="57.53086" lon="12.475747"><ele>99.4</ele></rtept><rtept lat="57.530885" lon="12.475785"><ele>99.8</ele></rtept><rtept lat="57.530912" lon="12.475818"><ele>99.6</ele></rtept><rtept lat="57.53093" lon="12.475845"><ele>99.8</ele></rtept><rtept lat="57.530943" lon="12.47588"><ele>100.0</ele></rtept><rtept lat="57.530962" lon="12.475912"><ele>99.8</ele></rtept><rtept lat="57.530975" lon="12.475952"><ele>100.2</ele></rtept><rtept lat="57.530988" lon="12.475997"><ele>100.2</ele></rtept><rtept lat="57.530995" lon="12.476028"><ele>99.8</ele></rtept><rtept lat="57.531007" lon="12.47606"><ele>100.2</ele></rtept><rtept lat="57.531027" lon="12.476118"><ele>100.2</ele></rtept><rtept lat="57.531045" lon="12.476175"><ele>100.6</ele></rtept><rtept lat="57.531052" lon="12.476228"><ele>101.0</ele></rtept><rtept lat="57.531065" lon="12.476262"><ele>101.2</ele></rtept><rtept lat="57.531083" lon="12.476293"><ele>101.4</ele></rtept><rtept lat="57.53111" lon="12.476353"><ele>101.6</ele></rtept><rtept lat="57.531122" lon="12.476387"><ele>101.6</ele></rtept><rtept lat="57.531135" lon="12.47642"><ele>101.4</ele></rtept><rtept lat="57.531148" lon="12.476457"><ele>101.8</ele></rtept><rtept lat="57.53118" lon="12.476507"><ele>101.6</ele></rtept><rtept lat="57.531205" lon="12.47656"><ele>101.6</ele></rtept><rtept lat="57.531225" lon="12.476605"><ele>101.8</ele></rtept><rtept lat="57.53125" lon="12.476647"><ele>101.4</ele></rtept><rtept lat="57.531277" lon="12.476683"><ele>101.8</ele></rtept><rtept lat="57.531302" lon="12.47672"><ele>101.6</ele></rtept><rtept lat="57.531315" lon="12.47675"><ele>101.4</ele></rtept><rtept lat="57.531327" lon="12.476783"><ele>101.6</ele></rtept><rtept lat="57.531347" lon="12.47681"><ele>101.2</ele></rtept><rtept lat="57.531365" lon="12.476842"><ele>101.2</ele></rtept><rtept lat="57.531385" lon="12.476868"><ele>101.2</ele></rtept><rtept lat="57.531398" lon="12.476902"><ele>101.0</ele></rtept><rtept lat="57.53141" lon="12.476942"><ele>101.4</ele></rtept><rtept lat="57.531423" lon="12.47698"><ele>101.0</ele></rtept><rtept lat="57.53143" lon="12.477018"><ele>101.2</ele></rtept><rtept lat="57.531448" lon="12.477058"><ele>101.2</ele></rtept><rtept lat="57.531462" lon="12.477098"><ele>101.0</ele></rtept><rtept lat="57.53148" lon="12.47714"><ele>101.6</ele></rtept><rtept lat="57.5315" lon="12.477182"><ele>101.2</ele></rtept><rtept lat="57.531525" lon="12.47723"><ele>101.6</ele></rtept><rtept lat="57.53157" lon="12.477298"><ele>101.6</ele></rtept><rtept lat="57.531608" lon="12.477355"><ele>101.4</ele></rtept><rtept lat="57.531647" lon="12.477437"><ele>102.0</ele></rtept><rtept lat="57.531685" lon="12.477513"><ele>101.8</ele></rtept><rtept lat="57.53173" lon="12.477595"><ele>102.2</ele></rtept><rtept lat="57.531768" lon="12.477647"><ele>102.2</ele></rtept><rtept lat="57.531807" lon="12.477707"><ele>102.0</ele></rtept><rtept lat="57.53184" lon="12.477778"><ele>102.4</ele></rtept><rtept lat="57.531878" lon="12.477847"><ele>102.0</ele></rtept><rtept lat="57.531917" lon="12.477918"><ele>101.8</ele></rtept><rtept lat="57.531942" lon="12.477972"><ele>101.4</ele></rtept><rtept lat="57.531955" lon="12.478012"><ele>101.4</ele></rtept><rtept lat="57.53196" lon="12.478047"><ele>101.4</ele></rtept><rtept lat="57.53196" lon="12.478095"><ele>101.0</ele></rtept><rtept lat="57.53196" lon="12.478143"><ele>101.4</ele></rtept><rtept lat="57.53196" lon="12.4782"><ele>100.8</ele></rtept><rtept lat="57.53196" lon="12.47826"><ele>100.6</ele></rtept><rtept lat="57.531948" lon="12.47832"><ele>100.6</ele></rtept><rtept lat="57.531955" lon="12.478373"><ele>100.2</ele></rtept><rtept lat="57.53196" lon="12.47842"><ele>100.6</ele></rtept><rtept lat="57.53196" lon="12.47846"><ele>100.0</ele></rtept><rtept lat="57.53196" lon="12.478512"><ele>100.2</ele></rtept><rtept lat="57.531955" lon="12.478557"><ele>100.4</ele></rtept><rtept lat="57.531955" lon="12.478598"><ele>100.0</ele></rtept><rtept lat="57.531948" lon="12.47865"><ele>100.2</ele></rtept><rtept lat="57.531942" lon="12.478697"><ele>99.8</ele></rtept><rtept lat="57.531935" lon="12.478745"><ele>99.2</ele></rtept><rtept lat="57.531935" lon="12.4788"><ele>99.4</ele></rtept><rtept lat="57.531935" lon="12.478835"><ele>98.8</ele></rtept><rtept lat="57.531935" lon="12.478868"><ele>98.4</ele></rtept><rtept lat="57.531948" lon="12.4789"><ele>98.2</ele></rtept><rtept lat="57.53196" lon="12.478933"><ele>97.6</ele></rtept><rtept lat="57.53198" lon="12.478965"><ele>97.2</ele></rtept><rtept lat="57.531993" lon="12.479"><ele>97.2</ele></rtept><rtept lat="57.532018" lon="12.479047"><ele>96.2</ele></rtept><rtept lat="57.532038" lon="12.479107"><ele>96.0</ele></rtept><rtept lat="57.532057" lon="12.47916"><ele>96.0</ele></rtept><rtept lat="57.532082" lon="12.479218"><ele>95.2</ele></rtept><rtept lat="57.532095" lon="12.479272"><ele>95.4</ele></rtept><rtept lat="57.53212" lon="12.479332"><ele>94.8</ele></rtept><rtept lat="57.532133" lon="12.479382"><ele>94.2</ele></rtept><rtept lat="57.532147" lon="12.479432"><ele>94.2</ele></rtept><rtept lat="57.532172" lon="12.479483"><ele>93.6</ele></rtept><rtept lat="57.532185" lon="12.47953"><ele>93.8</ele></rtept><rtept lat="57.532203" lon="12.47958"><ele>93.2</ele></rtept><rtept lat="57.532223" lon="12.479625"><ele>93.0</ele></rtept><rtept lat="57.532262" lon="12.479708"><ele>92.6</ele></rtept><rtept lat="57.53228" lon="12.479758"><ele>92.8</ele></rtept><rtept lat="57.5323" lon="12.47982"><ele>92.2</ele></rtept><rtept lat="57.53232" lon="12.479867"><ele>92.4</ele></rtept><rtept lat="57.532325" lon="12.47992"><ele>92.0</ele></rtept><rtept lat="57.532338" lon="12.479967"><ele>92.0</ele></rtept><rtept lat="57.532352" lon="12.480022"><ele>92.0</ele></rtept><rtept lat="57.532358" lon="12.480072"><ele>91.8</ele></rtept><rtept lat="57.532377" lon="12.480142"><ele>92.2</ele></rtept><rtept lat="57.532397" lon="12.4802"><ele>91.6</ele></rtept><rtept lat="57.532415" lon="12.480253"><ele>91.8</ele></rtept><rtept lat="57.532435" lon="12.4803"><ele>91.6</ele></rtept><rtept lat="57.532453" lon="12.480345"><ele>91.2</ele></rtept><rtept lat="57.532473" lon="12.480388"><ele>91.6</ele></rtept><rtept lat="57.532492" lon="12.480428"><ele>91.2</ele></rtept><rtept lat="57.532512" lon="12.480473"><ele>91.6</ele></rtept><rtept lat="57.532523" lon="12.480513"><ele>91.2</ele></rtept><rtept lat="57.532543" lon="12.480547"><ele>91.2</ele></rtept><rtept lat="57.532562" lon="12.480587"><ele>91.4</ele></rtept><rtept lat="57.532582" lon="12.480637"><ele>91.2</ele></rtept><rtept lat="57.5326" lon="12.480668"><ele>91.6</ele></rtept><rtept lat="57.53262" lon="12.480713"><ele>91.4</ele></rtept><rtept lat="57.53264" lon="12.480742"><ele>91.8</ele></rtept><rtept lat="57.532658" lon="12.48079"><ele>91.6</ele></rtept><rtept lat="57.532683" lon="12.480825"><ele>91.8</ele></rtept><rtept lat="57.53271" lon="12.480862"><ele>91.8</ele></rtept><rtept lat="57.532728" lon="12.4809"><ele>91.6</ele></rtept><rtept lat="57.532755" lon="12.48094"><ele>92.0</ele></rtept><rtept lat="57.53278" lon="12.48098"><ele>91.8</ele></rtept><rtept lat="57.5328" lon="12.481013"><ele>92.0</ele></rtept><rtept lat="57.532818" lon="12.48105"><ele>91.8</ele></rtept><rtept lat="57.53285" lon="12.481088"><ele>91.8</ele></rtept><rtept lat="57.532877" lon="12.481115"><ele>91.8</ele></rtept><rtept lat="57.532902" lon="12.481142"><ele>91.6</ele></rtept><rtept lat="57.532927" lon="12.481168"><ele>91.8</ele></rtept><rtept lat="57.532953" lon="12.481198"><ele>91.4</ele></rtept><rtept lat="57.532978" lon="12.481228"><ele>91.8</ele></rtept><rtept lat="57.53301" lon="12.48126"><ele>91.6</ele></rtept><rtept lat="57.533037" lon="12.481283"><ele>91.6</ele></rtept><rtept lat="57.533068" lon="12.481312"><ele>91.6</ele></rtept><rtept lat="57.533093" lon="12.481333"><ele>91.2</ele></rtept><rtept lat="57.53312" lon="12.481357"><ele>91.6</ele></rtept><rtept lat="57.533138" lon="12.481377"><ele>91.4</ele></rtept><rtept lat="57.533163" lon="12.4814"><ele>92.0</ele></rtept><rtept lat="57.53319" lon="12.481432"><ele>91.6</ele></rtept><rtept lat="57.533215" lon="12.481458"><ele>92.0</ele></rtept><rtept lat="57.53324" lon="12.481485"><ele>91.8</ele></rtept><rtept lat="57.533267" lon="12.481515"><ele>91.8</ele></rtept><rtept lat="57.533285" lon="12.48154"><ele>92.0</ele></rtept><rtept lat="57.533312" lon="12.481562"><ele>92.0</ele></rtept><rtept lat="57.53335" lon="12.481615"><ele>92.4</ele></rtept><rtept lat="57.533375" lon="12.481635"><ele>93.0</ele></rtept><rtept lat="57.533407" lon="12.481677"><ele>92.8</ele></rtept><rtept lat="57.533427" lon="12.481697"><ele>93.0</ele></rtept><rtept lat="57.533452" lon="12.481717"><ele>92.8</ele></rtept><rtept lat="57.533472" lon="12.481735"><ele>93.4</ele></rtept><rtept lat="57.53349" lon="12.481748"><ele>93.0</ele></rtept><rtept lat="57.533517" lon="12.481763"><ele>93.6</ele></rtept><rtept lat="57.533542" lon="12.48179"><ele>93.4</ele></rtept><rtept lat="57.53356" lon="12.48181"><ele>93.6</ele></rtept><rtept lat="57.533587" lon="12.481842"><ele>93.6</ele></rtept><rtept lat="57.533605" lon="12.481872"><ele>93.6</ele></rtept><rtept lat="57.533625" lon="12.481902"><ele>94.0</ele></rtept><rtept lat="57.533643" lon="12.481938"><ele>93.8</ele></rtept><rtept lat="57.533663" lon="12.481973"><ele>94.0</ele></rtept><rtept lat="57.533677" lon="12.482007"><ele>94.0</ele></rtept><rtept lat="57.533695" lon="12.48204"><ele>93.8</ele></rtept><rtept lat="57.533715" lon="12.482078"><ele>94.2</ele></rtept><rtept lat="57.533733" lon="12.482113"><ele>93.8</ele></rtept><rtept lat="57.533747" lon="12.482147"><ele>94.0</ele></rtept><rtept lat="57.533753" lon="12.482182"><ele>93.8</ele></rtept><rtept lat="57.533765" lon="12.482225"><ele>93.4</ele></rtept><rtept lat="57.533785" lon="12.482265"><ele>93.8</ele></rtept><rtept lat="57.53381" lon="12.482335"><ele>93.2</ele></rtept><rtept lat="57.533823" lon="12.48238"><ele>93.0</ele></rtept><rtept lat="57.533842" lon="12.482423"><ele>92.6</ele></rtept><rtept lat="57.533848" lon="12.482468"><ele>92.8</ele></rtept><rtept lat="57.533862" lon="12.482518"><ele>92.2</ele></rtept><rtept lat="57.533887" lon="12.482582"><ele>92.4</ele></rtept><rtept lat="57.533913" lon="12.482643"><ele>92.0</ele></rtept><rtept lat="57.533945" lon="12.482693"><ele>91.6</ele></rtept><rtept lat="57.533963" lon="12.482728"><ele>91.6</ele></rtept><rtept lat="57.533983" lon="12.482773"><ele>91.0</ele></rtept><rtept lat="57.534022" lon="12.482818"><ele>91.0</ele></rtept><rtept lat="57.534047" lon="12.48287"><ele>90.6</ele></rtept><rtept lat="57.534073" lon="12.482925"><ele>90.4</ele></rtept><rtept lat="57.534105" lon="12.482985"><ele>90.6</ele></rtept><rtept lat="57.534123" lon="12.48305"><ele>90.0</ele></rtept><rtept lat="57.534168" lon="12.483135"><ele>89.8</ele></rtept><rtept lat="57.534182" lon="12.483162"><ele>89.0</ele></rtept><rtept lat="57.5342" lon="12.483183"><ele>88.8</ele></rtept><rtept lat="57.53422" lon="12.483208"><ele>88.2</ele></rtept><rtept lat="57.53424" lon="12.483228"><ele>87.6</ele></rtept><rtept lat="57.534258" lon="12.483235"><ele>87.6</ele></rtept><rtept lat="57.534283" lon="12.483242"><ele>86.8</ele></rtept><rtept lat="57.53431" lon="12.483258"><ele>86.6</ele></rtept><rtept lat="57.534342" lon="12.48327"><ele>86.2</ele></rtept><rtept lat="57.53436" lon="12.483282"><ele>86.0</ele></rtept><rtept lat="57.5344" lon="12.483307"><ele>85.8</ele></rtept><rtept lat="57.534438" lon="12.483327"><ele>85.0</ele></rtept><rtept lat="57.534463" lon="12.483348"><ele>84.6</ele></rtept><rtept lat="57.534495" lon="12.483368"><ele>84.0</ele></rtept><rtept lat="57.53452" lon="12.483387"><ele>83.6</ele></rtept><rtept lat="57.53456" lon="12.483413"><ele>82.6</ele></rtept><rtept lat="57.534598" lon="12.483432"><ele>82.0</ele></rtept><rtept lat="57.534637" lon="12.483457"><ele>81.8</ele></rtept><rtept lat="57.534675" lon="12.483485"><ele>81.0</ele></rtept><rtept lat="57.534707" lon="12.483512"><ele>81.0</ele></rtept><rtept lat="57.534745" lon="12.48353"><ele>80.2</ele></rtept><rtept lat="57.53479" lon="12.483545"><ele>80.2</ele></rtept><rtept lat="57.534828" lon="12.48358"><ele>79.6</ele></rtept><rtept lat="57.534867" lon="12.483605"><ele>79.0</ele></rtept><rtept lat="57.534912" lon="12.483632"><ele>79.0</ele></rtept><rtept lat="57.534957" lon="12.483655"><ele>78.4</ele></rtept><rtept lat="57.534995" lon="12.483675"><ele>78.2</ele></rtept><rtept lat="57.53504" lon="12.4837"><ele>77.4</ele></rtept><rtept lat="57.535078" lon="12.48372"><ele>77.8</ele></rtept><rtept lat="57.535122" lon="12.483732"><ele>77.2</ele></rtept><rtept lat="57.535155" lon="12.483755"><ele>77.2</ele></rtept><rtept lat="57.535193" lon="12.483765"><ele>76.6</ele></rtept><rtept lat="57.535218" lon="12.483777"><ele>76.2</ele></rtept><rtept lat="57.53525" lon="12.483785"><ele>76.4</ele></rtept><rtept lat="57.535282" lon="12.483803"><ele>75.6</ele></rtept><rtept lat="57.535315" lon="12.48382"><ele>75.8</ele></rtept><rtept lat="57.53534" lon="12.48384"><ele>75.0</ele></rtept><rtept lat="57.535372" lon="12.483853"><ele>75.0</ele></rtept><rtept lat="57.535403" lon="12.483868"><ele>74.4</ele></rtept><rtept lat="57.535437" lon="12.48389"><ele>73.8</ele></rtept><rtept lat="57.535468" lon="12.483915"><ele>73.6</ele></rtept><rtept lat="57.535507" lon="12.48394"><ele>72.8</ele></rtept><rtept lat="57.535545" lon="12.48397"><ele>73.0</ele></rtept><rtept lat="57.535583" lon="12.484008"><ele>72.0</ele></rtept><rtept lat="57.535622" lon="12.484028"><ele>72.2</ele></rtept><rtept lat="57.53566" lon="12.48406"><ele>71.4</ele></rtept><rtept lat="57.535698" lon="12.484093"><ele>71.0</ele></rtept><rtept lat="57.53573" lon="12.484127"><ele>70.2</ele></rtept><rtept lat="57.535762" lon="12.48416"><ele>70.0</ele></rtept><rtept lat="57.535795" lon="12.484197"><ele>69.6</ele></rtept><rtept lat="57.535833" lon="12.484232"><ele>69.4</ele></rtept><rtept lat="57.535872" lon="12.484265"><ele>69.2</ele></rtept><rtept lat="57.535903" lon="12.484297"><ele>68.6</ele></rtept><rtept lat="57.535942" lon="12.48432"><ele>69.0</ele></rtept><rtept lat="57.535973" lon="12.48434"><ele>68.2</ele></rtept><rtept lat="57.536" lon="12.484365"><ele>68.6</ele></rtept><rtept lat="57.536032" lon="12.484403"><ele>68.0</ele></rtept><rtept lat="57.53607" lon="12.484435"><ele>67.8</ele></rtept><rtept lat="57.536095" lon="12.48448"><ele>67.8</ele></rtept><rtept lat="57.536133" lon="12.484517"><ele>67.2</ele></rtept><rtept lat="57.53616" lon="12.48456"><ele>67.4</ele></rtept><rtept lat="57.536185" lon="12.484593"><ele>66.2</ele></rtept><rtept lat="57.53621" lon="12.484623"><ele>66.4</ele></rtept><rtept lat="57.53623" lon="12.48466"><ele>65.4</ele></rtept><rtept lat="57.536255" lon="12.484695"><ele>65.2</ele></rtept><rtept lat="57.536275" lon="12.48474"><ele>65.2</ele></rtept><rtept lat="57.5363" lon="12.484787"><ele>64.6</ele></rtept><rtept lat="57.53632" lon="12.484833"><ele>64.8</ele></rtept><rtept lat="57.536345" lon="12.484882"><ele>63.8</ele></rtept><rtept lat="57.53637" lon="12.48493"><ele>63.8</ele></rtept><rtept lat="57.53639" lon="12.48498"><ele>63.4</ele></rtept><rtept lat="57.536415" lon="12.485032"><ele>62.8</ele></rtept><rtept lat="57.536435" lon="12.485078"><ele>62.8</ele></rtept><rtept lat="57.536453" lon="12.48513"><ele>62.2</ele></rtept><rtept lat="57.536467" lon="12.485183"><ele>62.2</ele></rtept><rtept lat="57.536492" lon="12.48524"><ele>61.6</ele></rtept><rtept lat="57.536512" lon="12.485295"><ele>61.4</ele></rtept><rtept lat="57.53653" lon="12.485348"><ele>61.4</ele></rtept><rtept lat="57.536543" lon="12.485402"><ele>60.6</ele></rtept><rtept lat="57.536575" lon="12.48552"><ele>60.0</ele></rtept><rtept lat="57.536595" lon="12.48558"><ele>60.0</ele></rtept><rtept lat="57.536595" lon="12.485638"><ele>59.4</ele></rtept><rtept lat="57.536607" lon="12.485692"><ele>59.2</ele></rtept><rtept lat="57.53662" lon="12.485747"><ele>59.0</ele></rtept><rtept lat="57.536627" lon="12.485797"><ele>58.4</ele></rtept><rtept lat="57.536645" lon="12.48584"><ele>58.6</ele></rtept><rtept lat="57.536665" lon="12.485885"><ele>58.0</ele></rtept><rtept lat="57.53669" lon="12.48593"><ele>58.2</ele></rtept><rtept lat="57.536717" lon="12.485973"><ele>57.8</ele></rtept><rtept lat="57.536742" lon="12.486015"><ele>57.2</ele></rtept><rtept lat="57.53676" lon="12.486053"><ele>57.6</ele></rtept><rtept lat="57.536787" lon="12.486088"><ele>57.4</ele></rtept><rtept lat="57.536812" lon="12.486113"><ele>57.4</ele></rtept><rtept lat="57.536832" lon="12.486147"><ele>57.4</ele></rtept><rtept lat="57.536877" lon="12.48618"><ele>56.6</ele></rtept><rtept lat="57.536908" lon="12.486193"><ele>56.0</ele></rtept><rtept lat="57.536933" lon="12.486203"><ele>55.8</ele></rtept><rtept lat="57.53696" lon="12.48622"><ele>55.8</ele></rtept><rtept lat="57.536992" lon="12.486233"><ele>55.2</ele></rtept><rtept lat="57.53701" lon="12.48624"><ele>55.4</ele></rtept><rtept lat="57.537042" lon="12.486258"><ele>55.0</ele></rtept><rtept lat="57.537068" lon="12.486262"><ele>54.8</ele></rtept><rtept lat="57.5371" lon="12.486268"><ele>55.0</ele></rtept><rtept lat="57.53712" lon="12.486273"><ele>54.6</ele></rtept><rtept lat="57.537152" lon="12.486267"><ele>55.0</ele></rtept><rtept lat="57.537183" lon="12.486263"><ele>54.4</ele></rtept><rtept lat="57.537208" lon="12.486258"><ele>54.6</ele></rtept><rtept lat="57.53724" lon="12.486243"><ele>54.4</ele></rtept><rtept lat="57.537267" lon="12.486237"><ele>54.6</ele></rtept><rtept lat="57.537298" lon="12.486223"><ele>54.8</ele></rtept><rtept lat="57.537323" lon="12.486213"><ele>54.4</ele></rtept><rtept lat="57.537357" lon="12.486202"><ele>54.8</ele></rtept><rtept lat="57.537388" lon="12.486192"><ele>54.8</ele></rtept><rtept lat="57.53742" lon="12.486173"><ele>55.4</ele></rtept><rtept lat="57.537445" lon="12.486157"><ele>55.0</ele></rtept><rtept lat="57.537478" lon="12.486135"><ele>55.4</ele></rtept><rtept lat="57.537503" lon="12.486122"><ele>55.2</ele></rtept><rtept lat="57.537535" lon="12.486098"><ele>55.0</ele></rtept><rtept lat="57.537548" lon="12.48607"><ele>55.4</ele></rtept><rtept lat="57.537573" lon="12.486055"><ele>55.2</ele></rtept><rtept lat="57.537598" lon="12.486042"><ele>55.8</ele></rtept><rtept lat="57.537618" lon="12.48602"><ele>55.6</ele></rtept><rtept lat="57.537643" lon="12.485998"><ele>55.4</ele></rtept><rtept lat="57.537677" lon="12.485975"><ele>55.6</ele></rtept><rtept lat="57.537702" lon="12.485958"><ele>55.2</ele></rtept><rtept lat="57.537727" lon="12.485938"><ele>55.4</ele></rtept><rtept lat="57.53776" lon="12.48592"><ele>55.6</ele></rtept><rtept lat="57.537778" lon="12.48591"><ele>55.8</ele></rtept><rtept lat="57.537803" lon="12.485885"><ele>56.0</ele></rtept><rtept lat="57.53783" lon="12.48586"><ele>55.8</ele></rtept><rtept lat="57.537855" lon="12.485823"><ele>56.0</ele></rtept><rtept lat="57.53788" lon="12.485765"><ele>56.2</ele></rtept><rtept lat="57.537907" lon="12.485735"><ele>56.4</ele></rtept><rtept lat="57.537925" lon="12.485718"><ele>56.0</ele></rtept><rtept lat="57.537952" lon="12.4857"><ele>56.0</ele></rtept><rtept lat="57.537977" lon="12.485685"><ele>56.0</ele></rtept><rtept lat="57.538002" lon="12.485672"><ele>56.2</ele></rtept><rtept lat="57.538028" lon="12.485652"><ele>56.2</ele></rtept><rtept lat="57.53806" lon="12.485635"><ele>56.2</ele></rtept><rtept lat="57.538085" lon="12.48562"><ele>56.4</ele></rtept><rtept lat="57.538118" lon="12.48561"><ele>56.4</ele></rtept><rtept lat="57.538143" lon="12.4856"><ele>56.4</ele></rtept><rtept lat="57.538168" lon="12.485585"><ele>56.4</ele></rtept><rtept lat="57.538195" lon="12.485567"><ele>56.0</ele></rtept><rtept lat="57.53822" lon="12.485547"><ele>56.4</ele></rtept><rtept lat="57.53824" lon="12.485528"><ele>56.2</ele></rtept><rtept lat="57.538258" lon="12.485513"><ele>56.6</ele></rtept><rtept lat="57.53829" lon="12.485502"><ele>56.6</ele></rtept><rtept lat="57.538328" lon="12.485467"><ele>56.4</ele></rtept><rtept lat="57.538355" lon="12.485447"><ele>56.2</ele></rtept><rtept lat="57.53838" lon="12.485427"><ele>56.6</ele></rtept><rtept lat="57.538412" lon="12.485413"><ele>56.2</ele></rtept><rtept lat="57.538438" lon="12.4854"><ele>56.4</ele></rtept><rtept lat="57.538463" lon="12.485388"><ele>56.6</ele></rtept><rtept lat="57.538488" lon="12.485382"><ele>56.4</ele></rtept><rtept lat="57.538508" lon="12.48537"><ele>56.8</ele></rtept><rtept lat="57.538533" lon="12.48535"><ele>56.6</ele></rtept><rtept lat="57.53856" lon="12.485335"><ele>56.6</ele></rtept><rtept lat="57.538585" lon="12.485322"><ele>57.0</ele></rtept><rtept lat="57.53861" lon="12.485308"><ele>56.8</ele></rtept><rtept lat="57.538637" lon="12.485293"><ele>57.2</ele></rtept><rtept lat="57.538662" lon="12.485278"><ele>57.0</ele></rtept><rtept lat="57.538687" lon="12.485268"><ele>57.0</ele></rtept><rtept lat="57.538713" lon="12.485258"><ele>57.2</ele></rtept><rtept lat="57.538738" lon="12.485245"><ele>57.0</ele></rtept><rtept lat="57.538758" lon="12.485228"><ele>57.0</ele></rtept><rtept lat="57.538777" lon="12.485213"><ele>57.0</ele></rtept><rtept lat="57.538802" lon="12.485197"><ele>57.4</ele></rtept><rtept lat="57.538828" lon="12.485177"><ele>57.2</ele></rtept><rtept lat="57.53886" lon="12.485157"><ele>56.8</ele></rtept><rtept lat="57.538885" lon="12.48514"><ele>57.2</ele></rtept><rtept lat="57.538912" lon="12.485123"><ele>56.8</ele></rtept><rtept lat="57.538937" lon="12.485092"><ele>57.2</ele></rtept><rtept lat="57.538962" lon="12.485072"><ele>57.0</ele></rtept><rtept lat="57.538988" lon="12.485052"><ele>56.8</ele></rtept><rtept lat="57.539013" lon="12.485035"><ele>57.2</ele></rtept><rtept lat="57.539052" lon="12.485018"><ele>56.8</ele></rtept><rtept lat="57.539072" lon="12.48499"><ele>57.2</ele></rtept><rtept lat="57.539097" lon="12.484972"><ele>57.0</ele></rtept><rtept lat="57.539122" lon="12.484947"><ele>57.4</ele></rtept><rtept lat="57.539155" lon="12.484927"><ele>57.2</ele></rtept><rtept lat="57.539193" lon="12.484902"><ele>57.0</ele></rtept><rtept lat="57.539218" lon="12.484892"><ele>57.4</ele></rtept><rtept lat="57.539243" lon="12.484873"><ele>57.2</ele></rtept><rtept lat="57.53927" lon="12.484857"><ele>57.6</ele></rtept><rtept lat="57.539295" lon="12.48484"><ele>57.6</ele></rtept><rtept lat="57.539315" lon="12.484828"><ele>57.6</ele></rtept><rtept lat="57.539347" lon="12.484817"><ele>58.0</ele></rtept><rtept lat="57.539365" lon="12.484793"><ele>58.0</ele></rtept><rtept lat="57.539392" lon="12.484768"><ele>58.4</ele></rtept><rtept lat="57.53941" lon="12.484748"><ele>58.2</ele></rtept><rtept lat="57.539442" lon="12.484735"><ele>58.6</ele></rtept><rtept lat="57.539468" lon="12.484718"><ele>58.6</ele></rtept><rtept lat="57.539507" lon="12.484707"><ele>58.6</ele></rtept><rtept lat="57.539532" lon="12.484682"><ele>59.0</ele></rtept><rtept lat="57.539558" lon="12.484662"><ele>59.0</ele></rtept><rtept lat="57.53959" lon="12.484648"><ele>59.4</ele></rtept><rtept lat="57.539615" lon="12.484633"><ele>59.2</ele></rtept><rtept lat="57.539647" lon="12.484622"><ele>59.4</ele></rtept><rtept lat="57.539673" lon="12.48461"><ele>59.8</ele></rtept><rtept lat="57.539705" lon="12.484593"><ele>59.4</ele></rtept><rtept lat="57.53973" lon="12.484578"><ele>59.2</ele></rtept><rtept lat="57.539762" lon="12.484558"><ele>59.0</ele></rtept><rtept lat="57.539782" lon="12.484542"><ele>58.6</ele></rtept><rtept lat="57.5398" lon="12.484533"><ele>58.8</ele></rtept><rtept lat="57.539833" lon="12.48453"><ele>58.2</ele></rtept><rtept lat="57.539865" lon="12.48453"><ele>58.4</ele></rtept><rtept lat="57.53989" lon="12.484528"><ele>58.2</ele></rtept><rtept lat="57.539928" lon="12.484528"><ele>57.8</ele></rtept><rtept lat="57.53996" lon="12.484528"><ele>58.0</ele></rtept><rtept lat="57.539993" lon="12.484533"><ele>57.4</ele></rtept><rtept lat="57.540025" lon="12.484537"><ele>57.6</ele></rtept><rtept lat="57.540057" lon="12.484538"><ele>57.4</ele></rtept><rtept lat="57.540088" lon="12.48454"><ele>57.2</ele></rtept><rtept lat="57.540127" lon="12.48454"><ele>57.2</ele></rtept><rtept lat="57.54016" lon="12.484548"><ele>56.8</ele></rtept><rtept lat="57.540192" lon="12.484553"><ele>57.2</ele></rtept><rtept lat="57.540223" lon="12.484555"><ele>57.0</ele></rtept><rtept lat="57.540248" lon="12.48456"><ele>57.0</ele></rtept><rtept lat="57.54028" lon="12.484568"><ele>57.2</ele></rtept><rtept lat="57.540307" lon="12.484575"><ele>57.0</ele></rtept><rtept lat="57.540352" lon="12.484588"><ele>57.4</ele></rtept><rtept lat="57.540383" lon="12.484598"><ele>57.2</ele></rtept><rtept lat="57.540447" lon="12.484615"><ele>57.4</ele></rtept><rtept lat="57.540467" lon="12.484615"><ele>57.8</ele></rtept><rtept lat="57.540505" lon="12.484622"><ele>58.0</ele></rtept><rtept lat="57.54053" lon="12.484622"><ele>57.8</ele></rtept><rtept lat="57.540557" lon="12.484628"><ele>58.2</ele></rtept><rtept lat="57.540582" lon="12.484628"><ele>57.8</ele></rtept><rtept lat="57.540613" lon="12.484625"><ele>58.0</ele></rtept><rtept lat="57.54064" lon="12.484625"><ele>57.8</ele></rtept><rtept lat="57.540665" lon="12.484622"><ele>57.6</ele></rtept><rtept lat="57.540717" lon="12.484622"><ele>57.4</ele></rtept><rtept lat="57.540748" lon="12.484622"><ele>57.4</ele></rtept><rtept lat="57.540773" lon="12.484615"><ele>57.6</ele></rtept><rtept lat="57.540793" lon="12.484602"><ele>57.0</ele></rtept><rtept lat="57.540825" lon="12.484593"><ele>57.2</ele></rtept><rtept lat="57.540843" lon="12.484585"><ele>56.6</ele></rtept><rtept lat="57.540877" lon="12.484568"><ele>56.0</ele></rtept><rtept lat="57.540902" lon="12.484545"><ele>56.2</ele></rtept><rtept lat="57.540933" lon="12.48452"><ele>55.6</ele></rtept><rtept lat="57.540965" lon="12.484488"><ele>55.8</ele></rtept><rtept lat="57.540998" lon="12.484468"><ele>55.6</ele></rtept><rtept lat="57.541023" lon="12.484457"><ele>55.4</ele></rtept><rtept lat="57.541055" lon="12.484457"><ele>55.4</ele></rtept><rtept lat="57.54108" lon="12.484488"><ele>55.2</ele></rtept><rtept lat="57.5411" lon="12.484533"><ele>55.4</ele></rtept><rtept lat="57.541113" lon="12.48459"><ele>55.0</ele></rtept><rtept lat="57.541125" lon="12.484648"><ele>55.4</ele></rtept><rtept lat="57.541132" lon="12.484707"><ele>55.2</ele></rtept><rtept lat="57.541145" lon="12.484772"><ele>55.2</ele></rtept><rtept lat="57.541163" lon="12.484833"><ele>55.4</ele></rtept><rtept lat="57.541183" lon="12.484888"><ele>55.2</ele></rtept><rtept lat="57.541202" lon="12.484935"><ele>55.8</ele></rtept><rtept lat="57.541228" lon="12.484958"><ele>55.4</ele></rtept><rtept lat="57.541253" lon="12.484965"><ele>55.6</ele></rtept><rtept lat="57.541292" lon="12.484957"><ele>55.4</ele></rtept><rtept lat="57.541318" lon="12.484938"><ele>55.8</ele></rtept><rtept lat="57.541357" lon="12.484918"><ele>55.6</ele></rtept><rtept lat="57.541388" lon="12.4849"><ele>55.6</ele></rtept><rtept lat="57.541413" lon="12.48488"><ele>56.2</ele></rtept><rtept lat="57.541445" lon="12.484857"><ele>56.0</ele></rtept><rtept lat="57.541472" lon="12.484832"><ele>56.2</ele></rtept><rtept lat="57.541497" lon="12.484818"><ele>55.8</ele></rtept><rtept lat="57.541528" lon="12.484802"><ele>55.8</ele></rtept><rtept lat="57.54156" lon="12.484792"><ele>56.0</ele></rtept><rtept lat="57.541593" lon="12.484782"><ele>55.6</ele></rtept><rtept lat="57.541618" lon="12.484773"><ele>56.0</ele></rtept><rtept lat="57.54165" lon="12.48476"><ele>55.4</ele></rtept><rtept lat="57.541677" lon="12.484743"><ele>55.6</ele></rtept><rtept lat="57.541708" lon="12.484722"><ele>55.4</ele></rtept><rtept lat="57.54174" lon="12.484703"><ele>55.2</ele></rtept><rtept lat="57.541765" lon="12.484695"><ele>55.4</ele></rtept><rtept lat="57.541792" lon="12.484682"><ele>55.0</ele></rtept><rtept lat="57.541817" lon="12.48467"><ele>55.4</ele></rtept><rtept lat="57.541848" lon="12.484658"><ele>55.2</ele></rtept><rtept lat="57.541875" lon="12.484638"><ele>55.2</ele></rtept><rtept lat="57.541893" lon="12.484625"><ele>55.4</ele></rtept><rtept lat="57.541952" lon="12.4846"><ele>55.6</ele></rtept><rtept lat="57.541977" lon="12.484595"><ele>55.0</ele></rtept><rtept lat="57.541997" lon="12.48459"><ele>55.2</ele></rtept><rtept lat="57.542015" lon="12.484578"><ele>55.4</ele></rtept><rtept lat="57.54204" lon="12.48455"><ele>55.2</ele></rtept><rtept lat="57.542067" lon="12.484535"><ele>55.6</ele></rtept><rtept lat="57.542085" lon="12.484513"><ele>55.2</ele></rtept><rtept lat="57.542112" lon="12.4845"><ele>55.6</ele></rtept><rtept lat="57.542137" lon="12.484497"><ele>55.6</ele></rtept><rtept lat="57.542162" lon="12.48449"><ele>55.2</ele></rtept><rtept lat="57.542182" lon="12.484483"><ele>55.6</ele></rtept><rtept lat="57.542207" lon="12.484475"><ele>55.4</ele></rtept><rtept lat="57.542227" lon="12.484463"><ele>56.0</ele></rtept><rtept lat="57.542252" lon="12.484453"><ele>55.8</ele></rtept><rtept lat="57.542272" lon="12.484443"><ele>55.8</ele></rtept><rtept lat="57.54229" lon="12.484437"><ele>56.2</ele></rtept><rtept lat="57.54231" lon="12.484435"><ele>56.0</ele></rtept><rtept lat="57.542328" lon="12.48443"><ele>56.4</ele></rtept><rtept lat="57.542355" lon="12.48442"><ele>56.2</ele></rtept><rtept lat="57.542387" lon="12.48441"><ele>56.6</ele></rtept><rtept lat="57.542412" lon="12.484403"><ele>56.6</ele></rtept><rtept lat="57.54245" lon="12.484397"><ele>56.2</ele></rtept><rtept lat="57.542482" lon="12.484383"><ele>56.6</ele></rtept><rtept lat="57.542515" lon="12.484377"><ele>56.4</ele></rtept><rtept lat="57.542553" lon="12.484355"><ele>56.8</ele></rtept><rtept lat="57.542592" lon="12.484332"><ele>56.6</ele></rtept><rtept lat="57.542623" lon="12.484312"><ele>56.2</ele></rtept><rtept lat="57.542655" lon="12.484287"><ele>56.6</ele></rtept><rtept lat="57.542687" lon="12.48427"><ele>56.2</ele></rtept><rtept lat="57.542707" lon="12.484252"><ele>56.8</ele></rtept><rtept lat="57.542732" lon="12.48424"><ele>56.8</ele></rtept><rtept lat="57.542763" lon="12.484232"><ele>56.6</ele></rtept><rtept lat="57.54279" lon="12.484207"><ele>57.0</ele></rtept><rtept lat="57.542822" lon="12.484185"><ele>56.6</ele></rtept><rtept lat="57.542847" lon="12.484173"><ele>57.0</ele></rtept><rtept lat="57.542873" lon="12.484153"><ele>57.0</ele></rtept><rtept lat="57.542898" lon="12.484127"><ele>57.2</ele></rtept><rtept lat="57.54293" lon="12.484088"><ele>57.2</ele></rtept><rtept lat="57.542962" lon="12.48406"><ele>57.0</ele></rtept><rtept lat="57.542982" lon="12.484038"><ele>57.4</ele></rtept><rtept lat="57.54302" lon="12.484012"><ele>57.0</ele></rtept><rtept lat="57.543045" lon="12.483995"><ele>57.4</ele></rtept><rtept lat="57.543072" lon="12.483978"><ele>57.4</ele></rtept><rtept lat="57.543097" lon="12.483967"><ele>57.2</ele></rtept><rtept lat="57.543122" lon="12.483955"><ele>57.6</ele></rtept><rtept lat="57.543155" lon="12.483942"><ele>57.0</ele></rtept><rtept lat="57.543187" lon="12.483922"><ele>57.4</ele></rtept><rtept lat="57.543205" lon="12.483908"><ele>57.4</ele></rtept><rtept lat="57.543238" lon="12.483895"><ele>57.0</ele></rtept><rtept lat="57.54327" lon="12.483882"><ele>57.6</ele></rtept><rtept lat="57.543295" lon="12.483868"><ele>57.0</ele></rtept><rtept lat="57.54332" lon="12.48386"><ele>57.2</ele></rtept><rtept lat="57.543353" lon="12.483843"><ele>57.0</ele></rtept><rtept lat="57.543385" lon="12.483828"><ele>56.8</ele></rtept><rtept lat="57.543417" lon="12.483813"><ele>57.0</ele></rtept><rtept lat="57.543442" lon="12.4838"><ele>56.8</ele></rtept><rtept lat="57.543475" lon="12.483788"><ele>57.2</ele></rtept><rtept lat="57.543507" lon="12.483773"><ele>57.0</ele></rtept><rtept lat="57.543532" lon="12.483753"><ele>57.0</ele></rtept><rtept lat="57.543558" lon="12.483735"><ele>57.2</ele></rtept><rtept lat="57.543583" lon="12.483717"><ele>57.0</ele></rtept><rtept lat="57.543615" lon="12.483697"><ele>57.4</ele></rtept><rtept lat="57.543647" lon="12.48368"><ele>57.2</ele></rtept><rtept lat="57.543673" lon="12.48367"><ele>57.6</ele></rtept><rtept lat="57.543705" lon="12.483657"><ele>57.4</ele></rtept><rtept lat="57.543737" lon="12.483638"><ele>57.4</ele></rtept><rtept lat="57.543757" lon="12.483625"><ele>57.6</ele></rtept><rtept lat="57.543782" lon="12.483605"><ele>57.4</ele></rtept><rtept lat="57.543807" lon="12.48359"><ele>57.8</ele></rtept><rtept lat="57.543833" lon="12.48357"><ele>57.4</ele></rtept><rtept lat="57.543858" lon="12.483545"><ele>57.6</ele></rtept><rtept lat="57.54389" lon="12.483518"><ele>57.6</ele></rtept><rtept lat="57.543917" lon="12.483492"><ele>57.4</ele></rtept><rtept lat="57.543935" lon="12.48346"><ele>57.6</ele></rtept><rtept lat="57.54396" lon="12.48342"><ele>57.2</ele></rtept><rtept lat="57.54398" lon="12.48338"><ele>57.4</ele></rtept><rtept lat="57.544" lon="12.483333"><ele>57.4</ele></rtept><rtept lat="57.544018" lon="12.48328"><ele>57.2</ele></rtept><rtept lat="57.544038" lon="12.48323"><ele>57.6</ele></rtept><rtept lat="57.544057" lon="12.483182"><ele>57.2</ele></rtept><rtept lat="57.544077" lon="12.483142"><ele>57.0</ele></rtept><rtept lat="57.544095" lon="12.48311"><ele>57.2</ele></rtept><rtept lat="57.544115" lon="12.48307"><ele>56.8</ele></rtept><rtept lat="57.544127" lon="12.483037"><ele>57.0</ele></rtept><rtept lat="57.54414" lon="12.48299"><ele>56.8</ele></rtept><rtept lat="57.544165" lon="12.48294"><ele>56.4</ele></rtept><rtept lat="57.544192" lon="12.482897"><ele>56.6</ele></rtept><rtept lat="57.54421" lon="12.482855"><ele>56.2</ele></rtept><rtept lat="57.54423" lon="12.482818"><ele>55.8</ele></rtept><rtept lat="57.544248" lon="12.482768"><ele>56.0</ele></rtept><rtept lat="57.544268" lon="12.482722"><ele>55.4</ele></rtept><rtept lat="57.544287" lon="12.482682"><ele>55.2</ele></rtept><rtept lat="57.544307" lon="12.482647"><ele>55.2</ele></rtept><rtept lat="57.544325" lon="12.482603"><ele>54.8</ele></rtept><rtept lat="57.544352" lon="12.482567"><ele>54.8</ele></rtept><rtept lat="57.544363" lon="12.482522"><ele>54.4</ele></rtept><rtept lat="57.544383" lon="12.482482"><ele>54.0</ele></rtept><rtept lat="57.544402" lon="12.482442"><ele>54.2</ele></rtept><rtept lat="57.544415" lon="12.482398"><ele>53.6</ele></rtept><rtept lat="57.544435" lon="12.482355"><ele>53.4</ele></rtept><rtept lat="57.544453" lon="12.48231"><ele>53.2</ele></rtept><rtept lat="57.544473" lon="12.482275"><ele>52.8</ele></rtept><rtept lat="57.544492" lon="12.482235"><ele>53.2</ele></rtept><rtept lat="57.544505" lon="12.482187"><ele>52.4</ele></rtept><rtept lat="57.544523" lon="12.48215"><ele>52.6</ele></rtept><rtept lat="57.544537" lon="12.48211"><ele>52.8</ele></rtept><rtept lat="57.544557" lon="12.482068"><ele>52.0</ele></rtept><rtept lat="57.544568" lon="12.482033"><ele>52.2</ele></rtept><rtept lat="57.544582" lon="12.481998"><ele>51.8</ele></rtept><rtept lat="57.544595" lon="12.481958"><ele>51.4</ele></rtept><rtept lat="57.544607" lon="12.481922"><ele>51.6</ele></rtept><rtept lat="57.544627" lon="12.481875"><ele>51.0</ele></rtept><rtept lat="57.544645" lon="12.481825"><ele>50.8</ele></rtept><rtept lat="57.544658" lon="12.48178"><ele>51.0</ele></rtept><rtept lat="57.544678" lon="12.481743"><ele>50.6</ele></rtept><rtept lat="57.544697" lon="12.481703"><ele>50.8</ele></rtept><rtept lat="57.544722" lon="12.48166"><ele>50.4</ele></rtept><rtept lat="57.544748" lon="12.48163"><ele>50.0</ele></rtept><rtept lat="57.54476" lon="12.48159"><ele>50.2</ele></rtept><rtept lat="57.54478" lon="12.481547"><ele>49.8</ele></rtept><rtept lat="57.544805" lon="12.481507"><ele>50.0</ele></rtept><rtept lat="57.544825" lon="12.481478"><ele>49.8</ele></rtept><rtept lat="57.54485" lon="12.48146"><ele>49.6</ele></rtept><rtept lat="57.544877" lon="12.481437"><ele>49.8</ele></rtept><rtept lat="57.544908" lon="12.481405"><ele>49.4</ele></rtept><rtept lat="57.544933" lon="12.48138"><ele>49.4</ele></rtept><rtept lat="57.544965" lon="12.481362"><ele>49.4</ele></rtept><rtept lat="57.544992" lon="12.481352"><ele>49.0</ele></rtept><rtept lat="57.545023" lon="12.481333"><ele>49.0</ele></rtept><rtept lat="57.545048" lon="12.481313"><ele>48.8</ele></rtept><rtept lat="57.545075" lon="12.481282"><ele>48.2</ele></rtept><rtept lat="57.545107" lon="12.48126"><ele>48.2</ele></rtept><rtept lat="57.545138" lon="12.48124"><ele>47.8</ele></rtept><rtept lat="57.54517" lon="12.481222"><ele>47.0</ele></rtept><rtept lat="57.54519" lon="12.4812"><ele>47.0</ele></rtept><rtept lat="57.545222" lon="12.481178"><ele>46.4</ele></rtept><rtept lat="57.54524" lon="12.481153"><ele>45.8</ele></rtept><rtept lat="57.545267" lon="12.481118"><ele>45.8</ele></rtept><rtept lat="57.545285" lon="12.481083"><ele>45.2</ele></rtept><rtept lat="57.545312" lon="12.481045"><ele>45.2</ele></rtept><rtept lat="57.545337" lon="12.481005"><ele>44.6</ele></rtept><rtept lat="57.545362" lon="12.480975"><ele>44.2</ele></rtept><rtept lat="57.545388" lon="12.480937"><ele>44.4</ele></rtept><rtept lat="57.545407" lon="12.48089"><ele>43.8</ele></rtept><rtept lat="57.545427" lon="12.480847"><ele>44.0</ele></rtept><rtept lat="57.545445" lon="12.480797"><ele>43.6</ele></rtept><rtept lat="57.545465" lon="12.48074"><ele>43.2</ele></rtept><rtept lat="57.545483" lon="12.480692"><ele>43.6</ele></rtept><rtept lat="57.545503" lon="12.48064"><ele>42.8</ele></rtept><rtept lat="57.545522" lon="12.480593"><ele>43.0</ele></rtept><rtept lat="57.545535" lon="12.480543"><ele>43.0</ele></rtept><rtept lat="57.545555" lon="12.480488"><ele>42.6</ele></rtept><rtept lat="57.545567" lon="12.48044"><ele>42.8</ele></rtept><rtept lat="57.545587" lon="12.48039"><ele>42.2</ele></rtept><rtept lat="57.5456" lon="12.480343"><ele>42.2</ele></rtept><rtept lat="57.545618" lon="12.480297"><ele>42.2</ele></rtept><rtept lat="57.545638" lon="12.48025"><ele>42.0</ele></rtept><rtept lat="57.54565" lon="12.480203"><ele>42.4</ele></rtept><rtept lat="57.54567" lon="12.480152"><ele>41.6</ele></rtept><rtept lat="57.545682" lon="12.480105"><ele>41.8</ele></rtept><rtept lat="57.545702" lon="12.480055"><ele>41.4</ele></rtept><rtept lat="57.54572" lon="12.480005"><ele>41.2</ele></rtept><rtept lat="57.545733" lon="12.479953"><ele>41.4</ele></rtept><rtept lat="57.545753" lon="12.479898"><ele>40.8</ele></rtept><rtept lat="57.545765" lon="12.479847"><ele>41.2</ele></rtept><rtept lat="57.545785" lon="12.479792"><ele>40.8</ele></rtept><rtept lat="57.545798" lon="12.479742"><ele>40.6</ele></rtept><rtept lat="57.545817" lon="12.479688"><ele>40.8</ele></rtept><rtept lat="57.54583" lon="12.479635"><ele>40.4</ele></rtept><rtept lat="57.545848" lon="12.47959"><ele>41.0</ele></rtept><rtept lat="57.545868" lon="12.479543"><ele>40.4</ele></rtept><rtept lat="57.54588" lon="12.479497"><ele>40.4</ele></rtept><rtept lat="57.5459" lon="12.479445"><ele>40.4</ele></rtept><rtept lat="57.54592" lon="12.479398"><ele>40.0</ele></rtept><rtept lat="57.545938" lon="12.479358"><ele>40.4</ele></rtept><rtept lat="57.545958" lon="12.479318"><ele>39.8</ele></rtept><rtept lat="57.545977" lon="12.479277"><ele>40.2</ele></rtept><rtept lat="57.545997" lon="12.479228"><ele>39.8</ele></rtept><rtept lat="57.546015" lon="12.479178"><ele>39.6</ele></rtept><rtept lat="57.546028" lon="12.479128"><ele>39.8</ele></rtept><rtept lat="57.546047" lon="12.479082"><ele>40.0</ele></rtept><rtept lat="57.546067" lon="12.479035"><ele>40.0</ele></rtept><rtept lat="57.546098" lon="12.47899"><ele>39.4</ele></rtept><rtept lat="57.546118" lon="12.478945"><ele>39.8</ele></rtept><rtept lat="57.546143" lon="12.478898"><ele>39.4</ele></rtept><rtept lat="57.546162" lon="12.478858"><ele>39.2</ele></rtept><rtept lat="57.546182" lon="12.478817"><ele>39.4</ele></rtept><rtept lat="57.546207" lon="12.47877"><ele>39.2</ele></rtept><rtept lat="57.546227" lon="12.478732"><ele>39.4</ele></rtept><rtept lat="57.546252" lon="12.4787"><ele>39.0</ele></rtept><rtept lat="57.546303" lon="12.478645"><ele>39.0</ele></rtept><rtept lat="57.546335" lon="12.47862"><ele>38.4</ele></rtept><rtept lat="57.546367" lon="12.478598"><ele>38.0</ele></rtept><rtept lat="57.546393" lon="12.478577"><ele>38.0</ele></rtept><rtept lat="57.546425" lon="12.47856"><ele>37.4</ele></rtept><rtept lat="57.546457" lon="12.478547"><ele>37.6</ele></rtept><rtept lat="57.546488" lon="12.47854"><ele>36.8</ele></rtept><rtept lat="57.546515" lon="12.478527"><ele>36.6</ele></rtept><rtept lat="57.546547" lon="12.478522"><ele>36.6</ele></rtept><rtept lat="57.546572" lon="12.478518"><ele>36.2</ele></rtept><rtept lat="57.546598" lon="12.478513"><ele>36.4</ele></rtept><rtept lat="57.546623" lon="12.478513"><ele>36.0</ele></rtept><rtept lat="57.546648" lon="12.478508"><ele>36.2</ele></rtept><rtept lat="57.546675" lon="12.478503"><ele>36.4</ele></rtept><rtept lat="57.5467" lon="12.478502"><ele>36.0</ele></rtept><rtept lat="57.546732" lon="12.478502"><ele>36.4</ele></rtept><rtept lat="57.546777" lon="12.478487"><ele>36.4</ele></rtept><rtept lat="57.546802" lon="12.478473"><ele>36.4</ele></rtept><rtept lat="57.546828" lon="12.47846"><ele>36.2</ele></rtept><rtept lat="57.546853" lon="12.47844"><ele>36.8</ele></rtept><rtept lat="57.546873" lon="12.47842"><ele>36.8</ele></rtept><rtept lat="57.546892" lon="12.478403"><ele>37.4</ele></rtept><rtept lat="57.546912" lon="12.478393"><ele>37.8</ele></rtept><rtept lat="57.546937" lon="12.478367"><ele>38.0</ele></rtept><rtept lat="57.546957" lon="12.478335"><ele>38.4</ele></rtept><rtept lat="57.546975" lon="12.478313"><ele>38.4</ele></rtept><rtept lat="57.547007" lon="12.47826"><ele>39.2</ele></rtept><rtept lat="57.54702" lon="12.478225"><ele>39.6</ele></rtept><rtept lat="57.547045" lon="12.478198"><ele>40.0</ele></rtept><rtept lat="57.547058" lon="12.478165"><ele>40.0</ele></rtept><rtept lat="57.547097" lon="12.478097"><ele>40.6</ele></rtept><rtept lat="57.54711" lon="12.478065"><ele>41.0</ele></rtept><rtept lat="57.547128" lon="12.478037"><ele>41.4</ele></rtept><rtept lat="57.547148" lon="12.478007"><ele>41.6</ele></rtept><rtept lat="57.547173" lon="12.477935"><ele>42.0</ele></rtept><rtept lat="57.5472" lon="12.477862"><ele>42.6</ele></rtept><rtept lat="57.547218" lon="12.477827"><ele>42.4</ele></rtept><rtept lat="57.547232" lon="12.477798"><ele>42.8</ele></rtept><rtept lat="57.54727" lon="12.47772"><ele>42.8</ele></rtept><rtept lat="57.547282" lon="12.477683"><ele>43.6</ele></rtept><rtept lat="57.547315" lon="12.477618"><ele>43.4</ele></rtept><rtept lat="57.547353" lon="12.477548"><ele>43.8</ele></rtept><rtept lat="57.547392" lon="12.47749"><ele>44.2</ele></rtept><rtept lat="57.547403" lon="12.477463"><ele>44.2</ele></rtept><rtept lat="57.547423" lon="12.47744"><ele>44.8</ele></rtept><rtept lat="57.547455" lon="12.477377"><ele>44.8</ele></rtept><rtept lat="57.547475" lon="12.47735"><ele>45.2</ele></rtept><rtept lat="57.547493" lon="12.47732"><ele>45.2</ele></rtept><rtept lat="57.547513" lon="12.477292"><ele>45.6</ele></rtept><rtept lat="57.547552" lon="12.477245"><ele>45.8</ele></rtept><rtept lat="57.54757" lon="12.477218"><ele>46.2</ele></rtept><rtept lat="57.547602" lon="12.477167"><ele>46.4</ele></rtept><rtept lat="57.54766" lon="12.477127"><ele>47.4</ele></rtept><rtept lat="57.54768" lon="12.47712"><ele>47.4</ele></rtept><rtept lat="57.547705" lon="12.477113"><ele>47.4</ele></rtept><rtept lat="57.547743" lon="12.477107"><ele>48.2</ele></rtept><rtept lat="57.547762" lon="12.477107"><ele>48.4</ele></rtept><rtept lat="57.547788" lon="12.477108"><ele>48.8</ele></rtept><rtept lat="57.54782" lon="12.477113"><ele>49.6</ele></rtept><rtept lat="57.547865" lon="12.477127"><ele>49.8</ele></rtept><rtept lat="57.547883" lon="12.477133"><ele>50.2</ele></rtept><rtept lat="57.547928" lon="12.477143"><ele>50.4</ele></rtept><rtept lat="57.547948" lon="12.477143"><ele>50.8</ele></rtept><rtept lat="57.547987" lon="12.47712"><ele>50.8</ele></rtept><rtept lat="57.548005" lon="12.477098"><ele>51.2</ele></rtept><rtept lat="57.548032" lon="12.477078"><ele>51.2</ele></rtept><rtept lat="57.54805" lon="12.477058"><ele>51.8</ele></rtept><rtept lat="57.548082" lon="12.476983"><ele>51.8</ele></rtept><rtept lat="57.54812" lon="12.476898"><ele>52.4</ele></rtept><rtept lat="57.548127" lon="12.476853"><ele>52.6</ele></rtept><rtept lat="57.54814" lon="12.476803"><ele>53.0</ele></rtept><rtept lat="57.548165" lon="12.476723"><ele>53.6</ele></rtept><rtept lat="57.548185" lon="12.47668"><ele>53.6</ele></rtept><rtept lat="57.548192" lon="12.476632"><ele>53.6</ele></rtept><rtept lat="57.54821" lon="12.476592"><ele>54.0</ele></rtept><rtept lat="57.548237" lon="12.476512"><ele>53.6</ele></rtept><rtept lat="57.548255" lon="12.47648"><ele>54.0</ele></rtept><rtept lat="57.548287" lon="12.4764"><ele>53.8</ele></rtept><rtept lat="57.5483" lon="12.476367"><ele>54.2</ele></rtept><rtept lat="57.54832" lon="12.47634"><ele>54.2</ele></rtept><rtept lat="57.548338" lon="12.476313"><ele>54.0</ele></rtept><rtept lat="57.548358" lon="12.476292"><ele>54.4</ele></rtept><rtept lat="57.548397" lon="12.476253"><ele>54.0</ele></rtept><rtept lat="57.548422" lon="12.476228"><ele>54.4</ele></rtept><rtept lat="57.54844" lon="12.476208"><ele>54.0</ele></rtept><rtept lat="57.54846" lon="12.476173"><ele>54.4</ele></rtept><rtept lat="57.54848" lon="12.476165"><ele>54.6</ele></rtept><rtept lat="57.548498" lon="12.47615"><ele>54.6</ele></rtept><rtept lat="57.548523" lon="12.476103"><ele>54.8</ele></rtept><rtept lat="57.548543" lon="12.476085"><ele>54.8</ele></rtept><rtept lat="57.548562" lon="12.476058"><ele>55.4</ele></rtept><rtept lat="57.548582" lon="12.476023"><ele>55.2</ele></rtept><rtept lat="57.5486" lon="12.475997"><ele>55.2</ele></rtept><rtept lat="57.54862" lon="12.475977"><ele>55.4</ele></rtept><rtept lat="57.54864" lon="12.475963"><ele>55.6</ele></rtept><rtept lat="57.548658" lon="12.475955"><ele>56.0</ele></rtept><rtept lat="57.548683" lon="12.47594"><ele>56.0</ele></rtept><rtept lat="57.548703" lon="12.475938"><ele>56.6</ele></rtept><rtept lat="57.548722" lon="12.475932"><ele>56.6</ele></rtept><rtept lat="57.548742" lon="12.475925"><ele>57.0</ele></rtept><rtept lat="57.54876" lon="12.47592"><ele>57.2</ele></rtept><rtept lat="57.54878" lon="12.475912"><ele>57.4</ele></rtept><rtept lat="57.548818" lon="12.475892"><ele>57.8</ele></rtept><rtept lat="57.548838" lon="12.47588"><ele>58.0</ele></rtept><rtept lat="57.548857" lon="12.47587"><ele>58.6</ele></rtept><rtept lat="57.548882" lon="12.47584"><ele>58.6</ele></rtept><rtept lat="57.548915" lon="12.475812"><ele>59.2</ele></rtept><rtept lat="57.54894" lon="12.475798"><ele>59.4</ele></rtept><rtept lat="57.54896" lon="12.475792"><ele>59.2</ele></rtept><rtept lat="57.549003" lon="12.47578"><ele>59.8</ele></rtept><rtept lat="57.549055" lon="12.475747"><ele>60.4</ele></rtept><rtept lat="57.549075" lon="12.475737"><ele>60.4</ele></rtept><rtept lat="57.549107" lon="12.475723"><ele>60.8</ele></rtept><rtept lat="57.549125" lon="12.475713"><ele>60.6</ele></rtept><rtept lat="57.549145" lon="12.475707"><ele>61.0</ele></rtept><rtept lat="57.549177" lon="12.475698"><ele>61.2</ele></rtept><rtept lat="57.549197" lon="12.475682"><ele>61.2</ele></rtept><rtept lat="57.549222" lon="12.475667"><ele>61.8</ele></rtept><rtept lat="57.54924" lon="12.475647"><ele>61.8</ele></rtept><rtept lat="57.549267" lon="12.475632"><ele>61.8</ele></rtept><rtept lat="57.549285" lon="12.475607"><ele>62.2</ele></rtept><rtept lat="57.549298" lon="12.475582"><ele>62.4</ele></rtept><rtept lat="57.549318" lon="12.475562"><ele>62.8</ele></rtept><rtept lat="57.549337" lon="12.475543"><ele>63.2</ele></rtept><rtept lat="57.549357" lon="12.47552"><ele>63.2</ele></rtept><rtept lat="57.549375" lon="12.475505"><ele>63.8</ele></rtept><rtept lat="57.549395" lon="12.475488"><ele>63.8</ele></rtept><rtept lat="57.549433" lon="12.475423"><ele>64.2</ele></rtept><rtept lat="57.549452" lon="12.4754"><ele>64.8</ele></rtept><rtept lat="57.549478" lon="12.475378"><ele>65.2</ele></rtept><rtept lat="57.549497" lon="12.475373"><ele>65.8</ele></rtept><rtept lat="57.549517" lon="12.475365"><ele>66.0</ele></rtept><rtept lat="57.549542" lon="12.47536"><ele>66.0</ele></rtept><rtept lat="57.549587" lon="12.47536"><ele>66.8</ele></rtept><rtept lat="57.549605" lon="12.475363"><ele>66.8</ele></rtept><rtept lat="57.549638" lon="12.475355"><ele>67.2</ele></rtept><rtept lat="57.549663" lon="12.475345"><ele>67.8</ele></rtept><rtept lat="57.549688" lon="12.475345"><ele>67.8</ele></rtept><rtept lat="57.549715" lon="12.47535"><ele>67.8</ele></rtept><rtept lat="57.54974" lon="12.47535"><ele>68.4</ele></rtept><rtept lat="57.54976" lon="12.475348"><ele>68.6</ele></rtept><rtept lat="57.549785" lon="12.475343"><ele>69.2</ele></rtept><rtept lat="57.54981" lon="12.475337"><ele>69.4</ele></rtept><rtept lat="57.54983" lon="12.475337"><ele>69.4</ele></rtept><rtept lat="57.549855" lon="12.475337"><ele>70.0</ele></rtept><rtept lat="57.549875" lon="12.47534"><ele>70.0</ele></rtept><rtept lat="57.5499" lon="12.475333"><ele>70.2</ele></rtept><rtept lat="57.549925" lon="12.475315"><ele>70.6</ele></rtept><rtept lat="57.549952" lon="12.475317"><ele>70.6</ele></rtept><rtept lat="57.54997" lon="12.475323"><ele>70.4</ele></rtept><rtept lat="57.54999" lon="12.475323"><ele>71.0</ele></rtept><rtept lat="57.550008" lon="12.475315"><ele>71.0</ele></rtept><rtept lat="57.550035" lon="12.475303"><ele>71.0</ele></rtept><rtept lat="57.550067" lon="12.475287"><ele>71.4</ele></rtept><rtept lat="57.550105" lon="12.475277"><ele>72.0</ele></rtept><rtept lat="57.55013" lon="12.475257"><ele>72.0</ele></rtept><rtept lat="57.55015" lon="12.475238"><ele>72.6</ele></rtept><rtept lat="57.550168" lon="12.47522"><ele>72.4</ele></rtept><rtept lat="57.550188" lon="12.475205"><ele>72.6</ele></rtept><rtept lat="57.550213" lon="12.4752"><ele>73.0</ele></rtept><rtept lat="57.550233" lon="12.475187"><ele>72.8</ele></rtept><rtept lat="57.550252" lon="12.475177"><ele>73.2</ele></rtept><rtept lat="57.550278" lon="12.47517"><ele>73.6</ele></rtept><rtept lat="57.550297" lon="12.47516"><ele>73.4</ele></rtept><rtept lat="57.550317" lon="12.475152"><ele>74.0</ele></rtept><rtept lat="57.550335" lon="12.47514"><ele>74.0</ele></rtept><rtept lat="57.550355" lon="12.475135"><ele>74.0</ele></rtept><rtept lat="57.55038" lon="12.475132"><ele>74.4</ele></rtept><rtept lat="57.550405" lon="12.475132"><ele>74.2</ele></rtept><rtept lat="57.550432" lon="12.475125"><ele>74.4</ele></rtept><rtept lat="57.55045" lon="12.475117"><ele>74.6</ele></rtept><rtept lat="57.55047" lon="12.475112"><ele>74.4</ele></rtept><rtept lat="57.550495" lon="12.47511"><ele>74.8</ele></rtept><rtept lat="57.550515" lon="12.475105"><ele>75.0</ele></rtept><rtept lat="57.550533" lon="12.475112"><ele>74.8</ele></rtept><rtept lat="57.550565" lon="12.47512"><ele>75.4</ele></rtept><rtept lat="57.550592" lon="12.475127"><ele>75.2</ele></rtept><rtept lat="57.550617" lon="12.47513"><ele>75.2</ele></rtept><rtept lat="57.550642" lon="12.475125"><ele>75.4</ele></rtept><rtept lat="57.550662" lon="12.475122"><ele>75.0</ele></rtept><rtept lat="57.550687" lon="12.475118"><ele>75.4</ele></rtept><rtept lat="57.55072" lon="12.475102"><ele>75.4</ele></rtept><rtept lat="57.550738" lon="12.4751"><ele>75.2</ele></rtept><rtept lat="57.550763" lon="12.475098"><ele>75.4</ele></rtept><rtept lat="57.550783" lon="12.475098"><ele>75.4</ele></rtept><rtept lat="57.550808" lon="12.475093"><ele>75.2</ele></rtept><rtept lat="57.55084" lon="12.475085"><ele>75.4</ele></rtept><rtept lat="57.550867" lon="12.475072"><ele>75.2</ele></rtept><rtept lat="57.550892" lon="12.47506"><ele>75.0</ele></rtept><rtept lat="57.550912" lon="12.475052"><ele>75.2</ele></rtept><rtept lat="57.55093" lon="12.475037"><ele>74.6</ele></rtept><rtept lat="57.55095" lon="12.475013"><ele>74.8</ele></rtept><rtept lat="57.550968" lon="12.474987"><ele>74.8</ele></rtept><rtept lat="57.550988" lon="12.474962"><ele>74.6</ele></rtept><rtept lat="57.551007" lon="12.47494"><ele>75.0</ele></rtept><rtept lat="57.551027" lon="12.474923"><ele>74.8</ele></rtept><rtept lat="57.551045" lon="12.474902"><ele>74.4</ele></rtept><rtept lat="57.551072" lon="12.474883"><ele>74.6</ele></rtept><rtept lat="57.55109" lon="12.474855"><ele>74.4</ele></rtept><rtept lat="57.55111" lon="12.474828"><ele>74.6</ele></rtept><rtept lat="57.551128" lon="12.474798"><ele>74.6</ele></rtept><rtept lat="57.551155" lon="12.474763"><ele>74.4</ele></rtept><rtept lat="57.551187" lon="12.47474"><ele>74.8</ele></rtept><rtept lat="57.551212" lon="12.47472"><ele>74.6</ele></rtept><rtept lat="57.551238" lon="12.47471"><ele>75.0</ele></rtept><rtept lat="57.551263" lon="12.474695"><ele>75.0</ele></rtept><rtept lat="57.551282" lon="12.474675"><ele>74.8</ele></rtept><rtept lat="57.551302" lon="12.474657"><ele>75.2</ele></rtept><rtept lat="57.55136" lon="12.474643"><ele>75.6</ele></rtept><rtept lat="57.551378" lon="12.474633"><ele>75.6</ele></rtept><rtept lat="57.551398" lon="12.47463"><ele>75.4</ele></rtept><rtept lat="57.551417" lon="12.474623"><ele>75.8</ele></rtept><rtept lat="57.551462" lon="12.474617"><ele>76.2</ele></rtept><rtept lat="57.551487" lon="12.474603"><ele>76.4</ele></rtept><rtept lat="57.551507" lon="12.47458"><ele>76.4</ele></rtept><rtept lat="57.551538" lon="12.47456"><ele>77.0</ele></rtept><rtept lat="57.551558" lon="12.47455"><ele>76.8</ele></rtept><rtept lat="57.551583" lon="12.474542"><ele>77.0</ele></rtept><rtept lat="57.551615" lon="12.474517"><ele>77.4</ele></rtept><rtept lat="57.551635" lon="12.474497"><ele>77.2</ele></rtept><rtept lat="57.55166" lon="12.474487"><ele>77.6</ele></rtept><rtept lat="57.55168" lon="12.47448"><ele>77.6</ele></rtept><rtept lat="57.551705" lon="12.474467"><ele>77.6</ele></rtept><rtept lat="57.551737" lon="12.47445"><ele>78.0</ele></rtept><rtept lat="57.551757" lon="12.47444"><ele>78.0</ele></rtept><rtept lat="57.551782" lon="12.474427"><ele>78.4</ele></rtept><rtept lat="57.551813" lon="12.474402"><ele>78.4</ele></rtept><rtept lat="57.551845" lon="12.47438"><ele>78.8</ele></rtept><rtept lat="57.551865" lon="12.474367"><ele>78.6</ele></rtept><rtept lat="57.551883" lon="12.474358"><ele>78.4</ele></rtept><rtept lat="57.55191" lon="12.474353"><ele>78.8</ele></rtept><rtept lat="57.551942" lon="12.474342"><ele>78.4</ele></rtept><rtept lat="57.551973" lon="12.474333"><ele>78.2</ele></rtept><rtept lat="57.552" lon="12.474317"><ele>78.6</ele></rtept><rtept lat="57.552018" lon="12.474292"><ele>78.0</ele></rtept><rtept lat="57.552043" lon="12.474268"><ele>78.2</ele></rtept><rtept lat="57.552077" lon="12.474252"><ele>78.2</ele></rtept><rtept lat="57.552102" lon="12.474247"><ele>77.8</ele></rtept><rtept lat="57.55212" lon="12.474238"><ele>78.2</ele></rtept><rtept lat="57.552147" lon="12.474227"><ele>78.0</ele></rtept><rtept lat="57.552172" lon="12.474217"><ele>77.8</ele></rtept><rtept lat="57.552198" lon="12.474207"><ele>78.2</ele></rtept><rtept lat="57.552217" lon="12.474193"><ele>77.8</ele></rtept><rtept lat="57.552242" lon="12.474183"><ele>77.8</ele></rtept><rtept lat="57.552275" lon="12.474167"><ele>78.0</ele></rtept><rtept lat="57.552293" lon="12.474153"><ele>77.6</ele></rtept><rtept lat="57.55232" lon="12.47412"><ele>77.4</ele></rtept><rtept lat="57.552338" lon="12.474088"><ele>77.6</ele></rtept><rtept lat="57.552363" lon="12.474055"><ele>77.0</ele></rtept><rtept lat="57.55239" lon="12.474035"><ele>77.2</ele></rtept><rtept lat="57.552408" lon="12.47402"><ele>76.8</ele></rtept><rtept lat="57.552435" lon="12.473998"><ele>76.4</ele></rtept><rtept lat="57.55246" lon="12.47397"><ele>76.8</ele></rtept><rtept lat="57.55248" lon="12.47395"><ele>76.4</ele></rtept><rtept lat="57.552505" lon="12.47394"><ele>76.6</ele></rtept><rtept lat="57.55253" lon="12.473925"><ele>76.6</ele></rtept><rtept lat="57.552568" lon="12.473905"><ele>76.4</ele></rtept><rtept lat="57.552595" lon="12.473892"><ele>76.6</ele></rtept><rtept lat="57.55262" lon="12.473877"><ele>76.2</ele></rtept><rtept lat="57.55264" lon="12.473855"><ele>76.6</ele></rtept><rtept lat="57.552658" lon="12.47384"><ele>76.4</ele></rtept><rtept lat="57.552697" lon="12.473812"><ele>76.6</ele></rtept><rtept lat="57.552722" lon="12.473797"><ele>76.2</ele></rtept><rtept lat="57.552748" lon="12.473778"><ele>76.6</ele></rtept><rtept lat="57.55278" lon="12.473757"><ele>76.6</ele></rtept><rtept lat="57.552818" lon="12.473732"><ele>76.4</ele></rtept><rtept lat="57.552843" lon="12.473717"><ele>76.6</ele></rtept><rtept lat="57.55287" lon="12.473698"><ele>76.4</ele></rtept><rtept lat="57.552902" lon="12.473685"><ele>76.8</ele></rtept><rtept lat="57.552927" lon="12.473672"><ele>76.8</ele></rtept><rtept lat="57.55296" lon="12.473657"><ele>76.6</ele></rtept><rtept lat="57.552978" lon="12.473653"><ele>77.0</ele></rtept><rtept lat="57.553003" lon="12.473653"><ele>76.8</ele></rtept><rtept lat="57.55303" lon="12.473642"><ele>77.4</ele></rtept><rtept lat="57.553062" lon="12.47362"><ele>77.4</ele></rtept><rtept lat="57.553087" lon="12.473602"><ele>77.2</ele></rtept><rtept lat="57.553113" lon="12.473583"><ele>77.4</ele></rtept><rtept lat="57.553145" lon="12.47356"><ele>77.2</ele></rtept><rtept lat="57.55317" lon="12.473533"><ele>77.6</ele></rtept><rtept lat="57.55319" lon="12.4735"><ele>77.4</ele></rtept><rtept lat="57.553215" lon="12.473463"><ele>77.6</ele></rtept><rtept lat="57.553235" lon="12.473443"><ele>77.8</ele></rtept><rtept lat="57.553253" lon="12.473433"><ele>77.8</ele></rtept><rtept lat="57.553285" lon="12.473415"><ele>78.4</ele></rtept><rtept lat="57.553312" lon="12.473405"><ele>78.4</ele></rtept><rtept lat="57.55333" lon="12.473398"><ele>79.0</ele></rtept><rtept lat="57.553357" lon="12.47338"><ele>78.8</ele></rtept><rtept lat="57.553368" lon="12.473355"><ele>79.2</ele></rtept><rtept lat="57.553395" lon="12.473343"><ele>79.6</ele></rtept><rtept lat="57.553427" lon="12.473345"><ele>79.6</ele></rtept><rtept lat="57.553452" lon="12.47334"><ele>80.2</ele></rtept><rtept lat="57.553478" lon="12.473335"><ele>80.2</ele></rtept><rtept lat="57.55351" lon="12.473328"><ele>80.2</ele></rtept><rtept lat="57.553542" lon="12.473323"><ele>80.6</ele></rtept><rtept lat="57.553573" lon="12.473325"><ele>80.2</ele></rtept><rtept lat="57.553605" lon="12.473318"><ele>80.8</ele></rtept><rtept lat="57.553638" lon="12.473295"><ele>80.6</ele></rtept><rtept lat="57.553663" lon="12.473277"><ele>81.0</ele></rtept><rtept lat="57.553688" lon="12.473243"><ele>81.4</ele></rtept><rtept lat="57.553708" lon="12.47321"><ele>80.8</ele></rtept><rtept lat="57.553702" lon="12.473165"><ele>81.0</ele></rtept><rtept lat="57.553688" lon="12.473127"><ele>81.4</ele></rtept><rtept lat="57.553677" lon="12.473085"><ele>81.2</ele></rtept><rtept lat="57.55367" lon="12.473025"><ele>81.0</ele></rtept><rtept lat="57.55367" lon="12.472967"><ele>81.2</ele></rtept><rtept lat="57.55367" lon="12.472908"><ele>80.8</ele></rtept><rtept lat="57.553682" lon="12.47286"><ele>80.8</ele></rtept><rtept lat="57.553695" lon="12.47282"><ele>80.6</ele></rtept><rtept lat="57.553708" lon="12.472783"><ele>80.2</ele></rtept><rtept lat="57.553727" lon="12.472763"><ele>80.6</ele></rtept><rtept lat="57.553753" lon="12.472738"><ele>80.4</ele></rtept><rtept lat="57.553785" lon="12.47272"><ele>80.2</ele></rtept><rtept lat="57.55381" lon="12.472713"><ele>80.4</ele></rtept><rtept lat="57.553848" lon="12.472702"><ele>80.0</ele></rtept><rtept lat="57.553887" lon="12.472683"><ele>80.2</ele></rtept><rtept lat="57.553925" lon="12.472673"><ele>80.0</ele></rtept><rtept lat="57.553952" lon="12.472645"><ele>79.6</ele></rtept><rtept lat="57.55397" lon="12.472625"><ele>80.0</ele></rtept><rtept lat="57.554002" lon="12.4726"><ele>79.4</ele></rtept><rtept lat="57.554022" lon="12.47256"><ele>79.4</ele></rtept><rtept lat="57.55404" lon="12.47252"><ele>79.6</ele></rtept><rtept lat="57.554067" lon="12.472483"><ele>79.4</ele></rtept><rtept lat="57.554098" lon="12.472455"><ele>79.8</ele></rtept><rtept lat="57.554112" lon="12.472427"><ele>79.6</ele></rtept><rtept lat="57.554137" lon="12.4724"><ele>80.0</ele></rtept><rtept lat="57.554162" lon="12.472357"><ele>80.0</ele></rtept><rtept lat="57.554182" lon="12.472325"><ele>79.6</ele></rtept><rtept lat="57.5542" lon="12.472295"><ele>80.2</ele></rtept><rtept lat="57.55422" lon="12.472262"><ele>80.0</ele></rtept><rtept lat="57.554245" lon="12.4722"><ele>80.4</ele></rtept><rtept lat="57.554258" lon="12.472167"><ele>80.4</ele></rtept><rtept lat="57.554278" lon="12.472138"><ele>81.0</ele></rtept><rtept lat="57.554297" lon="12.472108"><ele>80.6</ele></rtept><rtept lat="57.554317" lon="12.472082"><ele>80.8</ele></rtept><rtept lat="57.554328" lon="12.472053"><ele>80.8</ele></rtept><rtept lat="57.554342" lon="12.47202"><ele>80.6</ele></rtept><rtept lat="57.554355" lon="12.471975"><ele>81.0</ele></rtept><rtept lat="57.55436" lon="12.47192"><ele>80.8</ele></rtept><rtept lat="57.554367" lon="12.47187"><ele>80.6</ele></rtept><rtept lat="57.55438" lon="12.47182"><ele>81.0</ele></rtept><rtept lat="57.554387" lon="12.471775"><ele>80.6</ele></rtept><rtept lat="57.554393" lon="12.47173"><ele>80.2</ele></rtept><rtept lat="57.5544" lon="12.471682"><ele>80.4</ele></rtept><rtept lat="57.5544" lon="12.471647"><ele>79.6</ele></rtept><rtept lat="57.554405" lon="12.471592"><ele>79.2</ele></rtept><rtept lat="57.554405" lon="12.471537"><ele>79.4</ele></rtept><rtept lat="57.554405" lon="12.471487"><ele>78.6</ele></rtept><rtept lat="57.554418" lon="12.471433"><ele>78.2</ele></rtept><rtept lat="57.554418" lon="12.471378"><ele>78.4</ele></rtept><rtept lat="57.554425" lon="12.471335"><ele>77.8</ele></rtept><rtept lat="57.554432" lon="12.471302"><ele>78.0</ele></rtept><rtept lat="57.554438" lon="12.471268"><ele>77.8</ele></rtept><rtept lat="57.554457" lon="12.471215"><ele>78.0</ele></rtept><rtept lat="57.55445" lon="12.471178"><ele>78.8</ele></rtept><rtept lat="57.554432" lon="12.47115"><ele>79.2</ele></rtept><rtept lat="57.554418" lon="12.471113"><ele>79.8</ele></rtept><rtept lat="57.554405" lon="12.471075"><ele>80.0</ele></rtept><rtept lat="57.554387" lon="12.47102"><ele>81.2</ele></rtept><rtept lat="57.55438" lon="12.47098"><ele>81.2</ele></rtept><rtept lat="57.55438" lon="12.47094"><ele>82.0</ele></rtept><rtept lat="57.554367" lon="12.470897"><ele>82.0</ele></rtept><rtept lat="57.554367" lon="12.470832"><ele>82.4</ele></rtept><rtept lat="57.55436" lon="12.470773"><ele>82.8</ele></rtept><rtept lat="57.554348" lon="12.470713"><ele>82.6</ele></rtept><rtept lat="57.554342" lon="12.470628"><ele>82.6</ele></rtept><rtept lat="57.554342" lon="12.470542"><ele>82.8</ele></rtept><rtept lat="57.554348" lon="12.470488"><ele>82.4</ele></rtept><rtept lat="57.55436" lon="12.470437"><ele>82.0</ele></rtept><rtept lat="57.554367" lon="12.470377"><ele>82.0</ele></rtept><rtept lat="57.554367" lon="12.47031"><ele>81.2</ele></rtept><rtept lat="57.55438" lon="12.470238"><ele>81.0</ele></rtept><rtept lat="57.55438" lon="12.470158"><ele>81.0</ele></rtept><rtept lat="57.554348" lon="12.47012"><ele>80.6</ele></rtept><rtept lat="57.554328" lon="12.470093"><ele>80.2</ele></rtept><rtept lat="57.55431" lon="12.470062"><ele>80.6</ele></rtept><rtept lat="57.554297" lon="12.470013"><ele>81.0</ele></rtept><rtept lat="57.554303" lon="12.469963"><ele>81.2</ele></rtept><rtept lat="57.554303" lon="12.469903"><ele>81.6</ele></rtept><rtept lat="57.554303" lon="12.469868"><ele>81.8</ele></rtept><rtept lat="57.554297" lon="12.469808"><ele>82.6</ele></rtept><rtept lat="57.554297" lon="12.469768"><ele>83.0</ele></rtept><rtept lat="57.554283" lon="12.469743"><ele>83.4</ele></rtept><rtept lat="57.554265" lon="12.469703"><ele>83.8</ele></rtept><rtept lat="57.554265" lon="12.469663"><ele>84.4</ele></rtept><rtept lat="57.554265" lon="12.46963"><ele>84.6</ele></rtept><rtept lat="57.554258" lon="12.469578"><ele>85.6</ele></rtept><rtept lat="57.554258" lon="12.469518"><ele>86.4</ele></rtept><rtept lat="57.554245" lon="12.46949"><ele>86.4</ele></rtept><rtept lat="57.554245" lon="12.469445"><ele>86.4</ele></rtept><rtept lat="57.554245" lon="12.469407"><ele>86.8</ele></rtept><rtept lat="57.554245" lon="12.46934"><ele>86.8</ele></rtept><rtept lat="57.554245" lon="12.469282"><ele>87.4</ele></rtept><rtept lat="57.554258" lon="12.469222"><ele>88.0</ele></rtept><rtept lat="57.554265" lon="12.469188"><ele>88.0</ele></rtept><rtept lat="57.554272" lon="12.469128"><ele>88.6</ele></rtept><rtept lat="57.554278" lon="12.469097"><ele>88.8</ele></rtept><rtept lat="57.554283" lon="12.469055"><ele>89.4</ele></rtept><rtept lat="57.554297" lon="12.46899"><ele>89.4</ele></rtept><rtept lat="57.55431" lon="12.468963"><ele>90.0</ele></rtept><rtept lat="57.554322" lon="12.468902"><ele>90.2</ele></rtept><rtept lat="57.554335" lon="12.468842"><ele>90.8</ele></rtept><rtept lat="57.554348" lon="12.468777"><ele>91.6</ele></rtept><rtept lat="57.55436" lon="12.468733"><ele>91.8</ele></rtept><rtept lat="57.554367" lon="12.4687"><ele>92.4</ele></rtept><rtept lat="57.55438" lon="12.468667"><ele>92.6</ele></rtept><rtept lat="57.55438" lon="12.46862"><ele>92.4</ele></rtept><rtept lat="57.554387" lon="12.468578"><ele>93.0</ele></rtept><rtept lat="57.5544" lon="12.468533"><ele>93.0</ele></rtept><rtept lat="57.554405" lon="12.46848"><ele>92.6</ele></rtept><rtept lat="57.554418" lon="12.468422"><ele>92.8</ele></rtept><rtept lat="57.554425" lon="12.468373"><ele>93.0</ele></rtept><rtept lat="57.554432" lon="12.46832"><ele>92.4</ele></rtept><rtept lat="57.554443" lon="12.46827"><ele>92.2</ele></rtept><rtept lat="57.55445" lon="12.468225"><ele>92.2</ele></rtept><rtept lat="57.554457" lon="12.46818"><ele>91.8</ele></rtept><rtept lat="57.55447" lon="12.468142"><ele>91.8</ele></rtept><rtept lat="57.554477" lon="12.468107"><ele>91.8</ele></rtept><rtept lat="57.554482" lon="12.468065"><ele>91.6</ele></rtept><rtept lat="57.554482" lon="12.468017"><ele>91.6</ele></rtept><rtept lat="57.554495" lon="12.467963"><ele>91.4</ele></rtept><rtept lat="57.554502" lon="12.467913"><ele>91.2</ele></rtept><rtept lat="57.554515" lon="12.467868"><ele>91.6</ele></rtept><rtept lat="57.55452" lon="12.467823"><ele>91.4</ele></rtept><rtept lat="57.554533" lon="12.467773"><ele>91.2</ele></rtept><rtept lat="57.554547" lon="12.467728"><ele>91.4</ele></rtept><rtept lat="57.554547" lon="12.46768"><ele>91.2</ele></rtept><rtept lat="57.55456" lon="12.467637"><ele>90.8</ele></rtept><rtept lat="57.55456" lon="12.467595"><ele>91.2</ele></rtept><rtept lat="57.554565" lon="12.467547"><ele>91.0</ele></rtept><rtept lat="57.554578" lon="12.467505"><ele>90.8</ele></rtept><rtept lat="57.554585" lon="12.46746"><ele>91.2</ele></rtept><rtept lat="57.554585" lon="12.467412"><ele>90.8</ele></rtept><rtept lat="57.554592" lon="12.46737"><ele>90.8</ele></rtept><rtept lat="57.554598" lon="12.467337"><ele>91.0</ele></rtept><rtept lat="57.554598" lon="12.4673"><ele>90.8</ele></rtept><rtept lat="57.554598" lon="12.46726"><ele>90.8</ele></rtept><rtept lat="57.554598" lon="12.467213"><ele>90.8</ele></rtept><rtept lat="57.554592" lon="12.467172"><ele>90.6</ele></rtept><rtept lat="57.554598" lon="12.467135"><ele>90.8</ele></rtept><rtept lat="57.554598" lon="12.46709"><ele>90.6</ele></rtept><rtept lat="57.554603" lon="12.467042"><ele>90.4</ele></rtept><rtept lat="57.55461" lon="12.466998"><ele>90.4</ele></rtept><rtept lat="57.554603" lon="12.466953"><ele>90.2</ele></rtept><rtept lat="57.55461" lon="12.466903"><ele>90.0</ele></rtept><rtept lat="57.554617" lon="12.466857"><ele>90.0</ele></rtept><rtept lat="57.554623" lon="12.466815"><ele>89.8</ele></rtept><rtept lat="57.554637" lon="12.466777"><ele>89.4</ele></rtept><rtept lat="57.554637" lon="12.46674"><ele>89.6</ele></rtept><rtept lat="57.554637" lon="12.466695"><ele>89.4</ele></rtept><rtept lat="57.554623" lon="12.466652"><ele>89.0</ele></rtept><rtept lat="57.554617" lon="12.466613"><ele>89.0</ele></rtept><rtept lat="57.554603" lon="12.466573"><ele>88.8</ele></rtept><rtept lat="57.554578" lon="12.466528"><ele>88.4</ele></rtept><rtept lat="57.55456" lon="12.466493"><ele>88.6</ele></rtept><rtept lat="57.554533" lon="12.466477"><ele>88.2</ele></rtept><rtept lat="57.554515" lon="12.466442"><ele>88.0</ele></rtept><rtept lat="57.554495" lon="12.466402"><ele>88.2</ele></rtept><rtept lat="57.554482" lon="12.466355"><ele>88.0</ele></rtept><rtept lat="57.554463" lon="12.4663"><ele>87.8</ele></rtept><rtept lat="57.55445" lon="12.46625"><ele>87.8</ele></rtept><rtept lat="57.554438" lon="12.4662"><ele>87.4</ele></rtept><rtept lat="57.554425" lon="12.46615"><ele>87.2</ele></rtept><rtept lat="57.554412" lon="12.466107"><ele>87.4</ele></rtept><rtept lat="57.554405" lon="12.466067"><ele>87.0</ele></rtept><rtept lat="57.554387" lon="12.466022"><ele>86.8</ele></rtept><rtept lat="57.55438" lon="12.465977"><ele>86.8</ele></rtept><rtept lat="57.554367" lon="12.465918"><ele>86.4</ele></rtept><rtept lat="57.554367" lon="12.465853"><ele>85.8</ele></rtept><rtept lat="57.55436" lon="12.465798"><ele>85.8</ele></rtept><rtept lat="57.554348" lon="12.465742"><ele>85.0</ele></rtept><rtept lat="57.554348" lon="12.465685"><ele>84.6</ele></rtept><rtept lat="57.554348" lon="12.465633"><ele>84.4</ele></rtept><rtept lat="57.554348" lon="12.465577"><ele>84.0</ele></rtept><rtept lat="57.554355" lon="12.465523"><ele>84.2</ele></rtept><rtept lat="57.55436" lon="12.465477"><ele>83.8</ele></rtept><rtept lat="57.554367" lon="12.46543"><ele>84.2</ele></rtept><rtept lat="57.554367" lon="12.465382"><ele>84.0</ele></rtept><rtept lat="57.55438" lon="12.46534"><ele>84.4</ele></rtept><rtept lat="57.554387" lon="12.465295"><ele>84.4</ele></rtept><rtept lat="57.554393" lon="12.465242"><ele>84.6</ele></rtept><rtept lat="57.5544" lon="12.465192"><ele>85.0</ele></rtept><rtept lat="57.554412" lon="12.465138"><ele>85.0</ele></rtept><rtept lat="57.554418" lon="12.465088"><ele>85.6</ele></rtept><rtept lat="57.554425" lon="12.465028"><ele>86.2</ele></rtept><rtept lat="57.554432" lon="12.464975"><ele>86.2</ele></rtept><rtept lat="57.554438" lon="12.464915"><ele>86.2</ele></rtept><rtept lat="57.554443" lon="12.464857"><ele>85.8</ele></rtept><rtept lat="57.554443" lon="12.4648"><ele>86.0</ele></rtept><rtept lat="57.554443" lon="12.464745"><ele>85.8</ele></rtept><rtept lat="57.55445" lon="12.464697"><ele>85.4</ele></rtept><rtept lat="57.554457" lon="12.464645"><ele>85.6</ele></rtept><rtept lat="57.554457" lon="12.464592"><ele>85.0</ele></rtept><rtept lat="57.554457" lon="12.464542"><ele>85.0</ele></rtept><rtept lat="57.554457" lon="12.464487"><ele>84.8</ele></rtept><rtept lat="57.55445" lon="12.464433"><ele>84.4</ele></rtept><rtept lat="57.554443" lon="12.464387"><ele>84.8</ele></rtept><rtept lat="57.554412" lon="12.46434"><ele>84.6</ele></rtept><rtept lat="57.554393" lon="12.46429"><ele>85.0</ele></rtept><rtept lat="57.55438" lon="12.464245"><ele>85.0</ele></rtept><rtept lat="57.554373" lon="12.464195"><ele>84.8</ele></rtept><rtept lat="57.55436" lon="12.46415"><ele>85.2</ele></rtept><rtept lat="57.554355" lon="12.4641"><ele>84.8</ele></rtept><rtept lat="57.554348" lon="12.464055"><ele>85.2</ele></rtept><rtept lat="57.554335" lon="12.46401"><ele>85.2</ele></rtept><rtept lat="57.554322" lon="12.463972"><ele>85.0</ele></rtept><rtept lat="57.554317" lon="12.463932"><ele>85.6</ele></rtept><rtept lat="57.554303" lon="12.463887"><ele>85.4</ele></rtept><rtept lat="57.554297" lon="12.463853"><ele>86.0</ele></rtept><rtept lat="57.554283" lon="12.463813"><ele>86.2</ele></rtept><rtept lat="57.554278" lon="12.463773"><ele>86.0</ele></rtept><rtept lat="57.554272" lon="12.463733"><ele>86.6</ele></rtept><rtept lat="57.554258" lon="12.463692"><ele>86.6</ele></rtept><rtept lat="57.554252" lon="12.463652"><ele>87.2</ele></rtept><rtept lat="57.554245" lon="12.463607"><ele>87.2</ele></rtept><rtept lat="57.554233" lon="12.463563"><ele>87.6</ele></rtept><rtept lat="57.554227" lon="12.46352"><ele>88.0</ele></rtept><rtept lat="57.55422" lon="12.463478"><ele>88.0</ele></rtept><rtept lat="57.554213" lon="12.463435"><ele>88.4</ele></rtept><rtept lat="57.554207" lon="12.46339"><ele>88.2</ele></rtept><rtept lat="57.5542" lon="12.46334"><ele>88.4</ele></rtept><rtept lat="57.554188" lon="12.463292"><ele>88.6</ele></rtept><rtept lat="57.554188" lon="12.463245"><ele>88.4</ele></rtept><rtept lat="57.554182" lon="12.463192"><ele>88.2</ele></rtept><rtept lat="57.554182" lon="12.463145"><ele>88.6</ele></rtept><rtept lat="57.554182" lon="12.4631"><ele>88.2</ele></rtept><rtept lat="57.554168" lon="12.463053"><ele>87.8</ele></rtept><rtept lat="57.554162" lon="12.463012"><ele>87.8</ele></rtept><rtept lat="57.554162" lon="12.462973"><ele>87.6</ele></rtept><rtept lat="57.55415" lon="12.462928"><ele>87.2</ele></rtept><rtept lat="57.554143" lon="12.462883"><ele>87.0</ele></rtept><rtept lat="57.55413" lon="12.462835"><ele>86.2</ele></rtept><rtept lat="57.554123" lon="12.462788"><ele>85.6</ele></rtept><rtept lat="57.554112" lon="12.462743"><ele>85.4</ele></rtept><rtept lat="57.554098" lon="12.462697"><ele>84.8</ele></rtept><rtept lat="57.554085" lon="12.462655"><ele>84.6</ele></rtept><rtept lat="57.55408" lon="12.46261"><ele>84.2</ele></rtept><rtept lat="57.554067" lon="12.462565"><ele>84.0</ele></rtept><rtept lat="57.55406" lon="12.462525"><ele>84.4</ele></rtept><rtept lat="57.554047" lon="12.462487"><ele>84.0</ele></rtept><rtept lat="57.554035" lon="12.462452"><ele>84.0</ele></rtept><rtept lat="57.554022" lon="12.462413"><ele>84.2</ele></rtept><rtept lat="57.554022" lon="12.462368"><ele>84.0</ele></rtept><rtept lat="57.554008" lon="12.462328"><ele>84.4</ele></rtept><rtept lat="57.554008" lon="12.462283"><ele>84.4</ele></rtept><rtept lat="57.554008" lon="12.462235"><ele>84.2</ele></rtept><rtept lat="57.554008" lon="12.462182"><ele>84.4</ele></rtept><rtept lat="57.554015" lon="12.462128"><ele>84.4</ele></rtept><rtept lat="57.554022" lon="12.462073"><ele>84.0</ele></rtept><rtept lat="57.554035" lon="12.462015"><ele>83.6</ele></rtept><rtept lat="57.55404" lon="12.461958"><ele>83.8</ele></rtept><rtept lat="57.554047" lon="12.461912"><ele>83.0</ele></rtept><rtept lat="57.55406" lon="12.461865"><ele>83.0</ele></rtept><rtept lat="57.554067" lon="12.461822"><ele>82.4</ele></rtept><rtept lat="57.554073" lon="12.46177"><ele>82.0</ele></rtept><rtept lat="57.554085" lon="12.461712"><ele>82.4</ele></rtept><rtept lat="57.554098" lon="12.461657"><ele>81.8</ele></rtept><rtept lat="57.554118" lon="12.461607"><ele>82.0</ele></rtept><rtept lat="57.554137" lon="12.461567"><ele>82.0</ele></rtept><rtept lat="57.55415" lon="12.461502"><ele>81.8</ele></rtept><rtept lat="57.55415" lon="12.461435"><ele>82.2</ele></rtept><rtept lat="57.554157" lon="12.461388"><ele>82.0</ele></rtept><rtept lat="57.554157" lon="12.46134"><ele>82.0</ele></rtept><rtept lat="57.554162" lon="12.4613"><ele>82.2</ele></rtept><rtept lat="57.554175" lon="12.46127"><ele>82.0</ele></rtept><rtept lat="57.554195" lon="12.461217"><ele>82.2</ele></rtept><rtept lat="57.554207" lon="12.461187"><ele>82.4</ele></rtept><rtept lat="57.554227" lon="12.46116"><ele>82.6</ele></rtept><rtept lat="57.554245" lon="12.461138"><ele>82.6</ele></rtept><rtept lat="57.554258" lon="12.46111"><ele>83.4</ele></rtept><rtept lat="57.554283" lon="12.461078"><ele>83.4</ele></rtept><rtept lat="57.554303" lon="12.461052"><ele>84.0</ele></rtept><rtept lat="57.554317" lon="12.461018"><ele>84.2</ele></rtept><rtept lat="57.554342" lon="12.460992"><ele>84.4</ele></rtept><rtept lat="57.55436" lon="12.460962"><ele>84.8</ele></rtept><rtept lat="57.554387" lon="12.46094"><ele>85.0</ele></rtept><rtept lat="57.554418" lon="12.460912"><ele>85.8</ele></rtept><rtept lat="57.554438" lon="12.460887"><ele>85.6</ele></rtept><rtept lat="57.554463" lon="12.460867"><ele>85.8</ele></rtept><rtept lat="57.554495" lon="12.460835"><ele>86.2</ele></rtept><rtept lat="57.55452" lon="12.460808"><ele>86.6</ele></rtept><rtept lat="57.55454" lon="12.460788"><ele>87.0</ele></rtept><rtept lat="57.55456" lon="12.460762"><ele>86.8</ele></rtept><rtept lat="57.554578" lon="12.460745"><ele>87.2</ele></rtept><rtept lat="57.554598" lon="12.46072"><ele>87.2</ele></rtept><rtept lat="57.554623" lon="12.46069"><ele>86.8</ele></rtept><rtept lat="57.554642" lon="12.46066"><ele>87.2</ele></rtept><rtept lat="57.554662" lon="12.4606"><ele>87.0</ele></rtept><rtept lat="57.55468" lon="12.46056"><ele>86.8</ele></rtept><rtept lat="57.5547" lon="12.460535"><ele>87.2</ele></rtept><rtept lat="57.554725" lon="12.460503"><ele>86.8</ele></rtept><rtept lat="57.554758" lon="12.46047"><ele>86.4</ele></rtept><rtept lat="57.55479" lon="12.46044"><ele>86.4</ele></rtept><rtept lat="57.554808" lon="12.460405"><ele>86.0</ele></rtept><rtept lat="57.554828" lon="12.460355"><ele>85.6</ele></rtept><rtept lat="57.554847" lon="12.460305"><ele>85.6</ele></rtept><rtept lat="57.55486" lon="12.460262"><ele>85.2</ele></rtept><rtept lat="57.554878" lon="12.460222"><ele>84.8</ele></rtept><rtept lat="57.554892" lon="12.46018"><ele>85.0</ele></rtept><rtept lat="57.554905" lon="12.460135"><ele>84.6</ele></rtept><rtept lat="57.554905" lon="12.460075"><ele>84.4</ele></rtept><rtept lat="57.554912" lon="12.460023"><ele>84.6</ele></rtept><rtept lat="57.554918" lon="12.459968"><ele>84.0</ele></rtept><rtept lat="57.554918" lon="12.45993"><ele>83.6</ele></rtept><rtept lat="57.554912" lon="12.45987"><ele>83.6</ele></rtept><rtept lat="57.554905" lon="12.459827"><ele>83.2</ele></rtept><rtept lat="57.554892" lon="12.459787"><ele>83.8</ele></rtept><rtept lat="57.554878" lon="12.45975"><ele>83.4</ele></rtept><rtept lat="57.55486" lon="12.459705"><ele>83.2</ele></rtept><rtept lat="57.55484" lon="12.459665"><ele>83.4</ele></rtept><rtept lat="57.554822" lon="12.459622"><ele>83.4</ele></rtept><rtept lat="57.554802" lon="12.459587"><ele>83.6</ele></rtept><rtept lat="57.554783" lon="12.459552"><ele>83.2</ele></rtept><rtept lat="57.554758" lon="12.459493"><ele>82.8</ele></rtept><rtept lat="57.554732" lon="12.459453"><ele>83.0</ele></rtept><rtept lat="57.554707" lon="12.459422"><ele>82.4</ele></rtept><rtept lat="57.554693" lon="12.459388"><ele>82.6</ele></rtept><rtept lat="57.554668" lon="12.459362"><ele>82.2</ele></rtept><rtept lat="57.554642" lon="12.459335"><ele>81.8</ele></rtept><rtept lat="57.554623" lon="12.459313"><ele>82.0</ele></rtept><rtept lat="57.554603" lon="12.45929"><ele>81.8</ele></rtept><rtept lat="57.554585" lon="12.45927"><ele>82.4</ele></rtept><rtept lat="57.554565" lon="12.459255"><ele>82.2</ele></rtept><rtept lat="57.55454" lon="12.459235"><ele>82.2</ele></rtept><rtept lat="57.55452" lon="12.459223"><ele>82.4</ele></rtept><rtept lat="57.554502" lon="12.459217"><ele>82.4</ele></rtept><rtept lat="57.554477" lon="12.459203"><ele>82.6</ele></rtept><rtept lat="57.55445" lon="12.459203"><ele>83.2</ele></rtept><rtept lat="57.554432" lon="12.459213"><ele>83.0</ele></rtept><rtept lat="57.554405" lon="12.459233"><ele>83.4</ele></rtept><rtept lat="57.55438" lon="12.45925"><ele>83.8</ele></rtept><rtept lat="57.554348" lon="12.45927"><ele>84.0</ele></rtept><rtept lat="57.554322" lon="12.45928"><ele>83.8</ele></rtept><rtept lat="57.554283" lon="12.459298"><ele>84.2</ele></rtept><rtept lat="57.554258" lon="12.459298"><ele>84.0</ele></rtept><rtept lat="57.554227" lon="12.459298"><ele>84.4</ele></rtept><rtept lat="57.5542" lon="12.459305"><ele>84.2</ele></rtept><rtept lat="57.554168" lon="12.45931"><ele>84.2</ele></rtept><rtept lat="57.554143" lon="12.459315"><ele>84.6</ele></rtept><rtept lat="57.554118" lon="12.459315"><ele>84.4</ele></rtept><rtept lat="57.554085" lon="12.459315"><ele>85.0</ele></rtept><rtept lat="57.554047" lon="12.45932"><ele>84.8</ele></rtept><rtept lat="57.554015" lon="12.459315"><ele>85.0</ele></rtept><rtept lat="57.553983" lon="12.45931"><ele>85.2</ele></rtept><rtept lat="57.553945" lon="12.459308"><ele>85.2</ele></rtept><rtept lat="57.55392" lon="12.459302"><ele>85.8</ele></rtept><rtept lat="57.553862" lon="12.459308"><ele>85.6</ele></rtept><rtept lat="57.55383" lon="12.459288"><ele>85.8</ele></rtept><rtept lat="57.553798" lon="12.459258"><ele>85.8</ele></rtept><rtept lat="57.553765" lon="12.45923"><ele>85.6</ele></rtept><rtept lat="57.553747" lon="12.459197"><ele>86.2</ele></rtept><rtept lat="57.553727" lon="12.459157"><ele>86.0</ele></rtept><rtept lat="57.553708" lon="12.459112"><ele>85.8</ele></rtept><rtept lat="57.553688" lon="12.459077"><ele>86.0</ele></rtept><rtept lat="57.553663" lon="12.459057"><ele>86.0</ele></rtept><rtept lat="57.55365" lon="12.459032"><ele>86.4</ele></rtept><rtept lat="57.553632" lon="12.459007"><ele>86.0</ele></rtept><rtept lat="57.553605" lon="12.458965"><ele>86.2</ele></rtept><rtept lat="57.553593" lon="12.45894"><ele>86.4</ele></rtept><rtept lat="57.55358" lon="12.458917"><ele>86.6</ele></rtept><rtept lat="57.553567" lon="12.458888"><ele>86.6</ele></rtept><rtept lat="57.553548" lon="12.458848"><ele>87.0</ele></rtept><rtept lat="57.553528" lon="12.45882"><ele>87.0</ele></rtept><rtept lat="57.55351" lon="12.458783"><ele>87.2</ele></rtept><rtept lat="57.55349" lon="12.458758"><ele>87.6</ele></rtept><rtept lat="57.553478" lon="12.458728"><ele>87.6</ele></rtept><rtept lat="57.553465" lon="12.458675"><ele>87.6</ele></rtept><rtept lat="57.553452" lon="12.458645"><ele>87.6</ele></rtept><rtept lat="57.553427" lon="12.458608"><ele>87.6</ele></rtept><rtept lat="57.553388" lon="12.458582"><ele>87.8</ele></rtept><rtept lat="57.553368" lon="12.45855"><ele>87.8</ele></rtept><rtept lat="57.55335" lon="12.458523"><ele>88.2</ele></rtept><rtept lat="57.553337" lon="12.458493"><ele>88.6</ele></rtept><rtept lat="57.553312" lon="12.458465"><ele>88.4</ele></rtept><rtept lat="57.553298" lon="12.45844"><ele>88.8</ele></rtept><rtept lat="57.553285" lon="12.458417"><ele>89.0</ele></rtept><rtept lat="57.553267" lon="12.4584"><ele>88.8</ele></rtept><rtept lat="57.553247" lon="12.45839"><ele>89.2</ele></rtept><rtept lat="57.553228" lon="12.45838"><ele>89.0</ele></rtept><rtept lat="57.553202" lon="12.458367"><ele>89.4</ele></rtept><rtept lat="57.553177" lon="12.458372"><ele>89.4</ele></rtept><rtept lat="57.553152" lon="12.458385"><ele>89.6</ele></rtept><rtept lat="57.553125" lon="12.458392"><ele>89.8</ele></rtept><rtept lat="57.553107" lon="12.458402"><ele>89.6</ele></rtept><rtept lat="57.55308" lon="12.458412"><ele>90.0</ele></rtept><rtept lat="57.553055" lon="12.458423"><ele>89.8</ele></rtept><rtept lat="57.553037" lon="12.45843"><ele>89.6</ele></rtept><rtept lat="57.55301" lon="12.458437"><ele>89.8</ele></rtept><rtept lat="57.552992" lon="12.45844"><ele>89.8</ele></rtept><rtept lat="57.552965" lon="12.458445"><ele>90.0</ele></rtept><rtept lat="57.552947" lon="12.458455"><ele>89.8</ele></rtept><rtept lat="57.552927" lon="12.45846"><ele>90.6</ele></rtept><rtept lat="57.552908" lon="12.458465"><ele>90.4</ele></rtept><rtept lat="57.552877" lon="12.45847"><ele>91.0</ele></rtept><rtept lat="57.55285" lon="12.45846"><ele>91.0</ele></rtept><rtept lat="57.552832" lon="12.458452"><ele>91.6</ele></rtept><rtept lat="57.552812" lon="12.458437"><ele>91.4</ele></rtept><rtept lat="57.55278" lon="12.45841"><ele>91.8</ele></rtept><rtept lat="57.55276" lon="12.458385"><ele>91.8</ele></rtept><rtept lat="57.552735" lon="12.458345"><ele>92.4</ele></rtept><rtept lat="57.552722" lon="12.458307"><ele>92.2</ele></rtept><rtept lat="57.55271" lon="12.458275"><ele>92.8</ele></rtept><rtept lat="57.552697" lon="12.458238"><ele>93.0</ele></rtept><rtept lat="57.55269" lon="12.458198"><ele>93.0</ele></rtept><rtept lat="57.552683" lon="12.458158"><ele>93.2</ele></rtept><rtept lat="57.552678" lon="12.458107"><ele>93.0</ele></rtept><rtept lat="57.552672" lon="12.45806"><ele>93.0</ele></rtept><rtept lat="57.552658" lon="12.458022"><ele>93.4</ele></rtept><rtept lat="57.552645" lon="12.457983"><ele>93.0</ele></rtept><rtept lat="57.552633" lon="12.457948"><ele>92.8</ele></rtept><rtept lat="57.55262" lon="12.457922"><ele>93.2</ele></rtept><rtept lat="57.552588" lon="12.457875"><ele>93.0</ele></rtept><rtept lat="57.552575" lon="12.45785"><ele>93.8</ele></rtept><rtept lat="57.552557" lon="12.457818"><ele>93.4</ele></rtept><rtept lat="57.55255" lon="12.457783"><ele>93.4</ele></rtept><rtept lat="57.552537" lon="12.45775"><ele>94.0</ele></rtept><rtept lat="57.552523" lon="12.457717"><ele>93.6</ele></rtept><rtept lat="57.552512" lon="12.457685"><ele>93.4</ele></rtept><rtept lat="57.552498" lon="12.457647"><ele>93.6</ele></rtept><rtept lat="57.55248" lon="12.457605"><ele>93.4</ele></rtept><rtept lat="57.552467" lon="12.457575"><ele>93.2</ele></rtept><rtept lat="57.552447" lon="12.45754"><ele>93.2</ele></rtept><rtept lat="57.552415" lon="12.4575"><ele>93.2</ele></rtept><rtept lat="57.552397" lon="12.457487"><ele>93.6</ele></rtept><rtept lat="57.552363" lon="12.457447"><ele>93.8</ele></rtept><rtept lat="57.552345" lon="12.457428"><ele>94.0</ele></rtept><rtept lat="57.552325" lon="12.457407"><ele>94.0</ele></rtept><rtept lat="57.552313" lon="12.457382"><ele>94.0</ele></rtept><rtept lat="57.552293" lon="12.45736"><ele>94.0</ele></rtept><rtept lat="57.552275" lon="12.457342"><ele>94.0</ele></rtept><rtept lat="57.552242" lon="12.457295"><ele>94.0</ele></rtept><rtept lat="57.55223" lon="12.45727"><ele>93.8</ele></rtept><rtept lat="57.552217" lon="12.457242"><ele>94.0</ele></rtept><rtept lat="57.552203" lon="12.457205"><ele>94.0</ele></rtept><rtept lat="57.552192" lon="12.457178"><ele>94.0</ele></rtept><rtept lat="57.552178" lon="12.45715"><ele>94.4</ele></rtept><rtept lat="57.55216" lon="12.457118"><ele>94.2</ele></rtept><rtept lat="57.55214" lon="12.45708"><ele>94.2</ele></rtept><rtept lat="57.552127" lon="12.45704"><ele>94.6</ele></rtept><rtept lat="57.552108" lon="12.457015"><ele>94.4</ele></rtept><rtept lat="57.552077" lon="12.456972"><ele>95.0</ele></rtept><rtept lat="57.552057" lon="12.456955"><ele>94.6</ele></rtept><rtept lat="57.552038" lon="12.456932"><ele>95.0</ele></rtept><rtept lat="57.552018" lon="12.456912"><ele>95.0</ele></rtept><rtept lat="57.551993" lon="12.456892"><ele>95.4</ele></rtept><rtept lat="57.551973" lon="12.456875"><ele>95.2</ele></rtept><rtept lat="57.551942" lon="12.45686"><ele>95.0</ele></rtept><rtept lat="57.551922" lon="12.456852"><ele>95.2</ele></rtept><rtept lat="57.551897" lon="12.456838"><ele>94.8</ele></rtept><rtept lat="57.551878" lon="12.456817"><ele>94.6</ele></rtept><rtept lat="57.551858" lon="12.456787"><ele>94.6</ele></rtept><rtept lat="57.55184" lon="12.456773"><ele>94.2</ele></rtept><rtept lat="57.5518" lon="12.456762"><ele>94.2</ele></rtept><rtept lat="57.551782" lon="12.45676"><ele>94.4</ele></rtept><rtept lat="57.551762" lon="12.456757"><ele>94.8</ele></rtept><rtept lat="57.551737" lon="12.456747"><ele>94.2</ele></rtept><rtept lat="57.551705" lon="12.45674"><ele>94.4</ele></rtept><rtept lat="57.551667" lon="12.456733"><ele>94.4</ele></rtept><rtept lat="57.551647" lon="12.456733"><ele>94.0</ele></rtept><rtept lat="57.551622" lon="12.456733"><ele>93.8</ele></rtept><rtept lat="57.551597" lon="12.456733"><ele>94.0</ele></rtept><rtept lat="57.551577" lon="12.456733"><ele>93.6</ele></rtept><rtept lat="57.551552" lon="12.456733"><ele>93.2</ele></rtept><rtept lat="57.551525" lon="12.456727"><ele>93.4</ele></rtept><rtept lat="57.551507" lon="12.456722"><ele>93.2</ele></rtept><rtept lat="57.551487" lon="12.456718"><ele>93.0</ele></rtept><rtept lat="57.551468" lon="12.456712"><ele>93.0</ele></rtept><rtept lat="57.551442" lon="12.456703"><ele>92.6</ele></rtept><rtept lat="57.551423" lon="12.456697"><ele>92.2</ele></rtept><rtept lat="57.551403" lon="12.456692"><ele>92.4</ele></rtept><rtept lat="57.551385" lon="12.456682"><ele>91.8</ele></rtept><rtept lat="57.55136" lon="12.456678"><ele>91.4</ele></rtept><rtept lat="57.551333" lon="12.456677"><ele>91.8</ele></rtept><rtept lat="57.551302" lon="12.456672"><ele>91.2</ele></rtept><rtept lat="57.551282" lon="12.456653"><ele>91.0</ele></rtept><rtept lat="57.551263" lon="12.456632"><ele>91.0</ele></rtept><rtept lat="57.551243" lon="12.456615"><ele>90.8</ele></rtept><rtept lat="57.551225" lon="12.456602"><ele>91.0</ele></rtept><rtept lat="57.551205" lon="12.456595"><ele>90.4</ele></rtept><rtept lat="57.55118" lon="12.456602"><ele>90.2</ele></rtept><rtept lat="57.551155" lon="12.456613"><ele>90.8</ele></rtept><rtept lat="57.551117" lon="12.456622"><ele>90.4</ele></rtept><rtept lat="57.55109" lon="12.456627"><ele>90.2</ele></rtept><rtept lat="57.551072" lon="12.456633"><ele>90.4</ele></rtept><rtept lat="57.551045" lon="12.456633"><ele>90.2</ele></rtept><rtept lat="57.551027" lon="12.456638"><ele>90.6</ele></rtept><rtept lat="57.551" lon="12.456637"><ele>90.6</ele></rtept><rtept lat="57.550968" lon="12.456643"><ele>90.6</ele></rtept><rtept lat="57.55095" lon="12.456642"><ele>91.0</ele></rtept><rtept lat="57.55093" lon="12.45664"><ele>91.0</ele></rtept><rtept lat="57.550912" lon="12.456628"><ele>90.8</ele></rtept><rtept lat="57.550892" lon="12.456613"><ele>91.0</ele></rtept><rtept lat="57.550867" lon="12.456595"><ele>90.8</ele></rtept><rtept lat="57.550847" lon="12.456568"><ele>90.6</ele></rtept><rtept lat="57.55084" lon="12.456535"><ele>90.8</ele></rtept><rtept lat="57.550822" lon="12.4565"><ele>90.4</ele></rtept><rtept lat="57.550808" lon="12.456462"><ele>90.4</ele></rtept><rtept lat="57.550797" lon="12.45643"><ele>90.6</ele></rtept><rtept lat="57.550783" lon="12.456393"><ele>90.2</ele></rtept><rtept lat="57.550763" lon="12.456357"><ele>90.0</ele></rtept><rtept lat="57.550752" lon="12.456317"><ele>90.2</ele></rtept><rtept lat="57.550732" lon="12.456275"><ele>89.8</ele></rtept><rtept lat="57.550713" lon="12.456252"><ele>90.2</ele></rtept><rtept lat="57.550687" lon="12.456232"><ele>89.8</ele></rtept><rtept lat="57.550662" lon="12.456212"><ele>89.6</ele></rtept><rtept lat="57.550637" lon="12.456192"><ele>89.8</ele></rtept><rtept lat="57.55061" lon="12.456165"><ele>89.2</ele></rtept><rtept lat="57.550585" lon="12.456133"><ele>89.2</ele></rtept><rtept lat="57.550558" lon="12.456112"><ele>88.8</ele></rtept><rtept lat="57.550533" lon="12.456082"><ele>88.6</ele></rtept><rtept lat="57.550508" lon="12.456063"><ele>88.6</ele></rtept><rtept lat="57.550488" lon="12.456048"><ele>88.4</ele></rtept><rtept lat="57.55047" lon="12.456033"><ele>88.6</ele></rtept><rtept lat="57.55045" lon="12.456003"><ele>88.0</ele></rtept><rtept lat="57.550425" lon="12.45598"><ele>87.6</ele></rtept><rtept lat="57.550412" lon="12.455952"><ele>87.0</ele></rtept><rtept lat="57.550387" lon="12.455895"><ele>87.2</ele></rtept><rtept lat="57.550367" lon="12.455862"><ele>87.8</ele></rtept><rtept lat="57.55036" lon="12.45583"><ele>87.6</ele></rtept><rtept lat="57.550348" lon="12.455765"><ele>88.4</ele></rtept><rtept lat="57.550335" lon="12.455728"><ele>88.4</ele></rtept><rtept lat="57.550328" lon="12.455695"><ele>88.8</ele></rtept><rtept lat="57.550317" lon="12.45567"><ele>89.2</ele></rtept><rtept lat="57.550297" lon="12.45562"><ele>89.6</ele></rtept><rtept lat="57.55029" lon="12.455585"><ele>89.4</ele></rtept><rtept lat="57.550272" lon="12.45556"><ele>89.4</ele></rtept><rtept lat="57.550252" lon="12.455515"><ele>89.8</ele></rtept><rtept lat="57.550245" lon="12.455472"><ele>90.0</ele></rtept><rtept lat="57.550233" lon="12.455445"><ele>90.2</ele></rtept><rtept lat="57.550213" lon="12.455388"><ele>91.0</ele></rtept><rtept lat="57.5502" lon="12.45536"><ele>91.0</ele></rtept><rtept lat="57.550188" lon="12.455333"><ele>91.2</ele></rtept><rtept lat="57.550175" lon="12.455308"><ele>91.2</ele></rtept><rtept lat="57.55015" lon="12.455253"><ele>91.8</ele></rtept><rtept lat="57.550137" lon="12.455227"><ele>91.6</ele></rtept><rtept lat="57.550112" lon="12.455198"><ele>91.6</ele></rtept><rtept lat="57.550098" lon="12.455168"><ele>91.8</ele></rtept><rtept lat="57.55008" lon="12.455138"><ele>91.4</ele></rtept><rtept lat="57.550073" lon="12.4551"><ele>91.6</ele></rtept><rtept lat="57.550067" lon="12.45506"><ele>91.6</ele></rtept><rtept lat="57.550053" lon="12.455023"><ele>91.8</ele></rtept><rtept lat="57.55004" lon="12.454995"><ele>92.0</ele></rtept><rtept lat="57.550028" lon="12.454965"><ele>92.0</ele></rtept><rtept lat="57.550002" lon="12.454923"><ele>92.2</ele></rtept><rtept lat="57.549983" lon="12.454892"><ele>91.8</ele></rtept><rtept lat="57.549963" lon="12.454865"><ele>92.0</ele></rtept><rtept lat="57.549925" lon="12.454812"><ele>91.6</ele></rtept><rtept lat="57.549907" lon="12.454772"><ele>91.8</ele></rtept><rtept lat="57.54988" lon="12.45472"><ele>91.6</ele></rtept><rtept lat="57.549875" lon="12.45468"><ele>91.8</ele></rtept><rtept lat="57.549862" lon="12.454647"><ele>91.6</ele></rtept><rtept lat="57.549848" lon="12.454613"><ele>91.4</ele></rtept><rtept lat="57.549837" lon="12.45458"><ele>91.8</ele></rtept><rtept lat="57.549823" lon="12.454552"><ele>91.6</ele></rtept><rtept lat="57.54981" lon="12.454515"><ele>91.4</ele></rtept><rtept lat="57.549792" lon="12.454467"><ele>91.8</ele></rtept><rtept lat="57.549772" lon="12.454433"><ele>91.4</ele></rtept><rtept lat="57.549753" lon="12.454395"><ele>91.4</ele></rtept><rtept lat="57.549733" lon="12.454355"><ele>91.8</ele></rtept><rtept lat="57.549715" lon="12.454305"><ele>91.4</ele></rtept><rtept lat="57.549688" lon="12.454263"><ele>91.6</ele></rtept><rtept lat="57.549663" lon="12.454225"><ele>91.4</ele></rtept><rtept lat="57.549632" lon="12.454192"><ele>91.2</ele></rtept><rtept lat="57.549612" lon="12.454175"><ele>91.6</ele></rtept><rtept lat="57.549593" lon="12.454158"><ele>91.4</ele></rtept><rtept lat="57.549567" lon="12.45414"><ele>91.8</ele></rtept><rtept lat="57.549542" lon="12.454105"><ele>91.8</ele></rtept><rtept lat="57.549517" lon="12.454097"><ele>91.8</ele></rtept><rtept lat="57.54949" lon="12.454067"><ele>92.2</ele></rtept><rtept lat="57.549472" lon="12.454037"><ele>92.2</ele></rtept><rtept lat="57.549452" lon="12.454012"><ele>92.0</ele></rtept><rtept lat="57.549433" lon="12.453992"><ele>92.4</ele></rtept><rtept lat="57.549413" lon="12.453968"><ele>92.2</ele></rtept><rtept lat="57.549395" lon="12.453952"><ele>92.0</ele></rtept><rtept lat="57.549375" lon="12.453933"><ele>92.4</ele></rtept><rtept lat="57.549362" lon="12.453907"><ele>92.4</ele></rtept><rtept lat="57.549343" lon="12.45388"><ele>91.8</ele></rtept><rtept lat="57.549323" lon="12.453858"><ele>92.2</ele></rtept><rtept lat="57.549305" lon="12.453838"><ele>91.8</ele></rtept><rtept lat="57.54928" lon="12.453822"><ele>91.8</ele></rtept><rtept lat="57.54924" lon="12.453795"><ele>91.8</ele></rtept><rtept lat="57.549222" lon="12.453775"><ele>92.0</ele></rtept><rtept lat="57.549202" lon="12.453745"><ele>92.0</ele></rtept><rtept lat="57.549183" lon="12.453722"><ele>91.6</ele></rtept><rtept lat="57.549158" lon="12.453698"><ele>92.0</ele></rtept><rtept lat="57.549138" lon="12.453673"><ele>91.8</ele></rtept><rtept lat="57.54912" lon="12.453643"><ele>91.4</ele></rtept><rtept lat="57.549093" lon="12.453615"><ele>91.8</ele></rtept><rtept lat="57.549075" lon="12.45359"><ele>91.4</ele></rtept><rtept lat="57.549055" lon="12.453568"><ele>91.2</ele></rtept><rtept lat="57.549037" lon="12.453543"><ele>91.4</ele></rtept><rtept lat="57.549003" lon="12.453517"><ele>90.8</ele></rtept><rtept lat="57.548978" lon="12.453497"><ele>91.2</ele></rtept><rtept lat="57.54896" lon="12.453482"><ele>90.8</ele></rtept><rtept lat="57.54894" lon="12.453462"><ele>90.6</ele></rtept><rtept lat="57.54892" lon="12.453445"><ele>90.8</ele></rtept><rtept lat="57.548895" lon="12.453427"><ele>90.4</ele></rtept><rtept lat="57.548877" lon="12.453412"><ele>90.2</ele></rtept><rtept lat="57.548843" lon="12.453397"><ele>90.4</ele></rtept><rtept lat="57.548825" lon="12.453372"><ele>90.4</ele></rtept><rtept lat="57.548805" lon="12.453347"><ele>90.2</ele></rtept><rtept lat="57.54878" lon="12.45332"><ele>90.2</ele></rtept><rtept lat="57.54876" lon="12.453292"><ele>90.0</ele></rtept><rtept lat="57.548748" lon="12.453258"><ele>89.4</ele></rtept><rtept lat="57.548742" lon="12.45322"><ele>89.4</ele></rtept><rtept lat="57.548735" lon="12.453187"><ele>89.4</ele></rtept><rtept lat="57.548722" lon="12.453162"><ele>89.0</ele></rtept><rtept lat="57.548697" lon="12.453128"><ele>89.0</ele></rtept><rtept lat="57.548672" lon="12.453095"><ele>88.6</ele></rtept><rtept lat="57.548652" lon="12.45306"><ele>88.2</ele></rtept><rtept lat="57.548627" lon="12.453015"><ele>88.4</ele></rtept><rtept lat="57.548607" lon="12.452975"><ele>88.0</ele></rtept><rtept lat="57.548588" lon="12.452938"><ele>87.8</ele></rtept><rtept lat="57.548582" lon="12.452903"><ele>88.0</ele></rtept><rtept lat="57.548568" lon="12.452863"><ele>87.6</ele></rtept><rtept lat="57.54855" lon="12.452823"><ele>87.2</ele></rtept><rtept lat="57.548543" lon="12.452785"><ele>87.2</ele></rtept><rtept lat="57.548518" lon="12.452752"><ele>86.6</ele></rtept><rtept lat="57.548492" lon="12.45272"><ele>85.2</ele></rtept><rtept lat="57.548467" lon="12.452685"><ele>84.4</ele></rtept><rtept lat="57.548447" lon="12.452658"><ele>83.8</ele></rtept><rtept lat="57.548428" lon="12.452627"><ele>83.8</ele></rtept><rtept lat="57.548408" lon="12.452612"><ele>83.4</ele></rtept><rtept lat="57.548383" lon="12.452592"><ele>83.2</ele></rtept><rtept lat="57.548363" lon="12.452597"><ele>82.8</ele></rtept><rtept lat="57.548338" lon="12.452577"><ele>83.6</ele></rtept><rtept lat="57.548325" lon="12.45254"><ele>83.6</ele></rtept><rtept lat="57.54832" lon="12.452507"><ele>83.8</ele></rtept><rtept lat="57.5483" lon="12.452462"><ele>84.0</ele></rtept><rtept lat="57.548287" lon="12.452387"><ele>84.2</ele></rtept><rtept lat="57.54828" lon="12.452348"><ele>84.6</ele></rtept><rtept lat="57.548275" lon="12.45231"><ele>85.2</ele></rtept><rtept lat="57.548275" lon="12.452275"><ele>85.4</ele></rtept><rtept lat="57.548268" lon="12.452235"><ele>85.4</ele></rtept><rtept lat="57.548248" lon="12.452215"><ele>86.6</ele></rtept><rtept lat="57.54821" lon="12.452223"><ele>87.6</ele></rtept><rtept lat="57.548192" lon="12.452218"><ele>87.8</ele></rtept><rtept lat="57.548165" lon="12.452203"><ele>87.8</ele></rtept><rtept lat="57.548147" lon="12.452183"><ele>88.2</ele></rtept><rtept lat="57.54812" lon="12.452157"><ele>88.2</ele></rtept><rtept lat="57.548108" lon="12.45211"><ele>88.0</ele></rtept><rtept lat="57.548108" lon="12.45207"><ele>88.4</ele></rtept><rtept lat="57.548102" lon="12.452032"><ele>88.6</ele></rtept><rtept lat="57.548082" lon="12.452022"><ele>89.0</ele></rtept><rtept lat="57.548077" lon="12.451937"><ele>89.4</ele></rtept><rtept lat="57.548057" lon="12.451898"><ele>89.2</ele></rtept><rtept lat="57.548025" lon="12.45186"><ele>89.2</ele></rtept><rtept lat="57.547987" lon="12.451827"><ele>89.4</ele></rtept><rtept lat="57.547967" lon="12.4518"><ele>89.2</ele></rtept><rtept lat="57.547955" lon="12.451832"><ele>89.6</ele></rtept><rtept lat="57.547967" lon="12.451878"><ele>89.2</ele></rtept><rtept lat="57.547967" lon="12.451918"><ele>89.0</ele></rtept><rtept lat="57.547948" lon="12.451938"><ele>89.2</ele></rtept><rtept lat="57.547935" lon="12.451965"><ele>89.4</ele></rtept><rtept lat="57.54791" lon="12.451978"><ele>89.6</ele></rtept><rtept lat="57.54789" lon="12.45198"><ele>89.8</ele></rtept><rtept lat="57.547872" lon="12.451987"><ele>90.4</ele></rtept><rtept lat="57.547852" lon="12.451987"><ele>90.6</ele></rtept><rtept lat="57.547833" lon="12.451978"><ele>91.0</ele></rtept><rtept lat="57.547807" lon="12.451965"><ele>91.4</ele></rtept><rtept lat="57.547788" lon="12.451945"><ele>91.4</ele></rtept><rtept lat="57.547768" lon="12.451935"><ele>91.6</ele></rtept><rtept lat="57.54773" lon="12.451945"><ele>92.0</ele></rtept><rtept lat="57.547712" lon="12.451995"><ele>92.4</ele></rtept><rtept lat="57.547698" lon="12.452057"><ele>92.2</ele></rtept><rtept lat="57.547692" lon="12.45209"><ele>92.4</ele></rtept><rtept lat="57.547692" lon="12.452137"><ele>92.4</ele></rtept><rtept lat="57.54768" lon="12.45218"><ele>92.0</ele></rtept><rtept lat="57.547667" lon="12.452233"><ele>91.6</ele></rtept><rtept lat="57.547647" lon="12.452283"><ele>91.6</ele></rtept><rtept lat="57.547622" lon="12.452353"><ele>91.2</ele></rtept><rtept lat="57.547608" lon="12.452427"><ele>91.0</ele></rtept><rtept lat="57.54759" lon="12.45248"><ele>91.0</ele></rtept><rtept lat="57.547577" lon="12.452513"><ele>90.6</ele></rtept><rtept lat="57.547563" lon="12.452567"><ele>90.6</ele></rtept><rtept lat="57.547525" lon="12.45262"><ele>90.6</ele></rtept><rtept lat="57.54748" lon="12.452638"><ele>90.2</ele></rtept><rtept lat="57.547448" lon="12.452675"><ele>90.0</ele></rtept><rtept lat="57.54743" lon="12.452705"><ele>90.0</ele></rtept><rtept lat="57.547398" lon="12.452732"><ele>89.6</ele></rtept><rtept lat="57.547365" lon="12.45276"><ele>89.2</ele></rtept><rtept lat="57.547327" lon="12.452738"><ele>89.2</ele></rtept><rtept lat="57.547282" lon="12.45274"><ele>88.6</ele></rtept><rtept lat="57.547257" lon="12.452695"><ele>88.2</ele></rtept><rtept lat="57.547218" lon="12.452645"><ele>88.2</ele></rtept><rtept lat="57.547173" lon="12.452597"><ele>87.8</ele></rtept><rtept lat="57.547122" lon="12.452538"><ele>87.6</ele></rtept><rtept lat="57.547078" lon="12.452478"><ele>87.6</ele></rtept><rtept lat="57.547033" lon="12.452407"><ele>87.0</ele></rtept><rtept lat="57.547" lon="12.452348"><ele>86.6</ele></rtept><rtept lat="57.546982" lon="12.45235"><ele>86.8</ele></rtept><rtept lat="57.54695" lon="12.452338"><ele>86.4</ele></rtept><rtept lat="57.546918" lon="12.452322"><ele>86.6</ele></rtept><rtept lat="57.546898" lon="12.452295"><ele>86.8</ele></rtept><rtept lat="57.546873" lon="12.45226"><ele>86.8</ele></rtept><rtept lat="57.546847" lon="12.452255"><ele>86.6</ele></rtept><rtept lat="57.546828" lon="12.452257"><ele>86.4</ele></rtept><rtept lat="57.546808" lon="12.45226"><ele>86.4</ele></rtept><rtept lat="57.54679" lon="12.452283"><ele>86.8</ele></rtept><rtept lat="57.54677" lon="12.452315"><ele>86.8</ele></rtept><rtept lat="57.546738" lon="12.452335"><ele>86.8</ele></rtept><rtept lat="57.546713" lon="12.45236"><ele>86.4</ele></rtept><rtept lat="57.546687" lon="12.452375"><ele>86.4</ele></rtept><rtept lat="57.546655" lon="12.4524"><ele>85.4</ele></rtept><rtept lat="57.546637" lon="12.452417"><ele>85.8</ele></rtept><rtept lat="57.54661" lon="12.452452"><ele>85.8</ele></rtept><rtept lat="57.546592" lon="12.452462"><ele>86.0</ele></rtept><rtept lat="57.546572" lon="12.452467"><ele>86.0</ele></rtept><rtept lat="57.54654" lon="12.452463"><ele>86.6</ele></rtept><rtept lat="57.546515" lon="12.452467"><ele>86.6</ele></rtept><rtept lat="57.546488" lon="12.45248"><ele>87.0</ele></rtept><rtept lat="57.546477" lon="12.452507"><ele>87.0</ele></rtept><rtept lat="57.546457" lon="12.452522"><ele>86.8</ele></rtept><rtept lat="57.546432" lon="12.452552"><ele>87.6</ele></rtept><rtept lat="57.546387" lon="12.452562"><ele>88.2</ele></rtept><rtept lat="57.546355" lon="12.452585"><ele>88.4</ele></rtept><rtept lat="57.546335" lon="12.4526"><ele>88.8</ele></rtept><rtept lat="57.546303" lon="12.452598"><ele>88.4</ele></rtept><rtept lat="57.546278" lon="12.452593"><ele>89.0</ele></rtept><rtept lat="57.546245" lon="12.452592"><ele>88.6</ele></rtept><rtept lat="57.546213" lon="12.452592"><ele>88.8</ele></rtept><rtept lat="57.546188" lon="12.452588"><ele>89.0</ele></rtept><rtept lat="57.546157" lon="12.452592"><ele>88.6</ele></rtept><rtept lat="57.546123" lon="12.452588"><ele>88.6</ele></rtept><rtept lat="57.546098" lon="12.452587"><ele>88.6</ele></rtept><rtept lat="57.54608" lon="12.45258"><ele>88.4</ele></rtept><rtept lat="57.546053" lon="12.45258"><ele>88.8</ele></rtept><rtept lat="57.546028" lon="12.452587"><ele>88.4</ele></rtept><rtept lat="57.546002" lon="12.452598"><ele>88.0</ele></rtept><rtept lat="57.545977" lon="12.452605"><ele>88.4</ele></rtept><rtept lat="57.545945" lon="12.4526"><ele>87.8</ele></rtept><rtept lat="57.54592" lon="12.452593"><ele>88.0</ele></rtept><rtept lat="57.545887" lon="12.452593"><ele>88.2</ele></rtept><rtept lat="57.545862" lon="12.452598"><ele>87.8</ele></rtept><rtept lat="57.545842" lon="12.4526"><ele>88.2</ele></rtept><rtept lat="57.545823" lon="12.452607"><ele>87.8</ele></rtept><rtept lat="57.545798" lon="12.452645"><ele>87.6</ele></rtept><rtept lat="57.545772" lon="12.452675"><ele>87.2</ele></rtept><rtept lat="57.545747" lon="12.452695"><ele>87.2</ele></rtept><rtept lat="57.54572" lon="12.452707"><ele>87.4</ele></rtept><rtept lat="57.545702" lon="12.452712"><ele>87.0</ele></rtept><rtept lat="57.54567" lon="12.452722"><ele>87.4</ele></rtept><rtept lat="57.545643" lon="12.45274"><ele>87.0</ele></rtept><rtept lat="57.545618" lon="12.452752"><ele>87.0</ele></rtept><rtept lat="57.5456" lon="12.45277"><ele>87.0</ele></rtept><rtept lat="57.545573" lon="12.45279"><ele>86.6</ele></rtept><rtept lat="57.545542" lon="12.45281"><ele>87.0</ele></rtept><rtept lat="57.54551" lon="12.45283"><ele>86.6</ele></rtept><rtept lat="57.545483" lon="12.45285"><ele>86.8</ele></rtept><rtept lat="57.545452" lon="12.452863"><ele>86.6</ele></rtept><rtept lat="57.54542" lon="12.452853"><ele>86.6</ele></rtept><rtept lat="57.5454" lon="12.452832"><ele>86.4</ele></rtept><rtept lat="57.545368" lon="12.452823"><ele>87.0</ele></rtept><rtept lat="57.545343" lon="12.452815"><ele>86.6</ele></rtept><rtept lat="57.545305" lon="12.4528"><ele>86.2</ele></rtept><rtept lat="57.54528" lon="12.452782"><ele>86.6</ele></rtept><rtept lat="57.545253" lon="12.452755"><ele>86.4</ele></rtept><rtept lat="57.54524" lon="12.452722"><ele>86.8</ele></rtept><rtept lat="57.545222" lon="12.452692"><ele>86.6</ele></rtept><rtept lat="57.545197" lon="12.45266"><ele>86.6</ele></rtept><rtept lat="57.545183" lon="12.45263"><ele>86.8</ele></rtept><rtept lat="57.545158" lon="12.4526"><ele>86.4</ele></rtept><rtept lat="57.545138" lon="12.452573"><ele>86.2</ele></rtept><rtept lat="57.545113" lon="12.452558"><ele>86.4</ele></rtept><rtept lat="57.545087" lon="12.452538"><ele>86.0</ele></rtept><rtept lat="57.545062" lon="12.452512"><ele>86.0</ele></rtept><rtept lat="57.545037" lon="12.452477"><ele>86.0</ele></rtept><rtept lat="57.545023" lon="12.452448"><ele>85.8</ele></rtept><rtept lat="57.54501" lon="12.45242"><ele>85.8</ele></rtept><rtept lat="57.544985" lon="12.452398"><ele>85.4</ele></rtept><rtept lat="57.544965" lon="12.452395"><ele>84.6</ele></rtept><rtept lat="57.544947" lon="12.452388"><ele>84.2</ele></rtept><rtept lat="57.544927" lon="12.452388"><ele>84.2</ele></rtept><rtept lat="57.544895" lon="12.452387"><ele>83.4</ele></rtept><rtept lat="57.544877" lon="12.452378"><ele>83.2</ele></rtept><rtept lat="57.544832" lon="12.45233"><ele>82.6</ele></rtept><rtept lat="57.544793" lon="12.452328"><ele>82.4</ele></rtept><rtept lat="57.544767" lon="12.452303"><ele>82.4</ele></rtept><rtept lat="57.544748" lon="12.452295"><ele>81.8</ele></rtept><rtept lat="57.544722" lon="12.452285"><ele>81.0</ele></rtept><rtept lat="57.54469" lon="12.45228"><ele>81.2</ele></rtept><rtept lat="57.544672" lon="12.452273"><ele>80.4</ele></rtept><rtept lat="57.544645" lon="12.45226"><ele>80.0</ele></rtept><rtept lat="57.54462" lon="12.45224"><ele>80.2</ele></rtept><rtept lat="57.544588" lon="12.452215"><ele>79.4</ele></rtept><rtept lat="57.544562" lon="12.452197"><ele>79.2</ele></rtept><rtept lat="57.544537" lon="12.452198"><ele>78.8</ele></rtept><rtept lat="57.544498" lon="12.452205"><ele>78.2</ele></rtept><rtept lat="57.54448" lon="12.45221"><ele>78.2</ele></rtept><rtept lat="57.54446" lon="12.452223"><ele>77.8</ele></rtept><rtept lat="57.544435" lon="12.45224"><ele>77.2</ele></rtept><rtept lat="57.544415" lon="12.452255"><ele>77.2</ele></rtept><rtept lat="57.544397" lon="12.45226"><ele>76.6</ele></rtept><rtept lat="57.54437" lon="12.452268"><ele>76.0</ele></rtept><rtept lat="57.544352" lon="12.452278"><ele>76.0</ele></rtept><rtept lat="57.544325" lon="12.452288"><ele>75.4</ele></rtept><rtept lat="57.5443" lon="12.452303"><ele>75.0</ele></rtept><rtept lat="57.54428" lon="12.45232"><ele>75.2</ele></rtept><rtept lat="57.544262" lon="12.452338"><ele>74.6</ele></rtept><rtept lat="57.544237" lon="12.452348"><ele>74.2</ele></rtept><rtept lat="57.54421" lon="12.452363"><ele>73.6</ele></rtept><rtept lat="57.544185" lon="12.452373"><ele>73.4</ele></rtept><rtept lat="57.544165" lon="12.452368"><ele>73.6</ele></rtept><rtept lat="57.54414" lon="12.452368"><ele>73.6</ele></rtept><rtept lat="57.544115" lon="12.45236"><ele>73.2</ele></rtept><rtept lat="57.544088" lon="12.452348"><ele>73.6</ele></rtept><rtept lat="57.54407" lon="12.452303"><ele>73.0</ele></rtept><rtept lat="57.54407" lon="12.45227"><ele>73.0</ele></rtept><rtept lat="57.544077" lon="12.452235"><ele>72.6</ele></rtept><rtept lat="57.544077" lon="12.4522"><ele>72.8</ele></rtept><rtept lat="57.544095" lon="12.45214"><ele>72.0</ele></rtept><rtept lat="57.544102" lon="12.45208"><ele>72.2</ele></rtept><rtept lat="57.544115" lon="12.452022"><ele>72.6</ele></rtept><rtept lat="57.544115" lon="12.451965"><ele>72.6</ele></rtept><rtept lat="57.544115" lon="12.451927"><ele>72.4</ele></rtept><rtept lat="57.544115" lon="12.451887"><ele>72.0</ele></rtept><rtept lat="57.544127" lon="12.451842"><ele>72.2</ele></rtept><rtept lat="57.544133" lon="12.451802"><ele>72.0</ele></rtept><rtept lat="57.54414" lon="12.451753"><ele>72.0</ele></rtept><rtept lat="57.54414" lon="12.451695"><ele>72.2</ele></rtept><rtept lat="57.544153" lon="12.451635"><ele>71.8</ele></rtept><rtept lat="57.544165" lon="12.451595"><ele>72.0</ele></rtept><rtept lat="57.544178" lon="12.451523"><ele>71.4</ele></rtept><rtept lat="57.544178" lon="12.45149"><ele>71.8</ele></rtept><rtept lat="57.544185" lon="12.45145"><ele>71.6</ele></rtept><rtept lat="57.544192" lon="12.451385"><ele>71.8</ele></rtept><rtept lat="57.544198" lon="12.451325"><ele>71.8</ele></rtept><rtept lat="57.54421" lon="12.45128"><ele>71.6</ele></rtept><rtept lat="57.54423" lon="12.451237"><ele>72.2</ele></rtept><rtept lat="57.544242" lon="12.451182"><ele>71.8</ele></rtept><rtept lat="57.544255" lon="12.451142"><ele>71.6</ele></rtept><rtept lat="57.544275" lon="12.451107"><ele>72.0</ele></rtept><rtept lat="57.54428" lon="12.451067"><ele>71.6</ele></rtept><rtept lat="57.5443" lon="12.451032"><ele>71.8</ele></rtept><rtept lat="57.544313" lon="12.450995"><ele>71.8</ele></rtept><rtept lat="57.544332" lon="12.450962"><ele>71.8</ele></rtept><rtept lat="57.544338" lon="12.450915"><ele>72.4</ele></rtept><rtept lat="57.544352" lon="12.450875"><ele>72.2</ele></rtept><rtept lat="57.54437" lon="12.450858"><ele>72.0</ele></rtept><rtept lat="57.544377" lon="12.450825"><ele>72.2</ele></rtept><rtept lat="57.544377" lon="12.450783"><ele>72.0</ele></rtept><rtept lat="57.544383" lon="12.45075"><ele>72.2</ele></rtept><rtept lat="57.54439" lon="12.450705"><ele>72.0</ele></rtept><rtept lat="57.54439" lon="12.450665"><ele>71.8</ele></rtept><rtept lat="57.544397" lon="12.45062"><ele>72.4</ele></rtept><rtept lat="57.544402" lon="12.450572"><ele>72.0</ele></rtept><rtept lat="57.544428" lon="12.45051"><ele>72.2</ele></rtept><rtept lat="57.544447" lon="12.450457"><ele>72.0</ele></rtept><rtept lat="57.544453" lon="12.450422"><ele>71.8</ele></rtept><rtept lat="57.54448" lon="12.450362"><ele>72.2</ele></rtept><rtept lat="57.544505" lon="12.450307"><ele>72.4</ele></rtept><rtept lat="57.544518" lon="12.450215"><ele>72.6</ele></rtept><rtept lat="57.544512" lon="12.4501"><ele>73.0</ele></rtept><rtept lat="57.544505" lon="12.45"><ele>73.0</ele></rtept><rtept lat="57.544518" lon="12.449925"><ele>73.4</ele></rtept><rtept lat="57.54453" lon="12.449882"><ele>73.4</ele></rtept><rtept lat="57.54455" lon="12.449837"><ele>73.8</ele></rtept><rtept lat="57.544562" lon="12.449778"><ele>74.2</ele></rtept><rtept lat="57.544595" lon="12.449772"><ele>74.6</ele></rtept><rtept lat="57.544613" lon="12.44972"><ele>74.4</ele></rtept><rtept lat="57.544633" lon="12.449682"><ele>74.2</ele></rtept><rtept lat="57.544665" lon="12.449628"><ele>74.8</ele></rtept><rtept lat="57.544678" lon="12.449593"><ele>74.8</ele></rtept><rtept lat="57.54471" lon="12.449548"><ele>74.8</ele></rtept><rtept lat="57.544728" lon="12.44953"><ele>75.2</ele></rtept><rtept lat="57.544748" lon="12.44951"><ele>75.0</ele></rtept><rtept lat="57.544767" lon="12.449483"><ele>75.4</ele></rtept><rtept lat="57.544793" lon="12.44948"><ele>75.4</ele></rtept><rtept lat="57.544812" lon="12.449475"><ele>75.4</ele></rtept><rtept lat="57.544832" lon="12.449453"><ele>76.0</ele></rtept><rtept lat="57.544857" lon="12.44944"><ele>75.6</ele></rtept><rtept lat="57.54487" lon="12.449388"><ele>75.8</ele></rtept><rtept lat="57.544877" lon="12.449343"><ele>76.2</ele></rtept><rtept lat="57.544895" lon="12.44933"><ele>76.0</ele></rtept><rtept lat="57.544915" lon="12.44931"><ele>75.6</ele></rtept><rtept lat="57.544933" lon="12.44934"><ele>75.8</ele></rtept><rtept lat="57.544947" lon="12.449365"><ele>75.4</ele></rtept><rtept lat="57.544972" lon="12.4494"><ele>75.6</ele></rtept><rtept lat="57.545017" lon="12.449423"><ele>75.6</ele></rtept><rtept lat="57.545048" lon="12.449435"><ele>76.0</ele></rtept><rtept lat="57.545087" lon="12.449433"><ele>75.8</ele></rtept><rtept lat="57.545107" lon="12.449433"><ele>76.0</ele></rtept><rtept lat="57.545132" lon="12.449423"><ele>75.8</ele></rtept><rtept lat="57.54517" lon="12.44942"><ele>76.2</ele></rtept><rtept lat="57.545197" lon="12.44941"><ele>76.0</ele></rtept><rtept lat="57.54524" lon="12.449368"><ele>76.4</ele></rtept><rtept lat="57.545267" lon="12.44936"><ele>76.4</ele></rtept><rtept lat="57.545292" lon="12.449353"><ele>77.0</ele></rtept><rtept lat="57.545323" lon="12.449337"><ele>77.0</ele></rtept><rtept lat="57.545357" lon="12.449317"><ele>77.0</ele></rtept><rtept lat="57.545388" lon="12.4493"><ele>77.6</ele></rtept><rtept lat="57.545413" lon="12.449282"><ele>77.8</ele></rtept><rtept lat="57.54544" lon="12.449275"><ele>78.4</ele></rtept><rtept lat="57.545472" lon="12.449267"><ele>78.6</ele></rtept><rtept lat="57.545497" lon="12.44926"><ele>78.8</ele></rtept><rtept lat="57.545522" lon="12.449247"><ele>79.2</ele></rtept><rtept lat="57.545548" lon="12.449225"><ele>79.4</ele></rtept><rtept lat="57.545573" lon="12.449207"><ele>80.0</ele></rtept><rtept lat="57.5456" lon="12.449192"><ele>80.2</ele></rtept><rtept lat="57.545618" lon="12.449158"><ele>80.0</ele></rtept><rtept lat="57.545638" lon="12.449122"><ele>80.4</ele></rtept><rtept lat="57.54565" lon="12.449082"><ele>80.4</ele></rtept><rtept lat="57.545682" lon="12.449068"><ele>81.0</ele></rtept><rtept lat="57.545702" lon="12.449038"><ele>81.4</ele></rtept><rtept lat="57.54572" lon="12.449008"><ele>82.0</ele></rtept><rtept lat="57.54574" lon="12.44896"><ele>81.8</ele></rtept><rtept lat="57.545765" lon="12.448938"><ele>82.2</ele></rtept><rtept lat="57.545792" lon="12.44892"><ele>82.4</ele></rtept><rtept lat="57.545817" lon="12.448907"><ele>82.6</ele></rtept><rtept lat="57.545862" lon="12.448875"><ele>83.2</ele></rtept><rtept lat="57.54588" lon="12.448855"><ele>82.8</ele></rtept><rtept lat="57.545907" lon="12.448828"><ele>83.0</ele></rtept><rtept lat="57.54592" lon="12.448793"><ele>83.2</ele></rtept><rtept lat="57.545925" lon="12.448743"><ele>83.0</ele></rtept><rtept lat="57.545938" lon="12.44871"><ele>82.6</ele></rtept><rtept lat="57.545963" lon="12.448688"><ele>82.6</ele></rtept><rtept lat="57.545983" lon="12.448655"><ele>82.2</ele></rtept><rtept lat="57.546008" lon="12.44862"><ele>81.6</ele></rtept><rtept lat="57.546028" lon="12.44858"><ele>81.4</ele></rtept><rtept lat="57.546047" lon="12.448555"><ele>80.8</ele></rtept><rtept lat="57.546067" lon="12.448505"><ele>80.2</ele></rtept><rtept lat="57.546085" lon="12.44848"><ele>80.0</ele></rtept><rtept lat="57.546105" lon="12.448445"><ele>79.2</ele></rtept><rtept lat="57.546137" lon="12.448405"><ele>78.6</ele></rtept><rtept lat="57.546162" lon="12.448387"><ele>78.6</ele></rtept><rtept lat="57.546188" lon="12.44836"><ele>78.0</ele></rtept><rtept lat="57.546213" lon="12.448343"><ele>77.6</ele></rtept><rtept lat="57.546238" lon="12.448317"><ele>77.8</ele></rtept><rtept lat="57.546265" lon="12.448283"><ele>77.4</ele></rtept><rtept lat="57.546278" lon="12.448242"><ele>76.8</ele></rtept><rtept lat="57.546303" lon="12.448202"><ele>77.0</ele></rtept><rtept lat="57.546322" lon="12.448162"><ele>76.8</ele></rtept><rtept lat="57.546348" lon="12.448122"><ele>76.2</ele></rtept><rtept lat="57.546373" lon="12.448083"><ele>76.4</ele></rtept><rtept lat="57.546393" lon="12.448048"><ele>76.0</ele></rtept><rtept lat="57.546405" lon="12.447993"><ele>75.2</ele></rtept><rtept lat="57.546425" lon="12.447963"><ele>75.2</ele></rtept><rtept lat="57.54645" lon="12.44792"><ele>74.6</ele></rtept><rtept lat="57.546477" lon="12.447883"><ele>74.2</ele></rtept><rtept lat="57.546495" lon="12.44784"><ele>74.2</ele></rtept><rtept lat="57.546515" lon="12.447812"><ele>73.8</ele></rtept><rtept lat="57.54654" lon="12.447787"><ele>73.2</ele></rtept><rtept lat="57.54656" lon="12.447755"><ele>73.2</ele></rtept><rtept lat="57.54656" lon="12.447693"><ele>72.8</ele></rtept><rtept lat="57.546572" lon="12.44764"><ele>73.0</ele></rtept><rtept lat="57.546578" lon="12.44758"><ele>72.8</ele></rtept><rtept lat="57.546585" lon="12.447527"><ele>72.4</ele></rtept><rtept lat="57.546598" lon="12.447468"><ele>73.0</ele></rtept><rtept lat="57.546598" lon="12.447408"><ele>72.6</ele></rtept><rtept lat="57.546598" lon="12.447365"><ele>72.4</ele></rtept><rtept lat="57.546598" lon="12.44731"><ele>72.6</ele></rtept><rtept lat="57.546603" lon="12.447263"><ele>72.2</ele></rtept><rtept lat="57.546603" lon="12.447217"><ele>72.2</ele></rtept><rtept lat="57.546598" lon="12.447158"><ele>72.2</ele></rtept><rtept lat="57.546603" lon="12.44711"><ele>71.8</ele></rtept><rtept lat="57.546617" lon="12.447072"><ele>72.2</ele></rtept><rtept lat="57.54663" lon="12.447032"><ele>72.0</ele></rtept><rtept lat="57.546637" lon="12.446985"><ele>71.6</ele></rtept><rtept lat="57.546642" lon="12.446928"><ele>71.8</ele></rtept><rtept lat="57.546655" lon="12.44688"><ele>71.6</ele></rtept><rtept lat="57.546662" lon="12.446832"><ele>72.2</ele></rtept><rtept lat="57.546662" lon="12.446772"><ele>72.0</ele></rtept><rtept lat="57.546655" lon="12.446708"><ele>71.8</ele></rtept><rtept lat="57.546662" lon="12.446668"><ele>72.0</ele></rtept><rtept lat="57.546662" lon="12.446618"><ele>71.6</ele></rtept><rtept lat="57.546668" lon="12.446583"><ele>72.0</ele></rtept><rtept lat="57.546675" lon="12.44653"><ele>71.8</ele></rtept><rtept lat="57.546655" lon="12.44647"><ele>72.0</ele></rtept><rtept lat="57.546642" lon="12.446432"><ele>72.2</ele></rtept><rtept lat="57.546637" lon="12.4464"><ele>72.2</ele></rtept><rtept lat="57.546623" lon="12.44634"><ele>72.6</ele></rtept><rtept lat="57.546598" lon="12.446307"><ele>73.4</ele></rtept><rtept lat="57.546572" lon="12.446298"><ele>74.2</ele></rtept><rtept lat="57.546553" lon="12.446293"><ele>74.4</ele></rtept><rtept lat="57.546533" lon="12.446282"><ele>75.0</ele></rtept><rtept lat="57.546508" lon="12.446267"><ele>75.0</ele></rtept><rtept lat="57.546482" lon="12.446238"><ele>76.0</ele></rtept><rtept lat="57.546463" lon="12.446213"><ele>76.4</ele></rtept><rtept lat="57.546443" lon="12.446193"><ele>77.2</ele></rtept><rtept lat="57.546432" lon="12.446163"><ele>77.2</ele></rtept><rtept lat="57.546418" lon="12.446133"><ele>77.6</ele></rtept><rtept lat="57.546393" lon="12.446082"><ele>78.4</ele></rtept><rtept lat="57.546373" lon="12.446048"><ele>79.0</ele></rtept><rtept lat="57.54636" lon="12.446008"><ele>79.2</ele></rtept><rtept lat="57.54636" lon="12.445958"><ele>79.4</ele></rtept><rtept lat="57.546367" lon="12.445885"><ele>79.8</ele></rtept><rtept lat="57.54636" lon="12.44583"><ele>80.2</ele></rtept><rtept lat="57.54636" lon="12.445777"><ele>80.4</ele></rtept><rtept lat="57.54636" lon="12.445722"><ele>80.4</ele></rtept><rtept lat="57.54636" lon="12.445672"><ele>81.0</ele></rtept><rtept lat="57.546373" lon="12.44563"><ele>81.0</ele></rtept><rtept lat="57.546387" lon="12.44559"><ele>81.2</ele></rtept><rtept lat="57.546405" lon="12.445565"><ele>81.6</ele></rtept><rtept lat="57.546425" lon="12.445553"><ele>81.6</ele></rtept><rtept lat="57.546463" lon="12.44554"><ele>82.2</ele></rtept><rtept lat="57.546482" lon="12.44554"><ele>81.8</ele></rtept><rtept lat="57.54652" lon="12.445527"><ele>82.2</ele></rtept><rtept lat="57.54656" lon="12.445533"><ele>82.8</ele></rtept><rtept lat="57.546585" lon="12.445547"><ele>82.8</ele></rtept><rtept lat="57.546603" lon="12.445547"><ele>83.2</ele></rtept><rtept lat="57.546623" lon="12.445543"><ele>83.2</ele></rtept><rtept lat="57.546655" lon="12.445527"><ele>83.4</ele></rtept><rtept lat="57.546675" lon="12.445477"><ele>83.2</ele></rtept><rtept lat="57.546675" lon="12.445442"><ele>83.6</ele></rtept><rtept lat="57.546668" lon="12.445407"><ele>83.4</ele></rtept><rtept lat="57.546642" lon="12.445352"><ele>83.4</ele></rtept><rtept lat="57.546623" lon="12.445295"><ele>83.6</ele></rtept><rtept lat="57.54661" lon="12.44526"><ele>83.0</ele></rtept><rtept lat="57.546598" lon="12.445223"><ele>83.4</ele></rtept><rtept lat="57.546592" lon="12.445183"><ele>83.2</ele></rtept><rtept lat="57.546578" lon="12.445143"><ele>83.2</ele></rtept><rtept lat="57.546572" lon="12.445097"><ele>83.6</ele></rtept><rtept lat="57.54656" lon="12.445045"><ele>83.4</ele></rtept><rtept lat="57.54656" lon="12.444997"><ele>83.8</ele></rtept><rtept lat="57.546565" lon="12.444945"><ele>84.2</ele></rtept><rtept lat="57.546585" lon="12.444893"><ele>84.2</ele></rtept><rtept lat="57.546603" lon="12.444838"><ele>84.4</ele></rtept><rtept lat="57.546623" lon="12.444787"><ele>84.6</ele></rtept><rtept lat="57.546637" lon="12.444733"><ele>84.2</ele></rtept><rtept lat="57.546637" lon="12.444675"><ele>84.4</ele></rtept><rtept lat="57.546642" lon="12.444622"><ele>84.2</ele></rtept><rtept lat="57.546642" lon="12.444562"><ele>84.2</ele></rtept><rtept lat="57.546637" lon="12.444508"><ele>84.4</ele></rtept><rtept lat="57.546637" lon="12.444455"><ele>84.0</ele></rtept><rtept lat="57.546637" lon="12.4444"><ele>83.8</ele></rtept><rtept lat="57.546642" lon="12.444345"><ele>84.0</ele></rtept><rtept lat="57.546637" lon="12.444297"><ele>83.8</ele></rtept><rtept lat="57.546637" lon="12.444255"><ele>83.4</ele></rtept><rtept lat="57.54663" lon="12.444218"><ele>83.8</ele></rtept><rtept lat="57.546623" lon="12.444178"><ele>83.4</ele></rtept><rtept lat="57.546617" lon="12.444138"><ele>83.2</ele></rtept><rtept lat="57.54661" lon="12.444097"><ele>83.4</ele></rtept><rtept lat="57.546598" lon="12.444057"><ele>83.0</ele></rtept><rtept lat="57.546585" lon="12.444027"><ele>83.2</ele></rtept><rtept lat="57.546572" lon="12.444002"><ele>83.2</ele></rtept><rtept lat="57.54656" lon="12.443968"><ele>82.8</ele></rtept><rtept lat="57.546533" lon="12.443933"><ele>83.2</ele></rtept><rtept lat="57.546502" lon="12.443882"><ele>82.8</ele></rtept><rtept lat="57.546477" lon="12.44383"><ele>83.2</ele></rtept><rtept lat="57.546457" lon="12.443765"><ele>83.0</ele></rtept><rtept lat="57.546438" lon="12.44371"><ele>82.6</ele></rtept><rtept lat="57.546425" lon="12.443667"><ele>83.0</ele></rtept><rtept lat="57.546412" lon="12.443637"><ele>82.6</ele></rtept><rtept lat="57.5464" lon="12.443607"><ele>82.8</ele></rtept><rtept lat="57.5464" lon="12.443562"><ele>83.0</ele></rtept><rtept lat="57.546387" lon="12.443522"><ele>82.8</ele></rtept><rtept lat="57.54638" lon="12.443477"><ele>83.2</ele></rtept><rtept lat="57.546373" lon="12.443432"><ele>83.2</ele></rtept><rtept lat="57.546355" lon="12.443382"><ele>83.0</ele></rtept><rtept lat="57.546342" lon="12.443327"><ele>83.2</ele></rtept><rtept lat="57.546322" lon="12.443278"><ele>82.8</ele></rtept><rtept lat="57.54631" lon="12.443238"><ele>83.0</ele></rtept><rtept lat="57.546297" lon="12.4432"><ele>83.2</ele></rtept><rtept lat="57.546283" lon="12.443162"><ele>82.8</ele></rtept><rtept lat="57.546278" lon="12.443122"><ele>82.6</ele></rtept><rtept lat="57.546265" lon="12.443078"><ele>82.4</ele></rtept><rtept lat="57.546238" lon="12.443023"><ele>82.0</ele></rtept><rtept lat="57.54622" lon="12.442965"><ele>82.0</ele></rtept><rtept lat="57.546195" lon="12.442925"><ele>81.6</ele></rtept><rtept lat="57.546182" lon="12.442892"><ele>81.2</ele></rtept><rtept lat="57.546168" lon="12.442862"><ele>81.2</ele></rtept><rtept lat="57.54615" lon="12.442827"><ele>80.6</ele></rtept><rtept lat="57.546123" lon="12.442782"><ele>80.4</ele></rtept><rtept lat="57.546098" lon="12.44274"><ele>80.6</ele></rtept><rtept lat="57.54608" lon="12.442712"><ele>79.6</ele></rtept><rtept lat="57.546053" lon="12.442688"><ele>79.6</ele></rtept><rtept lat="57.546022" lon="12.442673"><ele>78.8</ele></rtept><rtept lat="57.54599" lon="12.442658"><ele>78.6</ele></rtept><rtept lat="57.545958" lon="12.44262"><ele>78.4</ele></rtept><rtept lat="57.545938" lon="12.442613"><ele>78.6</ele></rtept><rtept lat="57.54592" lon="12.442612"><ele>78.0</ele></rtept><rtept lat="57.545893" lon="12.442618"><ele>78.2</ele></rtept><rtept lat="57.545868" lon="12.442613"><ele>78.0</ele></rtept><rtept lat="57.545842" lon="12.442608"><ele>78.4</ele></rtept><rtept lat="57.545817" lon="12.442593"><ele>78.4</ele></rtept><rtept lat="57.545785" lon="12.442578"><ele>78.4</ele></rtept><rtept lat="57.545765" lon="12.442553"><ele>79.2</ele></rtept><rtept lat="57.545747" lon="12.442513"><ele>79.2</ele></rtept><rtept lat="57.545727" lon="12.442473"><ele>79.6</ele></rtept><rtept lat="57.545708" lon="12.442435"><ele>80.2</ele></rtept><rtept lat="57.545695" lon="12.4424"><ele>80.2</ele></rtept><rtept lat="57.545688" lon="12.442365"><ele>80.2</ele></rtept><rtept lat="57.545677" lon="12.442333"><ele>80.0</ele></rtept><rtept lat="57.54567" lon="12.442292"><ele>80.0</ele></rtept><rtept lat="57.545663" lon="12.44225"><ele>79.6</ele></rtept><rtept lat="57.545657" lon="12.4422"><ele>79.2</ele></rtept><rtept lat="57.54565" lon="12.442155"><ele>78.8</ele></rtept><rtept lat="57.54565" lon="12.442112"><ele>78.2</ele></rtept><rtept lat="57.545663" lon="12.442067"><ele>77.6</ele></rtept><rtept lat="57.54567" lon="12.442027"><ele>77.2</ele></rtept><rtept lat="57.545682" lon="12.441993"><ele>76.6</ele></rtept><rtept lat="57.545702" lon="12.44196"><ele>76.0</ele></rtept><rtept lat="57.54572" lon="12.441913"><ele>75.8</ele></rtept><rtept lat="57.545747" lon="12.441877"><ele>75.6</ele></rtept><rtept lat="57.545765" lon="12.44184"><ele>75.0</ele></rtept><rtept lat="57.545785" lon="12.44179"><ele>74.6</ele></rtept><rtept lat="57.545803" lon="12.44175"><ele>74.0</ele></rtept><rtept lat="57.545817" lon="12.441708"><ele>74.0</ele></rtept><rtept lat="57.545817" lon="12.441663"><ele>74.0</ele></rtept><rtept lat="57.545803" lon="12.44162"><ele>74.0</ele></rtept><rtept lat="57.545798" lon="12.441585"><ele>74.0</ele></rtept><rtept lat="57.545772" lon="12.441555"><ele>73.6</ele></rtept><rtept lat="57.545753" lon="12.441522"><ele>73.2</ele></rtept><rtept lat="57.545727" lon="12.441487"><ele>72.8</ele></rtept><rtept lat="57.545708" lon="12.441455"><ele>72.4</ele></rtept><rtept lat="57.545682" lon="12.44141"><ele>72.4</ele></rtept><rtept lat="57.545663" lon="12.441365"><ele>71.8</ele></rtept><rtept lat="57.545643" lon="12.441328"><ele>71.8</ele></rtept><rtept lat="57.545618" lon="12.441303"><ele>71.8</ele></rtept><rtept lat="57.545593" lon="12.441282"><ele>71.6</ele></rtept><rtept lat="57.54556" lon="12.441263"><ele>71.6</ele></rtept><rtept lat="57.545535" lon="12.441247"><ele>71.2</ele></rtept><rtept lat="57.545503" lon="12.44122"><ele>70.6</ele></rtept><rtept lat="57.545483" lon="12.441193"><ele>70.8</ele></rtept><rtept lat="57.545465" lon="12.441167"><ele>70.0</ele></rtept><rtept lat="57.54544" lon="12.441138"><ele>69.8</ele></rtept><rtept lat="57.54542" lon="12.441103"><ele>69.8</ele></rtept><rtept lat="57.5454" lon="12.441075"><ele>69.6</ele></rtept><rtept lat="57.545375" lon="12.441045"><ele>69.4</ele></rtept><rtept lat="57.54535" lon="12.441003"><ele>69.4</ele></rtept><rtept lat="57.545337" lon="12.44095"><ele>69.0</ele></rtept><rtept lat="57.545323" lon="12.44091"><ele>68.8</ele></rtept><rtept lat="57.545305" lon="12.440863"><ele>68.6</ele></rtept><rtept lat="57.545285" lon="12.440822"><ele>68.0</ele></rtept><rtept lat="57.545253" lon="12.440778"><ele>68.0</ele></rtept><rtept lat="57.545235" lon="12.440737"><ele>67.4</ele></rtept><rtept lat="57.545208" lon="12.44069"><ele>66.8</ele></rtept><rtept lat="57.545183" lon="12.440652"><ele>66.8</ele></rtept><rtept lat="57.545163" lon="12.44062"><ele>66.0</ele></rtept><rtept lat="57.545145" lon="12.440592"><ele>65.8</ele></rtept><rtept lat="57.54512" lon="12.440572"><ele>65.4</ele></rtept><rtept lat="57.545093" lon="12.440547"><ele>64.6</ele></rtept><rtept lat="57.545062" lon="12.440518"><ele>64.4</ele></rtept><rtept lat="57.545042" lon="12.440488"><ele>63.8</ele></rtept><rtept lat="57.54501" lon="12.440442"><ele>63.2</ele></rtept><rtept lat="57.544985" lon="12.440388"><ele>63.2</ele></rtept><rtept lat="57.54496" lon="12.440345"><ele>62.2</ele></rtept><rtept lat="57.544927" lon="12.440317"><ele>61.6</ele></rtept><rtept lat="57.544902" lon="12.44028"><ele>61.6</ele></rtept><rtept lat="57.54487" lon="12.440233"><ele>61.0</ele></rtept><rtept lat="57.544838" lon="12.440185"><ele>61.0</ele></rtept><rtept lat="57.544805" lon="12.440155"><ele>60.4</ele></rtept><rtept lat="57.544773" lon="12.440105"><ele>60.2</ele></rtept><rtept lat="57.544748" lon="12.440057"><ele>60.2</ele></rtept><rtept lat="57.544722" lon="12.440015"><ele>59.6</ele></rtept><rtept lat="57.544697" lon="12.439998"><ele>59.8</ele></rtept><rtept lat="57.544672" lon="12.439952"><ele>59.4</ele></rtept><rtept lat="57.544645" lon="12.439913"><ele>58.8</ele></rtept><rtept lat="57.54462" lon="12.439873"><ele>59.0</ele></rtept><rtept lat="57.544595" lon="12.439838"><ele>58.2</ele></rtept><rtept lat="57.544575" lon="12.439798"><ele>58.4</ele></rtept><rtept lat="57.544557" lon="12.43976"><ele>58.2</ele></rtept><rtept lat="57.544537" lon="12.439718"><ele>57.8</ele></rtept><rtept lat="57.544518" lon="12.43968"><ele>58.2</ele></rtept><rtept lat="57.544498" lon="12.439642"><ele>57.6</ele></rtept><rtept lat="57.544473" lon="12.4396"><ele>57.6</ele></rtept><rtept lat="57.54444" lon="12.43956"><ele>57.8</ele></rtept><rtept lat="57.544415" lon="12.43952"><ele>57.6</ele></rtept><rtept lat="57.54439" lon="12.43948"><ele>57.8</ele></rtept><rtept lat="57.54437" lon="12.43944"><ele>57.6</ele></rtept><rtept lat="57.544352" lon="12.439405"><ele>57.6</ele></rtept><rtept lat="57.544332" lon="12.43937"><ele>57.6</ele></rtept><rtept lat="57.544313" lon="12.439332"><ele>57.4</ele></rtept><rtept lat="57.544287" lon="12.439287"><ele>57.8</ele></rtept><rtept lat="57.544262" lon="12.439262"><ele>57.4</ele></rtept><rtept lat="57.544248" lon="12.439223"><ele>57.6</ele></rtept><rtept lat="57.54423" lon="12.439178"><ele>57.8</ele></rtept><rtept lat="57.544217" lon="12.439122"><ele>57.4</ele></rtept><rtept lat="57.544217" lon="12.439062"><ele>57.8</ele></rtept><rtept lat="57.54423" lon="12.439003"><ele>57.4</ele></rtept><rtept lat="57.544248" lon="12.438955"><ele>57.8</ele></rtept><rtept lat="57.54428" lon="12.438898"><ele>57.6</ele></rtept><rtept lat="57.544307" lon="12.438825"><ele>57.4</ele></rtept><rtept lat="57.544332" lon="12.438767"><ele>57.8</ele></rtept><rtept lat="57.544358" lon="12.438712"><ele>57.8</ele></rtept><rtept lat="57.544377" lon="12.438665"><ele>58.2</ele></rtept><rtept lat="57.544402" lon="12.438627"><ele>58.0</ele></rtept><rtept lat="57.544415" lon="12.438582"><ele>58.6</ele></rtept><rtept lat="57.544415" lon="12.43852"><ele>58.8</ele></rtept><rtept lat="57.544397" lon="12.438497"><ele>59.2</ele></rtept><rtept lat="57.54439" lon="12.438443"><ele>59.6</ele></rtept><rtept lat="57.544377" lon="12.438407"><ele>59.6</ele></rtept><rtept lat="57.544377" lon="12.438362"><ele>60.2</ele></rtept><rtept lat="57.544363" lon="12.438315"><ele>60.2</ele></rtept><rtept lat="57.544358" lon="12.438273"><ele>60.0</ele></rtept><rtept lat="57.544352" lon="12.438233"><ele>60.4</ele></rtept><rtept lat="57.544338" lon="12.4382"><ele>60.4</ele></rtept><rtept lat="57.544338" lon="12.438163"><ele>60.8</ele></rtept><rtept lat="57.544332" lon="12.43812"><ele>60.8</ele></rtept><rtept lat="57.544332" lon="12.438077"><ele>60.6</ele></rtept><rtept lat="57.544325" lon="12.43804"><ele>61.2</ele></rtept><rtept lat="57.54432" lon="12.437998"><ele>61.2</ele></rtept><rtept lat="57.544313" lon="12.43796"><ele>62.0</ele></rtept><rtept lat="57.544307" lon="12.43792"><ele>62.0</ele></rtept><rtept lat="57.5443" lon="12.437885"><ele>62.0</ele></rtept><rtept lat="57.544275" lon="12.437842"><ele>63.0</ele></rtept><rtept lat="57.544248" lon="12.437807"><ele>64.0</ele></rtept><rtept lat="57.54423" lon="12.437792"><ele>64.2</ele></rtept><rtept lat="57.544198" lon="12.437767"><ele>64.8</ele></rtept><rtept lat="57.544165" lon="12.43774"><ele>65.6</ele></rtept><rtept lat="57.54414" lon="12.437722"><ele>65.8</ele></rtept><rtept lat="57.54412" lon="12.437702"><ele>66.4</ele></rtept><rtept lat="57.544102" lon="12.437662"><ele>66.4</ele></rtept><rtept lat="57.544077" lon="12.437628"><ele>66.8</ele></rtept><rtept lat="57.54405" lon="12.437615"><ele>66.6</ele></rtept><rtept lat="57.544018" lon="12.437602"><ele>66.8</ele></rtept><rtept lat="57.54398" lon="12.437588"><ele>67.0</ele></rtept><rtept lat="57.543955" lon="12.43757"><ele>66.6</ele></rtept><rtept lat="57.543922" lon="12.437555"><ele>66.6</ele></rtept><rtept lat="57.543903" lon="12.437538"><ele>66.6</ele></rtept><rtept lat="57.543878" lon="12.43752"><ele>66.2</ele></rtept><rtept lat="57.543858" lon="12.437508"><ele>66.2</ele></rtept><rtept lat="57.543833" lon="12.437498"><ele>66.4</ele></rtept><rtept lat="57.543807" lon="12.437485"><ele>66.0</ele></rtept><rtept lat="57.543775" lon="12.437477"><ele>66.0</ele></rtept><rtept lat="57.543743" lon="12.43747"><ele>66.0</ele></rtept><rtept lat="57.543718" lon="12.437468"><ele>65.6</ele></rtept><rtept lat="57.543692" lon="12.437468"><ele>65.8</ele></rtept><rtept lat="57.54366" lon="12.43747"><ele>66.0</ele></rtept><rtept lat="57.543628" lon="12.43747"><ele>65.4</ele></rtept><rtept lat="57.543602" lon="12.43746"><ele>65.4</ele></rtept><rtept lat="57.543577" lon="12.437455"><ele>65.2</ele></rtept><rtept lat="57.543545" lon="12.43745"><ele>64.6</ele></rtept><rtept lat="57.54352" lon="12.437445"><ele>64.6</ele></rtept><rtept lat="57.543493" lon="12.437443"><ele>64.2</ele></rtept><rtept lat="57.543462" lon="12.437438"><ele>63.6</ele></rtept><rtept lat="57.543437" lon="12.43743"><ele>63.6</ele></rtept><rtept lat="57.543403" lon="12.437428"><ele>63.2</ele></rtept><rtept lat="57.543372" lon="12.437423"><ele>63.0</ele></rtept><rtept lat="57.54334" lon="12.437425"><ele>63.2</ele></rtept><rtept lat="57.543315" lon="12.437423"><ele>62.8</ele></rtept><rtept lat="57.543288" lon="12.43742"><ele>62.8</ele></rtept><rtept lat="57.54327" lon="12.43742"><ele>63.4</ele></rtept><rtept lat="57.543238" lon="12.437433"><ele>63.0</ele></rtept><rtept lat="57.543218" lon="12.43744"><ele>62.4</ele></rtept><rtept lat="57.543187" lon="12.43744"><ele>62.2</ele></rtept><rtept lat="57.54316" lon="12.437437"><ele>62.2</ele></rtept><rtept lat="57.543135" lon="12.437417"><ele>61.4</ele></rtept><rtept lat="57.543103" lon="12.437383"><ele>61.2</ele></rtept><rtept lat="57.543083" lon="12.437332"><ele>60.8</ele></rtept><rtept lat="57.543078" lon="12.437272"><ele>60.2</ele></rtept><rtept lat="57.543058" lon="12.437222"><ele>60.4</ele></rtept><rtept lat="57.54304" lon="12.437165"><ele>60.0</ele></rtept><rtept lat="57.54302" lon="12.437107"><ele>59.6</ele></rtept><rtept lat="57.543007" lon="12.43706"><ele>59.8</ele></rtept><rtept lat="57.542995" lon="12.437007"><ele>59.2</ele></rtept><rtept lat="57.542988" lon="12.436958"><ele>59.4</ele></rtept><rtept lat="57.542982" lon="12.436908"><ele>59.4</ele></rtept><rtept lat="57.542968" lon="12.436855"><ele>58.8</ele></rtept><rtept lat="57.542957" lon="12.436803"><ele>59.0</ele></rtept><rtept lat="57.542943" lon="12.436753"><ele>58.8</ele></rtept><rtept lat="57.542937" lon="12.4367"><ele>58.4</ele></rtept><rtept lat="57.542923" lon="12.43665"><ele>58.6</ele></rtept><rtept lat="57.542912" lon="12.4366"><ele>58.0</ele></rtept><rtept lat="57.542905" lon="12.436552"><ele>57.6</ele></rtept><rtept lat="57.542898" lon="12.436498"><ele>57.8</ele></rtept><rtept lat="57.542885" lon="12.436447"><ele>57.4</ele></rtept><rtept lat="57.542873" lon="12.436393"><ele>57.0</ele></rtept><rtept lat="57.542867" lon="12.436347"><ele>57.0</ele></rtept><rtept lat="57.542847" lon="12.436268"><ele>56.4</ele></rtept><rtept lat="57.542847" lon="12.436215"><ele>56.0</ele></rtept><rtept lat="57.542835" lon="12.436163"><ele>56.0</ele></rtept><rtept lat="57.542828" lon="12.436115"><ele>55.4</ele></rtept><rtept lat="57.542815" lon="12.436068"><ele>54.8</ele></rtept><rtept lat="57.542808" lon="12.436025"><ele>54.8</ele></rtept><rtept lat="57.542797" lon="12.435975"><ele>53.8</ele></rtept><rtept lat="57.54279" lon="12.435915"><ele>53.6</ele></rtept><rtept lat="57.542783" lon="12.435862"><ele>53.6</ele></rtept><rtept lat="57.542783" lon="12.435812"><ele>52.8</ele></rtept><rtept lat="57.54277" lon="12.435758"><ele>52.8</ele></rtept><rtept lat="57.54277" lon="12.4357"><ele>52.4</ele></rtept><rtept lat="57.542763" lon="12.435638"><ele>52.0</ele></rtept><rtept lat="57.542752" lon="12.435575"><ele>52.2</ele></rtept><rtept lat="57.542752" lon="12.435522"><ele>51.6</ele></rtept><rtept lat="57.542752" lon="12.435468"><ele>51.4</ele></rtept><rtept lat="57.542752" lon="12.435408"><ele>51.4</ele></rtept><rtept lat="57.542752" lon="12.43536"><ele>51.0</ele></rtept><rtept lat="57.542752" lon="12.4353"><ele>51.4</ele></rtept><rtept lat="57.542752" lon="12.435227"><ele>50.8</ele></rtept><rtept lat="57.542745" lon="12.435172"><ele>50.4</ele></rtept><rtept lat="57.542745" lon="12.435102"><ele>50.4</ele></rtept><rtept lat="57.542745" lon="12.43504"><ele>50.0</ele></rtept><rtept lat="57.542738" lon="12.434983"><ele>50.0</ele></rtept><rtept lat="57.542745" lon="12.434923"><ele>49.4</ele></rtept><rtept lat="57.542745" lon="12.434862"><ele>49.2</ele></rtept><rtept lat="57.542745" lon="12.434802"><ele>49.2</ele></rtept><rtept lat="57.542745" lon="12.43475"><ele>48.8</ele></rtept><rtept lat="57.542738" lon="12.434698"><ele>49.0</ele></rtept><rtept lat="57.542738" lon="12.434643"><ele>48.4</ele></rtept><rtept lat="57.542732" lon="12.434583"><ele>48.2</ele></rtept><rtept lat="57.542725" lon="12.43452"><ele>48.2</ele></rtept><rtept lat="57.542725" lon="12.434447"><ele>47.6</ele></rtept><rtept lat="57.54272" lon="12.43438"><ele>47.8</ele></rtept><rtept lat="57.54272" lon="12.43432"><ele>47.4</ele></rtept><rtept lat="57.54272" lon="12.434267"><ele>47.2</ele></rtept><rtept lat="57.54272" lon="12.434207"><ele>47.4</ele></rtept><rtept lat="57.542713" lon="12.434142"><ele>46.8</ele></rtept><rtept lat="57.542713" lon="12.434082"><ele>47.2</ele></rtept><rtept lat="57.542713" lon="12.43402"><ele>46.6</ele></rtept><rtept lat="57.542713" lon="12.433977"><ele>46.4</ele></rtept><rtept lat="57.542713" lon="12.433903"><ele>46.6</ele></rtept><rtept lat="57.542713" lon="12.433847"><ele>46.2</ele></rtept><rtept lat="57.542707" lon="12.433792"><ele>46.4</ele></rtept><rtept lat="57.542713" lon="12.433747"><ele>45.8</ele></rtept><rtept lat="57.54272" lon="12.4337"><ele>45.6</ele></rtept><rtept lat="57.54272" lon="12.433647"><ele>45.6</ele></rtept><rtept lat="57.542707" lon="12.433593"><ele>45.2</ele></rtept><rtept lat="57.542687" lon="12.433542"><ele>45.6</ele></rtept><rtept lat="57.542662" lon="12.433507"><ele>45.2</ele></rtept><rtept lat="57.542642" lon="12.433493"><ele>45.6</ele></rtept><rtept lat="57.542617" lon="12.433503"><ele>45.4</ele></rtept><rtept lat="57.542592" lon="12.433512"><ele>45.4</ele></rtept><rtept lat="57.542572" lon="12.433518"><ele>45.2</ele></rtept><rtept lat="57.542547" lon="12.43354"><ele>44.8</ele></rtept><rtept lat="57.542527" lon="12.433547"><ele>45.2</ele></rtept><rtept lat="57.542502" lon="12.433543"><ele>45.0</ele></rtept><rtept lat="57.54247" lon="12.433547"><ele>45.4</ele></rtept><rtept lat="57.542438" lon="12.433537"><ele>45.2</ele></rtept><rtept lat="57.542412" lon="12.433537"><ele>45.4</ele></rtept><rtept lat="57.542387" lon="12.433537"><ele>45.4</ele></rtept><rtept lat="57.54236" lon="12.433533"><ele>45.2</ele></rtept><rtept lat="57.542342" lon="12.433528"><ele>45.8</ele></rtept><rtept lat="57.542322" lon="12.433527"><ele>45.4</ele></rtept><rtept lat="57.54229" lon="12.433542"><ele>45.4</ele></rtept><rtept lat="57.542252" lon="12.433552"><ele>45.6</ele></rtept><rtept lat="57.54222" lon="12.433558"><ele>45.4</ele></rtept><rtept lat="57.542195" lon="12.433562"><ele>45.8</ele></rtept><rtept lat="57.542168" lon="12.433567"><ele>45.4</ele></rtept><rtept lat="57.542143" lon="12.433567"><ele>45.6</ele></rtept><rtept lat="57.542118" lon="12.433573"><ele>45.6</ele></rtept><rtept lat="57.542085" lon="12.433582"><ele>45.4</ele></rtept><rtept lat="57.542067" lon="12.433592"><ele>45.8</ele></rtept><rtept lat="57.54204" lon="12.433598"><ele>45.4</ele></rtept><rtept lat="57.542015" lon="12.433607"><ele>45.8</ele></rtept><rtept lat="57.54199" lon="12.433628"><ele>45.6</ele></rtept><rtept lat="57.54197" lon="12.433647"><ele>45.6</ele></rtept><rtept lat="57.541938" lon="12.433662"><ele>45.8</ele></rtept><rtept lat="57.541907" lon="12.433678"><ele>45.6</ele></rtept><rtept lat="57.541875" lon="12.433695"><ele>46.0</ele></rtept><rtept lat="57.541855" lon="12.433707"><ele>45.8</ele></rtept><rtept lat="57.54183" lon="12.433722"><ele>45.4</ele></rtept><rtept lat="57.541798" lon="12.433735"><ele>45.6</ele></rtept><rtept lat="57.541772" lon="12.433752"><ele>45.4</ele></rtept><rtept lat="57.541753" lon="12.43377"><ele>46.0</ele></rtept><rtept lat="57.541727" lon="12.433792"><ele>45.4</ele></rtept><rtept lat="57.541708" lon="12.43383"><ele>45.4</ele></rtept><rtept lat="57.541677" lon="12.433863"><ele>45.4</ele></rtept><rtept lat="57.54165" lon="12.433897"><ele>45.2</ele></rtept><rtept lat="57.541618" lon="12.433937"><ele>45.6</ele></rtept><rtept lat="57.541593" lon="12.433977"><ele>45.2</ele></rtept><rtept lat="57.54156" lon="12.433998"><ele>45.4</ele></rtept><rtept lat="57.541535" lon="12.434028"><ele>45.4</ele></rtept><rtept lat="57.54151" lon="12.434055"><ele>45.2</ele></rtept><rtept lat="57.541483" lon="12.434082"><ele>45.6</ele></rtept><rtept lat="57.541458" lon="12.43411"><ele>45.2</ele></rtept><rtept lat="57.54144" lon="12.43414"><ele>45.2</ele></rtept><rtept lat="57.541413" lon="12.434167"><ele>45.4</ele></rtept><rtept lat="57.541388" lon="12.434193"><ele>45.0</ele></rtept><rtept lat="57.541368" lon="12.434227"><ele>45.6</ele></rtept><rtept lat="57.54135" lon="12.434253"><ele>45.0</ele></rtept><rtept lat="57.54133" lon="12.434283"><ele>45.0</ele></rtept><rtept lat="57.541312" lon="12.434307"><ele>45.2</ele></rtept><rtept lat="57.541292" lon="12.43432"><ele>45.0</ele></rtept><rtept lat="57.541273" lon="12.434342"><ele>45.2</ele></rtept><rtept lat="57.541253" lon="12.434365"><ele>44.8</ele></rtept><rtept lat="57.541235" lon="12.43439"><ele>45.0</ele></rtept><rtept lat="57.541202" lon="12.434418"><ele>45.2</ele></rtept><rtept lat="57.54117" lon="12.434438"><ele>44.8</ele></rtept><rtept lat="57.541138" lon="12.43445"><ele>45.0</ele></rtept><rtept lat="57.5411" lon="12.434457"><ele>44.6</ele></rtept><rtept lat="57.541075" lon="12.43446"><ele>44.8</ele></rtept><rtept lat="57.541037" lon="12.43447"><ele>44.6</ele></rtept><rtept lat="57.541003" lon="12.434485"><ele>44.2</ele></rtept><rtept lat="57.540972" lon="12.43452"><ele>44.6</ele></rtept><rtept lat="57.540953" lon="12.434557"><ele>44.2</ele></rtept><rtept lat="57.540927" lon="12.43459"><ele>44.6</ele></rtept><rtept lat="57.540902" lon="12.434623"><ele>44.2</ele></rtept><rtept lat="57.54087" lon="12.43464"><ele>44.4</ele></rtept><rtept lat="57.540843" lon="12.434657"><ele>44.4</ele></rtept><rtept lat="57.540812" lon="12.434668"><ele>44.2</ele></rtept><rtept lat="57.540787" lon="12.434682"><ele>44.6</ele></rtept><rtept lat="57.54076" lon="12.434688"><ele>44.2</ele></rtept><rtept lat="57.540735" lon="12.43469"><ele>44.4</ele></rtept><rtept lat="57.540697" lon="12.434695"><ele>44.2</ele></rtept><rtept lat="57.540665" lon="12.43469"><ele>44.2</ele></rtept><rtept lat="57.540633" lon="12.43468"><ele>44.6</ele></rtept><rtept lat="57.5406" lon="12.43468"><ele>44.0</ele></rtept><rtept lat="57.540568" lon="12.43468"><ele>44.2</ele></rtept><rtept lat="57.540543" lon="12.434675"><ele>44.2</ele></rtept><rtept lat="57.540518" lon="12.434677"><ele>43.6</ele></rtept><rtept lat="57.540485" lon="12.434693"><ele>43.6</ele></rtept><rtept lat="57.54046" lon="12.434708"><ele>43.0</ele></rtept><rtept lat="57.540428" lon="12.434722"><ele>43.2</ele></rtept><rtept lat="57.540402" lon="12.434735"><ele>43.0</ele></rtept><rtept lat="57.540377" lon="12.43474"><ele>43.0</ele></rtept><rtept lat="57.540352" lon="12.434735"><ele>43.0</ele></rtept><rtept lat="57.540325" lon="12.434728"><ele>42.8</ele></rtept><rtept lat="57.5403" lon="12.434722"><ele>43.0</ele></rtept><rtept lat="57.54028" lon="12.434715"><ele>43.2</ele></rtept><rtept lat="57.540248" lon="12.43471"><ele>43.6</ele></rtept><rtept lat="57.540217" lon="12.434695"><ele>43.2</ele></rtept><rtept lat="57.540192" lon="12.434673"><ele>43.8</ele></rtept><rtept lat="57.54016" lon="12.434663"><ele>44.2</ele></rtept><rtept lat="57.540133" lon="12.43466"><ele>44.0</ele></rtept><rtept lat="57.540108" lon="12.43466"><ele>44.4</ele></rtept><rtept lat="57.540088" lon="12.43467"><ele>44.0</ele></rtept><rtept lat="57.540063" lon="12.434688"><ele>44.4</ele></rtept><rtept lat="57.540038" lon="12.434715"><ele>44.2</ele></rtept><rtept lat="57.540012" lon="12.434742"><ele>44.2</ele></rtept><rtept lat="57.539987" lon="12.434778"><ele>44.2</ele></rtept><rtept lat="57.53996" lon="12.434808"><ele>44.0</ele></rtept><rtept lat="57.539935" lon="12.43484"><ele>44.4</ele></rtept><rtept lat="57.539903" lon="12.434862"><ele>43.8</ele></rtept><rtept lat="57.539878" lon="12.434887"><ele>44.0</ele></rtept><rtept lat="57.539845" lon="12.434913"><ele>44.0</ele></rtept><rtept lat="57.53982" lon="12.43494"><ele>43.8</ele></rtept><rtept lat="57.539782" lon="12.434963"><ele>43.8</ele></rtept><rtept lat="57.539757" lon="12.434983"><ele>43.4</ele></rtept><rtept lat="57.53973" lon="12.435"><ele>43.8</ele></rtept><rtept lat="57.539705" lon="12.435027"><ele>43.4</ele></rtept><rtept lat="57.539673" lon="12.435053"><ele>43.8</ele></rtept><rtept lat="57.539653" lon="12.43508"><ele>43.8</ele></rtept><rtept lat="57.53964" lon="12.435105"><ele>43.6</ele></rtept><rtept lat="57.539608" lon="12.43513"><ele>44.0</ele></rtept><rtept lat="57.53959" lon="12.43516"><ele>44.0</ele></rtept><rtept lat="57.53957" lon="12.435187"><ele>44.2</ele></rtept><rtept lat="57.539545" lon="12.43521"><ele>44.6</ele></rtept><rtept lat="57.539513" lon="12.435247"><ele>44.0</ele></rtept><rtept lat="57.53948" lon="12.435275"><ele>44.0</ele></rtept><rtept lat="57.539455" lon="12.435243"><ele>43.6</ele></rtept><rtept lat="57.539448" lon="12.435202"><ele>43.4</ele></rtept><rtept lat="57.539448" lon="12.435158"><ele>43.0</ele></rtept><rtept lat="57.539448" lon="12.43512"><ele>42.4</ele></rtept><rtept lat="57.539448" lon="12.435065"><ele>41.8</ele></rtept><rtept lat="57.539442" lon="12.435025"><ele>41.2</ele></rtept><rtept lat="57.539442" lon="12.434983"><ele>40.8</ele></rtept><rtept lat="57.539442" lon="12.434907"><ele>39.8</ele></rtept><rtept lat="57.539437" lon="12.434863"><ele>39.2</ele></rtept><rtept lat="57.539442" lon="12.434827"><ele>38.6</ele></rtept><rtept lat="57.53943" lon="12.434745"><ele>37.2</ele></rtept><rtept lat="57.539423" lon="12.434708"><ele>36.6</ele></rtept><rtept lat="57.53943" lon="12.434655"><ele>36.4</ele></rtept><rtept lat="57.539437" lon="12.434608"><ele>35.6</ele></rtept><rtept lat="57.539442" lon="12.434572"><ele>35.2</ele></rtept><rtept lat="57.539437" lon="12.434537"><ele>34.4</ele></rtept><rtept lat="57.53943" lon="12.43449"><ele>33.8</ele></rtept><rtept lat="57.539423" lon="12.434452"><ele>33.6</ele></rtept><rtept lat="57.539398" lon="12.434402"><ele>32.6</ele></rtept><rtept lat="57.539365" lon="12.434392"><ele>32.6</ele></rtept><rtept lat="57.539333" lon="12.434382"><ele>31.8</ele></rtept><rtept lat="57.539315" lon="12.434372"><ele>32.0</ele></rtept><rtept lat="57.539282" lon="12.434352"><ele>31.0</ele></rtept><rtept lat="57.539243" lon="12.434332"><ele>31.0</ele></rtept><rtept lat="57.539225" lon="12.43432"><ele>30.2</ele></rtept><rtept lat="57.539193" lon="12.434312"><ele>30.2</ele></rtept><rtept lat="57.539167" lon="12.434298"><ele>29.8</ele></rtept><rtept lat="57.539148" lon="12.434278"><ele>30.0</ele></rtept><rtept lat="57.539117" lon="12.434257"><ele>29.6</ele></rtept><rtept lat="57.53909" lon="12.434233"><ele>29.6</ele></rtept><rtept lat="57.539065" lon="12.434208"><ele>29.2</ele></rtept><rtept lat="57.53904" lon="12.434197"><ele>29.0</ele></rtept><rtept lat="57.539007" lon="12.434192"><ele>29.2</ele></rtept><rtept lat="57.538975" lon="12.434187"><ele>29.0</ele></rtept><rtept lat="57.53895" lon="12.434187"><ele>28.6</ele></rtept><rtept lat="57.53893" lon="12.434187"><ele>28.8</ele></rtept><rtept lat="57.538912" lon="12.43418"><ele>28.2</ele></rtept><rtept lat="57.538873" lon="12.434187"><ele>28.2</ele></rtept><rtept lat="57.538847" lon="12.434187"><ele>28.0</ele></rtept><rtept lat="57.538815" lon="12.434177"><ele>27.4</ele></rtept><rtept lat="57.538783" lon="12.434153"><ele>27.6</ele></rtept><rtept lat="57.538763" lon="12.434123"><ele>27.4</ele></rtept><rtept lat="57.538738" lon="12.434082"><ele>27.4</ele></rtept><rtept lat="57.538713" lon="12.434053"><ele>27.2</ele></rtept><rtept lat="57.5387" lon="12.434025"><ele>27.2</ele></rtept><rtept lat="57.538687" lon="12.433985"><ele>27.2</ele></rtept><rtept lat="57.538675" lon="12.43396"><ele>26.8</ele></rtept><rtept lat="57.538655" lon="12.433957"><ele>26.8</ele></rtept><rtept lat="57.53863" lon="12.433943"><ele>27.0</ele></rtept><rtept lat="57.538598" lon="12.43392"><ele>26.6</ele></rtept><rtept lat="57.538565" lon="12.433897"><ele>27.0</ele></rtept><rtept lat="57.53854" lon="12.433877"><ele>26.8</ele></rtept><rtept lat="57.538508" lon="12.43385"><ele>26.6</ele></rtept><rtept lat="57.538477" lon="12.433817"><ele>27.0</ele></rtept><rtept lat="57.538443" lon="12.433792"><ele>26.8</ele></rtept><rtept lat="57.538418" lon="12.43376"><ele>26.8</ele></rtept><rtept lat="57.5384" lon="12.433725"><ele>27.0</ele></rtept><rtept lat="57.538387" lon="12.433677"><ele>26.8</ele></rtept><rtept lat="57.53838" lon="12.433618"><ele>27.0</ele></rtept><rtept lat="57.538373" lon="12.433567"><ele>26.6</ele></rtept><rtept lat="57.538373" lon="12.433532"><ele>26.8</ele></rtept><rtept lat="57.538373" lon="12.43348"><ele>27.0</ele></rtept><rtept lat="57.53838" lon="12.433433"><ele>26.6</ele></rtept><rtept lat="57.5384" lon="12.433378"><ele>26.8</ele></rtept><rtept lat="57.538418" lon="12.433338"><ele>26.4</ele></rtept><rtept lat="57.538438" lon="12.43331"><ele>26.6</ele></rtept><rtept lat="57.538457" lon="12.433278"><ele>26.8</ele></rtept><rtept lat="57.538488" lon="12.433237"><ele>26.4</ele></rtept><rtept lat="57.538508" lon="12.4332"><ele>26.8</ele></rtept><rtept lat="57.538527" lon="12.433165"><ele>26.4</ele></rtept><rtept lat="57.538553" lon="12.43313"><ele>26.4</ele></rtept><rtept lat="57.538578" lon="12.433097"><ele>26.6</ele></rtept><rtept lat="57.53861" lon="12.43305"><ele>26.4</ele></rtept><rtept lat="57.538637" lon="12.433032"><ele>26.6</ele></rtept><rtept lat="57.538662" lon="12.433007"><ele>26.2</ele></rtept><rtept lat="57.538693" lon="12.432972"><ele>26.6</ele></rtept><rtept lat="57.538713" lon="12.432933"><ele>26.6</ele></rtept><rtept lat="57.538732" lon="12.432907"><ele>26.6</ele></rtept><rtept lat="57.538763" lon="12.43288"><ele>26.8</ele></rtept><rtept lat="57.53879" lon="12.432863"><ele>26.6</ele></rtept><rtept lat="57.538808" lon="12.432848"><ele>26.8</ele></rtept><rtept lat="57.538835" lon="12.432838"><ele>26.8</ele></rtept><rtept lat="57.53886" lon="12.432823"><ele>26.6</ele></rtept><rtept lat="57.538885" lon="12.432807"><ele>27.0</ele></rtept><rtept lat="57.538912" lon="12.43278"><ele>26.6</ele></rtept><rtept lat="57.53893" lon="12.432753"><ele>26.8</ele></rtept><rtept lat="57.53895" lon="12.432728"><ele>26.8</ele></rtept><rtept lat="57.538975" lon="12.432703"><ele>26.6</ele></rtept><rtept lat="57.538995" lon="12.432675"><ele>27.0</ele></rtept><rtept lat="57.539013" lon="12.432648"><ele>26.8</ele></rtept><rtept lat="57.539033" lon="12.43262"><ele>26.8</ele></rtept><rtept lat="57.539065" lon="12.432595"><ele>27.2</ele></rtept><rtept lat="57.539128" lon="12.432558"><ele>27.2</ele></rtept><rtept lat="57.539155" lon="12.432538"><ele>26.8</ele></rtept><rtept lat="57.539173" lon="12.432497"><ele>26.6</ele></rtept><rtept lat="57.5392" lon="12.432447"><ele>26.8</ele></rtept><rtept lat="57.539225" lon="12.432412"><ele>26.6</ele></rtept><rtept lat="57.539243" lon="12.432378"><ele>26.8</ele></rtept><rtept lat="57.539263" lon="12.432355"><ele>26.6</ele></rtept><rtept lat="57.539282" lon="12.432325"><ele>26.4</ele></rtept><rtept lat="57.539308" lon="12.432292"><ele>26.6</ele></rtept><rtept lat="57.539327" lon="12.43226"><ele>26.4</ele></rtept><rtept lat="57.539353" lon="12.432225"><ele>26.6</ele></rtept><rtept lat="57.539372" lon="12.432188"><ele>26.6</ele></rtept><rtept lat="57.539392" lon="12.432157"><ele>26.8</ele></rtept><rtept lat="57.539417" lon="12.432118"><ele>26.8</ele></rtept><rtept lat="57.539442" lon="12.432087"><ele>26.6</ele></rtept><rtept lat="57.539455" lon="12.432053"><ele>27.0</ele></rtept><rtept lat="57.539475" lon="12.432012"><ele>26.6</ele></rtept><rtept lat="57.539487" lon="12.431962"><ele>26.8</ele></rtept><rtept lat="57.539507" lon="12.431918"><ele>27.0</ele></rtept><rtept lat="57.53952" lon="12.431877"><ele>27.0</ele></rtept><rtept lat="57.539532" lon="12.43184"><ele>27.2</ele></rtept><rtept lat="57.539545" lon="12.431805"><ele>27.0</ele></rtept><rtept lat="57.539558" lon="12.43177"><ele>27.0</ele></rtept><rtept lat="57.53957" lon="12.431727"><ele>27.2</ele></rtept><rtept lat="57.53959" lon="12.431677"><ele>27.0</ele></rtept><rtept lat="57.539602" lon="12.431638"><ele>27.2</ele></rtept><rtept lat="57.539622" lon="12.4316"><ele>27.0</ele></rtept><rtept lat="57.539635" lon="12.431565"><ele>26.6</ele></rtept><rtept lat="57.539647" lon="12.431527"><ele>27.0</ele></rtept><rtept lat="57.539667" lon="12.431483"><ele>26.6</ele></rtept><rtept lat="57.539673" lon="12.431443"><ele>27.0</ele></rtept><rtept lat="57.539692" lon="12.431393"><ele>27.0</ele></rtept><rtept lat="57.539712" lon="12.431358"><ele>26.6</ele></rtept><rtept lat="57.539737" lon="12.431322"><ele>27.0</ele></rtept><rtept lat="57.539757" lon="12.431278"><ele>26.6</ele></rtept><rtept lat="57.539782" lon="12.431245"><ele>26.4</ele></rtept><rtept lat="57.5398" lon="12.431208"><ele>26.4</ele></rtept><rtept lat="57.53982" lon="12.431163"><ele>26.0</ele></rtept><rtept lat="57.539833" lon="12.43112"><ele>26.2</ele></rtept><rtept lat="57.539852" lon="12.43107"><ele>26.0</ele></rtept><rtept lat="57.539865" lon="12.431037"><ele>26.0</ele></rtept><rtept lat="57.539872" lon="12.430992"><ele>26.2</ele></rtept><rtept lat="57.53989" lon="12.430958"><ele>25.8</ele></rtept><rtept lat="57.53991" lon="12.430918"><ele>26.0</ele></rtept><rtept lat="57.539922" lon="12.430877"><ele>26.0</ele></rtept><rtept lat="57.539935" lon="12.430833"><ele>25.6</ele></rtept><rtept lat="57.539942" lon="12.43078"><ele>26.0</ele></rtept><rtept lat="57.539955" lon="12.430733"><ele>25.6</ele></rtept><rtept lat="57.539967" lon="12.430693"><ele>25.8</ele></rtept><rtept lat="57.539987" lon="12.430663"><ele>25.8</ele></rtept><rtept lat="57.54" lon="12.430622"><ele>25.8</ele></rtept><rtept lat="57.540018" lon="12.430582"><ele>26.0</ele></rtept><rtept lat="57.540032" lon="12.430535"><ele>25.8</ele></rtept><rtept lat="57.540043" lon="12.430498"><ele>25.8</ele></rtept><rtept lat="57.540057" lon="12.430443"><ele>26.0</ele></rtept><rtept lat="57.54007" lon="12.43039"><ele>25.6</ele></rtept><rtept lat="57.540082" lon="12.430357"><ele>26.0</ele></rtept><rtept lat="57.540088" lon="12.43031"><ele>25.8</ele></rtept><rtept lat="57.540102" lon="12.430265"><ele>25.8</ele></rtept><rtept lat="57.54012" lon="12.43022"><ele>26.0</ele></rtept><rtept lat="57.540133" lon="12.43017"><ele>25.6</ele></rtept><rtept lat="57.540153" lon="12.430108"><ele>25.8</ele></rtept><rtept lat="57.540165" lon="12.430078"><ele>25.6</ele></rtept><rtept lat="57.540178" lon="12.430042"><ele>25.8</ele></rtept><rtept lat="57.540185" lon="12.430003"><ele>25.6</ele></rtept><rtept lat="57.540203" lon="12.429942"><ele>25.8</ele></rtept><rtept lat="57.540203" lon="12.429908"><ele>25.4</ele></rtept><rtept lat="57.54021" lon="12.429868"><ele>25.8</ele></rtept><rtept lat="57.540217" lon="12.429828"><ele>25.6</ele></rtept><rtept lat="57.540217" lon="12.42976"><ele>26.0</ele></rtept><rtept lat="57.540217" lon="12.429697"><ele>25.8</ele></rtept><rtept lat="57.540217" lon="12.42965"><ele>25.8</ele></rtept><rtept lat="57.540217" lon="12.429595"><ele>25.6</ele></rtept><rtept lat="57.540217" lon="12.42955"><ele>25.0</ele></rtept><rtept lat="57.540217" lon="12.429497"><ele>25.2</ele></rtept><rtept lat="57.540217" lon="12.429445"><ele>24.8</ele></rtept><rtept lat="57.54021" lon="12.4294"><ele>24.6</ele></rtept><rtept lat="57.540203" lon="12.429363"><ele>24.8</ele></rtept><rtept lat="57.540203" lon="12.42932"><ele>24.4</ele></rtept><rtept lat="57.54021" lon="12.429283"><ele>24.4</ele></rtept><rtept lat="57.540217" lon="12.429242"><ele>24.0</ele></rtept><rtept lat="57.540223" lon="12.429202"><ele>23.6</ele></rtept><rtept lat="57.54023" lon="12.429162"><ele>23.8</ele></rtept><rtept lat="57.540237" lon="12.429118"><ele>23.4</ele></rtept><rtept lat="57.540242" lon="12.429077"><ele>22.8</ele></rtept><rtept lat="57.540248" lon="12.42902"><ele>23.2</ele></rtept><rtept lat="57.540255" lon="12.428975"><ele>22.6</ele></rtept><rtept lat="57.540255" lon="12.42893"><ele>22.8</ele></rtept><rtept lat="57.540248" lon="12.428882"><ele>22.6</ele></rtept><rtept lat="57.540255" lon="12.428827"><ele>22.2</ele></rtept><rtept lat="57.540255" lon="12.428785"><ele>22.4</ele></rtept><rtept lat="57.540262" lon="12.42874"><ele>22.2</ele></rtept><rtept lat="57.540268" lon="12.428707"><ele>21.8</ele></rtept><rtept lat="57.54028" lon="12.428678"><ele>21.6</ele></rtept><rtept lat="57.540287" lon="12.428638"><ele>21.6</ele></rtept><rtept lat="57.540293" lon="12.428583"><ele>21.0</ele></rtept><rtept lat="57.540307" lon="12.428535"><ele>20.8</ele></rtept><rtept lat="57.540307" lon="12.428495"><ele>20.8</ele></rtept><rtept lat="57.54032" lon="12.42845"><ele>20.2</ele></rtept><rtept lat="57.540325" lon="12.428405"><ele>20.0</ele></rtept><rtept lat="57.540325" lon="12.428368"><ele>19.8</ele></rtept><rtept lat="57.540325" lon="12.42833"><ele>19.2</ele></rtept><rtept lat="57.540325" lon="12.42829"><ele>19.2</ele></rtept><rtept lat="57.540325" lon="12.428237"><ele>18.8</ele></rtept><rtept lat="57.540325" lon="12.42818"><ele>18.2</ele></rtept><rtept lat="57.540332" lon="12.428125"><ele>18.2</ele></rtept><rtept lat="57.540338" lon="12.428085"><ele>17.8</ele></rtept><rtept lat="57.540358" lon="12.428013"><ele>17.6</ele></rtept><rtept lat="57.540377" lon="12.427928"><ele>17.2</ele></rtept><rtept lat="57.540383" lon="12.42786"><ele>16.8</ele></rtept><rtept lat="57.540402" lon="12.427807"><ele>16.8</ele></rtept><rtept lat="57.540422" lon="12.427758"><ele>16.0</ele></rtept><rtept lat="57.540447" lon="12.42772"><ele>16.2</ele></rtept><rtept lat="57.54048" lon="12.427685"><ele>15.6</ele></rtept><rtept lat="57.540505" lon="12.42766"><ele>15.8</ele></rtept><rtept lat="57.540523" lon="12.427628"><ele>15.8</ele></rtept><rtept lat="57.54055" lon="12.427597"><ele>15.4</ele></rtept><rtept lat="57.540588" lon="12.427563"><ele>15.8</ele></rtept><rtept lat="57.540613" lon="12.427523"><ele>15.4</ele></rtept><rtept lat="57.540633" lon="12.42749"><ele>15.4</ele></rtept><rtept lat="57.540658" lon="12.427452"><ele>15.6</ele></rtept><rtept lat="57.540683" lon="12.427425"><ele>15.4</ele></rtept><rtept lat="57.540717" lon="12.427392"><ele>15.6</ele></rtept><rtept lat="57.540742" lon="12.427357"><ele>15.2</ele></rtept><rtept lat="57.540773" lon="12.427332"><ele>15.4</ele></rtept><rtept lat="57.540805" lon="12.427318"><ele>15.2</ele></rtept><rtept lat="57.540838" lon="12.427305"><ele>15.0</ele></rtept><rtept lat="57.540863" lon="12.427287"><ele>15.4</ele></rtept><rtept lat="57.540895" lon="12.427278"><ele>15.0</ele></rtept><rtept lat="57.54092" lon="12.427267"><ele>15.2</ele></rtept><rtept lat="57.540953" lon="12.42726"><ele>15.0</ele></rtept><rtept lat="57.540972" lon="12.427252"><ele>15.0</ele></rtept><rtept lat="57.541003" lon="12.427238"><ele>15.4</ele></rtept><rtept lat="57.54103" lon="12.427227"><ele>15.2</ele></rtept><rtept lat="57.541068" lon="12.427212"><ele>15.4</ele></rtept><rtept lat="57.541093" lon="12.427198"><ele>15.2</ele></rtept><rtept lat="57.54112" lon="12.427183"><ele>15.2</ele></rtept><rtept lat="57.541152" lon="12.427177"><ele>15.4</ele></rtept><rtept lat="57.54117" lon="12.427172"><ele>15.2</ele></rtept><rtept lat="57.541197" lon="12.427168"><ele>15.8</ele></rtept><rtept lat="57.541228" lon="12.427162"><ele>15.4</ele></rtept><rtept lat="57.54126" lon="12.427152"><ele>15.6</ele></rtept><rtept lat="57.541285" lon="12.42714"><ele>15.8</ele></rtept><rtept lat="57.541318" lon="12.427127"><ele>15.4</ele></rtept><rtept lat="57.54135" lon="12.427118"><ele>15.8</ele></rtept><rtept lat="57.541375" lon="12.427108"><ele>15.4</ele></rtept><rtept lat="57.5414" lon="12.427103"><ele>15.8</ele></rtept><rtept lat="57.541433" lon="12.427103"><ele>15.6</ele></rtept><rtept lat="57.541458" lon="12.427102"><ele>15.6</ele></rtept><rtept lat="57.54149" lon="12.427108"><ele>16.0</ele></rtept><rtept lat="57.541522" lon="12.427115"><ele>15.6</ele></rtept><rtept lat="57.541548" lon="12.42712"><ele>16.0</ele></rtept><rtept lat="57.54158" lon="12.427123"><ele>16.0</ele></rtept><rtept lat="57.5416" lon="12.427128"><ele>16.2</ele></rtept><rtept lat="57.541632" lon="12.427138"><ele>16.2</ele></rtept><rtept lat="57.541657" lon="12.427143"><ele>16.0</ele></rtept><rtept lat="57.541695" lon="12.427153"><ele>16.6</ele></rtept><rtept lat="57.541727" lon="12.427158"><ele>16.2</ele></rtept><rtept lat="57.541747" lon="12.427162"><ele>16.4</ele></rtept><rtept lat="57.541778" lon="12.427168"><ele>16.2</ele></rtept><rtept lat="57.54181" lon="12.42718"><ele>16.0</ele></rtept><rtept lat="57.541837" lon="12.427192"><ele>16.2</ele></rtept><rtept lat="57.541855" lon="12.427198"><ele>16.0</ele></rtept><rtept lat="57.541887" lon="12.427208"><ele>16.4</ele></rtept><rtept lat="57.541913" lon="12.427223"><ele>16.2</ele></rtept><rtept lat="57.541945" lon="12.427233"><ele>16.0</ele></rtept><rtept lat="57.541977" lon="12.427243"><ele>16.4</ele></rtept><rtept lat="57.542002" lon="12.427257"><ele>16.0</ele></rtept><rtept lat="57.542028" lon="12.427263"><ele>16.4</ele></rtept><rtept lat="57.54206" lon="12.427273"><ele>16.2</ele></rtept><rtept lat="57.542092" lon="12.427282"><ele>16.2</ele></rtept><rtept lat="57.542123" lon="12.427293"><ele>16.2</ele></rtept><rtept lat="57.54215" lon="12.427307"><ele>16.0</ele></rtept><rtept lat="57.542188" lon="12.42732"><ele>16.2</ele></rtept><rtept lat="57.542213" lon="12.42733"><ele>15.8</ele></rtept><rtept lat="57.54224" lon="12.427338"><ele>16.2</ele></rtept><rtept lat="57.542272" lon="12.42735"><ele>16.0</ele></rtept><rtept lat="57.542303" lon="12.427358"><ele>16.2</ele></rtept><rtept lat="57.542328" lon="12.427358"><ele>16.4</ele></rtept><rtept lat="57.542355" lon="12.42736"><ele>16.0</ele></rtept><rtept lat="57.542387" lon="12.427362"><ele>16.4</ele></rtept><rtept lat="57.542418" lon="12.427367"><ele>15.8</ele></rtept><rtept lat="57.542443" lon="12.427372"><ele>16.2</ele></rtept><rtept lat="57.542477" lon="12.42736"><ele>16.0</ele></rtept><rtept lat="57.542502" lon="12.427325"><ele>16.2</ele></rtept><rtept lat="57.542508" lon="12.427273"><ele>16.2</ele></rtept><rtept lat="57.542515" lon="12.427223"><ele>16.2</ele></rtept><rtept lat="57.542515" lon="12.427178"><ele>16.4</ele></rtept><rtept lat="57.54252" lon="12.427108"><ele>15.8</ele></rtept><rtept lat="57.54252" lon="12.427062"><ele>15.8</ele></rtept><rtept lat="57.542527" lon="12.427025"><ele>15.6</ele></rtept><rtept lat="57.54252" lon="12.426983"><ele>15.4</ele></rtept><rtept lat="57.542527" lon="12.426943"><ele>15.6</ele></rtept><rtept lat="57.54252" lon="12.426897"><ele>15.2</ele></rtept><rtept lat="57.542515" lon="12.42685"><ele>15.4</ele></rtept><rtept lat="57.542515" lon="12.426803"><ele>15.2</ele></rtept><rtept lat="57.542515" lon="12.426757"><ele>14.8</ele></rtept><rtept lat="57.542527" lon="12.426705"><ele>15.2</ele></rtept><rtept lat="57.542527" lon="12.426657"><ele>14.6</ele></rtept><rtept lat="57.542527" lon="12.426605"><ele>15.0</ele></rtept><rtept lat="57.542527" lon="12.426548"><ele>14.8</ele></rtept><rtept lat="57.542527" lon="12.426498"><ele>14.6</ele></rtept><rtept lat="57.542527" lon="12.426448"><ele>15.0</ele></rtept><rtept lat="57.542533" lon="12.426398"><ele>14.4</ele></rtept><rtept lat="57.542533" lon="12.42635"><ele>14.8</ele></rtept><rtept lat="57.542527" lon="12.426298"><ele>14.6</ele></rtept><rtept lat="57.542527" lon="12.426248"><ele>14.2</ele></rtept><rtept lat="57.542527" lon="12.426203"><ele>14.6</ele></rtept><rtept lat="57.542533" lon="12.426157"><ele>14.2</ele></rtept><rtept lat="57.54254" lon="12.426112"><ele>14.4</ele></rtept><rtept lat="57.54254" lon="12.42606"><ele>14.2</ele></rtept><rtept lat="57.54254" lon="12.42601"><ele>14.0</ele></rtept><rtept lat="57.54254" lon="12.425947"><ele>14.4</ele></rtept><rtept lat="57.54254" lon="12.425887"><ele>13.8</ele></rtept><rtept lat="57.542547" lon="12.425828"><ele>14.2</ele></rtept><rtept lat="57.54256" lon="12.425773"><ele>14.0</ele></rtept><rtept lat="57.542572" lon="12.42572"><ele>13.8</ele></rtept><rtept lat="57.542592" lon="12.425668"><ele>14.0</ele></rtept><rtept lat="57.54261" lon="12.42562"><ele>13.8</ele></rtept><rtept lat="57.542623" lon="12.42557"><ele>14.2</ele></rtept><rtept lat="57.542642" lon="12.425515"><ele>14.0</ele></rtept><rtept lat="57.542648" lon="12.42546"><ele>14.0</ele></rtept><rtept lat="57.542662" lon="12.425407"><ele>14.2</ele></rtept><rtept lat="57.542675" lon="12.425357"><ele>14.0</ele></rtept><rtept lat="57.54268" lon="12.42531"><ele>14.4</ele></rtept><rtept lat="57.542687" lon="12.425257"><ele>13.8</ele></rtept><rtept lat="57.542687" lon="12.425207"><ele>14.0</ele></rtept><rtept lat="57.542687" lon="12.425157"><ele>14.0</ele></rtept><rtept lat="57.542687" lon="12.4251"><ele>13.8</ele></rtept><rtept lat="57.542687" lon="12.425048"><ele>14.0</ele></rtept><rtept lat="57.542687" lon="12.424988"><ele>13.8</ele></rtept><rtept lat="57.542687" lon="12.424928"><ele>14.0</ele></rtept><rtept lat="57.54268" lon="12.424875"><ele>14.2</ele></rtept><rtept lat="57.54268" lon="12.424815"><ele>14.2</ele></rtept><rtept lat="57.54268" lon="12.424757"><ele>14.6</ele></rtept><rtept lat="57.54268" lon="12.424695"><ele>14.2</ele></rtept><rtept lat="57.542675" lon="12.424657"><ele>14.2</ele></rtept><rtept lat="57.542675" lon="12.424602"><ele>14.2</ele></rtept><rtept lat="57.542675" lon="12.424552"><ele>14.2</ele></rtept><rtept lat="57.542662" lon="12.424507"><ele>14.4</ele></rtept><rtept lat="57.542662" lon="12.424457"><ele>14.0</ele></rtept><rtept lat="57.542662" lon="12.424408"><ele>14.2</ele></rtept><rtept lat="57.542662" lon="12.424357"><ele>14.2</ele></rtept><rtept lat="57.542662" lon="12.424302"><ele>13.8</ele></rtept><rtept lat="57.542662" lon="12.424245"><ele>14.2</ele></rtept><rtept lat="57.542662" lon="12.424185"><ele>14.0</ele></rtept><rtept lat="57.542655" lon="12.424115"><ele>14.2</ele></rtept><rtept lat="57.542648" lon="12.424065"><ele>14.2</ele></rtept><rtept lat="57.542648" lon="12.424007"><ele>14.0</ele></rtept><rtept lat="57.542642" lon="12.423952"><ele>14.4</ele></rtept><rtept lat="57.542637" lon="12.423902"><ele>14.0</ele></rtept><rtept lat="57.542637" lon="12.423852"><ele>14.2</ele></rtept><rtept lat="57.542637" lon="12.423793"><ele>14.4</ele></rtept><rtept lat="57.542637" lon="12.423722"><ele>14.2</ele></rtept><rtept lat="57.542642" lon="12.423663"><ele>14.6</ele></rtept><rtept lat="57.542642" lon="12.423622"><ele>14.0</ele></rtept><rtept lat="57.542655" lon="12.423575"><ele>14.4</ele></rtept><rtept lat="57.542662" lon="12.423528"><ele>14.2</ele></rtept><rtept lat="57.54268" lon="12.42348"><ele>14.0</ele></rtept><rtept lat="57.542687" lon="12.423423"><ele>14.0</ele></rtept><rtept lat="57.542687" lon="12.423363"><ele>13.8</ele></rtept><rtept lat="57.5427" lon="12.423303"><ele>14.0</ele></rtept><rtept lat="57.542707" lon="12.423252"><ele>13.8</ele></rtept><rtept lat="57.54272" lon="12.42321"><ele>13.6</ele></rtept><rtept lat="57.542725" lon="12.423172"><ele>13.8</ele></rtept><rtept lat="57.542738" lon="12.42312"><ele>13.6</ele></rtept><rtept lat="57.542752" lon="12.423093"><ele>13.8</ele></rtept><rtept lat="57.542763" lon="12.423052"><ele>13.6</ele></rtept><rtept lat="57.54279" lon="12.422962"><ele>13.8</ele></rtept><rtept lat="57.542802" lon="12.422917"><ele>13.6</ele></rtept><rtept lat="57.542808" lon="12.422868"><ele>14.0</ele></rtept><rtept lat="57.542822" lon="12.42282"><ele>13.6</ele></rtept><rtept lat="57.54284" lon="12.42277"><ele>14.0</ele></rtept><rtept lat="57.542847" lon="12.422733"><ele>14.2</ele></rtept><rtept lat="57.542867" lon="12.422673"><ele>14.0</ele></rtept><rtept lat="57.54288" lon="12.422625"><ele>14.2</ele></rtept><rtept lat="57.542892" lon="12.422578"><ele>14.0</ele></rtept><rtept lat="57.542905" lon="12.422532"><ele>14.2</ele></rtept><rtept lat="57.542912" lon="12.422478"><ele>14.0</ele></rtept><rtept lat="57.542923" lon="12.422438"><ele>13.8</ele></rtept><rtept lat="57.542937" lon="12.42238"><ele>14.0</ele></rtept><rtept lat="57.542943" lon="12.422338"><ele>13.8</ele></rtept><rtept lat="57.542962" lon="12.422302"><ele>14.2</ele></rtept><rtept lat="57.542968" lon="12.422268"><ele>13.8</ele></rtept><rtept lat="57.542982" lon="12.42224"><ele>14.2</ele></rtept><rtept lat="57.542988" lon="12.422195"><ele>14.0</ele></rtept><rtept lat="57.542988" lon="12.422148"><ele>13.8</ele></rtept><rtept lat="57.542988" lon="12.42209"><ele>14.0</ele></rtept><rtept lat="57.543" lon="12.422042"><ele>13.4</ele></rtept><rtept lat="57.54302" lon="12.42201"><ele>13.6</ele></rtept><rtept lat="57.54304" lon="12.421963"><ele>13.6</ele></rtept><rtept lat="57.543052" lon="12.421917"><ele>13.4</ele></rtept><rtept lat="57.543065" lon="12.421867"><ele>13.6</ele></rtept><rtept lat="57.543083" lon="12.421827"><ele>13.2</ele></rtept><rtept lat="57.543097" lon="12.421798"><ele>13.2</ele></rtept><rtept lat="57.543117" lon="12.421745"><ele>13.2</ele></rtept><rtept lat="57.543128" lon="12.421693"><ele>13.0</ele></rtept><rtept lat="57.543148" lon="12.421633"><ele>13.4</ele></rtept><rtept lat="57.54316" lon="12.421583"><ele>12.8</ele></rtept><rtept lat="57.543173" lon="12.421537"><ele>13.0</ele></rtept><rtept lat="57.543187" lon="12.421487"><ele>12.8</ele></rtept><rtept lat="57.5432" lon="12.421435"><ele>12.6</ele></rtept><rtept lat="57.543218" lon="12.421385"><ele>12.8</ele></rtept><rtept lat="57.543225" lon="12.421342"><ele>12.4</ele></rtept><rtept lat="57.543243" lon="12.421317"><ele>12.6</ele></rtept><rtept lat="57.543263" lon="12.421303"><ele>12.4</ele></rtept><rtept lat="57.543282" lon="12.42129"><ele>12.4</ele></rtept><rtept lat="57.543302" lon="12.42126"><ele>12.4</ele></rtept><rtept lat="57.543315" lon="12.42123"><ele>12.4</ele></rtept><rtept lat="57.543327" lon="12.421182"><ele>12.6</ele></rtept><rtept lat="57.54334" lon="12.42113"><ele>12.6</ele></rtept><rtept lat="57.543347" lon="12.421095"><ele>12.4</ele></rtept><rtept lat="57.54336" lon="12.421047"><ele>12.6</ele></rtept><rtept lat="57.543372" lon="12.420998"><ele>12.2</ele></rtept><rtept lat="57.543385" lon="12.420952"><ele>12.6</ele></rtept><rtept lat="57.543398" lon="12.4209"><ele>12.6</ele></rtept><rtept lat="57.543417" lon="12.420853"><ele>12.4</ele></rtept><rtept lat="57.543423" lon="12.420808"><ele>12.8</ele></rtept><rtept lat="57.543442" lon="12.420767"><ele>12.4</ele></rtept><rtept lat="57.543455" lon="12.42073"><ele>12.6</ele></rtept><rtept lat="57.543475" lon="12.420695"><ele>12.2</ele></rtept><rtept lat="57.543493" lon="12.420658"><ele>12.0</ele></rtept><rtept lat="57.543513" lon="12.420617"><ele>12.4</ele></rtept><rtept lat="57.543532" lon="12.420583"><ele>11.8</ele></rtept><rtept lat="57.543558" lon="12.420557"><ele>12.2</ele></rtept><rtept lat="57.543583" lon="12.42053"><ele>11.6</ele></rtept><rtept lat="57.543602" lon="12.420497"><ele>11.6</ele></rtept><rtept lat="57.543622" lon="12.420462"><ele>11.8</ele></rtept><rtept lat="57.543635" lon="12.420425"><ele>11.6</ele></rtept><rtept lat="57.54366" lon="12.420362"><ele>11.6</ele></rtept><rtept lat="57.54368" lon="12.420335"><ele>11.6</ele></rtept><rtept lat="57.543712" lon="12.420285"><ele>11.6</ele></rtept><rtept lat="57.54373" lon="12.420253"><ele>11.8</ele></rtept><rtept lat="57.543743" lon="12.420217"><ele>11.8</ele></rtept><rtept lat="57.543762" lon="12.42018"><ele>11.8</ele></rtept><rtept lat="57.543782" lon="12.42014"><ele>12.0</ele></rtept><rtept lat="57.5438" lon="12.420112"><ele>12.0</ele></rtept><rtept lat="57.54382" lon="12.420078"><ele>12.6</ele></rtept><rtept lat="57.54384" lon="12.420043"><ele>12.4</ele></rtept><rtept lat="57.543858" lon="12.42001"><ele>12.8</ele></rtept><rtept lat="57.543872" lon="12.419968"><ele>12.8</ele></rtept><rtept lat="57.54389" lon="12.41993"><ele>12.6</ele></rtept><rtept lat="57.543903" lon="12.419903"><ele>13.2</ele></rtept><rtept lat="57.543928" lon="12.419877"><ele>13.0</ele></rtept><rtept lat="57.543948" lon="12.419843"><ele>13.4</ele></rtept><rtept lat="57.543967" lon="12.419803"><ele>13.6</ele></rtept><rtept lat="57.543987" lon="12.419765"><ele>13.4</ele></rtept><rtept lat="57.544005" lon="12.41973"><ele>13.8</ele></rtept><rtept lat="57.544018" lon="12.41969"><ele>13.6</ele></rtept><rtept lat="57.544032" lon="12.41966"><ele>14.0</ele></rtept><rtept lat="57.544043" lon="12.419632"><ele>14.0</ele></rtept><rtept lat="57.544057" lon="12.419605"><ele>14.0</ele></rtept><rtept lat="57.544077" lon="12.419568"><ele>14.4</ele></rtept><rtept lat="57.544088" lon="12.419523"><ele>14.0</ele></rtept><rtept lat="57.544095" lon="12.419472"><ele>14.2</ele></rtept><rtept lat="57.544095" lon="12.419418"><ele>14.2</ele></rtept><rtept lat="57.544095" lon="12.419363"><ele>14.0</ele></rtept><rtept lat="57.544102" lon="12.419315"><ele>14.6</ele></rtept><rtept lat="57.544102" lon="12.419268"><ele>14.2</ele></rtept><rtept lat="57.544108" lon="12.419218"><ele>14.6</ele></rtept><rtept lat="57.544108" lon="12.419163"><ele>14.4</ele></rtept><rtept lat="57.544115" lon="12.419112"><ele>14.2</ele></rtept><rtept lat="57.54412" lon="12.419065"><ele>14.6</ele></rtept><rtept lat="57.544127" lon="12.419022"><ele>14.2</ele></rtept><rtept lat="57.544133" lon="12.41898"><ele>14.6</ele></rtept><rtept lat="57.54414" lon="12.418935"><ele>14.6</ele></rtept><rtept lat="57.544147" lon="12.418887"><ele>14.2</ele></rtept><rtept lat="57.544153" lon="12.418837"><ele>14.6</ele></rtept><rtept lat="57.544165" lon="12.418783"><ele>14.4</ele></rtept><rtept lat="57.544172" lon="12.418737"><ele>14.8</ele></rtept><rtept lat="57.544178" lon="12.418693"><ele>14.6</ele></rtept><rtept lat="57.544185" lon="12.418635"><ele>14.4</ele></rtept><rtept lat="57.544192" lon="12.418593"><ele>14.8</ele></rtept><rtept lat="57.544198" lon="12.418555"><ele>14.4</ele></rtept><rtept lat="57.54421" lon="12.418505"><ele>14.6</ele></rtept><rtept lat="57.544217" lon="12.418457"><ele>14.8</ele></rtept><rtept lat="57.544217" lon="12.41841"><ele>14.6</ele></rtept><rtept lat="57.54423" lon="12.418357"><ele>15.0</ele></rtept><rtept lat="57.544237" lon="12.418317"><ele>14.8</ele></rtept><rtept lat="57.544242" lon="12.418265"><ele>15.0</ele></rtept><rtept lat="57.544248" lon="12.418232"><ele>15.0</ele></rtept><rtept lat="57.544262" lon="12.41818"><ele>14.8</ele></rtept><rtept lat="57.544268" lon="12.418138"><ele>15.4</ele></rtept><rtept lat="57.544268" lon="12.4181"><ele>15.0</ele></rtept><rtept lat="57.544275" lon="12.418063"><ele>15.2</ele></rtept><rtept lat="57.54428" lon="12.41802"><ele>15.4</ele></rtept><rtept lat="57.544287" lon="12.417973"><ele>15.2</ele></rtept><rtept lat="57.544293" lon="12.41792"><ele>15.6</ele></rtept><rtept lat="57.5443" lon="12.417873"><ele>15.6</ele></rtept><rtept lat="57.544313" lon="12.417817"><ele>15.4</ele></rtept><rtept lat="57.544313" lon="12.41776"><ele>15.6</ele></rtept><rtept lat="57.54432" lon="12.41771"><ele>15.4</ele></rtept><rtept lat="57.544332" lon="12.41766"><ele>15.8</ele></rtept><rtept lat="57.544332" lon="12.417605"><ele>15.8</ele></rtept><rtept lat="57.544338" lon="12.417558"><ele>15.8</ele></rtept><rtept lat="57.544338" lon="12.417505"><ele>16.0</ele></rtept><rtept lat="57.544338" lon="12.417465"><ele>15.6</ele></rtept><rtept lat="57.544338" lon="12.417407"><ele>16.0</ele></rtept><rtept lat="57.544345" lon="12.41736"><ele>15.8</ele></rtept><rtept lat="57.544358" lon="12.417322"><ele>15.6</ele></rtept><rtept lat="57.544358" lon="12.417242"><ele>15.4</ele></rtept><rtept lat="57.544352" lon="12.41719"><ele>15.8</ele></rtept><rtept lat="57.544358" lon="12.417125"><ele>15.6</ele></rtept><rtept lat="57.544338" lon="12.417097"><ele>16.0</ele></rtept><rtept lat="57.544313" lon="12.41702"><ele>16.4</ele></rtept><rtept lat="57.544293" lon="12.416983"><ele>16.4</ele></rtept><rtept lat="57.54428" lon="12.416952"><ele>16.4</ele></rtept><rtept lat="57.544248" lon="12.416905"><ele>17.0</ele></rtept><rtept lat="57.54423" lon="12.416885"><ele>17.6</ele></rtept><rtept lat="57.544192" lon="12.41686"><ele>18.4</ele></rtept><rtept lat="57.544172" lon="12.416842"><ele>18.6</ele></rtept><rtept lat="57.544153" lon="12.416827"><ele>18.6</ele></rtept><rtept lat="57.544127" lon="12.416812"><ele>19.4</ele></rtept><rtept lat="57.544088" lon="12.41678"><ele>20.2</ele></rtept><rtept lat="57.544063" lon="12.416753"><ele>20.2</ele></rtept><rtept lat="57.544038" lon="12.41674"><ele>20.2</ele></rtept><rtept lat="57.544005" lon="12.41672"><ele>21.2</ele></rtept><rtept lat="57.543973" lon="12.416702"><ele>22.0</ele></rtept><rtept lat="57.543935" lon="12.416687"><ele>23.0</ele></rtept><rtept lat="57.543917" lon="12.416673"><ele>23.2</ele></rtept><rtept lat="57.54389" lon="12.41666"><ele>23.8</ele></rtept><rtept lat="57.543865" lon="12.416633"><ele>24.0</ele></rtept><rtept lat="57.543833" lon="12.416612"><ele>24.8</ele></rtept><rtept lat="57.543813" lon="12.4166"><ele>25.4</ele></rtept><rtept lat="57.543788" lon="12.416592"><ele>25.8</ele></rtept><rtept lat="57.543757" lon="12.416578"><ele>26.4</ele></rtept><rtept lat="57.543737" lon="12.416573"><ele>26.6</ele></rtept><rtept lat="57.543718" lon="12.416568"><ele>26.8</ele></rtept><rtept lat="57.543698" lon="12.416562"><ele>27.2</ele></rtept><rtept lat="57.543673" lon="12.416542"><ele>27.2</ele></rtept><rtept lat="57.543653" lon="12.416518"><ele>27.6</ele></rtept><rtept lat="57.543628" lon="12.41649"><ele>27.8</ele></rtept><rtept lat="57.543608" lon="12.416468"><ele>27.8</ele></rtept><rtept lat="57.54357" lon="12.416448"><ele>28.2</ele></rtept><rtept lat="57.543552" lon="12.416435"><ele>28.2</ele></rtept><rtept lat="57.54352" lon="12.416405"><ele>28.4</ele></rtept><rtept lat="57.543493" lon="12.41639"><ele>28.2</ele></rtept><rtept lat="57.543475" lon="12.416373"><ele>28.4</ele></rtept><rtept lat="57.543448" lon="12.41636"><ele>28.0</ele></rtept><rtept lat="57.543423" lon="12.41635"><ele>28.4</ele></rtept><rtept lat="57.543403" lon="12.41634"><ele>28.6</ele></rtept><rtept lat="57.543385" lon="12.416325"><ele>28.2</ele></rtept><rtept lat="57.54336" lon="12.41631"><ele>28.6</ele></rtept><rtept lat="57.543333" lon="12.416303"><ele>28.4</ele></rtept><rtept lat="57.543302" lon="12.416287"><ele>28.2</ele></rtept><rtept lat="57.543277" lon="12.416277"><ele>28.6</ele></rtept><rtept lat="57.543243" lon="12.416272"><ele>28.2</ele></rtept><rtept lat="57.543205" lon="12.416272"><ele>28.2</ele></rtept><rtept lat="57.543167" lon="12.416277"><ele>28.4</ele></rtept><rtept lat="57.543135" lon="12.41628"><ele>28.2</ele></rtept><rtept lat="57.543103" lon="12.416275"><ele>28.6</ele></rtept><rtept lat="57.543078" lon="12.416265"><ele>28.4</ele></rtept><rtept lat="57.543058" lon="12.416257"><ele>28.2</ele></rtept><rtept lat="57.54304" lon="12.416245"><ele>28.4</ele></rtept><rtept lat="57.54302" lon="12.41623"><ele>28.2</ele></rtept><rtept lat="57.542995" lon="12.41621"><ele>28.6</ele></rtept><rtept lat="57.542968" lon="12.416198"><ele>28.6</ele></rtept><rtept lat="57.54295" lon="12.416187"><ele>29.0</ele></rtept><rtept lat="57.542923" lon="12.416177"><ele>29.0</ele></rtept><rtept lat="57.542905" lon="12.41617"><ele>28.8</ele></rtept><rtept lat="57.542885" lon="12.416165"><ele>29.2</ele></rtept><rtept lat="57.54286" lon="12.416155"><ele>29.0</ele></rtept><rtept lat="57.54284" lon="12.416145"><ele>29.4</ele></rtept><rtept lat="57.542815" lon="12.416135"><ele>29.2</ele></rtept><rtept lat="57.542783" lon="12.416118"><ele>29.0</ele></rtept><rtept lat="57.542763" lon="12.416102"><ele>29.4</ele></rtept><rtept lat="57.542738" lon="12.416093"><ele>29.2</ele></rtept><rtept lat="57.54272" lon="12.416085"><ele>29.4</ele></rtept><rtept lat="57.542693" lon="12.416085"><ele>29.6</ele></rtept><rtept lat="57.542668" lon="12.41609"><ele>29.4</ele></rtept><rtept lat="57.542642" lon="12.41608"><ele>30.0</ele></rtept><rtept lat="57.54261" lon="12.416062"><ele>29.8</ele></rtept><rtept lat="57.542592" lon="12.416037"><ele>29.8</ele></rtept><rtept lat="57.54256" lon="12.416013"><ele>30.2</ele></rtept><rtept lat="57.542527" lon="12.415973"><ele>30.6</ele></rtept><rtept lat="57.54252" lon="12.415933"><ele>30.8</ele></rtept><rtept lat="57.54252" lon="12.415888"><ele>31.2</ele></rtept><rtept lat="57.542502" lon="12.415855"><ele>31.8</ele></rtept><rtept lat="57.54247" lon="12.415815"><ele>32.4</ele></rtept><rtept lat="57.54245" lon="12.415765"><ele>33.2</ele></rtept><rtept lat="57.542438" lon="12.415723"><ele>34.0</ele></rtept><rtept lat="57.542425" lon="12.415683"><ele>34.2</ele></rtept><rtept lat="57.542412" lon="12.41565"><ele>34.6</ele></rtept><rtept lat="57.542405" lon="12.415615"><ele>35.0</ele></rtept><rtept lat="57.542387" lon="12.415577"><ele>35.2</ele></rtept><rtept lat="57.542373" lon="12.415518"><ele>36.0</ele></rtept><rtept lat="57.542367" lon="12.415455"><ele>37.0</ele></rtept><rtept lat="57.542367" lon="12.415398"><ele>37.8</ele></rtept><rtept lat="57.54238" lon="12.415368"><ele>37.8</ele></rtept><rtept lat="57.542393" lon="12.415312"><ele>38.4</ele></rtept><rtept lat="57.542405" lon="12.415252"><ele>39.2</ele></rtept><rtept lat="57.542412" lon="12.41522"><ele>39.4</ele></rtept><rtept lat="57.542425" lon="12.415163"><ele>40.0</ele></rtept><rtept lat="57.542438" lon="12.415135"><ele>40.2</ele></rtept><rtept lat="57.54245" lon="12.4151"><ele>40.8</ele></rtept><rtept lat="57.542463" lon="12.415068"><ele>41.0</ele></rtept><rtept lat="57.542477" lon="12.415038"><ele>41.2</ele></rtept><rtept lat="57.542482" lon="12.414998"><ele>41.8</ele></rtept><rtept lat="57.542488" lon="12.414943"><ele>41.8</ele></rtept><rtept lat="57.542502" lon="12.4149"><ele>42.0</ele></rtept><rtept lat="57.542508" lon="12.41486"><ele>42.4</ele></rtept><rtept lat="57.542515" lon="12.414825"><ele>42.4</ele></rtept><rtept lat="57.542527" lon="12.414792"><ele>43.0</ele></rtept><rtept lat="57.54254" lon="12.414765"><ele>43.4</ele></rtept><rtept lat="57.54256" lon="12.414718"><ele>44.0</ele></rtept><rtept lat="57.542572" lon="12.414693"><ele>44.2</ele></rtept><rtept lat="57.542585" lon="12.414667"><ele>44.2</ele></rtept><rtept lat="57.542603" lon="12.41464"><ele>44.6</ele></rtept><rtept lat="57.542623" lon="12.414617"><ele>44.6</ele></rtept><rtept lat="57.542642" lon="12.414593"><ele>45.0</ele></rtept><rtept lat="57.542662" lon="12.414578"><ele>45.4</ele></rtept><rtept lat="57.54268" lon="12.414563"><ele>45.4</ele></rtept><rtept lat="57.542707" lon="12.414557"><ele>46.0</ele></rtept><rtept lat="57.542725" lon="12.414547"><ele>46.0</ele></rtept><rtept lat="57.542752" lon="12.41454"><ele>46.6</ele></rtept><rtept lat="57.54277" lon="12.41454"><ele>46.6</ele></rtept><rtept lat="57.54279" lon="12.414533"><ele>47.0</ele></rtept><rtept lat="57.542808" lon="12.414523"><ele>47.0</ele></rtept><rtept lat="57.542828" lon="12.414518"><ele>47.0</ele></rtept><rtept lat="57.542847" lon="12.414508"><ele>47.6</ele></rtept><rtept lat="57.542873" lon="12.414503"><ele>47.6</ele></rtept><rtept lat="57.542898" lon="12.414495"><ele>48.2</ele></rtept><rtept lat="57.542918" lon="12.414488"><ele>48.4</ele></rtept><rtept lat="57.542937" lon="12.414482"><ele>48.4</ele></rtept><rtept lat="57.542962" lon="12.414478"><ele>48.8</ele></rtept><rtept lat="57.542988" lon="12.414473"><ele>48.8</ele></rtept><rtept lat="57.543027" lon="12.414462"><ele>49.4</ele></rtept><rtept lat="57.543052" lon="12.41445"><ele>49.6</ele></rtept><rtept lat="57.543078" lon="12.414443"><ele>50.0</ele></rtept><rtept lat="57.543103" lon="12.414433"><ele>49.8</ele></rtept><rtept lat="57.543122" lon="12.414428"><ele>49.8</ele></rtept><rtept lat="57.543148" lon="12.414422"><ele>50.2</ele></rtept><rtept lat="57.543173" lon="12.41441"><ele>50.0</ele></rtept><rtept lat="57.5432" lon="12.414398"><ele>50.0</ele></rtept><rtept lat="57.543225" lon="12.414388"><ele>50.4</ele></rtept><rtept lat="57.543243" lon="12.41438"><ele>50.0</ele></rtept><rtept lat="57.543277" lon="12.414373"><ele>50.4</ele></rtept><rtept lat="57.543295" lon="12.414368"><ele>50.4</ele></rtept><rtept lat="57.54332" lon="12.41436"><ele>50.4</ele></rtept><rtept lat="57.543347" lon="12.414355"><ele>50.8</ele></rtept><rtept lat="57.543365" lon="12.414348"><ele>50.6</ele></rtept><rtept lat="57.543398" lon="12.414345"><ele>50.6</ele></rtept><rtept lat="57.543423" lon="12.414342"><ele>50.8</ele></rtept><rtept lat="57.543442" lon="12.41433"><ele>50.8</ele></rtept><rtept lat="57.543475" lon="12.41432"><ele>51.2</ele></rtept><rtept lat="57.5435" lon="12.414303"><ele>51.2</ele></rtept><rtept lat="57.54352" lon="12.41428"><ele>50.8</ele></rtept><rtept lat="57.543545" lon="12.414263"><ele>51.2</ele></rtept><rtept lat="57.54357" lon="12.41425"><ele>50.8</ele></rtept><rtept lat="57.543597" lon="12.414233"><ele>51.0</ele></rtept><rtept lat="57.543622" lon="12.41419"><ele>51.2</ele></rtept><rtept lat="57.543647" lon="12.414155"><ele>50.8</ele></rtept><rtept lat="57.543673" lon="12.41412"><ele>51.2</ele></rtept><rtept lat="57.543692" lon="12.414095"><ele>51.0</ele></rtept><rtept lat="57.543718" lon="12.414058"><ele>50.8</ele></rtept><rtept lat="57.543737" lon="12.414035"><ele>51.2</ele></rtept><rtept lat="57.543762" lon="12.414012"><ele>50.8</ele></rtept><rtept lat="57.543782" lon="12.413985"><ele>50.8</ele></rtept><rtept lat="57.543807" lon="12.413957"><ele>51.0</ele></rtept><rtept lat="57.54382" lon="12.41392"><ele>50.8</ele></rtept><rtept lat="57.54384" lon="12.413882"><ele>51.0</ele></rtept><rtept lat="57.543858" lon="12.413847"><ele>51.0</ele></rtept><rtept lat="57.543872" lon="12.413808"><ele>50.8</ele></rtept><rtept lat="57.543878" lon="12.413762"><ele>51.0</ele></rtept><rtept lat="57.54389" lon="12.41372"><ele>50.6</ele></rtept><rtept lat="57.543903" lon="12.41368"><ele>51.0</ele></rtept><rtept lat="57.543922" lon="12.413648"><ele>51.2</ele></rtept><rtept lat="57.543948" lon="12.413588"><ele>51.6</ele></rtept><rtept lat="57.543955" lon="12.41355"><ele>51.2</ele></rtept><rtept lat="57.543967" lon="12.41351"><ele>51.6</ele></rtept><rtept lat="57.543973" lon="12.41347"><ele>51.4</ele></rtept><rtept lat="57.54398" lon="12.41343"><ele>51.0</ele></rtept><rtept lat="57.543987" lon="12.41338"><ele>51.4</ele></rtept><rtept lat="57.543993" lon="12.413338"><ele>51.2</ele></rtept><rtept lat="57.543993" lon="12.413298"><ele>51.6</ele></rtept><rtept lat="57.543993" lon="12.41326"><ele>51.8</ele></rtept><rtept lat="57.543993" lon="12.413227"><ele>51.6</ele></rtept><rtept lat="57.543993" lon="12.413162"><ele>51.8</ele></rtept><rtept lat="57.54398" lon="12.413123"><ele>52.4</ele></rtept><rtept lat="57.543973" lon="12.413087"><ele>52.4</ele></rtept><rtept lat="57.54396" lon="12.413053"><ele>52.4</ele></rtept><rtept lat="57.543955" lon="12.413018"><ele>52.8</ele></rtept><rtept lat="57.543942" lon="12.412983"><ele>52.8</ele></rtept><rtept lat="57.543942" lon="12.412938"><ele>53.4</ele></rtept><rtept lat="57.543935" lon="12.412885"><ele>54.2</ele></rtept><rtept lat="57.543917" lon="12.412825"><ele>54.8</ele></rtept><rtept lat="57.543903" lon="12.41277"><ele>55.6</ele></rtept><rtept lat="57.543897" lon="12.412725"><ele>56.0</ele></rtept><rtept lat="57.54389" lon="12.41267"><ele>56.8</ele></rtept><rtept lat="57.543883" lon="12.41261"><ele>57.6</ele></rtept><rtept lat="57.543883" lon="12.412573"><ele>57.8</ele></rtept><rtept lat="57.543878" lon="12.41252"><ele>58.6</ele></rtept><rtept lat="57.543878" lon="12.412473"><ele>59.6</ele></rtept><rtept lat="57.543883" lon="12.412412"><ele>60.6</ele></rtept><rtept lat="57.543903" lon="12.412368"><ele>61.4</ele></rtept><rtept lat="57.543928" lon="12.412322"><ele>62.2</ele></rtept><rtept lat="57.543948" lon="12.412295"><ele>62.6</ele></rtept><rtept lat="57.543973" lon="12.41228"><ele>62.8</ele></rtept><rtept lat="57.543993" lon="12.41226"><ele>63.4</ele></rtept><rtept lat="57.544012" lon="12.412238"><ele>63.4</ele></rtept><rtept lat="57.544038" lon="12.412197"><ele>64.0</ele></rtept><rtept lat="57.544057" lon="12.412175"><ele>64.0</ele></rtept><rtept lat="57.544077" lon="12.412137"><ele>64.4</ele></rtept><rtept lat="57.544095" lon="12.412105"><ele>64.8</ele></rtept><rtept lat="57.544108" lon="12.41208"><ele>64.8</ele></rtept><rtept lat="57.544127" lon="12.41206"><ele>65.2</ele></rtept><rtept lat="57.544147" lon="12.412043"><ele>65.2</ele></rtept><rtept lat="57.544165" lon="12.412025"><ele>65.2</ele></rtept><rtept lat="57.544192" lon="12.41198"><ele>65.6</ele></rtept><rtept lat="57.54421" lon="12.411952"><ele>65.6</ele></rtept><rtept lat="57.544217" lon="12.411897"><ele>66.2</ele></rtept><rtept lat="57.54423" lon="12.411867"><ele>66.4</ele></rtept><rtept lat="57.544223" lon="12.411833"><ele>66.8</ele></rtept><rtept lat="57.544223" lon="12.4118"><ele>66.8</ele></rtept><rtept lat="57.544217" lon="12.411742"><ele>67.4</ele></rtept><rtept lat="57.544217" lon="12.411708"><ele>67.6</ele></rtept><rtept lat="57.544237" lon="12.411655"><ele>68.2</ele></rtept><rtept lat="57.544248" lon="12.411623"><ele>68.6</ele></rtept><rtept lat="57.544255" lon="12.411583"><ele>68.8</ele></rtept><rtept lat="57.544255" lon="12.411548"><ele>69.0</ele></rtept><rtept lat="57.544248" lon="12.41149"><ele>69.8</ele></rtept><rtept lat="57.544248" lon="12.411455"><ele>69.8</ele></rtept><rtept lat="57.544242" lon="12.41142"><ele>70.2</ele></rtept><rtept lat="57.544217" lon="12.411357"><ele>70.8</ele></rtept><rtept lat="57.544192" lon="12.411302"><ele>70.8</ele></rtept><rtept lat="57.544172" lon="12.411282"><ele>71.4</ele></rtept><rtept lat="57.544153" lon="12.411267"><ele>71.2</ele></rtept><rtept lat="57.54412" lon="12.411257"><ele>71.6</ele></rtept><rtept lat="57.544102" lon="12.411245"><ele>71.6</ele></rtept><rtept lat="57.544077" lon="12.411232"><ele>71.6</ele></rtept><rtept lat="57.544057" lon="12.411217"><ele>72.2</ele></rtept><rtept lat="57.544032" lon="12.411198"><ele>72.0</ele></rtept><rtept lat="57.544012" lon="12.411173"><ele>71.8</ele></rtept><rtept lat="57.543993" lon="12.411158"><ele>72.2</ele></rtept><rtept lat="57.543967" lon="12.411137"><ele>72.0</ele></rtept><rtept lat="57.543948" lon="12.411118"><ele>72.2</ele></rtept><rtept lat="57.543922" lon="12.411088"><ele>72.4</ele></rtept><rtept lat="57.543903" lon="12.411063"><ele>72.0</ele></rtept><rtept lat="57.543878" lon="12.411002"><ele>72.4</ele></rtept><rtept lat="57.543858" lon="12.41098"><ele>72.0</ele></rtept><rtept lat="57.543833" lon="12.410928"><ele>72.2</ele></rtept><rtept lat="57.543833" lon="12.41088"><ele>72.4</ele></rtept><rtept lat="57.54382" lon="12.410823"><ele>71.8</ele></rtept><rtept lat="57.54382" lon="12.410768"><ele>72.0</ele></rtept><rtept lat="57.543827" lon="12.410717"><ele>71.6</ele></rtept><rtept lat="57.54384" lon="12.410667"><ele>71.6</ele></rtept><rtept lat="57.543845" lon="12.410625"><ele>72.0</ele></rtept><rtept lat="57.543852" lon="12.41058"><ele>71.6</ele></rtept><rtept lat="57.543858" lon="12.41054"><ele>71.8</ele></rtept><rtept lat="57.543865" lon="12.410498"><ele>71.8</ele></rtept><rtept lat="57.543872" lon="12.410467"><ele>71.8</ele></rtept><rtept lat="57.543872" lon="12.410422"><ele>72.4</ele></rtept><rtept lat="57.543897" lon="12.410348"><ele>72.2</ele></rtept><rtept lat="57.543903" lon="12.410307"><ele>72.8</ele></rtept><rtept lat="57.54391" lon="12.410273"><ele>72.6</ele></rtept><rtept lat="57.543917" lon="12.41023"><ele>73.2</ele></rtept><rtept lat="57.543922" lon="12.410188"><ele>73.4</ele></rtept><rtept lat="57.543928" lon="12.410148"><ele>73.4</ele></rtept><rtept lat="57.543928" lon="12.410115"><ele>73.4</ele></rtept><rtept lat="57.543922" lon="12.41008"><ele>74.0</ele></rtept><rtept lat="57.54391" lon="12.41002"><ele>74.4</ele></rtept><rtept lat="57.54389" lon="12.41"><ele>74.4</ele></rtept><rtept lat="57.543852" lon="12.409965"><ele>74.6</ele></rtept><rtept lat="57.543833" lon="12.409925"><ele>75.2</ele></rtept><rtept lat="57.543813" lon="12.4099"><ele>75.6</ele></rtept><rtept lat="57.543788" lon="12.40986"><ele>75.6</ele></rtept><rtept lat="57.543768" lon="12.409835"><ele>76.0</ele></rtept><rtept lat="57.543737" lon="12.409792"><ele>76.0</ele></rtept><rtept lat="57.543705" lon="12.409758"><ele>76.0</ele></rtept><rtept lat="57.543685" lon="12.409742"><ele>76.4</ele></rtept><rtept lat="57.54366" lon="12.409702"><ele>76.2</ele></rtept><rtept lat="57.543635" lon="12.409683"><ele>76.6</ele></rtept><rtept lat="57.543615" lon="12.409678"><ele>76.2</ele></rtept><rtept lat="57.543597" lon="12.409672"><ele>76.4</ele></rtept><rtept lat="57.543563" lon="12.409662"><ele>76.6</ele></rtept><rtept lat="57.543538" lon="12.40966"><ele>77.0</ele></rtept><rtept lat="57.543513" lon="12.409657"><ele>77.0</ele></rtept><rtept lat="57.543493" lon="12.40966"><ele>77.4</ele></rtept><rtept lat="57.543462" lon="12.40966"><ele>77.6</ele></rtept><rtept lat="57.543423" lon="12.40966"><ele>77.6</ele></rtept><rtept lat="57.543392" lon="12.40966"><ele>78.0</ele></rtept><rtept lat="57.543365" lon="12.409663"><ele>78.0</ele></rtept><rtept lat="57.543347" lon="12.409668"><ele>77.8</ele></rtept><rtept lat="57.543327" lon="12.409668"><ele>78.0</ele></rtept><rtept lat="57.543302" lon="12.40968"><ele>77.8</ele></rtept><rtept lat="57.543282" lon="12.409693"><ele>78.0</ele></rtept><rtept lat="57.543257" lon="12.409717"><ele>78.2</ele></rtept><rtept lat="57.543238" lon="12.409732"><ele>78.2</ele></rtept><rtept lat="57.543187" lon="12.409765"><ele>78.6</ele></rtept><rtept lat="57.543155" lon="12.409778"><ele>78.4</ele></rtept><rtept lat="57.543122" lon="12.409778"><ele>78.6</ele></rtept><rtept lat="57.543083" lon="12.409778"><ele>78.8</ele></rtept><rtept lat="57.543033" lon="12.409772"><ele>79.0</ele></rtept><rtept lat="57.543007" lon="12.409778"><ele>79.2</ele></rtept><rtept lat="57.542982" lon="12.409785"><ele>79.4</ele></rtept><rtept lat="57.54295" lon="12.409795"><ele>79.6</ele></rtept><rtept lat="57.542912" lon="12.4098"><ele>79.4</ele></rtept><rtept lat="57.542885" lon="12.409805"><ele>79.8</ele></rtept><rtept lat="57.542847" lon="12.409812"><ele>79.6</ele></rtept><rtept lat="57.542822" lon="12.409812"><ele>79.6</ele></rtept><rtept lat="57.542802" lon="12.409812"><ele>80.0</ele></rtept><rtept lat="57.54277" lon="12.409815"><ele>79.6</ele></rtept><rtept lat="57.542725" lon="12.409822"><ele>79.4</ele></rtept><rtept lat="57.542687" lon="12.409825"><ele>79.8</ele></rtept><rtept lat="57.542662" lon="12.409825"><ele>79.4</ele></rtept><rtept lat="57.54263" lon="12.40982"><ele>79.0</ele></rtept><rtept lat="57.542598" lon="12.409817"><ele>79.2</ele></rtept><rtept lat="57.542572" lon="12.40981"><ele>78.8</ele></rtept><rtept lat="57.542547" lon="12.409805"><ele>79.0</ele></rtept><rtept lat="57.542527" lon="12.409802"><ele>78.8</ele></rtept><rtept lat="57.542502" lon="12.409798"><ele>78.4</ele></rtept><rtept lat="57.542477" lon="12.409792"><ele>78.8</ele></rtept><rtept lat="57.54245" lon="12.40979"><ele>78.6</ele></rtept><rtept lat="57.542412" lon="12.409787"><ele>79.0</ele></rtept><rtept lat="57.542387" lon="12.409778"><ele>78.8</ele></rtept><rtept lat="57.54236" lon="12.40977"><ele>79.4</ele></rtept><rtept lat="57.542335" lon="12.409758"><ele>79.2</ele></rtept><rtept lat="57.54231" lon="12.409712"><ele>79.4</ele></rtept><rtept lat="57.542283" lon="12.409683"><ele>79.4</ele></rtept><rtept lat="57.542258" lon="12.40966"><ele>79.8</ele></rtept><rtept lat="57.542233" lon="12.409637"><ele>79.8</ele></rtept><rtept lat="57.5422" lon="12.409587"><ele>80.0</ele></rtept><rtept lat="57.542182" lon="12.40956"><ele>80.0</ele></rtept><rtept lat="57.542162" lon="12.409542"><ele>80.4</ele></rtept><rtept lat="57.542137" lon="12.40952"><ele>80.2</ele></rtept><rtept lat="57.542118" lon="12.409505"><ele>80.0</ele></rtept><rtept lat="57.542085" lon="12.409483"><ele>80.2</ele></rtept><rtept lat="57.542053" lon="12.40945"><ele>80.6</ele></rtept><rtept lat="57.542015" lon="12.409443"><ele>80.4</ele></rtept><rtept lat="57.54199" lon="12.40944"><ele>80.4</ele></rtept><rtept lat="57.54197" lon="12.409435"><ele>80.8</ele></rtept><rtept lat="57.541925" lon="12.409425"><ele>80.6</ele></rtept><rtept lat="57.541907" lon="12.40942"><ele>81.2</ele></rtept><rtept lat="57.541887" lon="12.40941"><ele>81.2</ele></rtept><rtept lat="57.541862" lon="12.4094"><ele>81.4</ele></rtept><rtept lat="57.54183" lon="12.409395"><ele>81.6</ele></rtept><rtept lat="57.541798" lon="12.40939"><ele>81.0</ele></rtept><rtept lat="57.541778" lon="12.40938"><ele>81.2</ele></rtept><rtept lat="57.54176" lon="12.409373"><ele>81.0</ele></rtept><rtept lat="57.541733" lon="12.409365"><ele>80.8</ele></rtept><rtept lat="57.541715" lon="12.40936"><ele>81.2</ele></rtept><rtept lat="57.541688" lon="12.40936"><ele>80.8</ele></rtept><rtept lat="57.541657" lon="12.409355"><ele>80.6</ele></rtept><rtept lat="57.541618" lon="12.409345"><ele>80.8</ele></rtept><rtept lat="57.541593" lon="12.40933"><ele>80.4</ele></rtept><rtept lat="57.541567" lon="12.409313"><ele>80.6</ele></rtept><rtept lat="57.541542" lon="12.409297"><ele>80.4</ele></rtept><rtept lat="57.54151" lon="12.40928"><ele>80.2</ele></rtept><rtept lat="57.541483" lon="12.40927"><ele>80.6</ele></rtept><rtept lat="57.541458" lon="12.40927"><ele>80.2</ele></rtept><rtept lat="57.54142" lon="12.40926"><ele>80.4</ele></rtept><rtept lat="57.541395" lon="12.409257"><ele>80.6</ele></rtept><rtept lat="57.541368" lon="12.409245"><ele>80.8</ele></rtept><rtept lat="57.541337" lon="12.409235"><ele>80.4</ele></rtept><rtept lat="57.541312" lon="12.409225"><ele>80.6</ele></rtept><rtept lat="57.541292" lon="12.409212"><ele>80.4</ele></rtept><rtept lat="57.541273" lon="12.4092"><ele>80.4</ele></rtept><rtept lat="57.541247" lon="12.409197"><ele>80.6</ele></rtept><rtept lat="57.541215" lon="12.409195"><ele>80.2</ele></rtept><rtept lat="57.54119" lon="12.40919"><ele>80.8</ele></rtept><rtept lat="57.541158" lon="12.409185"><ele>80.4</ele></rtept><rtept lat="57.541132" lon="12.409175"><ele>80.8</ele></rtept><rtept lat="57.541093" lon="12.409162"><ele>80.8</ele></rtept><rtept lat="57.541075" lon="12.409145"><ele>80.6</ele></rtept><rtept lat="57.541042" lon="12.409132"><ele>81.0</ele></rtept><rtept lat="57.54101" lon="12.409112"><ele>81.0</ele></rtept><rtept lat="57.540992" lon="12.409082"><ele>81.6</ele></rtept><rtept lat="57.54096" lon="12.409065"><ele>81.6</ele></rtept><rtept lat="57.540933" lon="12.409047"><ele>81.8</ele></rtept><rtept lat="57.540908" lon="12.409022"><ele>82.2</ele></rtept><rtept lat="57.540877" lon="12.409002"><ele>82.2</ele></rtept><rtept lat="57.540857" lon="12.40898"><ele>82.8</ele></rtept><rtept lat="57.540838" lon="12.408952"><ele>82.8</ele></rtept><rtept lat="57.540818" lon="12.408927"><ele>83.2</ele></rtept><rtept lat="57.5408" lon="12.408898"><ele>83.4</ele></rtept><rtept lat="57.540773" lon="12.408877"><ele>83.4</ele></rtept><rtept lat="57.54076" lon="12.408852"><ele>84.0</ele></rtept><rtept lat="57.540742" lon="12.408827"><ele>84.0</ele></rtept><rtept lat="57.540717" lon="12.408802"><ele>84.4</ele></rtept><rtept lat="57.54069" lon="12.408768"><ele>84.4</ele></rtept><rtept lat="57.540678" lon="12.408735"><ele>84.4</ele></rtept><rtept lat="57.540658" lon="12.408713"><ele>84.8</ele></rtept><rtept lat="57.54064" lon="12.408683"><ele>84.8</ele></rtept><rtept lat="57.54062" lon="12.408657"><ele>84.8</ele></rtept><rtept lat="57.5406" lon="12.408628"><ele>85.2</ele></rtept><rtept lat="57.540575" lon="12.4086"><ele>84.8</ele></rtept><rtept lat="57.54055" lon="12.40857"><ele>84.8</ele></rtept><rtept lat="57.540523" lon="12.40855"><ele>85.0</ele></rtept><rtept lat="57.540498" lon="12.408525"><ele>84.6</ele></rtept><rtept lat="57.540467" lon="12.408492"><ele>84.8</ele></rtept><rtept lat="57.540447" lon="12.408457"><ele>84.4</ele></rtept><rtept lat="57.540428" lon="12.408427"><ele>84.6</ele></rtept><rtept lat="57.540402" lon="12.408398"><ele>84.6</ele></rtept><rtept lat="57.540383" lon="12.408367"><ele>84.4</ele></rtept><rtept lat="57.540363" lon="12.408345"><ele>84.6</ele></rtept><rtept lat="57.540338" lon="12.408313"><ele>84.4</ele></rtept><rtept lat="57.540307" lon="12.408292"><ele>84.6</ele></rtept><rtept lat="57.54028" lon="12.40826"><ele>84.8</ele></rtept><rtept lat="57.540262" lon="12.408227"><ele>84.2</ele></rtept><rtept lat="57.540242" lon="12.4082"><ele>84.4</ele></rtept><rtept lat="57.540217" lon="12.408173"><ele>84.0</ele></rtept><rtept lat="57.540192" lon="12.408148"><ele>83.8</ele></rtept><rtept lat="57.540165" lon="12.408133"><ele>84.0</ele></rtept><rtept lat="57.54014" lon="12.408122"><ele>83.8</ele></rtept><rtept lat="57.540115" lon="12.408108"><ele>84.2</ele></rtept><rtept lat="57.540077" lon="12.408093"><ele>84.0</ele></rtept><rtept lat="57.540043" lon="12.408073"><ele>83.6</ele></rtept><rtept lat="57.540018" lon="12.408043"><ele>84.0</ele></rtept><rtept lat="57.540005" lon="12.408015"><ele>83.6</ele></rtept><rtept lat="57.539987" lon="12.407955"><ele>83.4</ele></rtept><rtept lat="57.539967" lon="12.407925"><ele>83.2</ele></rtept><rtept lat="57.539955" lon="12.407897"><ele>83.2</ele></rtept><rtept lat="57.539942" lon="12.40786"><ele>82.4</ele></rtept><rtept lat="57.539928" lon="12.407835"><ele>82.8</ele></rtept><rtept lat="57.53991" lon="12.40781"><ele>82.2</ele></rtept><rtept lat="57.53989" lon="12.407782"><ele>82.4</ele></rtept><rtept lat="57.539872" lon="12.407752"><ele>82.4</ele></rtept><rtept lat="57.539852" lon="12.407732"><ele>82.2</ele></rtept><rtept lat="57.539833" lon="12.407717"><ele>82.6</ele></rtept><rtept lat="57.539807" lon="12.407712"><ele>82.6</ele></rtept><rtept lat="57.539782" lon="12.407702"><ele>83.2</ele></rtept><rtept lat="57.539762" lon="12.407697"><ele>83.0</ele></rtept><rtept lat="57.539743" lon="12.407667"><ele>83.6</ele></rtept><rtept lat="57.539723" lon="12.407637"><ele>84.0</ele></rtept><rtept lat="57.539705" lon="12.407622"><ele>83.8</ele></rtept><rtept lat="57.539673" lon="12.407627"><ele>84.2</ele></rtept><rtept lat="57.539647" lon="12.407642"><ele>84.2</ele></rtept><rtept lat="57.539628" lon="12.407653"><ele>84.2</ele></rtept><rtept lat="57.539608" lon="12.407657"><ele>84.6</ele></rtept><rtept lat="57.539583" lon="12.407648"><ele>84.2</ele></rtept><rtept lat="57.539563" lon="12.407647"><ele>84.0</ele></rtept><rtept lat="57.539545" lon="12.407662"><ele>84.0</ele></rtept><rtept lat="57.53952" lon="12.407682"><ele>84.2</ele></rtept><rtept lat="57.539475" lon="12.407702"><ele>83.8</ele></rtept><rtept lat="57.539448" lon="12.407718"><ele>84.0</ele></rtept><rtept lat="57.539423" lon="12.407727"><ele>84.0</ele></rtept><rtept lat="57.539403" lon="12.407738"><ele>84.4</ele></rtept><rtept lat="57.539385" lon="12.407745"><ele>84.2</ele></rtept><rtept lat="57.53936" lon="12.407747"><ele>84.4</ele></rtept><rtept lat="57.539333" lon="12.407755"><ele>84.4</ele></rtept><rtept lat="57.539315" lon="12.407765"><ele>84.2</ele></rtept><rtept lat="57.539288" lon="12.407758"><ele>84.4</ele></rtept><rtept lat="57.539263" lon="12.40776"><ele>84.2</ele></rtept><rtept lat="57.539243" lon="12.407772"><ele>84.0</ele></rtept><rtept lat="57.539225" lon="12.407785"><ele>84.4</ele></rtept><rtept lat="57.539187" lon="12.407798"><ele>84.2</ele></rtept><rtept lat="57.539155" lon="12.40781"><ele>84.2</ele></rtept><rtept lat="57.539117" lon="12.407815"><ele>84.4</ele></rtept><rtept lat="57.539078" lon="12.407818"><ele>84.4</ele></rtept><rtept lat="57.539045" lon="12.407818"><ele>85.0</ele></rtept><rtept lat="57.539007" lon="12.407815"><ele>84.8</ele></rtept><rtept lat="57.538975" lon="12.407815"><ele>84.8</ele></rtept><rtept lat="57.53895" lon="12.407812"><ele>85.0</ele></rtept><rtept lat="57.538923" lon="12.407802"><ele>84.6</ele></rtept><rtept lat="57.538898" lon="12.407795"><ele>84.8</ele></rtept><rtept lat="57.538873" lon="12.40778"><ele>84.8</ele></rtept><rtept lat="57.53884" lon="12.407767"><ele>84.6</ele></rtept><rtept lat="57.538808" lon="12.407757"><ele>85.0</ele></rtept><rtept lat="57.538777" lon="12.40774"><ele>84.8</ele></rtept><rtept lat="57.538752" lon="12.407717"><ele>84.4</ele></rtept><rtept lat="57.53872" lon="12.407692"><ele>84.8</ele></rtept><rtept lat="57.538687" lon="12.407667"><ele>84.6</ele></rtept><rtept lat="57.538668" lon="12.407642"><ele>84.2</ele></rtept><rtept lat="57.538637" lon="12.407613"><ele>84.4</ele></rtept><rtept lat="57.538603" lon="12.407582"><ele>84.0</ele></rtept><rtept lat="57.538578" lon="12.407552"><ele>83.6</ele></rtept><rtept lat="57.538547" lon="12.407527"><ele>83.8</ele></rtept><rtept lat="57.538515" lon="12.407502"><ele>83.2</ele></rtept><rtept lat="57.538482" lon="12.40748"><ele>83.4</ele></rtept><rtept lat="57.538457" lon="12.407453"><ele>83.2</ele></rtept><rtept lat="57.538432" lon="12.407438"><ele>83.2</ele></rtept><rtept lat="57.5384" lon="12.407408"><ele>83.2</ele></rtept><rtept lat="57.53838" lon="12.407393"><ele>83.0</ele></rtept><rtept lat="57.538355" lon="12.407378"><ele>83.6</ele></rtept><rtept lat="57.538328" lon="12.407362"><ele>83.2</ele></rtept><rtept lat="57.538303" lon="12.407355"><ele>83.2</ele></rtept><rtept lat="57.538278" lon="12.407348"><ele>83.4</ele></rtept><rtept lat="57.538252" lon="12.407348"><ele>83.0</ele></rtept><rtept lat="57.53822" lon="12.407348"><ele>82.8</ele></rtept><rtept lat="57.538188" lon="12.407348"><ele>83.0</ele></rtept><rtept lat="57.538157" lon="12.40734"><ele>82.6</ele></rtept><rtept lat="57.538137" lon="12.407338"><ele>83.0</ele></rtept><rtept lat="57.538112" lon="12.40733"><ele>82.4</ele></rtept><rtept lat="57.53808" lon="12.407328"><ele>82.4</ele></rtept><rtept lat="57.538047" lon="12.407325"><ele>82.6</ele></rtept><rtept lat="57.538015" lon="12.407315"><ele>82.2</ele></rtept><rtept lat="57.53799" lon="12.4073"><ele>82.6</ele></rtept><rtept lat="57.537958" lon="12.407293"><ele>82.2</ele></rtept><rtept lat="57.537938" lon="12.407277"><ele>82.2</ele></rtept><rtept lat="57.53792" lon="12.407255"><ele>82.4</ele></rtept><rtept lat="57.53788" lon="12.40723"><ele>82.2</ele></rtept><rtept lat="57.537855" lon="12.40722"><ele>82.6</ele></rtept><rtept lat="57.537817" lon="12.40721"><ele>82.2</ele></rtept><rtept lat="57.537778" lon="12.407195"><ele>82.2</ele></rtept><rtept lat="57.537747" lon="12.40717"><ele>82.4</ele></rtept><rtept lat="57.537727" lon="12.407157"><ele>82.2</ele></rtept><rtept lat="57.537702" lon="12.407147"><ele>82.6</ele></rtept><rtept lat="57.537677" lon="12.40713"><ele>82.2</ele></rtept><rtept lat="57.537657" lon="12.4071"><ele>82.2</ele></rtept><rtept lat="57.537625" lon="12.40707"><ele>82.6</ele></rtept><rtept lat="57.537598" lon="12.407045"><ele>82.6</ele></rtept><rtept lat="57.537567" lon="12.407025"><ele>83.0</ele></rtept><rtept lat="57.537542" lon="12.40701"><ele>83.0</ele></rtept><rtept lat="57.537517" lon="12.406992"><ele>83.0</ele></rtept><rtept lat="57.537483" lon="12.406973"><ele>83.2</ele></rtept><rtept lat="57.537465" lon="12.406958"><ele>83.2</ele></rtept><rtept lat="57.537433" lon="12.406913"><ele>83.6</ele></rtept><rtept lat="57.537413" lon="12.406892"><ele>84.2</ele></rtept><rtept lat="57.537395" lon="12.406863"><ele>84.2</ele></rtept><rtept lat="57.537375" lon="12.40684"><ele>84.2</ele></rtept><rtept lat="57.53735" lon="12.406813"><ele>84.6</ele></rtept><rtept lat="57.53733" lon="12.406788"><ele>84.4</ele></rtept><rtept lat="57.537305" lon="12.40676"><ele>85.0</ele></rtept><rtept lat="57.537285" lon="12.406735"><ele>85.0</ele></rtept><rtept lat="57.537267" lon="12.406702"><ele>84.8</ele></rtept><rtept lat="57.53724" lon="12.406665"><ele>85.4</ele></rtept><rtept lat="57.537228" lon="12.406635"><ele>85.6</ele></rtept><rtept lat="57.537208" lon="12.406603"><ele>86.2</ele></rtept><rtept lat="57.537183" lon="12.406577"><ele>86.4</ele></rtept><rtept lat="57.537152" lon="12.406557"><ele>86.2</ele></rtept><rtept lat="57.537125" lon="12.406537"><ele>86.6</ele></rtept><rtept lat="57.5371" lon="12.406508"><ele>86.6</ele></rtept><rtept lat="57.537087" lon="12.406477"><ele>87.0</ele></rtept><rtept lat="57.537062" lon="12.40645"><ele>87.0</ele></rtept><rtept lat="57.53703" lon="12.406425"><ele>86.6</ele></rtept><rtept lat="57.53701" lon="12.4064"><ele>87.2</ele></rtept><rtept lat="57.536985" lon="12.40637"><ele>87.0</ele></rtept><rtept lat="57.536953" lon="12.406342"><ele>87.4</ele></rtept><rtept lat="57.536933" lon="12.406315"><ele>87.2</ele></rtept><rtept lat="57.536902" lon="12.406295"><ele>87.0</ele></rtept><rtept lat="57.536882" lon="12.406272"><ele>87.4</ele></rtept><rtept lat="57.536863" lon="12.406253"><ele>87.2</ele></rtept><rtept lat="57.536832" lon="12.406233"><ele>87.6</ele></rtept><rtept lat="57.536812" lon="12.406212"><ele>87.6</ele></rtept><rtept lat="57.536787" lon="12.406163"><ele>87.6</ele></rtept><rtept lat="57.53676" lon="12.406143"><ele>87.4</ele></rtept><rtept lat="57.536742" lon="12.406138"><ele>87.6</ele></rtept><rtept lat="57.536717" lon="12.406133"><ele>87.8</ele></rtept><rtept lat="57.536683" lon="12.406123"><ele>87.6</ele></rtept><rtept lat="57.536658" lon="12.406117"><ele>88.0</ele></rtept><rtept lat="57.536627" lon="12.406103"><ele>87.6</ele></rtept><rtept lat="57.536595" lon="12.406093"><ele>87.6</ele></rtept><rtept lat="57.536568" lon="12.406092"><ele>88.0</ele></rtept><rtept lat="57.536543" lon="12.406088"><ele>87.6</ele></rtept><rtept lat="57.536523" lon="12.406087"><ele>87.8</ele></rtept><rtept lat="57.536498" lon="12.406083"><ele>87.6</ele></rtept><rtept lat="57.536473" lon="12.40608"><ele>87.6</ele></rtept><rtept lat="57.536453" lon="12.406073"><ele>87.8</ele></rtept><rtept lat="57.536428" lon="12.406077"><ele>87.6</ele></rtept><rtept lat="57.53639" lon="12.406073"><ele>87.8</ele></rtept><rtept lat="57.53637" lon="12.406068"><ele>88.0</ele></rtept><rtept lat="57.536352" lon="12.406063"><ele>88.2</ele></rtept><rtept lat="57.536325" lon="12.406058"><ele>88.0</ele></rtept><rtept lat="57.536307" lon="12.406053"><ele>88.6</ele></rtept><rtept lat="57.53628" lon="12.406053"><ele>88.6</ele></rtept><rtept lat="57.536255" lon="12.406043"><ele>88.4</ele></rtept><rtept lat="57.536237" lon="12.406028"><ele>88.8</ele></rtept><rtept lat="57.536223" lon="12.406003"><ele>88.6</ele></rtept><rtept lat="57.536198" lon="12.40596"><ele>89.0</ele></rtept><rtept lat="57.536185" lon="12.405935"><ele>88.8</ele></rtept><rtept lat="57.536165" lon="12.405902"><ele>89.4</ele></rtept><rtept lat="57.536147" lon="12.40588"><ele>89.0</ele></rtept><rtept lat="57.53612" lon="12.405857"><ele>89.0</ele></rtept><rtept lat="57.536095" lon="12.405838"><ele>89.4</ele></rtept><rtept lat="57.53607" lon="12.405813"><ele>89.2</ele></rtept><rtept lat="57.53605" lon="12.405783"><ele>89.4</ele></rtept><rtept lat="57.536025" lon="12.40576"><ele>89.2</ele></rtept><rtept lat="57.536" lon="12.405737"><ele>89.0</ele></rtept><rtept lat="57.535967" lon="12.405697"><ele>89.4</ele></rtept><rtept lat="57.535935" lon="12.40568"><ele>89.6</ele></rtept><rtept lat="57.53591" lon="12.405665"><ele>89.6</ele></rtept><rtept lat="57.535883" lon="12.405638"><ele>89.6</ele></rtept><rtept lat="57.535858" lon="12.405612"><ele>90.0</ele></rtept><rtept lat="57.53584" lon="12.405592"><ele>89.8</ele></rtept><rtept lat="57.5358" lon="12.405572"><ele>89.4</ele></rtept><rtept lat="57.535775" lon="12.405553"><ele>89.8</ele></rtept><rtept lat="57.53575" lon="12.40552"><ele>89.4</ele></rtept><rtept lat="57.535723" lon="12.405502"><ele>89.8</ele></rtept><rtept lat="57.535705" lon="12.40548"><ele>89.6</ele></rtept><rtept lat="57.53568" lon="12.405452"><ele>89.4</ele></rtept><rtept lat="57.53566" lon="12.40542"><ele>89.8</ele></rtept><rtept lat="57.53564" lon="12.405388"><ele>89.6</ele></rtept><rtept lat="57.535628" lon="12.40536"><ele>89.8</ele></rtept><rtept lat="57.535602" lon="12.405328"><ele>90.0</ele></rtept><rtept lat="57.535583" lon="12.405302"><ele>89.8</ele></rtept><rtept lat="57.535563" lon="12.405273"><ele>90.4</ele></rtept><rtept lat="57.535538" lon="12.405245"><ele>90.0</ele></rtept><rtept lat="57.535525" lon="12.40522"><ele>89.8</ele></rtept><rtept lat="57.5355" lon="12.405193"><ele>90.2</ele></rtept><rtept lat="57.535475" lon="12.40516"><ele>89.8</ele></rtept><rtept lat="57.535448" lon="12.405133"><ele>89.8</ele></rtept><rtept lat="57.535423" lon="12.405103"><ele>90.0</ele></rtept><rtept lat="57.535398" lon="12.405077"><ele>89.8</ele></rtept><rtept lat="57.535372" lon="12.40505"><ele>90.2</ele></rtept><rtept lat="57.535353" lon="12.405017"><ele>89.8</ele></rtept><rtept lat="57.535327" lon="12.404985"><ele>89.6</ele></rtept><rtept lat="57.535302" lon="12.404952"><ele>89.8</ele></rtept><rtept lat="57.535282" lon="12.404917"><ele>89.6</ele></rtept><rtept lat="57.535263" lon="12.40488"><ele>90.0</ele></rtept><rtept lat="57.53525" lon="12.404845"><ele>89.8</ele></rtept><rtept lat="57.535238" lon="12.404808"><ele>89.6</ele></rtept><rtept lat="57.535212" lon="12.404783"><ele>89.8</ele></rtept><rtept lat="57.535193" lon="12.404753"><ele>89.6</ele></rtept><rtept lat="57.535173" lon="12.404722"><ele>90.0</ele></rtept><rtept lat="57.535155" lon="12.404697"><ele>89.8</ele></rtept><rtept lat="57.535135" lon="12.404673"><ele>89.6</ele></rtept><rtept lat="57.535122" lon="12.404647"><ele>90.0</ele></rtept><rtept lat="57.535103" lon="12.404622"><ele>90.0</ele></rtept><rtept lat="57.535083" lon="12.404598"><ele>89.8</ele></rtept><rtept lat="57.535065" lon="12.404575"><ele>90.0</ele></rtept><rtept lat="57.535033" lon="12.404548"><ele>89.6</ele></rtept><rtept lat="57.535" lon="12.404523"><ele>89.6</ele></rtept><rtept lat="57.534982" lon="12.404488"><ele>89.6</ele></rtept><rtept lat="57.534957" lon="12.40445"><ele>89.2</ele></rtept><rtept lat="57.534937" lon="12.404413"><ele>89.2</ele></rtept><rtept lat="57.534912" lon="12.40438"><ele>89.0</ele></rtept><rtept lat="57.534892" lon="12.404343"><ele>88.6</ele></rtept><rtept lat="57.534867" lon="12.404305"><ele>88.8</ele></rtept><rtept lat="57.53484" lon="12.404278"><ele>88.4</ele></rtept><rtept lat="57.534822" lon="12.404252"><ele>88.6</ele></rtept><rtept lat="57.534802" lon="12.40423"><ele>88.4</ele></rtept><rtept lat="57.534783" lon="12.404215"><ele>88.0</ele></rtept><rtept lat="57.534763" lon="12.404192"><ele>88.4</ele></rtept><rtept lat="57.534745" lon="12.404167"><ele>87.8</ele></rtept><rtept lat="57.534725" lon="12.40415"><ele>88.2</ele></rtept><rtept lat="57.5347" lon="12.404132"><ele>88.0</ele></rtept><rtept lat="57.534668" lon="12.404113"><ele>87.6</ele></rtept><rtept lat="57.534648" lon="12.404097"><ele>87.8</ele></rtept><rtept lat="57.534617" lon="12.40408"><ele>87.6</ele></rtept><rtept lat="57.534578" lon="12.404058"><ele>88.2</ele></rtept><rtept lat="57.534553" lon="12.404043"><ele>87.8</ele></rtept><rtept lat="57.53452" lon="12.404032"><ele>88.0</ele></rtept><rtept lat="57.534488" lon="12.404012"><ele>88.2</ele></rtept><rtept lat="57.534457" lon="12.403993"><ele>87.8</ele></rtept><rtept lat="57.534438" lon="12.403973"><ele>88.2</ele></rtept><rtept lat="57.534405" lon="12.403953"><ele>88.2</ele></rtept><rtept lat="57.534367" lon="12.403928"><ele>88.8</ele></rtept><rtept lat="57.534348" lon="12.403902"><ele>88.6</ele></rtept><rtept lat="57.534322" lon="12.403878"><ele>89.0</ele></rtept><rtept lat="57.534297" lon="12.403855"><ele>89.2</ele></rtept><rtept lat="57.534272" lon="12.403828"><ele>89.2</ele></rtept><rtept lat="57.534245" lon="12.403802"><ele>89.8</ele></rtept><rtept lat="57.53422" lon="12.403778"><ele>89.6</ele></rtept><rtept lat="57.5342" lon="12.403745"><ele>90.4</ele></rtept><rtept lat="57.534162" lon="12.403723"><ele>90.2</ele></rtept><rtept lat="57.534143" lon="12.403715"><ele>90.6</ele></rtept><rtept lat="57.534112" lon="12.403692"><ele>90.6</ele></rtept><rtept lat="57.534092" lon="12.40367"><ele>90.6</ele></rtept><rtept lat="57.534073" lon="12.403643"><ele>91.0</ele></rtept><rtept lat="57.534047" lon="12.403625"><ele>90.8</ele></rtept><rtept lat="57.534028" lon="12.4036"><ele>91.4</ele></rtept><rtept lat="57.533997" lon="12.403572"><ele>91.2</ele></rtept><rtept lat="57.53397" lon="12.403552"><ele>91.2</ele></rtept><rtept lat="57.533952" lon="12.403532"><ele>91.0</ele></rtept><rtept lat="57.533932" lon="12.403515"><ele>91.4</ele></rtept><rtept lat="57.533913" lon="12.403495"><ele>91.2</ele></rtept><rtept lat="57.533875" lon="12.403452"><ele>91.2</ele></rtept><rtept lat="57.533848" lon="12.40342"><ele>91.0</ele></rtept><rtept lat="57.533823" lon="12.4034"><ele>91.0</ele></rtept><rtept lat="57.533798" lon="12.403372"><ele>90.6</ele></rtept><rtept lat="57.533772" lon="12.40334"><ele>91.0</ele></rtept><rtept lat="57.533747" lon="12.403307"><ele>90.6</ele></rtept><rtept lat="57.533727" lon="12.40328"><ele>90.8</ele></rtept><rtept lat="57.533695" lon="12.40324"><ele>90.4</ele></rtept><rtept lat="57.533677" lon="12.40322"><ele>90.6</ele></rtept><rtept lat="57.53365" lon="12.403182"><ele>90.8</ele></rtept><rtept lat="57.533612" lon="12.403155"><ele>90.4</ele></rtept><rtept lat="57.53358" lon="12.403155"><ele>90.6</ele></rtept><rtept lat="57.533548" lon="12.403148"><ele>90.4</ele></rtept><rtept lat="57.533522" lon="12.403138"><ele>90.8</ele></rtept><rtept lat="57.533497" lon="12.403125"><ele>90.6</ele></rtept><rtept lat="57.533472" lon="12.403108"><ele>90.6</ele></rtept><rtept lat="57.533445" lon="12.403083"><ele>91.0</ele></rtept><rtept lat="57.533427" lon="12.403063"><ele>90.4</ele></rtept><rtept lat="57.533407" lon="12.403053"><ele>90.6</ele></rtept><rtept lat="57.533375" lon="12.40305"><ele>90.6</ele></rtept><rtept lat="57.53335" lon="12.40304"><ele>90.4</ele></rtept><rtept lat="57.53333" lon="12.403028"><ele>90.6</ele></rtept><rtept lat="57.533292" lon="12.40301"><ele>90.2</ele></rtept><rtept lat="57.533267" lon="12.402997"><ele>90.4</ele></rtept><rtept lat="57.533222" lon="12.402988"><ele>90.2</ele></rtept><rtept lat="57.533177" lon="12.402975"><ele>90.0</ele></rtept><rtept lat="57.533145" lon="12.402963"><ele>90.4</ele></rtept><rtept lat="57.53312" lon="12.40295"><ele>90.0</ele></rtept><rtept lat="57.5331" lon="12.402937"><ele>90.2</ele></rtept><rtept lat="57.533075" lon="12.402917"><ele>90.0</ele></rtept><rtept lat="57.533055" lon="12.402898"><ele>89.8</ele></rtept><rtept lat="57.533023" lon="12.40288"><ele>90.0</ele></rtept><rtept lat="57.532998" lon="12.402858"><ele>89.8</ele></rtept><rtept lat="57.532972" lon="12.402838"><ele>90.2</ele></rtept><rtept lat="57.532953" lon="12.402812"><ele>90.0</ele></rtept><rtept lat="57.532927" lon="12.402785"><ele>90.0</ele></rtept><rtept lat="57.532902" lon="12.40276"><ele>90.0</ele></rtept><rtept lat="57.53287" lon="12.402737"><ele>90.0</ele></rtept><rtept lat="57.532838" lon="12.402717"><ele>90.4</ele></rtept><rtept lat="57.532818" lon="12.402688"><ele>90.0</ele></rtept><rtept lat="57.532793" lon="12.402658"><ele>90.2</ele></rtept><rtept lat="57.53276" lon="12.402628"><ele>90.2</ele></rtept><rtept lat="57.532735" lon="12.402593"><ele>90.0</ele></rtept><rtept lat="57.53271" lon="12.402572"><ele>90.2</ele></rtept><rtept lat="57.532683" lon="12.402548"><ele>89.8</ele></rtept><rtept lat="57.532658" lon="12.402523"><ele>90.0</ele></rtept><rtept lat="57.53262" lon="12.402495"><ele>90.0</ele></rtept><rtept lat="57.5326" lon="12.402468"><ele>90.0</ele></rtept><rtept lat="57.532568" lon="12.402435"><ele>90.4</ele></rtept><rtept lat="57.532543" lon="12.402403"><ele>89.8</ele></rtept><rtept lat="57.532523" lon="12.402368"><ele>90.0</ele></rtept><rtept lat="57.532512" lon="12.402323"><ele>90.0</ele></rtept><rtept lat="57.532492" lon="12.402275"><ele>89.8</ele></rtept><rtept lat="57.532473" lon="12.402225"><ele>89.8</ele></rtept><rtept lat="57.532453" lon="12.402172"><ele>89.6</ele></rtept><rtept lat="57.532435" lon="12.402118"><ele>89.2</ele></rtept><rtept lat="57.532422" lon="12.402072"><ele>89.2</ele></rtept><rtept lat="57.532402" lon="12.402025"><ele>88.8</ele></rtept><rtept lat="57.532383" lon="12.401973"><ele>88.8</ele></rtept><rtept lat="57.532363" lon="12.401932"><ele>88.6</ele></rtept><rtept lat="57.532338" lon="12.401888"><ele>88.2</ele></rtept><rtept lat="57.532325" lon="12.401848"><ele>88.2</ele></rtept><rtept lat="57.532307" lon="12.401798"><ele>87.6</ele></rtept><rtept lat="57.53228" lon="12.401745"><ele>87.8</ele></rtept><rtept lat="57.532262" lon="12.4017"><ele>87.4</ele></rtept><rtept lat="57.532242" lon="12.40166"><ele>87.2</ele></rtept><rtept lat="57.532237" lon="12.401618"><ele>87.4</ele></rtept><rtept lat="57.532223" lon="12.40158"><ele>86.8</ele></rtept><rtept lat="57.53221" lon="12.40154"><ele>87.0</ele></rtept><rtept lat="57.532192" lon="12.401502"><ele>86.8</ele></rtept><rtept lat="57.532172" lon="12.401462"><ele>86.6</ele></rtept><rtept lat="57.53216" lon="12.401425"><ele>86.8</ele></rtept><rtept lat="57.532147" lon="12.401392"><ele>86.4</ele></rtept><rtept lat="57.532133" lon="12.401362"><ele>86.8</ele></rtept><rtept lat="57.532108" lon="12.401322"><ele>86.6</ele></rtept><rtept lat="57.532082" lon="12.401273"><ele>86.8</ele></rtept><rtept lat="57.532063" lon="12.40124"><ele>86.4</ele></rtept><rtept lat="57.532038" lon="12.401207"><ele>86.8</ele></rtept><rtept lat="57.532018" lon="12.401183"><ele>86.4</ele></rtept><rtept lat="57.532005" lon="12.40116"><ele>86.6</ele></rtept><rtept lat="57.531987" lon="12.401135"><ele>86.4</ele></rtept><rtept lat="57.531967" lon="12.401113"><ele>86.2</ele></rtept><rtept lat="57.531948" lon="12.401088"><ele>86.6</ele></rtept><rtept lat="57.531917" lon="12.401062"><ele>87.0</ele></rtept><rtept lat="57.53189" lon="12.401042"><ele>86.8</ele></rtept><rtept lat="57.531858" lon="12.401028"><ele>87.0</ele></rtept><rtept lat="57.531827" lon="12.40102"><ele>87.2</ele></rtept><rtept lat="57.5318" lon="12.401005"><ele>87.4</ele></rtept><rtept lat="57.531762" lon="12.400995"><ele>87.8</ele></rtept><rtept lat="57.531737" lon="12.40098"><ele>87.8</ele></rtept><rtept lat="57.531712" lon="12.400963"><ele>88.2</ele></rtept><rtept lat="57.531685" lon="12.40095"><ele>88.4</ele></rtept><rtept lat="57.531667" lon="12.400938"><ele>88.6</ele></rtept><rtept lat="57.53164" lon="12.40093"><ele>88.8</ele></rtept><rtept lat="57.531615" lon="12.400928"><ele>89.0</ele></rtept><rtept lat="57.531597" lon="12.40092"><ele>89.8</ele></rtept><rtept lat="57.531563" lon="12.400915"><ele>89.6</ele></rtept><rtept lat="57.531538" lon="12.400908"><ele>90.0</ele></rtept><rtept lat="57.5315" lon="12.4009"><ele>90.2</ele></rtept><rtept lat="57.531475" lon="12.400903"><ele>90.0</ele></rtept><rtept lat="57.531448" lon="12.400913"><ele>90.6</ele></rtept><rtept lat="57.531423" lon="12.400917"><ele>90.4</ele></rtept><rtept lat="57.531392" lon="12.400918"><ele>90.8</ele></rtept><rtept lat="57.53136" lon="12.400913"><ele>91.0</ele></rtept><rtept lat="57.53134" lon="12.400917"><ele>91.0</ele></rtept><rtept lat="57.531315" lon="12.400915"><ele>91.4</ele></rtept><rtept lat="57.531282" lon="12.40092"><ele>91.2</ele></rtept><rtept lat="57.53125" lon="12.400918"><ele>91.6</ele></rtept><rtept lat="57.531225" lon="12.40091"><ele>91.8</ele></rtept><rtept lat="57.531193" lon="12.400908"><ele>91.8</ele></rtept><rtept lat="57.531167" lon="12.40091"><ele>92.2</ele></rtept><rtept lat="57.531142" lon="12.40091"><ele>92.2</ele></rtept><rtept lat="57.531117" lon="12.400908"><ele>92.6</ele></rtept><rtept lat="57.53109" lon="12.400903"><ele>92.2</ele></rtept><rtept lat="57.531065" lon="12.400905"><ele>92.4</ele></rtept><rtept lat="57.531033" lon="12.400915"><ele>92.6</ele></rtept><rtept lat="57.531007" lon="12.400933"><ele>92.4</ele></rtept><rtept lat="57.530975" lon="12.400943"><ele>92.8</ele></rtept><rtept lat="57.53095" lon="12.400955"><ele>92.4</ele></rtept><rtept lat="57.530923" lon="12.40096"><ele>92.4</ele></rtept><rtept lat="57.530898" lon="12.400963"><ele>92.4</ele></rtept><rtept lat="57.530867" lon="12.40097"><ele>92.0</ele></rtept><rtept lat="57.530847" lon="12.400973"><ele>92.4</ele></rtept><rtept lat="57.530822" lon="12.400975"><ele>92.4</ele></rtept><rtept lat="57.530797" lon="12.400983"><ele>92.0</ele></rtept><rtept lat="57.530763" lon="12.400983"><ele>92.4</ele></rtept><rtept lat="57.530745" lon="12.400975"><ele>92.0</ele></rtept><rtept lat="57.530725" lon="12.40097"><ele>92.2</ele></rtept><rtept lat="57.530693" lon="12.40098"><ele>92.4</ele></rtept><rtept lat="57.530668" lon="12.40099"><ele>92.2</ele></rtept><rtept lat="57.53063" lon="12.400995"><ele>92.6</ele></rtept><rtept lat="57.530598" lon="12.401"><ele>92.4</ele></rtept><rtept lat="57.530578" lon="12.401015"><ele>92.4</ele></rtept><rtept lat="57.53056" lon="12.40103"><ele>92.6</ele></rtept><rtept lat="57.53054" lon="12.40103"><ele>92.6</ele></rtept><rtept lat="57.530515" lon="12.401025"><ele>92.8</ele></rtept><rtept lat="57.530488" lon="12.401023"><ele>92.6</ele></rtept><rtept lat="57.53047" lon="12.401028"><ele>93.0</ele></rtept><rtept lat="57.53045" lon="12.401028"><ele>92.6</ele></rtept><rtept lat="57.530425" lon="12.401025"><ele>92.6</ele></rtept><rtept lat="57.5304" lon="12.401022"><ele>92.8</ele></rtept><rtept lat="57.530367" lon="12.40102"><ele>92.6</ele></rtept><rtept lat="57.530335" lon="12.40102"><ele>93.0</ele></rtept><rtept lat="57.530317" lon="12.40102"><ele>92.6</ele></rtept><rtept lat="57.530278" lon="12.401025"><ele>92.6</ele></rtept><rtept lat="57.530245" lon="12.401025"><ele>92.8</ele></rtept><rtept lat="57.5302" lon="12.401025"><ele>92.6</ele></rtept><rtept lat="57.530175" lon="12.401025"><ele>93.0</ele></rtept><rtept lat="57.530143" lon="12.401033"><ele>92.8</ele></rtept><rtept lat="57.530112" lon="12.40104"><ele>92.8</ele></rtept><rtept lat="57.53008" lon="12.401058"><ele>93.0</ele></rtept><rtept lat="57.530053" lon="12.40106"><ele>92.6</ele></rtept><rtept lat="57.530035" lon="12.40106"><ele>92.8</ele></rtept><rtept lat="57.530015" lon="12.40106"><ele>92.4</ele></rtept><rtept lat="57.529983" lon="12.401062"><ele>92.0</ele></rtept><rtept lat="57.529952" lon="12.401068"><ele>92.2</ele></rtept><rtept lat="57.52992" lon="12.401078"><ele>91.6</ele></rtept><rtept lat="57.529893" lon="12.401095"><ele>91.4</ele></rtept><rtept lat="57.529862" lon="12.401112"><ele>91.2</ele></rtept><rtept lat="57.529823" lon="12.401123"><ele>90.8</ele></rtept><rtept lat="57.529798" lon="12.401128"><ele>90.8</ele></rtept><rtept lat="57.529772" lon="12.401128"><ele>90.4</ele></rtept><rtept lat="57.52974" lon="12.401128"><ele>90.2</ele></rtept><rtept lat="57.529708" lon="12.401127"><ele>90.2</ele></rtept><rtept lat="57.529677" lon="12.40112"><ele>89.8</ele></rtept><rtept lat="57.529657" lon="12.401108"><ele>90.0</ele></rtept><rtept lat="57.529612" lon="12.401082"><ele>89.6</ele></rtept><rtept lat="57.52958" lon="12.401073"><ele>90.0</ele></rtept><rtept lat="57.529555" lon="12.40106"><ele>89.8</ele></rtept><rtept lat="57.529535" lon="12.401058"><ele>90.2</ele></rtept><rtept lat="57.529497" lon="12.401062"><ele>89.6</ele></rtept><rtept lat="57.529465" lon="12.401055"><ele>89.8</ele></rtept><rtept lat="57.52944" lon="12.401058"><ele>89.8</ele></rtept><rtept lat="57.52942" lon="12.40106"><ele>89.8</ele></rtept><rtept lat="57.529395" lon="12.401062"><ele>90.2</ele></rtept><rtept lat="57.529368" lon="12.401063"><ele>89.8</ele></rtept><rtept lat="57.529343" lon="12.401062"><ele>90.2</ele></rtept><rtept lat="57.529318" lon="12.401055"><ele>90.2</ele></rtept><rtept lat="57.529298" lon="12.401058"><ele>89.8</ele></rtept><rtept lat="57.52928" lon="12.401062"><ele>90.2</ele></rtept><rtept lat="57.529253" lon="12.40105"><ele>90.6</ele></rtept><rtept lat="57.529222" lon="12.401045"><ele>90.4</ele></rtept><rtept lat="57.529183" lon="12.40104"><ele>90.4</ele></rtept><rtept lat="57.529145" lon="12.401023"><ele>90.6</ele></rtept><rtept lat="57.529107" lon="12.40102"><ele>90.4</ele></rtept><rtept lat="57.529075" lon="12.40102"><ele>90.8</ele></rtept><rtept lat="57.529042" lon="12.401018"><ele>90.6</ele></rtept><rtept lat="57.529003" lon="12.401008"><ele>90.6</ele></rtept><rtept lat="57.528965" lon="12.401003"><ele>90.8</ele></rtept><rtept lat="57.528933" lon="12.400998"><ele>90.6</ele></rtept><rtept lat="57.528902" lon="12.400993"><ele>91.2</ele></rtept><rtept lat="57.52887" lon="12.40098"><ele>90.8</ele></rtept><rtept lat="57.528838" lon="12.40097"><ele>91.4</ele></rtept><rtept lat="57.528805" lon="12.40096"><ele>91.2</ele></rtept><rtept lat="57.52878" lon="12.400958"><ele>91.0</ele></rtept><rtept lat="57.528748" lon="12.400958"><ele>91.2</ele></rtept><rtept lat="57.528717" lon="12.400958"><ele>91.0</ele></rtept><rtept lat="57.528683" lon="12.400958"><ele>91.4</ele></rtept><rtept lat="57.528658" lon="12.40096"><ele>91.2</ele></rtept><rtept lat="57.52862" lon="12.400965"><ele>90.8</ele></rtept><rtept lat="57.528588" lon="12.400973"><ele>91.2</ele></rtept><rtept lat="57.528557" lon="12.400985"><ele>90.8</ele></rtept><rtept lat="57.528537" lon="12.400995"><ele>91.0</ele></rtept><rtept lat="57.528512" lon="12.401008"><ele>91.0</ele></rtept><rtept lat="57.528485" lon="12.40103"><ele>90.8</ele></rtept><rtept lat="57.52846" lon="12.401048"><ele>91.0</ele></rtept><rtept lat="57.528435" lon="12.401068"><ele>90.6</ele></rtept><rtept lat="57.528402" lon="12.40107"><ele>90.2</ele></rtept><rtept lat="57.528377" lon="12.401082"><ele>90.4</ele></rtept><rtept lat="57.528352" lon="12.401112"><ele>90.0</ele></rtept><rtept lat="57.52832" lon="12.40114"><ele>90.2</ele></rtept><rtept lat="57.528287" lon="12.401173"><ele>89.8</ele></rtept><rtept lat="57.528268" lon="12.4012"><ele>89.8</ele></rtept><rtept lat="57.528248" lon="12.401227"><ele>90.0</ele></rtept><rtept lat="57.52823" lon="12.401242"><ele>89.6</ele></rtept><rtept lat="57.52821" lon="12.401252"><ele>89.8</ele></rtept><rtept lat="57.528185" lon="12.401257"><ele>89.4</ele></rtept><rtept lat="57.528165" lon="12.401248"><ele>89.4</ele></rtept><rtept lat="57.52814" lon="12.40122"><ele>89.4</ele></rtept><rtept lat="57.528115" lon="12.401183"><ele>89.2</ele></rtept><rtept lat="57.528095" lon="12.401147"><ele>89.6</ele></rtept><rtept lat="57.528077" lon="12.401103"><ele>89.0</ele></rtept><rtept lat="57.528063" lon="12.401065"><ele>89.4</ele></rtept><rtept lat="57.528043" lon="12.40102"><ele>89.2</ele></rtept><rtept lat="57.528032" lon="12.400995"><ele>89.0</ele></rtept><rtept lat="57.528025" lon="12.400958"><ele>89.2</ele></rtept><rtept lat="57.528018" lon="12.400923"><ele>88.8</ele></rtept><rtept lat="57.528012" lon="12.400877"><ele>89.2</ele></rtept><rtept lat="57.527993" lon="12.400843"><ele>89.0</ele></rtept><rtept lat="57.527973" lon="12.400802"><ele>88.8</ele></rtept><rtept lat="57.527955" lon="12.400762"><ele>89.2</ele></rtept><rtept lat="57.527948" lon="12.400725"><ele>88.8</ele></rtept><rtept lat="57.527942" lon="12.400685"><ele>89.2</ele></rtept><rtept lat="57.527935" lon="12.40064"><ele>89.0</ele></rtept><rtept lat="57.527922" lon="12.4006"><ele>89.0</ele></rtept><rtept lat="57.52791" lon="12.40056"><ele>89.2</ele></rtept><rtept lat="57.52789" lon="12.400523"><ele>89.0</ele></rtept><rtept lat="57.527865" lon="12.400458"><ele>89.2</ele></rtept><rtept lat="57.527845" lon="12.400415"><ele>89.4</ele></rtept><rtept lat="57.52782" lon="12.400383"><ele>89.4</ele></rtept><rtept lat="57.527795" lon="12.40034"><ele>89.2</ele></rtept><rtept lat="57.527768" lon="12.4003"><ele>89.6</ele></rtept><rtept lat="57.52773" lon="12.40026"><ele>89.2</ele></rtept><rtept lat="57.527698" lon="12.400237"><ele>89.6</ele></rtept><rtept lat="57.527673" lon="12.400217"><ele>89.6</ele></rtept><rtept lat="57.527647" lon="12.400188"><ele>89.4</ele></rtept><rtept lat="57.527615" lon="12.400155"><ele>89.8</ele></rtept><rtept lat="57.52759" lon="12.40012"><ele>89.4</ele></rtept><rtept lat="57.527563" lon="12.400092"><ele>89.8</ele></rtept><rtept lat="57.527538" lon="12.400057"><ele>89.6</ele></rtept><rtept lat="57.5275" lon="12.400027"><ele>89.4</ele></rtept><rtept lat="57.527468" lon="12.400005"><ele>89.8</ele></rtept><rtept lat="57.527437" lon="12.39998"><ele>89.6</ele></rtept><rtept lat="57.52741" lon="12.399957"><ele>90.0</ele></rtept><rtept lat="57.527385" lon="12.399925"><ele>90.0</ele></rtept><rtept lat="57.52736" lon="12.399888"><ele>90.0</ele></rtept><rtept lat="57.527353" lon="12.399853"><ele>90.2</ele></rtept><rtept lat="57.527333" lon="12.399813"><ele>90.0</ele></rtept><rtept lat="57.527315" lon="12.399787"><ele>90.6</ele></rtept><rtept lat="57.527295" lon="12.399762"><ele>90.2</ele></rtept><rtept lat="57.527282" lon="12.399737"><ele>90.8</ele></rtept><rtept lat="57.52727" lon="12.399703"><ele>90.8</ele></rtept><rtept lat="57.527257" lon="12.399662"><ele>90.8</ele></rtept><rtept lat="57.527232" lon="12.399618"><ele>91.4</ele></rtept><rtept lat="57.527212" lon="12.399575"><ele>91.0</ele></rtept><rtept lat="57.527193" lon="12.39953"><ele>91.8</ele></rtept><rtept lat="57.527173" lon="12.39947"><ele>91.8</ele></rtept><rtept lat="57.527148" lon="12.39943"><ele>91.8</ele></rtept><rtept lat="57.527117" lon="12.3994"><ele>92.2</ele></rtept><rtept lat="57.527097" lon="12.399405"><ele>92.4</ele></rtept><rtept lat="57.52709" lon="12.39944"><ele>92.8</ele></rtept><rtept lat="57.527078" lon="12.399483"><ele>93.0</ele></rtept><rtept lat="57.527072" lon="12.399533"><ele>93.0</ele></rtept><rtept lat="57.527058" lon="12.399588"><ele>92.8</ele></rtept><rtept lat="57.527045" lon="12.399615"><ele>93.2</ele></rtept><rtept lat="57.527027" lon="12.39967"><ele>93.0</ele></rtept><rtept lat="57.527" lon="12.399718"><ele>92.6</ele></rtept><rtept lat="57.526988" lon="12.399773"><ele>92.6</ele></rtept><rtept lat="57.526962" lon="12.399832"><ele>93.0</ele></rtept><rtept lat="57.526943" lon="12.399863"><ele>93.0</ele></rtept><rtept lat="57.526918" lon="12.3999"><ele>93.0</ele></rtept><rtept lat="57.526898" lon="12.399932"><ele>93.0</ele></rtept><rtept lat="57.526885" lon="12.399972"><ele>93.6</ele></rtept><rtept lat="57.526867" lon="12.400012"><ele>93.4</ele></rtept><rtept lat="57.526847" lon="12.40006"><ele>93.6</ele></rtept><rtept lat="57.526822" lon="12.400107"><ele>93.8</ele></rtept><rtept lat="57.526815" lon="12.400147"><ele>93.8</ele></rtept><rtept lat="57.52679" lon="12.400177"><ele>94.4</ele></rtept><rtept lat="57.52677" lon="12.40021"><ele>94.2</ele></rtept><rtept lat="57.526752" lon="12.40024"><ele>94.4</ele></rtept><rtept lat="57.526738" lon="12.400273"><ele>94.8</ele></rtept><rtept lat="57.526725" lon="12.400305"><ele>94.4</ele></rtept><rtept lat="57.526713" lon="12.400335"><ele>94.4</ele></rtept><rtept lat="57.5267" lon="12.40036"><ele>94.6</ele></rtept><rtept lat="57.526687" lon="12.400388"><ele>94.0</ele></rtept><rtept lat="57.526655" lon="12.400437"><ele>93.8</ele></rtept><rtept lat="57.526642" lon="12.400467"><ele>93.4</ele></rtept><rtept lat="57.526623" lon="12.4005"><ele>93.6</ele></rtept><rtept lat="57.526603" lon="12.400528"><ele>93.4</ele></rtept><rtept lat="57.526585" lon="12.40056"><ele>93.0</ele></rtept><rtept lat="57.526565" lon="12.400583"><ele>93.0</ele></rtept><rtept lat="57.526553" lon="12.400613"><ele>92.6</ele></rtept><rtept lat="57.52654" lon="12.40064"><ele>93.0</ele></rtept><rtept lat="57.52652" lon="12.400667"><ele>92.8</ele></rtept><rtept lat="57.526508" lon="12.4007"><ele>93.2</ele></rtept><rtept lat="57.526477" lon="12.400735"><ele>93.0</ele></rtept><rtept lat="57.526443" lon="12.400785"><ele>93.0</ele></rtept><rtept lat="57.526412" lon="12.400852"><ele>93.2</ele></rtept><rtept lat="57.526373" lon="12.40093"><ele>93.2</ele></rtept><rtept lat="57.526328" lon="12.40102"><ele>93.6</ele></rtept><rtept lat="57.526278" lon="12.401115"><ele>93.6</ele></rtept><rtept lat="57.526227" lon="12.401213"><ele>93.4</ele></rtept><rtept lat="57.526182" lon="12.401287"><ele>94.0</ele></rtept><rtept lat="57.526143" lon="12.401357"><ele>93.6</ele></rtept><rtept lat="57.526105" lon="12.401412"><ele>93.6</ele></rtept><rtept lat="57.526085" lon="12.4014"><ele>93.6</ele></rtept><rtept lat="57.526047" lon="12.401412"><ele>93.4</ele></rtept><rtept lat="57.526022" lon="12.40142"><ele>93.8</ele></rtept><rtept lat="57.526002" lon="12.401435"><ele>93.6</ele></rtept><rtept lat="57.52597" lon="12.401455"><ele>94.0</ele></rtept><rtept lat="57.525938" lon="12.401487"><ele>94.2</ele></rtept><rtept lat="57.52592" lon="12.401502"><ele>94.0</ele></rtept><rtept lat="57.5259" lon="12.401517"><ele>94.4</ele></rtept><rtept lat="57.52588" lon="12.40153"><ele>94.4</ele></rtept><rtept lat="57.525862" lon="12.401543"><ele>95.2</ele></rtept><rtept lat="57.525837" lon="12.40155"><ele>95.0</ele></rtept><rtept lat="57.52581" lon="12.401565"><ele>95.2</ele></rtept><rtept lat="57.525785" lon="12.40159"><ele>95.6</ele></rtept><rtept lat="57.525765" lon="12.401615"><ele>95.4</ele></rtept><rtept lat="57.525733" lon="12.401628"><ele>96.0</ele></rtept><rtept lat="57.525695" lon="12.401643"><ele>95.8</ele></rtept><rtept lat="57.525657" lon="12.401658"><ele>95.6</ele></rtept><rtept lat="57.525625" lon="12.401663"><ele>96.0</ele></rtept><rtept lat="57.525587" lon="12.40167"><ele>96.0</ele></rtept><rtept lat="57.52556" lon="12.40166"><ele>96.6</ele></rtept><rtept lat="57.525517" lon="12.401653"><ele>96.6</ele></rtept><rtept lat="57.52549" lon="12.401653"><ele>96.6</ele></rtept><rtept lat="57.525452" lon="12.401648"><ele>97.2</ele></rtept><rtept lat="57.525433" lon="12.401645"><ele>96.8</ele></rtept><rtept lat="57.5254" lon="12.401635"><ele>96.6</ele></rtept><rtept lat="57.525375" lon="12.401623"><ele>97.0</ele></rtept><rtept lat="57.525357" lon="12.40161"><ele>96.4</ele></rtept><rtept lat="57.525323" lon="12.401588"><ele>96.6</ele></rtept><rtept lat="57.525292" lon="12.401583"><ele>96.2</ele></rtept><rtept lat="57.525267" lon="12.401583"><ele>96.6</ele></rtept><rtept lat="57.525247" lon="12.401597"><ele>96.2</ele></rtept><rtept lat="57.525215" lon="12.40161"><ele>96.0</ele></rtept><rtept lat="57.525197" lon="12.401623"><ele>96.4</ele></rtept><rtept lat="57.52517" lon="12.401653"><ele>95.8</ele></rtept><rtept lat="57.525145" lon="12.401702"><ele>95.4</ele></rtept><rtept lat="57.525132" lon="12.401735"><ele>95.4</ele></rtept><rtept lat="57.525113" lon="12.401768"><ele>95.0</ele></rtept><rtept lat="57.525093" lon="12.401773"><ele>95.2</ele></rtept><rtept lat="57.525075" lon="12.401782"><ele>94.8</ele></rtept><rtept lat="57.525042" lon="12.401803"><ele>95.0</ele></rtept><rtept lat="57.525003" lon="12.401848"><ele>95.4</ele></rtept><rtept lat="57.524985" lon="12.401872"><ele>95.0</ele></rtept><rtept lat="57.524965" lon="12.401893"><ele>95.0</ele></rtept><rtept lat="57.524947" lon="12.401922"><ele>95.4</ele></rtept><rtept lat="57.524927" lon="12.401947"><ele>95.2</ele></rtept><rtept lat="57.524908" lon="12.401963"><ele>95.6</ele></rtept><rtept lat="57.524882" lon="12.40198"><ele>95.4</ele></rtept><rtept lat="57.524863" lon="12.401997"><ele>95.2</ele></rtept><rtept lat="57.524843" lon="12.402013"><ele>95.4</ele></rtept><rtept lat="57.5248" lon="12.40205"><ele>95.0</ele></rtept><rtept lat="57.524773" lon="12.402072"><ele>95.2</ele></rtept><rtept lat="57.524748" lon="12.402097"><ele>94.8</ele></rtept><rtept lat="57.524728" lon="12.402125"><ele>95.2</ele></rtept><rtept lat="57.524697" lon="12.40216"><ele>95.0</ele></rtept><rtept lat="57.524672" lon="12.402198"><ele>94.8</ele></rtept><rtept lat="57.524633" lon="12.402247"><ele>95.0</ele></rtept><rtept lat="57.524613" lon="12.40227"><ele>94.6</ele></rtept><rtept lat="57.524582" lon="12.40229"><ele>95.2</ele></rtept><rtept lat="57.524537" lon="12.402317"><ele>95.0</ele></rtept><rtept lat="57.524498" lon="12.402328"><ele>95.0</ele></rtept><rtept lat="57.524435" lon="12.402358"><ele>95.2</ele></rtept><rtept lat="57.52437" lon="12.40238"><ele>95.2</ele></rtept><rtept lat="57.524332" lon="12.402378"><ele>95.6</ele></rtept><rtept lat="57.52428" lon="12.402377"><ele>95.4</ele></rtept><rtept lat="57.524223" lon="12.40236"><ele>95.4</ele></rtept><rtept lat="57.524185" lon="12.402343"><ele>95.8</ele></rtept><rtept lat="57.524153" lon="12.402313"><ele>95.4</ele></rtept><rtept lat="57.52412" lon="12.40229"><ele>95.6</ele></rtept><rtept lat="57.524082" lon="12.402263"><ele>95.8</ele></rtept><rtept lat="57.52407" lon="12.40223"><ele>95.8</ele></rtept><rtept lat="57.524038" lon="12.40222"><ele>96.2</ele></rtept><rtept lat="57.524018" lon="12.402237"><ele>96.0</ele></rtept><rtept lat="57.523993" lon="12.402232"><ele>96.2</ele></rtept><rtept lat="57.523973" lon="12.402207"><ele>95.8</ele></rtept><rtept lat="57.523955" lon="12.402207"><ele>95.8</ele></rtept><rtept lat="57.523935" lon="12.40221"><ele>95.4</ele></rtept><rtept lat="57.523903" lon="12.402223"><ele>95.0</ele></rtept><rtept lat="57.523883" lon="12.402257"><ele>94.8</ele></rtept><rtept lat="57.523883" lon="12.402318"><ele>94.2</ele></rtept><rtept lat="57.523897" lon="12.402357"><ele>94.4</ele></rtept><rtept lat="57.523903" lon="12.402402"><ele>93.8</ele></rtept><rtept lat="57.523917" lon="12.402448"><ele>93.6</ele></rtept><rtept lat="57.523917" lon="12.402493"><ele>93.6</ele></rtept><rtept lat="57.523903" lon="12.402538"><ele>92.6</ele></rtept><rtept lat="57.523897" lon="12.402587"><ele>92.4</ele></rtept><rtept lat="57.523883" lon="12.40262"><ele>92.2</ele></rtept><rtept lat="57.523865" lon="12.402673"><ele>91.4</ele></rtept><rtept lat="57.523845" lon="12.402697"><ele>90.8</ele></rtept><rtept lat="57.523827" lon="12.402707"><ele>90.2</ele></rtept><rtept lat="57.523807" lon="12.40272"><ele>90.2</ele></rtept><rtept lat="57.523775" lon="12.40274"><ele>89.6</ele></rtept><rtept lat="57.523757" lon="12.40275"><ele>89.0</ele></rtept><rtept lat="57.523723" lon="12.402752"><ele>88.8</ele></rtept><rtept lat="57.523705" lon="12.402758"><ele>88.4</ele></rtept><rtept lat="57.523685" lon="12.40276"><ele>88.0</ele></rtept><rtept lat="57.523667" lon="12.402765"><ele>88.2</ele></rtept><rtept lat="57.52364" lon="12.402772"><ele>87.6</ele></rtept><rtept lat="57.523615" lon="12.402787"><ele>87.8</ele></rtept><rtept lat="57.523563" lon="12.402798"><ele>87.6</ele></rtept><rtept lat="57.523525" lon="12.402807"><ele>87.4</ele></rtept><rtept lat="57.5235" lon="12.402815"><ele>87.6</ele></rtept><rtept lat="57.523468" lon="12.402817"><ele>87.2</ele></rtept><rtept lat="57.523442" lon="12.402818"><ele>87.0</ele></rtept><rtept lat="57.523417" lon="12.402822"><ele>87.2</ele></rtept><rtept lat="57.523398" lon="12.402832"><ele>86.8</ele></rtept><rtept lat="57.523365" lon="12.402852"><ele>86.4</ele></rtept><rtept lat="57.523327" lon="12.40286"><ele>86.4</ele></rtept><rtept lat="57.523295" lon="12.402865"><ele>86.0</ele></rtept><rtept lat="57.52327" lon="12.402867"><ele>85.4</ele></rtept><rtept lat="57.523232" lon="12.402867"><ele>85.4</ele></rtept><rtept lat="57.523205" lon="12.402858"><ele>85.0</ele></rtept><rtept lat="57.52318" lon="12.402852"><ele>84.2</ele></rtept><rtept lat="57.523155" lon="12.402842"><ele>84.4</ele></rtept><rtept lat="57.523128" lon="12.40283"><ele>83.8</ele></rtept><rtept lat="57.52311" lon="12.40282"><ele>83.8</ele></rtept><rtept lat="57.52309" lon="12.402805"><ele>83.8</ele></rtept><rtept lat="57.523065" lon="12.402792"><ele>83.2</ele></rtept><rtept lat="57.523045" lon="12.402778"><ele>83.4</ele></rtept><rtept lat="57.52302" lon="12.402762"><ele>82.8</ele></rtept><rtept lat="57.522982" lon="12.402732"><ele>82.4</ele></rtept><rtept lat="57.52295" lon="12.402707"><ele>82.6</ele></rtept><rtept lat="57.522912" lon="12.40268"><ele>82.4</ele></rtept><rtept lat="57.522885" lon="12.402668"><ele>82.8</ele></rtept><rtept lat="57.522847" lon="12.402658"><ele>82.6</ele></rtept><rtept lat="57.522822" lon="12.402653"><ele>82.6</ele></rtept><rtept lat="57.52279" lon="12.402648"><ele>82.6</ele></rtept><rtept lat="57.522752" lon="12.402637"><ele>82.6</ele></rtept><rtept lat="57.522725" lon="12.402628"><ele>83.0</ele></rtept><rtept lat="57.522687" lon="12.402633"><ele>82.8</ele></rtept><rtept lat="57.522668" lon="12.402632"><ele>83.2</ele></rtept><rtept lat="57.522642" lon="12.40262"><ele>83.2</ele></rtept><rtept lat="57.522617" lon="12.4026"><ele>83.0</ele></rtept><rtept lat="57.522592" lon="12.402573"><ele>83.6</ele></rtept><rtept lat="57.522565" lon="12.402547"><ele>83.4</ele></rtept><rtept lat="57.522533" lon="12.402522"><ele>83.8</ele></rtept><rtept lat="57.522508" lon="12.402502"><ele>83.8</ele></rtept><rtept lat="57.52247" lon="12.40248"><ele>83.8</ele></rtept><rtept lat="57.52245" lon="12.40246"><ele>84.2</ele></rtept><rtept lat="57.522425" lon="12.402443"><ele>84.0</ele></rtept><rtept lat="57.522393" lon="12.402433"><ele>84.2</ele></rtept><rtept lat="57.52236" lon="12.402418"><ele>84.4</ele></rtept><rtept lat="57.522328" lon="12.40239"><ele>84.4</ele></rtept><rtept lat="57.522297" lon="12.402378"><ele>84.2</ele></rtept><rtept lat="57.522258" lon="12.402363"><ele>84.0</ele></rtept><rtept lat="57.522233" lon="12.40235"><ele>84.4</ele></rtept><rtept lat="57.522213" lon="12.402337"><ele>84.0</ele></rtept><rtept lat="57.522182" lon="12.402285"><ele>84.4</ele></rtept><rtept lat="57.522157" lon="12.402257"><ele>84.2</ele></rtept><rtept lat="57.522137" lon="12.402235"><ele>84.8</ele></rtept><rtept lat="57.522112" lon="12.402205"><ele>84.6</ele></rtept><rtept lat="57.522092" lon="12.40218"><ele>85.0</ele></rtept><rtept lat="57.522073" lon="12.402152"><ele>84.8</ele></rtept><rtept lat="57.522047" lon="12.402115"><ele>85.2</ele></rtept><rtept lat="57.522028" lon="12.402087"><ele>84.8</ele></rtept><rtept lat="57.522008" lon="12.40206"><ele>85.2</ele></rtept><rtept lat="57.52199" lon="12.402032"><ele>85.0</ele></rtept><rtept lat="57.521958" lon="12.401998"><ele>85.6</ele></rtept><rtept lat="57.521925" lon="12.401963"><ele>85.4</ele></rtept><rtept lat="57.521887" lon="12.401932"><ele>86.0</ele></rtept><rtept lat="57.521848" lon="12.401907"><ele>85.8</ele></rtept><rtept lat="57.521772" lon="12.401862"><ele>86.4</ele></rtept><rtept lat="57.521715" lon="12.401808"><ele>86.4</ele></rtept><rtept lat="57.521677" lon="12.401793"><ele>86.4</ele></rtept><rtept lat="57.52165" lon="12.401763"><ele>86.8</ele></rtept><rtept lat="57.521605" lon="12.401733"><ele>86.8</ele></rtept><rtept lat="57.521573" lon="12.401698"><ele>87.4</ele></rtept><rtept lat="57.521548" lon="12.40168"><ele>87.4</ele></rtept><rtept lat="57.521528" lon="12.401657"><ele>87.0</ele></rtept><rtept lat="57.521497" lon="12.401613"><ele>87.6</ele></rtept><rtept lat="57.521472" lon="12.401572"><ele>87.2</ele></rtept><rtept lat="57.521452" lon="12.401545"><ele>87.6</ele></rtept><rtept lat="57.521413" lon="12.401525"><ele>87.8</ele></rtept><rtept lat="57.521382" lon="12.401517"><ele>87.6</ele></rtept><rtept lat="57.52135" lon="12.401512"><ele>88.2</ele></rtept><rtept lat="57.521323" lon="12.40151"><ele>88.0</ele></rtept><rtept lat="57.521298" lon="12.401495"><ele>88.2</ele></rtept><rtept lat="57.52128" lon="12.40148"><ele>88.4</ele></rtept><rtept lat="57.521253" lon="12.401445"><ele>88.4</ele></rtept><rtept lat="57.52124" lon="12.40142"><ele>88.6</ele></rtept><rtept lat="57.521222" lon="12.401382"><ele>88.4</ele></rtept><rtept lat="57.521202" lon="12.401332"><ele>88.2</ele></rtept><rtept lat="57.521197" lon="12.401247"><ele>88.6</ele></rtept><rtept lat="57.521197" lon="12.401197"><ele>88.8</ele></rtept><rtept lat="57.521183" lon="12.401168"><ele>88.8</ele></rtept><rtept lat="57.521145" lon="12.401142"><ele>88.6</ele></rtept><rtept lat="57.52112" lon="12.401108"><ele>89.0</ele></rtept><rtept lat="57.521093" lon="12.401075"><ele>88.8</ele></rtept><rtept lat="57.521062" lon="12.40103"><ele>89.2</ele></rtept><rtept lat="57.521042" lon="12.40098"><ele>89.0</ele></rtept><rtept lat="57.521023" lon="12.40093"><ele>89.0</ele></rtept><rtept lat="57.520998" lon="12.40088"><ele>89.2</ele></rtept><rtept lat="57.520972" lon="12.400857"><ele>89.0</ele></rtept><rtept lat="57.52096" lon="12.400832"><ele>89.2</ele></rtept><rtept lat="57.520933" lon="12.400812"><ele>88.8</ele></rtept><rtept lat="57.520908" lon="12.40082"><ele>89.0</ele></rtept><rtept lat="57.520882" lon="12.40082"><ele>88.6</ele></rtept><rtept lat="57.520863" lon="12.400815"><ele>88.6</ele></rtept><rtept lat="57.520843" lon="12.400805"><ele>88.4</ele></rtept><rtept lat="57.520825" lon="12.400797"><ele>88.6</ele></rtept><rtept lat="57.520805" lon="12.400792"><ele>88.6</ele></rtept><rtept lat="57.52078" lon="12.400787"><ele>88.4</ele></rtept><rtept lat="57.520748" lon="12.400785"><ele>88.6</ele></rtept><rtept lat="57.520717" lon="12.400755"><ele>87.8</ele></rtept><rtept lat="57.520697" lon="12.400735"><ele>87.8</ele></rtept><rtept lat="57.520678" lon="12.400712"><ele>87.6</ele></rtept><rtept lat="57.520652" lon="12.400692"><ele>87.2</ele></rtept><rtept lat="57.52062" lon="12.40066"><ele>86.8</ele></rtept><rtept lat="57.520588" lon="12.40062"><ele>86.8</ele></rtept><rtept lat="57.520562" lon="12.4006"><ele>86.4</ele></rtept><rtept lat="57.520537" lon="12.40058"><ele>86.6</ele></rtept><rtept lat="57.520518" lon="12.400563"><ele>86.4</ele></rtept><rtept lat="57.520485" lon="12.40054"><ele>86.2</ele></rtept><rtept lat="57.52046" lon="12.400522"><ele>86.2</ele></rtept><rtept lat="57.520428" lon="12.400507"><ele>86.0</ele></rtept><rtept lat="57.52039" lon="12.40048"><ele>86.2</ele></rtept><rtept lat="57.520345" lon="12.400433"><ele>86.0</ele></rtept><rtept lat="57.520318" lon="12.4004"><ele>85.8</ele></rtept><rtept lat="57.520293" lon="12.40037"><ele>86.2</ele></rtept><rtept lat="57.520255" lon="12.400328"><ele>85.8</ele></rtept><rtept lat="57.52023" lon="12.4003"><ele>85.6</ele></rtept><rtept lat="57.52021" lon="12.400278"><ele>85.8</ele></rtept><rtept lat="57.520185" lon="12.400255"><ele>85.4</ele></rtept><rtept lat="57.52016" lon="12.400223"><ele>84.8</ele></rtept><rtept lat="57.520127" lon="12.4002"><ele>85.0</ele></rtept><rtept lat="57.520108" lon="12.40017"><ele>84.4</ele></rtept><rtept lat="57.520088" lon="12.400143"><ele>84.2</ele></rtept><rtept lat="57.520077" lon="12.400117"><ele>84.4</ele></rtept><rtept lat="57.520038" lon="12.400077"><ele>83.2</ele></rtept><rtept lat="57.520012" lon="12.40006"><ele>83.2</ele></rtept><rtept lat="57.519987" lon="12.40005"><ele>82.6</ele></rtept><rtept lat="57.519948" lon="12.400025"><ele>82.4</ele></rtept><rtept lat="57.519917" lon="12.400005"><ele>82.0</ele></rtept><rtept lat="57.519883" lon="12.399982"><ele>82.4</ele></rtept><rtept lat="57.519858" lon="12.399953"><ele>82.0</ele></rtept><rtept lat="57.51984" lon="12.399922"><ele>82.6</ele></rtept><rtept lat="57.519813" lon="12.399902"><ele>82.6</ele></rtept><rtept lat="57.519795" lon="12.399882"><ele>82.2</ele></rtept><rtept lat="57.51975" lon="12.399828"><ele>82.4</ele></rtept><rtept lat="57.51973" lon="12.399803"><ele>82.8</ele></rtept><rtept lat="57.519712" lon="12.399773"><ele>82.2</ele></rtept><rtept lat="57.519692" lon="12.399758"><ele>82.6</ele></rtept><rtept lat="57.519667" lon="12.399742"><ele>82.2</ele></rtept><rtept lat="57.519635" lon="12.399715"><ele>82.8</ele></rtept><rtept lat="57.519602" lon="12.3997"><ele>82.6</ele></rtept><rtept lat="57.519577" lon="12.399695"><ele>82.4</ele></rtept><rtept lat="57.519545" lon="12.399668"><ele>82.8</ele></rtept><rtept lat="57.519513" lon="12.399635"><ele>82.4</ele></rtept><rtept lat="57.519487" lon="12.399603"><ele>82.6</ele></rtept><rtept lat="57.519455" lon="12.39958"><ele>82.6</ele></rtept><rtept lat="57.519437" lon="12.39956"><ele>82.4</ele></rtept><rtept lat="57.51941" lon="12.399543"><ele>82.8</ele></rtept><rtept lat="57.519392" lon="12.399517"><ele>82.4</ele></rtept><rtept lat="57.519372" lon="12.399483"><ele>82.6</ele></rtept><rtept lat="57.519347" lon="12.399437"><ele>82.4</ele></rtept><rtept lat="57.519333" lon="12.39941"><ele>82.8</ele></rtept><rtept lat="57.51932" lon="12.39936"><ele>82.4</ele></rtept><rtept lat="57.519288" lon="12.39932"><ele>82.2</ele></rtept><rtept lat="57.519263" lon="12.399298"><ele>82.6</ele></rtept><rtept lat="57.519238" lon="12.39928"><ele>82.4</ele></rtept><rtept lat="57.519212" lon="12.399253"><ele>82.2</ele></rtept><rtept lat="57.519193" lon="12.399233"><ele>82.8</ele></rtept><rtept lat="57.519167" lon="12.399207"><ele>82.4</ele></rtept><rtept lat="57.519142" lon="12.399183"><ele>82.8</ele></rtept><rtept lat="57.51911" lon="12.399163"><ele>83.0</ele></rtept><rtept lat="57.51909" lon="12.399147"><ele>82.8</ele></rtept><rtept lat="57.519058" lon="12.399127"><ele>83.2</ele></rtept><rtept lat="57.51902" lon="12.399107"><ele>82.8</ele></rtept><rtept lat="57.518995" lon="12.399088"><ele>83.2</ele></rtept><rtept lat="57.518957" lon="12.399072"><ele>83.0</ele></rtept><rtept lat="57.518937" lon="12.399052"><ele>83.0</ele></rtept><rtept lat="57.518912" lon="12.399033"><ele>83.4</ele></rtept><rtept lat="57.518892" lon="12.399003"><ele>83.2</ele></rtept><rtept lat="57.518873" lon="12.398975"><ele>83.4</ele></rtept><rtept lat="57.518853" lon="12.39895"><ele>83.6</ele></rtept><rtept lat="57.51884" lon="12.398923"><ele>83.6</ele></rtept><rtept lat="57.518822" lon="12.398895"><ele>84.2</ele></rtept><rtept lat="57.518797" lon="12.398873"><ele>84.0</ele></rtept><rtept lat="57.518777" lon="12.398853"><ele>83.8</ele></rtept><rtept lat="57.518752" lon="12.398828"><ele>84.2</ele></rtept><rtept lat="57.518732" lon="12.3988"><ele>84.0</ele></rtept><rtept lat="57.518713" lon="12.39877"><ele>84.0</ele></rtept><rtept lat="57.518687" lon="12.398743"><ele>84.4</ele></rtept><rtept lat="57.518662" lon="12.398712"><ele>84.0</ele></rtept><rtept lat="57.518623" lon="12.39867"><ele>84.2</ele></rtept><rtept lat="57.518592" lon="12.398632"><ele>84.2</ele></rtept><rtept lat="57.518565" lon="12.398617"><ele>84.6</ele></rtept><rtept lat="57.51854" lon="12.398605"><ele>84.2</ele></rtept><rtept lat="57.518502" lon="12.398582"><ele>84.2</ele></rtept><rtept lat="57.518482" lon="12.398565"><ele>84.4</ele></rtept><rtept lat="57.518457" lon="12.398552"><ele>84.4</ele></rtept><rtept lat="57.518425" lon="12.398527"><ele>84.8</ele></rtept><rtept lat="57.5184" lon="12.398493"><ele>85.4</ele></rtept><rtept lat="57.51838" lon="12.398473"><ele>85.4</ele></rtept><rtept lat="57.518342" lon="12.398437"><ele>85.8</ele></rtept><rtept lat="57.518317" lon="12.398407"><ele>86.0</ele></rtept><rtept lat="57.51829" lon="12.398378"><ele>86.8</ele></rtept><rtept lat="57.518272" lon="12.398355"><ele>86.8</ele></rtept><rtept lat="57.518245" lon="12.398328"><ele>86.8</ele></rtept><rtept lat="57.51822" lon="12.398312"><ele>87.4</ele></rtept><rtept lat="57.518195" lon="12.398293"><ele>87.2</ele></rtept><rtept lat="57.518175" lon="12.398275"><ele>87.2</ele></rtept><rtept lat="57.518157" lon="12.398262"><ele>87.4</ele></rtept><rtept lat="57.518123" lon="12.398243"><ele>87.0</ele></rtept><rtept lat="57.518098" lon="12.398215"><ele>87.4</ele></rtept><rtept lat="57.518067" lon="12.398188"><ele>87.4</ele></rtept><rtept lat="57.518047" lon="12.398175"><ele>87.2</ele></rtept><rtept lat="57.518022" lon="12.398138"><ele>87.4</ele></rtept><rtept lat="57.518002" lon="12.39812"><ele>87.2</ele></rtept><rtept lat="57.517983" lon="12.398098"><ele>87.6</ele></rtept><rtept lat="57.517958" lon="12.398077"><ele>87.2</ele></rtept><rtept lat="57.517932" lon="12.398055"><ele>86.8</ele></rtept><rtept lat="57.517907" lon="12.39803"><ele>87.0</ele></rtept><rtept lat="57.517887" lon="12.398007"><ele>86.8</ele></rtept><rtept lat="57.517868" lon="12.39798"><ele>87.0</ele></rtept><rtept lat="57.517842" lon="12.397947"><ele>87.0</ele></rtept><rtept lat="57.517823" lon="12.397917"><ele>86.8</ele></rtept><rtept lat="57.517803" lon="12.39789"><ele>87.0</ele></rtept><rtept lat="57.517785" lon="12.39786"><ele>87.0</ele></rtept><rtept lat="57.517772" lon="12.397832"><ele>86.8</ele></rtept><rtept lat="57.517753" lon="12.397798"><ele>87.0</ele></rtept><rtept lat="57.517727" lon="12.397763"><ele>86.8</ele></rtept><rtept lat="57.517708" lon="12.397737"><ele>86.4</ele></rtept><rtept lat="57.517688" lon="12.397707"><ele>86.8</ele></rtept><rtept lat="57.51767" lon="12.397673"><ele>86.4</ele></rtept><rtept lat="57.517643" lon="12.397637"><ele>86.2</ele></rtept><rtept lat="57.517618" lon="12.397598"><ele>86.4</ele></rtept><rtept lat="57.5176" lon="12.397542"><ele>86.0</ele></rtept><rtept lat="57.51758" lon="12.3975"><ele>85.8</ele></rtept><rtept lat="57.517548" lon="12.397458"><ele>86.0</ele></rtept><rtept lat="57.517522" lon="12.397435"><ele>85.6</ele></rtept><rtept lat="57.517483" lon="12.39741"><ele>85.8</ele></rtept><rtept lat="57.517458" lon="12.397393"><ele>85.8</ele></rtept><rtept lat="57.51744" lon="12.397368"><ele>85.4</ele></rtept><rtept lat="57.51742" lon="12.39734"><ele>85.6</ele></rtept><rtept lat="57.5174" lon="12.397315"><ele>85.2</ele></rtept><rtept lat="57.517382" lon="12.397285"><ele>85.4</ele></rtept><rtept lat="57.517357" lon="12.397245"><ele>85.4</ele></rtept><rtept lat="57.51733" lon="12.39722"><ele>85.2</ele></rtept><rtept lat="57.517305" lon="12.39719"><ele>85.4</ele></rtept><rtept lat="57.51728" lon="12.39716"><ele>85.2</ele></rtept><rtept lat="57.517253" lon="12.397138"><ele>85.0</ele></rtept><rtept lat="57.517228" lon="12.397113"><ele>85.4</ele></rtept><rtept lat="57.517208" lon="12.397088"><ele>85.0</ele></rtept><rtept lat="57.51719" lon="12.397068"><ele>84.8</ele></rtept><rtept lat="57.51717" lon="12.397047"><ele>85.0</ele></rtept><rtept lat="57.517152" lon="12.397027"><ele>84.4</ele></rtept><rtept lat="57.517132" lon="12.397007"><ele>84.6</ele></rtept><rtept lat="57.517107" lon="12.39698"><ele>84.6</ele></rtept><rtept lat="57.517075" lon="12.396947"><ele>84.0</ele></rtept><rtept lat="57.517055" lon="12.396918"><ele>84.0</ele></rtept><rtept lat="57.51703" lon="12.396888"><ele>84.0</ele></rtept><rtept lat="57.517003" lon="12.396863"><ele>83.6</ele></rtept><rtept lat="57.516985" lon="12.396845"><ele>84.0</ele></rtept><rtept lat="57.516953" lon="12.396825"><ele>83.4</ele></rtept><rtept lat="57.51692" lon="12.396803"><ele>83.2</ele></rtept><rtept lat="57.516888" lon="12.396778"><ele>83.4</ele></rtept><rtept lat="57.516857" lon="12.39675"><ele>82.8</ele></rtept><rtept lat="57.516838" lon="12.396735"><ele>83.0</ele></rtept><rtept lat="57.5168" lon="12.396697"><ele>82.6</ele></rtept><rtept lat="57.516773" lon="12.396683"><ele>82.8</ele></rtept><rtept lat="57.516748" lon="12.39667"><ele>82.4</ele></rtept><rtept lat="57.516722" lon="12.39665"><ele>82.6</ele></rtept><rtept lat="57.516697" lon="12.396635"><ele>82.4</ele></rtept><rtept lat="57.516678" lon="12.396623"><ele>82.2</ele></rtept><rtept lat="57.516652" lon="12.396602"><ele>82.8</ele></rtept><rtept lat="57.516627" lon="12.396587"><ele>82.4</ele></rtept><rtept lat="57.5166" lon="12.396577"><ele>82.2</ele></rtept><rtept lat="57.516575" lon="12.396565"><ele>82.6</ele></rtept><rtept lat="57.516543" lon="12.396555"><ele>82.2</ele></rtept><rtept lat="57.516518" lon="12.396542"><ele>82.4</ele></rtept><rtept lat="57.516485" lon="12.39653"><ele>82.2</ele></rtept><rtept lat="57.516467" lon="12.396515"><ele>82.0</ele></rtept><rtept lat="57.516435" lon="12.3965"><ele>82.2</ele></rtept><rtept lat="57.516408" lon="12.396492"><ele>81.8</ele></rtept><rtept lat="57.516377" lon="12.39648"><ele>81.8</ele></rtept><rtept lat="57.516352" lon="12.396462"><ele>82.0</ele></rtept><rtept lat="57.51632" lon="12.396452"><ele>81.8</ele></rtept><rtept lat="57.516293" lon="12.396438"><ele>82.0</ele></rtept><rtept lat="57.516262" lon="12.396425"><ele>81.8</ele></rtept><rtept lat="57.51623" lon="12.396413"><ele>81.6</ele></rtept><rtept lat="57.516198" lon="12.3964"><ele>81.8</ele></rtept><rtept lat="57.516178" lon="12.396393"><ele>81.4</ele></rtept><rtept lat="57.51616" lon="12.396387"><ele>81.8</ele></rtept><rtept lat="57.51614" lon="12.396372"><ele>81.6</ele></rtept><rtept lat="57.516108" lon="12.39632"><ele>81.8</ele></rtept><rtept lat="57.516088" lon="12.396297"><ele>82.0</ele></rtept><rtept lat="57.51607" lon="12.396277"><ele>82.6</ele></rtept><rtept lat="57.516038" lon="12.396218"><ele>82.6</ele></rtept><rtept lat="57.516018" lon="12.39618"><ele>83.0</ele></rtept><rtept lat="57.516012" lon="12.396133"><ele>83.0</ele></rtept><rtept lat="57.515998" lon="12.396073"><ele>83.6</ele></rtept><rtept lat="57.51598" lon="12.396015"><ele>83.4</ele></rtept><rtept lat="57.515967" lon="12.39596"><ele>83.4</ele></rtept><rtept lat="57.515955" lon="12.395912"><ele>83.8</ele></rtept><rtept lat="57.515948" lon="12.395865"><ele>83.6</ele></rtept><rtept lat="57.515935" lon="12.395825"><ele>84.2</ele></rtept><rtept lat="57.515922" lon="12.395787"><ele>84.0</ele></rtept><rtept lat="57.515903" lon="12.395747"><ele>83.8</ele></rtept><rtept lat="57.51589" lon="12.395717"><ele>84.4</ele></rtept><rtept lat="57.515878" lon="12.395687"><ele>84.0</ele></rtept><rtept lat="57.515852" lon="12.395657"><ele>84.2</ele></rtept><rtept lat="57.51584" lon="12.395623"><ele>84.6</ele></rtept><rtept lat="57.51582" lon="12.395598"><ele>84.4</ele></rtept><rtept lat="57.5158" lon="12.395568"><ele>84.8</ele></rtept><rtept lat="57.515782" lon="12.395542"><ele>84.6</ele></rtept><rtept lat="57.515757" lon="12.395513"><ele>84.2</ele></rtept><rtept lat="57.515737" lon="12.395482"><ele>84.6</ele></rtept><rtept lat="57.515712" lon="12.395435"><ele>84.4</ele></rtept><rtept lat="57.515698" lon="12.395398"><ele>84.4</ele></rtept><rtept lat="57.51568" lon="12.395365"><ele>84.0</ele></rtept><rtept lat="57.51566" lon="12.395325"><ele>84.2</ele></rtept><rtept lat="57.515653" lon="12.395285"><ele>84.0</ele></rtept><rtept lat="57.515635" lon="12.395248"><ele>84.0</ele></rtept><rtept lat="57.515615" lon="12.395205"><ele>84.2</ele></rtept><rtept lat="57.51559" lon="12.395162"><ele>84.2</ele></rtept><rtept lat="57.51557" lon="12.395125"><ele>83.8</ele></rtept><rtept lat="57.515552" lon="12.395085"><ele>84.2</ele></rtept><rtept lat="57.515532" lon="12.395052"><ele>83.6</ele></rtept><rtept lat="57.515507" lon="12.395013"><ele>83.6</ele></rtept><rtept lat="57.515493" lon="12.39498"><ele>83.8</ele></rtept><rtept lat="57.51548" lon="12.394943"><ele>83.4</ele></rtept><rtept lat="57.515462" lon="12.394913"><ele>83.8</ele></rtept><rtept lat="57.515442" lon="12.394882"><ele>83.6</ele></rtept><rtept lat="57.51543" lon="12.394848"><ele>83.4</ele></rtept><rtept lat="57.51541" lon="12.394815"><ele>83.6</ele></rtept><rtept lat="57.515392" lon="12.394782"><ele>83.2</ele></rtept><rtept lat="57.515372" lon="12.394748"><ele>83.6</ele></rtept><rtept lat="57.51536" lon="12.394713"><ele>83.4</ele></rtept><rtept lat="57.51534" lon="12.394682"><ele>83.2</ele></rtept><rtept lat="57.51532" lon="12.39465"><ele>83.6</ele></rtept><rtept lat="57.515302" lon="12.39461"><ele>83.4</ele></rtept><rtept lat="57.515288" lon="12.394573"><ele>83.8</ele></rtept><rtept lat="57.515277" lon="12.394535"><ele>83.8</ele></rtept><rtept lat="57.515257" lon="12.394497"><ele>83.8</ele></rtept><rtept lat="57.51525" lon="12.394457"><ele>84.2</ele></rtept><rtept lat="57.515243" lon="12.394417"><ele>84.0</ele></rtept><rtept lat="57.515225" lon="12.394378"><ele>84.4</ele></rtept><rtept lat="57.515218" lon="12.394333"><ele>84.4</ele></rtept><rtept lat="57.515205" lon="12.394292"><ele>84.4</ele></rtept><rtept lat="57.515187" lon="12.394247"><ele>84.8</ele></rtept><rtept lat="57.515173" lon="12.394208"><ele>84.8</ele></rtept><rtept lat="57.51516" lon="12.394172"><ele>85.4</ele></rtept><rtept lat="57.515142" lon="12.394132"><ele>85.2</ele></rtept><rtept lat="57.515122" lon="12.394092"><ele>85.0</ele></rtept><rtept lat="57.515103" lon="12.394058"><ele>85.6</ele></rtept><rtept lat="57.515083" lon="12.394028"><ele>85.8</ele></rtept><rtept lat="57.515065" lon="12.393995"><ele>86.4</ele></rtept><rtept lat="57.51504" lon="12.39396"><ele>86.0</ele></rtept><rtept lat="57.51502" lon="12.393928"><ele>86.4</ele></rtept><rtept lat="57.51502" lon="12.393883"><ele>86.8</ele></rtept><rtept lat="57.515007" lon="12.39385"><ele>86.6</ele></rtept><rtept lat="57.514988" lon="12.39379"><ele>86.6</ele></rtept><rtept lat="57.514975" lon="12.393765"><ele>87.0</ele></rtept><rtept lat="57.514962" lon="12.393737"><ele>86.8</ele></rtept><rtept lat="57.514943" lon="12.3937"><ele>86.8</ele></rtept><rtept lat="57.514923" lon="12.393665"><ele>87.4</ele></rtept><rtept lat="57.514905" lon="12.393632"><ele>87.0</ele></rtept><rtept lat="57.514885" lon="12.393598"><ele>87.0</ele></rtept><rtept lat="57.514867" lon="12.39356"><ele>87.2</ele></rtept><rtept lat="57.514847" lon="12.39352"><ele>86.8</ele></rtept><rtept lat="57.514828" lon="12.393482"><ele>87.2</ele></rtept><rtept lat="57.514815" lon="12.393447"><ele>87.4</ele></rtept><rtept lat="57.514797" lon="12.393407"><ele>87.2</ele></rtept><rtept lat="57.514783" lon="12.393367"><ele>87.6</ele></rtept><rtept lat="57.514763" lon="12.393323"><ele>87.4</ele></rtept><rtept lat="57.514752" lon="12.393293"><ele>87.6</ele></rtept><rtept lat="57.514738" lon="12.393245"><ele>87.4</ele></rtept><rtept lat="57.514718" lon="12.39321"><ele>87.2</ele></rtept><rtept lat="57.5147" lon="12.393168"><ele>87.4</ele></rtept><rtept lat="57.51468" lon="12.393125"><ele>87.2</ele></rtept><rtept lat="57.514662" lon="12.393085"><ele>87.0</ele></rtept><rtept lat="57.514648" lon="12.393042"><ele>87.2</ele></rtept><rtept lat="57.51463" lon="12.392998"><ele>87.0</ele></rtept><rtept lat="57.51461" lon="12.392958"><ele>87.0</ele></rtept><rtept lat="57.514592" lon="12.392917"><ele>87.0</ele></rtept><rtept lat="57.514585" lon="12.392878"><ele>86.8</ele></rtept><rtept lat="57.514565" lon="12.39284"><ele>87.0</ele></rtept><rtept lat="57.514553" lon="12.3928"><ele>86.8</ele></rtept><rtept lat="57.51454" lon="12.392767"><ele>86.4</ele></rtept><rtept lat="57.51452" lon="12.392733"><ele>86.6</ele></rtept><rtept lat="57.514502" lon="12.392703"><ele>86.2</ele></rtept><rtept lat="57.514482" lon="12.392668"><ele>86.2</ele></rtept><rtept lat="57.514463" lon="12.392635"><ele>86.4</ele></rtept><rtept lat="57.514443" lon="12.3926"><ele>86.0</ele></rtept><rtept lat="57.514425" lon="12.392575"><ele>86.2</ele></rtept><rtept lat="57.514412" lon="12.392537"><ele>85.8</ele></rtept><rtept lat="57.514393" lon="12.39249"><ele>85.6</ele></rtept><rtept lat="57.51438" lon="12.39246"><ele>85.8</ele></rtept><rtept lat="57.514373" lon="12.392423"><ele>85.4</ele></rtept><rtept lat="57.51436" lon="12.392377"><ele>85.4</ele></rtept><rtept lat="57.514348" lon="12.392338"><ele>85.4</ele></rtept><rtept lat="57.514342" lon="12.392305"><ele>85.2</ele></rtept><rtept lat="57.514322" lon="12.392265"><ele>85.6</ele></rtept><rtept lat="57.51431" lon="12.392217"><ele>85.2</ele></rtept><rtept lat="57.51429" lon="12.392173"><ele>85.2</ele></rtept><rtept lat="57.514278" lon="12.392133"><ele>85.6</ele></rtept><rtept lat="57.514272" lon="12.392082"><ele>85.2</ele></rtept><rtept lat="57.514258" lon="12.392037"><ele>85.4</ele></rtept><rtept lat="57.514245" lon="12.391983"><ele>84.8</ele></rtept><rtept lat="57.514233" lon="12.39194"><ele>84.6</ele></rtept><rtept lat="57.514227" lon="12.391895"><ele>84.8</ele></rtept><rtept lat="57.514207" lon="12.39185"><ele>84.6</ele></rtept><rtept lat="57.514195" lon="12.39181"><ele>84.2</ele></rtept><rtept lat="57.514182" lon="12.39177"><ele>84.4</ele></rtept><rtept lat="57.514162" lon="12.391723"><ele>83.8</ele></rtept><rtept lat="57.51415" lon="12.391677"><ele>83.6</ele></rtept><rtept lat="57.514137" lon="12.391635"><ele>83.8</ele></rtept><rtept lat="57.51413" lon="12.391592"><ele>83.2</ele></rtept><rtept lat="57.514118" lon="12.39155"><ele>83.0</ele></rtept><rtept lat="57.514112" lon="12.3915"><ele>83.2</ele></rtept><rtept lat="57.514098" lon="12.391438"><ele>82.6</ele></rtept><rtept lat="57.514092" lon="12.391383"><ele>82.6</ele></rtept><rtept lat="57.514092" lon="12.391332"><ele>82.4</ele></rtept><rtept lat="57.514092" lon="12.39128"><ele>82.2</ele></rtept><rtept lat="57.514092" lon="12.391222"><ele>82.0</ele></rtept><rtept lat="57.514085" lon="12.391165"><ele>81.8</ele></rtept><rtept lat="57.514085" lon="12.39111"><ele>81.6</ele></rtept><rtept lat="57.51408" lon="12.391055"><ele>81.4</ele></rtept><rtept lat="57.514073" lon="12.391003"><ele>81.0</ele></rtept><rtept lat="57.514067" lon="12.390957"><ele>81.0</ele></rtept><rtept lat="57.51406" lon="12.390905"><ele>80.8</ele></rtept><rtept lat="57.514053" lon="12.390858"><ele>80.4</ele></rtept><rtept lat="57.51404" lon="12.39081"><ele>80.2</ele></rtept><rtept lat="57.514035" lon="12.39076"><ele>79.8</ele></rtept><rtept lat="57.514028" lon="12.390708"><ele>79.6</ele></rtept><rtept lat="57.514022" lon="12.39066"><ele>79.4</ele></rtept><rtept lat="57.514015" lon="12.390615"><ele>79.2</ele></rtept><rtept lat="57.513997" lon="12.390568"><ele>79.2</ele></rtept><rtept lat="57.51399" lon="12.39052"><ele>79.2</ele></rtept><rtept lat="57.51397" lon="12.390473"><ele>79.0</ele></rtept><rtept lat="57.513963" lon="12.390425"><ele>78.4</ele></rtept><rtept lat="57.513945" lon="12.39038"><ele>78.2</ele></rtept><rtept lat="57.513932" lon="12.39033"><ele>77.4</ele></rtept><rtept lat="57.513913" lon="12.39028"><ele>77.4</ele></rtept><rtept lat="57.513907" lon="12.390227"><ele>77.2</ele></rtept><rtept lat="57.513893" lon="12.390175"><ele>77.0</ele></rtept><rtept lat="57.513893" lon="12.39012"><ele>77.0</ele></rtept><rtept lat="57.513893" lon="12.390068"><ele>76.6</ele></rtept><rtept lat="57.513893" lon="12.390018"><ele>76.6</ele></rtept><rtept lat="57.513907" lon="12.389972"><ele>76.2</ele></rtept><rtept lat="57.513907" lon="12.389937"><ele>76.4</ele></rtept><rtept lat="57.513925" lon="12.389898"><ele>76.4</ele></rtept><rtept lat="57.513938" lon="12.389862"><ele>75.8</ele></rtept><rtept lat="57.513963" lon="12.389822"><ele>76.0</ele></rtept><rtept lat="57.513983" lon="12.389778"><ele>75.6</ele></rtept><rtept lat="57.513997" lon="12.389738"><ele>75.2</ele></rtept><rtept lat="57.514008" lon="12.389703"><ele>75.2</ele></rtept><rtept lat="57.514015" lon="12.389657"><ele>75.0</ele></rtept><rtept lat="57.514015" lon="12.389617"><ele>75.0</ele></rtept><rtept lat="57.514008" lon="12.389572"><ele>74.6</ele></rtept><rtept lat="57.514008" lon="12.389525"><ele>74.6</ele></rtept><rtept lat="57.513997" lon="12.38948"><ele>74.6</ele></rtept><rtept lat="57.513983" lon="12.389437"><ele>74.6</ele></rtept><rtept lat="57.513952" lon="12.389405"><ele>74.6</ele></rtept><rtept lat="57.513932" lon="12.389377"><ele>74.4</ele></rtept><rtept lat="57.513907" lon="12.389348"><ele>74.6</ele></rtept><rtept lat="57.513887" lon="12.389327"><ele>74.4</ele></rtept><rtept lat="57.513868" lon="12.389302"><ele>74.6</ele></rtept><rtept lat="57.513848" lon="12.389268"><ele>74.6</ele></rtept><rtept lat="57.51383" lon="12.389233"><ele>74.6</ele></rtept><rtept lat="57.51381" lon="12.389195"><ele>75.0</ele></rtept><rtept lat="57.513792" lon="12.389162"><ele>74.8</ele></rtept><rtept lat="57.513772" lon="12.389118"><ele>75.0</ele></rtept><rtept lat="57.513753" lon="12.389078"><ele>75.0</ele></rtept><rtept lat="57.513733" lon="12.38904"><ele>74.8</ele></rtept><rtept lat="57.513715" lon="12.389"><ele>75.2</ele></rtept><rtept lat="57.513695" lon="12.38895"><ele>75.0</ele></rtept><rtept lat="57.513682" lon="12.388912"><ele>75.2</ele></rtept><rtept lat="57.51367" lon="12.38888"><ele>75.4</ele></rtept><rtept lat="57.51365" lon="12.388832"><ele>75.2</ele></rtept><rtept lat="57.513638" lon="12.388805"><ele>75.4</ele></rtept><rtept lat="57.513618" lon="12.388765"><ele>75.4</ele></rtept><rtept lat="57.5136" lon="12.388725"><ele>75.4</ele></rtept><rtept lat="57.51358" lon="12.388692"><ele>75.6</ele></rtept><rtept lat="57.513567" lon="12.388653"><ele>75.4</ele></rtept><rtept lat="57.513548" lon="12.38862"><ele>76.0</ele></rtept><rtept lat="57.513528" lon="12.388588"><ele>75.8</ele></rtept><rtept lat="57.51351" lon="12.38856"><ele>76.0</ele></rtept><rtept lat="57.51349" lon="12.388528"><ele>76.2</ele></rtept><rtept lat="57.513478" lon="12.388502"><ele>76.2</ele></rtept><rtept lat="57.513465" lon="12.388472"><ele>76.8</ele></rtept><rtept lat="57.513458" lon="12.388438"><ele>76.8</ele></rtept><rtept lat="57.513445" lon="12.388402"><ele>77.0</ele></rtept><rtept lat="57.513433" lon="12.388362"><ele>77.4</ele></rtept><rtept lat="57.51342" lon="12.388325"><ele>77.2</ele></rtept><rtept lat="57.513407" lon="12.388288"><ele>77.6</ele></rtept><rtept lat="57.513395" lon="12.388255"><ele>77.8</ele></rtept><rtept lat="57.513375" lon="12.388212"><ele>77.8</ele></rtept><rtept lat="57.513362" lon="12.388172"><ele>78.2</ele></rtept><rtept lat="57.51335" lon="12.388132"><ele>78.0</ele></rtept><rtept lat="57.513337" lon="12.388092"><ele>78.4</ele></rtept><rtept lat="57.513323" lon="12.388057"><ele>78.6</ele></rtept><rtept lat="57.513312" lon="12.388022"><ele>78.4</ele></rtept><rtept lat="57.513292" lon="12.387985"><ele>78.8</ele></rtept><rtept lat="57.513273" lon="12.387952"><ele>78.6</ele></rtept><rtept lat="57.513253" lon="12.387927"><ele>79.2</ele></rtept><rtept lat="57.513235" lon="12.387898"><ele>79.4</ele></rtept><rtept lat="57.513215" lon="12.387867"><ele>79.4</ele></rtept><rtept lat="57.513197" lon="12.387837"><ele>79.8</ele></rtept><rtept lat="57.513177" lon="12.387802"><ele>79.6</ele></rtept><rtept lat="57.513158" lon="12.387768"><ele>79.8</ele></rtept><rtept lat="57.513138" lon="12.387742"><ele>80.2</ele></rtept><rtept lat="57.51312" lon="12.38771"><ele>80.0</ele></rtept><rtept lat="57.5131" lon="12.387678"><ele>80.4</ele></rtept><rtept lat="57.51308" lon="12.387643"><ele>80.2</ele></rtept><rtept lat="57.513055" lon="12.387617"><ele>80.8</ele></rtept><rtept lat="57.513037" lon="12.387588"><ele>81.0</ele></rtept><rtept lat="57.51301" lon="12.387557"><ele>80.8</ele></rtept><rtept lat="57.512992" lon="12.387528"><ele>81.0</ele></rtept><rtept lat="57.51296" lon="12.3875"><ele>81.0</ele></rtept><rtept lat="57.51294" lon="12.387477"><ele>80.6</ele></rtept><rtept lat="57.512915" lon="12.387452"><ele>80.8</ele></rtept><rtept lat="57.512895" lon="12.387425"><ele>80.6</ele></rtept><rtept lat="57.51287" lon="12.387397"><ele>80.4</ele></rtept><rtept lat="57.51285" lon="12.387365"><ele>80.6</ele></rtept><rtept lat="57.512832" lon="12.38733"><ele>80.2</ele></rtept><rtept lat="57.512812" lon="12.387292"><ele>80.0</ele></rtept><rtept lat="57.512793" lon="12.38726"><ele>80.0</ele></rtept><rtept lat="57.512773" lon="12.387213"><ele>79.6</ele></rtept><rtept lat="57.512755" lon="12.387173"><ele>79.6</ele></rtept><rtept lat="57.512742" lon="12.387142"><ele>79.8</ele></rtept><rtept lat="57.512722" lon="12.387098"><ele>79.2</ele></rtept><rtept lat="57.512703" lon="12.387062"><ele>79.4</ele></rtept><rtept lat="57.51269" lon="12.387028"><ele>79.4</ele></rtept><rtept lat="57.512665" lon="12.386985"><ele>78.8</ele></rtept><rtept lat="57.512652" lon="12.386943"><ele>79.0</ele></rtept><rtept lat="57.51264" lon="12.386905"><ele>78.6</ele></rtept><rtept lat="57.51262" lon="12.386873"><ele>78.2</ele></rtept><rtept lat="57.512607" lon="12.386843"><ele>78.2</ele></rtept><rtept lat="57.512595" lon="12.38681"><ele>77.8</ele></rtept><rtept lat="57.512582" lon="12.386777"><ele>78.2</ele></rtept><rtept lat="57.512562" lon="12.386742"><ele>78.2</ele></rtept><rtept lat="57.512543" lon="12.386705"><ele>78.0</ele></rtept><rtept lat="57.51253" lon="12.386667"><ele>78.2</ele></rtept><rtept lat="57.512518" lon="12.386627"><ele>77.8</ele></rtept><rtept lat="57.512512" lon="12.386553"><ele>77.8</ele></rtept><rtept lat="57.512505" lon="12.386512"><ele>77.6</ele></rtept><rtept lat="57.512492" lon="12.386473"><ele>77.8</ele></rtept><rtept lat="57.51248" lon="12.386433"><ele>78.0</ele></rtept><rtept lat="57.512467" lon="12.386402"><ele>78.0</ele></rtept><rtept lat="57.51246" lon="12.386342"><ele>77.8</ele></rtept><rtept lat="57.51244" lon="12.386313"><ele>78.2</ele></rtept><rtept lat="57.512428" lon="12.386265"><ele>78.6</ele></rtept><rtept lat="57.512415" lon="12.386205"><ele>78.8</ele></rtept><rtept lat="57.512397" lon="12.386163"><ele>79.4</ele></rtept><rtept lat="57.512383" lon="12.38614"><ele>79.8</ele></rtept><rtept lat="57.51237" lon="12.38609"><ele>80.2</ele></rtept><rtept lat="57.512345" lon="12.386037"><ele>80.8</ele></rtept><rtept lat="57.512325" lon="12.386"><ele>81.0</ele></rtept><rtept lat="57.512307" lon="12.38597"><ele>81.8</ele></rtept><rtept lat="57.51228" lon="12.385912"><ele>82.0</ele></rtept><rtept lat="57.512268" lon="12.385877"><ele>82.4</ele></rtept><rtept lat="57.512255" lon="12.385837"><ele>82.4</ele></rtept><rtept lat="57.512242" lon="12.385803"><ele>82.8</ele></rtept><rtept lat="57.51223" lon="12.385773"><ele>82.8</ele></rtept><rtept lat="57.51221" lon="12.385742"><ele>82.6</ele></rtept><rtept lat="57.512185" lon="12.385718"><ele>83.0</ele></rtept><rtept lat="57.512165" lon="12.385693"><ele>82.8</ele></rtept><rtept lat="57.512147" lon="12.385672"><ele>83.2</ele></rtept><rtept lat="57.512127" lon="12.385648"><ele>83.2</ele></rtept><rtept lat="57.512102" lon="12.385605"><ele>83.6</ele></rtept><rtept lat="57.512082" lon="12.385578"><ele>83.4</ele></rtept><rtept lat="57.51207" lon="12.38555"><ele>84.0</ele></rtept><rtept lat="57.512057" lon="12.38552"><ele>83.8</ele></rtept><rtept lat="57.512038" lon="12.38547"><ele>84.4</ele></rtept><rtept lat="57.512018" lon="12.385437"><ele>84.6</ele></rtept><rtept lat="57.512" lon="12.385417"><ele>84.8</ele></rtept><rtept lat="57.51198" lon="12.385405"><ele>84.6</ele></rtept><rtept lat="57.511955" lon="12.385425"><ele>85.0</ele></rtept><rtept lat="57.511942" lon="12.38545"><ele>85.6</ele></rtept><rtept lat="57.511922" lon="12.38547"><ele>85.6</ele></rtept><rtept lat="57.511903" lon="12.38548"><ele>86.0</ele></rtept><rtept lat="57.511883" lon="12.385493"><ele>85.8</ele></rtept><rtept lat="57.511865" lon="12.385457"><ele>86.8</ele></rtept><rtept lat="57.511858" lon="12.385423"><ele>86.6</ele></rtept><rtept lat="57.511845" lon="12.385457"><ele>86.4</ele></rtept><rtept lat="57.511813" lon="12.38547"><ele>86.6</ele></rtept><rtept lat="57.511782" lon="12.38548"><ele>86.4</ele></rtept><rtept lat="57.511762" lon="12.385503"><ele>86.0</ele></rtept><rtept lat="57.511743" lon="12.385533"><ele>86.4</ele></rtept><rtept lat="57.51173" lon="12.385568"><ele>86.0</ele></rtept><rtept lat="57.511712" lon="12.3856"><ele>86.0</ele></rtept><rtept lat="57.511685" lon="12.385642"><ele>85.4</ele></rtept><rtept lat="57.511653" lon="12.385668"><ele>85.0</ele></rtept><rtept lat="57.511635" lon="12.385717"><ele>84.8</ele></rtept><rtept lat="57.511628" lon="12.385772"><ele>85.4</ele></rtept><rtept lat="57.511608" lon="12.385792"><ele>85.2</ele></rtept><rtept lat="57.511577" lon="12.385828"><ele>84.8</ele></rtept><rtept lat="57.511552" lon="12.385857"><ele>84.8</ele></rtept><rtept lat="57.511525" lon="12.385872"><ele>85.4</ele></rtept><rtept lat="57.511493" lon="12.385868"><ele>85.2</ele></rtept><rtept lat="57.511455" lon="12.385882"><ele>85.2</ele></rtept><rtept lat="57.51143" lon="12.385887"><ele>85.2</ele></rtept><rtept lat="57.51141" lon="12.385892"><ele>85.0</ele></rtept><rtept lat="57.511385" lon="12.3859"><ele>84.8</ele></rtept><rtept lat="57.511347" lon="12.385927"><ele>84.6</ele></rtept><rtept lat="57.511327" lon="12.385945"><ele>84.8</ele></rtept><rtept lat="57.511288" lon="12.38596"><ele>84.2</ele></rtept><rtept lat="57.51127" lon="12.385972"><ele>84.4</ele></rtept><rtept lat="57.511243" lon="12.385977"><ele>83.6</ele></rtept><rtept lat="57.511205" lon="12.385985"><ele>83.4</ele></rtept><rtept lat="57.51118" lon="12.38598"><ele>83.8</ele></rtept><rtept lat="57.511142" lon="12.38599"><ele>83.6</ele></rtept><rtept lat="57.511117" lon="12.385997"><ele>82.8</ele></rtept><rtept lat="57.51109" lon="12.386005"><ele>83.0</ele></rtept><rtept lat="57.511072" lon="12.386015"><ele>82.6</ele></rtept><rtept lat="57.511072" lon="12.38605"><ele>82.2</ele></rtept><rtept lat="57.511072" lon="12.386085"><ele>81.8</ele></rtept><rtept lat="57.511083" lon="12.386115"><ele>80.8</ele></rtept><rtept lat="57.511097" lon="12.386153"><ele>80.4</ele></rtept><rtept lat="57.511097" lon="12.386198"><ele>79.4</ele></rtept><rtept lat="57.511083" lon="12.386248"><ele>79.0</ele></rtept><rtept lat="57.511072" lon="12.386275"><ele>78.0</ele></rtept><rtept lat="57.511052" lon="12.386283"><ele>77.2</ele></rtept><rtept lat="57.511027" lon="12.386335"><ele>75.6</ele></rtept><rtept lat="57.511007" lon="12.386388"><ele>74.6</ele></rtept><rtept lat="57.510988" lon="12.386447"><ele>74.4</ele></rtept><rtept lat="57.510975" lon="12.386502"><ele>74.2</ele></rtept><rtept lat="57.510957" lon="12.386567"><ele>74.2</ele></rtept><rtept lat="57.51093" lon="12.38661"><ele>74.0</ele></rtept><rtept lat="57.510892" lon="12.386662"><ele>74.0</ele></rtept><rtept lat="57.510853" lon="12.386705"><ele>74.2</ele></rtept><rtept lat="57.510822" lon="12.386745"><ele>74.0</ele></rtept><rtept lat="57.510797" lon="12.386772"><ele>73.6</ele></rtept><rtept lat="57.51077" lon="12.3868"><ele>73.8</ele></rtept><rtept lat="57.510758" lon="12.38684"><ele>73.6</ele></rtept><rtept lat="57.510738" lon="12.386883"><ele>73.2</ele></rtept><rtept lat="57.510732" lon="12.386923"><ele>72.8</ele></rtept><rtept lat="57.51072" lon="12.386955"><ele>72.4</ele></rtept><rtept lat="57.510707" lon="12.386988"><ele>72.6</ele></rtept><rtept lat="57.5107" lon="12.387048"><ele>72.2</ele></rtept><rtept lat="57.510687" lon="12.387103"><ele>71.6</ele></rtept><rtept lat="57.510675" lon="12.387178"><ele>71.6</ele></rtept><rtept lat="57.510662" lon="12.387218"><ele>71.2</ele></rtept><rtept lat="57.510668" lon="12.387258"><ele>71.8</ele></rtept><rtept lat="57.510675" lon="12.3873"><ele>71.2</ele></rtept><rtept lat="57.510687" lon="12.38735"><ele>71.0</ele></rtept><rtept lat="57.510707" lon="12.387432"><ele>71.4</ele></rtept><rtept lat="57.510713" lon="12.387503"><ele>71.4</ele></rtept><rtept lat="57.510713" lon="12.387577"><ele>71.8</ele></rtept><rtept lat="57.51072" lon="12.387643"><ele>71.6</ele></rtept><rtept lat="57.51072" lon="12.387698"><ele>71.2</ele></rtept><rtept lat="57.510732" lon="12.387748"><ele>71.8</ele></rtept><rtept lat="57.510732" lon="12.387802"><ele>71.4</ele></rtept><rtept lat="57.51072" lon="12.387843"><ele>71.8</ele></rtept><rtept lat="57.510732" lon="12.3879"><ele>72.0</ele></rtept><rtept lat="57.510732" lon="12.387962"><ele>71.8</ele></rtept><rtept lat="57.51072" lon="12.388038"><ele>72.0</ele></rtept><rtept lat="57.510693" lon="12.388105"><ele>71.4</ele></rtept><rtept lat="57.510637" lon="12.388158"><ele>71.4</ele></rtept><rtept lat="57.51061" lon="12.388197"><ele>71.2</ele></rtept><rtept lat="57.510603" lon="12.388253"><ele>71.2</ele></rtept><rtept lat="57.510592" lon="12.388305"><ele>71.4</ele></rtept><rtept lat="57.510585" lon="12.38836"><ele>71.4</ele></rtept><rtept lat="57.510578" lon="12.388413"><ele>71.4</ele></rtept><rtept lat="57.510565" lon="12.388468"><ele>71.4</ele></rtept><rtept lat="57.510553" lon="12.388533"><ele>71.4</ele></rtept><rtept lat="57.51056" lon="12.3885"><ele>71.6</ele></rtept><rtept lat="57.510572" lon="12.388413"><ele>71.4</ele></rtept><rtept lat="57.510585" lon="12.388335"><ele>71.6</ele></rtept><rtept lat="57.510603" lon="12.388275"><ele>71.2</ele></rtept><rtept lat="57.51063" lon="12.38825"><ele>71.4</ele></rtept><rtept lat="57.510648" lon="12.38825"><ele>70.6</ele></rtept><rtept lat="57.510675" lon="12.388253"><ele>70.6</ele></rtept><rtept lat="57.5107" lon="12.388255"><ele>71.0</ele></rtept><rtept lat="57.51072" lon="12.38823"><ele>70.6</ele></rtept><rtept lat="57.510752" lon="12.3882"><ele>70.4</ele></rtept><rtept lat="57.510777" lon="12.388172"><ele>70.8</ele></rtept><rtept lat="57.510797" lon="12.38814"><ele>71.0</ele></rtept><rtept lat="57.510815" lon="12.388092"><ele>71.6</ele></rtept><rtept lat="57.510835" lon="12.388072"><ele>71.6</ele></rtept><rtept lat="57.510853" lon="12.388065"><ele>71.2</ele></rtept><rtept lat="57.510885" lon="12.388062"><ele>71.8</ele></rtept><rtept lat="57.510905" lon="12.388082"><ele>71.8</ele></rtept><rtept lat="57.510937" lon="12.388107"><ele>72.2</ele></rtept><rtept lat="57.510957" lon="12.388118"><ele>72.4</ele></rtept><rtept lat="57.510968" lon="12.388142"><ele>72.6</ele></rtept><rtept lat="57.510988" lon="12.38818"><ele>72.6</ele></rtept><rtept lat="57.511013" lon="12.388217"><ele>72.8</ele></rtept><rtept lat="57.511027" lon="12.388243"><ele>72.6</ele></rtept><rtept lat="57.51104" lon="12.38828"><ele>73.0</ele></rtept><rtept lat="57.511033" lon="12.38833"><ele>73.2</ele></rtept><rtept lat="57.511027" lon="12.38838"><ele>73.4</ele></rtept><rtept lat="57.51104" lon="12.388438"><ele>73.4</ele></rtept><rtept lat="57.511045" lon="12.388473"><ele>73.0</ele></rtept><rtept lat="57.511027" lon="12.38852"><ele>73.4</ele></rtept><rtept lat="57.510988" lon="12.388572"><ele>73.8</ele></rtept><rtept lat="57.510968" lon="12.388592"><ele>73.6</ele></rtept><rtept lat="57.51095" lon="12.388633"><ele>73.8</ele></rtept><rtept lat="57.51095" lon="12.388688"><ele>73.8</ele></rtept><rtept lat="57.510957" lon="12.38872"><ele>73.6</ele></rtept><rtept lat="57.510962" lon="12.388755"><ele>74.0</ele></rtept><rtept lat="57.510968" lon="12.38879"><ele>74.2</ele></rtept><rtept lat="57.510975" lon="12.38884"><ele>74.4</ele></rtept><rtept lat="57.510982" lon="12.388882"><ele>75.0</ele></rtept><rtept lat="57.510988" lon="12.388917"><ele>75.0</ele></rtept><rtept lat="57.511" lon="12.38896"><ele>74.8</ele></rtept><rtept lat="57.51102" lon="12.38901"><ele>75.0</ele></rtept><rtept lat="57.511045" lon="12.38905"><ele>75.0</ele></rtept><rtept lat="57.511065" lon="12.389095"><ele>75.4</ele></rtept><rtept lat="57.511078" lon="12.389135"><ele>75.4</ele></rtept><rtept lat="57.511083" lon="12.389173"><ele>75.4</ele></rtept><rtept lat="57.51109" lon="12.389208"><ele>75.8</ele></rtept><rtept lat="57.511097" lon="12.389253"><ele>75.6</ele></rtept><rtept lat="57.51111" lon="12.3893"><ele>75.6</ele></rtept><rtept lat="57.511128" lon="12.389353"><ele>75.8</ele></rtept><rtept lat="57.511135" lon="12.389407"><ele>75.4</ele></rtept><rtept lat="57.511135" lon="12.389472"><ele>75.6</ele></rtept><rtept lat="57.511135" lon="12.389517"><ele>75.8</ele></rtept><rtept lat="57.511148" lon="12.389557"><ele>75.6</ele></rtept><rtept lat="57.511155" lon="12.38959"><ele>75.8</ele></rtept><rtept lat="57.51116" lon="12.389632"><ele>75.8</ele></rtept><rtept lat="57.511167" lon="12.389677"><ele>75.6</ele></rtept><rtept lat="57.511173" lon="12.38972"><ele>75.6</ele></rtept><rtept lat="57.511173" lon="12.389763"><ele>75.2</ele></rtept><rtept lat="57.511187" lon="12.38983"><ele>74.8</ele></rtept><rtept lat="57.511205" lon="12.389908"><ele>74.8</ele></rtept><rtept lat="57.511218" lon="12.389992"><ele>74.6</ele></rtept><rtept lat="57.511232" lon="12.390073"><ele>74.0</ele></rtept><rtept lat="57.511238" lon="12.390145"><ele>74.0</ele></rtept><rtept lat="57.511257" lon="12.390225"><ele>73.8</ele></rtept><rtept lat="57.511263" lon="12.390295"><ele>73.2</ele></rtept><rtept lat="57.51127" lon="12.390335"><ele>73.0</ele></rtept><rtept lat="57.511282" lon="12.390385"><ele>72.8</ele></rtept><rtept lat="57.511288" lon="12.390468"><ele>72.4</ele></rtept><rtept lat="57.511288" lon="12.390545"><ele>72.4</ele></rtept><rtept lat="57.511302" lon="12.390618"><ele>72.0</ele></rtept><rtept lat="57.511308" lon="12.390673"><ele>71.6</ele></rtept><rtept lat="57.511327" lon="12.390738"><ele>71.8</ele></rtept><rtept lat="57.511333" lon="12.390787"><ele>71.6</ele></rtept><rtept lat="57.511333" lon="12.390845"><ele>71.6</ele></rtept><rtept lat="57.511353" lon="12.3909"><ele>71.6</ele></rtept><rtept lat="57.511353" lon="12.390942"><ele>71.0</ele></rtept><rtept lat="57.511353" lon="12.39098"><ele>71.2</ele></rtept><rtept lat="57.511372" lon="12.391023"><ele>70.8</ele></rtept><rtept lat="57.511385" lon="12.39107"><ele>70.4</ele></rtept><rtept lat="57.511403" lon="12.391118"><ele>70.4</ele></rtept><rtept lat="57.511423" lon="12.391155"><ele>70.2</ele></rtept><rtept lat="57.511442" lon="12.391175"><ele>70.4</ele></rtept><rtept lat="57.511468" lon="12.391195"><ele>70.0</ele></rtept><rtept lat="57.511493" lon="12.391215"><ele>70.0</ele></rtept><rtept lat="57.511513" lon="12.391262"><ele>69.8</ele></rtept><rtept lat="57.511493" lon="12.391258"><ele>68.6</ele></rtept><rtept lat="57.511513" lon="12.39128"><ele>68.2</ele></rtept><rtept lat="57.511532" lon="12.391308"><ele>68.2</ele></rtept><rtept lat="57.511545" lon="12.391337"><ele>67.2</ele></rtept><rtept lat="57.511558" lon="12.391393"><ele>67.2</ele></rtept><rtept lat="57.51157" lon="12.391432"><ele>66.2</ele></rtept><rtept lat="57.511583" lon="12.391462"><ele>66.2</ele></rtept><rtept lat="57.511597" lon="12.391487"><ele>65.4</ele></rtept><rtept lat="57.511622" lon="12.39152"><ele>64.2</ele></rtept><rtept lat="57.511622" lon="12.391557"><ele>64.4</ele></rtept><rtept lat="57.511628" lon="12.391602"><ele>64.2</ele></rtept><rtept lat="57.511647" lon="12.391652"><ele>63.6</ele></rtept><rtept lat="57.511678" lon="12.391697"><ele>62.6</ele></rtept><rtept lat="57.511723" lon="12.391755"><ele>62.4</ele></rtept><rtept lat="57.511757" lon="12.391803"><ele>62.6</ele></rtept><rtept lat="57.511768" lon="12.391855"><ele>62.0</ele></rtept><rtept lat="57.511782" lon="12.391908"><ele>61.8</ele></rtept><rtept lat="57.511788" lon="12.391967"><ele>61.4</ele></rtept><rtept lat="57.51182" lon="12.392032"><ele>61.4</ele></rtept><rtept lat="57.511827" lon="12.39208"><ele>61.4</ele></rtept><rtept lat="57.51182" lon="12.39212"><ele>61.6</ele></rtept><rtept lat="57.511827" lon="12.392173"><ele>61.8</ele></rtept><rtept lat="57.511845" lon="12.392193"><ele>62.4</ele></rtept><rtept lat="57.511858" lon="12.39224"><ele>62.2</ele></rtept><rtept lat="57.511883" lon="12.392267"><ele>62.6</ele></rtept><rtept lat="57.51191" lon="12.39229"><ele>62.6</ele></rtept><rtept lat="57.511928" lon="12.392327"><ele>63.0</ele></rtept><rtept lat="57.511948" lon="12.392365"><ele>63.0</ele></rtept><rtept lat="57.51196" lon="12.392392"><ele>63.8</ele></rtept><rtept lat="57.511987" lon="12.39242"><ele>64.2</ele></rtept><rtept lat="57.512" lon="12.39245"><ele>64.8</ele></rtept><rtept lat="57.512025" lon="12.392465"><ele>64.8</ele></rtept><rtept lat="57.51205" lon="12.392463"><ele>67.0</ele></rtept><rtept lat="57.51207" lon="12.392505"><ele>68.4</ele></rtept><rtept lat="57.51207" lon="12.39254"><ele>68.8</ele></rtept><rtept lat="57.51207" lon="12.392598"><ele>69.8</ele></rtept><rtept lat="57.51207" lon="12.39266"><ele>70.2</ele></rtept><rtept lat="57.512077" lon="12.392715"><ele>69.8</ele></rtept><rtept lat="57.512082" lon="12.392768"><ele>69.8</ele></rtept><rtept lat="57.512095" lon="12.392817"><ele>69.6</ele></rtept><rtept lat="57.512108" lon="12.39288"><ele>69.4</ele></rtept><rtept lat="57.512108" lon="12.392925"><ele>69.2</ele></rtept><rtept lat="57.512115" lon="12.392958"><ele>69.2</ele></rtept><rtept lat="57.51212" lon="12.39301"><ele>68.2</ele></rtept><rtept lat="57.51214" lon="12.393045"><ele>67.6</ele></rtept><rtept lat="57.51216" lon="12.393065"><ele>67.6</ele></rtept><rtept lat="57.512178" lon="12.39309"><ele>67.2</ele></rtept><rtept lat="57.512192" lon="12.393117"><ele>67.0</ele></rtept><rtept lat="57.512203" lon="12.393145"><ele>67.2</ele></rtept><rtept lat="57.512217" lon="12.393208"><ele>67.2</ele></rtept><rtept lat="57.512217" lon="12.393248"><ele>67.2</ele></rtept><rtept lat="57.51223" lon="12.393275"><ele>67.0</ele></rtept><rtept lat="57.512242" lon="12.393305"><ele>67.0</ele></rtept><rtept lat="57.512255" lon="12.393333"><ele>66.8</ele></rtept><rtept lat="57.512275" lon="12.393362"><ele>66.6</ele></rtept><rtept lat="57.512287" lon="12.393388"><ele>66.2</ele></rtept><rtept lat="57.512293" lon="12.393443"><ele>65.4</ele></rtept><rtept lat="57.512307" lon="12.39348"><ele>65.2</ele></rtept><rtept lat="57.51232" lon="12.393512"><ele>65.4</ele></rtept><rtept lat="57.512338" lon="12.393528"><ele>65.2</ele></rtept><rtept lat="57.512358" lon="12.393558"><ele>65.0</ele></rtept><rtept lat="57.512377" lon="12.393613"><ele>64.4</ele></rtept><rtept lat="57.512383" lon="12.393645"><ele>64.2</ele></rtept><rtept lat="57.512397" lon="12.393677"><ele>63.6</ele></rtept><rtept lat="57.512415" lon="12.39374"><ele>62.8</ele></rtept><rtept lat="57.512428" lon="12.39377"><ele>62.2</ele></rtept><rtept lat="57.51244" lon="12.39382"><ele>61.4</ele></rtept><rtept lat="57.512453" lon="12.393848"><ele>60.8</ele></rtept><rtept lat="57.512467" lon="12.393895"><ele>60.4</ele></rtept><rtept lat="57.51248" lon="12.393955"><ele>60.4</ele></rtept><rtept lat="57.512498" lon="12.394002"><ele>59.8</ele></rtept><rtept lat="57.512518" lon="12.394075"><ele>59.4</ele></rtept><rtept lat="57.512537" lon="12.394123"><ele>59.2</ele></rtept><rtept lat="57.512568" lon="12.39422"><ele>59.0</ele></rtept><rtept lat="57.512582" lon="12.394285"><ele>59.4</ele></rtept><rtept lat="57.512588" lon="12.394358"><ele>59.4</ele></rtept><rtept lat="57.512595" lon="12.394432"><ele>59.2</ele></rtept><rtept lat="57.512582" lon="12.394525"><ele>58.6</ele></rtept><rtept lat="57.512595" lon="12.394593"><ele>58.0</ele></rtept><rtept lat="57.51262" lon="12.394643"><ele>57.8</ele></rtept><rtept lat="57.512645" lon="12.394688"><ele>57.8</ele></rtept><rtept lat="57.512678" lon="12.394735"><ele>57.2</ele></rtept><rtept lat="57.512703" lon="12.394782"><ele>57.6</ele></rtept><rtept lat="57.512722" lon="12.394822"><ele>57.2</ele></rtept><rtept lat="57.512742" lon="12.394882"><ele>57.4</ele></rtept><rtept lat="57.512742" lon="12.394933"><ele>57.6</ele></rtept><rtept lat="57.512755" lon="12.394987"><ele>57.2</ele></rtept><rtept lat="57.512755" lon="12.395045"><ele>57.6</ele></rtept><rtept lat="57.51276" lon="12.395097"><ele>57.8</ele></rtept><rtept lat="57.51276" lon="12.39514"><ele>58.0</ele></rtept><rtept lat="57.512773" lon="12.39518"><ele>58.0</ele></rtept><rtept lat="57.5128" lon="12.395235"><ele>58.4</ele></rtept><rtept lat="57.512812" lon="12.39529"><ele>58.4</ele></rtept><rtept lat="57.512805" lon="12.395335"><ele>58.8</ele></rtept><rtept lat="57.512825" lon="12.395388"><ele>58.8</ele></rtept><rtept lat="57.512857" lon="12.395408"><ele>59.2</ele></rtept><rtept lat="57.512895" lon="12.395435"><ele>59.2</ele></rtept><rtept lat="57.512915" lon="12.39546"><ele>59.4</ele></rtept><rtept lat="57.512927" lon="12.395487"><ele>59.6</ele></rtept><rtept lat="57.512902" lon="12.395498"><ele>59.8</ele></rtept><rtept lat="57.512915" lon="12.395522"><ele>59.8</ele></rtept><rtept lat="57.512895" lon="12.39556"><ele>60.2</ele></rtept><rtept lat="57.512895" lon="12.395612"><ele>60.2</ele></rtept><rtept lat="57.512915" lon="12.395627"><ele>60.4</ele></rtept><rtept lat="57.51294" lon="12.39566"><ele>60.6</ele></rtept><rtept lat="57.51296" lon="12.395698"><ele>60.6</ele></rtept><rtept lat="57.512972" lon="12.395747"><ele>60.8</ele></rtept><rtept lat="57.512998" lon="12.3958"><ele>60.8</ele></rtept><rtept lat="57.51301" lon="12.395825"><ele>60.4</ele></rtept><rtept lat="57.513023" lon="12.395865"><ele>60.4</ele></rtept><rtept lat="57.513037" lon="12.39589"><ele>60.6</ele></rtept><rtept lat="57.513055" lon="12.395912"><ele>60.0</ele></rtept><rtept lat="57.513075" lon="12.395943"><ele>60.2</ele></rtept><rtept lat="57.513093" lon="12.395977"><ele>59.8</ele></rtept><rtept lat="57.51312" lon="12.396003"><ele>59.4</ele></rtept><rtept lat="57.513138" lon="12.396025"><ele>59.6</ele></rtept><rtept lat="57.513158" lon="12.39605"><ele>59.2</ele></rtept><rtept lat="57.513183" lon="12.396075"><ele>58.8</ele></rtept><rtept lat="57.513208" lon="12.3961"><ele>58.8</ele></rtept><rtept lat="57.513235" lon="12.396133"><ele>58.6</ele></rtept><rtept lat="57.51326" lon="12.396168"><ele>58.2</ele></rtept><rtept lat="57.513285" lon="12.396198"><ele>58.4</ele></rtept><rtept lat="57.513312" lon="12.396223"><ele>57.8</ele></rtept><rtept lat="57.51333" lon="12.39628"><ele>57.8</ele></rtept><rtept lat="57.513343" lon="12.396318"><ele>57.4</ele></rtept><rtept lat="57.51335" lon="12.396353"><ele>57.4</ele></rtept><rtept lat="57.513357" lon="12.396393"><ele>57.0</ele></rtept><rtept lat="57.513362" lon="12.396425"><ele>56.6</ele></rtept><rtept lat="57.513375" lon="12.39648"><ele>56.8</ele></rtept><rtept lat="57.513395" lon="12.396507"><ele>56.8</ele></rtept><rtept lat="57.513407" lon="12.39654"><ele>56.8</ele></rtept><rtept lat="57.51342" lon="12.39658"><ele>56.4</ele></rtept><rtept lat="57.51344" lon="12.396637"><ele>56.4</ele></rtept><rtept lat="57.513452" lon="12.396668"><ele>56.0</ele></rtept><rtept lat="57.513465" lon="12.396733"><ele>55.8</ele></rtept><rtept lat="57.513472" lon="12.396778"><ele>55.4</ele></rtept><rtept lat="57.513472" lon="12.396823"><ele>55.4</ele></rtept><rtept lat="57.513472" lon="12.396878"><ele>54.8</ele></rtept><rtept lat="57.513465" lon="12.396928"><ele>54.4</ele></rtept><rtept lat="57.513458" lon="12.396987"><ele>54.4</ele></rtept><rtept lat="57.513458" lon="12.397053"><ele>53.6</ele></rtept><rtept lat="57.513458" lon="12.39712"><ele>53.4</ele></rtept><rtept lat="57.513445" lon="12.39718"><ele>53.6</ele></rtept><rtept lat="57.513433" lon="12.397225"><ele>53.0</ele></rtept><rtept lat="57.51342" lon="12.397265"><ele>52.4</ele></rtept><rtept lat="57.513413" lon="12.397307"><ele>52.6</ele></rtept><rtept lat="57.513413" lon="12.397343"><ele>52.4</ele></rtept><rtept lat="57.51342" lon="12.397385"><ele>52.8</ele></rtept><rtept lat="57.51342" lon="12.397435"><ele>53.0</ele></rtept><rtept lat="57.513427" lon="12.39747"><ele>52.8</ele></rtept><rtept lat="57.513433" lon="12.397508"><ele>53.4</ele></rtept><rtept lat="57.513433" lon="12.397562"><ele>53.2</ele></rtept><rtept lat="57.513458" lon="12.397598"><ele>53.6</ele></rtept><rtept lat="57.513483" lon="12.397642"><ele>54.2</ele></rtept><rtept lat="57.513497" lon="12.397667"><ele>54.8</ele></rtept><rtept lat="57.513517" lon="12.397693"><ele>54.6</ele></rtept><rtept lat="57.513548" lon="12.397722"><ele>55.2</ele></rtept><rtept lat="57.513573" lon="12.397733"><ele>55.2</ele></rtept><rtept lat="57.513593" lon="12.397743"><ele>55.4</ele></rtept><rtept lat="57.513612" lon="12.397747"><ele>55.2</ele></rtept><rtept lat="57.513632" lon="12.39776"><ele>55.2</ele></rtept><rtept lat="57.513657" lon="12.397812"><ele>55.8</ele></rtept><rtept lat="57.51367" lon="12.397845"><ele>56.2</ele></rtept><rtept lat="57.513677" lon="12.397878"><ele>56.2</ele></rtept><rtept lat="57.513688" lon="12.397907"><ele>56.6</ele></rtept><rtept lat="57.513695" lon="12.39796"><ele>57.4</ele></rtept><rtept lat="57.513715" lon="12.398005"><ele>57.6</ele></rtept><rtept lat="57.513733" lon="12.39804"><ele>57.6</ele></rtept><rtept lat="57.513753" lon="12.398068"><ele>57.8</ele></rtept><rtept lat="57.513772" lon="12.39809"><ele>58.0</ele></rtept><rtept lat="57.513792" lon="12.39811"><ele>58.0</ele></rtept><rtept lat="57.513817" lon="12.398155"><ele>57.4</ele></rtept><rtept lat="57.513842" lon="12.398183"><ele>57.0</ele></rtept><rtept lat="57.513862" lon="12.3982"><ele>57.2</ele></rtept><rtept lat="57.51388" lon="12.39822"><ele>57.0</ele></rtept><rtept lat="57.5139" lon="12.398225"><ele>56.6</ele></rtept><rtept lat="57.51392" lon="12.398223"><ele>57.0</ele></rtept><rtept lat="57.513952" lon="12.398235"><ele>56.2</ele></rtept><rtept lat="57.513977" lon="12.398242"><ele>56.2</ele></rtept><rtept lat="57.514008" lon="12.398255"><ele>56.0</ele></rtept><rtept lat="57.514047" lon="12.398275"><ele>55.6</ele></rtept><rtept lat="57.514073" lon="12.398293"><ele>55.0</ele></rtept><rtept lat="57.514092" lon="12.398307"><ele>54.2</ele></rtept><rtept lat="57.514118" lon="12.398318"><ele>54.0</ele></rtept><rtept lat="57.51415" lon="12.398347"><ele>52.8</ele></rtept><rtept lat="57.514162" lon="12.398377"><ele>53.0</ele></rtept><rtept lat="57.514182" lon="12.398437"><ele>52.4</ele></rtept><rtept lat="57.514182" lon="12.398472"><ele>52.2</ele></rtept><rtept lat="57.514195" lon="12.398527"><ele>51.8</ele></rtept><rtept lat="57.514207" lon="12.398578"><ele>51.4</ele></rtept><rtept lat="57.514213" lon="12.39862"><ele>50.8</ele></rtept><rtept lat="57.514227" lon="12.398658"><ele>50.6</ele></rtept><rtept lat="57.514233" lon="12.39869"><ele>51.0</ele></rtept><rtept lat="57.51424" lon="12.398723"><ele>50.6</ele></rtept><rtept lat="57.514245" lon="12.398757"><ele>50.6</ele></rtept><rtept lat="57.514252" lon="12.398788"><ele>50.6</ele></rtept><rtept lat="57.514265" lon="12.398813"><ele>50.2</ele></rtept><rtept lat="57.514258" lon="12.398848"><ele>50.2</ele></rtept><rtept lat="57.514283" lon="12.398883"><ele>50.6</ele></rtept><rtept lat="57.51431" lon="12.398903"><ele>50.8</ele></rtept><rtept lat="57.514342" lon="12.398923"><ele>50.6</ele></rtept><rtept lat="57.514355" lon="12.398948"><ele>50.4</ele></rtept><rtept lat="57.51438" lon="12.398963"><ele>50.6</ele></rtept><rtept lat="57.514412" lon="12.398988"><ele>50.2</ele></rtept><rtept lat="57.514432" lon="12.398993"><ele>50.6</ele></rtept><rtept lat="57.514457" lon="12.398988"><ele>50.2</ele></rtept><rtept lat="57.514482" lon="12.398982"><ele>49.8</ele></rtept><rtept lat="57.514502" lon="12.398973"><ele>50.0</ele></rtept><rtept lat="57.51452" lon="12.398962"><ele>49.6</ele></rtept><rtept lat="57.51454" lon="12.39895"><ele>49.6</ele></rtept><rtept lat="57.51456" lon="12.398942"><ele>49.6</ele></rtept><rtept lat="57.514585" lon="12.398933"><ele>49.8</ele></rtept><rtept lat="57.514603" lon="12.39893"><ele>49.4</ele></rtept><rtept lat="57.514623" lon="12.39894"><ele>49.2</ele></rtept><rtept lat="57.514642" lon="12.39896"><ele>49.6</ele></rtept><rtept lat="57.514662" lon="12.398988"><ele>49.4</ele></rtept><rtept lat="57.51468" lon="12.399015"><ele>49.8</ele></rtept><rtept lat="57.5147" lon="12.399043"><ele>49.6</ele></rtept><rtept lat="57.514718" lon="12.399087"><ele>49.8</ele></rtept><rtept lat="57.514738" lon="12.399127"><ele>50.2</ele></rtept><rtept lat="57.514758" lon="12.399177"><ele>50.0</ele></rtept><rtept lat="57.514763" lon="12.39922"><ele>50.2</ele></rtept><rtept lat="57.514783" lon="12.399275"><ele>50.4</ele></rtept><rtept lat="57.514802" lon="12.39931"><ele>50.2</ele></rtept><rtept lat="57.514828" lon="12.399342"><ele>50.2</ele></rtept><rtept lat="57.51484" lon="12.399377"><ele>50.4</ele></rtept><rtept lat="57.51486" lon="12.399415"><ele>50.2</ele></rtept><rtept lat="57.51488" lon="12.399447"><ele>50.2</ele></rtept><rtept lat="57.514898" lon="12.399488"><ele>49.8</ele></rtept><rtept lat="57.514912" lon="12.399528"><ele>49.6</ele></rtept><rtept lat="57.51493" lon="12.39957"><ele>49.8</ele></rtept><rtept lat="57.514943" lon="12.3996"><ele>49.6</ele></rtept><rtept lat="57.514962" lon="12.399648"><ele>49.8</ele></rtept><rtept lat="57.514982" lon="12.3997"><ele>50.2</ele></rtept><rtept lat="57.515007" lon="12.399728"><ele>50.8</ele></rtept><rtept lat="57.515027" lon="12.399735"><ele>50.8</ele></rtept><rtept lat="57.515058" lon="12.39976"><ele>51.2</ele></rtept><rtept lat="57.515097" lon="12.3998"><ele>51.8</ele></rtept><rtept lat="57.515117" lon="12.399832"><ele>52.0</ele></rtept><rtept lat="57.515142" lon="12.39988"><ele>52.6</ele></rtept><rtept lat="57.51516" lon="12.3999"><ele>52.6</ele></rtept><rtept lat="57.515187" lon="12.399913"><ele>53.0</ele></rtept><rtept lat="57.515218" lon="12.39992"><ele>53.2</ele></rtept><rtept lat="57.515243" lon="12.399933"><ele>53.6</ele></rtept><rtept lat="57.515277" lon="12.399952"><ele>53.6</ele></rtept><rtept lat="57.515295" lon="12.399982"><ele>54.2</ele></rtept><rtept lat="57.515315" lon="12.400025"><ele>54.8</ele></rtept><rtept lat="57.515333" lon="12.40005"><ele>55.0</ele></rtept><rtept lat="57.51536" lon="12.400085"><ele>55.6</ele></rtept><rtept lat="57.515385" lon="12.400117"><ele>56.0</ele></rtept><rtept lat="57.515398" lon="12.400143"><ele>56.4</ele></rtept><rtept lat="57.515423" lon="12.40018"><ele>56.6</ele></rtept><rtept lat="57.515442" lon="12.40021"><ele>57.0</ele></rtept><rtept lat="57.515462" lon="12.40024"><ele>57.0</ele></rtept><rtept lat="57.51548" lon="12.40027"><ele>57.0</ele></rtept><rtept lat="57.51552" lon="12.40032"><ele>57.4</ele></rtept><rtept lat="57.515552" lon="12.400358"><ele>57.2</ele></rtept><rtept lat="57.515583" lon="12.400388"><ele>57.6</ele></rtept><rtept lat="57.515608" lon="12.400423"><ele>57.6</ele></rtept><rtept lat="57.515635" lon="12.400467"><ele>57.8</ele></rtept><rtept lat="57.515647" lon="12.400493"><ele>58.0</ele></rtept><rtept lat="57.51566" lon="12.40052"><ele>57.6</ele></rtept><rtept lat="57.51568" lon="12.400542"><ele>58.0</ele></rtept><rtept lat="57.515698" lon="12.400567"><ele>58.0</ele></rtept><rtept lat="57.515718" lon="12.400587"><ele>58.2</ele></rtept><rtept lat="57.515737" lon="12.400608"><ele>58.8</ele></rtept><rtept lat="57.515762" lon="12.400645"><ele>58.8</ele></rtept><rtept lat="57.515795" lon="12.40067"><ele>59.0</ele></rtept><rtept lat="57.51582" lon="12.400685"><ele>59.0</ele></rtept><rtept lat="57.515852" lon="12.400705"><ele>58.8</ele></rtept><rtept lat="57.515878" lon="12.400718"><ele>59.0</ele></rtept><rtept lat="57.51591" lon="12.400738"><ele>58.6</ele></rtept><rtept lat="57.515942" lon="12.400758"><ele>58.8</ele></rtept><rtept lat="57.515987" lon="12.400782"><ele>58.8</ele></rtept><rtept lat="57.516025" lon="12.400797"><ele>58.6</ele></rtept><rtept lat="57.516077" lon="12.400802"><ele>58.8</ele></rtept><rtept lat="57.51612" lon="12.40081"><ele>58.4</ele></rtept><rtept lat="57.516172" lon="12.400825"><ele>58.8</ele></rtept><rtept lat="57.516203" lon="12.400847"><ele>58.6</ele></rtept><rtept lat="57.516237" lon="12.400877"><ele>58.6</ele></rtept><rtept lat="57.516268" lon="12.400895"><ele>59.0</ele></rtept><rtept lat="57.516313" lon="12.40092"><ele>59.2</ele></rtept><rtept lat="57.516352" lon="12.400948"><ele>59.0</ele></rtept><rtept lat="57.516377" lon="12.400975"><ele>59.6</ele></rtept><rtept lat="57.516415" lon="12.401008"><ele>59.6</ele></rtept><rtept lat="57.51646" lon="12.401062"><ele>60.2</ele></rtept><rtept lat="57.516498" lon="12.401128"><ele>60.0</ele></rtept><rtept lat="57.516512" lon="12.401168"><ele>60.2</ele></rtept><rtept lat="57.516523" lon="12.401207"><ele>60.8</ele></rtept><rtept lat="57.516512" lon="12.401247"><ele>60.8</ele></rtept><rtept lat="57.516518" lon="12.401282"><ele>60.6</ele></rtept><rtept lat="57.51653" lon="12.40132"><ele>61.0</ele></rtept><rtept lat="57.516537" lon="12.401367"><ele>60.8</ele></rtept><rtept lat="57.516562" lon="12.401437"><ele>61.4</ele></rtept><rtept lat="57.516582" lon="12.401492"><ele>61.4</ele></rtept><rtept lat="57.516588" lon="12.401523"><ele>61.4</ele></rtept><rtept lat="57.516607" lon="12.40153"><ele>61.2</ele></rtept><rtept lat="57.516613" lon="12.401497"><ele>61.2</ele></rtept><rtept lat="57.516633" lon="12.401472"><ele>60.8</ele></rtept><rtept lat="57.516678" lon="12.40146"><ele>61.0</ele></rtept><rtept lat="57.516728" lon="12.401485"><ele>60.8</ele></rtept><rtept lat="57.516787" lon="12.40152"><ele>61.0</ele></rtept><rtept lat="57.516832" lon="12.40155"><ele>60.6</ele></rtept><rtept lat="57.516877" lon="12.401577"><ele>60.4</ele></rtept><rtept lat="57.516915" lon="12.40161"><ele>60.0</ele></rtept><rtept lat="57.516947" lon="12.40166"><ele>59.8</ele></rtept><rtept lat="57.516947" lon="12.401695"><ele>59.2</ele></rtept><rtept lat="57.51694" lon="12.40173"><ele>58.8</ele></rtept><rtept lat="57.516947" lon="12.401765"><ele>56.8</ele></rtept><rtept lat="57.51696" lon="12.401818"><ele>53.6</ele></rtept><rtept lat="57.516965" lon="12.401858"><ele>52.0</ele></rtept><rtept lat="57.516985" lon="12.40188"><ele>51.2</ele></rtept><rtept lat="57.51701" lon="12.401903"><ele>50.2</ele></rtept><rtept lat="57.517042" lon="12.401923"><ele>49.4</ele></rtept><rtept lat="57.517062" lon="12.401937"><ele>47.6</ele></rtept><rtept lat="57.517087" lon="12.401958"><ele>46.6</ele></rtept><rtept lat="57.517107" lon="12.401963"><ele>46.0</ele></rtept><rtept lat="57.517125" lon="12.401987"><ele>45.2</ele></rtept><rtept lat="57.517152" lon="12.402003"><ele>44.0</ele></rtept><rtept lat="57.51717" lon="12.40202"><ele>44.0</ele></rtept><rtept lat="57.517197" lon="12.40205"><ele>43.4</ele></rtept><rtept lat="57.517215" lon="12.402065"><ele>42.8</ele></rtept><rtept lat="57.51724" lon="12.402078"><ele>42.6</ele></rtept><rtept lat="57.517273" lon="12.402105"><ele>42.2</ele></rtept><rtept lat="57.517305" lon="12.402125"><ele>42.0</ele></rtept><rtept lat="57.517323" lon="12.402165"><ele>41.2</ele></rtept><rtept lat="57.517343" lon="12.402198"><ele>40.4</ele></rtept><rtept lat="57.517368" lon="12.402227"><ele>39.6</ele></rtept><rtept lat="57.517388" lon="12.402243"><ele>39.0</ele></rtept><rtept lat="57.517407" lon="12.402257"><ele>38.8</ele></rtept><rtept lat="57.51744" lon="12.402293"><ele>37.8</ele></rtept><rtept lat="57.517458" lon="12.40231"><ele>37.4</ele></rtept><rtept lat="57.51749" lon="12.402348"><ele>36.2</ele></rtept><rtept lat="57.517522" lon="12.402388"><ele>34.8</ele></rtept><rtept lat="57.517548" lon="12.402442"><ele>34.0</ele></rtept><rtept lat="57.51756" lon="12.402475"><ele>33.6</ele></rtept><rtept lat="57.51758" lon="12.402508"><ele>33.4</ele></rtept><rtept lat="57.5176" lon="12.402555"><ele>32.8</ele></rtept><rtept lat="57.517605" lon="12.402593"><ele>32.2</ele></rtept><rtept lat="57.517618" lon="12.402623"><ele>32.0</ele></rtept><rtept lat="57.517618" lon="12.402677"><ele>31.8</ele></rtept><rtept lat="57.517612" lon="12.40272"><ele>31.2</ele></rtept><rtept lat="57.5176" lon="12.40275"><ele>31.0</ele></rtept><rtept lat="57.5176" lon="12.402802"><ele>30.0</ele></rtept><rtept lat="57.517593" lon="12.402847"><ele>28.8</ele></rtept><rtept lat="57.5176" lon="12.402892"><ele>28.2</ele></rtept><rtept lat="57.517612" lon="12.402927"><ele>27.2</ele></rtept><rtept lat="57.517625" lon="12.402968"><ele>26.0</ele></rtept><rtept lat="57.517618" lon="12.40301"><ele>24.8</ele></rtept><rtept lat="57.517612" lon="12.403073"><ele>23.6</ele></rtept><rtept lat="57.517605" lon="12.40314"><ele>22.6</ele></rtept><rtept lat="57.517605" lon="12.403173"><ele>22.0</ele></rtept><rtept lat="57.5176" lon="12.403213"><ele>21.4</ele></rtept><rtept lat="57.517605" lon="12.403258"><ele>20.8</ele></rtept><rtept lat="57.517605" lon="12.403312"><ele>20.4</ele></rtept><rtept lat="57.51758" lon="12.403367"><ele>19.6</ele></rtept><rtept lat="57.51756" lon="12.4034"><ele>19.8</ele></rtept><rtept lat="57.517542" lon="12.403442"><ele>19.4</ele></rtept><rtept lat="57.517522" lon="12.403487"><ele>19.4</ele></rtept><rtept lat="57.51751" lon="12.403527"><ele>19.6</ele></rtept><rtept lat="57.517503" lon="12.40358"><ele>19.2</ele></rtept><rtept lat="57.51749" lon="12.40364"><ele>19.4</ele></rtept><rtept lat="57.517472" lon="12.403708"><ele>19.2</ele></rtept><rtept lat="57.517445" lon="12.403785"><ele>19.0</ele></rtept><rtept lat="57.517445" lon="12.403828"><ele>19.2</ele></rtept><rtept lat="57.51744" lon="12.403882"><ele>19.0</ele></rtept><rtept lat="57.517452" lon="12.403968"><ele>18.6</ele></rtept><rtept lat="57.517458" lon="12.404038"><ele>18.6</ele></rtept><rtept lat="57.517465" lon="12.404102"><ele>18.2</ele></rtept><rtept lat="57.517465" lon="12.404153"><ele>18.0</ele></rtept><rtept lat="57.517472" lon="12.404215"><ele>18.2</ele></rtept><rtept lat="57.51749" lon="12.40426"><ele>18.0</ele></rtept><rtept lat="57.517517" lon="12.4043"><ele>18.2</ele></rtept><rtept lat="57.517528" lon="12.404325"><ele>18.0</ele></rtept><rtept lat="57.517503" lon="12.40433"><ele>19.0</ele></rtept><rtept lat="57.517483" lon="12.404298"><ele>19.2</ele></rtept><rtept lat="57.517478" lon="12.404265"><ele>19.4</ele></rtept><rtept lat="57.517483" lon="12.404232"><ele>20.0</ele></rtept><rtept lat="57.517503" lon="12.404205"><ele>19.8</ele></rtept><rtept lat="57.517528" lon="12.404192"><ele>19.8</ele></rtept><rtept lat="57.517555" lon="12.404192"><ele>20.2</ele></rtept><rtept lat="57.51758" lon="12.404187"><ele>20.4</ele></rtept><rtept lat="57.5176" lon="12.404182"><ele>20.6</ele></rtept><rtept lat="57.517618" lon="12.404187"><ele>21.0</ele></rtept><rtept lat="57.517643" lon="12.404205"><ele>21.0</ele></rtept><rtept lat="57.517663" lon="12.404225"><ele>21.6</ele></rtept><rtept lat="57.517682" lon="12.404245"><ele>21.6</ele></rtept><rtept lat="57.517708" lon="12.404272"><ele>22.0</ele></rtept><rtept lat="57.517733" lon="12.404298"><ele>22.0</ele></rtept><rtept lat="57.517753" lon="12.404322"><ele>22.0</ele></rtept><rtept lat="57.517772" lon="12.40435"><ele>22.8</ele></rtept><rtept lat="57.517798" lon="12.404403"><ele>23.0</ele></rtept><rtept lat="57.51781" lon="12.404445"><ele>23.4</ele></rtept><rtept lat="57.517823" lon="12.404477"><ele>23.8</ele></rtept><rtept lat="57.517837" lon="12.404503"><ele>24.0</ele></rtept><rtept lat="57.517848" lon="12.40454"><ele>24.6</ele></rtept><rtept lat="57.517868" lon="12.404575"><ele>24.8</ele></rtept><rtept lat="57.517887" lon="12.40461"><ele>25.0</ele></rtept><rtept lat="57.517907" lon="12.404648"><ele>25.4</ele></rtept><rtept lat="57.51792" lon="12.404682"><ele>25.6</ele></rtept><rtept lat="57.517938" lon="12.40472"><ele>26.0</ele></rtept><rtept lat="57.517938" lon="12.404767"><ele>26.0</ele></rtept><rtept lat="57.517932" lon="12.404822"><ele>26.8</ele></rtept><rtept lat="57.517945" lon="12.404885"><ele>27.0</ele></rtept><rtept lat="57.517958" lon="12.40494"><ele>27.2</ele></rtept><rtept lat="57.517945" lon="12.404975"><ele>27.4</ele></rtept><rtept lat="57.517938" lon="12.405012"><ele>27.2</ele></rtept><rtept lat="57.517938" lon="12.405055"><ele>27.2</ele></rtept><rtept lat="57.517925" lon="12.405103"><ele>27.6</ele></rtept><rtept lat="57.51792" lon="12.405157"><ele>27.4</ele></rtept><rtept lat="57.51792" lon="12.405215"><ele>27.4</ele></rtept><rtept lat="57.517913" lon="12.405265"><ele>27.8</ele></rtept><rtept lat="57.517893" lon="12.405315"><ele>27.6</ele></rtept><rtept lat="57.517862" lon="12.405377"><ele>27.8</ele></rtept><rtept lat="57.51783" lon="12.405447"><ele>28.0</ele></rtept><rtept lat="57.517837" lon="12.405527"><ele>27.8</ele></rtept><rtept lat="57.517848" lon="12.405572"><ele>28.2</ele></rtept><rtept lat="57.517875" lon="12.405612"><ele>28.0</ele></rtept><rtept lat="57.51788" lon="12.405647"><ele>28.2</ele></rtept><rtept lat="57.517893" lon="12.405698"><ele>28.6</ele></rtept><rtept lat="57.517887" lon="12.405757"><ele>29.2</ele></rtept><rtept lat="57.517893" lon="12.405805"><ele>29.8</ele></rtept><rtept lat="57.51792" lon="12.405863"><ele>30.4</ele></rtept><rtept lat="57.517938" lon="12.405873"><ele>30.2</ele></rtept><rtept lat="57.517958" lon="12.405858"><ele>30.4</ele></rtept><rtept lat="57.517977" lon="12.405823"><ele>30.8</ele></rtept><rtept lat="57.51799" lon="12.405857"><ele>31.4</ele></rtept><rtept lat="57.517997" lon="12.405913"><ele>32.0</ele></rtept><rtept lat="57.518002" lon="12.405982"><ele>32.2</ele></rtept><rtept lat="57.518008" lon="12.406015"><ele>32.6</ele></rtept><rtept lat="57.518022" lon="12.40606"><ele>32.8</ele></rtept><rtept lat="57.51804" lon="12.4061"><ele>32.8</ele></rtept><rtept lat="57.51806" lon="12.406142"><ele>33.2</ele></rtept><rtept lat="57.518067" lon="12.40618"><ele>34.0</ele></rtept><rtept lat="57.51808" lon="12.406217"><ele>34.8</ele></rtept><rtept lat="57.518098" lon="12.40626"><ele>35.2</ele></rtept><rtept lat="57.518123" lon="12.406315"><ele>35.4</ele></rtept><rtept lat="57.518137" lon="12.406358"><ele>35.8</ele></rtept><rtept lat="57.518137" lon="12.406405"><ele>36.0</ele></rtept><rtept lat="57.518143" lon="12.406447"><ele>36.6</ele></rtept><rtept lat="57.518162" lon="12.406483"><ele>37.0</ele></rtept><rtept lat="57.518175" lon="12.406517"><ele>37.0</ele></rtept><rtept lat="57.518195" lon="12.406573"><ele>37.2</ele></rtept><rtept lat="57.518213" lon="12.406618"><ele>37.2</ele></rtept><rtept lat="57.518245" lon="12.406668"><ele>37.4</ele></rtept><rtept lat="57.518283" lon="12.406728"><ele>37.2</ele></rtept><rtept lat="57.518328" lon="12.406807"><ele>37.0</ele></rtept><rtept lat="57.518387" lon="12.406902"><ele>37.2</ele></rtept><rtept lat="57.518418" lon="12.40696"><ele>37.0</ele></rtept><rtept lat="57.51845" lon="12.407017"><ele>37.4</ele></rtept><rtept lat="57.518482" lon="12.407055"><ele>37.2</ele></rtept><rtept lat="57.518527" lon="12.407092"><ele>37.0</ele></rtept><rtept lat="57.51856" lon="12.407125"><ele>37.4</ele></rtept><rtept lat="57.518592" lon="12.40715"><ele>37.2</ele></rtept><rtept lat="57.51861" lon="12.407163"><ele>37.2</ele></rtept><rtept lat="57.518617" lon="12.407203"><ele>37.4</ele></rtept><rtept lat="57.518623" lon="12.407255"><ele>38.0</ele></rtept><rtept lat="57.518662" lon="12.407288"><ele>38.4</ele></rtept><rtept lat="57.518662" lon="12.407333"><ele>39.4</ele></rtept><rtept lat="57.518687" lon="12.407342"><ele>39.6</ele></rtept><rtept lat="57.518713" lon="12.407348"><ele>40.0</ele></rtept><rtept lat="57.518745" lon="12.40736"><ele>40.8</ele></rtept><rtept lat="57.518777" lon="12.407368"><ele>40.8</ele></rtept><rtept lat="57.518797" lon="12.407388"><ele>41.4</ele></rtept><rtept lat="57.518822" lon="12.407402"><ele>42.2</ele></rtept><rtept lat="57.51884" lon="12.407422"><ele>42.4</ele></rtept><rtept lat="57.518853" lon="12.407453"><ele>42.8</ele></rtept><rtept lat="57.518873" lon="12.407473"><ele>43.2</ele></rtept><rtept lat="57.518898" lon="12.407487"><ele>43.8</ele></rtept><rtept lat="57.518918" lon="12.407502"><ele>44.2</ele></rtept><rtept lat="57.51895" lon="12.407513"><ele>44.4</ele></rtept><rtept lat="57.518975" lon="12.407513"><ele>44.6</ele></rtept><rtept lat="57.519007" lon="12.407493"><ele>45.2</ele></rtept><rtept lat="57.519027" lon="12.407492"><ele>45.6</ele></rtept><rtept lat="57.519045" lon="12.407507"><ele>45.8</ele></rtept><rtept lat="57.519072" lon="12.407533"><ele>46.2</ele></rtept><rtept lat="57.519097" lon="12.407552"><ele>46.4</ele></rtept><rtept lat="57.519117" lon="12.407583"><ele>47.0</ele></rtept><rtept lat="57.519135" lon="12.407593"><ele>47.2</ele></rtept><rtept lat="57.519155" lon="12.407598"><ele>47.2</ele></rtept><rtept lat="57.519173" lon="12.407608"><ele>47.4</ele></rtept><rtept lat="57.519193" lon="12.407622"><ele>47.4</ele></rtept><rtept lat="57.519212" lon="12.407653"><ele>46.4</ele></rtept><rtept lat="57.519238" lon="12.40769"><ele>46.4</ele></rtept><rtept lat="57.519257" lon="12.40772"><ele>45.6</ele></rtept><rtept lat="57.519282" lon="12.407745"><ele>45.4</ele></rtept><rtept lat="57.519308" lon="12.407777"><ele>45.0</ele></rtept><rtept lat="57.51934" lon="12.407807"><ele>44.6</ele></rtept><rtept lat="57.519365" lon="12.40784"><ele>44.6</ele></rtept><rtept lat="57.519392" lon="12.407867"><ele>44.2</ele></rtept><rtept lat="57.519417" lon="12.407897"><ele>43.8</ele></rtept><rtept lat="57.519442" lon="12.40793"><ele>43.4</ele></rtept><rtept lat="57.519468" lon="12.407963"><ele>43.4</ele></rtept><rtept lat="57.519487" lon="12.407973"><ele>43.6</ele></rtept><rtept lat="57.519507" lon="12.407983"><ele>43.4</ele></rtept><rtept lat="57.519538" lon="12.408003"><ele>43.6</ele></rtept><rtept lat="57.519563" lon="12.408023"><ele>43.6</ele></rtept><rtept lat="57.51959" lon="12.408043"><ele>43.8</ele></rtept><rtept lat="57.51964" lon="12.408085"><ele>43.6</ele></rtept><rtept lat="57.51968" lon="12.408118"><ele>43.4</ele></rtept><rtept lat="57.519705" lon="12.408138"><ele>43.6</ele></rtept><rtept lat="57.51973" lon="12.408158"><ele>43.4</ele></rtept><rtept lat="57.519762" lon="12.408207"><ele>43.6</ele></rtept><rtept lat="57.519775" lon="12.408237"><ele>43.2</ele></rtept><rtept lat="57.519807" lon="12.408272"><ele>43.4</ele></rtept><rtept lat="57.519827" lon="12.408288"><ele>43.8</ele></rtept><rtept lat="57.519852" lon="12.408313"><ele>43.4</ele></rtept><rtept lat="57.519878" lon="12.408337"><ele>43.4</ele></rtept><rtept lat="57.519903" lon="12.408358"><ele>43.4</ele></rtept><rtept lat="57.519935" lon="12.408385"><ele>43.4</ele></rtept><rtept lat="57.519967" lon="12.408412"><ele>43.8</ele></rtept><rtept lat="57.520005" lon="12.408438"><ele>43.4</ele></rtept><rtept lat="57.520032" lon="12.408447"><ele>43.4</ele></rtept><rtept lat="57.520057" lon="12.408462"><ele>43.4</ele></rtept><rtept lat="57.520082" lon="12.40849"><ele>43.4</ele></rtept><rtept lat="57.52012" lon="12.40854"><ele>43.4</ele></rtept><rtept lat="57.520147" lon="12.40856"><ele>43.6</ele></rtept><rtept lat="57.520172" lon="12.408577"><ele>43.0</ele></rtept><rtept lat="57.520192" lon="12.408595"><ele>42.8</ele></rtept><rtept lat="57.52021" lon="12.4086"><ele>43.2</ele></rtept><rtept lat="57.52023" lon="12.408603"><ele>42.8</ele></rtept><rtept lat="57.520248" lon="12.408605"><ele>42.8</ele></rtept><rtept lat="57.520275" lon="12.408613"><ele>42.8</ele></rtept><rtept lat="57.520307" lon="12.40862"><ele>42.8</ele></rtept><rtept lat="57.520338" lon="12.40863"><ele>42.8</ele></rtept><rtept lat="57.520377" lon="12.408643"><ele>42.2</ele></rtept><rtept lat="57.520415" lon="12.40866"><ele>42.2</ele></rtept><rtept lat="57.520453" lon="12.40868"><ele>42.2</ele></rtept><rtept lat="57.520498" lon="12.408708"><ele>41.6</ele></rtept><rtept lat="57.520537" lon="12.408722"><ele>41.2</ele></rtept><rtept lat="57.520582" lon="12.408733"><ele>41.2</ele></rtept><rtept lat="57.520613" lon="12.408743"><ele>41.2</ele></rtept><rtept lat="57.52064" lon="12.408755"><ele>40.8</ele></rtept><rtept lat="57.520665" lon="12.408765"><ele>40.8</ele></rtept><rtept lat="57.52069" lon="12.408783"><ele>40.2</ele></rtept><rtept lat="57.520717" lon="12.408807"><ele>40.4</ele></rtept><rtept lat="57.520748" lon="12.408828"><ele>39.4</ele></rtept><rtept lat="57.520773" lon="12.408855"><ele>38.8</ele></rtept><rtept lat="57.5208" lon="12.4089"><ele>38.6</ele></rtept><rtept lat="57.520825" lon="12.408947"><ele>38.4</ele></rtept><rtept lat="57.520857" lon="12.40898"><ele>38.6</ele></rtept><rtept lat="57.520888" lon="12.408997"><ele>38.6</ele></rtept><rtept lat="57.520915" lon="12.408977"><ele>39.0</ele></rtept><rtept lat="57.520933" lon="12.408937"><ele>38.8</ele></rtept><rtept lat="57.520933" lon="12.408897"><ele>39.2</ele></rtept><rtept lat="57.520947" lon="12.408843"><ele>38.8</ele></rtept><rtept lat="57.520965" lon="12.408807"><ele>39.4</ele></rtept><rtept lat="57.520992" lon="12.408763"><ele>39.6</ele></rtept><rtept lat="57.521023" lon="12.408748"><ele>40.2</ele></rtept><rtept lat="57.521055" lon="12.408745"><ele>40.4</ele></rtept><rtept lat="57.5211" lon="12.408763"><ele>40.6</ele></rtept><rtept lat="57.521125" lon="12.408793"><ele>41.0</ele></rtept><rtept lat="57.521152" lon="12.408793"><ele>41.2</ele></rtept><rtept lat="57.52117" lon="12.408827"><ele>41.6</ele></rtept><rtept lat="57.521197" lon="12.408828"><ele>41.6</ele></rtept><rtept lat="57.521215" lon="12.408863"><ele>41.8</ele></rtept><rtept lat="57.521235" lon="12.408897"><ele>42.2</ele></rtept><rtept lat="57.52124" lon="12.408933"><ele>42.0</ele></rtept><rtept lat="57.521253" lon="12.408978"><ele>42.4</ele></rtept><rtept lat="57.52126" lon="12.409012"><ele>42.6</ele></rtept><rtept lat="57.521267" lon="12.409078"><ele>43.0</ele></rtept><rtept lat="57.521285" lon="12.409107"><ele>42.8</ele></rtept><rtept lat="57.521312" lon="12.409155"><ele>42.8</ele></rtept><rtept lat="57.521337" lon="12.40921"><ele>43.0</ele></rtept><rtept lat="57.521357" lon="12.409243"><ele>42.8</ele></rtept><rtept lat="57.521382" lon="12.409267"><ele>43.2</ele></rtept><rtept lat="57.521395" lon="12.409297"><ele>43.2</ele></rtept><rtept lat="57.521413" lon="12.409317"><ele>43.2</ele></rtept><rtept lat="57.521433" lon="12.409343"><ele>43.8</ele></rtept><rtept lat="57.521452" lon="12.40937"><ele>43.8</ele></rtept><rtept lat="57.521478" lon="12.40942"><ele>44.2</ele></rtept><rtept lat="57.521478" lon="12.409455"><ele>44.0</ele></rtept><rtept lat="57.521503" lon="12.4095"><ele>44.0</ele></rtept><rtept lat="57.521528" lon="12.409527"><ele>43.6</ele></rtept><rtept lat="57.521555" lon="12.409562"><ele>43.4</ele></rtept><rtept lat="57.521573" lon="12.409592"><ele>43.6</ele></rtept><rtept lat="57.521605" lon="12.409607"><ele>43.2</ele></rtept><rtept lat="57.521625" lon="12.409617"><ele>43.2</ele></rtept><rtept lat="57.521657" lon="12.409633"><ele>42.6</ele></rtept><rtept lat="57.521677" lon="12.409633"><ele>42.6</ele></rtept><rtept lat="57.521702" lon="12.409623"><ele>42.0</ele></rtept><rtept lat="57.52172" lon="12.409628"><ele>41.8</ele></rtept><rtept lat="57.52174" lon="12.409632"><ele>41.6</ele></rtept><rtept lat="57.52176" lon="12.409647"><ele>41.0</ele></rtept><rtept lat="57.521792" lon="12.409668"><ele>40.8</ele></rtept><rtept lat="57.521823" lon="12.409703"><ele>39.6</ele></rtept><rtept lat="57.521842" lon="12.409722"><ele>39.4</ele></rtept><rtept lat="57.521875" lon="12.409747"><ele>39.0</ele></rtept><rtept lat="57.5219" lon="12.40977"><ele>38.4</ele></rtept><rtept lat="57.52192" lon="12.409787"><ele>38.4</ele></rtept><rtept lat="57.521952" lon="12.409805"><ele>37.8</ele></rtept><rtept lat="57.521977" lon="12.409832"><ele>37.6</ele></rtept><rtept lat="57.521997" lon="12.409845"><ele>37.8</ele></rtept><rtept lat="57.522015" lon="12.409857"><ele>37.6</ele></rtept><rtept lat="57.522035" lon="12.409835"><ele>37.8</ele></rtept><rtept lat="57.522053" lon="12.40984"><ele>38.0</ele></rtept><rtept lat="57.522073" lon="12.409835"><ele>38.4</ele></rtept><rtept lat="57.522092" lon="12.40982"><ele>38.4</ele></rtept><rtept lat="57.522112" lon="12.409778"><ele>38.4</ele></rtept><rtept lat="57.52213" lon="12.409797"><ele>38.6</ele></rtept><rtept lat="57.52215" lon="12.40981"><ele>38.8</ele></rtept><rtept lat="57.522175" lon="12.40982"><ele>38.8</ele></rtept><rtept lat="57.522195" lon="12.409818"><ele>38.4</ele></rtept><rtept lat="57.522213" lon="12.40981"><ele>38.2</ele></rtept><rtept lat="57.522245" lon="12.409802"><ele>38.4</ele></rtept><rtept lat="57.522283" lon="12.409798"><ele>38.2</ele></rtept><rtept lat="57.522322" lon="12.409805"><ele>37.8</ele></rtept><rtept lat="57.522367" lon="12.4098"><ele>38.0</ele></rtept><rtept lat="57.522412" lon="12.4098"><ele>37.4</ele></rtept><rtept lat="57.522463" lon="12.409805"><ele>37.4</ele></rtept><rtept lat="57.522515" lon="12.409822"><ele>37.0</ele></rtept><rtept lat="57.52254" lon="12.409827"><ele>36.6</ele></rtept><rtept lat="57.522592" lon="12.40986"><ele>36.4</ele></rtept><rtept lat="57.522637" lon="12.409885"><ele>35.4</ele></rtept><rtept lat="57.522675" lon="12.40987"><ele>35.6</ele></rtept><rtept lat="57.522707" lon="12.409855"><ele>35.4</ele></rtept><rtept lat="57.522732" lon="12.409885"><ele>34.6</ele></rtept><rtept lat="57.522752" lon="12.409897"><ele>33.8</ele></rtept><rtept lat="57.52277" lon="12.409915"><ele>33.6</ele></rtept><rtept lat="57.52279" lon="12.40994"><ele>33.4</ele></rtept><rtept lat="57.522808" lon="12.409963"><ele>33.2</ele></rtept><rtept lat="57.522835" lon="12.409977"><ele>33.4</ele></rtept><rtept lat="57.52286" lon="12.40999"><ele>33.0</ele></rtept><rtept lat="57.522898" lon="12.41001"><ele>33.0</ele></rtept><rtept lat="57.522923" lon="12.410037"><ele>32.4</ele></rtept><rtept lat="57.522937" lon="12.410078"><ele>32.0</ele></rtept><rtept lat="57.522957" lon="12.410075"><ele>31.8</ele></rtept><rtept lat="57.522988" lon="12.410078"><ele>32.0</ele></rtept><rtept lat="57.52302" lon="12.410125"><ele>31.4</ele></rtept><rtept lat="57.52304" lon="12.41016"><ele>31.8</ele></rtept><rtept lat="57.523052" lon="12.410195"><ele>31.4</ele></rtept><rtept lat="57.523058" lon="12.410252"><ele>31.6</ele></rtept><rtept lat="57.523065" lon="12.410297"><ele>31.6</ele></rtept><rtept lat="57.523058" lon="12.410348"><ele>31.0</ele></rtept><rtept lat="57.523052" lon="12.410387"><ele>30.8</ele></rtept><rtept lat="57.523033" lon="12.41042"><ele>30.2</ele></rtept><rtept lat="57.523027" lon="12.410473"><ele>29.8</ele></rtept><rtept lat="57.523027" lon="12.410507"><ele>29.4</ele></rtept><rtept lat="57.523033" lon="12.410542"><ele>29.4</ele></rtept><rtept lat="57.523058" lon="12.41061"><ele>28.6</ele></rtept><rtept lat="57.523072" lon="12.410635"><ele>28.2</ele></rtept><rtept lat="57.52309" lon="12.410657"><ele>27.8</ele></rtept><rtept lat="57.52311" lon="12.410683"><ele>28.0</ele></rtept><rtept lat="57.523122" lon="12.41071"><ele>28.0</ele></rtept><rtept lat="57.523142" lon="12.41075"><ele>27.8</ele></rtept><rtept lat="57.523155" lon="12.410778"><ele>27.8</ele></rtept><rtept lat="57.52316" lon="12.41081"><ele>27.8</ele></rtept><rtept lat="57.523167" lon="12.410843"><ele>27.6</ele></rtept><rtept lat="57.52318" lon="12.410868"><ele>27.6</ele></rtept><rtept lat="57.5232" lon="12.41089"><ele>27.4</ele></rtept><rtept lat="57.523218" lon="12.410928"><ele>27.6</ele></rtept><rtept lat="57.523238" lon="12.410953"><ele>27.4</ele></rtept><rtept lat="57.52325" lon="12.410987"><ele>27.0</ele></rtept><rtept lat="57.523282" lon="12.411022"><ele>27.2</ele></rtept><rtept lat="57.523302" lon="12.41104"><ele>27.0</ele></rtept><rtept lat="57.52332" lon="12.411053"><ele>27.2</ele></rtept><rtept lat="57.52334" lon="12.411067"><ele>27.4</ele></rtept><rtept lat="57.523365" lon="12.411078"><ele>27.2</ele></rtept><rtept lat="57.523392" lon="12.411078"><ele>27.6</ele></rtept><rtept lat="57.52341" lon="12.411073"><ele>27.4</ele></rtept><rtept lat="57.523437" lon="12.411072"><ele>27.0</ele></rtept><rtept lat="57.523455" lon="12.411073"><ele>27.4</ele></rtept><rtept lat="57.523493" lon="12.41108"><ele>27.6</ele></rtept><rtept lat="57.523513" lon="12.411082"><ele>27.8</ele></rtept><rtept lat="57.523545" lon="12.411103"><ele>28.0</ele></rtept><rtept lat="57.523563" lon="12.411145"><ele>27.4</ele></rtept><rtept lat="57.523583" lon="12.411172"><ele>27.4</ele></rtept><rtept lat="57.523597" lon="12.411198"><ele>27.4</ele></rtept><rtept lat="57.523622" lon="12.411252"><ele>26.8</ele></rtept><rtept lat="57.523647" lon="12.41128"><ele>25.8</ele></rtept><rtept lat="57.523667" lon="12.411285"><ele>25.8</ele></rtept><rtept lat="57.523685" lon="12.411295"><ele>25.2</ele></rtept><rtept lat="57.523705" lon="12.4113"><ele>25.0</ele></rtept><rtept lat="57.52373" lon="12.411305"><ele>25.0</ele></rtept><rtept lat="57.523757" lon="12.411307"><ele>24.6</ele></rtept><rtept lat="57.523782" lon="12.41131"><ele>24.8</ele></rtept><rtept lat="57.523813" lon="12.41131"><ele>24.6</ele></rtept><rtept lat="57.52384" lon="12.4113"><ele>24.2</ele></rtept><rtept lat="57.523865" lon="12.411292"><ele>24.6</ele></rtept><rtept lat="57.523897" lon="12.411282"><ele>24.2</ele></rtept><rtept lat="57.523935" lon="12.411275"><ele>24.4</ele></rtept><rtept lat="57.523955" lon="12.411272"><ele>24.6</ele></rtept><rtept lat="57.523973" lon="12.411265"><ele>24.4</ele></rtept><rtept lat="57.524" lon="12.411257"><ele>24.8</ele></rtept><rtept lat="57.524018" lon="12.411257"><ele>24.8</ele></rtept><rtept lat="57.524038" lon="12.41126"><ele>25.2</ele></rtept><rtept lat="57.524063" lon="12.411262"><ele>25.0</ele></rtept><rtept lat="57.524082" lon="12.41127"><ele>24.8</ele></rtept><rtept lat="57.524102" lon="12.411282"><ele>25.4</ele></rtept><rtept lat="57.524127" lon="12.411292"><ele>24.6</ele></rtept><rtept lat="57.52416" lon="12.41131"><ele>24.6</ele></rtept><rtept lat="57.524185" lon="12.41132"><ele>24.8</ele></rtept><rtept lat="57.524217" lon="12.411332"><ele>24.8</ele></rtept><rtept lat="57.524237" lon="12.41133"><ele>24.8</ele></rtept><rtept lat="57.524268" lon="12.41133"><ele>24.8</ele></rtept><rtept lat="57.524293" lon="12.41133"><ele>25.2</ele></rtept><rtept lat="57.524313" lon="12.411337"><ele>25.2</ele></rtept><rtept lat="57.524332" lon="12.41134"><ele>25.0</ele></rtept><rtept lat="57.524352" lon="12.411355"><ele>25.6</ele></rtept><rtept lat="57.52437" lon="12.411367"><ele>25.6</ele></rtept><rtept lat="57.524397" lon="12.411377"><ele>25.4</ele></rtept><rtept lat="57.524435" lon="12.41138"><ele>25.6</ele></rtept><rtept lat="57.52446" lon="12.41139"><ele>25.4</ele></rtept><rtept lat="57.524485" lon="12.411397"><ele>25.4</ele></rtept><rtept lat="57.524512" lon="12.411408"><ele>25.4</ele></rtept><rtept lat="57.524537" lon="12.411412"><ele>25.6</ele></rtept><rtept lat="57.524557" lon="12.411412"><ele>25.8</ele></rtept><rtept lat="57.524582" lon="12.411403"><ele>25.8</ele></rtept><rtept lat="57.524613" lon="12.41139"><ele>25.2</ele></rtept><rtept lat="57.524633" lon="12.411387"><ele>25.2</ele></rtept><rtept lat="57.524658" lon="12.411387"><ele>24.8</ele></rtept><rtept lat="57.524683" lon="12.411387"><ele>24.6</ele></rtept><rtept lat="57.52471" lon="12.411387"><ele>23.8</ele></rtept><rtept lat="57.524735" lon="12.41139"><ele>23.6</ele></rtept><rtept lat="57.524773" lon="12.41139"><ele>23.2</ele></rtept><rtept lat="57.524818" lon="12.411383"><ele>22.8</ele></rtept><rtept lat="57.52485" lon="12.411383"><ele>22.8</ele></rtept><rtept lat="57.52487" lon="12.411385"><ele>21.8</ele></rtept><rtept lat="57.524915" lon="12.411395"><ele>21.8</ele></rtept><rtept lat="57.52496" lon="12.411392"><ele>21.4</ele></rtept><rtept lat="57.524998" lon="12.411357"><ele>20.8</ele></rtept><rtept lat="57.525023" lon="12.411363"><ele>20.4</ele></rtept><rtept lat="57.525048" lon="12.411378"><ele>20.8</ele></rtept><rtept lat="57.525075" lon="12.411403"><ele>20.2</ele></rtept><rtept lat="57.525107" lon="12.41142"><ele>20.0</ele></rtept><rtept lat="57.525145" lon="12.41144"><ele>20.2</ele></rtept><rtept lat="57.52517" lon="12.411458"><ele>19.8</ele></rtept><rtept lat="57.525197" lon="12.41147"><ele>20.0</ele></rtept><rtept lat="57.525235" lon="12.4115"><ele>19.8</ele></rtept><rtept lat="57.52526" lon="12.41154"><ele>19.4</ele></rtept><rtept lat="57.525285" lon="12.411575"><ele>19.2</ele></rtept><rtept lat="57.525305" lon="12.411602"><ele>19.4</ele></rtept><rtept lat="57.52533" lon="12.41162"><ele>19.4</ele></rtept><rtept lat="57.525357" lon="12.41163"><ele>19.8</ele></rtept><rtept lat="57.525375" lon="12.411633"><ele>20.2</ele></rtept><rtept lat="57.525407" lon="12.411642"><ele>20.8</ele></rtept><rtept lat="57.525433" lon="12.411682"><ele>21.8</ele></rtept><rtept lat="57.525452" lon="12.4117"><ele>22.0</ele></rtept><rtept lat="57.525472" lon="12.411712"><ele>22.2</ele></rtept><rtept lat="57.52549" lon="12.411733"><ele>23.8</ele></rtept><rtept lat="57.525503" lon="12.411772"><ele>24.8</ele></rtept><rtept lat="57.525517" lon="12.41182"><ele>24.8</ele></rtept><rtept lat="57.525522" lon="12.411865"><ele>25.2</ele></rtept><rtept lat="57.525542" lon="12.411905"><ele>25.6</ele></rtept><rtept lat="57.525567" lon="12.41194"><ele>25.4</ele></rtept><rtept lat="57.525587" lon="12.41198"><ele>25.4</ele></rtept><rtept lat="57.525612" lon="12.412025"><ele>25.8</ele></rtept><rtept lat="57.525632" lon="12.412075"><ele>25.8</ele></rtept><rtept lat="57.525643" lon="12.412117"><ele>25.4</ele></rtept><rtept lat="57.52565" lon="12.412155"><ele>25.2</ele></rtept><rtept lat="57.52567" lon="12.412183"><ele>25.2</ele></rtept><rtept lat="57.525682" lon="12.412208"><ele>24.8</ele></rtept><rtept lat="57.525695" lon="12.412233"><ele>24.6</ele></rtept><rtept lat="57.52572" lon="12.41228"><ele>24.6</ele></rtept><rtept lat="57.525733" lon="12.41232"><ele>23.8</ele></rtept><rtept lat="57.525747" lon="12.412348"><ele>23.6</ele></rtept><rtept lat="57.525772" lon="12.412388"><ele>23.4</ele></rtept><rtept lat="57.525798" lon="12.412443"><ele>23.4</ele></rtept><rtept lat="57.52583" lon="12.4125"><ele>23.0</ele></rtept><rtept lat="57.525855" lon="12.412545"><ele>22.2</ele></rtept><rtept lat="57.5259" lon="12.412585"><ele>21.8</ele></rtept><rtept lat="57.525932" lon="12.412632"><ele>21.4</ele></rtept><rtept lat="57.525938" lon="12.412672"><ele>21.2</ele></rtept><rtept lat="57.525963" lon="12.41267"><ele>20.8</ele></rtept><rtept lat="57.525963" lon="12.412625"><ele>19.6</ele></rtept><rtept lat="57.525983" lon="12.412625"><ele>19.8</ele></rtept><rtept lat="57.526008" lon="12.41266"><ele>19.4</ele></rtept><rtept lat="57.52604" lon="12.412707"><ele>19.2</ele></rtept><rtept lat="57.52606" lon="12.41275"><ele>18.2</ele></rtept><rtept lat="57.52608" lon="12.41278"><ele>17.8</ele></rtept><rtept lat="57.526105" lon="12.412812"><ele>17.4</ele></rtept><rtept lat="57.526123" lon="12.412812"><ele>17.4</ele></rtept><rtept lat="57.526143" lon="12.412823"><ele>16.8</ele></rtept><rtept lat="57.526162" lon="12.412825"><ele>16.6</ele></rtept><rtept lat="57.526207" lon="12.412817"><ele>16.4</ele></rtept><rtept lat="57.52624" lon="12.412815"><ele>16.4</ele></rtept><rtept lat="57.526265" lon="12.4128"><ele>16.8</ele></rtept><rtept lat="57.52629" lon="12.4128"><ele>16.4</ele></rtept><rtept lat="57.526317" lon="12.412815"><ele>16.8</ele></rtept><rtept lat="57.526335" lon="12.412823"><ele>17.0</ele></rtept><rtept lat="57.52638" lon="12.41282"><ele>17.0</ele></rtept><rtept lat="57.526405" lon="12.41281"><ele>17.0</ele></rtept><rtept lat="57.526425" lon="12.41281"><ele>16.8</ele></rtept><rtept lat="57.52645" lon="12.412803"><ele>17.0</ele></rtept><rtept lat="57.526477" lon="12.412792"><ele>16.6</ele></rtept><rtept lat="57.526495" lon="12.412783"><ele>16.2</ele></rtept><rtept lat="57.52652" lon="12.41279"><ele>15.8</ele></rtept><rtept lat="57.52654" lon="12.41279"><ele>15.0</ele></rtept><rtept lat="57.52656" lon="12.41279"><ele>15.2</ele></rtept><rtept lat="57.526578" lon="12.412803"><ele>15.4</ele></rtept><rtept lat="57.526598" lon="12.412797"><ele>15.2</ele></rtept><rtept lat="57.526617" lon="12.412797"><ele>15.4</ele></rtept><rtept lat="57.526642" lon="12.412792"><ele>15.6</ele></rtept><rtept lat="57.526668" lon="12.412787"><ele>15.8</ele></rtept><rtept lat="57.526693" lon="12.41279"><ele>15.6</ele></rtept><rtept lat="57.52672" lon="12.412795"><ele>15.8</ele></rtept><rtept lat="57.52672" lon="12.412752"><ele>16.2</ele></rtept><rtept lat="57.526752" lon="12.41273"><ele>15.8</ele></rtept><rtept lat="57.526783" lon="12.412742"><ele>15.4</ele></rtept><rtept lat="57.526802" lon="12.412752"><ele>15.8</ele></rtept><rtept lat="57.526822" lon="12.412757"><ele>15.4</ele></rtept><rtept lat="57.526847" lon="12.412752"><ele>15.8</ele></rtept><rtept lat="57.526873" lon="12.412743"><ele>16.6</ele></rtept><rtept lat="57.526892" lon="12.412747"><ele>16.6</ele></rtept><rtept lat="57.526918" lon="12.41276"><ele>17.6</ele></rtept><rtept lat="57.526937" lon="12.412777"><ele>17.8</ele></rtept><rtept lat="57.526968" lon="12.412792"><ele>17.8</ele></rtept><rtept lat="57.527" lon="12.4128"><ele>18.4</ele></rtept><rtept lat="57.527027" lon="12.412785"><ele>19.2</ele></rtept><rtept lat="57.527058" lon="12.412783"><ele>19.8</ele></rtept><rtept lat="57.527083" lon="12.4128"><ele>20.4</ele></rtept><rtept lat="57.52711" lon="12.412797"><ele>21.2</ele></rtept><rtept lat="57.527135" lon="12.41277"><ele>21.4</ele></rtept><rtept lat="57.527155" lon="12.41276"><ele>21.4</ele></rtept><rtept lat="57.527173" lon="12.41275"><ele>21.6</ele></rtept><rtept lat="57.527193" lon="12.412747"><ele>21.4</ele></rtept><rtept lat="57.527218" lon="12.412757"><ele>21.8</ele></rtept><rtept lat="57.527243" lon="12.412777"><ele>22.0</ele></rtept><rtept lat="57.527277" lon="12.412785"><ele>21.6</ele></rtept><rtept lat="57.527295" lon="12.412783"><ele>21.8</ele></rtept><rtept lat="57.527315" lon="12.41278"><ele>21.4</ele></rtept><rtept lat="57.52734" lon="12.412775"><ele>21.8</ele></rtept><rtept lat="57.527372" lon="12.412797"><ele>22.0</ele></rtept><rtept lat="57.527392" lon="12.412805"><ele>21.8</ele></rtept><rtept lat="57.527417" lon="12.412817"><ele>21.8</ele></rtept><rtept lat="57.527437" lon="12.412828"><ele>22.2</ele></rtept><rtept lat="57.527468" lon="12.41283"><ele>22.4</ele></rtept><rtept lat="57.527487" lon="12.412833"><ele>22.6</ele></rtept><rtept lat="57.527507" lon="12.412837"><ele>23.0</ele></rtept><rtept lat="57.527538" lon="12.412837"><ele>22.8</ele></rtept><rtept lat="57.527577" lon="12.41285"><ele>22.6</ele></rtept><rtept lat="57.527602" lon="12.412865"><ele>23.2</ele></rtept><rtept lat="57.527628" lon="12.412883"><ele>23.2</ele></rtept><rtept lat="57.527653" lon="12.412915"><ele>23.2</ele></rtept><rtept lat="57.527673" lon="12.412935"><ele>23.0</ele></rtept><rtept lat="57.527692" lon="12.412955"><ele>23.0</ele></rtept><rtept lat="57.527712" lon="12.412973"><ele>23.2</ele></rtept><rtept lat="57.52773" lon="12.412985"><ele>23.0</ele></rtept><rtept lat="57.52775" lon="12.413008"><ele>22.6</ele></rtept><rtept lat="57.527788" lon="12.413038"><ele>22.4</ele></rtept><rtept lat="57.527813" lon="12.413062"><ele>21.6</ele></rtept><rtept lat="57.52784" lon="12.413068"><ele>21.0</ele></rtept><rtept lat="57.527858" lon="12.413077"><ele>20.8</ele></rtept><rtept lat="57.527883" lon="12.413083"><ele>20.0</ele></rtept><rtept lat="57.527903" lon="12.413093"><ele>19.6</ele></rtept><rtept lat="57.527928" lon="12.413097"><ele>19.8</ele></rtept><rtept lat="57.527948" lon="12.4131"><ele>19.4</ele></rtept><rtept lat="57.527967" lon="12.413107"><ele>19.2</ele></rtept><rtept lat="57.527987" lon="12.41312"><ele>19.4</ele></rtept><rtept lat="57.528005" lon="12.413133"><ele>19.0</ele></rtept><rtept lat="57.528025" lon="12.413138"><ele>18.6</ele></rtept><rtept lat="57.528043" lon="12.41314"><ele>18.6</ele></rtept><rtept lat="57.52807" lon="12.413132"><ele>18.0</ele></rtept><rtept lat="57.528095" lon="12.413113"><ele>17.8</ele></rtept><rtept lat="57.528127" lon="12.413088"><ele>18.0</ele></rtept><rtept lat="57.52816" lon="12.41306"><ele>17.4</ele></rtept><rtept lat="57.528198" lon="12.413022"><ele>17.6</ele></rtept><rtept lat="57.528237" lon="12.412995"><ele>17.8</ele></rtept><rtept lat="57.528275" lon="12.412973"><ele>17.2</ele></rtept><rtept lat="57.528325" lon="12.412948"><ele>17.4</ele></rtept><rtept lat="57.52837" lon="12.412923"><ele>17.2</ele></rtept><rtept lat="57.528408" lon="12.41291"><ele>16.6</ele></rtept><rtept lat="57.528435" lon="12.4129"><ele>16.8</ele></rtept><rtept lat="57.52846" lon="12.41288"><ele>16.4</ele></rtept><rtept lat="57.528485" lon="12.41289"><ele>16.0</ele></rtept><rtept lat="57.528518" lon="12.412915"><ele>16.2</ele></rtept><rtept lat="57.52855" lon="12.412935"><ele>16.0</ele></rtept><rtept lat="57.528568" lon="12.41295"><ele>16.2</ele></rtept><rtept lat="57.528588" lon="12.41294"><ele>16.2</ele></rtept><rtept lat="57.528607" lon="12.41291"><ele>16.2</ele></rtept><rtept lat="57.528627" lon="12.41288"><ele>16.2</ele></rtept><rtept lat="57.52864" lon="12.412843"><ele>16.4</ele></rtept><rtept lat="57.528665" lon="12.41283"><ele>16.4</ele></rtept><rtept lat="57.528703" lon="12.412817"><ele>16.8</ele></rtept><rtept lat="57.528742" lon="12.412803"><ele>17.0</ele></rtept><rtept lat="57.528773" lon="12.412797"><ele>17.4</ele></rtept><rtept lat="57.528805" lon="12.412785"><ele>17.4</ele></rtept><rtept lat="57.528832" lon="12.412772"><ele>17.6</ele></rtept><rtept lat="57.528863" lon="12.412752"><ele>18.0</ele></rtept><rtept lat="57.528902" lon="12.412745"><ele>17.8</ele></rtept><rtept lat="57.528933" lon="12.412742"><ele>17.8</ele></rtept><rtept lat="57.528965" lon="12.412767"><ele>18.2</ele></rtept><rtept lat="57.528998" lon="12.4128"><ele>18.0</ele></rtept><rtept lat="57.529023" lon="12.412865"><ele>18.0</ele></rtept><rtept lat="57.529048" lon="12.412915"><ele>18.2</ele></rtept><rtept lat="57.529068" lon="12.412948"><ele>18.0</ele></rtept><rtept lat="57.529048" lon="12.412948"><ele>17.8</ele></rtept><rtept lat="57.52903" lon="12.412935"><ele>17.4</ele></rtept><rtept lat="57.529048" lon="12.412945"><ele>17.4</ele></rtept><rtept lat="57.529068" lon="12.412948"><ele>17.4</ele></rtept><rtept lat="57.5291" lon="12.41299"><ele>17.4</ele></rtept><rtept lat="57.529138" lon="12.413013"><ele>17.4</ele></rtept><rtept lat="57.529163" lon="12.413027"><ele>17.6</ele></rtept><rtept lat="57.529197" lon="12.413033"><ele>17.0</ele></rtept><rtept lat="57.529215" lon="12.413043"><ele>17.2</ele></rtept><rtept lat="57.529197" lon="12.413053"><ele>17.2</ele></rtept><rtept lat="57.529215" lon="12.413047"><ele>17.0</ele></rtept><rtept lat="57.529247" lon="12.413052"><ele>17.0</ele></rtept><rtept lat="57.52928" lon="12.413062"><ele>17.6</ele></rtept><rtept lat="57.529305" lon="12.413083"><ele>18.2</ele></rtept><rtept lat="57.52933" lon="12.413102"><ele>18.4</ele></rtept><rtept lat="57.529362" lon="12.413118"><ele>18.8</ele></rtept><rtept lat="57.529382" lon="12.413122"><ele>18.8</ele></rtept><rtept lat="57.529407" lon="12.413127"><ele>19.4</ele></rtept><rtept lat="57.52944" lon="12.413117"><ele>20.0</ele></rtept><rtept lat="57.529465" lon="12.4131"><ele>19.8</ele></rtept><rtept lat="57.529483" lon="12.413098"><ele>20.0</ele></rtept><rtept lat="57.529503" lon="12.413102"><ele>20.2</ele></rtept><rtept lat="57.529522" lon="12.413108"><ele>20.2</ele></rtept><rtept lat="57.529542" lon="12.413103"><ele>20.6</ele></rtept><rtept lat="57.529573" lon="12.413087"><ele>20.4</ele></rtept><rtept lat="57.5296" lon="12.413077"><ele>20.6</ele></rtept><rtept lat="57.529625" lon="12.413052"><ele>20.2</ele></rtept><rtept lat="57.529657" lon="12.413023"><ele>20.6</ele></rtept><rtept lat="57.529677" lon="12.413013"><ele>21.0</ele></rtept><rtept lat="57.529695" lon="12.413002"><ele>21.0</ele></rtept><rtept lat="57.529715" lon="12.412988"><ele>21.2</ele></rtept><rtept lat="57.529733" lon="12.41297"><ele>21.6</ele></rtept><rtept lat="57.529753" lon="12.412963"><ele>22.2</ele></rtept><rtept lat="57.529778" lon="12.412968"><ele>22.0</ele></rtept><rtept lat="57.529798" lon="12.41298"><ele>22.6</ele></rtept><rtept lat="57.529817" lon="12.412993"><ele>22.4</ele></rtept><rtept lat="57.529837" lon="12.413008"><ele>22.2</ele></rtept><rtept lat="57.529862" lon="12.412975"><ele>22.6</ele></rtept><rtept lat="57.529887" lon="12.41296"><ele>22.8</ele></rtept><rtept lat="57.529907" lon="12.41296"><ele>22.8</ele></rtept><rtept lat="57.529932" lon="12.412955"><ele>23.0</ele></rtept><rtept lat="57.529952" lon="12.412948"><ele>23.4</ele></rtept><rtept lat="57.52997" lon="12.412945"><ele>23.2</ele></rtept><rtept lat="57.529997" lon="12.412955"><ele>23.6</ele></rtept><rtept lat="57.530015" lon="12.412962"><ele>23.8</ele></rtept><rtept lat="57.53004" lon="12.41297"><ele>23.4</ele></rtept><rtept lat="57.53006" lon="12.41298"><ele>23.0</ele></rtept><rtept lat="57.53008" lon="12.412975"><ele>22.8</ele></rtept><rtept lat="57.530112" lon="12.412982"><ele>22.2</ele></rtept><rtept lat="57.530137" lon="12.412988"><ele>21.6</ele></rtept><rtept lat="57.530157" lon="12.412982"><ele>21.4</ele></rtept><rtept lat="57.530182" lon="12.412955"><ele>21.8</ele></rtept><rtept lat="57.5302" lon="12.41292"><ele>21.8</ele></rtept><rtept lat="57.53022" lon="12.412903"><ele>22.2</ele></rtept><rtept lat="57.530252" lon="12.412883"><ele>23.0</ele></rtept><rtept lat="57.530272" lon="12.412875"><ele>22.8</ele></rtept><rtept lat="57.530297" lon="12.412868"><ele>23.4</ele></rtept><rtept lat="57.530322" lon="12.412883"><ele>24.2</ele></rtept><rtept lat="57.530355" lon="12.412895"><ele>24.0</ele></rtept><rtept lat="57.530373" lon="12.412895"><ele>24.4</ele></rtept><rtept lat="57.530393" lon="12.412893"><ele>24.4</ele></rtept><rtept lat="57.530418" lon="12.412898"><ele>24.6</ele></rtept><rtept lat="57.530438" lon="12.412897"><ele>24.4</ele></rtept><rtept lat="57.530457" lon="12.412893"><ele>24.0</ele></rtept><rtept lat="57.530477" lon="12.412883"><ele>24.4</ele></rtept><rtept lat="57.530515" lon="12.412883"><ele>24.2</ele></rtept><rtept lat="57.530553" lon="12.41288"><ele>24.0</ele></rtept><rtept lat="57.530592" lon="12.412877"><ele>24.2</ele></rtept><rtept lat="57.530617" lon="12.412875"><ele>23.8</ele></rtept><rtept lat="57.530648" lon="12.412883"><ele>23.6</ele></rtept><rtept lat="57.53068" lon="12.412895"><ele>23.4</ele></rtept><rtept lat="57.530713" lon="12.412903"><ele>23.4</ele></rtept><rtept lat="57.530745" lon="12.412903"><ele>23.0</ele></rtept><rtept lat="57.53077" lon="12.412908"><ele>23.0</ele></rtept><rtept lat="57.530797" lon="12.412905"><ele>22.8</ele></rtept><rtept lat="57.530815" lon="12.412905"><ele>22.8</ele></rtept><rtept lat="57.530835" lon="12.4129"><ele>23.0</ele></rtept><rtept lat="57.530853" lon="12.412905"><ele>23.0</ele></rtept><rtept lat="57.53088" lon="12.41292"><ele>23.6</ele></rtept><rtept lat="57.530905" lon="12.412955"><ele>23.2</ele></rtept><rtept lat="57.530923" lon="12.412968"><ele>23.6</ele></rtept><rtept lat="57.530968" lon="12.412995"><ele>23.6</ele></rtept><rtept lat="57.530995" lon="12.413008"><ele>23.6</ele></rtept><rtept lat="57.531013" lon="12.413033"><ele>23.6</ele></rtept><rtept lat="57.531033" lon="12.413058"><ele>23.8</ele></rtept><rtept lat="57.531052" lon="12.413092"><ele>23.6</ele></rtept><rtept lat="57.531072" lon="12.413118"><ele>23.4</ele></rtept><rtept lat="57.53109" lon="12.413147"><ele>23.4</ele></rtept><rtept lat="57.531117" lon="12.413182"><ele>23.0</ele></rtept><rtept lat="57.531155" lon="12.41322"><ele>22.6</ele></rtept><rtept lat="57.531193" lon="12.413267"><ele>23.0</ele></rtept><rtept lat="57.531225" lon="12.41326"><ele>22.4</ele></rtept><rtept lat="57.531257" lon="12.413247"><ele>22.2</ele></rtept><rtept lat="57.531277" lon="12.413233"><ele>22.4</ele></rtept><rtept lat="57.531302" lon="12.413262"><ele>21.8</ele></rtept><rtept lat="57.531333" lon="12.413253"><ele>22.0</ele></rtept><rtept lat="57.531353" lon="12.413242"><ele>21.8</ele></rtept><rtept lat="57.531385" lon="12.413213"><ele>22.2</ele></rtept><rtept lat="57.53141" lon="12.413192"><ele>22.4</ele></rtept><rtept lat="57.53143" lon="12.413187"><ele>23.2</ele></rtept><rtept lat="57.531455" lon="12.413158"><ele>23.4</ele></rtept><rtept lat="57.531475" lon="12.413148"><ele>23.8</ele></rtept><rtept lat="57.531493" lon="12.413142"><ele>23.8</ele></rtept><rtept lat="57.531513" lon="12.413138"><ele>24.2</ele></rtept><rtept lat="57.531538" lon="12.413132"><ele>24.0</ele></rtept><rtept lat="57.53157" lon="12.413132"><ele>23.8</ele></rtept><rtept lat="57.53159" lon="12.413132"><ele>24.2</ele></rtept><rtept lat="57.531608" lon="12.413133"><ele>24.4</ele></rtept><rtept lat="57.53164" lon="12.413157"><ele>24.8</ele></rtept><rtept lat="57.53166" lon="12.413173"><ele>24.8</ele></rtept><rtept lat="57.531685" lon="12.413183"><ele>25.0</ele></rtept><rtept lat="57.531712" lon="12.413188"><ele>25.0</ele></rtept><rtept lat="57.531743" lon="12.4132"><ele>25.2</ele></rtept><rtept lat="57.531768" lon="12.413217"><ele>25.0</ele></rtept><rtept lat="57.531788" lon="12.413232"><ele>25.2</ele></rtept><rtept lat="57.531807" lon="12.413247"><ele>25.4</ele></rtept><rtept lat="57.531827" lon="12.413267"><ele>25.0</ele></rtept><rtept lat="57.531852" lon="12.413292"><ele>24.4</ele></rtept><rtept lat="57.531883" lon="12.41333"><ele>24.0</ele></rtept><rtept lat="57.531917" lon="12.413362"><ele>23.0</ele></rtept><rtept lat="57.531935" lon="12.413415"><ele>22.2</ele></rtept><rtept lat="57.531948" lon="12.41344"><ele>21.8</ele></rtept><rtept lat="57.531973" lon="12.413485"><ele>21.0</ele></rtept><rtept lat="57.531998" lon="12.41353"><ele>20.4</ele></rtept><rtept lat="57.532025" lon="12.413553"><ele>19.6</ele></rtept><rtept lat="57.53205" lon="12.41358"><ele>19.2</ele></rtept><rtept lat="57.532077" lon="12.41361"><ele>19.2</ele></rtept><rtept lat="57.532095" lon="12.413635"><ele>18.6</ele></rtept><rtept lat="57.53212" lon="12.413668"><ele>18.6</ele></rtept><rtept lat="57.532147" lon="12.413693"><ele>18.0</ele></rtept><rtept lat="57.532192" lon="12.413727"><ele>18.0</ele></rtept><rtept lat="57.532242" lon="12.413753"><ele>17.6</ele></rtept><rtept lat="57.532287" lon="12.413783"><ele>17.0</ele></rtept><rtept lat="57.532345" lon="12.41382"><ele>17.4</ele></rtept><rtept lat="57.532397" lon="12.413857"><ele>17.2</ele></rtept><rtept lat="57.532447" lon="12.4139"><ele>17.0</ele></rtept><rtept lat="57.532498" lon="12.413953"><ele>17.4</ele></rtept><rtept lat="57.532543" lon="12.414007"><ele>16.8</ele></rtept><rtept lat="57.532575" lon="12.41406"><ele>17.0</ele></rtept><rtept lat="57.532588" lon="12.414092"><ele>17.2</ele></rtept><rtept lat="57.532613" lon="12.41412"><ele>16.8</ele></rtept><rtept lat="57.532595" lon="12.414107"><ele>17.2</ele></rtept><rtept lat="57.532613" lon="12.41414"><ele>16.4</ele></rtept><rtept lat="57.53264" lon="12.41416"><ele>16.2</ele></rtept><rtept lat="57.532665" lon="12.414163"><ele>16.4</ele></rtept><rtept lat="57.53269" lon="12.414197"><ele>17.2</ele></rtept><rtept lat="57.53271" lon="12.414197"><ele>17.6</ele></rtept><rtept lat="57.532735" lon="12.4142"><ele>18.4</ele></rtept><rtept lat="57.532755" lon="12.414203"><ele>18.8</ele></rtept><rtept lat="57.532773" lon="12.41423"><ele>19.4</ele></rtept><rtept lat="57.532812" lon="12.41426"><ele>19.4</ele></rtept><rtept lat="57.532832" lon="12.41427"><ele>19.8</ele></rtept><rtept lat="57.532857" lon="12.414277"><ele>19.8</ele></rtept><rtept lat="57.532888" lon="12.41428"><ele>20.0</ele></rtept><rtept lat="57.53292" lon="12.41429"><ele>20.2</ele></rtept><rtept lat="57.532953" lon="12.414305"><ele>20.6</ele></rtept><rtept lat="57.532972" lon="12.41431"><ele>20.4</ele></rtept><rtept lat="57.533003" lon="12.41432"><ele>20.6</ele></rtept><rtept lat="57.533042" lon="12.414325"><ele>20.6</ele></rtept><rtept lat="57.533068" lon="12.414328"><ele>21.0</ele></rtept><rtept lat="57.533093" lon="12.41433"><ele>21.2</ele></rtept><rtept lat="57.53312" lon="12.414342"><ele>21.4</ele></rtept><rtept lat="57.533145" lon="12.414348"><ele>21.2</ele></rtept><rtept lat="57.53317" lon="12.41434"><ele>21.0</ele></rtept><rtept lat="57.533202" lon="12.41434"><ele>21.0</ele></rtept><rtept lat="57.53324" lon="12.414345"><ele>21.0</ele></rtept><rtept lat="57.533278" lon="12.414355"><ele>21.2</ele></rtept><rtept lat="57.533318" lon="12.41436"><ele>21.0</ele></rtept><rtept lat="57.533343" lon="12.414362"><ele>21.0</ele></rtept><rtept lat="57.533368" lon="12.414368"><ele>21.2</ele></rtept><rtept lat="57.533388" lon="12.414378"><ele>21.0</ele></rtept><rtept lat="57.533407" lon="12.414388"><ele>21.2</ele></rtept><rtept lat="57.533433" lon="12.414403"><ele>21.6</ele></rtept><rtept lat="57.533452" lon="12.414408"><ele>21.4</ele></rtept><rtept lat="57.533472" lon="12.414415"><ele>21.6</ele></rtept><rtept lat="57.533497" lon="12.414423"><ele>21.8</ele></rtept><rtept lat="57.53351" lon="12.41446"><ele>21.4</ele></rtept><rtept lat="57.53351" lon="12.4145"><ele>21.2</ele></rtept><rtept lat="57.533535" lon="12.414517"><ele>21.0</ele></rtept><rtept lat="57.533567" lon="12.414527"><ele>20.6</ele></rtept><rtept lat="57.533587" lon="12.414553"><ele>20.6</ele></rtept><rtept lat="57.5336" lon="12.414578"><ele>19.6</ele></rtept><rtept lat="57.533625" lon="12.4146"><ele>19.2</ele></rtept><rtept lat="57.533643" lon="12.414593"><ele>19.2</ele></rtept><rtept lat="57.533663" lon="12.414592"><ele>19.0</ele></rtept><rtept lat="57.533695" lon="12.414603"><ele>18.2</ele></rtept><rtept lat="57.533715" lon="12.414608"><ele>17.8</ele></rtept><rtept lat="57.533747" lon="12.414632"><ele>17.6</ele></rtept><rtept lat="57.533772" lon="12.414648"><ele>17.4</ele></rtept><rtept lat="57.533792" lon="12.414652"><ele>17.0</ele></rtept><rtept lat="57.53381" lon="12.414647"><ele>16.6</ele></rtept><rtept lat="57.53383" lon="12.414642"><ele>16.2</ele></rtept><rtept lat="57.533855" lon="12.414643"><ele>15.6</ele></rtept><rtept lat="57.533875" lon="12.414657"><ele>15.4</ele></rtept><rtept lat="57.5339" lon="12.414685"><ele>14.8</ele></rtept><rtept lat="57.533913" lon="12.414653"><ele>14.4</ele></rtept><rtept lat="57.533945" lon="12.414692"><ele>14.4</ele></rtept><rtept lat="57.533963" lon="12.414707"><ele>14.4</ele></rtept><rtept lat="57.533983" lon="12.414715"><ele>14.6</ele></rtept><rtept lat="57.534002" lon="12.414722"><ele>14.4</ele></rtept><rtept lat="57.534022" lon="12.414732"><ele>14.8</ele></rtept><rtept lat="57.53404" lon="12.41475"><ele>14.6</ele></rtept><rtept lat="57.534067" lon="12.41477"><ele>14.6</ele></rtept><rtept lat="57.534085" lon="12.414782"><ele>14.2</ele></rtept><rtept lat="57.534118" lon="12.414785"><ele>14.4</ele></rtept><rtept lat="57.534143" lon="12.414785"><ele>14.6</ele></rtept><rtept lat="57.534168" lon="12.414782"><ele>14.6</ele></rtept><rtept lat="57.5342" lon="12.414797"><ele>15.0</ele></rtept><rtept lat="57.534227" lon="12.41482"><ele>14.8</ele></rtept><rtept lat="57.534245" lon="12.414835"><ele>15.0</ele></rtept><rtept lat="57.534272" lon="12.414852"><ele>15.2</ele></rtept><rtept lat="57.534283" lon="12.41488"><ele>15.4</ele></rtept><rtept lat="57.534303" lon="12.414915"><ele>15.2</ele></rtept><rtept lat="57.534328" lon="12.41492"><ele>14.8</ele></rtept><rtept lat="57.534348" lon="12.414917"><ele>14.6</ele></rtept><rtept lat="57.53438" lon="12.414937"><ele>14.6</ele></rtept><rtept lat="57.534405" lon="12.41496"><ele>14.2</ele></rtept><rtept lat="57.534438" lon="12.414968"><ele>14.4</ele></rtept><rtept lat="57.53447" lon="12.414998"><ele>14.4</ele></rtept><rtept lat="57.534488" lon="12.415018"><ele>14.6</ele></rtept><rtept lat="57.534508" lon="12.415028"><ele>14.6</ele></rtept><rtept lat="57.534527" lon="12.415028"><ele>14.8</ele></rtept><rtept lat="57.534553" lon="12.415023"><ele>14.8</ele></rtept><rtept lat="57.534578" lon="12.415018"><ele>14.0</ele></rtept><rtept lat="57.534603" lon="12.41502"><ele>14.4</ele></rtept><rtept lat="57.534623" lon="12.415025"><ele>14.2</ele></rtept><rtept lat="57.534648" lon="12.415035"><ele>14.2</ele></rtept><rtept lat="57.53468" lon="12.415055"><ele>14.2</ele></rtept><rtept lat="57.5347" lon="12.415055"><ele>14.2</ele></rtept><rtept lat="57.534732" lon="12.415038"><ele>14.0</ele></rtept><rtept lat="57.534752" lon="12.415035"><ele>14.2</ele></rtept><rtept lat="57.534777" lon="12.415038"><ele>14.4</ele></rtept><rtept lat="57.534797" lon="12.415048"><ele>14.4</ele></rtept><rtept lat="57.534822" lon="12.415048"><ele>14.4</ele></rtept><rtept lat="57.53484" lon="12.41504"><ele>14.6</ele></rtept><rtept lat="57.534867" lon="12.415003"><ele>15.2</ele></rtept><rtept lat="57.534898" lon="12.414973"><ele>15.6</ele></rtept><rtept lat="57.53493" lon="12.41497"><ele>15.6</ele></rtept><rtept lat="57.534962" lon="12.41497"><ele>16.0</ele></rtept><rtept lat="57.535" lon="12.414963"><ele>16.0</ele></rtept><rtept lat="57.53502" lon="12.414955"><ele>16.4</ele></rtept><rtept lat="57.53504" lon="12.414955"><ele>16.8</ele></rtept><rtept lat="57.535065" lon="12.41494"><ele>16.8</ele></rtept><rtept lat="57.53509" lon="12.414937"><ele>16.8</ele></rtept><rtept lat="57.53511" lon="12.414928"><ele>17.4</ele></rtept><rtept lat="57.535142" lon="12.414917"><ele>17.8</ele></rtept><rtept lat="57.535167" lon="12.41491"><ele>18.2</ele></rtept><rtept lat="57.535187" lon="12.4149"><ele>18.4</ele></rtept><rtept lat="57.535212" lon="12.414885"><ele>18.8</ele></rtept><rtept lat="57.535238" lon="12.414863"><ele>19.8</ele></rtept><rtept lat="57.535263" lon="12.414857"><ele>20.0</ele></rtept><rtept lat="57.535282" lon="12.414847"><ele>21.2</ele></rtept><rtept lat="57.535302" lon="12.414838"><ele>22.2</ele></rtept><rtept lat="57.535302" lon="12.4148"><ele>23.2</ele></rtept><rtept lat="57.535333" lon="12.414762"><ele>24.0</ele></rtept><rtept lat="57.535365" lon="12.414745"><ele>25.4</ele></rtept><rtept lat="57.535392" lon="12.414725"><ele>25.6</ele></rtept><rtept lat="57.53541" lon="12.41469"><ele>26.2</ele></rtept><rtept lat="57.535437" lon="12.41466"><ele>26.4</ele></rtept><rtept lat="57.535475" lon="12.414623"><ele>26.6</ele></rtept><rtept lat="57.5355" lon="12.414592"><ele>27.0</ele></rtept><rtept lat="57.535532" lon="12.414543"><ele>27.0</ele></rtept><rtept lat="57.535558" lon="12.414503"><ele>27.2</ele></rtept><rtept lat="57.53557" lon="12.414475"><ele>27.6</ele></rtept><rtept lat="57.535597" lon="12.414462"><ele>27.6</ele></rtept><rtept lat="57.535622" lon="12.414472"><ele>27.6</ele></rtept><rtept lat="57.535653" lon="12.414487"><ele>28.0</ele></rtept><rtept lat="57.535673" lon="12.414497"><ele>27.8</ele></rtept><rtept lat="57.535692" lon="12.414502"><ele>27.8</ele></rtept><rtept lat="57.535712" lon="12.414508"><ele>27.8</ele></rtept><rtept lat="57.53573" lon="12.414508"><ele>27.8</ele></rtept><rtept lat="57.535762" lon="12.4145"><ele>28.0</ele></rtept><rtept lat="57.535795" lon="12.4145"><ele>28.4</ele></rtept><rtept lat="57.535813" lon="12.414492"><ele>28.0</ele></rtept><rtept lat="57.535833" lon="12.414473"><ele>28.2</ele></rtept><rtept lat="57.535858" lon="12.414455"><ele>28.4</ele></rtept><rtept lat="57.53589" lon="12.41444"><ele>28.4</ele></rtept><rtept lat="57.535917" lon="12.414415"><ele>28.8</ele></rtept><rtept lat="57.535948" lon="12.414398"><ele>29.2</ele></rtept><rtept lat="57.535967" lon="12.41438"><ele>29.4</ele></rtept><rtept lat="57.535987" lon="12.414362"><ele>29.6</ele></rtept><rtept lat="57.536018" lon="12.41431"><ele>29.8</ele></rtept><rtept lat="57.536043" lon="12.414278"><ele>29.8</ele></rtept><rtept lat="57.53605" lon="12.414223"><ele>30.0</ele></rtept><rtept lat="57.536057" lon="12.41419"><ele>30.0</ele></rtept><rtept lat="57.53607" lon="12.41416"><ele>30.4</ele></rtept><rtept lat="57.536088" lon="12.4141"><ele>30.8</ele></rtept><rtept lat="57.536108" lon="12.414067"><ele>30.8</ele></rtept><rtept lat="57.53612" lon="12.414038"><ele>31.0</ele></rtept><rtept lat="57.536133" lon="12.413992"><ele>31.4</ele></rtept><rtept lat="57.536133" lon="12.413953"><ele>32.2</ele></rtept><rtept lat="57.536147" lon="12.413923"><ele>33.6</ele></rtept><rtept lat="57.536172" lon="12.413898"><ele>33.6</ele></rtept><rtept lat="57.536192" lon="12.413872"><ele>33.4</ele></rtept><rtept lat="57.536203" lon="12.413847"><ele>33.4</ele></rtept><rtept lat="57.53623" lon="12.413822"><ele>33.2</ele></rtept><rtept lat="57.536248" lon="12.413798"><ele>33.0</ele></rtept><rtept lat="57.536268" lon="12.413782"><ele>33.2</ele></rtept><rtept lat="57.536287" lon="12.413767"><ele>33.0</ele></rtept><rtept lat="57.536313" lon="12.413748"><ele>33.0</ele></rtept><rtept lat="57.536332" lon="12.413728"><ele>33.2</ele></rtept><rtept lat="57.536352" lon="12.413668"><ele>33.0</ele></rtept><rtept lat="57.536363" lon="12.413615"><ele>33.4</ele></rtept><rtept lat="57.536383" lon="12.41357"><ele>34.0</ele></rtept><rtept lat="57.536428" lon="12.41356"><ele>34.2</ele></rtept><rtept lat="57.536447" lon="12.41356"><ele>34.8</ele></rtept><rtept lat="57.536473" lon="12.413578"><ele>34.6</ele></rtept><rtept lat="57.536492" lon="12.413598"><ele>34.4</ele></rtept><rtept lat="57.536512" lon="12.413623"><ele>34.6</ele></rtept><rtept lat="57.53653" lon="12.413645"><ele>34.2</ele></rtept><rtept lat="57.536543" lon="12.41367"><ele>34.0</ele></rtept><rtept lat="57.536557" lon="12.413695"><ele>34.2</ele></rtept><rtept lat="57.536568" lon="12.413733"><ele>33.4</ele></rtept><rtept lat="57.536588" lon="12.413762"><ele>33.2</ele></rtept><rtept lat="57.5366" lon="12.413798"><ele>33.2</ele></rtept><rtept lat="57.536627" lon="12.413827"><ele>33.2</ele></rtept><rtept lat="57.536652" lon="12.413853"><ele>33.2</ele></rtept><rtept lat="57.536678" lon="12.41388"><ele>33.0</ele></rtept><rtept lat="57.536703" lon="12.4139"><ele>32.6</ele></rtept><rtept lat="57.536722" lon="12.413917"><ele>32.8</ele></rtept><rtept lat="57.536742" lon="12.41394"><ele>32.4</ele></rtept><rtept lat="57.53676" lon="12.413977"><ele>31.8</ele></rtept><rtept lat="57.536773" lon="12.414012"><ele>32.2</ele></rtept><rtept lat="57.536793" lon="12.414047"><ele>31.6</ele></rtept><rtept lat="57.536812" lon="12.414085"><ele>31.0</ele></rtept><rtept lat="57.536832" lon="12.414112"><ele>31.0</ele></rtept><rtept lat="57.53685" lon="12.414157"><ele>30.6</ele></rtept><rtept lat="57.536877" lon="12.414192"><ele>29.8</ele></rtept><rtept lat="57.536895" lon="12.414217"><ele>30.0</ele></rtept><rtept lat="57.53692" lon="12.41425"><ele>29.4</ele></rtept><rtept lat="57.536947" lon="12.414295"><ele>29.0</ele></rtept><rtept lat="57.536978" lon="12.414335"><ele>29.2</ele></rtept><rtept lat="57.537003" lon="12.414362"><ele>29.0</ele></rtept><rtept lat="57.53703" lon="12.414383"><ele>29.4</ele></rtept><rtept lat="57.537062" lon="12.414408"><ele>29.2</ele></rtept><rtept lat="57.537087" lon="12.414443"><ele>29.4</ele></rtept><rtept lat="57.537093" lon="12.4145"><ele>29.4</ele></rtept><rtept lat="57.5371" lon="12.41456"><ele>29.6</ele></rtept><rtept lat="57.5371" lon="12.414622"><ele>30.0</ele></rtept><rtept lat="57.5371" lon="12.414672"><ele>29.8</ele></rtept><rtept lat="57.537107" lon="12.41472"><ele>29.6</ele></rtept><rtept lat="57.537107" lon="12.414772"><ele>30.0</ele></rtept><rtept lat="57.53712" lon="12.414822"><ele>29.6</ele></rtept><rtept lat="57.537125" lon="12.41488"><ele>29.8</ele></rtept><rtept lat="57.537138" lon="12.41494"><ele>29.8</ele></rtept><rtept lat="57.537152" lon="12.415003"><ele>29.4</ele></rtept><rtept lat="57.537158" lon="12.415075"><ele>29.6</ele></rtept><rtept lat="57.53717" lon="12.415148"><ele>29.4</ele></rtept><rtept lat="57.537183" lon="12.415227"><ele>28.8</ele></rtept><rtept lat="57.53719" lon="12.415308"><ele>29.0</ele></rtept><rtept lat="57.537208" lon="12.415382"><ele>28.8</ele></rtept><rtept lat="57.537208" lon="12.415455"><ele>29.2</ele></rtept><rtept lat="57.537222" lon="12.41552"><ele>28.8</ele></rtept><rtept lat="57.537228" lon="12.415603"><ele>29.0</ele></rtept><rtept lat="57.537253" lon="12.415698"><ele>29.2</ele></rtept><rtept lat="57.53726" lon="12.415773"><ele>29.0</ele></rtept><rtept lat="57.53724" lon="12.415818"><ele>29.6</ele></rtept><rtept lat="57.537222" lon="12.41588"><ele>29.2</ele></rtept><rtept lat="57.537208" lon="12.415943"><ele>29.0</ele></rtept><rtept lat="57.537208" lon="12.416013"><ele>29.0</ele></rtept><rtept lat="57.537202" lon="12.416072"><ele>28.6</ele></rtept><rtept lat="57.537202" lon="12.416145"><ele>29.0</ele></rtept><rtept lat="57.537202" lon="12.416217"><ele>28.6</ele></rtept><rtept lat="57.53719" lon="12.41627"><ele>28.4</ele></rtept><rtept lat="57.53719" lon="12.41631"><ele>28.6</ele></rtept><rtept lat="57.53717" lon="12.41634"><ele>28.4</ele></rtept><rtept lat="57.537158" lon="12.416365"><ele>28.8</ele></rtept><rtept lat="57.537145" lon="12.416393"><ele>28.6</ele></rtept><rtept lat="57.537125" lon="12.41643"><ele>28.6</ele></rtept><rtept lat="57.537113" lon="12.41647"><ele>28.8</ele></rtept><rtept lat="57.537075" lon="12.416515"><ele>28.2</ele></rtept><rtept lat="57.537048" lon="12.416558"><ele>28.0</ele></rtept><rtept lat="57.53703" lon="12.416592"><ele>28.2</ele></rtept><rtept lat="57.53701" lon="12.416623"><ele>27.4</ele></rtept><rtept lat="57.536985" lon="12.41666"><ele>26.8</ele></rtept><rtept lat="57.53696" lon="12.4167"><ele>27.2</ele></rtept><rtept lat="57.53694" lon="12.416738"><ele>26.4</ele></rtept><rtept lat="57.53692" lon="12.416782"><ele>26.6</ele></rtept><rtept lat="57.536902" lon="12.41682"><ele>26.2</ele></rtept><rtept lat="57.536888" lon="12.41685"><ele>26.0</ele></rtept><rtept lat="57.536888" lon="12.416885"><ele>25.8</ele></rtept><rtept lat="57.536902" lon="12.416912"><ele>25.6</ele></rtept><rtept lat="57.536927" lon="12.416925"><ele>25.2</ele></rtept><rtept lat="57.536953" lon="12.416932"><ele>24.6</ele></rtept><rtept lat="57.536972" lon="12.416952"><ele>24.6</ele></rtept><rtept lat="57.536985" lon="12.417005"><ele>23.4</ele></rtept><rtept lat="57.536992" lon="12.417048"><ele>23.0</ele></rtept><rtept lat="57.537017" lon="12.41708"><ele>22.2</ele></rtept><rtept lat="57.537042" lon="12.417103"><ele>21.8</ele></rtept><rtept lat="57.537062" lon="12.417117"><ele>21.0</ele></rtept><rtept lat="57.537087" lon="12.417148"><ele>20.6</ele></rtept><rtept lat="57.537107" lon="12.41716"><ele>20.4</ele></rtept><rtept lat="57.537125" lon="12.41717"><ele>20.2</ele></rtept><rtept lat="57.537145" lon="12.41718"><ele>20.0</ele></rtept><rtept lat="57.537177" lon="12.41718"><ele>19.6</ele></rtept><rtept lat="57.537208" lon="12.417168"><ele>19.6</ele></rtept><rtept lat="57.537235" lon="12.41714"><ele>18.8</ele></rtept><rtept lat="57.537267" lon="12.417128"><ele>19.0</ele></rtept><rtept lat="57.537285" lon="12.417123"><ele>19.4</ele></rtept><rtept lat="57.537305" lon="12.41712"><ele>19.2</ele></rtept><rtept lat="57.537323" lon="12.417115"><ele>19.4</ele></rtept><rtept lat="57.537343" lon="12.417103"><ele>19.4</ele></rtept><rtept lat="57.537368" lon="12.41708"><ele>19.6</ele></rtept><rtept lat="57.537388" lon="12.41707"><ele>19.4</ele></rtept><rtept lat="57.537407" lon="12.417063"><ele>19.2</ele></rtept><rtept lat="57.537427" lon="12.417063"><ele>19.6</ele></rtept><rtept lat="57.537445" lon="12.41706"><ele>19.2</ele></rtept><rtept lat="57.537472" lon="12.417053"><ele>19.4</ele></rtept><rtept lat="57.53751" lon="12.417045"><ele>19.8</ele></rtept><rtept lat="57.537528" lon="12.417045"><ele>19.4</ele></rtept><rtept lat="57.53756" lon="12.417055"><ele>19.6</ele></rtept><rtept lat="57.537593" lon="12.41706"><ele>19.8</ele></rtept><rtept lat="57.537618" lon="12.417057"><ele>19.6</ele></rtept><rtept lat="57.537638" lon="12.417055"><ele>19.6</ele></rtept><rtept lat="57.537657" lon="12.41705"><ele>20.0</ele></rtept><rtept lat="57.537677" lon="12.41705"><ele>19.8</ele></rtept><rtept lat="57.537695" lon="12.41705"><ele>20.2</ele></rtept><rtept lat="57.537727" lon="12.41704"><ele>19.4</ele></rtept><rtept lat="57.537747" lon="12.417037"><ele>19.8</ele></rtept><rtept lat="57.537772" lon="12.417037"><ele>19.8</ele></rtept><rtept lat="57.537798" lon="12.417037"><ele>20.0</ele></rtept><rtept lat="57.537823" lon="12.41703"><ele>19.8</ele></rtept><rtept lat="57.537855" lon="12.417023"><ele>19.6</ele></rtept><rtept lat="57.537893" lon="12.41701"><ele>20.2</ele></rtept><rtept lat="57.537945" lon="12.417"><ele>20.0</ele></rtept><rtept lat="57.537997" lon="12.416987"><ele>20.2</ele></rtept><rtept lat="57.53804" lon="12.416972"><ele>20.2</ele></rtept><rtept lat="57.538098" lon="12.416967"><ele>20.0</ele></rtept><rtept lat="57.538157" lon="12.41696"><ele>20.6</ele></rtept><rtept lat="57.538213" lon="12.416962"><ele>20.4</ele></rtept><rtept lat="57.53829" lon="12.416997"><ele>20.6</ele></rtept><rtept lat="57.538355" lon="12.41704"><ele>20.4</ele></rtept><rtept lat="57.538355" lon="12.417088"><ele>20.6</ele></rtept><rtept lat="57.538335" lon="12.417137"><ele>21.0</ele></rtept><rtept lat="57.538317" lon="12.41718"><ele>20.6</ele></rtept><rtept lat="57.538303" lon="12.417222"><ele>20.4</ele></rtept><rtept lat="57.538297" lon="12.417258"><ele>20.8</ele></rtept><rtept lat="57.538278" lon="12.41732"><ele>20.6</ele></rtept><rtept lat="57.538272" lon="12.417368"><ele>20.2</ele></rtept><rtept lat="57.538258" lon="12.417413"><ele>20.2</ele></rtept><rtept lat="57.538252" lon="12.417462"><ele>20.6</ele></rtept><rtept lat="57.538233" lon="12.41751"><ele>20.2</ele></rtept><rtept lat="57.53822" lon="12.417552"><ele>20.2</ele></rtept><rtept lat="57.538213" lon="12.417602"><ele>20.2</ele></rtept><rtept lat="57.5382" lon="12.417657"><ele>20.0</ele></rtept><rtept lat="57.538188" lon="12.417695"><ele>20.2</ele></rtept><rtept lat="57.538175" lon="12.41774"><ele>20.0</ele></rtept><rtept lat="57.538162" lon="12.417778"><ele>19.8</ele></rtept><rtept lat="57.538157" lon="12.417815"><ele>20.0</ele></rtept><rtept lat="57.538143" lon="12.417845"><ele>19.8</ele></rtept><rtept lat="57.53813" lon="12.41791"><ele>19.6</ele></rtept><rtept lat="57.538123" lon="12.417948"><ele>19.2</ele></rtept><rtept lat="57.538137" lon="12.417992"><ele>19.6</ele></rtept><rtept lat="57.538143" lon="12.418027"><ele>19.4</ele></rtept><rtept lat="57.538157" lon="12.41806"><ele>19.6</ele></rtept><rtept lat="57.538182" lon="12.418092"><ele>19.4</ele></rtept><rtept lat="57.538207" lon="12.418093"><ele>19.8</ele></rtept><rtept lat="57.538233" lon="12.418103"><ele>19.4</ele></rtept><rtept lat="57.538252" lon="12.418127"><ele>19.4</ele></rtept><rtept lat="57.538272" lon="12.41816"><ele>19.2</ele></rtept><rtept lat="57.53829" lon="12.418192"><ele>19.2</ele></rtept><rtept lat="57.538303" lon="12.418225"><ele>19.6</ele></rtept><rtept lat="57.538317" lon="12.41826"><ele>19.4</ele></rtept><rtept lat="57.538328" lon="12.418292"><ele>19.2</ele></rtept><rtept lat="57.538342" lon="12.418322"><ele>19.2</ele></rtept><rtept lat="57.538367" lon="12.418335"><ele>19.0</ele></rtept><rtept lat="57.538393" lon="12.418342"><ele>19.4</ele></rtept><rtept lat="57.538418" lon="12.418352"><ele>19.2</ele></rtept><rtept lat="57.538438" lon="12.41836"><ele>19.0</ele></rtept><rtept lat="57.538463" lon="12.41837"><ele>19.4</ele></rtept><rtept lat="57.538488" lon="12.418377"><ele>19.2</ele></rtept><rtept lat="57.538508" lon="12.418383"><ele>19.6</ele></rtept><rtept lat="57.538533" lon="12.41839"><ele>19.6</ele></rtept><rtept lat="57.53856" lon="12.418395"><ele>19.6</ele></rtept><rtept lat="57.538578" lon="12.418403"><ele>19.8</ele></rtept><rtept lat="57.53861" lon="12.41841"><ele>19.6</ele></rtept><rtept lat="57.538637" lon="12.418415"><ele>19.2</ele></rtept><rtept lat="57.538668" lon="12.418412"><ele>19.6</ele></rtept><rtept lat="57.538693" lon="12.41842"><ele>19.2</ele></rtept><rtept lat="57.538713" lon="12.41843"><ele>19.6</ele></rtept><rtept lat="57.538738" lon="12.418432"><ele>19.4</ele></rtept><rtept lat="57.538763" lon="12.418437"><ele>19.2</ele></rtept><rtept lat="57.53879" lon="12.418448"><ele>19.8</ele></rtept><rtept lat="57.538815" lon="12.418448"><ele>19.4</ele></rtept><rtept lat="57.538835" lon="12.418453"><ele>19.6</ele></rtept><rtept lat="57.538853" lon="12.41846"><ele>19.4</ele></rtept><rtept lat="57.538873" lon="12.418465"><ele>19.4</ele></rtept><rtept lat="57.538898" lon="12.418463"><ele>19.6</ele></rtept><rtept lat="57.538918" lon="12.418463"><ele>19.4</ele></rtept><rtept lat="57.538943" lon="12.418465"><ele>19.6</ele></rtept><rtept lat="57.538968" lon="12.418468"><ele>19.4</ele></rtept><rtept lat="57.538995" lon="12.41847"><ele>19.2</ele></rtept><rtept lat="57.53902" lon="12.418478"><ele>19.6</ele></rtept><rtept lat="57.539045" lon="12.418493"><ele>19.4</ele></rtept><rtept lat="57.539072" lon="12.41851"><ele>19.4</ele></rtept><rtept lat="57.53909" lon="12.418528"><ele>19.6</ele></rtept><rtept lat="57.53911" lon="12.418538"><ele>19.2</ele></rtept><rtept lat="57.539135" lon="12.418543"><ele>19.6</ele></rtept><rtept lat="57.53916" lon="12.418555"><ele>19.4</ele></rtept><rtept lat="57.53918" lon="12.41856"><ele>19.0</ele></rtept><rtept lat="57.539205" lon="12.418568"><ele>19.4</ele></rtept><rtept lat="57.539225" lon="12.418575"><ele>19.2</ele></rtept><rtept lat="57.539243" lon="12.418585"><ele>19.4</ele></rtept><rtept lat="57.53927" lon="12.418595"><ele>19.2</ele></rtept><rtept lat="57.539295" lon="12.418603"><ele>19.2</ele></rtept><rtept lat="57.53932" lon="12.418615"><ele>19.6</ele></rtept><rtept lat="57.539347" lon="12.418622"><ele>19.6</ele></rtept><rtept lat="57.539365" lon="12.418628"><ele>19.8</ele></rtept><rtept lat="57.539392" lon="12.418638"><ele>20.0</ele></rtept><rtept lat="57.53941" lon="12.418643"><ele>19.8</ele></rtept><rtept lat="57.539442" lon="12.418653"><ele>20.2</ele></rtept><rtept lat="57.539462" lon="12.418668"><ele>20.0</ele></rtept><rtept lat="57.539487" lon="12.41868"><ele>19.8</ele></rtept><rtept lat="57.539513" lon="12.418695"><ele>20.0</ele></rtept><rtept lat="57.539532" lon="12.418707"><ele>20.0</ele></rtept><rtept lat="57.539558" lon="12.418718"><ele>20.2</ele></rtept><rtept lat="57.539583" lon="12.418727"><ele>20.2</ele></rtept><rtept lat="57.539602" lon="12.418728"><ele>20.2</ele></rtept><rtept lat="57.539622" lon="12.418733"><ele>20.6</ele></rtept><rtept lat="57.53964" lon="12.41874"><ele>20.4</ele></rtept><rtept lat="57.539667" lon="12.418747"><ele>21.0</ele></rtept><rtept lat="57.539685" lon="12.418757"><ele>20.8</ele></rtept><rtept lat="57.539705" lon="12.418767"><ele>21.0</ele></rtept><rtept lat="57.53973" lon="12.418782"><ele>21.0</ele></rtept><rtept lat="57.53975" lon="12.418797"><ele>21.0</ele></rtept><rtept lat="57.539775" lon="12.418813"><ele>21.2</ele></rtept><rtept lat="57.539795" lon="12.418827"><ele>21.0</ele></rtept><rtept lat="57.53982" lon="12.418833"><ele>21.2</ele></rtept><rtept lat="57.53984" lon="12.418833"><ele>21.2</ele></rtept><rtept lat="57.539865" lon="12.418827"><ele>21.2</ele></rtept><rtept lat="57.539883" lon="12.418823"><ele>21.6</ele></rtept><rtept lat="57.53991" lon="12.418818"><ele>21.4</ele></rtept><rtept lat="57.539928" lon="12.4188"><ele>21.0</ele></rtept><rtept lat="57.539955" lon="12.418783"><ele>21.4</ele></rtept><rtept lat="57.53998" lon="12.418773"><ele>21.2</ele></rtept><rtept lat="57.540005" lon="12.418758"><ele>21.4</ele></rtept><rtept lat="57.540025" lon="12.418748"><ele>21.2</ele></rtept><rtept lat="57.540043" lon="12.418737"><ele>21.2</ele></rtept><rtept lat="57.540063" lon="12.418713"><ele>21.4</ele></rtept><rtept lat="57.540088" lon="12.418658"><ele>21.4</ele></rtept><rtept lat="57.540108" lon="12.418623"><ele>21.6</ele></rtept><rtept lat="57.54012" lon="12.418593"><ele>21.4</ele></rtept><rtept lat="57.540133" lon="12.418555"><ele>21.8</ele></rtept><rtept lat="57.540147" lon="12.418518"><ele>21.6</ele></rtept><rtept lat="57.540165" lon="12.41849"><ele>21.4</ele></rtept><rtept lat="57.540185" lon="12.41846"><ele>21.8</ele></rtept><rtept lat="57.540203" lon="12.418435"><ele>21.4</ele></rtept><rtept lat="57.540223" lon="12.418407"><ele>21.8</ele></rtept><rtept lat="57.540242" lon="12.418377"><ele>21.6</ele></rtept><rtept lat="57.540262" lon="12.418352"><ele>21.4</ele></rtept><rtept lat="57.540287" lon="12.41833"><ele>21.8</ele></rtept><rtept lat="57.540307" lon="12.418305"><ele>21.8</ele></rtept><rtept lat="57.540332" lon="12.418277"><ele>22.0</ele></rtept><rtept lat="57.540358" lon="12.41825"><ele>22.0</ele></rtept><rtept lat="57.540377" lon="12.418232"><ele>22.0</ele></rtept><rtept lat="57.540402" lon="12.41822"><ele>22.4</ele></rtept><rtept lat="57.540428" lon="12.418218"><ele>22.0</ele></rtept><rtept lat="57.54046" lon="12.41822"><ele>22.4</ele></rtept><rtept lat="57.540485" lon="12.418225"><ele>22.2</ele></rtept><rtept lat="57.540512" lon="12.418218"><ele>22.0</ele></rtept><rtept lat="57.540543" lon="12.418217"><ele>22.4</ele></rtept><rtept lat="57.540568" lon="12.418218"><ele>22.2</ele></rtept><rtept lat="57.540595" lon="12.418225"><ele>22.4</ele></rtept><rtept lat="57.540627" lon="12.418237"><ele>22.2</ele></rtept><rtept lat="57.540645" lon="12.41825"><ele>22.0</ele></rtept><rtept lat="57.540665" lon="12.418265"><ele>22.6</ele></rtept><rtept lat="57.54069" lon="12.41828"><ele>22.4</ele></rtept><rtept lat="57.54071" lon="12.418292"><ele>22.8</ele></rtept><rtept lat="57.540735" lon="12.418305"><ele>22.6</ele></rtept><rtept lat="57.54076" lon="12.418318"><ele>22.4</ele></rtept><rtept lat="57.54078" lon="12.418325"><ele>22.6</ele></rtept><rtept lat="57.540805" lon="12.41832"><ele>22.8</ele></rtept><rtept lat="57.540832" lon="12.41832"><ele>23.0</ele></rtept><rtept lat="57.540857" lon="12.418327"><ele>22.8</ele></rtept><rtept lat="57.540882" lon="12.418338"><ele>23.2</ele></rtept><rtept lat="57.540902" lon="12.418355"><ele>23.0</ele></rtept><rtept lat="57.540933" lon="12.41838"><ele>22.8</ele></rtept><rtept lat="57.540953" lon="12.4184"><ele>23.0</ele></rtept><rtept lat="57.540978" lon="12.41842"><ele>22.8</ele></rtept><rtept lat="57.541003" lon="12.418435"><ele>23.2</ele></rtept><rtept lat="57.541037" lon="12.418443"><ele>23.0</ele></rtept><rtept lat="57.541062" lon="12.418455"><ele>23.0</ele></rtept><rtept lat="57.541093" lon="12.418465"><ele>23.0</ele></rtept><rtept lat="57.541113" lon="12.418478"><ele>23.0</ele></rtept><rtept lat="57.541138" lon="12.418485"><ele>23.4</ele></rtept><rtept lat="57.54117" lon="12.41849"><ele>23.2</ele></rtept><rtept lat="57.54119" lon="12.4185"><ele>23.4</ele></rtept><rtept lat="57.541222" lon="12.418505"><ele>23.6</ele></rtept><rtept lat="57.541253" lon="12.41852"><ele>23.2</ele></rtept><rtept lat="57.541285" lon="12.418528"><ele>23.4</ele></rtept><rtept lat="57.541312" lon="12.418538"><ele>23.2</ele></rtept><rtept lat="57.54135" lon="12.41855"><ele>23.6</ele></rtept><rtept lat="57.541375" lon="12.418568"><ele>23.2</ele></rtept><rtept lat="57.541407" lon="12.418578"><ele>23.4</ele></rtept><rtept lat="57.54144" lon="12.418588"><ele>23.2</ele></rtept><rtept lat="57.541472" lon="12.4186"><ele>22.8</ele></rtept><rtept lat="57.541497" lon="12.41861"><ele>23.0</ele></rtept><rtept lat="57.541535" lon="12.418628"><ele>22.8</ele></rtept><rtept lat="57.54156" lon="12.418642"><ele>23.2</ele></rtept><rtept lat="57.541593" lon="12.418655"><ele>23.0</ele></rtept><rtept lat="57.541618" lon="12.418667"><ele>23.0</ele></rtept><rtept lat="57.54165" lon="12.418682"><ele>23.2</ele></rtept><rtept lat="57.541677" lon="12.418702"><ele>23.2</ele></rtept><rtept lat="57.541708" lon="12.41872"><ele>23.6</ele></rtept><rtept lat="57.541733" lon="12.418733"><ele>23.4</ele></rtept><rtept lat="57.541765" lon="12.418747"><ele>23.6</ele></rtept><rtept lat="57.541792" lon="12.418763"><ele>23.4</ele></rtept><rtept lat="57.541817" lon="12.41878"><ele>23.2</ele></rtept><rtept lat="57.541848" lon="12.418792"><ele>23.4</ele></rtept><rtept lat="57.541875" lon="12.4188"><ele>23.2</ele></rtept><rtept lat="57.541907" lon="12.418813"><ele>23.6</ele></rtept><rtept lat="57.541932" lon="12.418823"><ele>23.4</ele></rtept><rtept lat="57.541958" lon="12.418833"><ele>23.4</ele></rtept><rtept lat="57.54199" lon="12.418843"><ele>23.6</ele></rtept><rtept lat="57.542015" lon="12.418853"><ele>23.6</ele></rtept><rtept lat="57.54204" lon="12.418862"><ele>24.0</ele></rtept><rtept lat="57.542073" lon="12.418868"><ele>23.4</ele></rtept><rtept lat="57.542098" lon="12.418878"><ele>23.8</ele></rtept><rtept lat="57.54213" lon="12.418887"><ele>23.6</ele></rtept><rtept lat="57.542162" lon="12.418897"><ele>23.4</ele></rtept><rtept lat="57.542188" lon="12.418907"><ele>23.6</ele></rtept><rtept lat="57.542213" lon="12.418918"><ele>23.4</ele></rtept><rtept lat="57.542245" lon="12.41893"><ele>23.8</ele></rtept><rtept lat="57.542272" lon="12.418945"><ele>23.6</ele></rtept><rtept lat="57.542303" lon="12.418955"><ele>23.4</ele></rtept><rtept lat="57.542328" lon="12.41897"><ele>23.6</ele></rtept><rtept lat="57.542355" lon="12.418985"><ele>23.4</ele></rtept><rtept lat="57.54238" lon="12.419007"><ele>23.8</ele></rtept><rtept lat="57.542412" lon="12.419025"><ele>23.4</ele></rtept><rtept lat="57.542432" lon="12.419037"><ele>23.2</ele></rtept><rtept lat="57.542463" lon="12.419045"><ele>23.4</ele></rtept><rtept lat="57.542488" lon="12.419052"><ele>23.4</ele></rtept><rtept lat="57.542508" lon="12.41906"><ele>23.8</ele></rtept><rtept lat="57.54254" lon="12.419065"><ele>23.4</ele></rtept><rtept lat="57.542565" lon="12.419072"><ele>23.6</ele></rtept><rtept lat="57.542592" lon="12.41908"><ele>23.6</ele></rtept><rtept lat="57.54261" lon="12.419085"><ele>23.4</ele></rtept><rtept lat="57.542642" lon="12.41909"><ele>23.6</ele></rtept><rtept lat="57.542668" lon="12.419085"><ele>23.2</ele></rtept><rtept lat="57.5427" lon="12.419083"><ele>23.4</ele></rtept><rtept lat="57.54272" lon="12.419082"><ele>23.2</ele></rtept><rtept lat="57.542745" lon="12.419085"><ele>22.8</ele></rtept><rtept lat="57.542763" lon="12.419107"><ele>23.0</ele></rtept><rtept lat="57.542783" lon="12.41914"><ele>22.8</ele></rtept><rtept lat="57.542802" lon="12.419165"><ele>23.0</ele></rtept><rtept lat="57.542822" lon="12.419183"><ele>23.0</ele></rtept><rtept lat="57.542847" lon="12.419197"><ele>23.0</ele></rtept><rtept lat="57.54288" lon="12.419205"><ele>22.8</ele></rtept><rtept lat="57.542912" lon="12.41921"><ele>22.6</ele></rtept><rtept lat="57.542937" lon="12.419218"><ele>23.0</ele></rtept><rtept lat="57.542968" lon="12.419225"><ele>22.6</ele></rtept><rtept lat="57.542988" lon="12.419237"><ele>22.8</ele></rtept><rtept lat="57.54302" lon="12.419255"><ele>22.6</ele></rtept><rtept lat="57.54304" lon="12.419275"><ele>22.4</ele></rtept><rtept lat="57.543058" lon="12.419303"><ele>22.8</ele></rtept><rtept lat="57.543083" lon="12.419342"><ele>22.6</ele></rtept><rtept lat="57.543103" lon="12.419383"><ele>22.8</ele></rtept><rtept lat="57.543117" lon="12.419437"><ele>22.8</ele></rtept><rtept lat="57.543128" lon="12.419488"><ele>22.6</ele></rtept><rtept lat="57.543135" lon="12.419542"><ele>23.0</ele></rtept><rtept lat="57.543142" lon="12.419598"><ele>22.6</ele></rtept><rtept lat="57.543148" lon="12.419652"><ele>22.6</ele></rtept><rtept lat="57.543155" lon="12.419705"><ele>22.6</ele></rtept><rtept lat="57.54316" lon="12.419762"><ele>22.4</ele></rtept><rtept lat="57.543167" lon="12.41982"><ele>22.6</ele></rtept><rtept lat="57.543167" lon="12.419878"><ele>22.2</ele></rtept><rtept lat="57.543167" lon="12.419937"><ele>22.2</ele></rtept><rtept lat="57.543167" lon="12.419995"><ele>22.0</ele></rtept><rtept lat="57.543167" lon="12.420047"><ele>21.8</ele></rtept><rtept lat="57.543173" lon="12.420103"><ele>22.2</ele></rtept><rtept lat="57.543173" lon="12.420158"><ele>21.8</ele></rtept><rtept lat="57.543173" lon="12.420208"><ele>22.2</ele></rtept><rtept lat="57.543173" lon="12.42026"><ele>22.0</ele></rtept><rtept lat="57.543173" lon="12.420312"><ele>21.6</ele></rtept><rtept lat="57.543173" lon="12.420357"><ele>21.8</ele></rtept><rtept lat="57.543167" lon="12.42041"><ele>21.8</ele></rtept><rtept lat="57.543167" lon="12.42046"><ele>22.2</ele></rtept><rtept lat="57.543167" lon="12.42051"><ele>21.6</ele></rtept><rtept lat="57.54316" lon="12.42056"><ele>22.0</ele></rtept><rtept lat="57.54316" lon="12.420615"><ele>21.8</ele></rtept><rtept lat="57.54316" lon="12.420665"><ele>21.6</ele></rtept><rtept lat="57.54316" lon="12.420722"><ele>22.0</ele></rtept><rtept lat="57.543148" lon="12.420775"><ele>21.8</ele></rtept><rtept lat="57.543148" lon="12.420823"><ele>22.2</ele></rtept><rtept lat="57.543142" lon="12.420877"><ele>21.8</ele></rtept><rtept lat="57.543135" lon="12.420927"><ele>21.6</ele></rtept><rtept lat="57.543128" lon="12.42098"><ele>21.8</ele></rtept><rtept lat="57.543122" lon="12.421032"><ele>21.6</ele></rtept><rtept lat="57.543117" lon="12.42108"><ele>22.0</ele></rtept><rtept lat="57.54311" lon="12.421127"><ele>21.8</ele></rtept><rtept lat="57.543097" lon="12.421175"><ele>21.8</ele></rtept><rtept lat="57.54309" lon="12.42123"><ele>22.0</ele></rtept><rtept lat="57.543078" lon="12.42128"><ele>21.6</ele></rtept><rtept lat="57.543065" lon="12.42133"><ele>22.2</ele></rtept><rtept lat="57.543058" lon="12.421388"><ele>21.6</ele></rtept><rtept lat="57.543045" lon="12.42144"><ele>21.8</ele></rtept><rtept lat="57.54304" lon="12.421488"><ele>22.0</ele></rtept><rtept lat="57.543027" lon="12.421537"><ele>21.6</ele></rtept><rtept lat="57.54302" lon="12.421583"><ele>22.0</ele></rtept><rtept lat="57.543007" lon="12.421628"><ele>21.4</ele></rtept><rtept lat="57.543" lon="12.421672"><ele>21.8</ele></rtept><rtept lat="57.542988" lon="12.421718"><ele>21.6</ele></rtept><rtept lat="57.542982" lon="12.421772"><ele>21.4</ele></rtept><rtept lat="57.542962" lon="12.421822"><ele>21.8</ele></rtept><rtept lat="57.54295" lon="12.421872"><ele>21.4</ele></rtept><rtept lat="57.542943" lon="12.421917"><ele>21.8</ele></rtept><rtept lat="57.54293" lon="12.421963"><ele>21.4</ele></rtept><rtept lat="57.542918" lon="12.42201"><ele>21.2</ele></rtept><rtept lat="57.542905" lon="12.42206"><ele>21.6</ele></rtept><rtept lat="57.542898" lon="12.422103"><ele>21.4</ele></rtept><rtept lat="57.542885" lon="12.422148"><ele>22.0</ele></rtept><rtept lat="57.542873" lon="12.422193"><ele>21.4</ele></rtept><rtept lat="57.54286" lon="12.422237"><ele>21.8</ele></rtept><rtept lat="57.542847" lon="12.422282"><ele>21.6</ele></rtept><rtept lat="57.54284" lon="12.422328"><ele>21.4</ele></rtept><rtept lat="57.542828" lon="12.422378"><ele>21.8</ele></rtept><rtept lat="57.542815" lon="12.422425"><ele>21.4</ele></rtept><rtept lat="57.542802" lon="12.422465"><ele>22.0</ele></rtept><rtept lat="57.54279" lon="12.422507"><ele>21.6</ele></rtept><rtept lat="57.542777" lon="12.422547"><ele>21.2</ele></rtept><rtept lat="57.54277" lon="12.422585"><ele>21.8</ele></rtept><rtept lat="57.542763" lon="12.422628"><ele>21.6</ele></rtept><rtept lat="57.542752" lon="12.42267"><ele>22.0</ele></rtept><rtept lat="57.542745" lon="12.422725"><ele>21.6</ele></rtept><rtept lat="57.542738" lon="12.422775"><ele>21.8</ele></rtept><rtept lat="57.542725" lon="12.422828"><ele>22.0</ele></rtept><rtept lat="57.54272" lon="12.42287"><ele>22.0</ele></rtept><rtept lat="57.542707" lon="12.422918"><ele>22.6</ele></rtept><rtept lat="57.5427" lon="12.422963"><ele>22.2</ele></rtept><rtept lat="57.5427" lon="12.423013"><ele>22.4</ele></rtept><rtept lat="57.542687" lon="12.423063"><ele>22.2</ele></rtept><rtept lat="57.542687" lon="12.423117"><ele>22.0</ele></rtept><rtept lat="57.54268" lon="12.423167"><ele>22.2</ele></rtept><rtept lat="57.54268" lon="12.42322"><ele>22.0</ele></rtept><rtept lat="57.542675" lon="12.423267"><ele>22.4</ele></rtept><rtept lat="57.542668" lon="12.423315"><ele>22.2</ele></rtept><rtept lat="57.542662" lon="12.423357"><ele>22.4</ele></rtept><rtept lat="57.542637" lon="12.423383"><ele>22.2</ele></rtept><rtept lat="57.54261" lon="12.423403"><ele>22.0</ele></rtept><rtept lat="57.542592" lon="12.423423"><ele>22.4</ele></rtept><rtept lat="57.542565" lon="12.423443"><ele>22.0</ele></rtept><rtept lat="57.54254" lon="12.423463"><ele>21.6</ele></rtept><rtept lat="57.542515" lon="12.423478"><ele>21.8</ele></rtept><rtept lat="57.542488" lon="12.423493"><ele>21.6</ele></rtept><rtept lat="57.542463" lon="12.423513"><ele>22.0</ele></rtept><rtept lat="57.542443" lon="12.423535"><ele>22.0</ele></rtept><rtept lat="57.542418" lon="12.423558"><ele>22.0</ele></rtept><rtept lat="57.542393" lon="12.423573"><ele>22.2</ele></rtept><rtept lat="57.542373" lon="12.423588"><ele>22.0</ele></rtept><rtept lat="57.542355" lon="12.423612"><ele>22.2</ele></rtept><rtept lat="57.542328" lon="12.423632"><ele>21.8</ele></rtept><rtept lat="57.542303" lon="12.423642"><ele>22.0</ele></rtept><rtept lat="57.542283" lon="12.423657"><ele>21.8</ele></rtept><rtept lat="57.542265" lon="12.423672"><ele>21.6</ele></rtept><rtept lat="57.54224" lon="12.423687"><ele>22.0</ele></rtept><rtept lat="57.542213" lon="12.423703"><ele>21.4</ele></rtept><rtept lat="57.542188" lon="12.42372"><ele>21.6</ele></rtept><rtept lat="57.542162" lon="12.423733"><ele>21.2</ele></rtept><rtept lat="57.542143" lon="12.42374"><ele>21.6</ele></rtept><rtept lat="57.542112" lon="12.423747"><ele>21.6</ele></rtept><rtept lat="57.542085" lon="12.423747"><ele>21.4</ele></rtept><rtept lat="57.542053" lon="12.423743"><ele>21.8</ele></rtept><rtept lat="57.542028" lon="12.42374"><ele>21.6</ele></rtept><rtept lat="57.542002" lon="12.42374"><ele>21.6</ele></rtept><rtept lat="57.541977" lon="12.423743"><ele>21.6</ele></rtept><rtept lat="57.541952" lon="12.423757"><ele>21.8</ele></rtept><rtept lat="57.541925" lon="12.423767"><ele>21.6</ele></rtept><rtept lat="57.541893" lon="12.42378"><ele>21.4</ele></rtept><rtept lat="57.541875" lon="12.423792"><ele>21.2</ele></rtept><rtept lat="57.541848" lon="12.423793"><ele>21.2</ele></rtept><rtept lat="57.541823" lon="12.423798"><ele>21.2</ele></rtept><rtept lat="57.541798" lon="12.423805"><ele>21.2</ele></rtept><rtept lat="57.541772" lon="12.42382"><ele>21.2</ele></rtept><rtept lat="57.541747" lon="12.423837"><ele>21.2</ele></rtept><rtept lat="57.54172" lon="12.42385"><ele>21.0</ele></rtept><rtept lat="57.541695" lon="12.423857"><ele>21.0</ele></rtept><rtept lat="57.54167" lon="12.423867"><ele>21.0</ele></rtept><rtept lat="57.541643" lon="12.423878"><ele>21.4</ele></rtept><rtept lat="57.541618" lon="12.423885"><ele>21.2</ele></rtept><rtept lat="57.541593" lon="12.423892"><ele>21.2</ele></rtept><rtept lat="57.541567" lon="12.423895"><ele>21.4</ele></rtept><rtept lat="57.541542" lon="12.423897"><ele>21.2</ele></rtept><rtept lat="57.541517" lon="12.4239"><ele>21.6</ele></rtept><rtept lat="57.54149" lon="12.423902"><ele>21.2</ele></rtept><rtept lat="57.541465" lon="12.4239"><ele>21.0</ele></rtept><rtept lat="57.54144" lon="12.423905"><ele>21.4</ele></rtept><rtept lat="57.541413" lon="12.423907"><ele>21.0</ele></rtept><rtept lat="57.541388" lon="12.42391"><ele>21.4</ele></rtept><rtept lat="57.541362" lon="12.423912"><ele>21.4</ele></rtept><rtept lat="57.541337" lon="12.42391"><ele>21.4</ele></rtept><rtept lat="57.541312" lon="12.423915"><ele>21.8</ele></rtept><rtept lat="57.541285" lon="12.42392"><ele>21.4</ele></rtept><rtept lat="57.54126" lon="12.423925"><ele>21.4</ele></rtept><rtept lat="57.541228" lon="12.42393"><ele>21.6</ele></rtept><rtept lat="57.541202" lon="12.423932"><ele>21.4</ele></rtept><rtept lat="57.541177" lon="12.423937"><ele>21.6</ele></rtept><rtept lat="57.541152" lon="12.423937"><ele>21.4</ele></rtept><rtept lat="57.54112" lon="12.423937"><ele>21.2</ele></rtept><rtept lat="57.5411" lon="12.423932"><ele>21.4</ele></rtept><rtept lat="57.541075" lon="12.42393"><ele>21.2</ele></rtept><rtept lat="57.541042" lon="12.423925"><ele>21.8</ele></rtept><rtept lat="57.541017" lon="12.423927"><ele>21.4</ele></rtept><rtept lat="57.540992" lon="12.423927"><ele>21.0</ele></rtept><rtept lat="57.540965" lon="12.423927"><ele>21.4</ele></rtept><rtept lat="57.54094" lon="12.423932"><ele>21.4</ele></rtept><rtept lat="57.540915" lon="12.423942"><ele>21.4</ele></rtept><rtept lat="57.540888" lon="12.423955"><ele>21.4</ele></rtept><rtept lat="57.540863" lon="12.423972"><ele>21.4</ele></rtept><rtept lat="57.540843" lon="12.42399"><ele>21.4</ele></rtept><rtept lat="57.540825" lon="12.424007"><ele>21.4</ele></rtept><rtept lat="57.5408" lon="12.424025"><ele>21.6</ele></rtept><rtept lat="57.54078" lon="12.424043"><ele>21.6</ele></rtept><rtept lat="57.540755" lon="12.42406"><ele>21.8</ele></rtept><rtept lat="57.540728" lon="12.42407"><ele>21.8</ele></rtept><rtept lat="57.540703" lon="12.424077"><ele>21.6</ele></rtept><rtept lat="57.540678" lon="12.424083"><ele>21.8</ele></rtept><rtept lat="57.540652" lon="12.424093"><ele>21.6</ele></rtept><rtept lat="57.540627" lon="12.424108"><ele>21.6</ele></rtept><rtept lat="57.5406" lon="12.424123"><ele>21.6</ele></rtept><rtept lat="57.540575" lon="12.424135"><ele>21.2</ele></rtept><rtept lat="57.54055" lon="12.424178"><ele>21.2</ele></rtept><rtept lat="57.540543" lon="12.424215"><ele>20.6</ele></rtept><rtept lat="57.540543" lon="12.424267"><ele>21.0</ele></rtept><rtept lat="57.540543" lon="12.424313"><ele>20.8</ele></rtept><rtept lat="57.540543" lon="12.424353"><ele>21.2</ele></rtept><rtept lat="57.54055" lon="12.424402"><ele>21.0</ele></rtept><rtept lat="57.540562" lon="12.424452"><ele>20.8</ele></rtept><rtept lat="57.540562" lon="12.424502"><ele>21.0</ele></rtept><rtept lat="57.540568" lon="12.424558"><ele>20.8</ele></rtept><rtept lat="57.540575" lon="12.424607"><ele>21.0</ele></rtept><rtept lat="57.540575" lon="12.424657"><ele>21.0</ele></rtept><rtept lat="57.540575" lon="12.4247"><ele>21.0</ele></rtept><rtept lat="57.540575" lon="12.42475"><ele>21.2</ele></rtept><rtept lat="57.540575" lon="12.424797"><ele>21.0</ele></rtept><rtept lat="57.540562" lon="12.424845"><ele>21.2</ele></rtept><rtept lat="57.540557" lon="12.424903"><ele>20.6</ele></rtept><rtept lat="57.54055" lon="12.42494"><ele>20.4</ele></rtept><rtept lat="57.540543" lon="12.424983"><ele>20.6</ele></rtept><rtept lat="57.540543" lon="12.425033"><ele>20.2</ele></rtept><rtept lat="57.540537" lon="12.425077"><ele>20.6</ele></rtept><rtept lat="57.540523" lon="12.425123"><ele>20.2</ele></rtept><rtept lat="57.540518" lon="12.425173"><ele>20.2</ele></rtept><rtept lat="57.540512" lon="12.425225"><ele>20.4</ele></rtept><rtept lat="57.540505" lon="12.425277"><ele>20.0</ele></rtept><rtept lat="57.540505" lon="12.425322"><ele>20.4</ele></rtept><rtept lat="57.540498" lon="12.425372"><ele>20.0</ele></rtept><rtept lat="57.540498" lon="12.42542"><ele>20.0</ele></rtept><rtept lat="57.540498" lon="12.425473"><ele>20.0</ele></rtept><rtept lat="57.540498" lon="12.42552"><ele>19.8</ele></rtept><rtept lat="57.540492" lon="12.425565"><ele>20.2</ele></rtept><rtept lat="57.540485" lon="12.42561"><ele>20.0</ele></rtept><rtept lat="57.54048" lon="12.425655"><ele>20.0</ele></rtept><rtept lat="57.54048" lon="12.425702"><ele>20.0</ele></rtept><rtept lat="57.54048" lon="12.425747"><ele>20.0</ele></rtept><rtept lat="57.54048" lon="12.425797"><ele>20.4</ele></rtept><rtept lat="57.540473" lon="12.425843"><ele>20.0</ele></rtept><rtept lat="57.540467" lon="12.425887"><ele>19.8</ele></rtept><rtept lat="57.54046" lon="12.425933"><ele>20.0</ele></rtept><rtept lat="57.540447" lon="12.425977"><ele>19.8</ele></rtept><rtept lat="57.540428" lon="12.426017"><ele>20.4</ele></rtept><rtept lat="57.540415" lon="12.42606"><ele>20.0</ele></rtept><rtept lat="57.540402" lon="12.426102"><ele>19.8</ele></rtept><rtept lat="57.54039" lon="12.426148"><ele>20.2</ele></rtept><rtept lat="57.540383" lon="12.426198"><ele>20.0</ele></rtept><rtept lat="57.540377" lon="12.42625"><ele>20.2</ele></rtept><rtept lat="57.54037" lon="12.426298"><ele>20.0</ele></rtept><rtept lat="57.540363" lon="12.426342"><ele>20.0</ele></rtept><rtept lat="57.540363" lon="12.426383"><ele>20.4</ele></rtept><rtept lat="57.540363" lon="12.426428"><ele>20.0</ele></rtept><rtept lat="57.540352" lon="12.426483"><ele>20.0</ele></rtept><rtept lat="57.540338" lon="12.42652"><ele>20.2</ele></rtept><rtept lat="57.540332" lon="12.42656"><ele>20.0</ele></rtept><rtept lat="57.54032" lon="12.426607"><ele>20.2</ele></rtept><rtept lat="57.540307" lon="12.426657"><ele>19.8</ele></rtept><rtept lat="57.5403" lon="12.4267"><ele>19.6</ele></rtept><rtept lat="57.540287" lon="12.426742"><ele>20.2</ele></rtept><rtept lat="57.54028" lon="12.426792"><ele>19.8</ele></rtept><rtept lat="57.540275" lon="12.42684"><ele>20.0</ele></rtept><rtept lat="57.540275" lon="12.426885"><ele>19.8</ele></rtept><rtept lat="57.540275" lon="12.42693"><ele>19.6</ele></rtept><rtept lat="57.540275" lon="12.426975"><ele>20.0</ele></rtept><rtept lat="57.540275" lon="12.42702"><ele>19.6</ele></rtept><rtept lat="57.540268" lon="12.42706"><ele>19.6</ele></rtept><rtept lat="57.540262" lon="12.427102"><ele>19.4</ele></rtept><rtept lat="57.540255" lon="12.427143"><ele>19.4</ele></rtept><rtept lat="57.540255" lon="12.427192"><ele>19.8</ele></rtept><rtept lat="57.540255" lon="12.427233"><ele>19.6</ele></rtept><rtept lat="57.540248" lon="12.427268"><ele>19.6</ele></rtept><rtept lat="57.540237" lon="12.427312"><ele>19.6</ele></rtept><rtept lat="57.540223" lon="12.427357"><ele>19.6</ele></rtept><rtept lat="57.540217" lon="12.4274"><ele>20.2</ele></rtept><rtept lat="57.540203" lon="12.42744"><ele>20.0</ele></rtept><rtept lat="57.540198" lon="12.427478"><ele>19.8</ele></rtept><rtept lat="57.540185" lon="12.427517"><ele>20.2</ele></rtept><rtept lat="57.540178" lon="12.427557"><ele>20.2</ele></rtept><rtept lat="57.540172" lon="12.42759"><ele>20.6</ele></rtept><rtept lat="57.54016" lon="12.427625"><ele>20.4</ele></rtept><rtept lat="57.540147" lon="12.427663"><ele>20.2</ele></rtept><rtept lat="57.540127" lon="12.4277"><ele>20.8</ele></rtept><rtept lat="57.54012" lon="12.427745"><ele>20.6</ele></rtept><rtept lat="57.540108" lon="12.427795"><ele>20.2</ele></rtept><rtept lat="57.540102" lon="12.427828"><ele>20.4</ele></rtept><rtept lat="57.540082" lon="12.427878"><ele>20.2</ele></rtept><rtept lat="57.54007" lon="12.427908"><ele>20.2</ele></rtept><rtept lat="57.54007" lon="12.427967"><ele>20.2</ele></rtept><rtept lat="57.540063" lon="12.428013"><ele>20.4</ele></rtept><rtept lat="57.54005" lon="12.428072"><ele>21.0</ele></rtept><rtept lat="57.540038" lon="12.428105"><ele>21.0</ele></rtept><rtept lat="57.540025" lon="12.428135"><ele>21.8</ele></rtept><rtept lat="57.540005" lon="12.428167"><ele>21.6</ele></rtept><rtept lat="57.53998" lon="12.428205"><ele>21.6</ele></rtept><rtept lat="57.539948" lon="12.428243"><ele>22.2</ele></rtept><rtept lat="57.539922" lon="12.42828"><ele>22.0</ele></rtept><rtept lat="57.53989" lon="12.42832"><ele>22.2</ele></rtept><rtept lat="57.539865" lon="12.428353"><ele>22.2</ele></rtept><rtept lat="57.53984" lon="12.428378"><ele>22.0</ele></rtept><rtept lat="57.539795" lon="12.428422"><ele>21.8</ele></rtept><rtept lat="57.539768" lon="12.42844"><ele>21.4</ele></rtept><rtept lat="57.539737" lon="12.428468"><ele>21.8</ele></rtept><rtept lat="57.539712" lon="12.428512"><ele>21.4</ele></rtept><rtept lat="57.539685" lon="12.428543"><ele>21.6</ele></rtept><rtept lat="57.53966" lon="12.428573"><ele>21.6</ele></rtept><rtept lat="57.539635" lon="12.428598"><ele>21.4</ele></rtept><rtept lat="57.539608" lon="12.428613"><ele>21.6</ele></rtept><rtept lat="57.53959" lon="12.42862"><ele>21.2</ele></rtept><rtept lat="57.539558" lon="12.42864"><ele>21.2</ele></rtept><rtept lat="57.539532" lon="12.428653"><ele>21.2</ele></rtept><rtept lat="57.539507" lon="12.428672"><ele>20.8</ele></rtept><rtept lat="57.539475" lon="12.428693"><ele>21.0</ele></rtept><rtept lat="57.539455" lon="12.42872"><ele>20.6</ele></rtept><rtept lat="57.539423" lon="12.428745"><ele>20.8</ele></rtept><rtept lat="57.539403" lon="12.428758"><ele>20.4</ele></rtept><rtept lat="57.539372" lon="12.428765"><ele>20.2</ele></rtept><rtept lat="57.539333" lon="12.428772"><ele>20.4</ele></rtept><rtept lat="57.539308" lon="12.42876"><ele>20.2</ele></rtept><rtept lat="57.539277" lon="12.428733"><ele>20.4</ele></rtept><rtept lat="57.539257" lon="12.428697"><ele>20.2</ele></rtept><rtept lat="57.539257" lon="12.428653"><ele>20.0</ele></rtept><rtept lat="57.539257" lon="12.428602"><ele>20.2</ele></rtept><rtept lat="57.53925" lon="12.428552"><ele>19.8</ele></rtept><rtept lat="57.539232" lon="12.428502"><ele>20.0</ele></rtept><rtept lat="57.539205" lon="12.428468"><ele>19.8</ele></rtept><rtept lat="57.539187" lon="12.428442"><ele>19.4</ele></rtept><rtept lat="57.53916" lon="12.428408"><ele>19.6</ele></rtept><rtept lat="57.539135" lon="12.428378"><ele>19.2</ele></rtept><rtept lat="57.539117" lon="12.428353"><ele>19.4</ele></rtept><rtept lat="57.539097" lon="12.42829"><ele>19.0</ele></rtept><rtept lat="57.539078" lon="12.42826"><ele>19.2</ele></rtept><rtept lat="57.539065" lon="12.428227"><ele>18.6</ele></rtept><rtept lat="57.539052" lon="12.428197"><ele>18.4</ele></rtept><rtept lat="57.53904" lon="12.42816"><ele>18.8</ele></rtept><rtept lat="57.539013" lon="12.428125"><ele>18.2</ele></rtept><rtept lat="57.538995" lon="12.428097"><ele>18.4</ele></rtept><rtept lat="57.538975" lon="12.428072"><ele>18.0</ele></rtept><rtept lat="57.53895" lon="12.428017"><ele>18.2</ele></rtept><rtept lat="57.53893" lon="12.427992"><ele>18.0</ele></rtept><rtept lat="57.538912" lon="12.427973"><ele>18.2</ele></rtept><rtept lat="57.538892" lon="12.427953"><ele>18.0</ele></rtept><rtept lat="57.538867" lon="12.427932"><ele>17.6</ele></rtept><rtept lat="57.538847" lon="12.427908"><ele>17.8</ele></rtept><rtept lat="57.538828" lon="12.427892"><ele>17.8</ele></rtept><rtept lat="57.538808" lon="12.42788"><ele>17.8</ele></rtept><rtept lat="57.538777" lon="12.427877"><ele>17.6</ele></rtept><rtept lat="57.538752" lon="12.427872"><ele>17.8</ele></rtept><rtept lat="57.538725" lon="12.427883"><ele>17.4</ele></rtept><rtept lat="57.5387" lon="12.427898"><ele>17.8</ele></rtept><rtept lat="57.538675" lon="12.427912"><ele>17.4</ele></rtept><rtept lat="57.538648" lon="12.427918"><ele>16.8</ele></rtept><rtept lat="57.538617" lon="12.427923"><ele>17.0</ele></rtept><rtept lat="57.538598" lon="12.427932"><ele>17.4</ele></rtept><rtept lat="57.538572" lon="12.427947"><ele>17.4</ele></rtept><rtept lat="57.538553" lon="12.427967"><ele>17.4</ele></rtept><rtept lat="57.538527" lon="12.428"><ele>17.6</ele></rtept><rtept lat="57.538502" lon="12.428007"><ele>17.8</ele></rtept><rtept lat="57.538477" lon="12.427992"><ele>17.2</ele></rtept><rtept lat="57.53845" lon="12.427953"><ele>17.2</ele></rtept><rtept lat="57.538425" lon="12.427927"><ele>17.6</ele></rtept><rtept lat="57.538405" lon="12.427898"><ele>17.6</ele></rtept><rtept lat="57.53838" lon="12.42786"><ele>18.4</ele></rtept><rtept lat="57.53836" lon="12.427837"><ele>18.0</ele></rtept><rtept lat="57.538342" lon="12.427815"><ele>18.0</ele></rtept><rtept lat="57.538322" lon="12.427795"><ele>18.2</ele></rtept><rtept lat="57.538297" lon="12.427775"><ele>18.0</ele></rtept><rtept lat="57.538272" lon="12.427762"><ele>18.4</ele></rtept><rtept lat="57.538245" lon="12.427755"><ele>18.2</ele></rtept><rtept lat="57.53822" lon="12.42775"><ele>18.0</ele></rtept><rtept lat="57.538182" lon="12.427742"><ele>18.2</ele></rtept><rtept lat="57.538157" lon="12.427742"><ele>18.0</ele></rtept><rtept lat="57.538123" lon="12.427735"><ele>18.2</ele></rtept><rtept lat="57.538098" lon="12.427725"><ele>18.0</ele></rtept><rtept lat="57.538067" lon="12.427695"><ele>18.2</ele></rtept><rtept lat="57.538047" lon="12.427673"><ele>18.0</ele></rtept><rtept lat="57.538028" lon="12.427653"><ele>17.8</ele></rtept><rtept lat="57.538015" lon="12.427615"><ele>17.6</ele></rtept><rtept lat="57.537997" lon="12.42759"><ele>18.2</ele></rtept><rtept lat="57.537977" lon="12.42757"><ele>18.0</ele></rtept><rtept lat="57.537958" lon="12.42756"><ele>17.6</ele></rtept><rtept lat="57.537907" lon="12.427545"><ele>18.0</ele></rtept><rtept lat="57.537868" lon="12.427545"><ele>18.6</ele></rtept><rtept lat="57.537842" lon="12.427548"><ele>18.6</ele></rtept><rtept lat="57.537817" lon="12.42755"><ele>18.6</ele></rtept><rtept lat="57.537785" lon="12.42756"><ele>18.8</ele></rtept><rtept lat="57.53776" lon="12.427563"><ele>18.6</ele></rtept><rtept lat="57.53772" lon="12.427577"><ele>18.8</ele></rtept><rtept lat="57.537682" lon="12.427583"><ele>18.4</ele></rtept><rtept lat="57.537657" lon="12.42759"><ele>18.2</ele></rtept><rtept lat="57.537625" lon="12.427597"><ele>18.4</ele></rtept><rtept lat="57.537598" lon="12.427603"><ele>18.2</ele></rtept><rtept lat="57.537573" lon="12.427615"><ele>18.6</ele></rtept><rtept lat="57.537542" lon="12.427623"><ele>18.2</ele></rtept><rtept lat="57.537517" lon="12.427638"><ele>18.2</ele></rtept><rtept lat="57.53749" lon="12.427648"><ele>18.4</ele></rtept><rtept lat="57.537472" lon="12.42766"><ele>18.2</ele></rtept><rtept lat="57.537445" lon="12.427693"><ele>18.6</ele></rtept><rtept lat="57.537427" lon="12.427723"><ele>18.4</ele></rtept><rtept lat="57.537413" lon="12.42775"><ele>19.0</ele></rtept><rtept lat="57.5374" lon="12.427808"><ele>18.6</ele></rtept><rtept lat="57.537388" lon="12.427848"><ele>18.6</ele></rtept><rtept lat="57.537375" lon="12.427893"><ele>18.4</ele></rtept><rtept lat="57.537362" lon="12.427953"><ele>18.8</ele></rtept><rtept lat="57.537337" lon="12.428007"><ele>18.6</ele></rtept><rtept lat="57.537323" lon="12.428045"><ele>18.8</ele></rtept><rtept lat="57.537305" lon="12.4281"><ele>18.6</ele></rtept><rtept lat="57.537285" lon="12.428152"><ele>18.6</ele></rtept><rtept lat="57.53728" lon="12.428215"><ele>18.6</ele></rtept><rtept lat="57.537267" lon="12.428265"><ele>18.4</ele></rtept><rtept lat="57.53726" lon="12.428323"><ele>18.6</ele></rtept><rtept lat="57.53726" lon="12.428388"><ele>18.2</ele></rtept><rtept lat="57.537247" lon="12.428448"><ele>18.6</ele></rtept><rtept lat="57.53724" lon="12.42852"><ele>18.2</ele></rtept><rtept lat="57.537235" lon="12.428567"><ele>18.6</ele></rtept><rtept lat="57.537222" lon="12.428623"><ele>18.2</ele></rtept><rtept lat="57.537215" lon="12.428693"><ele>18.0</ele></rtept><rtept lat="57.537208" lon="12.428738"><ele>18.2</ele></rtept><rtept lat="57.537202" lon="12.42879"><ele>18.0</ele></rtept><rtept lat="57.53719" lon="12.42884"><ele>18.6</ele></rtept><rtept lat="57.537183" lon="12.428892"><ele>18.0</ele></rtept><rtept lat="57.53717" lon="12.42894"><ele>18.2</ele></rtept><rtept lat="57.537163" lon="12.429"><ele>18.4</ele></rtept><rtept lat="57.537152" lon="12.429055"><ele>18.0</ele></rtept><rtept lat="57.537138" lon="12.429113"><ele>18.2</ele></rtept><rtept lat="57.537125" lon="12.429165"><ele>18.0</ele></rtept><rtept lat="57.53712" lon="12.429218"><ele>18.2</ele></rtept><rtept lat="57.537107" lon="12.429273"><ele>18.0</ele></rtept><rtept lat="57.5371" lon="12.429323"><ele>17.8</ele></rtept><rtept lat="57.537093" lon="12.429372"><ele>18.0</ele></rtept><rtept lat="57.53708" lon="12.42942"><ele>17.6</ele></rtept><rtept lat="57.537075" lon="12.429472"><ele>18.2</ele></rtept><rtept lat="57.537062" lon="12.429525"><ele>17.8</ele></rtept><rtept lat="57.537048" lon="12.429578"><ele>17.8</ele></rtept><rtept lat="57.53703" lon="12.429623"><ele>18.0</ele></rtept><rtept lat="57.53701" lon="12.42966"><ele>17.8</ele></rtept><rtept lat="57.536992" lon="12.429695"><ele>18.2</ele></rtept><rtept lat="57.536965" lon="12.429725"><ele>17.8</ele></rtept><rtept lat="57.536947" lon="12.42975"><ele>18.2</ele></rtept><rtept lat="57.53692" lon="12.429765"><ele>17.8</ele></rtept><rtept lat="57.536895" lon="12.429785"><ele>17.6</ele></rtept><rtept lat="57.536863" lon="12.4298"><ele>17.8</ele></rtept><rtept lat="57.536832" lon="12.429803"><ele>17.6</ele></rtept><rtept lat="57.5368" lon="12.4298"><ele>18.0</ele></rtept><rtept lat="57.536767" lon="12.429788"><ele>17.8</ele></rtept><rtept lat="57.536728" lon="12.429778"><ele>17.6</ele></rtept><rtept lat="57.536697" lon="12.429763"><ele>17.8</ele></rtept><rtept lat="57.536665" lon="12.42975"><ele>17.6</ele></rtept><rtept lat="57.53664" lon="12.429728"><ele>18.0</ele></rtept><rtept lat="57.536613" lon="12.429703"><ele>17.8</ele></rtept><rtept lat="57.536588" lon="12.429677"><ele>17.6</ele></rtept><rtept lat="57.536562" lon="12.429643"><ele>17.8</ele></rtept><rtept lat="57.536537" lon="12.42961"><ele>17.6</ele></rtept><rtept lat="57.536512" lon="12.429577"><ele>18.0</ele></rtept><rtept lat="57.536498" lon="12.42954"><ele>17.8</ele></rtept><rtept lat="57.536485" lon="12.429495"><ele>17.8</ele></rtept><rtept lat="57.536473" lon="12.42944"><ele>17.8</ele></rtept><rtept lat="57.536467" lon="12.429387"><ele>17.4</ele></rtept><rtept lat="57.536453" lon="12.429327"><ele>17.8</ele></rtept><rtept lat="57.536453" lon="12.429267"><ele>17.6</ele></rtept><rtept lat="57.536453" lon="12.429208"><ele>17.8</ele></rtept><rtept lat="57.536453" lon="12.429145"><ele>17.6</ele></rtept><rtept lat="57.53646" lon="12.429088"><ele>17.4</ele></rtept><rtept lat="57.536467" lon="12.429033"><ele>17.4</ele></rtept><rtept lat="57.536473" lon="12.428977"><ele>17.2</ele></rtept><rtept lat="57.53648" lon="12.428923"><ele>17.4</ele></rtept><rtept lat="57.536485" lon="12.428878"><ele>17.0</ele></rtept><rtept lat="57.536498" lon="12.428837"><ele>17.0</ele></rtept><rtept lat="57.536505" lon="12.428797"><ele>17.2</ele></rtept><rtept lat="57.536518" lon="12.428745"><ele>17.0</ele></rtept><rtept lat="57.536523" lon="12.428687"><ele>17.4</ele></rtept><rtept lat="57.53653" lon="12.428628"><ele>17.0</ele></rtept><rtept lat="57.536537" lon="12.428577"><ele>17.4</ele></rtept><rtept lat="57.536543" lon="12.428522"><ele>17.0</ele></rtept><rtept lat="57.53655" lon="12.42847"><ele>17.2</ele></rtept><rtept lat="57.536557" lon="12.42842"><ele>17.4</ele></rtept><rtept lat="57.536562" lon="12.428373"><ele>17.0</ele></rtept><rtept lat="57.536568" lon="12.428323"><ele>17.2</ele></rtept><rtept lat="57.536575" lon="12.42827"><ele>17.0</ele></rtept><rtept lat="57.536588" lon="12.428218"><ele>17.2</ele></rtept><rtept lat="57.536595" lon="12.428167"><ele>17.2</ele></rtept><rtept lat="57.5366" lon="12.428118"><ele>17.0</ele></rtept><rtept lat="57.536607" lon="12.428065"><ele>17.2</ele></rtept><rtept lat="57.536607" lon="12.428008"><ele>17.2</ele></rtept><rtept lat="57.536613" lon="12.427962"><ele>17.2</ele></rtept><rtept lat="57.536627" lon="12.427917"><ele>17.0</ele></rtept><rtept lat="57.536633" lon="12.427867"><ele>16.8</ele></rtept><rtept lat="57.53664" lon="12.427815"><ele>17.0</ele></rtept><rtept lat="57.536652" lon="12.427763"><ele>16.8</ele></rtept><rtept lat="57.536665" lon="12.427715"><ele>16.8</ele></rtept><rtept lat="57.536678" lon="12.42767"><ele>16.6</ele></rtept><rtept lat="57.536697" lon="12.427628"><ele>16.8</ele></rtept><rtept lat="57.53671" lon="12.42759"><ele>16.4</ele></rtept><rtept lat="57.536728" lon="12.427552"><ele>16.0</ele></rtept><rtept lat="57.53676" lon="12.427523"><ele>16.4</ele></rtept><rtept lat="57.536787" lon="12.427502"><ele>16.4</ele></rtept><rtept lat="57.536818" lon="12.427492"><ele>16.8</ele></rtept><rtept lat="57.53685" lon="12.427482"><ele>16.4</ele></rtept><rtept lat="57.536882" lon="12.427482"><ele>17.0</ele></rtept><rtept lat="57.536908" lon="12.427483"><ele>16.4</ele></rtept><rtept lat="57.53694" lon="12.42749"><ele>16.6</ele></rtept></rte></gpx>