<?xml version="1.0" encoding="UTF-8" standalone="no"?><gpx xmlns="http://www.topografix.com/GPX/1/1" xmlns:gpxtpx="http://www.garmin.com/xmlschemas/TrackPointExtension/v1" xmlns:xsi="http://www.w3.org/2001/XMLSchema-instance" creator="Suunto app" version="1.1" xsi:schemaLocation="http://www.topografix.com/GPX/1/1 http://www.topografix.com/GPX/1/1/gpx.xsd http://www.garmin.com/xmlschemas/TrackPointExtension/v1 http://www.garmin.com/xmlschemas/TrackPointExtensionv1.xsd"><metadata><name>suuntoapp-Running-2024-11-09T09-00-01Z</name><desc>Sätila Trail 2024</desc><author><name>Stefan Bengtsson</name></author></metadata><rte><name>suuntoapp-Running-2024-11-09T09-00-01Z</name><rtept lat="57.536223" lon="12.429338"><ele>23.6</ele></rtept><rtept lat="57.536223" lon="12.429337"><ele>23.6</ele></rtept><rtept lat="57.53623" lon="12.429292"><ele>23.6</ele></rtept><rtept lat="57.536237" lon="12.429247"><ele>23.6</ele></rtept><rtept lat="57.536242" lon="12.429203"><ele>23.6</ele></rtept><rtept lat="57.536242" lon="12.429155"><ele>23.6</ele></rtept><rtept lat="57.536255" lon="12.429108"><ele>23.6</ele></rtept><rtept lat="57.536255" lon="12.42905"><ele>23.6</ele></rtept><rtept lat="57.536262" lon="12.428988"><ele>23.6</ele></rtept><rtept lat="57.536268" lon="12.428925"><ele>23.6</ele></rtept><rtept lat="57.536268" lon="12.428862"><ele>23.6</ele></rtept><rtept lat="57.536268" lon="12.428827"><ele>23.6</ele></rtept><rtept lat="57.536275" lon="12.428787"><ele>23.6</ele></rtept><rtept lat="57.53628" lon="12.42874"><ele>23.6</ele></rtept><rtept lat="57.53628" lon="12.428683"><ele>23.6</ele></rtept><rtept lat="57.536287" lon="12.428633"><ele>23.6</ele></rtept><rtept lat="57.536287" lon="12.428598"><ele>23.6</ele></rtept><rtept lat="57.536293" lon="12.42856"><ele>23.8</ele></rtept><rtept lat="57.536293" lon="12.428508"><ele>23.8</ele></rtept><rtept lat="57.536307" lon="12.428462"><ele>23.6</ele></rtept><rtept lat="57.53632" lon="12.428415"><ele>23.6</ele></rtept><rtept lat="57.536325" lon="12.428365"><ele>23.8</ele></rtept><rtept lat="57.536325" lon="12.428308"><ele>23.6</ele></rtept><rtept lat="57.536325" lon="12.428257"><ele>23.6</ele></rtept><rtept lat="57.536325" lon="12.428212"><ele>23.4</ele></rtept><rtept lat="57.536325" lon="12.428157"><ele>23.4</ele></rtept><rtept lat="57.536325" lon="12.428092"><ele>23.0</ele></rtept><rtept lat="57.536325" lon="12.428042"><ele>22.6</ele></rtept><rtept lat="57.53632" lon="12.427993"><ele>23.0</ele></rtept><rtept lat="57.536325" lon="12.427943"><ele>23.0</ele></rtept><rtept lat="57.536332" lon="12.427898"><ele>23.2</ele></rtept><rtept lat="57.536345" lon="12.427848"><ele>23.4</ele></rtept><rtept lat="57.536352" lon="12.427798"><ele>23.2</ele></rtept><rtept lat="57.536358" lon="12.427745"><ele>23.4</ele></rtept><rtept lat="57.536363" lon="12.427695"><ele>23.4</ele></rtept><rtept lat="57.53637" lon="12.427643"><ele>23.4</ele></rtept><rtept lat="57.53637" lon="12.42758"><ele>23.4</ele></rtept><rtept lat="57.53637" lon="12.42752"><ele>23.4</ele></rtept><rtept lat="57.536377" lon="12.427467"><ele>23.6</ele></rtept><rtept lat="57.53639" lon="12.427417"><ele>23.6</ele></rtept><rtept lat="57.536397" lon="12.427358"><ele>23.6</ele></rtept><rtept lat="57.536397" lon="12.427298"><ele>24.0</ele></rtept><rtept lat="57.536397" lon="12.427237"><ele>23.8</ele></rtept><rtept lat="57.536402" lon="12.427173"><ele>24.0</ele></rtept><rtept lat="57.536408" lon="12.42712"><ele>24.0</ele></rtept><rtept lat="57.536422" lon="12.42706"><ele>24.0</ele></rtept><rtept lat="57.536428" lon="12.427"><ele>24.2</ele></rtept><rtept lat="57.536435" lon="12.42695"><ele>24.0</ele></rtept><rtept lat="57.53644" lon="12.42691"><ele>23.8</ele></rtept><rtept lat="57.536453" lon="12.426875"><ele>24.2</ele></rtept><rtept lat="57.536467" lon="12.42683"><ele>24.0</ele></rtept><rtept lat="57.536467" lon="12.42678"><ele>23.8</ele></rtept><rtept lat="57.536473" lon="12.42672"><ele>24.2</ele></rtept><rtept lat="57.536473" lon="12.42667"><ele>24.0</ele></rtept><rtept lat="57.536473" lon="12.426617"><ele>24.0</ele></rtept><rtept lat="57.536473" lon="12.426562"><ele>24.0</ele></rtept><rtept lat="57.53648" lon="12.4265"><ele>24.0</ele></rtept><rtept lat="57.53648" lon="12.426438"><ele>24.0</ele></rtept><rtept lat="57.53648" lon="12.426375"><ele>24.0</ele></rtept><rtept lat="57.536485" lon="12.426315"><ele>24.2</ele></rtept><rtept lat="57.536485" lon="12.426263"><ele>24.2</ele></rtept><rtept lat="57.536485" lon="12.426213"><ele>24.0</ele></rtept><rtept lat="57.536485" lon="12.426168"><ele>24.2</ele></rtept><rtept lat="57.536485" lon="12.426117"><ele>24.0</ele></rtept><rtept lat="57.536492" lon="12.42607"><ele>24.0</ele></rtept><rtept lat="57.536505" lon="12.426012"><ele>24.2</ele></rtept><rtept lat="57.536512" lon="12.425958"><ele>24.2</ele></rtept><rtept lat="57.536512" lon="12.4259"><ele>24.0</ele></rtept><rtept lat="57.536505" lon="12.425823"><ele>24.2</ele></rtept><rtept lat="57.536505" lon="12.42576"><ele>24.0</ele></rtept><rtept lat="57.536505" lon="12.425695"><ele>24.0</ele></rtept><rtept lat="57.536512" lon="12.425633"><ele>24.4</ele></rtept><rtept lat="57.536518" lon="12.425578"><ele>24.4</ele></rtept><rtept lat="57.536512" lon="12.425513"><ele>24.0</ele></rtept><rtept lat="57.536518" lon="12.42546"><ele>24.4</ele></rtept><rtept lat="57.536523" lon="12.42541"><ele>24.2</ele></rtept><rtept lat="57.536523" lon="12.425358"><ele>24.4</ele></rtept><rtept lat="57.53653" lon="12.4253"><ele>24.8</ele></rtept><rtept lat="57.536523" lon="12.425232"><ele>24.4</ele></rtept><rtept lat="57.536512" lon="12.425172"><ele>24.8</ele></rtept><rtept lat="57.536512" lon="12.425123"><ele>24.6</ele></rtept><rtept lat="57.536512" lon="12.425087"><ele>24.4</ele></rtept><rtept lat="57.536512" lon="12.425037"><ele>24.8</ele></rtept><rtept lat="57.536512" lon="12.424983"><ele>24.6</ele></rtept><rtept lat="57.536518" lon="12.424933"><ele>24.4</ele></rtept><rtept lat="57.536523" lon="12.424883"><ele>24.6</ele></rtept><rtept lat="57.536523" lon="12.424838"><ele>24.6</ele></rtept><rtept lat="57.53653" lon="12.424785"><ele>24.4</ele></rtept><rtept lat="57.53653" lon="12.424743"><ele>24.8</ele></rtept><rtept lat="57.536523" lon="12.424697"><ele>24.6</ele></rtept><rtept lat="57.53653" lon="12.424657"><ele>24.4</ele></rtept><rtept lat="57.536523" lon="12.424578"><ele>24.8</ele></rtept><rtept lat="57.536518" lon="12.424513"><ele>24.6</ele></rtept><rtept lat="57.536512" lon="12.42446"><ele>24.4</ele></rtept><rtept lat="57.536505" lon="12.424407"><ele>24.8</ele></rtept><rtept lat="57.536505" lon="12.424358"><ele>24.6</ele></rtept><rtept lat="57.536505" lon="12.424312"><ele>24.2</ele></rtept><rtept lat="57.536498" lon="12.424268"><ele>24.6</ele></rtept><rtept lat="57.536492" lon="12.424228"><ele>24.4</ele></rtept><rtept lat="57.536473" lon="12.424195"><ele>24.2</ele></rtept><rtept lat="57.536447" lon="12.42413"><ele>24.4</ele></rtept><rtept lat="57.536435" lon="12.424103"><ele>24.0</ele></rtept><rtept lat="57.536408" lon="12.42408"><ele>24.2</ele></rtept><rtept lat="57.53639" lon="12.424065"><ele>23.8</ele></rtept><rtept lat="57.53637" lon="12.42406"><ele>24.0</ele></rtept><rtept lat="57.536345" lon="12.424045"><ele>24.0</ele></rtept><rtept lat="57.53632" lon="12.424025"><ele>24.4</ele></rtept><rtept lat="57.5363" lon="12.423997"><ele>24.2</ele></rtept><rtept lat="57.53628" lon="12.42397"><ele>24.2</ele></rtept><rtept lat="57.536268" lon="12.42394"><ele>24.6</ele></rtept><rtept lat="57.536248" lon="12.423902"><ele>24.8</ele></rtept><rtept lat="57.53623" lon="12.423852"><ele>24.4</ele></rtept><rtept lat="57.536217" lon="12.4238"><ele>24.6</ele></rtept><rtept lat="57.53621" lon="12.423747"><ele>24.4</ele></rtept><rtept lat="57.536203" lon="12.423697"><ele>24.2</ele></rtept><rtept lat="57.53621" lon="12.42364"><ele>24.4</ele></rtept><rtept lat="57.536203" lon="12.423588"><ele>24.6</ele></rtept><rtept lat="57.536198" lon="12.423548"><ele>24.4</ele></rtept><rtept lat="57.536185" lon="12.423505"><ele>24.8</ele></rtept><rtept lat="57.536172" lon="12.423458"><ele>24.8</ele></rtept><rtept lat="57.536165" lon="12.423403"><ele>24.6</ele></rtept><rtept lat="57.536153" lon="12.423352"><ele>24.8</ele></rtept><rtept lat="57.53614" lon="12.423297"><ele>24.8</ele></rtept><rtept lat="57.536127" lon="12.423235"><ele>24.4</ele></rtept><rtept lat="57.536108" lon="12.423177"><ele>24.8</ele></rtept><rtept lat="57.536095" lon="12.423117"><ele>24.6</ele></rtept><rtept lat="57.536095" lon="12.423067"><ele>24.4</ele></rtept><rtept lat="57.536088" lon="12.42302"><ele>24.6</ele></rtept><rtept lat="57.536082" lon="12.422973"><ele>24.6</ele></rtept><rtept lat="57.536077" lon="12.422923"><ele>24.4</ele></rtept><rtept lat="57.536057" lon="12.422878"><ele>24.6</ele></rtept><rtept lat="57.536043" lon="12.422838"><ele>24.6</ele></rtept><rtept lat="57.536038" lon="12.4228"><ele>24.4</ele></rtept><rtept lat="57.536032" lon="12.42275"><ele>24.8</ele></rtept><rtept lat="57.536018" lon="12.422703"><ele>24.4</ele></rtept><rtept lat="57.536012" lon="12.422663"><ele>24.4</ele></rtept><rtept lat="57.535993" lon="12.42262"><ele>24.8</ele></rtept><rtept lat="57.535987" lon="12.422583"><ele>24.8</ele></rtept><rtept lat="57.53598" lon="12.422545"><ele>24.8</ele></rtept><rtept lat="57.53598" lon="12.422498"><ele>25.2</ele></rtept><rtept lat="57.535973" lon="12.422452"><ele>25.0</ele></rtept><rtept lat="57.535967" lon="12.422393"><ele>24.8</ele></rtept><rtept lat="57.53596" lon="12.422348"><ele>25.0</ele></rtept><rtept lat="57.535955" lon="12.422308"><ele>25.2</ele></rtept><rtept lat="57.535948" lon="12.422273"><ele>25.0</ele></rtept><rtept lat="57.535942" lon="12.422237"><ele>25.2</ele></rtept><rtept lat="57.535935" lon="12.422195"><ele>25.2</ele></rtept><rtept lat="57.535917" lon="12.422155"><ele>25.0</ele></rtept><rtept lat="57.535903" lon="12.422115"><ele>25.2</ele></rtept><rtept lat="57.53589" lon="12.42206"><ele>25.0</ele></rtept><rtept lat="57.535872" lon="12.422003"><ele>25.4</ele></rtept><rtept lat="57.535858" lon="12.421943"><ele>25.2</ele></rtept><rtept lat="57.535845" lon="12.421882"><ele>25.0</ele></rtept><rtept lat="57.53584" lon="12.42182"><ele>25.2</ele></rtept><rtept lat="57.535827" lon="12.421752"><ele>25.0</ele></rtept><rtept lat="57.5358" lon="12.421685"><ele>25.4</ele></rtept><rtept lat="57.535788" lon="12.421623"><ele>25.2</ele></rtept><rtept lat="57.535768" lon="12.421563"><ele>24.8</ele></rtept><rtept lat="57.535743" lon="12.421502"><ele>24.6</ele></rtept><rtept lat="57.53573" lon="12.421435"><ele>24.6</ele></rtept><rtept lat="57.535718" lon="12.42137"><ele>25.2</ele></rtept><rtept lat="57.535712" lon="12.421313"><ele>25.2</ele></rtept><rtept lat="57.535698" lon="12.421253"><ele>25.0</ele></rtept><rtept lat="57.535698" lon="12.421197"><ele>25.2</ele></rtept><rtept lat="57.535692" lon="12.42114"><ele>25.2</ele></rtept><rtept lat="57.535692" lon="12.421075"><ele>25.2</ele></rtept><rtept lat="57.535685" lon="12.421007"><ele>25.4</ele></rtept><rtept lat="57.535685" lon="12.42094"><ele>25.2</ele></rtept><rtept lat="57.535692" lon="12.420872"><ele>25.6</ele></rtept><rtept lat="57.535698" lon="12.420803"><ele>25.6</ele></rtept><rtept lat="57.535705" lon="12.420742"><ele>25.2</ele></rtept><rtept lat="57.535718" lon="12.420688"><ele>25.4</ele></rtept><rtept lat="57.53573" lon="12.42064"><ele>25.4</ele></rtept><rtept lat="57.53575" lon="12.42059"><ele>25.4</ele></rtept><rtept lat="57.535768" lon="12.42055"><ele>25.6</ele></rtept><rtept lat="57.535788" lon="12.420515"><ele>25.4</ele></rtept><rtept lat="57.5358" lon="12.420477"><ele>25.6</ele></rtept><rtept lat="57.535827" lon="12.420437"><ele>25.6</ele></rtept><rtept lat="57.53584" lon="12.420385"><ele>25.6</ele></rtept><rtept lat="57.535858" lon="12.42033"><ele>25.8</ele></rtept><rtept lat="57.535878" lon="12.42028"><ele>25.8</ele></rtept><rtept lat="57.535897" lon="12.420233"><ele>25.4</ele></rtept><rtept lat="57.535922" lon="12.420187"><ele>25.6</ele></rtept><rtept lat="57.535935" lon="12.420142"><ele>25.4</ele></rtept><rtept lat="57.53596" lon="12.420102"><ele>25.4</ele></rtept><rtept lat="57.53598" lon="12.420062"><ele>25.6</ele></rtept><rtept lat="57.536" lon="12.420018"><ele>25.4</ele></rtept><rtept lat="57.536025" lon="12.419975"><ele>25.8</ele></rtept><rtept lat="57.536043" lon="12.419933"><ele>25.8</ele></rtept><rtept lat="57.53607" lon="12.4199"><ele>25.4</ele></rtept><rtept lat="57.536095" lon="12.41987"><ele>25.8</ele></rtept><rtept lat="57.536127" lon="12.41985"><ele>25.8</ele></rtept><rtept lat="57.536153" lon="12.41983"><ele>25.4</ele></rtept><rtept lat="57.536185" lon="12.419825"><ele>25.6</ele></rtept><rtept lat="57.53621" lon="12.419828"><ele>25.6</ele></rtept><rtept lat="57.536237" lon="12.419837"><ele>25.6</ele></rtept><rtept lat="57.536262" lon="12.419855"><ele>25.8</ele></rtept><rtept lat="57.536293" lon="12.419888"><ele>25.6</ele></rtept><rtept lat="57.536313" lon="12.419928"><ele>25.8</ele></rtept><rtept lat="57.536332" lon="12.419968"><ele>26.0</ele></rtept><rtept lat="57.536352" lon="12.420022"><ele>25.8</ele></rtept><rtept lat="57.53637" lon="12.420068"><ele>26.2</ele></rtept><rtept lat="57.536383" lon="12.420103"><ele>26.0</ele></rtept><rtept lat="57.536397" lon="12.420138"><ele>26.0</ele></rtept><rtept lat="57.536415" lon="12.420172"><ele>26.2</ele></rtept><rtept lat="57.536428" lon="12.420202"><ele>26.0</ele></rtept><rtept lat="57.53644" lon="12.420242"><ele>25.8</ele></rtept><rtept lat="57.536453" lon="12.420292"><ele>26.0</ele></rtept><rtept lat="57.536467" lon="12.420338"><ele>26.0</ele></rtept><rtept lat="57.536473" lon="12.420385"><ele>26.0</ele></rtept><rtept lat="57.53648" lon="12.42043"><ele>26.2</ele></rtept><rtept lat="57.536492" lon="12.420487"><ele>26.2</ele></rtept><rtept lat="57.536498" lon="12.420537"><ele>26.4</ele></rtept><rtept lat="57.536498" lon="12.420588"><ele>26.6</ele></rtept><rtept lat="57.536505" lon="12.420645"><ele>26.8</ele></rtept><rtept lat="57.536505" lon="12.420703"><ele>26.8</ele></rtept><rtept lat="57.536505" lon="12.42076"><ele>26.6</ele></rtept><rtept lat="57.536498" lon="12.420807"><ele>26.2</ele></rtept><rtept lat="57.536498" lon="12.420847"><ele>26.4</ele></rtept><rtept lat="57.536505" lon="12.420903"><ele>26.2</ele></rtept><rtept lat="57.536518" lon="12.420953"><ele>26.4</ele></rtept><rtept lat="57.53653" lon="12.421007"><ele>26.4</ele></rtept><rtept lat="57.536537" lon="12.42106"><ele>26.2</ele></rtept><rtept lat="57.536543" lon="12.42112"><ele>26.6</ele></rtept><rtept lat="57.53655" lon="12.421175"><ele>26.6</ele></rtept><rtept lat="57.53655" lon="12.421228"><ele>26.4</ele></rtept><rtept lat="57.53655" lon="12.42128"><ele>26.8</ele></rtept><rtept lat="57.53655" lon="12.421338"><ele>26.6</ele></rtept><rtept lat="57.536562" lon="12.421395"><ele>26.4</ele></rtept><rtept lat="57.536562" lon="12.421453"><ele>26.8</ele></rtept><rtept lat="57.536568" lon="12.421502"><ele>26.6</ele></rtept><rtept lat="57.536575" lon="12.421548"><ele>26.2</ele></rtept><rtept lat="57.536582" lon="12.421598"><ele>26.6</ele></rtept><rtept lat="57.536588" lon="12.421652"><ele>26.6</ele></rtept><rtept lat="57.536595" lon="12.421707"><ele>26.6</ele></rtept><rtept lat="57.536607" lon="12.421758"><ele>26.8</ele></rtept><rtept lat="57.536613" lon="12.4218"><ele>26.6</ele></rtept><rtept lat="57.536613" lon="12.421845"><ele>26.8</ele></rtept><rtept lat="57.53662" lon="12.421892"><ele>26.6</ele></rtept><rtept lat="57.536627" lon="12.42194"><ele>26.6</ele></rtept><rtept lat="57.536633" lon="12.42199"><ele>27.0</ele></rtept><rtept lat="57.53664" lon="12.422038"><ele>27.0</ele></rtept><rtept lat="57.536645" lon="12.42208"><ele>26.8</ele></rtept><rtept lat="57.536658" lon="12.422128"><ele>27.0</ele></rtept><rtept lat="57.536672" lon="12.422178"><ele>26.8</ele></rtept><rtept lat="57.536683" lon="12.422227"><ele>26.6</ele></rtept><rtept lat="57.536683" lon="12.422273"><ele>26.8</ele></rtept><rtept lat="57.536683" lon="12.422322"><ele>26.6</ele></rtept><rtept lat="57.536672" lon="12.422373"><ele>27.0</ele></rtept><rtept lat="57.536672" lon="12.422425"><ele>26.8</ele></rtept><rtept lat="57.536665" lon="12.422477"><ele>26.8</ele></rtept><rtept lat="57.536665" lon="12.422532"><ele>27.2</ele></rtept><rtept lat="57.536665" lon="12.422587"><ele>27.2</ele></rtept><rtept lat="57.536652" lon="12.422643"><ele>27.0</ele></rtept><rtept lat="57.536645" lon="12.422703"><ele>27.4</ele></rtept><rtept lat="57.53664" lon="12.42276"><ele>27.2</ele></rtept><rtept lat="57.53664" lon="12.422813"><ele>26.8</ele></rtept><rtept lat="57.536633" lon="12.422858"><ele>27.2</ele></rtept><rtept lat="57.536633" lon="12.422908"><ele>27.2</ele></rtept><rtept lat="57.536633" lon="12.422962"><ele>26.8</ele></rtept><rtept lat="57.53664" lon="12.423017"><ele>27.2</ele></rtept><rtept lat="57.536645" lon="12.423062"><ele>27.0</ele></rtept><rtept lat="57.53664" lon="12.423112"><ele>27.0</ele></rtept><rtept lat="57.536645" lon="12.42316"><ele>27.2</ele></rtept><rtept lat="57.536645" lon="12.423205"><ele>27.2</ele></rtept><rtept lat="57.536645" lon="12.42326"><ele>27.4</ele></rtept><rtept lat="57.536645" lon="12.423312"><ele>27.4</ele></rtept><rtept lat="57.536645" lon="12.423365"><ele>27.2</ele></rtept><rtept lat="57.536652" lon="12.423428"><ele>27.4</ele></rtept><rtept lat="57.536665" lon="12.423488"><ele>27.2</ele></rtept><rtept lat="57.536678" lon="12.423545"><ele>27.0</ele></rtept><rtept lat="57.536703" lon="12.4236"><ele>27.4</ele></rtept><rtept lat="57.536703" lon="12.423643"><ele>27.2</ele></rtept><rtept lat="57.53671" lon="12.423693"><ele>27.0</ele></rtept><rtept lat="57.53671" lon="12.423742"><ele>27.4</ele></rtept><rtept lat="57.536717" lon="12.423788"><ele>27.2</ele></rtept><rtept lat="57.536722" lon="12.423838"><ele>27.0</ele></rtept><rtept lat="57.536728" lon="12.42389"><ele>27.4</ele></rtept><rtept lat="57.536742" lon="12.42394"><ele>27.2</ele></rtept><rtept lat="57.536748" lon="12.423985"><ele>27.4</ele></rtept><rtept lat="57.536755" lon="12.42403"><ele>27.4</ele></rtept><rtept lat="57.536767" lon="12.42408"><ele>27.4</ele></rtept><rtept lat="57.536773" lon="12.42413"><ele>27.8</ele></rtept><rtept lat="57.536787" lon="12.424178"><ele>27.4</ele></rtept><rtept lat="57.536793" lon="12.424225"><ele>27.2</ele></rtept><rtept lat="57.536805" lon="12.424275"><ele>27.8</ele></rtept><rtept lat="57.536812" lon="12.424322"><ele>27.4</ele></rtept><rtept lat="57.536825" lon="12.424373"><ele>27.0</ele></rtept><rtept lat="57.536825" lon="12.424422"><ele>27.4</ele></rtept><rtept lat="57.536825" lon="12.424472"><ele>27.2</ele></rtept><rtept lat="57.536832" lon="12.424518"><ele>27.4</ele></rtept><rtept lat="57.536838" lon="12.424562"><ele>27.8</ele></rtept><rtept lat="57.53685" lon="12.424602"><ele>27.4</ele></rtept><rtept lat="57.536863" lon="12.424647"><ele>27.8</ele></rtept><rtept lat="57.53687" lon="12.424692"><ele>27.6</ele></rtept><rtept lat="57.536877" lon="12.424737"><ele>27.6</ele></rtept><rtept lat="57.536882" lon="12.42479"><ele>27.8</ele></rtept><rtept lat="57.536882" lon="12.424843"><ele>27.6</ele></rtept><rtept lat="57.536888" lon="12.424895"><ele>27.4</ele></rtept><rtept lat="57.536895" lon="12.424953"><ele>27.8</ele></rtept><rtept lat="57.536902" lon="12.425012"><ele>27.6</ele></rtept><rtept lat="57.536908" lon="12.425067"><ele>27.2</ele></rtept><rtept lat="57.536915" lon="12.425113"><ele>27.6</ele></rtept><rtept lat="57.53692" lon="12.425153"><ele>27.4</ele></rtept><rtept lat="57.536927" lon="12.425205"><ele>27.4</ele></rtept><rtept lat="57.536927" lon="12.425257"><ele>27.6</ele></rtept><rtept lat="57.53692" lon="12.425312"><ele>27.4</ele></rtept><rtept lat="57.536915" lon="12.42537"><ele>27.6</ele></rtept><rtept lat="57.536915" lon="12.425423"><ele>27.4</ele></rtept><rtept lat="57.536908" lon="12.425473"><ele>27.2</ele></rtept><rtept lat="57.536902" lon="12.42552"><ele>27.8</ele></rtept><rtept lat="57.536888" lon="12.42557"><ele>27.6</ele></rtept><rtept lat="57.536888" lon="12.42562"><ele>27.4</ele></rtept><rtept lat="57.536882" lon="12.42567"><ele>27.6</ele></rtept><rtept lat="57.536877" lon="12.425718"><ele>27.2</ele></rtept><rtept lat="57.536877" lon="12.42576"><ele>27.0</ele></rtept><rtept lat="57.536877" lon="12.425793"><ele>27.4</ele></rtept><rtept lat="57.536882" lon="12.425833"><ele>27.4</ele></rtept><rtept lat="57.536882" lon="12.425877"><ele>27.2</ele></rtept><rtept lat="57.536882" lon="12.42593"><ele>27.4</ele></rtept><rtept lat="57.536888" lon="12.42598"><ele>27.2</ele></rtept><rtept lat="57.536895" lon="12.426032"><ele>27.4</ele></rtept><rtept lat="57.536902" lon="12.426078"><ele>27.6</ele></rtept><rtept lat="57.536915" lon="12.42612"><ele>27.4</ele></rtept><rtept lat="57.536927" lon="12.42616"><ele>27.8</ele></rtept><rtept lat="57.536947" lon="12.426195"><ele>27.6</ele></rtept><rtept lat="57.53696" lon="12.42623"><ele>27.4</ele></rtept><rtept lat="57.536978" lon="12.426268"><ele>27.6</ele></rtept><rtept lat="57.537003" lon="12.426308"><ele>27.6</ele></rtept><rtept lat="57.537037" lon="12.426335"><ele>27.4</ele></rtept><rtept lat="57.537055" lon="12.426348"><ele>27.8</ele></rtept><rtept lat="57.53708" lon="12.426373"><ele>27.6</ele></rtept><rtept lat="57.5371" lon="12.426402"><ele>27.6</ele></rtept><rtept lat="57.537113" lon="12.426435"><ele>27.8</ele></rtept><rtept lat="57.537132" lon="12.42646"><ele>27.6</ele></rtept><rtept lat="57.537158" lon="12.42648"><ele>28.0</ele></rtept><rtept lat="57.53719" lon="12.426507"><ele>28.0</ele></rtept><rtept lat="57.537222" lon="12.426512"><ele>27.8</ele></rtept><rtept lat="57.53724" lon="12.426513"><ele>28.0</ele></rtept><rtept lat="57.537267" lon="12.426513"><ele>28.0</ele></rtept><rtept lat="57.537285" lon="12.426528"><ele>28.0</ele></rtept><rtept lat="57.537305" lon="12.426563"><ele>27.8</ele></rtept><rtept lat="57.537318" lon="12.426607"><ele>28.0</ele></rtept><rtept lat="57.53733" lon="12.426647"><ele>27.6</ele></rtept><rtept lat="57.537343" lon="12.426685"><ele>27.6</ele></rtept><rtept lat="57.537357" lon="12.426717"><ele>27.8</ele></rtept><rtept lat="57.537375" lon="12.42678"><ele>28.0</ele></rtept><rtept lat="57.537382" lon="12.42682"><ele>27.8</ele></rtept><rtept lat="57.537388" lon="12.426868"><ele>27.8</ele></rtept><rtept lat="57.537388" lon="12.426913"><ele>28.4</ele></rtept><rtept lat="57.537388" lon="12.426955"><ele>28.2</ele></rtept><rtept lat="57.537388" lon="12.427003"><ele>28.0</ele></rtept><rtept lat="57.537388" lon="12.427053"><ele>28.4</ele></rtept><rtept lat="57.537388" lon="12.427102"><ele>28.2</ele></rtept><rtept lat="57.537388" lon="12.427153"><ele>28.2</ele></rtept><rtept lat="57.537395" lon="12.427213"><ele>28.4</ele></rtept><rtept lat="57.5374" lon="12.427287"><ele>28.4</ele></rtept><rtept lat="57.537395" lon="12.427345"><ele>28.6</ele></rtept><rtept lat="57.537388" lon="12.427392"><ele>28.6</ele></rtept><rtept lat="57.537382" lon="12.427432"><ele>28.4</ele></rtept><rtept lat="57.537368" lon="12.427472"><ele>28.6</ele></rtept><rtept lat="57.537362" lon="12.427503"><ele>28.6</ele></rtept><rtept lat="57.537362" lon="12.42755"><ele>28.4</ele></rtept><rtept lat="57.537362" lon="12.42759"><ele>28.6</ele></rtept><rtept lat="57.537362" lon="12.427635"><ele>28.2</ele></rtept><rtept lat="57.537362" lon="12.427688"><ele>28.2</ele></rtept><rtept lat="57.53735" lon="12.427748"><ele>28.6</ele></rtept><rtept lat="57.537343" lon="12.427798"><ele>28.4</ele></rtept><rtept lat="57.537337" lon="12.427842"><ele>27.8</ele></rtept><rtept lat="57.53733" lon="12.42788"><ele>28.2</ele></rtept><rtept lat="57.537323" lon="12.42792"><ele>28.0</ele></rtept><rtept lat="57.537312" lon="12.427972"><ele>28.2</ele></rtept><rtept lat="57.537305" lon="12.42802"><ele>28.4</ele></rtept><rtept lat="57.537298" lon="12.42807"><ele>28.2</ele></rtept><rtept lat="57.537292" lon="12.42812"><ele>28.4</ele></rtept><rtept lat="57.537285" lon="12.428178"><ele>28.4</ele></rtept><rtept lat="57.53728" lon="12.428237"><ele>28.2</ele></rtept><rtept lat="57.537273" lon="12.428295"><ele>28.6</ele></rtept><rtept lat="57.537267" lon="12.42835"><ele>28.4</ele></rtept><rtept lat="57.53726" lon="12.42841"><ele>28.0</ele></rtept><rtept lat="57.53726" lon="12.428463"><ele>28.4</ele></rtept><rtept lat="57.537247" lon="12.428515"><ele>28.0</ele></rtept><rtept lat="57.53724" lon="12.428567"><ele>28.0</ele></rtept><rtept lat="57.537228" lon="12.42862"><ele>28.2</ele></rtept><rtept lat="57.537222" lon="12.428668"><ele>27.8</ele></rtept><rtept lat="57.537215" lon="12.428725"><ele>28.2</ele></rtept><rtept lat="57.537208" lon="12.428778"><ele>28.2</ele></rtept><rtept lat="57.537197" lon="12.428827"><ele>28.0</ele></rtept><rtept lat="57.537183" lon="12.428882"><ele>28.4</ele></rtept><rtept lat="57.53717" lon="12.428937"><ele>28.4</ele></rtept><rtept lat="57.537158" lon="12.428993"><ele>28.2</ele></rtept><rtept lat="57.537152" lon="12.429045"><ele>28.8</ele></rtept><rtept lat="57.537145" lon="12.429095"><ele>28.6</ele></rtept><rtept lat="57.537138" lon="12.429142"><ele>28.2</ele></rtept><rtept lat="57.537132" lon="12.42919"><ele>28.6</ele></rtept><rtept lat="57.537125" lon="12.429243"><ele>28.4</ele></rtept><rtept lat="57.537113" lon="12.429298"><ele>28.4</ele></rtept><rtept lat="57.5371" lon="12.429348"><ele>28.8</ele></rtept><rtept lat="57.537093" lon="12.4294"><ele>28.6</ele></rtept><rtept lat="57.537087" lon="12.429452"><ele>28.6</ele></rtept><rtept lat="57.537075" lon="12.4295"><ele>28.6</ele></rtept><rtept lat="57.537068" lon="12.429547"><ele>28.4</ele></rtept><rtept lat="57.537062" lon="12.429592"><ele>28.8</ele></rtept><rtept lat="57.537055" lon="12.42963"><ele>28.8</ele></rtept><rtept lat="57.537042" lon="12.429663"><ele>28.4</ele></rtept><rtept lat="57.537023" lon="12.429688"><ele>28.6</ele></rtept><rtept lat="57.536978" lon="12.429735"><ele>28.6</ele></rtept><rtept lat="57.536947" lon="12.429748"><ele>28.6</ele></rtept><rtept lat="57.53692" lon="12.429757"><ele>28.4</ele></rtept><rtept lat="57.536882" lon="12.429763"><ele>28.8</ele></rtept><rtept lat="57.53685" lon="12.429768"><ele>28.6</ele></rtept><rtept lat="57.536825" lon="12.429765"><ele>28.4</ele></rtept><rtept lat="57.536787" lon="12.42976"><ele>28.8</ele></rtept><rtept lat="57.53676" lon="12.429755"><ele>28.6</ele></rtept><rtept lat="57.536728" lon="12.429743"><ele>28.6</ele></rtept><rtept lat="57.536703" lon="12.42972"><ele>28.8</ele></rtept><rtept lat="57.536672" lon="12.429697"><ele>28.6</ele></rtept><rtept lat="57.536645" lon="12.42967"><ele>28.4</ele></rtept><rtept lat="57.536613" lon="12.42964"><ele>28.6</ele></rtept><rtept lat="57.536588" lon="12.429607"><ele>28.4</ele></rtept><rtept lat="57.536557" lon="12.429575"><ele>28.6</ele></rtept><rtept lat="57.536523" lon="12.429535"><ele>28.8</ele></rtept><rtept lat="57.536505" lon="12.42949"><ele>28.6</ele></rtept><rtept lat="57.53648" lon="12.429438"><ele>28.8</ele></rtept><rtept lat="57.53646" lon="12.429393"><ele>28.8</ele></rtept><rtept lat="57.53644" lon="12.429353"><ele>28.6</ele></rtept><rtept lat="57.536422" lon="12.429327"><ele>28.8</ele></rtept><rtept lat="57.536402" lon="12.429307"><ele>28.8</ele></rtept><rtept lat="57.536383" lon="12.429303"><ele>28.4</ele></rtept><rtept lat="57.536363" lon="12.429307"><ele>28.8</ele></rtept><rtept lat="57.536332" lon="12.429312"><ele>28.6</ele></rtept><rtept lat="57.536313" lon="12.429308"><ele>28.8</ele></rtept><rtept lat="57.536287" lon="12.429332"><ele>28.6</ele></rtept><rtept lat="57.53628" lon="12.429373"><ele>28.8</ele></rtept><rtept lat="57.536275" lon="12.429422"><ele>28.8</ele></rtept><rtept lat="57.536268" lon="12.429477"><ele>28.6</ele></rtept><rtept lat="57.536268" lon="12.42954"><ele>28.8</ele></rtept><rtept lat="57.536262" lon="12.429602"><ele>28.6</ele></rtept><rtept lat="57.536255" lon="12.42966"><ele>29.0</ele></rtept><rtept lat="57.536248" lon="12.42972"><ele>28.8</ele></rtept><rtept lat="57.536248" lon="12.42978"><ele>28.6</ele></rtept><rtept lat="57.536242" lon="12.42984"><ele>28.8</ele></rtept><rtept lat="57.53623" lon="12.429895"><ele>28.6</ele></rtept><rtept lat="57.536217" lon="12.429948"><ele>28.4</ele></rtept><rtept lat="57.536203" lon="12.429993"><ele>28.8</ele></rtept><rtept lat="57.536192" lon="12.430042"><ele>28.6</ele></rtept><rtept lat="57.536178" lon="12.430087"><ele>28.8</ele></rtept><rtept lat="57.536165" lon="12.430137"><ele>28.8</ele></rtept><rtept lat="57.536165" lon="12.430178"><ele>28.6</ele></rtept><rtept lat="57.536153" lon="12.430227"><ele>28.8</ele></rtept><rtept lat="57.536147" lon="12.43028"><ele>28.6</ele></rtept><rtept lat="57.53614" lon="12.430343"><ele>28.2</ele></rtept><rtept lat="57.536133" lon="12.430397"><ele>28.6</ele></rtept><rtept lat="57.536127" lon="12.43045"><ele>28.2</ele></rtept><rtept lat="57.536127" lon="12.430488"><ele>28.0</ele></rtept><rtept lat="57.53612" lon="12.430542"><ele>28.4</ele></rtept><rtept lat="57.536115" lon="12.430593"><ele>28.2</ele></rtept><rtept lat="57.536108" lon="12.430643"><ele>28.4</ele></rtept><rtept lat="57.536095" lon="12.430688"><ele>28.6</ele></rtept><rtept lat="57.536088" lon="12.430727"><ele>28.4</ele></rtept><rtept lat="57.536077" lon="12.430763"><ele>28.6</ele></rtept><rtept lat="57.53607" lon="12.430802"><ele>28.6</ele></rtept><rtept lat="57.536057" lon="12.430842"><ele>28.4</ele></rtept><rtept lat="57.536043" lon="12.430885"><ele>28.6</ele></rtept><rtept lat="57.536032" lon="12.430927"><ele>28.4</ele></rtept><rtept lat="57.536018" lon="12.430972"><ele>28.2</ele></rtept><rtept lat="57.536012" lon="12.43102"><ele>28.6</ele></rtept><rtept lat="57.535993" lon="12.43107"><ele>28.4</ele></rtept><rtept lat="57.535987" lon="12.43112"><ele>28.6</ele></rtept><rtept lat="57.535973" lon="12.431168"><ele>28.8</ele></rtept><rtept lat="57.535967" lon="12.4312"><ele>28.6</ele></rtept><rtept lat="57.535935" lon="12.431248"><ele>28.6</ele></rtept><rtept lat="57.535917" lon="12.431275"><ele>28.4</ele></rtept><rtept lat="57.535897" lon="12.431322"><ele>28.6</ele></rtept><rtept lat="57.535878" lon="12.431373"><ele>28.4</ele></rtept><rtept lat="57.535858" lon="12.431427"><ele>28.0</ele></rtept><rtept lat="57.53584" lon="12.431473"><ele>28.2</ele></rtept><rtept lat="57.53582" lon="12.431512"><ele>28.0</ele></rtept><rtept lat="57.5358" lon="12.431552"><ele>28.4</ele></rtept><rtept lat="57.535775" lon="12.431578"><ele>28.6</ele></rtept><rtept lat="57.535757" lon="12.431607"><ele>28.4</ele></rtept><rtept lat="57.53573" lon="12.431642"><ele>28.8</ele></rtept><rtept lat="57.535712" lon="12.431678"><ele>28.8</ele></rtept><rtept lat="57.535685" lon="12.431707"><ele>28.6</ele></rtept><rtept lat="57.53566" lon="12.431743"><ele>28.8</ele></rtept><rtept lat="57.535635" lon="12.431775"><ele>28.4</ele></rtept><rtept lat="57.535608" lon="12.43181"><ele>28.2</ele></rtept><rtept lat="57.535597" lon="12.431845"><ele>28.4</ele></rtept><rtept lat="57.535583" lon="12.431883"><ele>28.4</ele></rtept><rtept lat="57.53557" lon="12.431915"><ele>28.2</ele></rtept><rtept lat="57.535552" lon="12.431953"><ele>28.2</ele></rtept><rtept lat="57.535532" lon="12.431982"><ele>28.2</ele></rtept><rtept lat="57.535513" lon="12.432022"><ele>28.4</ele></rtept><rtept lat="57.5355" lon="12.432067"><ele>28.2</ele></rtept><rtept lat="57.535487" lon="12.432102"><ele>28.2</ele></rtept><rtept lat="57.53548" lon="12.43214"><ele>28.6</ele></rtept><rtept lat="57.535475" lon="12.43218"><ele>28.0</ele></rtept><rtept lat="57.535462" lon="12.43222"><ele>28.4</ele></rtept><rtept lat="57.535455" lon="12.432262"><ele>28.2</ele></rtept><rtept lat="57.535448" lon="12.432298"><ele>28.2</ele></rtept><rtept lat="57.535442" lon="12.432332"><ele>28.2</ele></rtept><rtept lat="57.535437" lon="12.432372"><ele>28.0</ele></rtept><rtept lat="57.535423" lon="12.432412"><ele>28.0</ele></rtept><rtept lat="57.535417" lon="12.432465"><ele>27.6</ele></rtept><rtept lat="57.53541" lon="12.432517"><ele>27.2</ele></rtept><rtept lat="57.535398" lon="12.432557"><ele>27.4</ele></rtept><rtept lat="57.535385" lon="12.432595"><ele>27.2</ele></rtept><rtept lat="57.535365" lon="12.43266"><ele>27.2</ele></rtept><rtept lat="57.53536" lon="12.432695"><ele>27.2</ele></rtept><rtept lat="57.535353" lon="12.432757"><ele>27.0</ele></rtept><rtept lat="57.53534" lon="12.432797"><ele>27.2</ele></rtept><rtept lat="57.535327" lon="12.432847"><ele>27.0</ele></rtept><rtept lat="57.535315" lon="12.4329"><ele>27.0</ele></rtept><rtept lat="57.535295" lon="12.432977"><ele>26.8</ele></rtept><rtept lat="57.535277" lon="12.433038"><ele>26.6</ele></rtept><rtept lat="57.535257" lon="12.433095"><ele>26.6</ele></rtept><rtept lat="57.535238" lon="12.433155"><ele>26.4</ele></rtept><rtept lat="57.535212" lon="12.433205"><ele>26.0</ele></rtept><rtept lat="57.5352" lon="12.433253"><ele>26.4</ele></rtept><rtept lat="57.535187" lon="12.43329"><ele>26.2</ele></rtept><rtept lat="57.535173" lon="12.43333"><ele>25.8</ele></rtept><rtept lat="57.535173" lon="12.433363"><ele>26.2</ele></rtept><rtept lat="57.53516" lon="12.433423"><ele>26.0</ele></rtept><rtept lat="57.535148" lon="12.433463"><ele>25.8</ele></rtept><rtept lat="57.535135" lon="12.433512"><ele>25.6</ele></rtept><rtept lat="57.535122" lon="12.433568"><ele>25.8</ele></rtept><rtept lat="57.535103" lon="12.433618"><ele>25.6</ele></rtept><rtept lat="57.53509" lon="12.433672"><ele>25.4</ele></rtept><rtept lat="57.535078" lon="12.43373"><ele>25.6</ele></rtept><rtept lat="57.535065" lon="12.43378"><ele>25.4</ele></rtept><rtept lat="57.535058" lon="12.43383"><ele>26.0</ele></rtept><rtept lat="57.535045" lon="12.433877"><ele>25.8</ele></rtept><rtept lat="57.53504" lon="12.433923"><ele>25.2</ele></rtept><rtept lat="57.535033" lon="12.43397"><ele>25.6</ele></rtept><rtept lat="57.535033" lon="12.43402"><ele>25.4</ele></rtept><rtept lat="57.535033" lon="12.434068"><ele>25.8</ele></rtept><rtept lat="57.535033" lon="12.434115"><ele>25.8</ele></rtept><rtept lat="57.535033" lon="12.434162"><ele>25.6</ele></rtept><rtept lat="57.535033" lon="12.434203"><ele>25.8</ele></rtept><rtept lat="57.535033" lon="12.434243"><ele>25.6</ele></rtept><rtept lat="57.535033" lon="12.434293"><ele>26.2</ele></rtept><rtept lat="57.535033" lon="12.434352"><ele>26.2</ele></rtept><rtept lat="57.535027" lon="12.434427"><ele>26.4</ele></rtept><rtept lat="57.535013" lon="12.43448"><ele>26.6</ele></rtept><rtept lat="57.535" lon="12.434532"><ele>26.4</ele></rtept><rtept lat="57.534995" lon="12.43458"><ele>26.6</ele></rtept><rtept lat="57.534982" lon="12.434655"><ele>26.6</ele></rtept><rtept lat="57.534968" lon="12.434722"><ele>26.6</ele></rtept><rtept lat="57.534957" lon="12.434785"><ele>26.4</ele></rtept><rtept lat="57.534943" lon="12.434843"><ele>26.2</ele></rtept><rtept lat="57.534937" lon="12.434908"><ele>26.2</ele></rtept><rtept lat="57.534923" lon="12.43496"><ele>26.2</ele></rtept><rtept lat="57.534918" lon="12.435012"><ele>26.0</ele></rtept><rtept lat="57.534905" lon="12.435058"><ele>26.2</ele></rtept><rtept lat="57.534892" lon="12.435105"><ele>25.8</ele></rtept><rtept lat="57.53488" lon="12.435152"><ele>25.8</ele></rtept><rtept lat="57.534867" lon="12.4352"><ele>25.6</ele></rtept><rtept lat="57.534867" lon="12.435257"><ele>25.0</ele></rtept><rtept lat="57.534853" lon="12.435303"><ele>25.2</ele></rtept><rtept lat="57.534847" lon="12.435337"><ele>24.8</ele></rtept><rtept lat="57.534847" lon="12.43537"><ele>24.4</ele></rtept><rtept lat="57.53484" lon="12.435405"><ele>24.6</ele></rtept><rtept lat="57.534835" lon="12.435442"><ele>24.2</ele></rtept><rtept lat="57.534822" lon="12.435482"><ele>24.0</ele></rtept><rtept lat="57.534808" lon="12.435522"><ele>24.2</ele></rtept><rtept lat="57.534797" lon="12.435562"><ele>24.2</ele></rtept><rtept lat="57.534783" lon="12.435603"><ele>24.2</ele></rtept><rtept lat="57.534763" lon="12.435642"><ele>24.2</ele></rtept><rtept lat="57.534752" lon="12.435682"><ele>23.8</ele></rtept><rtept lat="57.534738" lon="12.435713"><ele>24.0</ele></rtept><rtept lat="57.53472" lon="12.43574"><ele>23.8</ele></rtept><rtept lat="57.5347" lon="12.435777"><ele>23.4</ele></rtept><rtept lat="57.53468" lon="12.43582"><ele>23.8</ele></rtept><rtept lat="57.534662" lon="12.435862"><ele>23.4</ele></rtept><rtept lat="57.534648" lon="12.435905"><ele>23.2</ele></rtept><rtept lat="57.534642" lon="12.435943"><ele>23.2</ele></rtept><rtept lat="57.534637" lon="12.435983"><ele>23.0</ele></rtept><rtept lat="57.534637" lon="12.436025"><ele>23.0</ele></rtept><rtept lat="57.534637" lon="12.436073"><ele>23.2</ele></rtept><rtept lat="57.534623" lon="12.436115"><ele>23.0</ele></rtept><rtept lat="57.534617" lon="12.436155"><ele>23.2</ele></rtept><rtept lat="57.534603" lon="12.436188"><ele>23.0</ele></rtept><rtept lat="57.534598" lon="12.436222"><ele>22.8</ele></rtept><rtept lat="57.534592" lon="12.436267"><ele>23.0</ele></rtept><rtept lat="57.534578" lon="12.436312"><ele>23.0</ele></rtept><rtept lat="57.534565" lon="12.436352"><ele>22.6</ele></rtept><rtept lat="57.534553" lon="12.436388"><ele>22.6</ele></rtept><rtept lat="57.53454" lon="12.436432"><ele>22.4</ele></rtept><rtept lat="57.534515" lon="12.436482"><ele>22.6</ele></rtept><rtept lat="57.534495" lon="12.436527"><ele>22.4</ele></rtept><rtept lat="57.53447" lon="12.436572"><ele>22.2</ele></rtept><rtept lat="57.53445" lon="12.43661"><ele>22.4</ele></rtept><rtept lat="57.534438" lon="12.436643"><ele>22.0</ele></rtept><rtept lat="57.534418" lon="12.436675"><ele>22.0</ele></rtept><rtept lat="57.534405" lon="12.43671"><ele>21.8</ele></rtept><rtept lat="57.534387" lon="12.43675"><ele>21.6</ele></rtept><rtept lat="57.534367" lon="12.436795"><ele>21.8</ele></rtept><rtept lat="57.534355" lon="12.436848"><ele>21.6</ele></rtept><rtept lat="57.534335" lon="12.436898"><ele>21.4</ele></rtept><rtept lat="57.53431" lon="12.436952"><ele>21.6</ele></rtept><rtept lat="57.534283" lon="12.437007"><ele>21.4</ele></rtept><rtept lat="57.534245" lon="12.43708"><ele>20.8</ele></rtept><rtept lat="57.534227" lon="12.437138"><ele>21.2</ele></rtept><rtept lat="57.534188" lon="12.437212"><ele>20.8</ele></rtept><rtept lat="57.534157" lon="12.437278"><ele>20.6</ele></rtept><rtept lat="57.534123" lon="12.437337"><ele>20.8</ele></rtept><rtept lat="57.53408" lon="12.4374"><ele>20.6</ele></rtept><rtept lat="57.53404" lon="12.437453"><ele>20.6</ele></rtept><rtept lat="57.534002" lon="12.43751"><ele>20.6</ele></rtept><rtept lat="57.53397" lon="12.437558"><ele>20.0</ele></rtept><rtept lat="57.533952" lon="12.437602"><ele>20.4</ele></rtept><rtept lat="57.533938" lon="12.437648"><ele>19.8</ele></rtept><rtept lat="57.53392" lon="12.4377"><ele>19.8</ele></rtept><rtept lat="57.533907" lon="12.437727"><ele>19.2</ele></rtept><rtept lat="57.533887" lon="12.437758"><ele>19.4</ele></rtept><rtept lat="57.533875" lon="12.4378"><ele>19.2</ele></rtept><rtept lat="57.533862" lon="12.437852"><ele>19.4</ele></rtept><rtept lat="57.533842" lon="12.437898"><ele>19.2</ele></rtept><rtept lat="57.533817" lon="12.437938"><ele>19.0</ele></rtept><rtept lat="57.533792" lon="12.437987"><ele>19.4</ele></rtept><rtept lat="57.533772" lon="12.438032"><ele>19.2</ele></rtept><rtept lat="57.53376" lon="12.438077"><ele>18.8</ele></rtept><rtept lat="57.533747" lon="12.438125"><ele>19.2</ele></rtept><rtept lat="57.533727" lon="12.438165"><ele>18.8</ele></rtept><rtept lat="57.533708" lon="12.43821"><ele>18.4</ele></rtept><rtept lat="57.533682" lon="12.438258"><ele>18.6</ele></rtept><rtept lat="57.533663" lon="12.438298"><ele>18.4</ele></rtept><rtept lat="57.53365" lon="12.438338"><ele>18.6</ele></rtept><rtept lat="57.533638" lon="12.438378"><ele>18.6</ele></rtept><rtept lat="57.533625" lon="12.438408"><ele>18.2</ele></rtept><rtept lat="57.533625" lon="12.438447"><ele>18.6</ele></rtept><rtept lat="57.533612" lon="12.43848"><ele>18.6</ele></rtept><rtept lat="57.533605" lon="12.438522"><ele>18.0</ele></rtept><rtept lat="57.533587" lon="12.438565"><ele>18.4</ele></rtept><rtept lat="57.533567" lon="12.438605"><ele>18.2</ele></rtept><rtept lat="57.533542" lon="12.438652"><ele>18.4</ele></rtept><rtept lat="57.53351" lon="12.438702"><ele>18.4</ele></rtept><rtept lat="57.533478" lon="12.438737"><ele>18.2</ele></rtept><rtept lat="57.533452" lon="12.438763"><ele>18.4</ele></rtept><rtept lat="57.533433" lon="12.4388"><ele>18.4</ele></rtept><rtept lat="57.533407" lon="12.43884"><ele>18.2</ele></rtept><rtept lat="57.533388" lon="12.438873"><ele>18.4</ele></rtept><rtept lat="57.533368" lon="12.4389"><ele>18.0</ele></rtept><rtept lat="57.533357" lon="12.43893"><ele>17.8</ele></rtept><rtept lat="57.533337" lon="12.43897"><ele>18.0</ele></rtept><rtept lat="57.533312" lon="12.43901"><ele>17.8</ele></rtept><rtept lat="57.533285" lon="12.439053"><ele>17.4</ele></rtept><rtept lat="57.533267" lon="12.439087"><ele>17.6</ele></rtept><rtept lat="57.53324" lon="12.43912"><ele>17.2</ele></rtept><rtept lat="57.533222" lon="12.439148"><ele>17.2</ele></rtept><rtept lat="57.533215" lon="12.439183"><ele>17.2</ele></rtept><rtept lat="57.533235" lon="12.439237"><ele>17.0</ele></rtept><rtept lat="57.533235" lon="12.439317"><ele>17.0</ele></rtept><rtept lat="57.533228" lon="12.439358"><ele>16.8</ele></rtept><rtept lat="57.533215" lon="12.439392"><ele>16.6</ele></rtept><rtept lat="57.533197" lon="12.439463"><ele>16.8</ele></rtept><rtept lat="57.533177" lon="12.43948"><ele>16.4</ele></rtept><rtept lat="57.533158" lon="12.4395"><ele>16.8</ele></rtept><rtept lat="57.533125" lon="12.43952"><ele>16.6</ele></rtept><rtept lat="57.533093" lon="12.43954"><ele>16.6</ele></rtept><rtept lat="57.533068" lon="12.439557"><ele>16.8</ele></rtept><rtept lat="57.533037" lon="12.439575"><ele>16.6</ele></rtept><rtept lat="57.532998" lon="12.43959"><ele>17.0</ele></rtept><rtept lat="57.532972" lon="12.439603"><ele>16.8</ele></rtept><rtept lat="57.53294" lon="12.43963"><ele>16.6</ele></rtept><rtept lat="57.53292" lon="12.439643"><ele>16.8</ele></rtept><rtept lat="57.532902" lon="12.439648"><ele>16.6</ele></rtept><rtept lat="57.53287" lon="12.439668"><ele>16.4</ele></rtept><rtept lat="57.532838" lon="12.439683"><ele>16.2</ele></rtept><rtept lat="57.5328" lon="12.439707"><ele>16.4</ele></rtept><rtept lat="57.532767" lon="12.439735"><ele>16.4</ele></rtept><rtept lat="57.532735" lon="12.439752"><ele>16.2</ele></rtept><rtept lat="57.532697" lon="12.439758"><ele>16.4</ele></rtept><rtept lat="57.532658" lon="12.439762"><ele>16.2</ele></rtept><rtept lat="57.532633" lon="12.439762"><ele>16.0</ele></rtept><rtept lat="57.5326" lon="12.439762"><ele>16.4</ele></rtept><rtept lat="57.532568" lon="12.439758"><ele>16.0</ele></rtept><rtept lat="57.532537" lon="12.439755"><ele>15.6</ele></rtept><rtept lat="57.532492" lon="12.439747"><ele>15.8</ele></rtept><rtept lat="57.532453" lon="12.439727"><ele>15.6</ele></rtept><rtept lat="57.532422" lon="12.439702"><ele>15.8</ele></rtept><rtept lat="57.532383" lon="12.439673"><ele>15.6</ele></rtept><rtept lat="57.532345" lon="12.439633"><ele>15.4</ele></rtept><rtept lat="57.532313" lon="12.439605"><ele>15.8</ele></rtept><rtept lat="57.53228" lon="12.439573"><ele>15.6</ele></rtept><rtept lat="57.532242" lon="12.439523"><ele>15.6</ele></rtept><rtept lat="57.532223" lon="12.439495"><ele>15.2</ele></rtept><rtept lat="57.532203" lon="12.439472"><ele>15.6</ele></rtept><rtept lat="57.532178" lon="12.439437"><ele>16.0</ele></rtept><rtept lat="57.53216" lon="12.439437"><ele>15.8</ele></rtept><rtept lat="57.532133" lon="12.439435"><ele>16.4</ele></rtept><rtept lat="57.532115" lon="12.43943"><ele>16.6</ele></rtept><rtept lat="57.532088" lon="12.439432"><ele>17.2</ele></rtept><rtept lat="57.53207" lon="12.43943"><ele>17.2</ele></rtept><rtept lat="57.532043" lon="12.43943"><ele>17.4</ele></rtept><rtept lat="57.532005" lon="12.439422"><ele>17.6</ele></rtept><rtept lat="57.531987" lon="12.439415"><ele>18.0</ele></rtept><rtept lat="57.531967" lon="12.439412"><ele>18.6</ele></rtept><rtept lat="57.531948" lon="12.439415"><ele>18.8</ele></rtept><rtept lat="57.53191" lon="12.439435"><ele>18.6</ele></rtept><rtept lat="57.531883" lon="12.43945"><ele>19.2</ele></rtept><rtept lat="57.531845" lon="12.43946"><ele>19.4</ele></rtept><rtept lat="57.531827" lon="12.439437"><ele>20.0</ele></rtept><rtept lat="57.5318" lon="12.439407"><ele>20.0</ele></rtept><rtept lat="57.531788" lon="12.439377"><ele>20.6</ele></rtept><rtept lat="57.531782" lon="12.43934"><ele>20.6</ele></rtept><rtept lat="57.531762" lon="12.439305"><ele>20.8</ele></rtept><rtept lat="57.531743" lon="12.439265"><ele>21.2</ele></rtept><rtept lat="57.531723" lon="12.439218"><ele>21.2</ele></rtept><rtept lat="57.531705" lon="12.439173"><ele>21.0</ele></rtept><rtept lat="57.531685" lon="12.43914"><ele>21.2</ele></rtept><rtept lat="57.53168" lon="12.4391"><ele>21.2</ele></rtept><rtept lat="57.53166" lon="12.439058"><ele>21.0</ele></rtept><rtept lat="57.531653" lon="12.439022"><ele>21.2</ele></rtept><rtept lat="57.53164" lon="12.438988"><ele>21.0</ele></rtept><rtept lat="57.531622" lon="12.438955"><ele>20.8</ele></rtept><rtept lat="57.531602" lon="12.438918"><ele>21.2</ele></rtept><rtept lat="57.53159" lon="12.438877"><ele>20.8</ele></rtept><rtept lat="57.53157" lon="12.438837"><ele>20.4</ele></rtept><rtept lat="57.531552" lon="12.438797"><ele>20.4</ele></rtept><rtept lat="57.531538" lon="12.438755"><ele>19.8</ele></rtept><rtept lat="57.531525" lon="12.438718"><ele>19.6</ele></rtept><rtept lat="57.531513" lon="12.438682"><ele>19.4</ele></rtept><rtept lat="57.5315" lon="12.43865"><ele>19.4</ele></rtept><rtept lat="57.53148" lon="12.438622"><ele>18.8</ele></rtept><rtept lat="57.531455" lon="12.43859"><ele>18.6</ele></rtept><rtept lat="57.53143" lon="12.438558"><ele>18.4</ele></rtept><rtept lat="57.53141" lon="12.438533"><ele>17.8</ele></rtept><rtept lat="57.531385" lon="12.438507"><ele>17.6</ele></rtept><rtept lat="57.531365" lon="12.438473"><ele>17.4</ele></rtept><rtept lat="57.531347" lon="12.43844"><ele>16.8</ele></rtept><rtept lat="57.531327" lon="12.438387"><ele>16.6</ele></rtept><rtept lat="57.531308" lon="12.438367"><ele>16.4</ele></rtept><rtept lat="57.531288" lon="12.438355"><ele>16.4</ele></rtept><rtept lat="57.531263" lon="12.438335"><ele>16.4</ele></rtept><rtept lat="57.531243" lon="12.438323"><ele>16.2</ele></rtept><rtept lat="57.531225" lon="12.438318"><ele>16.4</ele></rtept><rtept lat="57.531193" lon="12.438302"><ele>16.2</ele></rtept><rtept lat="57.531173" lon="12.438285"><ele>16.2</ele></rtept><rtept lat="57.531148" lon="12.438263"><ele>16.2</ele></rtept><rtept lat="57.531128" lon="12.438248"><ele>16.4</ele></rtept><rtept lat="57.53111" lon="12.438225"><ele>16.2</ele></rtept><rtept lat="57.53109" lon="12.438203"><ele>16.4</ele></rtept><rtept lat="57.531078" lon="12.43817"><ele>16.2</ele></rtept><rtept lat="57.531065" lon="12.438135"><ele>16.0</ele></rtept><rtept lat="57.531045" lon="12.438113"><ele>16.4</ele></rtept><rtept lat="57.531027" lon="12.438072"><ele>16.2</ele></rtept><rtept lat="57.531" lon="12.43804"><ele>16.2</ele></rtept><rtept lat="57.530975" lon="12.438005"><ele>16.4</ele></rtept><rtept lat="57.530962" lon="12.437965"><ele>16.2</ele></rtept><rtept lat="57.53095" lon="12.437925"><ele>16.2</ele></rtept><rtept lat="57.530943" lon="12.437885"><ele>16.2</ele></rtept><rtept lat="57.53093" lon="12.43784"><ele>16.0</ele></rtept><rtept lat="57.530912" lon="12.437813"><ele>16.0</ele></rtept><rtept lat="57.530898" lon="12.437783"><ele>15.8</ele></rtept><rtept lat="57.53088" lon="12.437762"><ele>15.6</ele></rtept><rtept lat="57.530853" lon="12.437752"><ele>16.0</ele></rtept><rtept lat="57.530835" lon="12.437733"><ele>15.8</ele></rtept><rtept lat="57.530808" lon="12.437708"><ele>15.6</ele></rtept><rtept lat="57.53079" lon="12.43768"><ele>15.8</ele></rtept><rtept lat="57.530777" lon="12.437657"><ele>15.8</ele></rtept><rtept lat="57.530745" lon="12.437613"><ele>16.0</ele></rtept><rtept lat="57.530725" lon="12.437598"><ele>15.8</ele></rtept><rtept lat="57.530707" lon="12.43757"><ele>16.2</ele></rtept><rtept lat="57.530687" lon="12.43754"><ele>16.0</ele></rtept><rtept lat="57.530668" lon="12.437503"><ele>16.0</ele></rtept><rtept lat="57.530648" lon="12.437463"><ele>16.2</ele></rtept><rtept lat="57.530637" lon="12.43743"><ele>16.2</ele></rtept><rtept lat="57.530623" lon="12.4374"><ele>15.8</ele></rtept><rtept lat="57.53061" lon="12.43737"><ele>16.0</ele></rtept><rtept lat="57.530598" lon="12.43734"><ele>15.8</ele></rtept><rtept lat="57.530585" lon="12.437315"><ele>15.4</ele></rtept><rtept lat="57.530565" lon="12.437287"><ele>15.6</ele></rtept><rtept lat="57.530547" lon="12.437265"><ele>15.4</ele></rtept><rtept lat="57.530527" lon="12.43725"><ele>15.2</ele></rtept><rtept lat="57.530502" lon="12.437232"><ele>15.2</ele></rtept><rtept lat="57.530477" lon="12.437197"><ele>14.8</ele></rtept><rtept lat="57.530457" lon="12.437182"><ele>15.0</ele></rtept><rtept lat="57.530438" lon="12.437173"><ele>14.8</ele></rtept><rtept lat="57.530412" lon="12.437185"><ele>15.2</ele></rtept><rtept lat="57.53038" lon="12.437167"><ele>15.2</ele></rtept><rtept lat="57.530355" lon="12.43714"><ele>15.6</ele></rtept><rtept lat="57.530328" lon="12.437113"><ele>15.6</ele></rtept><rtept lat="57.530303" lon="12.437083"><ele>16.0</ele></rtept><rtept lat="57.530278" lon="12.437047"><ele>15.6</ele></rtept><rtept lat="57.53024" lon="12.437037"><ele>15.6</ele></rtept><rtept lat="57.530213" lon="12.437013"><ele>15.2</ele></rtept><rtept lat="57.530195" lon="12.436987"><ele>15.0</ele></rtept><rtept lat="57.530175" lon="12.436962"><ele>14.8</ele></rtept><rtept lat="57.53015" lon="12.43694"><ele>14.4</ele></rtept><rtept lat="57.530123" lon="12.436927"><ele>14.2</ele></rtept><rtept lat="57.530105" lon="12.436913"><ele>13.8</ele></rtept><rtept lat="57.53008" lon="12.436902"><ele>13.6</ele></rtept><rtept lat="57.53006" lon="12.436908"><ele>13.2</ele></rtept><rtept lat="57.530035" lon="12.436918"><ele>13.2</ele></rtept><rtept lat="57.530008" lon="12.436918"><ele>13.2</ele></rtept><rtept lat="57.52999" lon="12.436918"><ele>13.0</ele></rtept><rtept lat="57.52997" lon="12.436933"><ele>13.6</ele></rtept><rtept lat="57.529945" lon="12.436967"><ele>13.0</ele></rtept><rtept lat="57.52992" lon="12.436998"><ele>13.0</ele></rtept><rtept lat="57.5299" lon="12.437017"><ele>13.0</ele></rtept><rtept lat="57.52988" lon="12.437052"><ele>13.4</ele></rtept><rtept lat="57.529855" lon="12.437083"><ele>13.8</ele></rtept><rtept lat="57.52983" lon="12.437127"><ele>13.8</ele></rtept><rtept lat="57.529798" lon="12.43716"><ele>13.8</ele></rtept><rtept lat="57.529778" lon="12.437182"><ele>13.8</ele></rtept><rtept lat="57.52976" lon="12.4372"><ele>14.0</ele></rtept><rtept lat="57.52974" lon="12.437217"><ele>14.2</ele></rtept><rtept lat="57.52972" lon="12.437235"><ele>14.2</ele></rtept><rtept lat="57.529702" lon="12.437255"><ele>14.2</ele></rtept><rtept lat="57.529677" lon="12.437272"><ele>14.4</ele></rtept><rtept lat="57.529657" lon="12.437272"><ele>14.6</ele></rtept><rtept lat="57.529632" lon="12.437265"><ele>14.2</ele></rtept><rtept lat="57.5296" lon="12.437245"><ele>14.4</ele></rtept><rtept lat="57.52958" lon="12.437238"><ele>14.4</ele></rtept><rtept lat="57.529542" lon="12.437238"><ele>14.4</ele></rtept><rtept lat="57.529517" lon="12.437238"><ele>14.4</ele></rtept><rtept lat="57.52949" lon="12.437232"><ele>14.2</ele></rtept><rtept lat="57.529465" lon="12.437227"><ele>14.0</ele></rtept><rtept lat="57.529445" lon="12.437217"><ele>14.0</ele></rtept><rtept lat="57.529427" lon="12.43721"><ele>13.8</ele></rtept><rtept lat="57.5294" lon="12.437207"><ele>13.6</ele></rtept><rtept lat="57.529382" lon="12.437205"><ele>13.8</ele></rtept><rtept lat="57.529357" lon="12.43721"><ele>13.6</ele></rtept><rtept lat="57.529318" lon="12.437198"><ele>13.6</ele></rtept><rtept lat="57.529267" lon="12.437195"><ele>13.4</ele></rtept><rtept lat="57.52924" lon="12.437195"><ele>13.6</ele></rtept><rtept lat="57.529202" lon="12.437198"><ele>13.2</ele></rtept><rtept lat="57.52917" lon="12.437205"><ele>13.0</ele></rtept><rtept lat="57.529125" lon="12.437205"><ele>13.2</ele></rtept><rtept lat="57.529087" lon="12.437202"><ele>13.2</ele></rtept><rtept lat="57.529048" lon="12.43721"><ele>13.0</ele></rtept><rtept lat="57.529017" lon="12.437218"><ele>13.2</ele></rtept><rtept lat="57.528958" lon="12.43722"><ele>13.0</ele></rtept><rtept lat="57.52892" lon="12.437252"><ele>13.0</ele></rtept><rtept lat="57.52887" lon="12.437267"><ele>13.0</ele></rtept><rtept lat="57.528825" lon="12.437292"><ele>13.0</ele></rtept><rtept lat="57.5288" lon="12.43727"><ele>13.0</ele></rtept><rtept lat="57.52878" lon="12.43725"><ele>13.2</ele></rtept><rtept lat="57.528748" lon="12.43724"><ele>13.2</ele></rtept><rtept lat="57.528722" lon="12.437225"><ele>13.0</ele></rtept><rtept lat="57.528703" lon="12.43723"><ele>13.2</ele></rtept><rtept lat="57.528683" lon="12.437198"><ele>12.8</ele></rtept><rtept lat="57.528665" lon="12.437185"><ele>13.0</ele></rtept><rtept lat="57.528652" lon="12.437147"><ele>12.8</ele></rtept><rtept lat="57.528607" lon="12.437113"><ele>12.8</ele></rtept><rtept lat="57.528568" lon="12.437122"><ele>12.4</ele></rtept><rtept lat="57.52853" lon="12.437118"><ele>12.2</ele></rtept><rtept lat="57.528492" lon="12.437107"><ele>12.2</ele></rtept><rtept lat="57.528473" lon="12.437097"><ele>12.0</ele></rtept><rtept lat="57.528485" lon="12.43706"><ele>12.0</ele></rtept><rtept lat="57.528453" lon="12.437063"><ele>11.8</ele></rtept><rtept lat="57.528435" lon="12.437058"><ele>12.0</ele></rtept><rtept lat="57.528415" lon="12.437042"><ele>12.0</ele></rtept><rtept lat="57.528397" lon="12.437013"><ele>12.4</ele></rtept><rtept lat="57.528383" lon="12.436988"><ele>12.6</ele></rtept><rtept lat="57.528363" lon="12.436968"><ele>12.6</ele></rtept><rtept lat="57.528345" lon="12.436942"><ele>12.4</ele></rtept><rtept lat="57.528332" lon="12.43691"><ele>12.2</ele></rtept><rtept lat="57.528307" lon="12.436855"><ele>12.4</ele></rtept><rtept lat="57.52828" lon="12.436825"><ele>12.2</ele></rtept><rtept lat="57.528268" lon="12.436793"><ele>12.2</ele></rtept><rtept lat="57.528242" lon="12.436755"><ele>12.2</ele></rtept><rtept lat="57.528223" lon="12.436723"><ele>12.0</ele></rtept><rtept lat="57.52821" lon="12.436697"><ele>12.0</ele></rtept><rtept lat="57.528192" lon="12.436677"><ele>11.8</ele></rtept><rtept lat="57.528165" lon="12.43666"><ele>11.6</ele></rtept><rtept lat="57.528133" lon="12.43665"><ele>12.0</ele></rtept><rtept lat="57.528115" lon="12.436632"><ele>12.0</ele></rtept><rtept lat="57.528102" lon="12.436605"><ele>12.2</ele></rtept><rtept lat="57.528077" lon="12.436585"><ele>12.4</ele></rtept><rtept lat="57.52805" lon="12.436565"><ele>12.4</ele></rtept><rtept lat="57.528032" lon="12.436552"><ele>12.8</ele></rtept><rtept lat="57.528012" lon="12.436542"><ele>13.0</ele></rtept><rtept lat="57.527993" lon="12.43653"><ele>12.2</ele></rtept><rtept lat="57.527973" lon="12.43654"><ele>12.4</ele></rtept><rtept lat="57.527948" lon="12.43653"><ele>12.4</ele></rtept><rtept lat="57.527928" lon="12.436512"><ele>12.4</ele></rtept><rtept lat="57.52791" lon="12.436495"><ele>12.6</ele></rtept><rtept lat="57.527883" lon="12.436478"><ele>12.6</ele></rtept><rtept lat="57.527865" lon="12.43647"><ele>12.4</ele></rtept><rtept lat="57.527845" lon="12.436465"><ele>11.8</ele></rtept><rtept lat="57.527827" lon="12.436465"><ele>12.2</ele></rtept><rtept lat="57.527807" lon="12.436457"><ele>12.0</ele></rtept><rtept lat="57.527788" lon="12.43644"><ele>11.8</ele></rtept><rtept lat="57.527768" lon="12.436438"><ele>11.8</ele></rtept><rtept lat="57.52775" lon="12.436427"><ele>11.4</ele></rtept><rtept lat="57.527718" lon="12.436418"><ele>11.4</ele></rtept><rtept lat="57.527698" lon="12.436412"><ele>11.2</ele></rtept><rtept lat="57.527678" lon="12.4364"><ele>10.8</ele></rtept><rtept lat="57.527647" lon="12.436383"><ele>10.8</ele></rtept><rtept lat="57.527615" lon="12.436403"><ele>10.6</ele></rtept><rtept lat="57.52757" lon="12.436382"><ele>10.6</ele></rtept><rtept lat="57.527532" lon="12.436378"><ele>10.2</ele></rtept><rtept lat="57.5275" lon="12.436382"><ele>10.0</ele></rtept><rtept lat="57.527475" lon="12.43638"><ele>10.4</ele></rtept><rtept lat="57.527448" lon="12.436377"><ele>10.0</ele></rtept><rtept lat="57.527423" lon="12.436373"><ele>10.0</ele></rtept><rtept lat="57.527403" lon="12.436387"><ele>10.2</ele></rtept><rtept lat="57.527392" lon="12.436418"><ele>10.2</ele></rtept><rtept lat="57.52736" lon="12.436458"><ele>10.0</ele></rtept><rtept lat="57.52732" lon="12.43652"><ele>10.2</ele></rtept><rtept lat="57.527295" lon="12.436545"><ele>10.6</ele></rtept><rtept lat="57.52727" lon="12.43656"><ele>10.4</ele></rtept><rtept lat="57.527238" lon="12.436542"><ele>10.4</ele></rtept><rtept lat="57.527212" lon="12.436532"><ele>10.8</ele></rtept><rtept lat="57.52718" lon="12.43652"><ele>10.4</ele></rtept><rtept lat="57.52716" lon="12.436518"><ele>10.2</ele></rtept><rtept lat="57.527142" lon="12.436512"><ele>10.4</ele></rtept><rtept lat="57.527122" lon="12.43652"><ele>10.0</ele></rtept><rtept lat="57.527097" lon="12.43652"><ele>9.8</ele></rtept><rtept lat="57.52709" lon="12.436478"><ele>9.8</ele></rtept><rtept lat="57.527072" lon="12.436475"><ele>9.4</ele></rtept><rtept lat="57.527052" lon="12.436492"><ele>9.8</ele></rtept><rtept lat="57.52702" lon="12.436472"><ele>9.4</ele></rtept><rtept lat="57.526988" lon="12.436453"><ele>9.8</ele></rtept><rtept lat="57.526968" lon="12.436452"><ele>9.4</ele></rtept><rtept lat="57.526957" lon="12.436485"><ele>9.6</ele></rtept><rtept lat="57.526937" lon="12.436505"><ele>9.8</ele></rtept><rtept lat="57.526912" lon="12.436535"><ele>9.6</ele></rtept><rtept lat="57.526892" lon="12.436547"><ele>10.0</ele></rtept><rtept lat="57.526867" lon="12.436565"><ele>10.0</ele></rtept><rtept lat="57.526847" lon="12.436572"><ele>9.8</ele></rtept><rtept lat="57.526822" lon="12.436592"><ele>10.2</ele></rtept><rtept lat="57.526797" lon="12.436605"><ele>10.2</ele></rtept><rtept lat="57.526763" lon="12.436612"><ele>9.8</ele></rtept><rtept lat="57.52672" lon="12.436607"><ele>10.4</ele></rtept><rtept lat="57.52668" lon="12.436598"><ele>10.2</ele></rtept><rtept lat="57.526637" lon="12.436587"><ele>10.0</ele></rtept><rtept lat="57.52661" lon="12.436592"><ele>10.4</ele></rtept><rtept lat="57.526598" lon="12.436627"><ele>10.4</ele></rtept><rtept lat="57.526578" lon="12.436635"><ele>10.8</ele></rtept><rtept lat="57.52656" lon="12.43665"><ele>10.6</ele></rtept><rtept lat="57.52652" lon="12.436655"><ele>10.6</ele></rtept><rtept lat="57.526482" lon="12.436645"><ele>10.8</ele></rtept><rtept lat="57.526443" lon="12.436623"><ele>10.6</ele></rtept><rtept lat="57.526418" lon="12.436587"><ele>10.2</ele></rtept><rtept lat="57.526393" lon="12.436545"><ele>10.0</ele></rtept><rtept lat="57.52636" lon="12.436512"><ele>10.0</ele></rtept><rtept lat="57.526335" lon="12.436487"><ele>9.6</ele></rtept><rtept lat="57.52631" lon="12.436478"><ele>9.4</ele></rtept><rtept lat="57.52629" lon="12.436458"><ele>8.8</ele></rtept><rtept lat="57.526278" lon="12.436412"><ele>8.4</ele></rtept><rtept lat="57.526278" lon="12.436373"><ele>8.4</ele></rtept><rtept lat="57.526278" lon="12.43632"><ele>8.0</ele></rtept><rtept lat="57.526278" lon="12.436275"><ele>7.8</ele></rtept><rtept lat="57.526278" lon="12.43622"><ele>7.6</ele></rtept><rtept lat="57.526265" lon="12.436182"><ele>7.4</ele></rtept><rtept lat="57.526258" lon="12.436135"><ele>7.2</ele></rtept><rtept lat="57.526252" lon="12.436103"><ele>7.0</ele></rtept><rtept lat="57.526227" lon="12.436095"><ele>6.8</ele></rtept><rtept lat="57.5262" lon="12.436105"><ele>7.2</ele></rtept><rtept lat="57.526168" lon="12.436095"><ele>7.0</ele></rtept><rtept lat="57.526143" lon="12.436075"><ele>7.8</ele></rtept><rtept lat="57.526118" lon="12.436045"><ele>7.8</ele></rtept><rtept lat="57.526085" lon="12.43603"><ele>7.8</ele></rtept><rtept lat="57.52606" lon="12.436013"><ele>8.4</ele></rtept><rtept lat="57.52604" lon="12.43599"><ele>8.4</ele></rtept><rtept lat="57.526022" lon="12.43597"><ele>8.4</ele></rtept><rtept lat="57.526008" lon="12.435943"><ele>8.8</ele></rtept><rtept lat="57.525983" lon="12.43592"><ele>8.6</ele></rtept><rtept lat="57.525958" lon="12.435905"><ele>9.2</ele></rtept><rtept lat="57.525925" lon="12.435892"><ele>9.2</ele></rtept><rtept lat="57.525907" lon="12.435878"><ele>9.0</ele></rtept><rtept lat="57.525875" lon="12.435865"><ele>9.6</ele></rtept><rtept lat="57.525842" lon="12.435855"><ele>9.6</ele></rtept><rtept lat="57.525823" lon="12.435842"><ele>9.6</ele></rtept><rtept lat="57.525785" lon="12.43583"><ele>10.2</ele></rtept><rtept lat="57.525765" lon="12.43582"><ele>10.4</ele></rtept><rtept lat="57.52574" lon="12.435812"><ele>10.6</ele></rtept><rtept lat="57.52572" lon="12.435805"><ele>10.4</ele></rtept><rtept lat="57.525695" lon="12.435792"><ele>11.0</ele></rtept><rtept lat="57.52567" lon="12.435767"><ele>11.0</ele></rtept><rtept lat="57.525643" lon="12.43574"><ele>11.0</ele></rtept><rtept lat="57.525618" lon="12.435725"><ele>11.4</ele></rtept><rtept lat="57.525593" lon="12.435703"><ele>11.4</ele></rtept><rtept lat="57.525567" lon="12.435682"><ele>11.2</ele></rtept><rtept lat="57.525542" lon="12.435667"><ele>11.8</ele></rtept><rtept lat="57.52551" lon="12.435648"><ele>11.6</ele></rtept><rtept lat="57.525483" lon="12.43564"><ele>11.6</ele></rtept><rtept lat="57.525465" lon="12.43562"><ele>12.0</ele></rtept><rtept lat="57.525445" lon="12.4356"><ele>11.8</ele></rtept><rtept lat="57.525427" lon="12.43558"><ele>12.0</ele></rtept><rtept lat="57.5254" lon="12.435533"><ele>12.2</ele></rtept><rtept lat="57.525368" lon="12.435495"><ele>13.2</ele></rtept><rtept lat="57.52535" lon="12.43548"><ele>13.2</ele></rtept><rtept lat="57.52533" lon="12.435462"><ele>13.8</ele></rtept><rtept lat="57.525312" lon="12.43544"><ele>14.2</ele></rtept><rtept lat="57.525292" lon="12.435415"><ele>14.6</ele></rtept><rtept lat="57.525267" lon="12.435378"><ele>15.0</ele></rtept><rtept lat="57.52524" lon="12.435333"><ele>15.0</ele></rtept><rtept lat="57.525222" lon="12.43528"><ele>15.4</ele></rtept><rtept lat="57.525202" lon="12.435232"><ele>15.2</ele></rtept><rtept lat="57.52519" lon="12.435192"><ele>15.0</ele></rtept><rtept lat="57.52517" lon="12.435157"><ele>15.0</ele></rtept><rtept lat="57.525138" lon="12.435122"><ele>15.2</ele></rtept><rtept lat="57.52512" lon="12.435092"><ele>14.6</ele></rtept><rtept lat="57.5251" lon="12.435058"><ele>14.6</ele></rtept><rtept lat="57.525087" lon="12.435022"><ele>14.4</ele></rtept><rtept lat="57.525068" lon="12.434998"><ele>14.0</ele></rtept><rtept lat="57.525048" lon="12.434973"><ele>13.8</ele></rtept><rtept lat="57.52503" lon="12.434967"><ele>13.8</ele></rtept><rtept lat="57.52501" lon="12.43496"><ele>13.4</ele></rtept><rtept lat="57.524992" lon="12.434962"><ele>13.2</ele></rtept><rtept lat="57.524965" lon="12.43498"><ele>12.4</ele></rtept><rtept lat="57.524947" lon="12.434993"><ele>12.2</ele></rtept><rtept lat="57.524927" lon="12.435008"><ele>11.8</ele></rtept><rtept lat="57.524908" lon="12.435025"><ele>11.6</ele></rtept><rtept lat="57.524882" lon="12.435038"><ele>11.4</ele></rtept><rtept lat="57.524843" lon="12.43507"><ele>11.2</ele></rtept><rtept lat="57.524818" lon="12.43509"><ele>10.6</ele></rtept><rtept lat="57.5248" lon="12.4351"><ele>10.8</ele></rtept><rtept lat="57.524773" lon="12.435118"><ele>10.0</ele></rtept><rtept lat="57.524748" lon="12.43514"><ele>10.0</ele></rtept><rtept lat="57.524728" lon="12.43516"><ele>9.6</ele></rtept><rtept lat="57.52471" lon="12.435175"><ele>9.8</ele></rtept><rtept lat="57.52469" lon="12.435192"><ele>10.0</ele></rtept><rtept lat="57.524672" lon="12.43521"><ele>9.6</ele></rtept><rtept lat="57.524652" lon="12.435225"><ele>9.6</ele></rtept><rtept lat="57.524633" lon="12.435235"><ele>9.8</ele></rtept><rtept lat="57.5246" lon="12.435277"><ele>9.6</ele></rtept><rtept lat="57.524582" lon="12.43531"><ele>9.6</ele></rtept><rtept lat="57.524557" lon="12.43536"><ele>9.4</ele></rtept><rtept lat="57.524537" lon="12.43539"><ele>9.2</ele></rtept><rtept lat="57.524518" lon="12.435403"><ele>9.6</ele></rtept><rtept lat="57.524485" lon="12.435425"><ele>9.4</ele></rtept><rtept lat="57.52446" lon="12.435448"><ele>9.0</ele></rtept><rtept lat="57.52444" lon="12.435475"><ele>9.0</ele></rtept><rtept lat="57.524422" lon="12.435507"><ele>9.2</ele></rtept><rtept lat="57.524408" lon="12.435532"><ele>9.2</ele></rtept><rtept lat="57.524383" lon="12.435587"><ele>9.2</ele></rtept><rtept lat="57.524358" lon="12.435632"><ele>9.2</ele></rtept><rtept lat="57.52432" lon="12.435667"><ele>9.4</ele></rtept><rtept lat="57.524293" lon="12.435692"><ele>9.8</ele></rtept><rtept lat="57.524262" lon="12.435713"><ele>9.8</ele></rtept><rtept lat="57.524242" lon="12.435738"><ele>9.4</ele></rtept><rtept lat="57.524223" lon="12.435767"><ele>9.6</ele></rtept><rtept lat="57.524198" lon="12.435787"><ele>9.4</ele></rtept><rtept lat="57.524172" lon="12.435798"><ele>9.6</ele></rtept><rtept lat="57.52414" lon="12.435807"><ele>9.4</ele></rtept><rtept lat="57.524115" lon="12.435817"><ele>9.0</ele></rtept><rtept lat="57.524095" lon="12.43582"><ele>9.2</ele></rtept><rtept lat="57.524077" lon="12.435827"><ele>9.0</ele></rtept><rtept lat="57.524057" lon="12.435845"><ele>8.8</ele></rtept><rtept lat="57.524038" lon="12.435852"><ele>9.0</ele></rtept><rtept lat="57.524012" lon="12.43587"><ele>8.8</ele></rtept><rtept lat="57.523993" lon="12.43589"><ele>8.8</ele></rtept><rtept lat="57.523973" lon="12.435912"><ele>9.0</ele></rtept><rtept lat="57.523955" lon="12.435937"><ele>8.6</ele></rtept><rtept lat="57.523942" lon="12.43596"><ele>8.6</ele></rtept><rtept lat="57.523917" lon="12.435992"><ele>8.6</ele></rtept><rtept lat="57.523903" lon="12.436017"><ele>8.6</ele></rtept><rtept lat="57.523883" lon="12.436048"><ele>8.4</ele></rtept><rtept lat="57.523865" lon="12.436088"><ele>8.6</ele></rtept><rtept lat="57.52384" lon="12.43613"><ele>8.6</ele></rtept><rtept lat="57.523795" lon="12.436175"><ele>8.8</ele></rtept><rtept lat="57.523757" lon="12.43622"><ele>8.8</ele></rtept><rtept lat="57.523718" lon="12.436267"><ele>8.8</ele></rtept><rtept lat="57.52368" lon="12.436312"><ele>8.4</ele></rtept><rtept lat="57.523653" lon="12.436353"><ele>8.6</ele></rtept><rtept lat="57.523622" lon="12.436387"><ele>9.0</ele></rtept><rtept lat="57.52359" lon="12.436418"><ele>9.2</ele></rtept><rtept lat="57.523545" lon="12.436447"><ele>9.2</ele></rtept><rtept lat="57.52352" lon="12.436467"><ele>9.4</ele></rtept><rtept lat="57.523487" lon="12.436472"><ele>9.0</ele></rtept><rtept lat="57.523462" lon="12.436477"><ele>8.8</ele></rtept><rtept lat="57.523437" lon="12.436492"><ele>9.0</ele></rtept><rtept lat="57.523417" lon="12.436502"><ele>9.0</ele></rtept><rtept lat="57.523392" lon="12.436515"><ele>8.6</ele></rtept><rtept lat="57.523358" lon="12.43655"><ele>8.6</ele></rtept><rtept lat="57.52334" lon="12.43658"><ele>8.2</ele></rtept><rtept lat="57.523327" lon="12.436622"><ele>8.4</ele></rtept><rtept lat="57.523308" lon="12.436652"><ele>8.0</ele></rtept><rtept lat="57.523288" lon="12.436677"><ele>8.4</ele></rtept><rtept lat="57.523263" lon="12.43671"><ele>8.2</ele></rtept><rtept lat="57.523238" lon="12.43675"><ele>8.2</ele></rtept><rtept lat="57.523212" lon="12.436783"><ele>8.2</ele></rtept><rtept lat="57.523187" lon="12.436815"><ele>7.8</ele></rtept><rtept lat="57.523155" lon="12.436828"><ele>8.0</ele></rtept><rtept lat="57.523122" lon="12.436828"><ele>8.2</ele></rtept><rtept lat="57.523097" lon="12.436823"><ele>8.0</ele></rtept><rtept lat="57.523078" lon="12.43682"><ele>8.2</ele></rtept><rtept lat="57.523058" lon="12.436828"><ele>7.6</ele></rtept><rtept lat="57.523027" lon="12.436828"><ele>7.4</ele></rtept><rtept lat="57.523007" lon="12.436848"><ele>7.0</ele></rtept><rtept lat="57.522968" lon="12.436908"><ele>6.8</ele></rtept><rtept lat="57.522943" lon="12.436955"><ele>7.2</ele></rtept><rtept lat="57.52293" lon="12.437018"><ele>7.2</ele></rtept><rtept lat="57.522923" lon="12.437072"><ele>7.6</ele></rtept><rtept lat="57.522918" lon="12.437108"><ele>7.2</ele></rtept><rtept lat="57.522905" lon="12.437138"><ele>7.6</ele></rtept><rtept lat="57.522885" lon="12.437157"><ele>7.6</ele></rtept><rtept lat="57.52288" lon="12.4372"><ele>7.8</ele></rtept><rtept lat="57.522873" lon="12.437262"><ele>7.8</ele></rtept><rtept lat="57.522867" lon="12.4373"><ele>8.0</ele></rtept><rtept lat="57.522847" lon="12.437325"><ele>8.6</ele></rtept><rtept lat="57.522835" lon="12.43735"><ele>8.8</ele></rtept><rtept lat="57.522822" lon="12.43738"><ele>8.8</ele></rtept><rtept lat="57.522828" lon="12.437423"><ele>9.0</ele></rtept><rtept lat="57.52286" lon="12.43743"><ele>8.8</ele></rtept><rtept lat="57.522873" lon="12.437403"><ele>8.4</ele></rtept><rtept lat="57.522892" lon="12.437395"><ele>8.4</ele></rtept><rtept lat="57.522923" lon="12.437417"><ele>9.4</ele></rtept><rtept lat="57.522943" lon="12.437423"><ele>9.6</ele></rtept><rtept lat="57.522975" lon="12.437417"><ele>10.2</ele></rtept><rtept lat="57.523" lon="12.437413"><ele>10.4</ele></rtept><rtept lat="57.52302" lon="12.437403"><ele>10.8</ele></rtept><rtept lat="57.52304" lon="12.437403"><ele>11.2</ele></rtept><rtept lat="57.523065" lon="12.437403"><ele>11.8</ele></rtept><rtept lat="57.523083" lon="12.437408"><ele>12.2</ele></rtept><rtept lat="57.523103" lon="12.43742"><ele>12.4</ele></rtept><rtept lat="57.523128" lon="12.437457"><ele>13.0</ele></rtept><rtept lat="57.523148" lon="12.43747"><ele>13.4</ele></rtept><rtept lat="57.52318" lon="12.4375"><ele>14.2</ele></rtept><rtept lat="57.5232" lon="12.437528"><ele>15.0</ele></rtept><rtept lat="57.523225" lon="12.437562"><ele>15.4</ele></rtept><rtept lat="57.523243" lon="12.43759"><ele>15.8</ele></rtept><rtept lat="57.523263" lon="12.437627"><ele>16.0</ele></rtept><rtept lat="57.52327" lon="12.437663"><ele>16.4</ele></rtept><rtept lat="57.52327" lon="12.4377"><ele>16.8</ele></rtept><rtept lat="57.523277" lon="12.437742"><ele>17.0</ele></rtept><rtept lat="57.523302" lon="12.437803"><ele>18.0</ele></rtept><rtept lat="57.523308" lon="12.437852"><ele>18.6</ele></rtept><rtept lat="57.52332" lon="12.437897"><ele>19.2</ele></rtept><rtept lat="57.523347" lon="12.437932"><ele>20.0</ele></rtept><rtept lat="57.523358" lon="12.437958"><ele>20.0</ele></rtept><rtept lat="57.523372" lon="12.438002"><ele>20.8</ele></rtept><rtept lat="57.523385" lon="12.438065"><ele>21.0</ele></rtept><rtept lat="57.523398" lon="12.438128"><ele>20.6</ele></rtept><rtept lat="57.523417" lon="12.438173"><ele>20.6</ele></rtept><rtept lat="57.523442" lon="12.43819"><ele>20.2</ele></rtept><rtept lat="57.523462" lon="12.43824"><ele>20.4</ele></rtept><rtept lat="57.523468" lon="12.438275"><ele>20.4</ele></rtept><rtept lat="57.523468" lon="12.438313"><ele>20.2</ele></rtept><rtept lat="57.523468" lon="12.438353"><ele>19.8</ele></rtept><rtept lat="57.52348" lon="12.438388"><ele>19.8</ele></rtept><rtept lat="57.5235" lon="12.438412"><ele>19.2</ele></rtept><rtept lat="57.52352" lon="12.438427"><ele>18.8</ele></rtept><rtept lat="57.523538" lon="12.438448"><ele>19.0</ele></rtept><rtept lat="57.523558" lon="12.438478"><ele>18.8</ele></rtept><rtept lat="57.523577" lon="12.438508"><ele>19.2</ele></rtept><rtept lat="57.523597" lon="12.43854"><ele>19.2</ele></rtept><rtept lat="57.523608" lon="12.438578"><ele>19.0</ele></rtept><rtept lat="57.523615" lon="12.438625"><ele>19.6</ele></rtept><rtept lat="57.523622" lon="12.438677"><ele>19.4</ele></rtept><rtept lat="57.523635" lon="12.43873"><ele>19.4</ele></rtept><rtept lat="57.52364" lon="12.438763"><ele>19.6</ele></rtept><rtept lat="57.523653" lon="12.438797"><ele>19.2</ele></rtept><rtept lat="57.523667" lon="12.438825"><ele>19.0</ele></rtept><rtept lat="57.523698" lon="12.438853"><ele>18.8</ele></rtept><rtept lat="57.523718" lon="12.438877"><ele>19.4</ele></rtept><rtept lat="57.523743" lon="12.438895"><ele>19.6</ele></rtept><rtept lat="57.523768" lon="12.438945"><ele>19.6</ele></rtept><rtept lat="57.523782" lon="12.43897"><ele>19.8</ele></rtept><rtept lat="57.5238" lon="12.439002"><ele>19.8</ele></rtept><rtept lat="57.523813" lon="12.439027"><ele>19.4</ele></rtept><rtept lat="57.523833" lon="12.439048"><ele>19.2</ele></rtept><rtept lat="57.523865" lon="12.439068"><ele>19.0</ele></rtept><rtept lat="57.523883" lon="12.439073"><ele>18.4</ele></rtept><rtept lat="57.523903" lon="12.439078"><ele>17.8</ele></rtept><rtept lat="57.523922" lon="12.439077"><ele>17.8</ele></rtept><rtept lat="57.523942" lon="12.439077"><ele>17.6</ele></rtept><rtept lat="57.52396" lon="12.439075"><ele>17.6</ele></rtept><rtept lat="57.523987" lon="12.439077"><ele>17.6</ele></rtept><rtept lat="57.524005" lon="12.439078"><ele>17.4</ele></rtept><rtept lat="57.524025" lon="12.4391"><ele>17.6</ele></rtept><rtept lat="57.524038" lon="12.439132"><ele>17.0</ele></rtept><rtept lat="57.524043" lon="12.439173"><ele>16.6</ele></rtept><rtept lat="57.524057" lon="12.4392"><ele>16.4</ele></rtept><rtept lat="57.524043" lon="12.43924"><ele>15.2</ele></rtept><rtept lat="57.524025" lon="12.439262"><ele>14.0</ele></rtept><rtept lat="57.524005" lon="12.439272"><ele>13.4</ele></rtept><rtept lat="57.523973" lon="12.439285"><ele>11.2</ele></rtept><rtept lat="57.523948" lon="12.439302"><ele>10.2</ele></rtept><rtept lat="57.523942" lon="12.439347"><ele>8.6</ele></rtept><rtept lat="57.523942" lon="12.43938"><ele>8.0</ele></rtept><rtept lat="57.523942" lon="12.439415"><ele>7.4</ele></rtept><rtept lat="57.523942" lon="12.43945"><ele>6.6</ele></rtept><rtept lat="57.523942" lon="12.439485"><ele>6.8</ele></rtept><rtept lat="57.523942" lon="12.43953"><ele>6.4</ele></rtept><rtept lat="57.523935" lon="12.439595"><ele>6.0</ele></rtept><rtept lat="57.523935" lon="12.439633"><ele>5.6</ele></rtept><rtept lat="57.523935" lon="12.439668"><ele>6.0</ele></rtept><rtept lat="57.523922" lon="12.439703"><ele>5.8</ele></rtept><rtept lat="57.523903" lon="12.439773"><ele>5.8</ele></rtept><rtept lat="57.523883" lon="12.439822"><ele>5.4</ele></rtept><rtept lat="57.523872" lon="12.43988"><ele>5.6</ele></rtept><rtept lat="57.523858" lon="12.439952"><ele>5.6</ele></rtept><rtept lat="57.523845" lon="12.440012"><ele>5.2</ele></rtept><rtept lat="57.52384" lon="12.44008"><ele>5.6</ele></rtept><rtept lat="57.523833" lon="12.44015"><ele>5.6</ele></rtept><rtept lat="57.523813" lon="12.44021"><ele>5.2</ele></rtept><rtept lat="57.5238" lon="12.44026"><ele>5.6</ele></rtept><rtept lat="57.523795" lon="12.4403"><ele>5.6</ele></rtept><rtept lat="57.523782" lon="12.44036"><ele>5.6</ele></rtept><rtept lat="57.523775" lon="12.440415"><ele>5.8</ele></rtept><rtept lat="57.523762" lon="12.440467"><ele>5.6</ele></rtept><rtept lat="57.523757" lon="12.440507"><ele>5.8</ele></rtept><rtept lat="57.523743" lon="12.44056"><ele>5.4</ele></rtept><rtept lat="57.52373" lon="12.440612"><ele>5.2</ele></rtept><rtept lat="57.523718" lon="12.440665"><ele>5.4</ele></rtept><rtept lat="57.523698" lon="12.4407"><ele>5.4</ele></rtept><rtept lat="57.52368" lon="12.44073"><ele>5.0</ele></rtept><rtept lat="57.523667" lon="12.44076"><ele>5.4</ele></rtept><rtept lat="57.523647" lon="12.440785"><ele>5.2</ele></rtept><rtept lat="57.523628" lon="12.44082"><ele>5.6</ele></rtept><rtept lat="57.523602" lon="12.440857"><ele>5.8</ele></rtept><rtept lat="57.523583" lon="12.440897"><ele>5.8</ele></rtept><rtept lat="57.523563" lon="12.440928"><ele>5.2</ele></rtept><rtept lat="57.523545" lon="12.440958"><ele>5.4</ele></rtept><rtept lat="57.52352" lon="12.44099"><ele>5.2</ele></rtept><rtept lat="57.5235" lon="12.441023"><ele>5.2</ele></rtept><rtept lat="57.523462" lon="12.441068"><ele>5.4</ele></rtept><rtept lat="57.523442" lon="12.441102"><ele>5.2</ele></rtept><rtept lat="57.523417" lon="12.44113"><ele>5.2</ele></rtept><rtept lat="57.523385" lon="12.441172"><ele>5.0</ele></rtept><rtept lat="57.523347" lon="12.441218"><ele>4.8</ele></rtept><rtept lat="57.523327" lon="12.441242"><ele>4.6</ele></rtept><rtept lat="57.523308" lon="12.441273"><ele>4.4</ele></rtept><rtept lat="57.523288" lon="12.4413"><ele>4.6</ele></rtept><rtept lat="57.523263" lon="12.441333"><ele>4.6</ele></rtept><rtept lat="57.523232" lon="12.441365"><ele>4.4</ele></rtept><rtept lat="57.523205" lon="12.441418"><ele>4.6</ele></rtept><rtept lat="57.5232" lon="12.44146"><ele>4.4</ele></rtept><rtept lat="57.52318" lon="12.44151"><ele>4.2</ele></rtept><rtept lat="57.523173" lon="12.441557"><ele>4.4</ele></rtept><rtept lat="57.52316" lon="12.44162"><ele>4.0</ele></rtept><rtept lat="57.52316" lon="12.44167"><ele>4.2</ele></rtept><rtept lat="57.523148" lon="12.441713"><ele>4.2</ele></rtept><rtept lat="57.523142" lon="12.441758"><ele>4.0</ele></rtept><rtept lat="57.523135" lon="12.44181"><ele>4.0</ele></rtept><rtept lat="57.523122" lon="12.441868"><ele>3.8</ele></rtept><rtept lat="57.523103" lon="12.441912"><ele>3.6</ele></rtept><rtept lat="57.523072" lon="12.441942"><ele>4.2</ele></rtept><rtept lat="57.523045" lon="12.441973"><ele>3.8</ele></rtept><rtept lat="57.523027" lon="12.441993"><ele>3.8</ele></rtept><rtept lat="57.523007" lon="12.442002"><ele>3.8</ele></rtept><rtept lat="57.522988" lon="12.442012"><ele>3.6</ele></rtept><rtept lat="57.522968" lon="12.442017"><ele>4.0</ele></rtept><rtept lat="57.522943" lon="12.44202"><ele>3.8</ele></rtept><rtept lat="57.522923" lon="12.442023"><ele>3.4</ele></rtept><rtept lat="57.522892" lon="12.442037"><ele>3.8</ele></rtept><rtept lat="57.522867" lon="12.442047"><ele>3.4</ele></rtept><rtept lat="57.52284" lon="12.442053"><ele>3.6</ele></rtept><rtept lat="57.522822" lon="12.44206"><ele>3.6</ele></rtept><rtept lat="57.522783" lon="12.442073"><ele>4.0</ele></rtept><rtept lat="57.522752" lon="12.442097"><ele>3.8</ele></rtept><rtept lat="57.522732" lon="12.44211"><ele>4.0</ele></rtept><rtept lat="57.522707" lon="12.442125"><ele>3.8</ele></rtept><rtept lat="57.522687" lon="12.442142"><ele>4.0</ele></rtept><rtept lat="57.522668" lon="12.442162"><ele>3.8</ele></rtept><rtept lat="57.522642" lon="12.442185"><ele>3.6</ele></rtept><rtept lat="57.522623" lon="12.442202"><ele>4.0</ele></rtept><rtept lat="57.522603" lon="12.44222"><ele>3.8</ele></rtept><rtept lat="57.522572" lon="12.442237"><ele>3.4</ele></rtept><rtept lat="57.522553" lon="12.44225"><ele>3.8</ele></rtept><rtept lat="57.522527" lon="12.442267"><ele>3.6</ele></rtept><rtept lat="57.522495" lon="12.442292"><ele>3.6</ele></rtept><rtept lat="57.52247" lon="12.442315"><ele>3.6</ele></rtept><rtept lat="57.52245" lon="12.44233"><ele>3.4</ele></rtept><rtept lat="57.522432" lon="12.44235"><ele>4.0</ele></rtept><rtept lat="57.522405" lon="12.442368"><ele>3.8</ele></rtept><rtept lat="57.522387" lon="12.442383"><ele>3.4</ele></rtept><rtept lat="57.522348" lon="12.442405"><ele>3.8</ele></rtept><rtept lat="57.52231" lon="12.442422"><ele>3.6</ele></rtept><rtept lat="57.522265" lon="12.442442"><ele>4.0</ele></rtept><rtept lat="57.522227" lon="12.442455"><ele>4.0</ele></rtept><rtept lat="57.522182" lon="12.442478"><ele>3.8</ele></rtept><rtept lat="57.522157" lon="12.442488"><ele>4.2</ele></rtept><rtept lat="57.52213" lon="12.442502"><ele>4.0</ele></rtept><rtept lat="57.522105" lon="12.442515"><ele>3.6</ele></rtept><rtept lat="57.522085" lon="12.442528"><ele>3.8</ele></rtept><rtept lat="57.522067" lon="12.44254"><ele>3.8</ele></rtept><rtept lat="57.522035" lon="12.442555"><ele>4.0</ele></rtept><rtept lat="57.522008" lon="12.442568"><ele>4.2</ele></rtept><rtept lat="57.52197" lon="12.442587"><ele>3.8</ele></rtept><rtept lat="57.521938" lon="12.442603"><ele>4.2</ele></rtept><rtept lat="57.521913" lon="12.442627"><ele>4.0</ele></rtept><rtept lat="57.521875" lon="12.442647"><ele>3.6</ele></rtept><rtept lat="57.52183" lon="12.442678"><ele>4.0</ele></rtept><rtept lat="57.521765" lon="12.44272"><ele>4.0</ele></rtept><rtept lat="57.521727" lon="12.442732"><ele>4.0</ele></rtept><rtept lat="57.521688" lon="12.442747"><ele>4.2</ele></rtept><rtept lat="57.521632" lon="12.44276"><ele>4.0</ele></rtept><rtept lat="57.521587" lon="12.442773"><ele>4.4</ele></rtept><rtept lat="57.521542" lon="12.442787"><ele>4.6</ele></rtept><rtept lat="57.521497" lon="12.44282"><ele>4.4</ele></rtept><rtept lat="57.521452" lon="12.442845"><ele>4.8</ele></rtept><rtept lat="57.521413" lon="12.44286"><ele>4.6</ele></rtept><rtept lat="57.521382" lon="12.442862"><ele>4.6</ele></rtept><rtept lat="57.521382" lon="12.442792"><ele>4.6</ele></rtept><rtept lat="57.521357" lon="12.442778"><ele>4.6</ele></rtept><rtept lat="57.521337" lon="12.44278"><ele>5.2</ele></rtept><rtept lat="57.521318" lon="12.442778"><ele>5.0</ele></rtept><rtept lat="57.521292" lon="12.44278"><ele>5.2</ele></rtept><rtept lat="57.521273" lon="12.44278"><ele>5.4</ele></rtept><rtept lat="57.521247" lon="12.442787"><ele>6.0</ele></rtept><rtept lat="57.521215" lon="12.442817"><ele>6.4</ele></rtept><rtept lat="57.52119" lon="12.442832"><ele>6.8</ele></rtept><rtept lat="57.521163" lon="12.442842"><ele>7.0</ele></rtept><rtept lat="57.521132" lon="12.442838"><ele>7.6</ele></rtept><rtept lat="57.5211" lon="12.44283"><ele>7.8</ele></rtept><rtept lat="57.521068" lon="12.442825"><ele>7.6</ele></rtept><rtept lat="57.521042" lon="12.442818"><ele>8.2</ele></rtept><rtept lat="57.52101" lon="12.442805"><ele>8.2</ele></rtept><rtept lat="57.520978" lon="12.442793"><ele>8.2</ele></rtept><rtept lat="57.520947" lon="12.44279"><ele>8.6</ele></rtept><rtept lat="57.520915" lon="12.442785"><ele>8.6</ele></rtept><rtept lat="57.520877" lon="12.442785"><ele>8.8</ele></rtept><rtept lat="57.520857" lon="12.442787"><ele>9.0</ele></rtept><rtept lat="57.520825" lon="12.442792"><ele>8.6</ele></rtept><rtept lat="57.5208" lon="12.442802"><ele>8.8</ele></rtept><rtept lat="57.52078" lon="12.442812"><ele>9.0</ele></rtept><rtept lat="57.520742" lon="12.442822"><ele>8.8</ele></rtept><rtept lat="57.52071" lon="12.442835"><ele>8.6</ele></rtept><rtept lat="57.520683" lon="12.442847"><ele>8.8</ele></rtept><rtept lat="57.520652" lon="12.44286"><ele>8.4</ele></rtept><rtept lat="57.52062" lon="12.442867"><ele>8.2</ele></rtept><rtept lat="57.520582" lon="12.442872"><ele>8.4</ele></rtept><rtept lat="57.52055" lon="12.442867"><ele>8.0</ele></rtept><rtept lat="57.520518" lon="12.442857"><ele>7.8</ele></rtept><rtept lat="57.520485" lon="12.442852"><ele>7.8</ele></rtept><rtept lat="57.52044" lon="12.442847"><ele>7.6</ele></rtept><rtept lat="57.520415" lon="12.442845"><ele>7.4</ele></rtept><rtept lat="57.520383" lon="12.44284"><ele>7.2</ele></rtept><rtept lat="57.520345" lon="12.442832"><ele>7.0</ele></rtept><rtept lat="57.520325" lon="12.442825"><ele>6.8</ele></rtept><rtept lat="57.520307" lon="12.442818"><ele>6.8</ele></rtept><rtept lat="57.520287" lon="12.442812"><ele>6.4</ele></rtept><rtept lat="57.520262" lon="12.442807"><ele>6.4</ele></rtept><rtept lat="57.52023" lon="12.4428"><ele>6.0</ele></rtept><rtept lat="57.520203" lon="12.442792"><ele>5.4</ele></rtept><rtept lat="57.520172" lon="12.442793"><ele>5.8</ele></rtept><rtept lat="57.520147" lon="12.442798"><ele>5.6</ele></rtept><rtept lat="57.520115" lon="12.442802"><ele>5.6</ele></rtept><rtept lat="57.520082" lon="12.442798"><ele>5.6</ele></rtept><rtept lat="57.52005" lon="12.442797"><ele>5.2</ele></rtept><rtept lat="57.520012" lon="12.442778"><ele>5.6</ele></rtept><rtept lat="57.51998" lon="12.44277"><ele>5.4</ele></rtept><rtept lat="57.519948" lon="12.442762"><ele>5.0</ele></rtept><rtept lat="57.51991" lon="12.44276"><ele>5.4</ele></rtept><rtept lat="57.519883" lon="12.442753"><ele>5.2</ele></rtept><rtept lat="57.519852" lon="12.442745"><ele>5.4</ele></rtept><rtept lat="57.519813" lon="12.442742"><ele>5.4</ele></rtept><rtept lat="57.519788" lon="12.442737"><ele>5.0</ele></rtept><rtept lat="57.51975" lon="12.442732"><ele>5.4</ele></rtept><rtept lat="57.519712" lon="12.442723"><ele>5.4</ele></rtept><rtept lat="57.51968" lon="12.442713"><ele>5.2</ele></rtept><rtept lat="57.519647" lon="12.4427"><ele>5.6</ele></rtept><rtept lat="57.519628" lon="12.442693"><ele>5.4</ele></rtept><rtept lat="57.519597" lon="12.442682"><ele>5.8</ele></rtept><rtept lat="57.51957" lon="12.442673"><ele>5.8</ele></rtept><rtept lat="57.519545" lon="12.442663"><ele>5.8</ele></rtept><rtept lat="57.519525" lon="12.442648"><ele>6.2</ele></rtept><rtept lat="57.519507" lon="12.442628"><ele>6.0</ele></rtept><rtept lat="57.519487" lon="12.442607"><ele>5.8</ele></rtept><rtept lat="57.519455" lon="12.442593"><ele>6.0</ele></rtept><rtept lat="57.519437" lon="12.442575"><ele>5.8</ele></rtept><rtept lat="57.519417" lon="12.442562"><ele>6.2</ele></rtept><rtept lat="57.519398" lon="12.442555"><ele>6.2</ele></rtept><rtept lat="57.519353" lon="12.442555"><ele>6.4</ele></rtept><rtept lat="57.519333" lon="12.442553"><ele>6.4</ele></rtept><rtept lat="57.519308" lon="12.442552"><ele>6.4</ele></rtept><rtept lat="57.519277" lon="12.442548"><ele>6.4</ele></rtept><rtept lat="57.519238" lon="12.44254"><ele>6.4</ele></rtept><rtept lat="57.519205" lon="12.442528"><ele>6.8</ele></rtept><rtept lat="57.519173" lon="12.442515"><ele>6.8</ele></rtept><rtept lat="57.519148" lon="12.442498"><ele>6.6</ele></rtept><rtept lat="57.519117" lon="12.442483"><ele>7.0</ele></rtept><rtept lat="57.51909" lon="12.442468"><ele>6.8</ele></rtept><rtept lat="57.519058" lon="12.44246"><ele>7.0</ele></rtept><rtept lat="57.519027" lon="12.44245"><ele>7.2</ele></rtept><rtept lat="57.518995" lon="12.442445"><ele>7.0</ele></rtept><rtept lat="57.518962" lon="12.44244"><ele>7.2</ele></rtept><rtept lat="57.518937" lon="12.442428"><ele>7.4</ele></rtept><rtept lat="57.518912" lon="12.442417"><ele>7.2</ele></rtept><rtept lat="57.518892" lon="12.442397"><ele>7.6</ele></rtept><rtept lat="57.518873" lon="12.442373"><ele>7.4</ele></rtept><rtept lat="57.518835" lon="12.442328"><ele>7.6</ele></rtept><rtept lat="57.518808" lon="12.44229"><ele>7.8</ele></rtept><rtept lat="57.518777" lon="12.44225"><ele>7.8</ele></rtept><rtept lat="57.518752" lon="12.442218"><ele>8.2</ele></rtept><rtept lat="57.518725" lon="12.442187"><ele>8.2</ele></rtept><rtept lat="57.5187" lon="12.442158"><ele>8.0</ele></rtept><rtept lat="57.518675" lon="12.442132"><ele>8.6</ele></rtept><rtept lat="57.518642" lon="12.4421"><ele>8.4</ele></rtept><rtept lat="57.518617" lon="12.44207"><ele>8.4</ele></rtept><rtept lat="57.518592" lon="12.442033"><ele>8.6</ele></rtept><rtept lat="57.518565" lon="12.441993"><ele>8.6</ele></rtept><rtept lat="57.518533" lon="12.441957"><ele>9.0</ele></rtept><rtept lat="57.518502" lon="12.44192"><ele>8.8</ele></rtept><rtept lat="57.518477" lon="12.441887"><ele>8.4</ele></rtept><rtept lat="57.518438" lon="12.441852"><ele>8.6</ele></rtept><rtept lat="57.518418" lon="12.44181"><ele>8.2</ele></rtept><rtept lat="57.5184" lon="12.44177"><ele>8.0</ele></rtept><rtept lat="57.518373" lon="12.441733"><ele>8.2</ele></rtept><rtept lat="57.518355" lon="12.441695"><ele>7.8</ele></rtept><rtept lat="57.518335" lon="12.441657"><ele>7.4</ele></rtept><rtept lat="57.518303" lon="12.44162"><ele>7.6</ele></rtept><rtept lat="57.518283" lon="12.441588"><ele>7.2</ele></rtept><rtept lat="57.518265" lon="12.441557"><ele>7.4</ele></rtept><rtept lat="57.51824" lon="12.441525"><ele>7.2</ele></rtept><rtept lat="57.51822" lon="12.441497"><ele>6.8</ele></rtept><rtept lat="57.518195" lon="12.441465"><ele>7.2</ele></rtept><rtept lat="57.518162" lon="12.441442"><ele>7.0</ele></rtept><rtept lat="57.518137" lon="12.44142"><ele>6.8</ele></rtept><rtept lat="57.518118" lon="12.441402"><ele>6.8</ele></rtept><rtept lat="57.518085" lon="12.44138"><ele>6.4</ele></rtept><rtept lat="57.51806" lon="12.441352"><ele>6.8</ele></rtept><rtept lat="57.51804" lon="12.44132"><ele>6.6</ele></rtept><rtept lat="57.518015" lon="12.441278"><ele>6.4</ele></rtept><rtept lat="57.517997" lon="12.441243"><ele>6.8</ele></rtept><rtept lat="57.517963" lon="12.441213"><ele>6.6</ele></rtept><rtept lat="57.517932" lon="12.441188"><ele>6.4</ele></rtept><rtept lat="57.517907" lon="12.441168"><ele>6.6</ele></rtept><rtept lat="57.517868" lon="12.441147"><ele>6.2</ele></rtept><rtept lat="57.517842" lon="12.441128"><ele>6.6</ele></rtept><rtept lat="57.51781" lon="12.44111"><ele>6.4</ele></rtept><rtept lat="57.517772" lon="12.441103"><ele>6.2</ele></rtept><rtept lat="57.51774" lon="12.441083"><ele>6.4</ele></rtept><rtept lat="57.517715" lon="12.441062"><ele>6.0</ele></rtept><rtept lat="57.517682" lon="12.441045"><ele>6.2</ele></rtept><rtept lat="57.517657" lon="12.44103"><ele>6.2</ele></rtept><rtept lat="57.517638" lon="12.44102"><ele>6.0</ele></rtept><rtept lat="57.517605" lon="12.441003"><ele>6.4</ele></rtept><rtept lat="57.51758" lon="12.44099"><ele>6.2</ele></rtept><rtept lat="57.51756" lon="12.440978"><ele>6.0</ele></rtept><rtept lat="57.517535" lon="12.440953"><ele>6.2</ele></rtept><rtept lat="57.517517" lon="12.440937"><ele>5.8</ele></rtept><rtept lat="57.51749" lon="12.44091"><ele>6.0</ele></rtept><rtept lat="57.517472" lon="12.4409"><ele>5.8</ele></rtept><rtept lat="57.517445" lon="12.440883"><ele>5.6</ele></rtept><rtept lat="57.51742" lon="12.440875"><ele>5.8</ele></rtept><rtept lat="57.517388" lon="12.440863"><ele>5.6</ele></rtept><rtept lat="57.517368" lon="12.440852"><ele>5.4</ele></rtept><rtept lat="57.51735" lon="12.440842"><ele>5.4</ele></rtept><rtept lat="57.51733" lon="12.440837"><ele>5.2</ele></rtept><rtept lat="57.517305" lon="12.440835"><ele>5.4</ele></rtept><rtept lat="57.517273" lon="12.440842"><ele>5.2</ele></rtept><rtept lat="57.51724" lon="12.440845"><ele>5.0</ele></rtept><rtept lat="57.517208" lon="12.440842"><ele>5.4</ele></rtept><rtept lat="57.517177" lon="12.44084"><ele>5.4</ele></rtept><rtept lat="57.517138" lon="12.440837"><ele>5.0</ele></rtept><rtept lat="57.517107" lon="12.44084"><ele>5.4</ele></rtept><rtept lat="57.51708" lon="12.440847"><ele>5.0</ele></rtept><rtept lat="57.517048" lon="12.440852"><ele>5.2</ele></rtept><rtept lat="57.517023" lon="12.440857"><ele>5.2</ele></rtept><rtept lat="57.516992" lon="12.440845"><ele>5.4</ele></rtept><rtept lat="57.51696" lon="12.44085"><ele>5.2</ele></rtept><rtept lat="57.51692" lon="12.440847"><ele>5.2</ele></rtept><rtept lat="57.516888" lon="12.440842"><ele>5.4</ele></rtept><rtept lat="57.516863" lon="12.440832"><ele>5.4</ele></rtept><rtept lat="57.516832" lon="12.440823"><ele>5.4</ele></rtept><rtept lat="57.5168" lon="12.44081"><ele>5.4</ele></rtept><rtept lat="57.516767" lon="12.440792"><ele>5.4</ele></rtept><rtept lat="57.516728" lon="12.440778"><ele>5.6</ele></rtept><rtept lat="57.516697" lon="12.440765"><ele>5.6</ele></rtept><rtept lat="57.516665" lon="12.440752"><ele>5.4</ele></rtept><rtept lat="57.516627" lon="12.440735"><ele>5.8</ele></rtept><rtept lat="57.516595" lon="12.44072"><ele>5.8</ele></rtept><rtept lat="57.516562" lon="12.440702"><ele>5.6</ele></rtept><rtept lat="57.516537" lon="12.440687"><ele>5.8</ele></rtept><rtept lat="57.516498" lon="12.440665"><ele>5.6</ele></rtept><rtept lat="57.516473" lon="12.44064"><ele>6.0</ele></rtept><rtept lat="57.516447" lon="12.44062"><ele>5.8</ele></rtept><rtept lat="57.516415" lon="12.440603"><ele>5.6</ele></rtept><rtept lat="57.516397" lon="12.440588"><ele>6.0</ele></rtept><rtept lat="57.516363" lon="12.440563"><ele>5.8</ele></rtept><rtept lat="57.516338" lon="12.440543"><ele>5.8</ele></rtept><rtept lat="57.516313" lon="12.440518"><ele>6.2</ele></rtept><rtept lat="57.516287" lon="12.440493"><ele>6.0</ele></rtept><rtept lat="57.516268" lon="12.440468"><ele>6.2</ele></rtept><rtept lat="57.516242" lon="12.440448"><ele>6.2</ele></rtept><rtept lat="57.516217" lon="12.44043"><ele>6.0</ele></rtept><rtept lat="57.516198" lon="12.44041"><ele>6.2</ele></rtept><rtept lat="57.516178" lon="12.440395"><ele>6.0</ele></rtept><rtept lat="57.516153" lon="12.440375"><ele>6.4</ele></rtept><rtept lat="57.516133" lon="12.44036"><ele>6.4</ele></rtept><rtept lat="57.516102" lon="12.440342"><ele>6.2</ele></rtept><rtept lat="57.516077" lon="12.440328"><ele>6.8</ele></rtept><rtept lat="57.516057" lon="12.440308"><ele>6.6</ele></rtept><rtept lat="57.516032" lon="12.440288"><ele>6.6</ele></rtept><rtept lat="57.516005" lon="12.44027"><ele>6.8</ele></rtept><rtept lat="57.515973" lon="12.440243"><ele>6.6</ele></rtept><rtept lat="57.515942" lon="12.44023"><ele>6.6</ele></rtept><rtept lat="57.515917" lon="12.440215"><ele>6.8</ele></rtept><rtept lat="57.515897" lon="12.4402"><ele>6.4</ele></rtept><rtept lat="57.515872" lon="12.440185"><ele>6.8</ele></rtept><rtept lat="57.515852" lon="12.440175"><ele>6.8</ele></rtept><rtept lat="57.51582" lon="12.440163"><ele>6.4</ele></rtept><rtept lat="57.515788" lon="12.440152"><ele>6.6</ele></rtept><rtept lat="57.515757" lon="12.44014"><ele>6.4</ele></rtept><rtept lat="57.515723" lon="12.440132"><ele>6.4</ele></rtept><rtept lat="57.515698" lon="12.440122"><ele>6.6</ele></rtept><rtept lat="57.515667" lon="12.440107"><ele>6.4</ele></rtept><rtept lat="57.515635" lon="12.440095"><ele>6.6</ele></rtept><rtept lat="57.515608" lon="12.440077"><ele>6.4</ele></rtept><rtept lat="57.515583" lon="12.440055"><ele>6.2</ele></rtept><rtept lat="57.515558" lon="12.440035"><ele>6.6</ele></rtept><rtept lat="57.515532" lon="12.440018"><ele>6.6</ele></rtept><rtept lat="57.515507" lon="12.439995"><ele>6.4</ele></rtept><rtept lat="57.515487" lon="12.43997"><ele>6.6</ele></rtept><rtept lat="57.515462" lon="12.439947"><ele>6.4</ele></rtept><rtept lat="57.515442" lon="12.439923"><ele>6.6</ele></rtept><rtept lat="57.515417" lon="12.4399"><ele>6.4</ele></rtept><rtept lat="57.515398" lon="12.439893"><ele>6.0</ele></rtept><rtept lat="57.515365" lon="12.439887"><ele>6.4</ele></rtept><rtept lat="57.515333" lon="12.43988"><ele>6.2</ele></rtept><rtept lat="57.515302" lon="12.439868"><ele>6.4</ele></rtept><rtept lat="57.515277" lon="12.439852"><ele>6.2</ele></rtept><rtept lat="57.515257" lon="12.439833"><ele>6.0</ele></rtept><rtept lat="57.515225" lon="12.439818"><ele>6.2</ele></rtept><rtept lat="57.5152" lon="12.439807"><ele>6.0</ele></rtept><rtept lat="57.515167" lon="12.439792"><ele>5.6</ele></rtept><rtept lat="57.515148" lon="12.439775"><ele>6.0</ele></rtept><rtept lat="57.515117" lon="12.439755"><ele>5.8</ele></rtept><rtept lat="57.51509" lon="12.439733"><ele>5.6</ele></rtept><rtept lat="57.515065" lon="12.439715"><ele>5.8</ele></rtept><rtept lat="57.515045" lon="12.4397"><ele>5.6</ele></rtept><rtept lat="57.515027" lon="12.439685"><ele>5.8</ele></rtept><rtept lat="57.515007" lon="12.439682"><ele>5.8</ele></rtept><rtept lat="57.514975" lon="12.439663"><ele>5.6</ele></rtept><rtept lat="57.514943" lon="12.43966"><ele>5.6</ele></rtept><rtept lat="57.514918" lon="12.439668"><ele>5.8</ele></rtept><rtept lat="57.514898" lon="12.439685"><ele>5.6</ele></rtept><rtept lat="57.514867" lon="12.439708"><ele>6.2</ele></rtept><rtept lat="57.51484" lon="12.439748"><ele>6.2</ele></rtept><rtept lat="57.514822" lon="12.439777"><ele>6.4</ele></rtept><rtept lat="57.514797" lon="12.439808"><ele>6.4</ele></rtept><rtept lat="57.514783" lon="12.43984"><ele>6.6</ele></rtept><rtept lat="57.514763" lon="12.439907"><ele>7.0</ele></rtept><rtept lat="57.514758" lon="12.439973"><ele>7.6</ele></rtept><rtept lat="57.514758" lon="12.440018"><ele>7.8</ele></rtept><rtept lat="57.514758" lon="12.440072"><ele>8.4</ele></rtept><rtept lat="57.514758" lon="12.440105"><ele>8.6</ele></rtept><rtept lat="57.514763" lon="12.440152"><ele>9.2</ele></rtept><rtept lat="57.51477" lon="12.440192"><ele>9.6</ele></rtept><rtept lat="57.514777" lon="12.440243"><ele>10.6</ele></rtept><rtept lat="57.51479" lon="12.44027"><ele>11.2</ele></rtept><rtept lat="57.514808" lon="12.440305"><ele>12.0</ele></rtept><rtept lat="57.514822" lon="12.44034"><ele>12.4</ele></rtept><rtept lat="57.51484" lon="12.440363"><ele>12.8</ele></rtept><rtept lat="57.51486" lon="12.440403"><ele>13.4</ele></rtept><rtept lat="57.51488" lon="12.440448"><ele>13.8</ele></rtept><rtept lat="57.514885" lon="12.4405"><ele>14.4</ele></rtept><rtept lat="57.514898" lon="12.440542"><ele>15.0</ele></rtept><rtept lat="57.514892" lon="12.440607"><ele>15.4</ele></rtept><rtept lat="57.514892" lon="12.440658"><ele>16.0</ele></rtept><rtept lat="57.514892" lon="12.440702"><ele>16.6</ele></rtept><rtept lat="57.514892" lon="12.440752"><ele>17.0</ele></rtept><rtept lat="57.514898" lon="12.440795"><ele>17.4</ele></rtept><rtept lat="57.51488" lon="12.440817"><ele>18.0</ele></rtept><rtept lat="57.514847" lon="12.44081"><ele>18.2</ele></rtept><rtept lat="57.514822" lon="12.440798"><ele>18.8</ele></rtept><rtept lat="57.514797" lon="12.44077"><ele>19.0</ele></rtept><rtept lat="57.51477" lon="12.440732"><ele>19.0</ele></rtept><rtept lat="57.514738" lon="12.440705"><ele>19.4</ele></rtept><rtept lat="57.514713" lon="12.440673"><ele>19.4</ele></rtept><rtept lat="57.514693" lon="12.440647"><ele>19.4</ele></rtept><rtept lat="57.514668" lon="12.44062"><ele>19.6</ele></rtept><rtept lat="57.51463" lon="12.440603"><ele>19.6</ele></rtept><rtept lat="57.514592" lon="12.440578"><ele>18.8</ele></rtept><rtept lat="57.514565" lon="12.440558"><ele>18.8</ele></rtept><rtept lat="57.51454" lon="12.440542"><ele>18.4</ele></rtept><rtept lat="57.514508" lon="12.44052"><ele>17.6</ele></rtept><rtept lat="57.514482" lon="12.440507"><ele>17.6</ele></rtept><rtept lat="57.51445" lon="12.440497"><ele>17.2</ele></rtept><rtept lat="57.514425" lon="12.440488"><ele>16.8</ele></rtept><rtept lat="57.514393" lon="12.44048"><ele>16.8</ele></rtept><rtept lat="57.514367" lon="12.440463"><ele>16.6</ele></rtept><rtept lat="57.514342" lon="12.440455"><ele>16.0</ele></rtept><rtept lat="57.514317" lon="12.44044"><ele>16.0</ele></rtept><rtept lat="57.51429" lon="12.440428"><ele>15.4</ele></rtept><rtept lat="57.514258" lon="12.440418"><ele>15.0</ele></rtept><rtept lat="57.514227" lon="12.440405"><ele>15.0</ele></rtept><rtept lat="57.514195" lon="12.440393"><ele>14.6</ele></rtept><rtept lat="57.514168" lon="12.440383"><ele>14.0</ele></rtept><rtept lat="57.51413" lon="12.440382"><ele>14.2</ele></rtept><rtept lat="57.514105" lon="12.440375"><ele>13.8</ele></rtept><rtept lat="57.51408" lon="12.440355"><ele>13.4</ele></rtept><rtept lat="57.514053" lon="12.440335"><ele>13.6</ele></rtept><rtept lat="57.514028" lon="12.44032"><ele>13.2</ele></rtept><rtept lat="57.513997" lon="12.440305"><ele>12.8</ele></rtept><rtept lat="57.51397" lon="12.440283"><ele>12.8</ele></rtept><rtept lat="57.513952" lon="12.44027"><ele>12.4</ele></rtept><rtept lat="57.513913" lon="12.44026"><ele>12.0</ele></rtept><rtept lat="57.51388" lon="12.440257"><ele>12.0</ele></rtept><rtept lat="57.513848" lon="12.44026"><ele>11.4</ele></rtept><rtept lat="57.51381" lon="12.440263"><ele>11.0</ele></rtept><rtept lat="57.513785" lon="12.44026"><ele>11.0</ele></rtept><rtept lat="57.513747" lon="12.440255"><ele>10.6</ele></rtept><rtept lat="57.513708" lon="12.440245"><ele>10.8</ele></rtept><rtept lat="57.513677" lon="12.440233"><ele>10.6</ele></rtept><rtept lat="57.51365" lon="12.44022"><ele>10.4</ele></rtept><rtept lat="57.513618" lon="12.440203"><ele>10.6</ele></rtept><rtept lat="57.513593" lon="12.44019"><ele>10.4</ele></rtept><rtept lat="57.513573" lon="12.440177"><ele>10.2</ele></rtept><rtept lat="57.513548" lon="12.44016"><ele>10.6</ele></rtept><rtept lat="57.513517" lon="12.440145"><ele>10.4</ele></rtept><rtept lat="57.513478" lon="12.44014"><ele>10.4</ele></rtept><rtept lat="57.513458" lon="12.440135"><ele>10.6</ele></rtept><rtept lat="57.513433" lon="12.44012"><ele>10.6</ele></rtept><rtept lat="57.513407" lon="12.440107"><ele>10.8</ele></rtept><rtept lat="57.513382" lon="12.440097"><ele>10.8</ele></rtept><rtept lat="57.513357" lon="12.440085"><ele>11.0</ele></rtept><rtept lat="57.513337" lon="12.440075"><ele>11.4</ele></rtept><rtept lat="57.513312" lon="12.440065"><ele>11.2</ele></rtept><rtept lat="57.513285" lon="12.440057"><ele>11.6</ele></rtept><rtept lat="57.513247" lon="12.440035"><ele>11.0</ele></rtept><rtept lat="57.513222" lon="12.44002"><ele>11.2</ele></rtept><rtept lat="57.513183" lon="12.439978"><ele>11.2</ele></rtept><rtept lat="57.513158" lon="12.439952"><ele>11.0</ele></rtept><rtept lat="57.513138" lon="12.439937"><ele>11.0</ele></rtept><rtept lat="57.513113" lon="12.439932"><ele>11.2</ele></rtept><rtept lat="57.513075" lon="12.439918"><ele>11.2</ele></rtept><rtept lat="57.513048" lon="12.439893"><ele>11.2</ele></rtept><rtept lat="57.513023" lon="12.439868"><ele>11.2</ele></rtept><rtept lat="57.512998" lon="12.439843"><ele>11.0</ele></rtept><rtept lat="57.51296" lon="12.439813"><ele>11.2</ele></rtept><rtept lat="57.512933" lon="12.439792"><ele>11.2</ele></rtept><rtept lat="57.512908" lon="12.439772"><ele>11.0</ele></rtept><rtept lat="57.512863" lon="12.439722"><ele>11.0</ele></rtept><rtept lat="57.512843" lon="12.439688"><ele>10.8</ele></rtept><rtept lat="57.512812" lon="12.43966"><ele>11.0</ele></rtept><rtept lat="57.51278" lon="12.439628"><ele>10.6</ele></rtept><rtept lat="57.512755" lon="12.439595"><ele>10.4</ele></rtept><rtept lat="57.512728" lon="12.439563"><ele>10.6</ele></rtept><rtept lat="57.512703" lon="12.439523"><ele>10.2</ele></rtept><rtept lat="57.512678" lon="12.439492"><ele>9.8</ele></rtept><rtept lat="57.512658" lon="12.439452"><ele>10.0</ele></rtept><rtept lat="57.512633" lon="12.439405"><ele>9.8</ele></rtept><rtept lat="57.51262" lon="12.439365"><ele>9.2</ele></rtept><rtept lat="57.512595" lon="12.43931"><ele>9.4</ele></rtept><rtept lat="57.512575" lon="12.439265"><ele>9.0</ele></rtept><rtept lat="57.512557" lon="12.439223"><ele>8.8</ele></rtept><rtept lat="57.512543" lon="12.439173"><ele>8.8</ele></rtept><rtept lat="57.512523" lon="12.43912"><ele>8.6</ele></rtept><rtept lat="57.512512" lon="12.439068"><ele>8.6</ele></rtept><rtept lat="57.512505" lon="12.439033"><ele>8.4</ele></rtept><rtept lat="57.512485" lon="12.43897"><ele>8.2</ele></rtept><rtept lat="57.51248" lon="12.438908"><ele>8.2</ele></rtept><rtept lat="57.512467" lon="12.43885"><ele>7.8</ele></rtept><rtept lat="57.51246" lon="12.438795"><ele>7.8</ele></rtept><rtept lat="57.51244" lon="12.43874"><ele>7.8</ele></rtept><rtept lat="57.512428" lon="12.438685"><ele>7.4</ele></rtept><rtept lat="57.512422" lon="12.43863"><ele>7.8</ele></rtept><rtept lat="57.512422" lon="12.438582"><ele>7.6</ele></rtept><rtept lat="57.512422" lon="12.438547"><ele>7.2</ele></rtept><rtept lat="57.512408" lon="12.438493"><ele>7.4</ele></rtept><rtept lat="57.512397" lon="12.438447"><ele>7.0</ele></rtept><rtept lat="57.512383" lon="12.438392"><ele>7.0</ele></rtept><rtept lat="57.512363" lon="12.438322"><ele>6.8</ele></rtept><rtept lat="57.512338" lon="12.438245"><ele>6.6</ele></rtept><rtept lat="57.51232" lon="12.43818"><ele>6.8</ele></rtept><rtept lat="57.5123" lon="12.43813"><ele>6.8</ele></rtept><rtept lat="57.51228" lon="12.438077"><ele>6.8</ele></rtept><rtept lat="57.512268" lon="12.438032"><ele>6.8</ele></rtept><rtept lat="57.512248" lon="12.437995"><ele>6.4</ele></rtept><rtept lat="57.512237" lon="12.437952"><ele>6.6</ele></rtept><rtept lat="57.512223" lon="12.437895"><ele>6.4</ele></rtept><rtept lat="57.512217" lon="12.437838"><ele>6.4</ele></rtept><rtept lat="57.512203" lon="12.437782"><ele>6.4</ele></rtept><rtept lat="57.512198" lon="12.437722"><ele>6.2</ele></rtept><rtept lat="57.512185" lon="12.437667"><ele>6.4</ele></rtept><rtept lat="57.512165" lon="12.43761"><ele>6.0</ele></rtept><rtept lat="57.51216" lon="12.437555"><ele>5.8</ele></rtept><rtept lat="57.512147" lon="12.437503"><ele>6.0</ele></rtept><rtept lat="57.51214" lon="12.43745"><ele>5.8</ele></rtept><rtept lat="57.512133" lon="12.437397"><ele>6.0</ele></rtept><rtept lat="57.512127" lon="12.437347"><ele>6.0</ele></rtept><rtept lat="57.51212" lon="12.437295"><ele>5.8</ele></rtept><rtept lat="57.512115" lon="12.43724"><ele>6.0</ele></rtept><rtept lat="57.512102" lon="12.437192"><ele>5.8</ele></rtept><rtept lat="57.512095" lon="12.437138"><ele>6.0</ele></rtept><rtept lat="57.512088" lon="12.43708"><ele>6.0</ele></rtept><rtept lat="57.512088" lon="12.437032"><ele>5.8</ele></rtept><rtept lat="57.512095" lon="12.436967"><ele>6.2</ele></rtept><rtept lat="57.512088" lon="12.436908"><ele>6.2</ele></rtept><rtept lat="57.512082" lon="12.43686"><ele>5.8</ele></rtept><rtept lat="57.512082" lon="12.436808"><ele>6.2</ele></rtept><rtept lat="57.512077" lon="12.43676"><ele>6.0</ele></rtept><rtept lat="57.51207" lon="12.4367"><ele>6.4</ele></rtept><rtept lat="57.512077" lon="12.43665"><ele>6.6</ele></rtept><rtept lat="57.512063" lon="12.436597"><ele>6.6</ele></rtept><rtept lat="57.51205" lon="12.436555"><ele>6.8</ele></rtept><rtept lat="57.512038" lon="12.43649"><ele>6.8</ele></rtept><rtept lat="57.512032" lon="12.43644"><ele>6.4</ele></rtept><rtept lat="57.512025" lon="12.436387"><ele>6.8</ele></rtept><rtept lat="57.512025" lon="12.436333"><ele>6.4</ele></rtept><rtept lat="57.512012" lon="12.436282"><ele>6.2</ele></rtept><rtept lat="57.512" lon="12.436242"><ele>6.2</ele></rtept><rtept lat="57.51198" lon="12.436195"><ele>5.8</ele></rtept><rtept lat="57.511967" lon="12.436135"><ele>5.8</ele></rtept><rtept lat="57.511955" lon="12.436083"><ele>5.4</ele></rtept><rtept lat="57.511942" lon="12.436023"><ele>5.0</ele></rtept><rtept lat="57.511935" lon="12.435975"><ele>5.2</ele></rtept><rtept lat="57.511922" lon="12.435918"><ele>5.0</ele></rtept><rtept lat="57.51191" lon="12.435875"><ele>5.0</ele></rtept><rtept lat="57.511903" lon="12.435825"><ele>4.8</ele></rtept><rtept lat="57.511883" lon="12.435765"><ele>4.4</ele></rtept><rtept lat="57.511872" lon="12.435722"><ele>4.8</ele></rtept><rtept lat="57.511858" lon="12.435687"><ele>4.4</ele></rtept><rtept lat="57.511852" lon="12.435643"><ele>4.4</ele></rtept><rtept lat="57.511845" lon="12.4356"><ele>4.4</ele></rtept><rtept lat="57.51184" lon="12.435557"><ele>4.0</ele></rtept><rtept lat="57.511827" lon="12.435522"><ele>4.4</ele></rtept><rtept lat="57.511813" lon="12.435475"><ele>4.4</ele></rtept><rtept lat="57.5118" lon="12.435428"><ele>4.0</ele></rtept><rtept lat="57.511795" lon="12.43538"><ele>4.4</ele></rtept><rtept lat="57.511788" lon="12.435343"><ele>4.2</ele></rtept><rtept lat="57.511782" lon="12.4353"><ele>4.6</ele></rtept><rtept lat="57.511768" lon="12.435252"><ele>4.6</ele></rtept><rtept lat="57.51175" lon="12.435207"><ele>4.4</ele></rtept><rtept lat="57.511737" lon="12.435152"><ele>5.0</ele></rtept><rtept lat="57.511718" lon="12.435072"><ele>4.8</ele></rtept><rtept lat="57.511712" lon="12.435007"><ele>4.6</ele></rtept><rtept lat="57.511698" lon="12.434948"><ele>5.0</ele></rtept><rtept lat="57.511692" lon="12.434908"><ele>5.0</ele></rtept><rtept lat="57.511685" lon="12.434868"><ele>5.0</ele></rtept><rtept lat="57.511685" lon="12.434833"><ele>5.4</ele></rtept><rtept lat="57.511673" lon="12.434793"><ele>5.2</ele></rtept><rtept lat="57.51166" lon="12.434748"><ele>5.6</ele></rtept><rtept lat="57.511647" lon="12.434708"><ele>5.6</ele></rtept><rtept lat="57.51164" lon="12.434673"><ele>5.6</ele></rtept><rtept lat="57.51164" lon="12.434628"><ele>6.0</ele></rtept><rtept lat="57.511635" lon="12.434588"><ele>6.0</ele></rtept><rtept lat="57.511628" lon="12.434545"><ele>5.6</ele></rtept><rtept lat="57.511602" lon="12.434485"><ele>6.0</ele></rtept><rtept lat="57.51159" lon="12.434452"><ele>6.4</ele></rtept><rtept lat="57.511583" lon="12.434412"><ele>6.4</ele></rtept><rtept lat="57.51157" lon="12.434358"><ele>6.4</ele></rtept><rtept lat="57.511563" lon="12.434302"><ele>7.0</ele></rtept><rtept lat="57.511558" lon="12.434253"><ele>7.0</ele></rtept><rtept lat="57.511552" lon="12.434203"><ele>7.2</ele></rtept><rtept lat="57.511545" lon="12.434163"><ele>7.6</ele></rtept><rtept lat="57.511532" lon="12.434115"><ele>7.6</ele></rtept><rtept lat="57.511525" lon="12.43406"><ele>7.8</ele></rtept><rtept lat="57.511513" lon="12.434005"><ele>8.0</ele></rtept><rtept lat="57.511513" lon="12.433963"><ele>8.0</ele></rtept><rtept lat="57.511507" lon="12.433917"><ele>8.2</ele></rtept><rtept lat="57.511507" lon="12.433877"><ele>8.8</ele></rtept><rtept lat="57.511507" lon="12.433805"><ele>9.0</ele></rtept><rtept lat="57.511507" lon="12.433758"><ele>9.6</ele></rtept><rtept lat="57.511507" lon="12.433718"><ele>9.8</ele></rtept><rtept lat="57.511493" lon="12.433672"><ele>10.0</ele></rtept><rtept lat="57.511487" lon="12.433627"><ele>10.4</ele></rtept><rtept lat="57.511487" lon="12.433588"><ele>10.8</ele></rtept><rtept lat="57.511493" lon="12.433557"><ele>11.2</ele></rtept><rtept lat="57.511487" lon="12.433513"><ele>11.6</ele></rtept><rtept lat="57.51148" lon="12.433467"><ele>11.8</ele></rtept><rtept lat="57.511462" lon="12.433427"><ele>12.4</ele></rtept><rtept lat="57.511455" lon="12.433362"><ele>13.0</ele></rtept><rtept lat="57.511448" lon="12.433328"><ele>13.6</ele></rtept><rtept lat="57.511448" lon="12.433295"><ele>13.8</ele></rtept><rtept lat="57.511448" lon="12.43326"><ele>14.0</ele></rtept><rtept lat="57.511442" lon="12.433223"><ele>14.6</ele></rtept><rtept lat="57.51143" lon="12.433183"><ele>14.8</ele></rtept><rtept lat="57.511423" lon="12.433143"><ele>15.0</ele></rtept><rtept lat="57.51141" lon="12.433102"><ele>15.4</ele></rtept><rtept lat="57.511392" lon="12.433062"><ele>15.6</ele></rtept><rtept lat="57.511365" lon="12.433025"><ele>15.8</ele></rtept><rtept lat="57.511333" lon="12.432992"><ele>16.6</ele></rtept><rtept lat="57.511288" lon="12.432953"><ele>16.6</ele></rtept><rtept lat="57.511288" lon="12.43288"><ele>17.0</ele></rtept><rtept lat="57.511288" lon="12.432832"><ele>17.2</ele></rtept><rtept lat="57.511288" lon="12.432758"><ele>17.4</ele></rtept><rtept lat="57.511295" lon="12.432695"><ele>17.6</ele></rtept><rtept lat="57.511288" lon="12.432648"><ele>17.8</ele></rtept><rtept lat="57.51127" lon="12.432595"><ele>18.2</ele></rtept><rtept lat="57.511263" lon="12.43255"><ele>18.6</ele></rtept><rtept lat="57.511263" lon="12.432515"><ele>18.8</ele></rtept><rtept lat="57.51125" lon="12.432485"><ele>19.0</ele></rtept><rtept lat="57.511232" lon="12.432483"><ele>19.4</ele></rtept><rtept lat="57.5112" lon="12.432465"><ele>20.0</ele></rtept><rtept lat="57.511187" lon="12.43241"><ele>20.4</ele></rtept><rtept lat="57.511173" lon="12.43236"><ele>21.4</ele></rtept><rtept lat="57.511155" lon="12.432312"><ele>21.8</ele></rtept><rtept lat="57.511142" lon="12.432272"><ele>22.4</ele></rtept><rtept lat="57.511128" lon="12.432222"><ele>22.8</ele></rtept><rtept lat="57.51111" lon="12.432167"><ele>23.2</ele></rtept><rtept lat="57.51109" lon="12.43212"><ele>23.8</ele></rtept><rtept lat="57.511083" lon="12.432078"><ele>24.2</ele></rtept><rtept lat="57.511083" lon="12.432042"><ele>24.4</ele></rtept><rtept lat="57.511072" lon="12.432015"><ele>24.8</ele></rtept><rtept lat="57.511058" lon="12.431978"><ele>25.4</ele></rtept><rtept lat="57.511045" lon="12.431943"><ele>25.8</ele></rtept><rtept lat="57.511033" lon="12.431888"><ele>26.0</ele></rtept><rtept lat="57.51102" lon="12.431858"><ele>26.4</ele></rtept><rtept lat="57.511013" lon="12.43182"><ele>26.8</ele></rtept><rtept lat="57.511007" lon="12.43177"><ele>27.2</ele></rtept><rtept lat="57.510995" lon="12.431727"><ele>27.8</ele></rtept><rtept lat="57.510975" lon="12.431685"><ele>28.4</ele></rtept><rtept lat="57.510962" lon="12.43164"><ele>29.0</ele></rtept><rtept lat="57.51095" lon="12.431605"><ele>29.8</ele></rtept><rtept lat="57.510918" lon="12.431558"><ele>30.4</ele></rtept><rtept lat="57.510905" lon="12.431533"><ele>30.6</ele></rtept><rtept lat="57.51088" lon="12.431487"><ele>31.2</ele></rtept><rtept lat="57.51086" lon="12.431458"><ele>31.4</ele></rtept><rtept lat="57.51084" lon="12.43142"><ele>31.6</ele></rtept><rtept lat="57.510815" lon="12.4314"><ele>32.2</ele></rtept><rtept lat="57.51079" lon="12.431357"><ele>32.2</ele></rtept><rtept lat="57.51077" lon="12.431327"><ele>32.4</ele></rtept><rtept lat="57.510758" lon="12.431288"><ele>32.8</ele></rtept><rtept lat="57.510738" lon="12.431253"><ele>32.8</ele></rtept><rtept lat="57.510713" lon="12.43122"><ele>33.0</ele></rtept><rtept lat="57.510693" lon="12.431188"><ele>33.2</ele></rtept><rtept lat="57.51068" lon="12.431157"><ele>33.0</ele></rtept><rtept lat="57.510662" lon="12.43112"><ele>33.0</ele></rtept><rtept lat="57.510642" lon="12.431083"><ele>33.2</ele></rtept><rtept lat="57.510617" lon="12.43105"><ele>33.0</ele></rtept><rtept lat="57.510592" lon="12.431017"><ele>33.2</ele></rtept><rtept lat="57.510578" lon="12.430982"><ele>33.2</ele></rtept><rtept lat="57.51056" lon="12.43095"><ele>33.0</ele></rtept><rtept lat="57.510533" lon="12.43091"><ele>33.2</ele></rtept><rtept lat="57.510515" lon="12.43087"><ele>33.2</ele></rtept><rtept lat="57.510495" lon="12.430833"><ele>32.8</ele></rtept><rtept lat="57.510463" lon="12.430783"><ele>33.0</ele></rtept><rtept lat="57.510438" lon="12.430742"><ele>32.2</ele></rtept><rtept lat="57.510418" lon="12.430703"><ele>31.8</ele></rtept><rtept lat="57.510398" lon="12.430648"><ele>32.0</ele></rtept><rtept lat="57.510393" lon="12.430595"><ele>31.4</ele></rtept><rtept lat="57.510373" lon="12.430548"><ele>31.0</ele></rtept><rtept lat="57.510348" lon="12.4305"><ele>31.0</ele></rtept><rtept lat="57.510328" lon="12.43045"><ele>30.6</ele></rtept><rtept lat="57.510303" lon="12.430403"><ele>30.0</ele></rtept><rtept lat="57.510265" lon="12.430357"><ele>30.0</ele></rtept><rtept lat="57.510245" lon="12.430317"><ele>29.4</ele></rtept><rtept lat="57.51022" lon="12.430278"><ele>29.4</ele></rtept><rtept lat="57.5102" lon="12.430245"><ele>29.4</ele></rtept><rtept lat="57.510182" lon="12.430217"><ele>28.8</ele></rtept><rtept lat="57.510157" lon="12.430192"><ele>29.0</ele></rtept><rtept lat="57.510143" lon="12.430167"><ele>28.8</ele></rtept><rtept lat="57.510123" lon="12.430152"><ele>28.6</ele></rtept><rtept lat="57.510105" lon="12.430147"><ele>28.8</ele></rtept><rtept lat="57.510085" lon="12.430155"><ele>28.8</ele></rtept><rtept lat="57.510067" lon="12.43019"><ele>29.4</ele></rtept><rtept lat="57.510053" lon="12.430232"><ele>30.0</ele></rtept><rtept lat="57.51004" lon="12.430262"><ele>30.8</ele></rtept><rtept lat="57.510022" lon="12.43031"><ele>31.6</ele></rtept><rtept lat="57.509983" lon="12.430352"><ele>32.2</ele></rtept><rtept lat="57.509958" lon="12.430357"><ele>32.4</ele></rtept><rtept lat="57.509938" lon="12.430363"><ele>32.8</ele></rtept><rtept lat="57.509907" lon="12.430363"><ele>33.2</ele></rtept><rtept lat="57.509887" lon="12.430365"><ele>33.6</ele></rtept><rtept lat="57.509855" lon="12.430357"><ele>34.2</ele></rtept><rtept lat="57.50983" lon="12.43035"><ele>35.0</ele></rtept><rtept lat="57.509798" lon="12.430335"><ele>35.6</ele></rtept><rtept lat="57.509778" lon="12.430323"><ele>36.0</ele></rtept><rtept lat="57.509747" lon="12.43031"><ele>36.8</ele></rtept><rtept lat="57.50972" lon="12.430295"><ele>37.4</ele></rtept><rtept lat="57.509702" lon="12.43028"><ele>37.6</ele></rtept><rtept lat="57.509682" lon="12.430265"><ele>37.8</ele></rtept><rtept lat="57.509663" lon="12.430252"><ele>38.0</ele></rtept><rtept lat="57.509643" lon="12.430235"><ele>38.2</ele></rtept><rtept lat="57.509618" lon="12.4302"><ele>38.6</ele></rtept><rtept lat="57.509587" lon="12.430177"><ele>39.0</ele></rtept><rtept lat="57.50956" lon="12.430147"><ele>39.6</ele></rtept><rtept lat="57.509535" lon="12.43012"><ele>40.0</ele></rtept><rtept lat="57.509522" lon="12.430078"><ele>40.6</ele></rtept><rtept lat="57.509503" lon="12.430067"><ele>40.8</ele></rtept><rtept lat="57.509483" lon="12.430063"><ele>41.2</ele></rtept><rtept lat="57.509458" lon="12.430057"><ele>41.8</ele></rtept><rtept lat="57.50944" lon="12.430058"><ele>42.2</ele></rtept><rtept lat="57.50942" lon="12.430057"><ele>42.2</ele></rtept><rtept lat="57.5094" lon="12.430058"><ele>42.2</ele></rtept><rtept lat="57.509368" lon="12.430058"><ele>42.4</ele></rtept><rtept lat="57.50935" lon="12.430053"><ele>42.6</ele></rtept><rtept lat="57.50933" lon="12.430038"><ele>42.6</ele></rtept><rtept lat="57.509312" lon="12.430022"><ele>43.2</ele></rtept><rtept lat="57.509292" lon="12.430007"><ele>43.6</ele></rtept><rtept lat="57.50926" lon="12.429972"><ele>44.0</ele></rtept><rtept lat="57.509235" lon="12.429938"><ele>44.4</ele></rtept><rtept lat="57.509215" lon="12.429928"><ele>44.8</ele></rtept><rtept lat="57.50919" lon="12.429912"><ele>44.8</ele></rtept><rtept lat="57.50917" lon="12.429887"><ele>45.0</ele></rtept><rtept lat="57.509152" lon="12.429828"><ele>45.6</ele></rtept><rtept lat="57.509132" lon="12.429805"><ele>46.0</ele></rtept><rtept lat="57.509113" lon="12.429782"><ele>46.2</ele></rtept><rtept lat="57.509087" lon="12.42976"><ele>46.4</ele></rtept><rtept lat="57.509062" lon="12.429737"><ele>47.0</ele></rtept><rtept lat="57.50903" lon="12.42971"><ele>47.2</ele></rtept><rtept lat="57.509003" lon="12.429683"><ele>47.0</ele></rtept><rtept lat="57.508972" lon="12.429665"><ele>47.6</ele></rtept><rtept lat="57.508947" lon="12.429643"><ele>47.6</ele></rtept><rtept lat="57.508915" lon="12.429623"><ele>47.6</ele></rtept><rtept lat="57.508877" lon="12.429605"><ele>48.0</ele></rtept><rtept lat="57.508857" lon="12.42958"><ele>48.2</ele></rtept><rtept lat="57.508843" lon="12.429542"><ele>48.0</ele></rtept><rtept lat="57.508825" lon="12.429507"><ele>48.4</ele></rtept><rtept lat="57.508805" lon="12.429477"><ele>48.2</ele></rtept><rtept lat="57.508787" lon="12.429445"><ele>48.0</ele></rtept><rtept lat="57.50876" lon="12.42942"><ele>48.2</ele></rtept><rtept lat="57.508742" lon="12.429393"><ele>48.0</ele></rtept><rtept lat="57.508717" lon="12.42934"><ele>48.4</ele></rtept><rtept lat="57.50869" lon="12.429298"><ele>48.2</ele></rtept><rtept lat="57.508678" lon="12.42926"><ele>48.8</ele></rtept><rtept lat="57.508652" lon="12.429215"><ele>48.8</ele></rtept><rtept lat="57.508627" lon="12.429173"><ele>48.8</ele></rtept><rtept lat="57.508613" lon="12.429123"><ele>49.2</ele></rtept><rtept lat="57.508607" lon="12.42908"><ele>49.2</ele></rtept><rtept lat="57.508595" lon="12.429043"><ele>49.6</ele></rtept><rtept lat="57.508582" lon="12.429"><ele>49.6</ele></rtept><rtept lat="57.508562" lon="12.428963"><ele>49.4</ele></rtept><rtept lat="57.508543" lon="12.428927"><ele>50.2</ele></rtept><rtept lat="57.50853" lon="12.428892"><ele>50.0</ele></rtept><rtept lat="57.508505" lon="12.428855"><ele>49.8</ele></rtept><rtept lat="57.508485" lon="12.428812"><ele>50.4</ele></rtept><rtept lat="57.508467" lon="12.428775"><ele>50.4</ele></rtept><rtept lat="57.508447" lon="12.42874"><ele>50.8</ele></rtept><rtept lat="57.508428" lon="12.428712"><ele>50.8</ele></rtept><rtept lat="57.508408" lon="12.428682"><ele>50.8</ele></rtept><rtept lat="57.50839" lon="12.428652"><ele>51.2</ele></rtept><rtept lat="57.508383" lon="12.42862"><ele>51.4</ele></rtept><rtept lat="57.508358" lon="12.428593"><ele>51.2</ele></rtept><rtept lat="57.508345" lon="12.428568"><ele>51.6</ele></rtept><rtept lat="57.508307" lon="12.428528"><ele>51.8</ele></rtept><rtept lat="57.508287" lon="12.428503"><ele>52.0</ele></rtept><rtept lat="57.508268" lon="12.428483"><ele>52.0</ele></rtept><rtept lat="57.508242" lon="12.428465"><ele>52.4</ele></rtept><rtept lat="57.508223" lon="12.428448"><ele>52.4</ele></rtept><rtept lat="57.508198" lon="12.428425"><ele>52.2</ele></rtept><rtept lat="57.508185" lon="12.4284"><ele>52.6</ele></rtept><rtept lat="57.508165" lon="12.42835"><ele>52.6</ele></rtept><rtept lat="57.508147" lon="12.42832"><ele>53.0</ele></rtept><rtept lat="57.508133" lon="12.428297"><ele>52.8</ele></rtept><rtept lat="57.508115" lon="12.428268"><ele>53.0</ele></rtept><rtept lat="57.508095" lon="12.42824"><ele>53.2</ele></rtept><rtept lat="57.50807" lon="12.428195"><ele>53.2</ele></rtept><rtept lat="57.50805" lon="12.428172"><ele>53.2</ele></rtept><rtept lat="57.508032" lon="12.428152"><ele>53.0</ele></rtept><rtept lat="57.508012" lon="12.428127"><ele>53.4</ele></rtept><rtept lat="57.507993" lon="12.42811"><ele>53.4</ele></rtept><rtept lat="57.507973" lon="12.428087"><ele>53.4</ele></rtept><rtept lat="57.507935" lon="12.428045"><ele>54.0</ele></rtept><rtept lat="57.507917" lon="12.42802"><ele>54.6</ele></rtept><rtept lat="57.50789" lon="12.428"><ele>54.6</ele></rtept><rtept lat="57.507872" lon="12.42798"><ele>54.6</ele></rtept><rtept lat="57.507852" lon="12.427957"><ele>55.2</ele></rtept><rtept lat="57.507833" lon="12.427927"><ele>55.4</ele></rtept><rtept lat="57.50782" lon="12.427893"><ele>55.4</ele></rtept><rtept lat="57.507807" lon="12.427867"><ele>55.8</ele></rtept><rtept lat="57.507795" lon="12.42784"><ele>55.8</ele></rtept><rtept lat="57.507782" lon="12.427808"><ele>55.8</ele></rtept><rtept lat="57.507768" lon="12.427768"><ele>56.2</ele></rtept><rtept lat="57.50775" lon="12.42772"><ele>56.2</ele></rtept><rtept lat="57.50773" lon="12.427677"><ele>56.0</ele></rtept><rtept lat="57.507712" lon="12.427628"><ele>56.2</ele></rtept><rtept lat="57.507698" lon="12.42759"><ele>56.0</ele></rtept><rtept lat="57.507692" lon="12.427552"><ele>56.4</ele></rtept><rtept lat="57.507692" lon="12.427497"><ele>56.4</ele></rtept><rtept lat="57.507692" lon="12.427427"><ele>56.2</ele></rtept><rtept lat="57.507692" lon="12.427358"><ele>56.6</ele></rtept><rtept lat="57.50768" lon="12.427298"><ele>56.6</ele></rtept><rtept lat="57.50766" lon="12.427247"><ele>56.8</ele></rtept><rtept lat="57.507647" lon="12.427202"><ele>57.0</ele></rtept><rtept lat="57.507635" lon="12.427162"><ele>57.0</ele></rtept><rtept lat="57.507622" lon="12.427112"><ele>57.4</ele></rtept><rtept lat="57.507608" lon="12.42707"><ele>57.2</ele></rtept><rtept lat="57.50759" lon="12.427028"><ele>57.2</ele></rtept><rtept lat="57.50757" lon="12.42698"><ele>57.6</ele></rtept><rtept lat="57.507552" lon="12.426937"><ele>57.8</ele></rtept><rtept lat="57.507532" lon="12.426893"><ele>57.2</ele></rtept><rtept lat="57.507507" lon="12.426855"><ele>57.4</ele></rtept><rtept lat="57.507487" lon="12.426817"><ele>57.2</ele></rtept><rtept lat="57.507468" lon="12.426772"><ele>57.0</ele></rtept><rtept lat="57.507455" lon="12.426727"><ele>57.0</ele></rtept><rtept lat="57.507437" lon="12.426677"><ele>56.8</ele></rtept><rtept lat="57.507423" lon="12.426627"><ele>56.8</ele></rtept><rtept lat="57.50741" lon="12.426587"><ele>56.8</ele></rtept><rtept lat="57.507392" lon="12.426543"><ele>56.4</ele></rtept><rtept lat="57.507372" lon="12.426493"><ele>56.8</ele></rtept><rtept lat="57.507358" lon="12.426448"><ele>56.4</ele></rtept><rtept lat="57.507353" lon="12.426393"><ele>56.2</ele></rtept><rtept lat="57.50734" lon="12.426338"><ele>56.4</ele></rtept><rtept lat="57.507327" lon="12.426283"><ele>56.2</ele></rtept><rtept lat="57.507308" lon="12.426235"><ele>56.4</ele></rtept><rtept lat="57.507288" lon="12.426195"><ele>56.2</ele></rtept><rtept lat="57.507282" lon="12.426155"><ele>56.0</ele></rtept><rtept lat="57.507263" lon="12.426112"><ele>56.4</ele></rtept><rtept lat="57.507257" lon="12.42608"><ele>56.2</ele></rtept><rtept lat="57.507243" lon="12.426045"><ele>56.0</ele></rtept><rtept lat="57.507232" lon="12.426015"><ele>56.2</ele></rtept><rtept lat="57.507218" lon="12.425985"><ele>56.0</ele></rtept><rtept lat="57.5072" lon="12.425958"><ele>56.2</ele></rtept><rtept lat="57.507187" lon="12.425922"><ele>56.2</ele></rtept><rtept lat="57.50716" lon="12.425882"><ele>56.0</ele></rtept><rtept lat="57.507142" lon="12.425837"><ele>56.4</ele></rtept><rtept lat="57.507128" lon="12.425788"><ele>56.2</ele></rtept><rtept lat="57.507117" lon="12.425742"><ele>56.0</ele></rtept><rtept lat="57.507097" lon="12.425703"><ele>56.2</ele></rtept><rtept lat="57.507078" lon="12.425667"><ele>56.0</ele></rtept><rtept lat="57.507065" lon="12.425628"><ele>55.6</ele></rtept><rtept lat="57.507052" lon="12.425588"><ele>56.2</ele></rtept><rtept lat="57.50704" lon="12.425553"><ele>55.8</ele></rtept><rtept lat="57.50702" lon="12.425518"><ele>55.4</ele></rtept><rtept lat="57.506995" lon="12.425477"><ele>55.8</ele></rtept><rtept lat="57.506968" lon="12.42543"><ele>55.4</ele></rtept><rtept lat="57.506957" lon="12.42539"><ele>54.8</ele></rtept><rtept lat="57.506937" lon="12.425345"><ele>55.2</ele></rtept><rtept lat="57.506912" lon="12.425305"><ele>54.6</ele></rtept><rtept lat="57.506885" lon="12.425267"><ele>54.4</ele></rtept><rtept lat="57.506867" lon="12.425232"><ele>54.4</ele></rtept><rtept lat="57.506853" lon="12.425202"><ele>54.0</ele></rtept><rtept lat="57.506835" lon="12.425173"><ele>54.0</ele></rtept><rtept lat="57.506815" lon="12.425128"><ele>53.8</ele></rtept><rtept lat="57.506797" lon="12.425097"><ele>53.6</ele></rtept><rtept lat="57.506777" lon="12.425078"><ele>53.6</ele></rtept><rtept lat="57.506752" lon="12.425062"><ele>53.0</ele></rtept><rtept lat="57.506725" lon="12.42508"><ele>53.4</ele></rtept><rtept lat="57.506707" lon="12.42508"><ele>53.8</ele></rtept><rtept lat="57.506668" lon="12.425078"><ele>53.8</ele></rtept><rtept lat="57.506648" lon="12.425067"><ele>54.2</ele></rtept><rtept lat="57.506623" lon="12.425047"><ele>54.4</ele></rtept><rtept lat="57.506603" lon="12.425038"><ele>54.6</ele></rtept><rtept lat="57.506585" lon="12.425028"><ele>54.6</ele></rtept><rtept lat="57.506565" lon="12.42502"><ele>55.2</ele></rtept><rtept lat="57.506547" lon="12.425015"><ele>55.4</ele></rtept><rtept lat="57.506527" lon="12.425012"><ele>55.4</ele></rtept><rtept lat="57.506508" lon="12.425"><ele>56.0</ele></rtept><rtept lat="57.506488" lon="12.424987"><ele>56.4</ele></rtept><rtept lat="57.50647" lon="12.424978"><ele>56.6</ele></rtept><rtept lat="57.50645" lon="12.424968"><ele>56.8</ele></rtept><rtept lat="57.506432" lon="12.424955"><ele>57.0</ele></rtept><rtept lat="57.506405" lon="12.424925"><ele>57.8</ele></rtept><rtept lat="57.50638" lon="12.424908"><ele>57.6</ele></rtept><rtept lat="57.506348" lon="12.424878"><ele>58.2</ele></rtept><rtept lat="57.506328" lon="12.424848"><ele>58.4</ele></rtept><rtept lat="57.506303" lon="12.424823"><ele>58.6</ele></rtept><rtept lat="57.506272" lon="12.424797"><ele>59.0</ele></rtept><rtept lat="57.506252" lon="12.42477"><ele>59.2</ele></rtept><rtept lat="57.506233" lon="12.424743"><ele>59.2</ele></rtept><rtept lat="57.506207" lon="12.424717"><ele>59.6</ele></rtept><rtept lat="57.506188" lon="12.42469"><ele>59.4</ele></rtept><rtept lat="57.506168" lon="12.424658"><ele>59.6</ele></rtept><rtept lat="57.50615" lon="12.424632"><ele>59.6</ele></rtept><rtept lat="57.506123" lon="12.424592"><ele>59.6</ele></rtept><rtept lat="57.506098" lon="12.424558"><ele>59.8</ele></rtept><rtept lat="57.506067" lon="12.424533"><ele>59.8</ele></rtept><rtept lat="57.506035" lon="12.424512"><ele>59.8</ele></rtept><rtept lat="57.506008" lon="12.424488"><ele>60.0</ele></rtept><rtept lat="57.505983" lon="12.424468"><ele>59.8</ele></rtept><rtept lat="57.505958" lon="12.424443"><ele>59.6</ele></rtept><rtept lat="57.505932" lon="12.424418"><ele>60.0</ele></rtept><rtept lat="57.505913" lon="12.424388"><ele>60.0</ele></rtept><rtept lat="57.505887" lon="12.424362"><ele>60.0</ele></rtept><rtept lat="57.505862" lon="12.42434"><ele>60.6</ele></rtept><rtept lat="57.505837" lon="12.424322"><ele>60.4</ele></rtept><rtept lat="57.50581" lon="12.424308"><ele>60.2</ele></rtept><rtept lat="57.505778" lon="12.4243"><ele>60.8</ele></rtept><rtept lat="57.505747" lon="12.424283"><ele>60.8</ele></rtept><rtept lat="57.505727" lon="12.42427"><ele>60.8</ele></rtept><rtept lat="57.505702" lon="12.424263"><ele>61.0</ele></rtept><rtept lat="57.505682" lon="12.424262"><ele>61.0</ele></rtept><rtept lat="57.505663" lon="12.42426"><ele>61.2</ele></rtept><rtept lat="57.505643" lon="12.424248"><ele>61.4</ele></rtept><rtept lat="57.505612" lon="12.42424"><ele>61.4</ele></rtept><rtept lat="57.505593" lon="12.424233"><ele>61.6</ele></rtept><rtept lat="57.505573" lon="12.42422"><ele>61.8</ele></rtept><rtept lat="57.505555" lon="12.424205"><ele>61.8</ele></rtept><rtept lat="57.505528" lon="12.424182"><ele>62.2</ele></rtept><rtept lat="57.50551" lon="12.424163"><ele>62.0</ele></rtept><rtept lat="57.505483" lon="12.424137"><ele>62.0</ele></rtept><rtept lat="57.505472" lon="12.424103"><ele>62.6</ele></rtept><rtept lat="57.505445" lon="12.424085"><ele>62.6</ele></rtept><rtept lat="57.50542" lon="12.424075"><ele>62.4</ele></rtept><rtept lat="57.505395" lon="12.42405"><ele>63.0</ele></rtept><rtept lat="57.505375" lon="12.424017"><ele>62.8</ele></rtept><rtept lat="57.505343" lon="12.423978"><ele>62.6</ele></rtept><rtept lat="57.505318" lon="12.42394"><ele>63.0</ele></rtept><rtept lat="57.505298" lon="12.4239"><ele>63.0</ele></rtept><rtept lat="57.505285" lon="12.423858"><ele>62.8</ele></rtept><rtept lat="57.505273" lon="12.423817"><ele>63.2</ele></rtept><rtept lat="57.505253" lon="12.423782"><ele>63.2</ele></rtept><rtept lat="57.505228" lon="12.423722"><ele>63.4</ele></rtept><rtept lat="57.505202" lon="12.423668"><ele>63.4</ele></rtept><rtept lat="57.505197" lon="12.42362"><ele>63.2</ele></rtept><rtept lat="57.50519" lon="12.423573"><ele>63.0</ele></rtept><rtept lat="57.505177" lon="12.423518"><ele>63.2</ele></rtept><rtept lat="57.505177" lon="12.423453"><ele>63.4</ele></rtept><rtept lat="57.505177" lon="12.423393"><ele>63.0</ele></rtept><rtept lat="57.505177" lon="12.423343"><ele>63.0</ele></rtept><rtept lat="57.505177" lon="12.423287"><ele>63.0</ele></rtept><rtept lat="57.505177" lon="12.423235"><ele>62.8</ele></rtept><rtept lat="57.505177" lon="12.423172"><ele>62.2</ele></rtept><rtept lat="57.50519" lon="12.423112"><ele>62.4</ele></rtept><rtept lat="57.505197" lon="12.423042"><ele>62.0</ele></rtept><rtept lat="57.505202" lon="12.422992"><ele>61.6</ele></rtept><rtept lat="57.505215" lon="12.422942"><ele>61.6</ele></rtept><rtept lat="57.505228" lon="12.422895"><ele>61.4</ele></rtept><rtept lat="57.505228" lon="12.422842"><ele>61.0</ele></rtept><rtept lat="57.505235" lon="12.422803"><ele>60.6</ele></rtept><rtept lat="57.505228" lon="12.42275"><ele>59.6</ele></rtept><rtept lat="57.50524" lon="12.422717"><ele>59.8</ele></rtept><rtept lat="57.505253" lon="12.422657"><ele>59.0</ele></rtept><rtept lat="57.505273" lon="12.42262"><ele>58.8</ele></rtept><rtept lat="57.505285" lon="12.42258"><ele>58.8</ele></rtept><rtept lat="57.505292" lon="12.422545"><ele>58.6</ele></rtept><rtept lat="57.505285" lon="12.422485"><ele>58.0</ele></rtept><rtept lat="57.50528" lon="12.422447"><ele>57.6</ele></rtept><rtept lat="57.50528" lon="12.422412"><ele>57.2</ele></rtept><rtept lat="57.505273" lon="12.422372"><ele>57.2</ele></rtept><rtept lat="57.505267" lon="12.422332"><ele>57.2</ele></rtept><rtept lat="57.50526" lon="12.422288"><ele>57.0</ele></rtept><rtept lat="57.505253" lon="12.422243"><ele>57.0</ele></rtept><rtept lat="57.50526" lon="12.422198"><ele>57.2</ele></rtept><rtept lat="57.505267" lon="12.422155"><ele>57.0</ele></rtept><rtept lat="57.505267" lon="12.422113"><ele>56.6</ele></rtept><rtept lat="57.505267" lon="12.42204"><ele>56.4</ele></rtept><rtept lat="57.505273" lon="12.421983"><ele>56.0</ele></rtept><rtept lat="57.505273" lon="12.42193"><ele>55.6</ele></rtept><rtept lat="57.505273" lon="12.421875"><ele>55.6</ele></rtept><rtept lat="57.505285" lon="12.421825"><ele>55.4</ele></rtept><rtept lat="57.505292" lon="12.421772"><ele>54.8</ele></rtept><rtept lat="57.505305" lon="12.421732"><ele>54.2</ele></rtept><rtept lat="57.505312" lon="12.42168"><ele>54.4</ele></rtept><rtept lat="57.50533" lon="12.421607"><ele>53.6</ele></rtept><rtept lat="57.505337" lon="12.421553"><ele>53.0</ele></rtept><rtept lat="57.505337" lon="12.421495"><ele>53.0</ele></rtept><rtept lat="57.50533" lon="12.421443"><ele>52.4</ele></rtept><rtept lat="57.505312" lon="12.421408"><ele>51.8</ele></rtept><rtept lat="57.505292" lon="12.421383"><ele>51.8</ele></rtept><rtept lat="57.50526" lon="12.421362"><ele>51.4</ele></rtept><rtept lat="57.50524" lon="12.42134"><ele>51.0</ele></rtept><rtept lat="57.505215" lon="12.421313"><ele>51.4</ele></rtept><rtept lat="57.505197" lon="12.421283"><ele>51.2</ele></rtept><rtept lat="57.505177" lon="12.42124"><ele>51.0</ele></rtept><rtept lat="57.505158" lon="12.42118"><ele>51.2</ele></rtept><rtept lat="57.505138" lon="12.421117"><ele>51.2</ele></rtept><rtept lat="57.505113" lon="12.421065"><ele>51.6</ele></rtept><rtept lat="57.505093" lon="12.421025"><ele>51.8</ele></rtept><rtept lat="57.505068" lon="12.420997"><ele>51.6</ele></rtept><rtept lat="57.505048" lon="12.420973"><ele>52.0</ele></rtept><rtept lat="57.50503" lon="12.42094"><ele>52.0</ele></rtept><rtept lat="57.504998" lon="12.420907"><ele>51.8</ele></rtept><rtept lat="57.504972" lon="12.420842"><ele>52.2</ele></rtept><rtept lat="57.50496" lon="12.42078"><ele>52.0</ele></rtept><rtept lat="57.50494" lon="12.420725"><ele>51.8</ele></rtept><rtept lat="57.50492" lon="12.420663"><ele>52.2</ele></rtept><rtept lat="57.504908" lon="12.420618"><ele>52.0</ele></rtept><rtept lat="57.504882" lon="12.420563"><ele>51.6</ele></rtept><rtept lat="57.504857" lon="12.420517"><ele>52.0</ele></rtept><rtept lat="57.504818" lon="12.420478"><ele>51.8</ele></rtept><rtept lat="57.504793" lon="12.42045"><ele>51.8</ele></rtept><rtept lat="57.504773" lon="12.420422"><ele>51.8</ele></rtept><rtept lat="57.504755" lon="12.420418"><ele>52.0</ele></rtept><rtept lat="57.504728" lon="12.420402"><ele>51.8</ele></rtept><rtept lat="57.504717" lon="12.420342"><ele>51.8</ele></rtept><rtept lat="57.504697" lon="12.420318"><ele>51.4</ele></rtept><rtept lat="57.504678" lon="12.420292"><ele>51.2</ele></rtept><rtept lat="57.504658" lon="12.420263"><ele>51.6</ele></rtept><rtept lat="57.504652" lon="12.420213"><ele>51.0</ele></rtept><rtept lat="57.504633" lon="12.42018"><ele>51.2</ele></rtept><rtept lat="57.50462" lon="12.420142"><ele>51.2</ele></rtept><rtept lat="57.504607" lon="12.420107"><ele>50.8</ele></rtept><rtept lat="57.504595" lon="12.420062"><ele>51.0</ele></rtept><rtept lat="57.504588" lon="12.420013"><ele>50.6</ele></rtept><rtept lat="57.504595" lon="12.41996"><ele>50.4</ele></rtept><rtept lat="57.504595" lon="12.419917"><ele>50.4</ele></rtept><rtept lat="57.504582" lon="12.419878"><ele>50.0</ele></rtept><rtept lat="57.504568" lon="12.41985"><ele>49.8</ele></rtept><rtept lat="57.504557" lon="12.419812"><ele>50.0</ele></rtept><rtept lat="57.504543" lon="12.419775"><ele>49.6</ele></rtept><rtept lat="57.50453" lon="12.419732"><ele>49.4</ele></rtept><rtept lat="57.504518" lon="12.419687"><ele>49.4</ele></rtept><rtept lat="57.504505" lon="12.419645"><ele>49.2</ele></rtept><rtept lat="57.50448" lon="12.419593"><ele>48.6</ele></rtept><rtept lat="57.504453" lon="12.419552"><ele>48.4</ele></rtept><rtept lat="57.504422" lon="12.419492"><ele>48.4</ele></rtept><rtept lat="57.504402" lon="12.41946"><ele>47.8</ele></rtept><rtept lat="57.50437" lon="12.419433"><ele>47.4</ele></rtept><rtept lat="57.504338" lon="12.419395"><ele>47.4</ele></rtept><rtept lat="57.504325" lon="12.419347"><ele>47.0</ele></rtept><rtept lat="57.504332" lon="12.41928"><ele>46.6</ele></rtept><rtept lat="57.504338" lon="12.419215"><ele>46.8</ele></rtept><rtept lat="57.504345" lon="12.419165"><ele>46.4</ele></rtept><rtept lat="57.504363" lon="12.419132"><ele>46.2</ele></rtept><rtept lat="57.504383" lon="12.419103"><ele>46.2</ele></rtept><rtept lat="57.504397" lon="12.419072"><ele>46.0</ele></rtept><rtept lat="57.504415" lon="12.41904"><ele>45.6</ele></rtept><rtept lat="57.504435" lon="12.419012"><ele>45.0</ele></rtept><rtept lat="57.504447" lon="12.41898"><ele>44.8</ele></rtept><rtept lat="57.50446" lon="12.418952"><ele>44.2</ele></rtept><rtept lat="57.504473" lon="12.41892"><ele>43.6</ele></rtept><rtept lat="57.504492" lon="12.418892"><ele>43.4</ele></rtept><rtept lat="57.504505" lon="12.418857"><ele>42.8</ele></rtept><rtept lat="57.504518" lon="12.418818"><ele>42.0</ele></rtept><rtept lat="57.50453" lon="12.418773"><ele>41.6</ele></rtept><rtept lat="57.504543" lon="12.418728"><ele>41.6</ele></rtept><rtept lat="57.504562" lon="12.418697"><ele>41.0</ele></rtept><rtept lat="57.504582" lon="12.418658"><ele>40.6</ele></rtept><rtept lat="57.5046" lon="12.418615"><ele>40.6</ele></rtept><rtept lat="57.50462" lon="12.41858"><ele>40.2</ele></rtept><rtept lat="57.504633" lon="12.41855"><ele>39.6</ele></rtept><rtept lat="57.504658" lon="12.418523"><ele>39.0</ele></rtept><rtept lat="57.504678" lon="12.418488"><ele>38.6</ele></rtept><rtept lat="57.50469" lon="12.418455"><ele>38.0</ele></rtept><rtept lat="57.50469" lon="12.41842"><ele>37.0</ele></rtept><rtept lat="57.504683" lon="12.418372"><ele>36.6</ele></rtept><rtept lat="57.504678" lon="12.41833"><ele>36.0</ele></rtept><rtept lat="57.504678" lon="12.418292"><ele>35.6</ele></rtept><rtept lat="57.50469" lon="12.418265"><ele>35.2</ele></rtept><rtept lat="57.504697" lon="12.41823"><ele>35.0</ele></rtept><rtept lat="57.50471" lon="12.418187"><ele>34.4</ele></rtept><rtept lat="57.504728" lon="12.418143"><ele>33.6</ele></rtept><rtept lat="57.504742" lon="12.4181"><ele>33.4</ele></rtept><rtept lat="57.504755" lon="12.418053"><ele>33.2</ele></rtept><rtept lat="57.504767" lon="12.418007"><ele>32.4</ele></rtept><rtept lat="57.50478" lon="12.417973"><ele>31.6</ele></rtept><rtept lat="57.5048" lon="12.417947"><ele>31.0</ele></rtept><rtept lat="57.504818" lon="12.417925"><ele>30.6</ele></rtept><rtept lat="57.504838" lon="12.417895"><ele>30.0</ele></rtept><rtept lat="57.504857" lon="12.417875"><ele>29.2</ele></rtept><rtept lat="57.504888" lon="12.417828"><ele>28.2</ele></rtept><rtept lat="57.504908" lon="12.41781"><ele>27.6</ele></rtept><rtept lat="57.50494" lon="12.41778"><ele>26.2</ele></rtept><rtept lat="57.504972" lon="12.417737"><ele>25.6</ele></rtept><rtept lat="57.504985" lon="12.417705"><ele>24.8</ele></rtept><rtept lat="57.504998" lon="12.41768"><ele>24.2</ele></rtept><rtept lat="57.505017" lon="12.417657"><ele>23.8</ele></rtept><rtept lat="57.505037" lon="12.417625"><ele>23.0</ele></rtept><rtept lat="57.505048" lon="12.417585"><ele>22.6</ele></rtept><rtept lat="57.505048" lon="12.417547"><ele>21.8</ele></rtept><rtept lat="57.505037" lon="12.41752"><ele>21.0</ele></rtept><rtept lat="57.50501" lon="12.417478"><ele>19.6</ele></rtept><rtept lat="57.504992" lon="12.417453"><ele>19.6</ele></rtept><rtept lat="57.50496" lon="12.417437"><ele>19.2</ele></rtept><rtept lat="57.504933" lon="12.417413"><ele>18.8</ele></rtept><rtept lat="57.504915" lon="12.417383"><ele>19.2</ele></rtept><rtept lat="57.504895" lon="12.417352"><ele>19.0</ele></rtept><rtept lat="57.504877" lon="12.417327"><ele>19.4</ele></rtept><rtept lat="57.504857" lon="12.4173"><ele>19.4</ele></rtept><rtept lat="57.504832" lon="12.417273"><ele>19.4</ele></rtept><rtept lat="57.504812" lon="12.417248"><ele>19.8</ele></rtept><rtept lat="57.504793" lon="12.417222"><ele>19.8</ele></rtept><rtept lat="57.504773" lon="12.417195"><ele>19.4</ele></rtept><rtept lat="57.504755" lon="12.417175"><ele>20.0</ele></rtept><rtept lat="57.504735" lon="12.417143"><ele>20.0</ele></rtept><rtept lat="57.50471" lon="12.417118"><ele>20.6</ele></rtept><rtept lat="57.50469" lon="12.41709"><ele>20.8</ele></rtept><rtept lat="57.504672" lon="12.417065"><ele>20.8</ele></rtept><rtept lat="57.504652" lon="12.41704"><ele>21.6</ele></rtept><rtept lat="57.504633" lon="12.417023"><ele>21.8</ele></rtept><rtept lat="57.504613" lon="12.41701"><ele>21.6</ele></rtept><rtept lat="57.504595" lon="12.416997"><ele>22.0</ele></rtept><rtept lat="57.504568" lon="12.416983"><ele>22.2</ele></rtept><rtept lat="57.504557" lon="12.41696"><ele>23.0</ele></rtept><rtept lat="57.504537" lon="12.41692"><ele>23.0</ele></rtept><rtept lat="57.504518" lon="12.41691"><ele>23.6</ele></rtept><rtept lat="57.504498" lon="12.416902"><ele>23.6</ele></rtept><rtept lat="57.50448" lon="12.416887"><ele>23.4</ele></rtept><rtept lat="57.504453" lon="12.41687"><ele>23.8</ele></rtept><rtept lat="57.504422" lon="12.416855"><ele>23.8</ele></rtept><rtept lat="57.504402" lon="12.41684"><ele>24.0</ele></rtept><rtept lat="57.504383" lon="12.416832"><ele>24.0</ele></rtept><rtept lat="57.504363" lon="12.416818"><ele>24.4</ele></rtept><rtept lat="57.504345" lon="12.416793"><ele>24.4</ele></rtept><rtept lat="57.50432" lon="12.416773"><ele>24.8</ele></rtept><rtept lat="57.5043" lon="12.416748"><ele>25.4</ele></rtept><rtept lat="57.504293" lon="12.416717"><ele>25.6</ele></rtept><rtept lat="57.50428" lon="12.416692"><ele>25.4</ele></rtept><rtept lat="57.504242" lon="12.416653"><ele>25.4</ele></rtept><rtept lat="57.504217" lon="12.416637"><ele>24.8</ele></rtept><rtept lat="57.504198" lon="12.41662"><ele>25.2</ele></rtept><rtept lat="57.504172" lon="12.4166"><ele>25.0</ele></rtept><rtept lat="57.50414" lon="12.41658"><ele>25.4</ele></rtept><rtept lat="57.504108" lon="12.41654"><ele>25.4</ele></rtept><rtept lat="57.504088" lon="12.416505"><ele>25.2</ele></rtept><rtept lat="57.504063" lon="12.41648"><ele>25.4</ele></rtept><rtept lat="57.504032" lon="12.416438"><ele>26.2</ele></rtept><rtept lat="57.504" lon="12.41642"><ele>26.4</ele></rtept><rtept lat="57.50396" lon="12.416378"><ele>27.2</ele></rtept><rtept lat="57.503942" lon="12.41637"><ele>27.8</ele></rtept><rtept lat="57.50391" lon="12.416377"><ele>28.0</ele></rtept><rtept lat="57.503883" lon="12.41637"><ele>28.4</ele></rtept><rtept lat="57.503852" lon="12.41637"><ele>28.6</ele></rtept><rtept lat="57.503827" lon="12.416363"><ele>29.2</ele></rtept><rtept lat="57.5038" lon="12.416357"><ele>29.4</ele></rtept><rtept lat="57.503768" lon="12.41635"><ele>29.4</ele></rtept><rtept lat="57.503743" lon="12.416308"><ele>29.6</ele></rtept><rtept lat="57.50373" lon="12.416283"><ele>29.6</ele></rtept><rtept lat="57.503712" lon="12.41626"><ele>29.8</ele></rtept><rtept lat="57.503685" lon="12.416238"><ele>29.6</ele></rtept><rtept lat="57.50366" lon="12.416192"><ele>29.8</ele></rtept><rtept lat="57.50364" lon="12.41617"><ele>29.6</ele></rtept><rtept lat="57.503608" lon="12.416152"><ele>29.8</ele></rtept><rtept lat="57.503583" lon="12.41613"><ele>29.8</ele></rtept><rtept lat="57.503558" lon="12.416107"><ele>29.6</ele></rtept><rtept lat="57.50352" lon="12.416082"><ele>29.6</ele></rtept><rtept lat="57.503493" lon="12.416052"><ele>29.8</ele></rtept><rtept lat="57.503462" lon="12.416013"><ele>29.6</ele></rtept><rtept lat="57.503437" lon="12.415973"><ele>29.8</ele></rtept><rtept lat="57.503417" lon="12.41594"><ele>29.8</ele></rtept><rtept lat="57.503398" lon="12.4159"><ele>29.8</ele></rtept><rtept lat="57.503378" lon="12.415855"><ele>30.0</ele></rtept><rtept lat="57.50336" lon="12.415822"><ele>30.0</ele></rtept><rtept lat="57.503333" lon="12.41579"><ele>30.4</ele></rtept><rtept lat="57.503302" lon="12.41576"><ele>30.4</ele></rtept><rtept lat="57.503282" lon="12.415733"><ele>30.2</ele></rtept><rtept lat="57.50325" lon="12.415723"><ele>31.0</ele></rtept><rtept lat="57.503232" lon="12.415713"><ele>31.0</ele></rtept><rtept lat="57.503205" lon="12.415697"><ele>30.8</ele></rtept><rtept lat="57.50318" lon="12.415678"><ele>31.2</ele></rtept><rtept lat="57.50316" lon="12.415657"><ele>31.2</ele></rtept><rtept lat="57.503135" lon="12.41564"><ele>31.4</ele></rtept><rtept lat="57.50311" lon="12.415623"><ele>31.6</ele></rtept><rtept lat="57.50309" lon="12.415603"><ele>31.4</ele></rtept><rtept lat="57.503072" lon="12.415583"><ele>31.2</ele></rtept><rtept lat="57.503052" lon="12.41556"><ele>31.6</ele></rtept><rtept lat="57.503027" lon="12.415543"><ele>31.4</ele></rtept><rtept lat="57.502995" lon="12.415532"><ele>31.2</ele></rtept><rtept lat="57.502962" lon="12.415525"><ele>31.4</ele></rtept><rtept lat="57.50293" lon="12.415525"><ele>31.2</ele></rtept><rtept lat="57.502892" lon="12.415532"><ele>31.2</ele></rtept><rtept lat="57.502853" lon="12.415525"><ele>31.2</ele></rtept><rtept lat="57.502815" lon="12.415518"><ele>31.0</ele></rtept><rtept lat="57.50279" lon="12.415505"><ele>31.2</ele></rtept><rtept lat="57.502763" lon="12.415495"><ele>31.0</ele></rtept><rtept lat="57.502745" lon="12.415478"><ele>30.6</ele></rtept><rtept lat="57.502713" lon="12.41546"><ele>31.0</ele></rtept><rtept lat="57.50268" lon="12.41544"><ele>30.8</ele></rtept><rtept lat="57.502662" lon="12.415418"><ele>30.4</ele></rtept><rtept lat="57.50263" lon="12.415372"><ele>31.0</ele></rtept><rtept lat="57.50261" lon="12.415357"><ele>31.0</ele></rtept><rtept lat="57.502585" lon="12.415343"><ele>31.2</ele></rtept><rtept lat="57.502553" lon="12.415322"><ele>31.0</ele></rtept><rtept lat="57.502527" lon="12.415307"><ele>31.4</ele></rtept><rtept lat="57.502495" lon="12.415293"><ele>31.4</ele></rtept><rtept lat="57.502477" lon="12.415283"><ele>31.2</ele></rtept><rtept lat="57.502443" lon="12.415278"><ele>31.8</ele></rtept><rtept lat="57.502418" lon="12.415267"><ele>31.6</ele></rtept><rtept lat="57.502393" lon="12.415252"><ele>31.4</ele></rtept><rtept lat="57.502367" lon="12.415228"><ele>31.8</ele></rtept><rtept lat="57.502335" lon="12.415213"><ele>31.4</ele></rtept><rtept lat="57.50231" lon="12.415195"><ele>31.2</ele></rtept><rtept lat="57.50229" lon="12.415173"><ele>31.4</ele></rtept><rtept lat="57.502258" lon="12.415148"><ele>31.2</ele></rtept><rtept lat="57.502233" lon="12.415123"><ele>30.8</ele></rtept><rtept lat="57.50222" lon="12.415088"><ele>31.0</ele></rtept><rtept lat="57.502207" lon="12.415063"><ele>30.6</ele></rtept><rtept lat="57.502182" lon="12.415035"><ele>30.4</ele></rtept><rtept lat="57.502162" lon="12.415023"><ele>30.2</ele></rtept><rtept lat="57.502137" lon="12.415003"><ele>29.8</ele></rtept><rtept lat="57.502112" lon="12.414968"><ele>29.6</ele></rtept><rtept lat="57.502085" lon="12.414903"><ele>30.0</ele></rtept><rtept lat="57.502053" lon="12.414865"><ele>29.8</ele></rtept><rtept lat="57.502028" lon="12.41484"><ele>29.8</ele></rtept><rtept lat="57.50199" lon="12.41482"><ele>30.2</ele></rtept><rtept lat="57.501963" lon="12.414805"><ele>30.0</ele></rtept><rtept lat="57.501932" lon="12.414787"><ele>30.0</ele></rtept><rtept lat="57.501913" lon="12.414772"><ele>30.0</ele></rtept><rtept lat="57.50188" lon="12.41476"><ele>29.8</ele></rtept><rtept lat="57.501855" lon="12.414758"><ele>30.0</ele></rtept><rtept lat="57.50183" lon="12.414757"><ele>29.8</ele></rtept><rtept lat="57.501798" lon="12.414747"><ele>29.8</ele></rtept><rtept lat="57.501772" lon="12.414735"><ele>30.2</ele></rtept><rtept lat="57.501747" lon="12.414712"><ele>30.0</ele></rtept><rtept lat="57.50172" lon="12.414687"><ele>29.8</ele></rtept><rtept lat="57.501702" lon="12.414662"><ele>30.2</ele></rtept><rtept lat="57.501682" lon="12.41464"><ele>30.0</ele></rtept><rtept lat="57.501657" lon="12.414612"><ele>30.4</ele></rtept><rtept lat="57.501638" lon="12.414577"><ele>30.4</ele></rtept><rtept lat="57.501612" lon="12.414558"><ele>30.2</ele></rtept><rtept lat="57.501593" lon="12.414538"><ele>30.6</ele></rtept><rtept lat="57.501555" lon="12.414513"><ele>30.4</ele></rtept><rtept lat="57.501522" lon="12.414493"><ele>30.4</ele></rtept><rtept lat="57.501497" lon="12.414473"><ele>30.6</ele></rtept><rtept lat="57.501472" lon="12.414442"><ele>30.4</ele></rtept><rtept lat="57.501452" lon="12.414415"><ele>30.4</ele></rtept><rtept lat="57.50144" lon="12.414385"><ele>30.6</ele></rtept><rtept lat="57.50142" lon="12.414355"><ele>30.2</ele></rtept><rtept lat="57.501395" lon="12.414335"><ele>30.4</ele></rtept><rtept lat="57.501368" lon="12.41431"><ele>30.6</ele></rtept><rtept lat="57.501343" lon="12.41428"><ele>30.2</ele></rtept><rtept lat="57.501323" lon="12.41425"><ele>30.4</ele></rtept><rtept lat="57.501312" lon="12.414217"><ele>30.0</ele></rtept><rtept lat="57.501298" lon="12.41419"><ele>29.8</ele></rtept><rtept lat="57.50128" lon="12.414157"><ele>30.0</ele></rtept><rtept lat="57.50126" lon="12.41412"><ele>29.8</ele></rtept><rtept lat="57.501235" lon="12.414092"><ele>30.0</ele></rtept><rtept lat="57.501222" lon="12.414067"><ele>30.2</ele></rtept><rtept lat="57.501202" lon="12.414022"><ele>29.8</ele></rtept><rtept lat="57.501183" lon="12.41401"><ele>29.6</ele></rtept><rtept lat="57.501158" lon="12.413992"><ele>29.2</ele></rtept><rtept lat="57.501145" lon="12.413952"><ele>29.6</ele></rtept><rtept lat="57.501138" lon="12.413902"><ele>29.4</ele></rtept><rtept lat="57.501138" lon="12.413858"><ele>29.6</ele></rtept><rtept lat="57.501132" lon="12.413812"><ele>29.8</ele></rtept><rtept lat="57.50112" lon="12.413775"><ele>29.8</ele></rtept><rtept lat="57.501107" lon="12.413743"><ele>30.2</ele></rtept><rtept lat="57.50108" lon="12.41372"><ele>30.2</ele></rtept><rtept lat="57.501048" lon="12.413708"><ele>30.0</ele></rtept><rtept lat="57.501023" lon="12.413698"><ele>30.4</ele></rtept><rtept lat="57.500998" lon="12.413688"><ele>30.6</ele></rtept><rtept lat="57.500972" lon="12.413673"><ele>31.0</ele></rtept><rtept lat="57.500953" lon="12.413655"><ele>31.0</ele></rtept><rtept lat="57.500933" lon="12.413635"><ele>31.0</ele></rtept><rtept lat="57.500902" lon="12.4136"><ele>31.6</ele></rtept><rtept lat="57.50087" lon="12.413588"><ele>32.0</ele></rtept><rtept lat="57.500843" lon="12.413573"><ele>32.4</ele></rtept><rtept lat="57.500818" lon="12.413553"><ele>32.4</ele></rtept><rtept lat="57.5008" lon="12.41353"><ele>32.8</ele></rtept><rtept lat="57.500787" lon="12.4135"><ele>32.8</ele></rtept><rtept lat="57.500767" lon="12.413465"><ele>33.0</ele></rtept><rtept lat="57.500742" lon="12.413435"><ele>33.6</ele></rtept><rtept lat="57.500722" lon="12.4134"><ele>33.8</ele></rtept><rtept lat="57.500703" lon="12.413367"><ele>34.0</ele></rtept><rtept lat="57.500678" lon="12.413342"><ele>34.4</ele></rtept><rtept lat="57.500665" lon="12.413315"><ele>34.6</ele></rtept><rtept lat="57.500652" lon="12.413277"><ele>35.0</ele></rtept><rtept lat="57.50062" lon="12.413238"><ele>35.0</ele></rtept><rtept lat="57.500595" lon="12.4132"><ele>35.0</ele></rtept><rtept lat="57.500568" lon="12.413167"><ele>35.4</ele></rtept><rtept lat="57.50055" lon="12.413133"><ele>35.4</ele></rtept><rtept lat="57.50053" lon="12.413107"><ele>35.2</ele></rtept><rtept lat="57.500505" lon="12.413068"><ele>35.6</ele></rtept><rtept lat="57.500485" lon="12.41303"><ele>35.6</ele></rtept><rtept lat="57.500467" lon="12.412995"><ele>35.8</ele></rtept><rtept lat="57.50044" lon="12.41296"><ele>35.8</ele></rtept><rtept lat="57.500422" lon="12.412923"><ele>35.6</ele></rtept><rtept lat="57.500397" lon="12.412895"><ele>35.4</ele></rtept><rtept lat="57.50037" lon="12.412868"><ele>35.6</ele></rtept><rtept lat="57.500345" lon="12.412845"><ele>35.2</ele></rtept><rtept lat="57.500313" lon="12.41283"><ele>34.8</ele></rtept><rtept lat="57.500287" lon="12.412823"><ele>35.0</ele></rtept><rtept lat="57.500262" lon="12.41281"><ele>34.4</ele></rtept><rtept lat="57.500237" lon="12.4128"><ele>33.8</ele></rtept><rtept lat="57.500203" lon="12.41279"><ele>34.0</ele></rtept><rtept lat="57.500165" lon="12.41278"><ele>33.6</ele></rtept><rtept lat="57.500127" lon="12.412777"><ele>33.4</ele></rtept><rtept lat="57.500108" lon="12.412767"><ele>33.6</ele></rtept><rtept lat="57.500082" lon="12.412752"><ele>33.2</ele></rtept><rtept lat="57.50005" lon="12.41274"><ele>33.2</ele></rtept><rtept lat="57.500012" lon="12.41273"><ele>33.0</ele></rtept><rtept lat="57.499973" lon="12.412722"><ele>32.6</ele></rtept><rtept lat="57.499948" lon="12.412715"><ele>33.0</ele></rtept><rtept lat="57.499917" lon="12.41271"><ele>32.6</ele></rtept><rtept lat="57.499897" lon="12.41271"><ele>32.6</ele></rtept><rtept lat="57.499865" lon="12.412712"><ele>32.6</ele></rtept><rtept lat="57.499827" lon="12.412707"><ele>32.4</ele></rtept><rtept lat="57.4998" lon="12.412698"><ele>32.6</ele></rtept><rtept lat="57.499768" lon="12.41269"><ele>32.4</ele></rtept><rtept lat="57.499737" lon="12.41268"><ele>32.2</ele></rtept><rtept lat="57.499712" lon="12.412675"><ele>32.4</ele></rtept><rtept lat="57.499667" lon="12.412662"><ele>32.4</ele></rtept><rtept lat="57.49964" lon="12.412625"><ele>32.8</ele></rtept><rtept lat="57.499635" lon="12.412567"><ele>32.8</ele></rtept><rtept lat="57.499622" lon="12.412513"><ele>32.8</ele></rtept><rtept lat="57.499597" lon="12.412467"><ele>33.4</ele></rtept><rtept lat="57.499563" lon="12.412427"><ele>33.0</ele></rtept><rtept lat="57.499538" lon="12.412392"><ele>33.2</ele></rtept><rtept lat="57.499513" lon="12.412348"><ele>33.2</ele></rtept><rtept lat="57.499487" lon="12.41232"><ele>33.0</ele></rtept><rtept lat="57.499455" lon="12.412295"><ele>33.2</ele></rtept><rtept lat="57.499417" lon="12.412265"><ele>32.4</ele></rtept><rtept lat="57.499398" lon="12.412248"><ele>32.8</ele></rtept><rtept lat="57.499372" lon="12.412205"><ele>32.6</ele></rtept><rtept lat="57.499353" lon="12.41218"><ele>32.6</ele></rtept><rtept lat="57.499333" lon="12.412143"><ele>32.6</ele></rtept><rtept lat="57.499315" lon="12.412133"><ele>32.6</ele></rtept><rtept lat="57.499295" lon="12.41212"><ele>32.2</ele></rtept><rtept lat="57.499277" lon="12.41211"><ele>32.6</ele></rtept><rtept lat="57.49925" lon="12.412115"><ele>32.6</ele></rtept><rtept lat="57.499225" lon="12.41212"><ele>32.2</ele></rtept><rtept lat="57.499205" lon="12.412112"><ele>32.4</ele></rtept><rtept lat="57.49918" lon="12.412097"><ele>32.2</ele></rtept><rtept lat="57.499155" lon="12.412087"><ele>32.0</ele></rtept><rtept lat="57.499128" lon="12.412078"><ele>32.4</ele></rtept><rtept lat="57.499097" lon="12.41207"><ele>32.4</ele></rtept><rtept lat="57.499072" lon="12.41206"><ele>32.0</ele></rtept><rtept lat="57.499052" lon="12.412052"><ele>32.4</ele></rtept><rtept lat="57.49902" lon="12.412043"><ele>32.2</ele></rtept><rtept lat="57.498988" lon="12.41204"><ele>31.8</ele></rtept><rtept lat="57.498962" lon="12.41203"><ele>32.2</ele></rtept><rtept lat="57.498937" lon="12.412018"><ele>32.0</ele></rtept><rtept lat="57.498912" lon="12.41201"><ele>32.0</ele></rtept><rtept lat="57.498892" lon="12.412007"><ele>32.2</ele></rtept><rtept lat="57.498873" lon="12.412"><ele>32.0</ele></rtept><rtept lat="57.498853" lon="12.411987"><ele>32.2</ele></rtept><rtept lat="57.498828" lon="12.411965"><ele>32.2</ele></rtept><rtept lat="57.498802" lon="12.411955"><ele>32.0</ele></rtept><rtept lat="57.498777" lon="12.411952"><ele>32.2</ele></rtept><rtept lat="57.498738" lon="12.411952"><ele>32.0</ele></rtept><rtept lat="57.498707" lon="12.411952"><ele>31.8</ele></rtept><rtept lat="57.498675" lon="12.41195"><ele>32.2</ele></rtept><rtept lat="57.498637" lon="12.41195"><ele>32.0</ele></rtept><rtept lat="57.498598" lon="12.41195"><ele>31.8</ele></rtept><rtept lat="57.49856" lon="12.411955"><ele>32.2</ele></rtept><rtept lat="57.498533" lon="12.411955"><ele>32.0</ele></rtept><rtept lat="57.498508" lon="12.411945"><ele>32.0</ele></rtept><rtept lat="57.498482" lon="12.41196"><ele>32.2</ele></rtept><rtept lat="57.498457" lon="12.411967"><ele>31.8</ele></rtept><rtept lat="57.498438" lon="12.411972"><ele>31.6</ele></rtept><rtept lat="57.498405" lon="12.411995"><ele>32.0</ele></rtept><rtept lat="57.49838" lon="12.411998"><ele>31.8</ele></rtept><rtept lat="57.49836" lon="12.412002"><ele>32.6</ele></rtept><rtept lat="57.498342" lon="12.412002"><ele>32.4</ele></rtept><rtept lat="57.498322" lon="12.412005"><ele>32.8</ele></rtept><rtept lat="57.498297" lon="12.41202"><ele>33.2</ele></rtept><rtept lat="57.498265" lon="12.41202"><ele>33.4</ele></rtept><rtept lat="57.498245" lon="12.412012"><ele>33.4</ele></rtept><rtept lat="57.498227" lon="12.411992"><ele>33.8</ele></rtept><rtept lat="57.498207" lon="12.41197"><ele>33.8</ele></rtept><rtept lat="57.498182" lon="12.411932"><ele>33.8</ele></rtept><rtept lat="57.498162" lon="12.411892"><ele>34.4</ele></rtept><rtept lat="57.498143" lon="12.411853"><ele>34.2</ele></rtept><rtept lat="57.498123" lon="12.411823"><ele>34.2</ele></rtept><rtept lat="57.498098" lon="12.411802"><ele>34.4</ele></rtept><rtept lat="57.49808" lon="12.411788"><ele>34.2</ele></rtept><rtept lat="57.498047" lon="12.411787"><ele>33.8</ele></rtept><rtept lat="57.498028" lon="12.41178"><ele>34.2</ele></rtept><rtept lat="57.49799" lon="12.411768"><ele>33.8</ele></rtept><rtept lat="57.49797" lon="12.41172"><ele>34.2</ele></rtept><rtept lat="57.497952" lon="12.411703"><ele>34.2</ele></rtept><rtept lat="57.497925" lon="12.411687"><ele>34.4</ele></rtept><rtept lat="57.497887" lon="12.411668"><ele>34.2</ele></rtept><rtept lat="57.497862" lon="12.411668"><ele>34.6</ele></rtept><rtept lat="57.49783" lon="12.411667"><ele>34.6</ele></rtept><rtept lat="57.497803" lon="12.411668"><ele>34.8</ele></rtept><rtept lat="57.497778" lon="12.411682"><ele>35.0</ele></rtept><rtept lat="57.497753" lon="12.411707"><ele>35.6</ele></rtept><rtept lat="57.497733" lon="12.411723"><ele>35.6</ele></rtept><rtept lat="57.497715" lon="12.41174"><ele>35.4</ele></rtept><rtept lat="57.497688" lon="12.411758"><ele>36.2</ele></rtept><rtept lat="57.497663" lon="12.411782"><ele>36.2</ele></rtept><rtept lat="57.497643" lon="12.411793"><ele>36.0</ele></rtept><rtept lat="57.497605" lon="12.411812"><ele>36.8</ele></rtept><rtept lat="57.497587" lon="12.411822"><ele>37.2</ele></rtept><rtept lat="57.497567" lon="12.41184"><ele>37.4</ele></rtept><rtept lat="57.497542" lon="12.411853"><ele>37.6</ele></rtept><rtept lat="57.497522" lon="12.41187"><ele>38.0</ele></rtept><rtept lat="57.497503" lon="12.411885"><ele>38.0</ele></rtept><rtept lat="57.497483" lon="12.4119"><ele>38.2</ele></rtept><rtept lat="57.497452" lon="12.41191"><ele>38.6</ele></rtept><rtept lat="57.49742" lon="12.411905"><ele>38.6</ele></rtept><rtept lat="57.497382" lon="12.411892"><ele>39.0</ele></rtept><rtept lat="57.497357" lon="12.41188"><ele>39.0</ele></rtept><rtept lat="57.497337" lon="12.411867"><ele>39.0</ele></rtept><rtept lat="57.497305" lon="12.411852"><ele>39.2</ele></rtept><rtept lat="57.497273" lon="12.411837"><ele>39.2</ele></rtept><rtept lat="57.497247" lon="12.411822"><ele>39.0</ele></rtept><rtept lat="57.497222" lon="12.411812"><ele>39.4</ele></rtept><rtept lat="57.497202" lon="12.411797"><ele>39.2</ele></rtept><rtept lat="57.497177" lon="12.41178"><ele>39.0</ele></rtept><rtept lat="57.497152" lon="12.411772"><ele>39.4</ele></rtept><rtept lat="57.497113" lon="12.411767"><ele>39.0</ele></rtept><rtept lat="57.49708" lon="12.411758"><ele>39.0</ele></rtept><rtept lat="57.497042" lon="12.411753"><ele>39.4</ele></rtept><rtept lat="57.497017" lon="12.411757"><ele>39.4</ele></rtept><rtept lat="57.496998" lon="12.411762"><ele>39.0</ele></rtept><rtept lat="57.496972" lon="12.411773"><ele>39.2</ele></rtept><rtept lat="57.496947" lon="12.411787"><ele>39.2</ele></rtept><rtept lat="57.496927" lon="12.411797"><ele>39.4</ele></rtept><rtept lat="57.496908" lon="12.4118"><ele>39.4</ele></rtept><rtept lat="57.496888" lon="12.411813"><ele>39.2</ele></rtept><rtept lat="57.496857" lon="12.411832"><ele>39.4</ele></rtept><rtept lat="57.496838" lon="12.411862"><ele>39.6</ele></rtept><rtept lat="57.496812" lon="12.411902"><ele>39.6</ele></rtept><rtept lat="57.496793" lon="12.411925"><ele>39.8</ele></rtept><rtept lat="57.496767" lon="12.411972"><ele>40.0</ele></rtept><rtept lat="57.496742" lon="12.41199"><ele>39.8</ele></rtept><rtept lat="57.49671" lon="12.412032"><ele>40.0</ele></rtept><rtept lat="57.49669" lon="12.412057"><ele>39.8</ele></rtept><rtept lat="57.496658" lon="12.41208"><ele>39.4</ele></rtept><rtept lat="57.496633" lon="12.412105"><ele>39.8</ele></rtept><rtept lat="57.496588" lon="12.41214"><ele>39.6</ele></rtept><rtept lat="57.496557" lon="12.412163"><ele>39.8</ele></rtept><rtept lat="57.49653" lon="12.412183"><ele>39.8</ele></rtept><rtept lat="57.496498" lon="12.4122"><ele>39.4</ele></rtept><rtept lat="57.49646" lon="12.412215"><ele>39.8</ele></rtept><rtept lat="57.496435" lon="12.412228"><ele>39.6</ele></rtept><rtept lat="57.496397" lon="12.412248"><ele>39.4</ele></rtept><rtept lat="57.496363" lon="12.412262"><ele>39.6</ele></rtept><rtept lat="57.496332" lon="12.412262"><ele>39.4</ele></rtept><rtept lat="57.4963" lon="12.412262"><ele>39.6</ele></rtept><rtept lat="57.496275" lon="12.412262"><ele>39.8</ele></rtept><rtept lat="57.496248" lon="12.41226"><ele>39.6</ele></rtept><rtept lat="57.496223" lon="12.412258"><ele>40.0</ele></rtept><rtept lat="57.496198" lon="12.41226"><ele>39.8</ele></rtept><rtept lat="57.49616" lon="12.412265"><ele>39.4</ele></rtept><rtept lat="57.49612" lon="12.412275"><ele>39.6</ele></rtept><rtept lat="57.496082" lon="12.412288"><ele>39.4</ele></rtept><rtept lat="57.496043" lon="12.4123"><ele>39.8</ele></rtept><rtept lat="57.496018" lon="12.412302"><ele>39.6</ele></rtept><rtept lat="57.495993" lon="12.412308"><ele>39.2</ele></rtept><rtept lat="57.495955" lon="12.41232"><ele>39.4</ele></rtept><rtept lat="57.495917" lon="12.412328"><ele>39.2</ele></rtept><rtept lat="57.495883" lon="12.41234"><ele>39.2</ele></rtept><rtept lat="57.495852" lon="12.412347"><ele>39.4</ele></rtept><rtept lat="57.495827" lon="12.412352"><ele>39.0</ele></rtept><rtept lat="57.4958" lon="12.41236"><ele>39.2</ele></rtept><rtept lat="57.495768" lon="12.412363"><ele>39.0</ele></rtept><rtept lat="57.495743" lon="12.412363"><ele>38.8</ele></rtept><rtept lat="57.495718" lon="12.412372"><ele>39.0</ele></rtept><rtept lat="57.495692" lon="12.412378"><ele>38.8</ele></rtept><rtept lat="57.495653" lon="12.412395"><ele>38.8</ele></rtept><rtept lat="57.495635" lon="12.412413"><ele>38.4</ele></rtept><rtept lat="57.495597" lon="12.412433"><ele>38.6</ele></rtept><rtept lat="57.495563" lon="12.412453"><ele>38.8</ele></rtept><rtept lat="57.495525" lon="12.412468"><ele>38.6</ele></rtept><rtept lat="57.495487" lon="12.412487"><ele>38.8</ele></rtept><rtept lat="57.495442" lon="12.412502"><ele>38.6</ele></rtept><rtept lat="57.495403" lon="12.412518"><ele>38.4</ele></rtept><rtept lat="57.49536" lon="12.412522"><ele>38.6</ele></rtept><rtept lat="57.49532" lon="12.412523"><ele>38.4</ele></rtept><rtept lat="57.495282" lon="12.412523"><ele>38.2</ele></rtept><rtept lat="57.495243" lon="12.412528"><ele>38.4</ele></rtept><rtept lat="57.495205" lon="12.412533"><ele>38.0</ele></rtept><rtept lat="57.49518" lon="12.412542"><ele>37.8</ele></rtept><rtept lat="57.495142" lon="12.412547"><ele>37.8</ele></rtept><rtept lat="57.495103" lon="12.412553"><ele>37.4</ele></rtept><rtept lat="57.495052" lon="12.412558"><ele>37.4</ele></rtept><rtept lat="57.495007" lon="12.412567"><ele>37.2</ele></rtept><rtept lat="57.494968" lon="12.412572"><ele>36.8</ele></rtept><rtept lat="57.494923" lon="12.412585"><ele>36.8</ele></rtept><rtept lat="57.494885" lon="12.412587"><ele>36.4</ele></rtept><rtept lat="57.49486" lon="12.412592"><ele>36.2</ele></rtept><rtept lat="57.494828" lon="12.412597"><ele>36.4</ele></rtept><rtept lat="57.494808" lon="12.412597"><ele>36.0</ele></rtept><rtept lat="57.49479" lon="12.412598"><ele>35.6</ele></rtept><rtept lat="57.494763" lon="12.412593"><ele>35.8</ele></rtept><rtept lat="57.494738" lon="12.412592"><ele>35.2</ele></rtept><rtept lat="57.494713" lon="12.412587"><ele>35.4</ele></rtept><rtept lat="57.494668" lon="12.412593"><ele>35.4</ele></rtept><rtept lat="57.494623" lon="12.412598"><ele>35.0</ele></rtept><rtept lat="57.494585" lon="12.412592"><ele>35.2</ele></rtept><rtept lat="57.494553" lon="12.412577"><ele>35.4</ele></rtept><rtept lat="57.494515" lon="12.412558"><ele>35.4</ele></rtept><rtept lat="57.494488" lon="12.412542"><ele>35.4</ele></rtept><rtept lat="57.494463" lon="12.412527"><ele>35.4</ele></rtept><rtept lat="57.494432" lon="12.412513"><ele>35.4</ele></rtept><rtept lat="57.494405" lon="12.412497"><ele>35.0</ele></rtept><rtept lat="57.494373" lon="12.41248"><ele>35.4</ele></rtept><rtept lat="57.494348" lon="12.412463"><ele>35.2</ele></rtept><rtept lat="57.494317" lon="12.412442"><ele>34.8</ele></rtept><rtept lat="57.49429" lon="12.412423"><ele>35.2</ele></rtept><rtept lat="57.494265" lon="12.412407"><ele>34.8</ele></rtept><rtept lat="57.494227" lon="12.412387"><ele>34.4</ele></rtept><rtept lat="57.494195" lon="12.412367"><ele>35.0</ele></rtept><rtept lat="57.494162" lon="12.412338"><ele>34.6</ele></rtept><rtept lat="57.494143" lon="12.412303"><ele>34.8</ele></rtept><rtept lat="57.49413" lon="12.412262"><ele>34.8</ele></rtept><rtept lat="57.494112" lon="12.412235"><ele>34.6</ele></rtept><rtept lat="57.494085" lon="12.412213"><ele>35.0</ele></rtept><rtept lat="57.494067" lon="12.412177"><ele>34.6</ele></rtept><rtept lat="57.494035" lon="12.412143"><ele>34.2</ele></rtept><rtept lat="57.494008" lon="12.412117"><ele>34.4</ele></rtept><rtept lat="57.49397" lon="12.41209"><ele>34.2</ele></rtept><rtept lat="57.493938" lon="12.41207"><ele>34.6</ele></rtept><rtept lat="57.493907" lon="12.41205"><ele>34.6</ele></rtept><rtept lat="57.493887" lon="12.41203"><ele>34.2</ele></rtept><rtept lat="57.493855" lon="12.412007"><ele>34.6</ele></rtept><rtept lat="57.493823" lon="12.411992"><ele>34.4</ele></rtept><rtept lat="57.493792" lon="12.411978"><ele>34.0</ele></rtept><rtept lat="57.49376" lon="12.41196"><ele>34.4</ele></rtept><rtept lat="57.49374" lon="12.411945"><ele>34.2</ele></rtept><rtept lat="57.493715" lon="12.411925"><ele>33.8</ele></rtept><rtept lat="57.493688" lon="12.411912"><ele>34.2</ele></rtept><rtept lat="57.49367" lon="12.411898"><ele>33.8</ele></rtept><rtept lat="57.493643" lon="12.411885"><ele>33.8</ele></rtept><rtept lat="57.493618" lon="12.411878"><ele>34.0</ele></rtept><rtept lat="57.493593" lon="12.411873"><ele>33.8</ele></rtept><rtept lat="57.49356" lon="12.411867"><ele>34.0</ele></rtept><rtept lat="57.493528" lon="12.411853"><ele>33.8</ele></rtept><rtept lat="57.49349" lon="12.411842"><ele>33.6</ele></rtept><rtept lat="57.493458" lon="12.411828"><ele>34.0</ele></rtept><rtept lat="57.493433" lon="12.411818"><ele>33.8</ele></rtept><rtept lat="57.4934" lon="12.411817"><ele>33.4</ele></rtept><rtept lat="57.493375" lon="12.411813"><ele>33.6</ele></rtept><rtept lat="57.493343" lon="12.411817"><ele>33.2</ele></rtept><rtept lat="57.493318" lon="12.411812"><ele>33.2</ele></rtept><rtept lat="57.493292" lon="12.411793"><ele>33.2</ele></rtept><rtept lat="57.493273" lon="12.411782"><ele>32.8</ele></rtept><rtept lat="57.49324" lon="12.411778"><ele>33.2</ele></rtept><rtept lat="57.493215" lon="12.411768"><ele>33.0</ele></rtept><rtept lat="57.493183" lon="12.411767"><ele>32.6</ele></rtept><rtept lat="57.493158" lon="12.411758"><ele>33.0</ele></rtept><rtept lat="57.493138" lon="12.411753"><ele>32.8</ele></rtept><rtept lat="57.493113" lon="12.411747"><ele>32.6</ele></rtept><rtept lat="57.493087" lon="12.411742"><ele>33.0</ele></rtept><rtept lat="57.493062" lon="12.411733"><ele>33.0</ele></rtept><rtept lat="57.493042" lon="12.411727"><ele>32.8</ele></rtept><rtept lat="57.493017" lon="12.411722"><ele>33.0</ele></rtept><rtept lat="57.492985" lon="12.411712"><ele>32.8</ele></rtept><rtept lat="57.492965" lon="12.411707"><ele>33.0</ele></rtept><rtept lat="57.492947" lon="12.411693"><ele>32.6</ele></rtept><rtept lat="57.49292" lon="12.411673"><ele>33.0</ele></rtept><rtept lat="57.492895" lon="12.411663"><ele>33.0</ele></rtept><rtept lat="57.49287" lon="12.411655"><ele>32.6</ele></rtept><rtept lat="57.492838" lon="12.411648"><ele>32.8</ele></rtept><rtept lat="57.4928" lon="12.411638"><ele>32.8</ele></rtept><rtept lat="57.492773" lon="12.411635"><ele>32.8</ele></rtept><rtept lat="57.492748" lon="12.41163"><ele>32.8</ele></rtept><rtept lat="57.492722" lon="12.411628"><ele>32.8</ele></rtept><rtept lat="57.492697" lon="12.411628"><ele>32.6</ele></rtept><rtept lat="57.492672" lon="12.411628"><ele>32.6</ele></rtept><rtept lat="57.492652" lon="12.41162"><ele>33.0</ele></rtept><rtept lat="57.492613" lon="12.411593"><ele>32.4</ele></rtept><rtept lat="57.492595" lon="12.41158"><ele>32.8</ele></rtept><rtept lat="57.492568" lon="12.411568"><ele>32.6</ele></rtept><rtept lat="57.492543" lon="12.411558"><ele>32.4</ele></rtept><rtept lat="57.492523" lon="12.411542"><ele>32.8</ele></rtept><rtept lat="57.492485" lon="12.411525"><ele>32.8</ele></rtept><rtept lat="57.492453" lon="12.41152"><ele>33.0</ele></rtept><rtept lat="57.492422" lon="12.411505"><ele>33.0</ele></rtept><rtept lat="57.49239" lon="12.411495"><ele>32.8</ele></rtept><rtept lat="57.492363" lon="12.411473"><ele>33.2</ele></rtept><rtept lat="57.492338" lon="12.411457"><ele>33.2</ele></rtept><rtept lat="57.492307" lon="12.41144"><ele>33.0</ele></rtept><rtept lat="57.492275" lon="12.411425"><ele>33.2</ele></rtept><rtept lat="57.492237" lon="12.411412"><ele>33.0</ele></rtept><rtept lat="57.492203" lon="12.41141"><ele>33.0</ele></rtept><rtept lat="57.492165" lon="12.41141"><ele>33.0</ele></rtept><rtept lat="57.49214" lon="12.4114"><ele>32.8</ele></rtept><rtept lat="57.492115" lon="12.411397"><ele>33.0</ele></rtept><rtept lat="57.492082" lon="12.411395"><ele>33.0</ele></rtept><rtept lat="57.492063" lon="12.411397"><ele>32.8</ele></rtept><rtept lat="57.492043" lon="12.4114"><ele>33.2</ele></rtept><rtept lat="57.492018" lon="12.4114"><ele>33.0</ele></rtept><rtept lat="57.491993" lon="12.411403"><ele>32.6</ele></rtept><rtept lat="57.49196" lon="12.411408"><ele>33.0</ele></rtept><rtept lat="57.491935" lon="12.411417"><ele>32.8</ele></rtept><rtept lat="57.491897" lon="12.411423"><ele>32.6</ele></rtept><rtept lat="57.491865" lon="12.411423"><ele>32.6</ele></rtept><rtept lat="57.491845" lon="12.411423"><ele>32.8</ele></rtept><rtept lat="57.491827" lon="12.41143"><ele>33.0</ele></rtept><rtept lat="57.491807" lon="12.41143"><ele>33.0</ele></rtept><rtept lat="57.491768" lon="12.411437"><ele>33.2</ele></rtept><rtept lat="57.491737" lon="12.41145"><ele>33.2</ele></rtept><rtept lat="57.491705" lon="12.41146"><ele>33.8</ele></rtept><rtept lat="57.49168" lon="12.41146"><ele>33.6</ele></rtept><rtept lat="57.491653" lon="12.41146"><ele>33.2</ele></rtept><rtept lat="57.491622" lon="12.411457"><ele>33.6</ele></rtept><rtept lat="57.491597" lon="12.41146"><ele>33.8</ele></rtept><rtept lat="57.49157" lon="12.41146"><ele>34.0</ele></rtept><rtept lat="57.491545" lon="12.411463"><ele>34.0</ele></rtept><rtept lat="57.491507" lon="12.411463"><ele>34.4</ele></rtept><rtept lat="57.491475" lon="12.411463"><ele>34.4</ele></rtept><rtept lat="57.491455" lon="12.411463"><ele>34.4</ele></rtept><rtept lat="57.49143" lon="12.411463"><ele>34.8</ele></rtept><rtept lat="57.49141" lon="12.411463"><ele>34.6</ele></rtept><rtept lat="57.491392" lon="12.41146"><ele>34.4</ele></rtept><rtept lat="57.491365" lon="12.411455"><ele>34.8</ele></rtept><rtept lat="57.491333" lon="12.411455"><ele>34.8</ele></rtept><rtept lat="57.491308" lon="12.411457"><ele>35.0</ele></rtept><rtept lat="57.491282" lon="12.411455"><ele>35.4</ele></rtept><rtept lat="57.491257" lon="12.41145"><ele>35.4</ele></rtept><rtept lat="57.491225" lon="12.411443"><ele>35.8</ele></rtept><rtept lat="57.4912" lon="12.411435"><ele>36.0</ele></rtept><rtept lat="57.491173" lon="12.411435"><ele>36.2</ele></rtept><rtept lat="57.491148" lon="12.411433"><ele>36.8</ele></rtept><rtept lat="57.491128" lon="12.411423"><ele>36.8</ele></rtept><rtept lat="57.491097" lon="12.411428"><ele>36.8</ele></rtept><rtept lat="57.491058" lon="12.411428"><ele>37.4</ele></rtept><rtept lat="57.491033" lon="12.411417"><ele>37.4</ele></rtept><rtept lat="57.491007" lon="12.4114"><ele>37.4</ele></rtept><rtept lat="57.490975" lon="12.411378"><ele>37.8</ele></rtept><rtept lat="57.490937" lon="12.411363"><ele>38.0</ele></rtept><rtept lat="57.490898" lon="12.411347"><ele>38.2</ele></rtept><rtept lat="57.49086" lon="12.41134"><ele>38.6</ele></rtept><rtept lat="57.490835" lon="12.411335"><ele>38.8</ele></rtept><rtept lat="57.490797" lon="12.411337"><ele>39.0</ele></rtept><rtept lat="57.490758" lon="12.411335"><ele>39.6</ele></rtept><rtept lat="57.490732" lon="12.411325"><ele>39.6</ele></rtept><rtept lat="57.4907" lon="12.41132"><ele>40.0</ele></rtept><rtept lat="57.490662" lon="12.411325"><ele>40.4</ele></rtept><rtept lat="57.490637" lon="12.411327"><ele>40.4</ele></rtept><rtept lat="57.490603" lon="12.41132"><ele>40.8</ele></rtept><rtept lat="57.490572" lon="12.411298"><ele>41.0</ele></rtept><rtept lat="57.490553" lon="12.41129"><ele>41.4</ele></rtept><rtept lat="57.49052" lon="12.41128"><ele>41.6</ele></rtept><rtept lat="57.490495" lon="12.41127"><ele>41.6</ele></rtept><rtept lat="57.490463" lon="12.411252"><ele>42.0</ele></rtept><rtept lat="57.490438" lon="12.41124"><ele>42.4</ele></rtept><rtept lat="57.490412" lon="12.411235"><ele>42.4</ele></rtept><rtept lat="57.49038" lon="12.411227"><ele>42.8</ele></rtept><rtept lat="57.490348" lon="12.411217"><ele>43.2</ele></rtept><rtept lat="57.490328" lon="12.411205"><ele>43.6</ele></rtept><rtept lat="57.490297" lon="12.411192"><ele>44.2</ele></rtept><rtept lat="57.490278" lon="12.411185"><ele>44.6</ele></rtept><rtept lat="57.490258" lon="12.411177"><ele>45.0</ele></rtept><rtept lat="57.49024" lon="12.411172"><ele>45.0</ele></rtept><rtept lat="57.490213" lon="12.41117"><ele>45.6</ele></rtept><rtept lat="57.490188" lon="12.411167"><ele>45.6</ele></rtept><rtept lat="57.490168" lon="12.41117"><ele>45.6</ele></rtept><rtept lat="57.490143" lon="12.411172"><ele>46.2</ele></rtept><rtept lat="57.490118" lon="12.411177"><ele>46.2</ele></rtept><rtept lat="57.490092" lon="12.411178"><ele>46.2</ele></rtept><rtept lat="57.490073" lon="12.411178"><ele>46.8</ele></rtept><rtept lat="57.490053" lon="12.411178"><ele>46.8</ele></rtept><rtept lat="57.490035" lon="12.41118"><ele>46.8</ele></rtept><rtept lat="57.490015" lon="12.411185"><ele>47.2</ele></rtept><rtept lat="57.489997" lon="12.411185"><ele>47.0</ele></rtept><rtept lat="57.489977" lon="12.411192"><ele>47.6</ele></rtept><rtept lat="57.489958" lon="12.411192"><ele>47.6</ele></rtept><rtept lat="57.489938" lon="12.411197"><ele>48.0</ele></rtept><rtept lat="57.489913" lon="12.4112"><ele>48.4</ele></rtept><rtept lat="57.489887" lon="12.411205"><ele>48.4</ele></rtept><rtept lat="57.489868" lon="12.411207"><ele>48.8</ele></rtept><rtept lat="57.489848" lon="12.411212"><ele>48.8</ele></rtept><rtept lat="57.489817" lon="12.41122"><ele>49.2</ele></rtept><rtept lat="57.489792" lon="12.411218"><ele>49.0</ele></rtept><rtept lat="57.48976" lon="12.41122"><ele>49.2</ele></rtept><rtept lat="57.48974" lon="12.411215"><ele>49.4</ele></rtept><rtept lat="57.489708" lon="12.411217"><ele>50.0</ele></rtept><rtept lat="57.489682" lon="12.411225"><ele>50.2</ele></rtept><rtept lat="57.489657" lon="12.411225"><ele>49.8</ele></rtept><rtept lat="57.489625" lon="12.411232"><ele>50.2</ele></rtept><rtept lat="57.4896" lon="12.411242"><ele>50.2</ele></rtept><rtept lat="57.489567" lon="12.411257"><ele>50.2</ele></rtept><rtept lat="57.489535" lon="12.411265"><ele>50.6</ele></rtept><rtept lat="57.48951" lon="12.41127"><ele>50.4</ele></rtept><rtept lat="57.489478" lon="12.411277"><ele>50.8</ele></rtept><rtept lat="57.489458" lon="12.411285"><ele>50.8</ele></rtept><rtept lat="57.48944" lon="12.411292"><ele>50.8</ele></rtept><rtept lat="57.489413" lon="12.411312"><ele>51.2</ele></rtept><rtept lat="57.489368" lon="12.411335"><ele>51.6</ele></rtept><rtept lat="57.48935" lon="12.411342"><ele>51.6</ele></rtept><rtept lat="57.489323" lon="12.411345"><ele>51.6</ele></rtept><rtept lat="57.489305" lon="12.41135"><ele>52.2</ele></rtept><rtept lat="57.489285" lon="12.411352"><ele>52.2</ele></rtept><rtept lat="57.48926" lon="12.411365"><ele>53.0</ele></rtept><rtept lat="57.48924" lon="12.411403"><ele>53.6</ele></rtept><rtept lat="57.489215" lon="12.41144"><ele>54.2</ele></rtept><rtept lat="57.489197" lon="12.41146"><ele>54.6</ele></rtept><rtept lat="57.48917" lon="12.411493"><ele>54.8</ele></rtept><rtept lat="57.489145" lon="12.411505"><ele>55.4</ele></rtept><rtept lat="57.489125" lon="12.411535"><ele>55.8</ele></rtept><rtept lat="57.489107" lon="12.411573"><ele>56.2</ele></rtept><rtept lat="57.489087" lon="12.411595"><ele>56.4</ele></rtept><rtept lat="57.489068" lon="12.411647"><ele>56.8</ele></rtept><rtept lat="57.489042" lon="12.411695"><ele>57.4</ele></rtept><rtept lat="57.489023" lon="12.411717"><ele>57.6</ele></rtept><rtept lat="57.489003" lon="12.411743"><ele>57.8</ele></rtept><rtept lat="57.488985" lon="12.411768"><ele>58.2</ele></rtept><rtept lat="57.488965" lon="12.411788"><ele>58.2</ele></rtept><rtept lat="57.48894" lon="12.4118"><ele>58.6</ele></rtept><rtept lat="57.488915" lon="12.411807"><ele>58.6</ele></rtept><rtept lat="57.488888" lon="12.411807"><ele>58.6</ele></rtept><rtept lat="57.488863" lon="12.4118"><ele>59.2</ele></rtept><rtept lat="57.488832" lon="12.411792"><ele>59.2</ele></rtept><rtept lat="57.488798" lon="12.411783"><ele>59.2</ele></rtept><rtept lat="57.488767" lon="12.411773"><ele>59.8</ele></rtept><rtept lat="57.488735" lon="12.411767"><ele>59.8</ele></rtept><rtept lat="57.48871" lon="12.411757"><ele>59.6</ele></rtept><rtept lat="57.488678" lon="12.411752"><ele>60.0</ele></rtept><rtept lat="57.488652" lon="12.411747"><ele>59.8</ele></rtept><rtept lat="57.48862" lon="12.41174"><ele>59.8</ele></rtept><rtept lat="57.488588" lon="12.411737"><ele>60.2</ele></rtept><rtept lat="57.488557" lon="12.411732"><ele>60.0</ele></rtept><rtept lat="57.488518" lon="12.411722"><ele>60.2</ele></rtept><rtept lat="57.488492" lon="12.411717"><ele>60.4</ele></rtept><rtept lat="57.488453" lon="12.411703"><ele>60.4</ele></rtept><rtept lat="57.488428" lon="12.411697"><ele>60.8</ele></rtept><rtept lat="57.488408" lon="12.411693"><ele>60.6</ele></rtept><rtept lat="57.48839" lon="12.411687"><ele>60.4</ele></rtept><rtept lat="57.488352" lon="12.411688"><ele>61.0</ele></rtept><rtept lat="57.488307" lon="12.411688"><ele>60.8</ele></rtept><rtept lat="57.488268" lon="12.411697"><ele>60.4</ele></rtept><rtept lat="57.488223" lon="12.411697"><ele>60.8</ele></rtept><rtept lat="57.488192" lon="12.411687"><ele>60.8</ele></rtept><rtept lat="57.488147" lon="12.411677"><ele>60.6</ele></rtept><rtept lat="57.488115" lon="12.411668"><ele>61.0</ele></rtept><rtept lat="57.488082" lon="12.411655"><ele>60.8</ele></rtept><rtept lat="57.48805" lon="12.411653"><ele>61.0</ele></rtept><rtept lat="57.488018" lon="12.411647"><ele>61.0</ele></rtept><rtept lat="57.487987" lon="12.41164"><ele>60.8</ele></rtept><rtept lat="57.487967" lon="12.411638"><ele>61.2</ele></rtept><rtept lat="57.487935" lon="12.411628"><ele>61.2</ele></rtept><rtept lat="57.487903" lon="12.411622"><ele>60.8</ele></rtept><rtept lat="57.487878" lon="12.411622"><ele>61.2</ele></rtept><rtept lat="57.487852" lon="12.41162"><ele>61.2</ele></rtept><rtept lat="57.48782" lon="12.41162"><ele>61.4</ele></rtept><rtept lat="57.487782" lon="12.411615"><ele>61.6</ele></rtept><rtept lat="57.487757" lon="12.411618"><ele>61.4</ele></rtept><rtept lat="57.487723" lon="12.411615"><ele>61.8</ele></rtept><rtept lat="57.487705" lon="12.411615"><ele>62.0</ele></rtept><rtept lat="57.487685" lon="12.411618"><ele>61.8</ele></rtept><rtept lat="57.487653" lon="12.411618"><ele>62.2</ele></rtept><rtept lat="57.487628" lon="12.41162"><ele>62.4</ele></rtept><rtept lat="57.487597" lon="12.411618"><ele>62.6</ele></rtept><rtept lat="57.487563" lon="12.411618"><ele>62.6</ele></rtept><rtept lat="57.487532" lon="12.411623"><ele>63.0</ele></rtept><rtept lat="57.487513" lon="12.41163"><ele>63.0</ele></rtept><rtept lat="57.487493" lon="12.411642"><ele>63.6</ele></rtept><rtept lat="57.487475" lon="12.411653"><ele>63.6</ele></rtept><rtept lat="57.487455" lon="12.411662"><ele>63.2</ele></rtept><rtept lat="57.487437" lon="12.411673"><ele>63.8</ele></rtept><rtept lat="57.487403" lon="12.411703"><ele>63.8</ele></rtept><rtept lat="57.487378" lon="12.411732"><ele>64.2</ele></rtept><rtept lat="57.487347" lon="12.41176"><ele>65.0</ele></rtept><rtept lat="57.487327" lon="12.41178"><ele>64.8</ele></rtept><rtept lat="57.487302" lon="12.411807"><ele>65.2</ele></rtept><rtept lat="57.487282" lon="12.411847"><ele>65.4</ele></rtept><rtept lat="57.487263" lon="12.411893"><ele>65.6</ele></rtept><rtept lat="57.487243" lon="12.41192"><ele>66.0</ele></rtept><rtept lat="57.487218" lon="12.41196"><ele>66.0</ele></rtept><rtept lat="57.487205" lon="12.411987"><ele>66.6</ele></rtept><rtept lat="57.487187" lon="12.412038"><ele>66.6</ele></rtept><rtept lat="57.48716" lon="12.412083"><ele>67.0</ele></rtept><rtept lat="57.487142" lon="12.4121"><ele>66.8</ele></rtept><rtept lat="57.487122" lon="12.412115"><ele>67.2</ele></rtept><rtept lat="57.487097" lon="12.41215"><ele>67.4</ele></rtept><rtept lat="57.487058" lon="12.412175"><ele>67.8</ele></rtept><rtept lat="57.48704" lon="12.4122"><ele>67.6</ele></rtept><rtept lat="57.487007" lon="12.41222"><ele>68.4</ele></rtept><rtept lat="57.486975" lon="12.412235"><ele>68.4</ele></rtept><rtept lat="57.486943" lon="12.412243"><ele>68.2</ele></rtept><rtept lat="57.486898" lon="12.412273"><ele>68.6</ele></rtept><rtept lat="57.48686" lon="12.412288"><ele>68.4</ele></rtept><rtept lat="57.486815" lon="12.412303"><ele>68.8</ele></rtept><rtept lat="57.48679" lon="12.41231"><ele>69.4</ele></rtept><rtept lat="57.486758" lon="12.41231"><ele>69.2</ele></rtept><rtept lat="57.486725" lon="12.412295"><ele>69.6</ele></rtept><rtept lat="57.486687" lon="12.41229"><ele>69.6</ele></rtept><rtept lat="57.486662" lon="12.412285"><ele>69.2</ele></rtept><rtept lat="57.486623" lon="12.412288"><ele>69.4</ele></rtept><rtept lat="57.486578" lon="12.412295"><ele>69.0</ele></rtept><rtept lat="57.486547" lon="12.412285"><ele>69.2</ele></rtept><rtept lat="57.486502" lon="12.41229"><ele>69.4</ele></rtept><rtept lat="57.486457" lon="12.412295"><ele>69.2</ele></rtept><rtept lat="57.486425" lon="12.412302"><ele>69.4</ele></rtept><rtept lat="57.48638" lon="12.412313"><ele>69.2</ele></rtept><rtept lat="57.486342" lon="12.412308"><ele>69.0</ele></rtept><rtept lat="57.486303" lon="12.41231"><ele>69.6</ele></rtept><rtept lat="57.486278" lon="12.412303"><ele>69.4</ele></rtept><rtept lat="57.486258" lon="12.412295"><ele>69.2</ele></rtept><rtept lat="57.486213" lon="12.412278"><ele>69.4</ele></rtept><rtept lat="57.486195" lon="12.41227"><ele>69.6</ele></rtept><rtept lat="57.486168" lon="12.41227"><ele>69.8</ele></rtept><rtept lat="57.486143" lon="12.412268"><ele>69.6</ele></rtept><rtept lat="57.486112" lon="12.412268"><ele>69.8</ele></rtept><rtept lat="57.486085" lon="12.41226"><ele>69.8</ele></rtept><rtept lat="57.486053" lon="12.412248"><ele>69.6</ele></rtept><rtept lat="57.486028" lon="12.412243"><ele>70.0</ele></rtept><rtept lat="57.486002" lon="12.41223"><ele>69.8</ele></rtept><rtept lat="57.485977" lon="12.41221"><ele>70.0</ele></rtept><rtept lat="57.485952" lon="12.412198"><ele>70.0</ele></rtept><rtept lat="57.485932" lon="12.41218"><ele>70.0</ele></rtept><rtept lat="57.485907" lon="12.41216"><ele>70.4</ele></rtept><rtept lat="57.48588" lon="12.412135"><ele>70.2</ele></rtept><rtept lat="57.485868" lon="12.412103"><ele>70.2</ele></rtept><rtept lat="57.485848" lon="12.41207"><ele>70.4</ele></rtept><rtept lat="57.48583" lon="12.412035"><ele>70.4</ele></rtept><rtept lat="57.485803" lon="12.411992"><ele>70.6</ele></rtept><rtept lat="57.485772" lon="12.411938"><ele>70.8</ele></rtept><rtept lat="57.48576" lon="12.411885"><ele>70.4</ele></rtept><rtept lat="57.485747" lon="12.41184"><ele>71.0</ele></rtept><rtept lat="57.485727" lon="12.411807"><ele>70.8</ele></rtept><rtept lat="57.485708" lon="12.411747"><ele>70.4</ele></rtept><rtept lat="57.485695" lon="12.411688"><ele>70.6</ele></rtept><rtept lat="57.485682" lon="12.41164"><ele>70.4</ele></rtept><rtept lat="57.485657" lon="12.41159"><ele>70.4</ele></rtept><rtept lat="57.48565" lon="12.411535"><ele>70.4</ele></rtept><rtept lat="57.485632" lon="12.411475"><ele>70.0</ele></rtept><rtept lat="57.485618" lon="12.41141"><ele>70.2</ele></rtept><rtept lat="57.485593" lon="12.41135"><ele>70.0</ele></rtept><rtept lat="57.485587" lon="12.411295"><ele>69.6</ele></rtept><rtept lat="57.485573" lon="12.411257"><ele>70.0</ele></rtept><rtept lat="57.485535" lon="12.411237"><ele>69.8</ele></rtept><rtept lat="57.485503" lon="12.411215"><ele>69.4</ele></rtept><rtept lat="57.485472" lon="12.411182"><ele>69.6</ele></rtept><rtept lat="57.485433" lon="12.411162"><ele>69.2</ele></rtept><rtept lat="57.485407" lon="12.411133"><ele>69.8</ele></rtept><rtept lat="57.485382" lon="12.411107"><ele>69.8</ele></rtept><rtept lat="57.48535" lon="12.411087"><ele>70.0</ele></rtept><rtept lat="57.48533" lon="12.41106"><ele>70.2</ele></rtept><rtept lat="57.485298" lon="12.411052"><ele>70.0</ele></rtept><rtept lat="57.485273" lon="12.41104"><ele>70.2</ele></rtept><rtept lat="57.485253" lon="12.411033"><ele>70.0</ele></rtept><rtept lat="57.485222" lon="12.411028"><ele>69.6</ele></rtept><rtept lat="57.485197" lon="12.411028"><ele>70.0</ele></rtept><rtept lat="57.485177" lon="12.411038"><ele>69.6</ele></rtept><rtept lat="57.485152" lon="12.411043"><ele>69.8</ele></rtept><rtept lat="57.48512" lon="12.411052"><ele>70.0</ele></rtept><rtept lat="57.485087" lon="12.41106"><ele>70.0</ele></rtept><rtept lat="57.485055" lon="12.411077"><ele>70.4</ele></rtept><rtept lat="57.48503" lon="12.411093"><ele>70.2</ele></rtept><rtept lat="57.48501" lon="12.411102"><ele>70.0</ele></rtept><rtept lat="57.484992" lon="12.41112"><ele>70.2</ele></rtept><rtept lat="57.48496" lon="12.41114"><ele>70.2</ele></rtept><rtept lat="57.484927" lon="12.411158"><ele>70.6</ele></rtept><rtept lat="57.484888" lon="12.411177"><ele>70.6</ele></rtept><rtept lat="57.48485" lon="12.411182"><ele>70.2</ele></rtept><rtept lat="57.484805" lon="12.411187"><ele>70.4</ele></rtept><rtept lat="57.484773" lon="12.411187"><ele>70.4</ele></rtept><rtept lat="57.484755" lon="12.411185"><ele>70.6</ele></rtept><rtept lat="57.484728" lon="12.41118"><ele>70.8</ele></rtept><rtept lat="57.484703" lon="12.411173"><ele>70.4</ele></rtept><rtept lat="57.484683" lon="12.411167"><ele>70.8</ele></rtept><rtept lat="57.484658" lon="12.411158"><ele>70.8</ele></rtept><rtept lat="57.484627" lon="12.411147"><ele>70.4</ele></rtept><rtept lat="57.4846" lon="12.41114"><ele>70.8</ele></rtept><rtept lat="57.484575" lon="12.411137"><ele>70.6</ele></rtept><rtept lat="57.484543" lon="12.411128"><ele>70.6</ele></rtept><rtept lat="57.484518" lon="12.411127"><ele>70.8</ele></rtept><rtept lat="57.484485" lon="12.411122"><ele>70.6</ele></rtept><rtept lat="57.48446" lon="12.411113"><ele>71.0</ele></rtept><rtept lat="57.48444" lon="12.411103"><ele>70.8</ele></rtept><rtept lat="57.484415" lon="12.411087"><ele>70.8</ele></rtept><rtept lat="57.484383" lon="12.411068"><ele>71.2</ele></rtept><rtept lat="57.484363" lon="12.411048"><ele>71.2</ele></rtept><rtept lat="57.484332" lon="12.411032"><ele>71.0</ele></rtept><rtept lat="57.484293" lon="12.411018"><ele>71.2</ele></rtept><rtept lat="57.484275" lon="12.410998"><ele>71.0</ele></rtept><rtept lat="57.484255" lon="12.410973"><ele>71.4</ele></rtept><rtept lat="57.484237" lon="12.410935"><ele>71.4</ele></rtept><rtept lat="57.484203" lon="12.410908"><ele>71.2</ele></rtept><rtept lat="57.484178" lon="12.410875"><ele>71.6</ele></rtept><rtept lat="57.484147" lon="12.41084"><ele>71.8</ele></rtept><rtept lat="57.48412" lon="12.410833"><ele>71.8</ele></rtept><rtept lat="57.484102" lon="12.410828"><ele>72.0</ele></rtept><rtept lat="57.484077" lon="12.410825"><ele>72.2</ele></rtept><rtept lat="57.484043" lon="12.41082"><ele>72.0</ele></rtept><rtept lat="57.484025" lon="12.410808"><ele>72.6</ele></rtept><rtept lat="57.484005" lon="12.41078"><ele>72.6</ele></rtept><rtept lat="57.483973" lon="12.410757"><ele>73.4</ele></rtept><rtept lat="57.483955" lon="12.410745"><ele>73.2</ele></rtept><rtept lat="57.483922" lon="12.41074"><ele>74.0</ele></rtept><rtept lat="57.483903" lon="12.410723"><ele>74.0</ele></rtept><rtept lat="57.483878" lon="12.410697"><ele>74.6</ele></rtept><rtept lat="57.483858" lon="12.410695"><ele>75.0</ele></rtept><rtept lat="57.48382" lon="12.410703"><ele>75.6</ele></rtept><rtept lat="57.483795" lon="12.410695"><ele>75.4</ele></rtept><rtept lat="57.48375" lon="12.410688"><ele>76.0</ele></rtept><rtept lat="57.483712" lon="12.410683"><ele>76.4</ele></rtept><rtept lat="57.483685" lon="12.410678"><ele>76.4</ele></rtept><rtept lat="57.48366" lon="12.41068"><ele>77.0</ele></rtept><rtept lat="57.483622" lon="12.410697"><ele>77.0</ele></rtept><rtept lat="57.483583" lon="12.410705"><ele>76.8</ele></rtept><rtept lat="57.483545" lon="12.410715"><ele>77.4</ele></rtept><rtept lat="57.48352" lon="12.41071"><ele>77.4</ele></rtept><rtept lat="57.4835" lon="12.410692"><ele>77.2</ele></rtept><rtept lat="57.48348" lon="12.410665"><ele>77.6</ele></rtept><rtept lat="57.483462" lon="12.41065"><ele>77.4</ele></rtept><rtept lat="57.483437" lon="12.41062"><ele>78.0</ele></rtept><rtept lat="57.48341" lon="12.410592"><ele>78.4</ele></rtept><rtept lat="57.483385" lon="12.410575"><ele>78.6</ele></rtept><rtept lat="57.483365" lon="12.41057"><ele>79.0</ele></rtept><rtept lat="57.483333" lon="12.410565"><ele>79.2</ele></rtept><rtept lat="57.483302" lon="12.410557"><ele>79.2</ele></rtept><rtept lat="57.48327" lon="12.410542"><ele>79.6</ele></rtept><rtept lat="57.48325" lon="12.410537"><ele>79.6</ele></rtept><rtept lat="57.483232" lon="12.410525"><ele>80.0</ele></rtept><rtept lat="57.483212" lon="12.410518"><ele>80.2</ele></rtept><rtept lat="57.483193" lon="12.410515"><ele>80.4</ele></rtept><rtept lat="57.483173" lon="12.41051"><ele>81.2</ele></rtept><rtept lat="57.483155" lon="12.410507"><ele>81.2</ele></rtept><rtept lat="57.483135" lon="12.4105"><ele>81.2</ele></rtept><rtept lat="57.483117" lon="12.410495"><ele>82.0</ele></rtept><rtept lat="57.483097" lon="12.410492"><ele>82.0</ele></rtept><rtept lat="57.483078" lon="12.410492"><ele>82.0</ele></rtept><rtept lat="57.483052" lon="12.410492"><ele>82.6</ele></rtept><rtept lat="57.483027" lon="12.410487"><ele>82.6</ele></rtept><rtept lat="57.482995" lon="12.410485"><ele>82.8</ele></rtept><rtept lat="57.482968" lon="12.41048"><ele>83.4</ele></rtept><rtept lat="57.48295" lon="12.410478"><ele>83.4</ele></rtept><rtept lat="57.48293" lon="12.41048"><ele>84.0</ele></rtept><rtept lat="57.482892" lon="12.410478"><ele>84.2</ele></rtept><rtept lat="57.482867" lon="12.410472"><ele>84.4</ele></rtept><rtept lat="57.482828" lon="12.410478"><ele>84.8</ele></rtept><rtept lat="57.482797" lon="12.41048"><ele>84.6</ele></rtept><rtept lat="57.482777" lon="12.410478"><ele>85.0</ele></rtept><rtept lat="57.482752" lon="12.41047"><ele>85.2</ele></rtept><rtept lat="57.482725" lon="12.410467"><ele>85.8</ele></rtept><rtept lat="57.482693" lon="12.41046"><ele>85.8</ele></rtept><rtept lat="57.482668" lon="12.410465"><ele>85.6</ele></rtept><rtept lat="57.482637" lon="12.410472"><ele>86.2</ele></rtept><rtept lat="57.482617" lon="12.410467"><ele>86.2</ele></rtept><rtept lat="57.482592" lon="12.410467"><ele>86.0</ele></rtept><rtept lat="57.48256" lon="12.41046"><ele>86.4</ele></rtept><rtept lat="57.482533" lon="12.410467"><ele>86.6</ele></rtept><rtept lat="57.482508" lon="12.41047"><ele>86.8</ele></rtept><rtept lat="57.482488" lon="12.410472"><ele>86.4</ele></rtept><rtept lat="57.48247" lon="12.410472"><ele>86.8</ele></rtept><rtept lat="57.482438" lon="12.410473"><ele>86.6</ele></rtept><rtept lat="57.482412" lon="12.41048"><ele>86.6</ele></rtept><rtept lat="57.48238" lon="12.410487"><ele>86.8</ele></rtept><rtept lat="57.482342" lon="12.41049"><ele>86.6</ele></rtept><rtept lat="57.482317" lon="12.410487"><ele>86.6</ele></rtept><rtept lat="57.482278" lon="12.410505"><ele>86.8</ele></rtept><rtept lat="57.482258" lon="12.410497"><ele>86.6</ele></rtept><rtept lat="57.482233" lon="12.410485"><ele>86.8</ele></rtept><rtept lat="57.482207" lon="12.410472"><ele>87.4</ele></rtept><rtept lat="57.482182" lon="12.410453"><ele>87.0</ele></rtept><rtept lat="57.482157" lon="12.41044"><ele>87.4</ele></rtept><rtept lat="57.48213" lon="12.410427"><ele>87.2</ele></rtept><rtept lat="57.482105" lon="12.410413"><ele>87.0</ele></rtept><rtept lat="57.48208" lon="12.410397"><ele>87.4</ele></rtept><rtept lat="57.48206" lon="12.41038"><ele>87.2</ele></rtept><rtept lat="57.482035" lon="12.41036"><ele>87.4</ele></rtept><rtept lat="57.482008" lon="12.41034"><ele>87.6</ele></rtept><rtept lat="57.481983" lon="12.410327"><ele>87.6</ele></rtept><rtept lat="57.481952" lon="12.410293"><ele>88.0</ele></rtept><rtept lat="57.481932" lon="12.410273"><ele>87.6</ele></rtept><rtept lat="57.4819" lon="12.410263"><ele>88.0</ele></rtept><rtept lat="57.48188" lon="12.410262"><ele>87.8</ele></rtept><rtept lat="57.481862" lon="12.410258"><ele>87.8</ele></rtept><rtept lat="57.481837" lon="12.410255"><ele>88.0</ele></rtept><rtept lat="57.481817" lon="12.410243"><ele>87.8</ele></rtept><rtept lat="57.481798" lon="12.410238"><ele>88.0</ele></rtept><rtept lat="57.481778" lon="12.41023"><ele>87.8</ele></rtept><rtept lat="57.481753" lon="12.410223"><ele>88.2</ele></rtept><rtept lat="57.48172" lon="12.410222"><ele>88.2</ele></rtept><rtept lat="57.481695" lon="12.410222"><ele>88.2</ele></rtept><rtept lat="57.48167" lon="12.410223"><ele>88.4</ele></rtept><rtept lat="57.481638" lon="12.410233"><ele>88.2</ele></rtept><rtept lat="57.481612" lon="12.410235"><ele>88.6</ele></rtept><rtept lat="57.48158" lon="12.410253"><ele>88.2</ele></rtept><rtept lat="57.481555" lon="12.410277"><ele>88.8</ele></rtept><rtept lat="57.481535" lon="12.410282"><ele>88.4</ele></rtept><rtept lat="57.48151" lon="12.410282"><ele>88.8</ele></rtept><rtept lat="57.48149" lon="12.410282"><ele>88.4</ele></rtept><rtept lat="57.481458" lon="12.410295"><ele>88.2</ele></rtept><rtept lat="57.48144" lon="12.410298"><ele>88.0</ele></rtept><rtept lat="57.481407" lon="12.410323"><ele>88.0</ele></rtept><rtept lat="57.481388" lon="12.410352"><ele>87.0</ele></rtept><rtept lat="57.481357" lon="12.410373"><ele>86.8</ele></rtept><rtept lat="57.481337" lon="12.410392"><ele>86.8</ele></rtept><rtept lat="57.481305" lon="12.410407"><ele>87.0</ele></rtept><rtept lat="57.481285" lon="12.41042"><ele>86.6</ele></rtept><rtept lat="57.481253" lon="12.410433"><ele>86.6</ele></rtept><rtept lat="57.481228" lon="12.410448"><ele>86.6</ele></rtept><rtept lat="57.48119" lon="12.410462"><ele>86.2</ele></rtept><rtept lat="57.481163" lon="12.410477"><ele>86.4</ele></rtept><rtept lat="57.481125" lon="12.410497"><ele>86.2</ele></rtept><rtept lat="57.4811" lon="12.410512"><ele>85.8</ele></rtept><rtept lat="57.481068" lon="12.410532"><ele>86.2</ele></rtept><rtept lat="57.481037" lon="12.410552"><ele>85.8</ele></rtept><rtept lat="57.480998" lon="12.410577"><ele>85.2</ele></rtept><rtept lat="57.48096" lon="12.410598"><ele>85.6</ele></rtept><rtept lat="57.48092" lon="12.410622"><ele>85.2</ele></rtept><rtept lat="57.480888" lon="12.41065"><ele>85.4</ele></rtept><rtept lat="57.480863" lon="12.41066"><ele>85.4</ele></rtept><rtept lat="57.480832" lon="12.410677"><ele>85.0</ele></rtept><rtept lat="57.480805" lon="12.410692"><ele>85.2</ele></rtept><rtept lat="57.480773" lon="12.41071"><ele>85.0</ele></rtept><rtept lat="57.480742" lon="12.410723"><ele>84.6</ele></rtept><rtept lat="57.480717" lon="12.410737"><ele>85.0</ele></rtept><rtept lat="57.48069" lon="12.410743"><ele>84.8</ele></rtept><rtept lat="57.480665" lon="12.410758"><ele>84.4</ele></rtept><rtept lat="57.480633" lon="12.410773"><ele>84.6</ele></rtept><rtept lat="57.480613" lon="12.41079"><ele>84.2</ele></rtept><rtept lat="57.480588" lon="12.41081"><ele>84.4</ele></rtept><rtept lat="57.480568" lon="12.410828"><ele>84.2</ele></rtept><rtept lat="57.480537" lon="12.410848"><ele>83.8</ele></rtept><rtept lat="57.480505" lon="12.410868"><ele>84.2</ele></rtept><rtept lat="57.48048" lon="12.410885"><ele>83.8</ele></rtept><rtept lat="57.480453" lon="12.41091"><ele>83.8</ele></rtept><rtept lat="57.480422" lon="12.410935"><ele>83.8</ele></rtept><rtept lat="57.480383" lon="12.41096"><ele>83.4</ele></rtept><rtept lat="57.480338" lon="12.410982"><ele>83.6</ele></rtept><rtept lat="57.4803" lon="12.411"><ele>83.4</ele></rtept><rtept lat="57.480268" lon="12.411013"><ele>83.2</ele></rtept><rtept lat="57.480237" lon="12.41102"><ele>83.4</ele></rtept><rtept lat="57.480203" lon="12.411027"><ele>83.2</ele></rtept><rtept lat="57.480165" lon="12.411038"><ele>82.8</ele></rtept><rtept lat="57.480127" lon="12.411053"><ele>83.0</ele></rtept><rtept lat="57.480095" lon="12.411062"><ele>82.6</ele></rtept><rtept lat="57.480057" lon="12.411073"><ele>82.6</ele></rtept><rtept lat="57.480025" lon="12.411078"><ele>82.8</ele></rtept><rtept lat="57.479987" lon="12.41108"><ele>82.2</ele></rtept><rtept lat="57.479948" lon="12.411087"><ele>82.2</ele></rtept><rtept lat="57.47991" lon="12.411103"><ele>82.0</ele></rtept><rtept lat="57.479878" lon="12.41112"><ele>81.6</ele></rtept><rtept lat="57.47984" lon="12.411147"><ele>81.6</ele></rtept><rtept lat="57.479813" lon="12.411173"><ele>81.4</ele></rtept><rtept lat="57.479795" lon="12.4112"><ele>80.8</ele></rtept><rtept lat="57.479768" lon="12.411232"><ele>80.8</ele></rtept><rtept lat="57.479743" lon="12.411252"><ele>80.4</ele></rtept><rtept lat="57.479723" lon="12.41127"><ele>80.6</ele></rtept><rtept lat="57.479705" lon="12.411292"><ele>80.4</ele></rtept><rtept lat="57.479685" lon="12.411315"><ele>80.2</ele></rtept><rtept lat="57.47966" lon="12.41134"><ele>80.4</ele></rtept><rtept lat="57.479635" lon="12.411365"><ele>80.2</ele></rtept><rtept lat="57.479615" lon="12.411397"><ele>80.0</ele></rtept><rtept lat="57.479597" lon="12.41145"><ele>80.2</ele></rtept><rtept lat="57.479577" lon="12.411495"><ele>80.0</ele></rtept><rtept lat="57.479558" lon="12.41154"><ele>80.2</ele></rtept><rtept lat="57.479532" lon="12.411575"><ele>80.2</ele></rtept><rtept lat="57.479513" lon="12.411615"><ele>79.8</ele></rtept><rtept lat="57.479493" lon="12.41166"><ele>80.2</ele></rtept><rtept lat="57.47948" lon="12.411712"><ele>80.0</ele></rtept><rtept lat="57.479462" lon="12.411757"><ele>79.8</ele></rtept><rtept lat="57.479437" lon="12.411797"><ele>80.0</ele></rtept><rtept lat="57.479423" lon="12.411827"><ele>79.6</ele></rtept><rtept lat="57.479398" lon="12.411872"><ele>80.0</ele></rtept><rtept lat="57.479378" lon="12.411907"><ele>79.8</ele></rtept><rtept lat="57.479365" lon="12.41194"><ele>79.6</ele></rtept><rtept lat="57.479347" lon="12.411965"><ele>79.8</ele></rtept><rtept lat="57.479327" lon="12.411985"><ele>79.6</ele></rtept><rtept lat="57.479302" lon="12.412007"><ele>79.8</ele></rtept><rtept lat="57.479282" lon="12.412032"><ele>79.8</ele></rtept><rtept lat="57.479257" lon="12.412052"><ele>79.6</ele></rtept><rtept lat="57.479225" lon="12.41207"><ele>79.8</ele></rtept><rtept lat="57.479193" lon="12.412085"><ele>79.8</ele></rtept><rtept lat="57.479155" lon="12.412105"><ele>80.4</ele></rtept><rtept lat="57.479117" lon="12.412117"><ele>80.0</ele></rtept><rtept lat="57.479078" lon="12.412123"><ele>79.8</ele></rtept><rtept lat="57.479045" lon="12.412135"><ele>80.4</ele></rtept><rtept lat="57.479013" lon="12.41214"><ele>80.4</ele></rtept><rtept lat="57.478988" lon="12.412148"><ele>80.4</ele></rtept><rtept lat="57.478957" lon="12.412153"><ele>80.6</ele></rtept><rtept lat="57.47893" lon="12.412157"><ele>80.2</ele></rtept><rtept lat="57.478905" lon="12.41215"><ele>80.8</ele></rtept><rtept lat="57.478878" lon="12.41215"><ele>80.4</ele></rtept><rtept lat="57.478853" lon="12.412155"><ele>80.0</ele></rtept><rtept lat="57.478815" lon="12.41216"><ele>80.6</ele></rtept><rtept lat="57.478783" lon="12.412158"><ele>80.2</ele></rtept><rtept lat="57.478758" lon="12.41216"><ele>80.6</ele></rtept><rtept lat="57.47872" lon="12.41216"><ele>80.4</ele></rtept><rtept lat="57.478687" lon="12.41216"><ele>80.2</ele></rtept><rtept lat="57.478642" lon="12.412158"><ele>80.6</ele></rtept><rtept lat="57.478603" lon="12.412157"><ele>80.4</ele></rtept><rtept lat="57.478565" lon="12.412157"><ele>80.2</ele></rtept><rtept lat="57.478533" lon="12.412148"><ele>80.6</ele></rtept><rtept lat="57.478502" lon="12.412143"><ele>80.4</ele></rtept><rtept lat="57.478477" lon="12.41214"><ele>80.8</ele></rtept><rtept lat="57.478432" lon="12.41214"><ele>80.8</ele></rtept><rtept lat="57.4784" lon="12.412137"><ele>80.6</ele></rtept><rtept lat="57.478367" lon="12.412135"><ele>81.2</ele></rtept><rtept lat="57.478335" lon="12.412125"><ele>81.0</ele></rtept><rtept lat="57.478303" lon="12.412117"><ele>81.0</ele></rtept><rtept lat="57.478278" lon="12.412103"><ele>81.2</ele></rtept><rtept lat="57.478252" lon="12.412092"><ele>81.0</ele></rtept><rtept lat="57.47822" lon="12.412087"><ele>81.4</ele></rtept><rtept lat="57.478182" lon="12.412083"><ele>81.4</ele></rtept><rtept lat="57.47815" lon="12.412085"><ele>81.0</ele></rtept><rtept lat="57.478137" lon="12.41206"><ele>81.6</ele></rtept><rtept lat="57.478105" lon="12.412055"><ele>81.4</ele></rtept><rtept lat="57.478073" lon="12.412052"><ele>81.2</ele></rtept><rtept lat="57.47804" lon="12.412042"><ele>81.6</ele></rtept><rtept lat="57.478008" lon="12.412042"><ele>81.2</ele></rtept><rtept lat="57.477977" lon="12.41204"><ele>81.4</ele></rtept><rtept lat="57.477945" lon="12.412038"><ele>81.4</ele></rtept><rtept lat="57.47792" lon="12.412032"><ele>81.2</ele></rtept><rtept lat="57.477887" lon="12.412027"><ele>81.6</ele></rtept><rtept lat="57.477862" lon="12.41202"><ele>81.4</ele></rtept><rtept lat="57.47783" lon="12.412015"><ele>81.0</ele></rtept><rtept lat="57.477798" lon="12.412005"><ele>81.4</ele></rtept><rtept lat="57.477772" lon="12.412"><ele>81.2</ele></rtept><rtept lat="57.477747" lon="12.411992"><ele>81.6</ele></rtept><rtept lat="57.477715" lon="12.411985"><ele>81.6</ele></rtept><rtept lat="57.477682" lon="12.41198"><ele>81.2</ele></rtept><rtept lat="57.477657" lon="12.411972"><ele>81.6</ele></rtept><rtept lat="57.477632" lon="12.41197"><ele>81.2</ele></rtept><rtept lat="57.477605" lon="12.41197"><ele>81.2</ele></rtept><rtept lat="57.477573" lon="12.411972"><ele>81.2</ele></rtept><rtept lat="57.477548" lon="12.411978"><ele>81.0</ele></rtept><rtept lat="57.477528" lon="12.412"><ele>81.0</ele></rtept><rtept lat="57.477528" lon="12.412042"><ele>81.2</ele></rtept><rtept lat="57.477542" lon="12.41207"><ele>81.2</ele></rtept><rtept lat="57.477573" lon="12.41209"><ele>81.2</ele></rtept><rtept lat="57.477612" lon="12.412117"><ele>81.4</ele></rtept><rtept lat="57.477638" lon="12.412153"><ele>81.0</ele></rtept><rtept lat="57.477663" lon="12.41219"><ele>81.6</ele></rtept><rtept lat="57.477688" lon="12.412223"><ele>81.2</ele></rtept><rtept lat="57.477715" lon="12.412253"><ele>81.0</ele></rtept><rtept lat="57.47774" lon="12.412283"><ele>81.4</ele></rtept><rtept lat="57.477765" lon="12.412308"><ele>81.0</ele></rtept><rtept lat="57.477785" lon="12.412328"><ele>81.0</ele></rtept><rtept lat="57.47781" lon="12.412355"><ele>81.2</ele></rtept><rtept lat="57.477837" lon="12.412382"><ele>81.0</ele></rtept><rtept lat="57.477862" lon="12.41242"><ele>81.2</ele></rtept><rtept lat="57.477887" lon="12.412457"><ele>81.0</ele></rtept><rtept lat="57.477913" lon="12.412493"><ele>81.0</ele></rtept><rtept lat="57.477932" lon="12.412527"><ele>81.4</ele></rtept><rtept lat="57.477952" lon="12.412567"><ele>81.2</ele></rtept><rtept lat="57.477977" lon="12.412602"><ele>81.0</ele></rtept><rtept lat="57.47799" lon="12.412638"><ele>81.2</ele></rtept><rtept lat="57.478008" lon="12.41269"><ele>81.0</ele></rtept><rtept lat="57.478022" lon="12.41273"><ele>81.4</ele></rtept><rtept lat="57.47804" lon="12.412787"><ele>81.0</ele></rtept><rtept lat="57.47806" lon="12.41283"><ele>80.8</ele></rtept><rtept lat="57.478073" lon="12.412865"><ele>81.2</ele></rtept><rtept lat="57.478098" lon="12.412923"><ele>81.0</ele></rtept><rtept lat="57.478123" lon="12.41295"><ele>80.8</ele></rtept><rtept lat="57.478143" lon="12.412973"><ele>80.6</ele></rtept><rtept lat="57.478168" lon="12.412988"><ele>81.0</ele></rtept><rtept lat="57.478188" lon="12.413003"><ele>81.0</ele></rtept><rtept lat="57.478207" lon="12.413023"><ele>80.8</ele></rtept><rtept lat="57.478233" lon="12.413048"><ele>81.0</ele></rtept><rtept lat="57.478258" lon="12.413082"><ele>80.8</ele></rtept><rtept lat="57.478283" lon="12.41312"><ele>81.0</ele></rtept><rtept lat="57.47831" lon="12.413157"><ele>80.8</ele></rtept><rtept lat="57.478328" lon="12.413193"><ele>80.6</ele></rtept><rtept lat="57.478348" lon="12.41322"><ele>81.0</ele></rtept><rtept lat="57.47838" lon="12.413247"><ele>80.8</ele></rtept><rtept lat="57.4784" lon="12.41328"><ele>80.6</ele></rtept><rtept lat="57.478418" lon="12.413325"><ele>80.8</ele></rtept><rtept lat="57.478443" lon="12.41336"><ele>80.8</ele></rtept><rtept lat="57.478477" lon="12.413392"><ele>81.0</ele></rtept><rtept lat="57.478508" lon="12.41345"><ele>80.8</ele></rtept><rtept lat="57.478527" lon="12.413485"><ele>81.4</ele></rtept><rtept lat="57.478547" lon="12.413537"><ele>81.2</ele></rtept><rtept lat="57.478572" lon="12.413585"><ele>81.0</ele></rtept><rtept lat="57.478585" lon="12.413625"><ele>81.4</ele></rtept><rtept lat="57.47861" lon="12.413658"><ele>81.0</ele></rtept><rtept lat="57.47863" lon="12.413685"><ele>81.4</ele></rtept><rtept lat="57.478655" lon="12.413722"><ele>81.6</ele></rtept><rtept lat="57.478668" lon="12.41376"><ele>81.2</ele></rtept><rtept lat="57.47868" lon="12.413792"><ele>81.6</ele></rtept><rtept lat="57.478707" lon="12.413833"><ele>81.6</ele></rtept><rtept lat="57.478725" lon="12.413873"><ele>81.2</ele></rtept><rtept lat="57.478752" lon="12.413907"><ele>81.6</ele></rtept><rtept lat="57.47877" lon="12.413927"><ele>81.4</ele></rtept><rtept lat="57.47879" lon="12.413943"><ele>81.6</ele></rtept><rtept lat="57.478822" lon="12.414"><ele>81.2</ele></rtept><rtept lat="57.478835" lon="12.41404"><ele>81.6</ele></rtept><rtept lat="57.478835" lon="12.414095"><ele>81.8</ele></rtept><rtept lat="57.478835" lon="12.414132"><ele>81.6</ele></rtept><rtept lat="57.47884" lon="12.41419"><ele>81.8</ele></rtept><rtept lat="57.478847" lon="12.41425"><ele>81.8</ele></rtept><rtept lat="57.478853" lon="12.414283"><ele>81.8</ele></rtept><rtept lat="57.478867" lon="12.414325"><ele>81.6</ele></rtept><rtept lat="57.478878" lon="12.414368"><ele>82.2</ele></rtept><rtept lat="57.478885" lon="12.414415"><ele>82.2</ele></rtept><rtept lat="57.478898" lon="12.414455"><ele>82.0</ele></rtept><rtept lat="57.478918" lon="12.414497"><ele>82.4</ele></rtept><rtept lat="57.478937" lon="12.414538"><ele>82.2</ele></rtept><rtept lat="57.478957" lon="12.414593"><ele>82.4</ele></rtept><rtept lat="57.478975" lon="12.414652"><ele>82.4</ele></rtept><rtept lat="57.478995" lon="12.414692"><ele>82.2</ele></rtept><rtept lat="57.479" lon="12.41474"><ele>82.6</ele></rtept><rtept lat="57.479013" lon="12.414772"><ele>82.4</ele></rtept><rtept lat="57.47902" lon="12.414805"><ele>82.0</ele></rtept><rtept lat="57.479033" lon="12.41484"><ele>82.2</ele></rtept><rtept lat="57.47904" lon="12.414877"><ele>82.2</ele></rtept><rtept lat="57.479052" lon="12.414917"><ele>82.6</ele></rtept><rtept lat="57.479065" lon="12.41495"><ele>82.4</ele></rtept><rtept lat="57.479078" lon="12.414983"><ele>82.0</ele></rtept><rtept lat="57.479083" lon="12.415023"><ele>82.6</ele></rtept><rtept lat="57.479097" lon="12.415062"><ele>82.4</ele></rtept><rtept lat="57.479103" lon="12.415103"><ele>82.2</ele></rtept><rtept lat="57.479122" lon="12.415162"><ele>82.4</ele></rtept><rtept lat="57.479142" lon="12.415195"><ele>82.0</ele></rtept><rtept lat="57.47916" lon="12.415232"><ele>82.4</ele></rtept><rtept lat="57.479173" lon="12.41528"><ele>82.0</ele></rtept><rtept lat="57.47918" lon="12.415313"><ele>82.6</ele></rtept><rtept lat="57.479193" lon="12.415357"><ele>82.4</ele></rtept><rtept lat="57.479205" lon="12.415397"><ele>82.4</ele></rtept><rtept lat="57.479218" lon="12.41545"><ele>82.4</ele></rtept><rtept lat="57.479238" lon="12.415512"><ele>82.4</ele></rtept><rtept lat="57.479257" lon="12.41556"><ele>82.8</ele></rtept><rtept lat="57.479263" lon="12.415603"><ele>82.6</ele></rtept><rtept lat="57.479277" lon="12.415633"><ele>82.4</ele></rtept><rtept lat="57.479295" lon="12.41567"><ele>82.8</ele></rtept><rtept lat="57.479315" lon="12.415708"><ele>82.6</ele></rtept><rtept lat="57.479333" lon="12.415748"><ele>82.8</ele></rtept><rtept lat="57.479353" lon="12.415782"><ele>83.0</ele></rtept><rtept lat="57.479372" lon="12.415805"><ele>82.8</ele></rtept><rtept lat="57.479398" lon="12.41583"><ele>83.2</ele></rtept><rtept lat="57.479417" lon="12.415855"><ele>83.2</ele></rtept><rtept lat="57.479437" lon="12.415875"><ele>83.0</ele></rtept><rtept lat="57.479462" lon="12.415903"><ele>83.4</ele></rtept><rtept lat="57.47948" lon="12.415928"><ele>83.2</ele></rtept><rtept lat="57.4795" lon="12.415947"><ele>82.8</ele></rtept><rtept lat="57.479532" lon="12.415973"><ele>83.0</ele></rtept><rtept lat="57.479558" lon="12.415988"><ele>82.8</ele></rtept><rtept lat="57.479597" lon="12.416"><ele>83.0</ele></rtept><rtept lat="57.479622" lon="12.416007"><ele>83.2</ele></rtept><rtept lat="57.479647" lon="12.416018"><ele>83.0</ele></rtept><rtept lat="57.479673" lon="12.416028"><ele>83.2</ele></rtept><rtept lat="57.479698" lon="12.416048"><ele>83.0</ele></rtept><rtept lat="57.47973" lon="12.416062"><ele>82.8</ele></rtept><rtept lat="57.479757" lon="12.416072"><ele>83.4</ele></rtept><rtept lat="57.479775" lon="12.416077"><ele>83.2</ele></rtept><rtept lat="57.479807" lon="12.416085"><ele>82.8</ele></rtept><rtept lat="57.479833" lon="12.416092"><ele>83.0</ele></rtept><rtept lat="57.479858" lon="12.4161"><ele>82.8</ele></rtept><rtept lat="57.479897" lon="12.416115"><ele>83.0</ele></rtept><rtept lat="57.479935" lon="12.416125"><ele>82.8</ele></rtept><rtept lat="57.479973" lon="12.416145"><ele>82.6</ele></rtept><rtept lat="57.480005" lon="12.416155"><ele>83.2</ele></rtept><rtept lat="57.480032" lon="12.416162"><ele>82.8</ele></rtept><rtept lat="57.480063" lon="12.41618"><ele>82.8</ele></rtept><rtept lat="57.480088" lon="12.416205"><ele>83.0</ele></rtept><rtept lat="57.480115" lon="12.41623"><ele>83.0</ele></rtept><rtept lat="57.480147" lon="12.416257"><ele>83.4</ele></rtept><rtept lat="57.480172" lon="12.416297"><ele>83.6</ele></rtept><rtept lat="57.480185" lon="12.416328"><ele>83.2</ele></rtept><rtept lat="57.480203" lon="12.41636"><ele>83.6</ele></rtept><rtept lat="57.480217" lon="12.416398"><ele>83.4</ele></rtept><rtept lat="57.480248" lon="12.416433"><ele>83.4</ele></rtept><rtept lat="57.480268" lon="12.41646"><ele>83.0</ele></rtept><rtept lat="57.480293" lon="12.4165"><ele>83.2</ele></rtept><rtept lat="57.480313" lon="12.416538"><ele>83.4</ele></rtept><rtept lat="57.480332" lon="12.416573"><ele>83.0</ele></rtept><rtept lat="57.480352" lon="12.416613"><ele>83.6</ele></rtept><rtept lat="57.480363" lon="12.41664"><ele>83.4</ele></rtept><rtept lat="57.480383" lon="12.416673"><ele>83.0</ele></rtept><rtept lat="57.480408" lon="12.41672"><ele>83.4</ele></rtept><rtept lat="57.480435" lon="12.416782"><ele>83.2</ele></rtept><rtept lat="57.480453" lon="12.416818"><ele>83.2</ele></rtept><rtept lat="57.480473" lon="12.416845"><ele>83.0</ele></rtept><rtept lat="57.480492" lon="12.416878"><ele>83.2</ele></rtept><rtept lat="57.480523" lon="12.41692"><ele>83.0</ele></rtept><rtept lat="57.480562" lon="12.41696"><ele>82.8</ele></rtept><rtept lat="57.480607" lon="12.41699"><ele>83.2</ele></rtept><rtept lat="57.480652" lon="12.417023"><ele>82.8</ele></rtept><rtept lat="57.480697" lon="12.41705"><ele>83.0</ele></rtept><rtept lat="57.480728" lon="12.417063"><ele>83.0</ele></rtept><rtept lat="57.4808" lon="12.417108"><ele>83.0</ele></rtept><rtept lat="57.480863" lon="12.41714"><ele>83.4</ele></rtept><rtept lat="57.480908" lon="12.417165"><ele>83.2</ele></rtept><rtept lat="57.48094" lon="12.417182"><ele>82.8</ele></rtept><rtept lat="57.48096" lon="12.417215"><ele>83.4</ele></rtept><rtept lat="57.480978" lon="12.417273"><ele>83.2</ele></rtept><rtept lat="57.481003" lon="12.417307"><ele>83.2</ele></rtept><rtept lat="57.481017" lon="12.417338"><ele>83.4</ele></rtept><rtept lat="57.48103" lon="12.417367"><ele>83.2</ele></rtept><rtept lat="57.481048" lon="12.417393"><ele>83.4</ele></rtept><rtept lat="57.481075" lon="12.417418"><ele>83.2</ele></rtept><rtept lat="57.481107" lon="12.417462"><ele>83.4</ele></rtept><rtept lat="57.481132" lon="12.417507"><ele>83.0</ele></rtept><rtept lat="57.481152" lon="12.41754"><ele>83.0</ele></rtept><rtept lat="57.481163" lon="12.41758"><ele>82.6</ele></rtept><rtept lat="57.481177" lon="12.41763"><ele>82.8</ele></rtept><rtept lat="57.48119" lon="12.417677"><ele>82.6</ele></rtept><rtept lat="57.481202" lon="12.417717"><ele>82.4</ele></rtept><rtept lat="57.481208" lon="12.41776"><ele>82.8</ele></rtept><rtept lat="57.481222" lon="12.4178"><ele>82.6</ele></rtept><rtept lat="57.481235" lon="12.41784"><ele>82.6</ele></rtept><rtept lat="57.48124" lon="12.417888"><ele>82.6</ele></rtept><rtept lat="57.48126" lon="12.417935"><ele>82.4</ele></rtept><rtept lat="57.48128" lon="12.417997"><ele>82.6</ele></rtept><rtept lat="57.481298" lon="12.418028"><ele>82.6</ele></rtept><rtept lat="57.481305" lon="12.418067"><ele>82.2</ele></rtept><rtept lat="57.481323" lon="12.418113"><ele>82.6</ele></rtept><rtept lat="57.481362" lon="12.41816"><ele>82.6</ele></rtept><rtept lat="57.481382" lon="12.418227"><ele>82.2</ele></rtept><rtept lat="57.48142" lon="12.418287"><ele>82.6</ele></rtept><rtept lat="57.481458" lon="12.418357"><ele>82.2</ele></rtept><rtept lat="57.481472" lon="12.41841"><ele>82.2</ele></rtept><rtept lat="57.481497" lon="12.418432"><ele>82.2</ele></rtept><rtept lat="57.481522" lon="12.418443"><ele>82.0</ele></rtept><rtept lat="57.481542" lon="12.418457"><ele>82.2</ele></rtept><rtept lat="57.481567" lon="12.41849"><ele>82.4</ele></rtept><rtept lat="57.481587" lon="12.418523"><ele>82.0</ele></rtept><rtept lat="57.481605" lon="12.418585"><ele>82.4</ele></rtept><rtept lat="57.481643" lon="12.418628"><ele>82.2</ele></rtept><rtept lat="57.481688" lon="12.418668"><ele>82.0</ele></rtept><rtept lat="57.481708" lon="12.418717"><ele>82.6</ele></rtept><rtept lat="57.481733" lon="12.418758"><ele>82.4</ele></rtept><rtept lat="57.481733" lon="12.418808"><ele>82.0</ele></rtept><rtept lat="57.481765" lon="12.41886"><ele>82.4</ele></rtept><rtept lat="57.481778" lon="12.418918"><ele>82.6</ele></rtept><rtept lat="57.481798" lon="12.41895"><ele>82.6</ele></rtept><rtept lat="57.481823" lon="12.418998"><ele>82.4</ele></rtept><rtept lat="57.481837" lon="12.419032"><ele>82.8</ele></rtept><rtept lat="57.481855" lon="12.419083"><ele>82.6</ele></rtept><rtept lat="57.481837" lon="12.419107"><ele>83.0</ele></rtept><rtept lat="57.481842" lon="12.419143"><ele>82.8</ele></rtept><rtept lat="57.481837" lon="12.41919"><ele>83.2</ele></rtept><rtept lat="57.481862" lon="12.41924"><ele>84.2</ele></rtept><rtept lat="57.48188" lon="12.41927"><ele>84.2</ele></rtept><rtept lat="57.481887" lon="12.419303"><ele>84.8</ele></rtept><rtept lat="57.4819" lon="12.419335"><ele>85.0</ele></rtept><rtept lat="57.48192" lon="12.419375"><ele>84.8</ele></rtept><rtept lat="57.481938" lon="12.41942"><ele>85.2</ele></rtept><rtept lat="57.481952" lon="12.419453"><ele>85.4</ele></rtept><rtept lat="57.48197" lon="12.419513"><ele>85.6</ele></rtept><rtept lat="57.481983" lon="12.419543"><ele>85.2</ele></rtept><rtept lat="57.482002" lon="12.419587"><ele>85.2</ele></rtept><rtept lat="57.482022" lon="12.419632"><ele>85.4</ele></rtept><rtept lat="57.482035" lon="12.419662"><ele>85.0</ele></rtept><rtept lat="57.482053" lon="12.4197"><ele>85.2</ele></rtept><rtept lat="57.482073" lon="12.41975"><ele>85.2</ele></rtept><rtept lat="57.482098" lon="12.419803"><ele>85.4</ele></rtept><rtept lat="57.482118" lon="12.41984"><ele>85.4</ele></rtept><rtept lat="57.482137" lon="12.419857"><ele>85.2</ele></rtept><rtept lat="57.482157" lon="12.419888"><ele>85.8</ele></rtept><rtept lat="57.482175" lon="12.419913"><ele>85.6</ele></rtept><rtept lat="57.482182" lon="12.41997"><ele>85.8</ele></rtept><rtept lat="57.482182" lon="12.420005"><ele>85.8</ele></rtept><rtept lat="57.482195" lon="12.420047"><ele>85.4</ele></rtept><rtept lat="57.4822" lon="12.420083"><ele>86.0</ele></rtept><rtept lat="57.482213" lon="12.420113"><ele>85.8</ele></rtept><rtept lat="57.482233" lon="12.42016"><ele>86.2</ele></rtept><rtept lat="57.482252" lon="12.420182"><ele>86.0</ele></rtept><rtept lat="57.482272" lon="12.420202"><ele>86.4</ele></rtept><rtept lat="57.48229" lon="12.420227"><ele>86.2</ele></rtept><rtept lat="57.482303" lon="12.420253"><ele>86.8</ele></rtept><rtept lat="57.482317" lon="12.420288"><ele>86.8</ele></rtept><rtept lat="57.482342" lon="12.420332"><ele>87.4</ele></rtept><rtept lat="57.482373" lon="12.420372"><ele>87.4</ele></rtept><rtept lat="57.482387" lon="12.420412"><ele>88.0</ele></rtept><rtept lat="57.4824" lon="12.420445"><ele>88.0</ele></rtept><rtept lat="57.482418" lon="12.42047"><ele>87.8</ele></rtept><rtept lat="57.48245" lon="12.42051"><ele>88.2</ele></rtept><rtept lat="57.482477" lon="12.420557"><ele>88.2</ele></rtept><rtept lat="57.482495" lon="12.420578"><ele>87.8</ele></rtept><rtept lat="57.482515" lon="12.4206"><ele>88.4</ele></rtept><rtept lat="57.482533" lon="12.420613"><ele>88.2</ele></rtept><rtept lat="57.482553" lon="12.420638"><ele>87.8</ele></rtept><rtept lat="57.482578" lon="12.420668"><ele>88.2</ele></rtept><rtept lat="57.48261" lon="12.4207"><ele>88.0</ele></rtept><rtept lat="57.482642" lon="12.420742"><ele>88.0</ele></rtept><rtept lat="57.482668" lon="12.42077"><ele>88.0</ele></rtept><rtept lat="57.482687" lon="12.420795"><ele>87.6</ele></rtept><rtept lat="57.482713" lon="12.420813"><ele>88.0</ele></rtept><rtept lat="57.482732" lon="12.420842"><ele>87.6</ele></rtept><rtept lat="57.482758" lon="12.42088"><ele>87.6</ele></rtept><rtept lat="57.48279" lon="12.420918"><ele>87.6</ele></rtept><rtept lat="57.482822" lon="12.42096"><ele>87.8</ele></rtept><rtept lat="57.482853" lon="12.421002"><ele>87.8</ele></rtept><rtept lat="57.482867" lon="12.421027"><ele>88.4</ele></rtept><rtept lat="57.482885" lon="12.421057"><ele>88.2</ele></rtept><rtept lat="57.482905" lon="12.421082"><ele>88.0</ele></rtept><rtept lat="57.482923" lon="12.421098"><ele>88.4</ele></rtept><rtept lat="57.48295" lon="12.421117"><ele>88.2</ele></rtept><rtept lat="57.482968" lon="12.421138"><ele>88.4</ele></rtept><rtept lat="57.482995" lon="12.421172"><ele>88.6</ele></rtept><rtept lat="57.483027" lon="12.4212"><ele>88.2</ele></rtept><rtept lat="57.483045" lon="12.421223"><ele>88.8</ele></rtept><rtept lat="57.483065" lon="12.421255"><ele>88.8</ele></rtept><rtept lat="57.48309" lon="12.42129"><ele>88.6</ele></rtept><rtept lat="57.48311" lon="12.421333"><ele>89.0</ele></rtept><rtept lat="57.483135" lon="12.421368"><ele>88.8</ele></rtept><rtept lat="57.483155" lon="12.42141"><ele>89.4</ele></rtept><rtept lat="57.483187" lon="12.421455"><ele>89.4</ele></rtept><rtept lat="57.483218" lon="12.421495"><ele>89.4</ele></rtept><rtept lat="57.483243" lon="12.421538"><ele>90.2</ele></rtept><rtept lat="57.483277" lon="12.421587"><ele>90.4</ele></rtept><rtept lat="57.483308" lon="12.421652"><ele>90.4</ele></rtept><rtept lat="57.483365" lon="12.421693"><ele>90.4</ele></rtept><rtept lat="57.48343" lon="12.421712"><ele>90.4</ele></rtept><rtept lat="57.483468" lon="12.42171"><ele>90.8</ele></rtept><rtept lat="57.483507" lon="12.4217"><ele>90.8</ele></rtept><rtept lat="57.483552" lon="12.421707"><ele>90.8</ele></rtept><rtept lat="57.483577" lon="12.421732"><ele>91.4</ele></rtept><rtept lat="57.483597" lon="12.421755"><ele>91.4</ele></rtept><rtept lat="57.483622" lon="12.421782"><ele>91.6</ele></rtept><rtept lat="57.483653" lon="12.421817"><ele>91.8</ele></rtept><rtept lat="57.483667" lon="12.421847"><ele>91.6</ele></rtept><rtept lat="57.483685" lon="12.421887"><ele>92.2</ele></rtept><rtept lat="57.483705" lon="12.421928"><ele>92.0</ele></rtept><rtept lat="57.483743" lon="12.421983"><ele>92.0</ele></rtept><rtept lat="57.483762" lon="12.422018"><ele>92.2</ele></rtept><rtept lat="57.483782" lon="12.422048"><ele>92.2</ele></rtept><rtept lat="57.483807" lon="12.422073"><ele>92.0</ele></rtept><rtept lat="57.48382" lon="12.422105"><ele>92.2</ele></rtept><rtept lat="57.483827" lon="12.42216"><ele>92.2</ele></rtept><rtept lat="57.483878" lon="12.422188"><ele>92.0</ele></rtept><rtept lat="57.483903" lon="12.422222"><ele>91.8</ele></rtept><rtept lat="57.483922" lon="12.42226"><ele>92.0</ele></rtept><rtept lat="57.483942" lon="12.42228"><ele>91.8</ele></rtept><rtept lat="57.483967" lon="12.422263"><ele>92.2</ele></rtept><rtept lat="57.484018" lon="12.422332"><ele>92.0</ele></rtept><rtept lat="57.484043" lon="12.422392"><ele>92.4</ele></rtept><rtept lat="57.484077" lon="12.422427"><ele>92.2</ele></rtept><rtept lat="57.48407" lon="12.42246"><ele>92.0</ele></rtept><rtept lat="57.48407" lon="12.422502"><ele>92.0</ele></rtept><rtept lat="57.484095" lon="12.42253"><ele>92.4</ele></rtept><rtept lat="57.484108" lon="12.422555"><ele>92.6</ele></rtept><rtept lat="57.484108" lon="12.422595"><ele>92.6</ele></rtept><rtept lat="57.484127" lon="12.422628"><ele>92.6</ele></rtept><rtept lat="57.484147" lon="12.422645"><ele>92.6</ele></rtept><rtept lat="57.484165" lon="12.422668"><ele>93.0</ele></rtept><rtept lat="57.484192" lon="12.422715"><ele>92.2</ele></rtept><rtept lat="57.484198" lon="12.422773"><ele>92.8</ele></rtept><rtept lat="57.484198" lon="12.422828"><ele>92.8</ele></rtept><rtept lat="57.484217" lon="12.422862"><ele>92.6</ele></rtept><rtept lat="57.484242" lon="12.4229"><ele>92.8</ele></rtept><rtept lat="57.484262" lon="12.422932"><ele>92.8</ele></rtept><rtept lat="57.484287" lon="12.42296"><ele>92.6</ele></rtept><rtept lat="57.484307" lon="12.422993"><ele>93.0</ele></rtept><rtept lat="57.484338" lon="12.423013"><ele>92.8</ele></rtept><rtept lat="57.484358" lon="12.423037"><ele>92.4</ele></rtept><rtept lat="57.484383" lon="12.423053"><ele>92.8</ele></rtept><rtept lat="57.484415" lon="12.423087"><ele>92.4</ele></rtept><rtept lat="57.48444" lon="12.423113"><ele>92.8</ele></rtept><rtept lat="57.484467" lon="12.42314"><ele>92.8</ele></rtept><rtept lat="57.484485" lon="12.423172"><ele>92.6</ele></rtept><rtept lat="57.484512" lon="12.423198"><ele>93.0</ele></rtept><rtept lat="57.484543" lon="12.42322"><ele>93.0</ele></rtept><rtept lat="57.484568" lon="12.423258"><ele>92.8</ele></rtept><rtept lat="57.484595" lon="12.42328"><ele>93.2</ele></rtept><rtept lat="57.48462" lon="12.42332"><ele>93.0</ele></rtept><rtept lat="57.484633" lon="12.42335"><ele>93.2</ele></rtept><rtept lat="57.484652" lon="12.42338"><ele>93.0</ele></rtept><rtept lat="57.484665" lon="12.423415"><ele>93.6</ele></rtept><rtept lat="57.484678" lon="12.423443"><ele>94.0</ele></rtept><rtept lat="57.48469" lon="12.42347"><ele>93.8</ele></rtept><rtept lat="57.484703" lon="12.423513"><ele>94.0</ele></rtept><rtept lat="57.484735" lon="12.423558"><ele>93.8</ele></rtept><rtept lat="57.484755" lon="12.423588"><ele>94.0</ele></rtept><rtept lat="57.484773" lon="12.423628"><ele>94.4</ele></rtept><rtept lat="57.484787" lon="12.423667"><ele>94.4</ele></rtept><rtept lat="57.484793" lon="12.423707"><ele>94.8</ele></rtept><rtept lat="57.4848" lon="12.42374"><ele>94.8</ele></rtept><rtept lat="57.484805" lon="12.423782"><ele>94.8</ele></rtept><rtept lat="57.484818" lon="12.423818"><ele>95.4</ele></rtept><rtept lat="57.484838" lon="12.423882"><ele>95.6</ele></rtept><rtept lat="57.484857" lon="12.423917"><ele>96.2</ele></rtept><rtept lat="57.484877" lon="12.423952"><ele>96.2</ele></rtept><rtept lat="57.484902" lon="12.42399"><ele>96.2</ele></rtept><rtept lat="57.484927" lon="12.42402"><ele>96.8</ele></rtept><rtept lat="57.484953" lon="12.42404"><ele>96.6</ele></rtept><rtept lat="57.484998" lon="12.424045"><ele>97.0</ele></rtept><rtept lat="57.485037" lon="12.424048"><ele>97.4</ele></rtept><rtept lat="57.485075" lon="12.42405"><ele>97.2</ele></rtept><rtept lat="57.4851" lon="12.424063"><ele>97.6</ele></rtept><rtept lat="57.485138" lon="12.424083"><ele>97.6</ele></rtept><rtept lat="57.48517" lon="12.424103"><ele>97.6</ele></rtept><rtept lat="57.485215" lon="12.424123"><ele>97.8</ele></rtept><rtept lat="57.48526" lon="12.424158"><ele>97.8</ele></rtept><rtept lat="57.485312" lon="12.42422"><ele>97.6</ele></rtept><rtept lat="57.485357" lon="12.424273"><ele>97.8</ele></rtept><rtept lat="57.485388" lon="12.424323"><ele>97.6</ele></rtept><rtept lat="57.48542" lon="12.424387"><ele>97.8</ele></rtept><rtept lat="57.48544" lon="12.424437"><ele>98.0</ele></rtept><rtept lat="57.485472" lon="12.424478"><ele>97.8</ele></rtept><rtept lat="57.485458" lon="12.424517"><ele>98.2</ele></rtept><rtept lat="57.485458" lon="12.424562"><ele>98.0</ele></rtept><rtept lat="57.48544" lon="12.4246"><ele>98.0</ele></rtept><rtept lat="57.485458" lon="12.424622"><ele>98.2</ele></rtept><rtept lat="57.485478" lon="12.424675"><ele>98.6</ele></rtept><rtept lat="57.485503" lon="12.424695"><ele>98.4</ele></rtept><rtept lat="57.485522" lon="12.424717"><ele>98.8</ele></rtept><rtept lat="57.485535" lon="12.424763"><ele>99.2</ele></rtept><rtept lat="57.485548" lon="12.42481"><ele>99.4</ele></rtept><rtept lat="57.485567" lon="12.424853"><ele>99.6</ele></rtept><rtept lat="57.485587" lon="12.424898"><ele>99.8</ele></rtept><rtept lat="57.485605" lon="12.424942"><ele>100.0</ele></rtept><rtept lat="57.485612" lon="12.42498"><ele>100.2</ele></rtept><rtept lat="57.485632" lon="12.425012"><ele>100.2</ele></rtept><rtept lat="57.48567" lon="12.425048"><ele>100.2</ele></rtept><rtept lat="57.485688" lon="12.425107"><ele>100.2</ele></rtept><rtept lat="57.485708" lon="12.425132"><ele>100.4</ele></rtept><rtept lat="57.48572" lon="12.42516"><ele>100.4</ele></rtept><rtept lat="57.485733" lon="12.425207"><ele>100.4</ele></rtept><rtept lat="57.485747" lon="12.425258"><ele>100.4</ele></rtept><rtept lat="57.48576" lon="12.4253"><ele>100.4</ele></rtept><rtept lat="57.485765" lon="12.425332"><ele>100.6</ele></rtept><rtept lat="57.485772" lon="12.425367"><ele>100.6</ele></rtept><rtept lat="57.485785" lon="12.425407"><ele>100.8</ele></rtept><rtept lat="57.485785" lon="12.425452"><ele>100.8</ele></rtept><rtept lat="57.485792" lon="12.425488"><ele>101.0</ele></rtept><rtept lat="57.48581" lon="12.425517"><ele>101.0</ele></rtept><rtept lat="57.48583" lon="12.425555"><ele>101.2</ele></rtept><rtept lat="57.485842" lon="12.425588"><ele>101.4</ele></rtept><rtept lat="57.485868" lon="12.425603"><ele>100.8</ele></rtept><rtept lat="57.485893" lon="12.425615"><ele>101.2</ele></rtept><rtept lat="57.485913" lon="12.425623"><ele>100.8</ele></rtept><rtept lat="57.485945" lon="12.425635"><ele>100.8</ele></rtept><rtept lat="57.485977" lon="12.425668"><ele>100.8</ele></rtept><rtept lat="57.485997" lon="12.425693"><ele>101.4</ele></rtept><rtept lat="57.486028" lon="12.425727"><ele>101.6</ele></rtept><rtept lat="57.486053" lon="12.425747"><ele>101.8</ele></rtept><rtept lat="57.486073" lon="12.425748"><ele>102.2</ele></rtept><rtept lat="57.486105" lon="12.425782"><ele>102.4</ele></rtept><rtept lat="57.486118" lon="12.425833"><ele>102.8</ele></rtept><rtept lat="57.486123" lon="12.425873"><ele>102.6</ele></rtept><rtept lat="57.486143" lon="12.425925"><ele>103.0</ele></rtept><rtept lat="57.486143" lon="12.425977"><ele>103.0</ele></rtept><rtept lat="57.48615" lon="12.426025"><ele>103.0</ele></rtept><rtept lat="57.486162" lon="12.426075"><ele>103.2</ele></rtept><rtept lat="57.486168" lon="12.42612"><ele>103.0</ele></rtept><rtept lat="57.486182" lon="12.426163"><ele>103.2</ele></rtept><rtept lat="57.486188" lon="12.426203"><ele>103.4</ele></rtept><rtept lat="57.486207" lon="12.426235"><ele>103.4</ele></rtept><rtept lat="57.486227" lon="12.426278"><ele>103.6</ele></rtept><rtept lat="57.486252" lon="12.426328"><ele>103.8</ele></rtept><rtept lat="57.486265" lon="12.426362"><ele>103.6</ele></rtept><rtept lat="57.486272" lon="12.426402"><ele>103.6</ele></rtept><rtept lat="57.486272" lon="12.426452"><ele>104.0</ele></rtept><rtept lat="57.486278" lon="12.426502"><ele>104.0</ele></rtept><rtept lat="57.486283" lon="12.426552"><ele>104.0</ele></rtept><rtept lat="57.48629" lon="12.426593"><ele>104.2</ele></rtept><rtept lat="57.48631" lon="12.426637"><ele>104.0</ele></rtept><rtept lat="57.486322" lon="12.426667"><ele>104.2</ele></rtept><rtept lat="57.486342" lon="12.426682"><ele>104.2</ele></rtept><rtept lat="57.486367" lon="12.426695"><ele>104.0</ele></rtept><rtept lat="57.486393" lon="12.426705"><ele>104.2</ele></rtept><rtept lat="57.486418" lon="12.42672"><ele>104.0</ele></rtept><rtept lat="57.486443" lon="12.426737"><ele>103.8</ele></rtept><rtept lat="57.486463" lon="12.42676"><ele>104.0</ele></rtept><rtept lat="57.486488" lon="12.426782"><ele>104.0</ele></rtept><rtept lat="57.486508" lon="12.426805"><ele>103.6</ele></rtept><rtept lat="57.48654" lon="12.426823"><ele>104.0</ele></rtept><rtept lat="57.48656" lon="12.426832"><ele>103.6</ele></rtept><rtept lat="57.486578" lon="12.42684"><ele>103.8</ele></rtept><rtept lat="57.486617" lon="12.426875"><ele>103.6</ele></rtept><rtept lat="57.48663" lon="12.426903"><ele>104.0</ele></rtept><rtept lat="57.486648" lon="12.426928"><ele>103.8</ele></rtept><rtept lat="57.486668" lon="12.426948"><ele>103.6</ele></rtept><rtept lat="57.4867" lon="12.426973"><ele>104.0</ele></rtept><rtept lat="57.486738" lon="12.42699"><ele>103.8</ele></rtept><rtept lat="57.48677" lon="12.427"><ele>104.0</ele></rtept><rtept lat="57.486797" lon="12.427008"><ele>104.0</ele></rtept><rtept lat="57.486815" lon="12.427022"><ele>103.8</ele></rtept><rtept lat="57.48684" lon="12.427048"><ele>104.2</ele></rtept><rtept lat="57.486867" lon="12.427063"><ele>104.2</ele></rtept><rtept lat="57.486898" lon="12.427087"><ele>104.6</ele></rtept><rtept lat="57.486923" lon="12.427098"><ele>104.6</ele></rtept><rtept lat="57.48695" lon="12.427098"><ele>104.6</ele></rtept><rtept lat="57.486975" lon="12.4271"><ele>105.0</ele></rtept><rtept lat="57.487" lon="12.427102"><ele>104.8</ele></rtept><rtept lat="57.487027" lon="12.427108"><ele>104.8</ele></rtept><rtept lat="57.487045" lon="12.427118"><ele>105.2</ele></rtept><rtept lat="57.487065" lon="12.427128"><ele>105.2</ele></rtept><rtept lat="57.487097" lon="12.427148"><ele>105.4</ele></rtept><rtept lat="57.487122" lon="12.427162"><ele>105.6</ele></rtept><rtept lat="57.487142" lon="12.427173"><ele>105.4</ele></rtept><rtept lat="57.48716" lon="12.427177"><ele>105.6</ele></rtept><rtept lat="57.48718" lon="12.427178"><ele>105.6</ele></rtept><rtept lat="57.487205" lon="12.42718"><ele>105.6</ele></rtept><rtept lat="57.487232" lon="12.42718"><ele>106.0</ele></rtept><rtept lat="57.487257" lon="12.42718"><ele>106.2</ele></rtept><rtept lat="57.487282" lon="12.427177"><ele>106.0</ele></rtept><rtept lat="57.487302" lon="12.427193"><ele>106.6</ele></rtept><rtept lat="57.487333" lon="12.427207"><ele>106.4</ele></rtept><rtept lat="57.487353" lon="12.427232"><ele>106.6</ele></rtept><rtept lat="57.487372" lon="12.427253"><ele>107.0</ele></rtept><rtept lat="57.487385" lon="12.427287"><ele>106.8</ele></rtept><rtept lat="57.487398" lon="12.427325"><ele>107.0</ele></rtept><rtept lat="57.487423" lon="12.42737"><ele>107.2</ele></rtept><rtept lat="57.487442" lon="12.4274"><ele>107.0</ele></rtept><rtept lat="57.487475" lon="12.427438"><ele>107.4</ele></rtept><rtept lat="57.4875" lon="12.427457"><ele>107.4</ele></rtept><rtept lat="57.48752" lon="12.427462"><ele>107.2</ele></rtept><rtept lat="57.487545" lon="12.427478"><ele>107.6</ele></rtept><rtept lat="57.487577" lon="12.42751"><ele>107.4</ele></rtept><rtept lat="57.487597" lon="12.42754"><ele>107.2</ele></rtept><rtept lat="57.487615" lon="12.427568"><ele>107.4</ele></rtept><rtept lat="57.48764" lon="12.427623"><ele>107.2</ele></rtept><rtept lat="57.487667" lon="12.427645"><ele>107.4</ele></rtept><rtept lat="57.487692" lon="12.427657"><ele>107.4</ele></rtept><rtept lat="57.487712" lon="12.427668"><ele>107.8</ele></rtept><rtept lat="57.487737" lon="12.42769"><ele>107.8</ele></rtept><rtept lat="57.487762" lon="12.427715"><ele>107.6</ele></rtept><rtept lat="57.487782" lon="12.427745"><ele>108.0</ele></rtept><rtept lat="57.487807" lon="12.427778"><ele>107.8</ele></rtept><rtept lat="57.48782" lon="12.427807"><ele>107.8</ele></rtept><rtept lat="57.48784" lon="12.427828"><ele>108.2</ele></rtept><rtept lat="57.487872" lon="12.427863"><ele>108.0</ele></rtept><rtept lat="57.48789" lon="12.427878"><ele>108.6</ele></rtept><rtept lat="57.48791" lon="12.427887"><ele>108.6</ele></rtept><rtept lat="57.487928" lon="12.427898"><ele>108.6</ele></rtept><rtept lat="57.487955" lon="12.427907"><ele>109.2</ele></rtept><rtept lat="57.487987" lon="12.427918"><ele>109.2</ele></rtept><rtept lat="57.488018" lon="12.427928"><ele>108.8</ele></rtept><rtept lat="57.48805" lon="12.427933"><ele>109.2</ele></rtept><rtept lat="57.488077" lon="12.427942"><ele>109.0</ele></rtept><rtept lat="57.488102" lon="12.427953"><ele>108.6</ele></rtept><rtept lat="57.488127" lon="12.427953"><ele>108.8</ele></rtept><rtept lat="57.488153" lon="12.427942"><ele>108.4</ele></rtept><rtept lat="57.488172" lon="12.427922"><ele>107.8</ele></rtept><rtept lat="57.488192" lon="12.427898"><ele>108.2</ele></rtept><rtept lat="57.48821" lon="12.427872"><ele>107.8</ele></rtept><rtept lat="57.48823" lon="12.427847"><ele>107.4</ele></rtept><rtept lat="57.488248" lon="12.427812"><ele>107.6</ele></rtept><rtept lat="57.488268" lon="12.427775"><ele>107.4</ele></rtept><rtept lat="57.488287" lon="12.427742"><ele>107.0</ele></rtept><rtept lat="57.488307" lon="12.427705"><ele>107.2</ele></rtept><rtept lat="57.488325" lon="12.427663"><ele>106.6</ele></rtept><rtept lat="57.488352" lon="12.42764"><ele>106.6</ele></rtept><rtept lat="57.488377" lon="12.42763"><ele>106.6</ele></rtept><rtept lat="57.488402" lon="12.427625"><ele>106.6</ele></rtept><rtept lat="57.488428" lon="12.42762"><ele>107.2</ele></rtept><rtept lat="57.488453" lon="12.427608"><ele>107.2</ele></rtept><rtept lat="57.488473" lon="12.42758"><ele>107.0</ele></rtept><rtept lat="57.488498" lon="12.427563"><ele>107.0</ele></rtept><rtept lat="57.488518" lon="12.42756"><ele>106.8</ele></rtept><rtept lat="57.488543" lon="12.427563"><ele>106.6</ele></rtept><rtept lat="57.488562" lon="12.427573"><ele>106.6</ele></rtept><rtept lat="57.488595" lon="12.427605"><ele>106.6</ele></rtept><rtept lat="57.488613" lon="12.42763"><ele>106.4</ele></rtept><rtept lat="57.488613" lon="12.427668"><ele>106.0</ele></rtept><rtept lat="57.48862" lon="12.427705"><ele>106.6</ele></rtept><rtept lat="57.488627" lon="12.427743"><ele>106.4</ele></rtept><rtept lat="57.488645" lon="12.427773"><ele>106.6</ele></rtept><rtept lat="57.488665" lon="12.42779"><ele>106.8</ele></rtept><rtept lat="57.488683" lon="12.4278"><ele>106.6</ele></rtept><rtept lat="57.48871" lon="12.427812"><ele>106.8</ele></rtept><rtept lat="57.488735" lon="12.427818"><ele>106.8</ele></rtept><rtept lat="57.488767" lon="12.427828"><ele>106.6</ele></rtept><rtept lat="57.488793" lon="12.427843"><ele>107.0</ele></rtept><rtept lat="57.488825" lon="12.427862"><ele>107.0</ele></rtept><rtept lat="57.48885" lon="12.42788"><ele>106.6</ele></rtept><rtept lat="57.488882" lon="12.427893"><ele>107.0</ele></rtept><rtept lat="57.488908" lon="12.427907"><ele>107.0</ele></rtept><rtept lat="57.48894" lon="12.427922"><ele>107.0</ele></rtept><rtept lat="57.488992" lon="12.427927"><ele>106.8</ele></rtept><rtept lat="57.489023" lon="12.42794"><ele>107.0</ele></rtept><rtept lat="57.489048" lon="12.427957"><ele>106.6</ele></rtept><rtept lat="57.48908" lon="12.427973"><ele>106.8</ele></rtept><rtept lat="57.489107" lon="12.428005"><ele>106.8</ele></rtept><rtept lat="57.489132" lon="12.428025"><ele>106.6</ele></rtept><rtept lat="57.489152" lon="12.428045"><ele>107.0</ele></rtept><rtept lat="57.48917" lon="12.42807"><ele>106.8</ele></rtept><rtept lat="57.489183" lon="12.428098"><ele>106.8</ele></rtept><rtept lat="57.489197" lon="12.428138"><ele>107.0</ele></rtept><rtept lat="57.489202" lon="12.428183"><ele>106.8</ele></rtept><rtept lat="57.489208" lon="12.428223"><ele>107.2</ele></rtept><rtept lat="57.489222" lon="12.42828"><ele>107.4</ele></rtept><rtept lat="57.489228" lon="12.428313"><ele>107.6</ele></rtept><rtept lat="57.489247" lon="12.428343"><ele>107.4</ele></rtept><rtept lat="57.48926" lon="12.428395"><ele>107.8</ele></rtept><rtept lat="57.48928" lon="12.428445"><ele>108.4</ele></rtept><rtept lat="57.489285" lon="12.428487"><ele>108.4</ele></rtept><rtept lat="57.489292" lon="12.428523"><ele>108.2</ele></rtept><rtept lat="57.489305" lon="12.428577"><ele>108.8</ele></rtept><rtept lat="57.489312" lon="12.428622"><ele>109.2</ele></rtept><rtept lat="57.48933" lon="12.428682"><ele>108.6</ele></rtept><rtept lat="57.48933" lon="12.428732"><ele>109.2</ele></rtept><rtept lat="57.489343" lon="12.428758"><ele>109.0</ele></rtept><rtept lat="57.48935" lon="12.428815"><ele>109.6</ele></rtept><rtept lat="57.489362" lon="12.428842"><ele>109.8</ele></rtept><rtept lat="57.489388" lon="12.42891"><ele>110.0</ele></rtept><rtept lat="57.489407" lon="12.428943"><ele>110.2</ele></rtept><rtept lat="57.48942" lon="12.42897"><ele>110.2</ele></rtept><rtept lat="57.48944" lon="12.428983"><ele>110.0</ele></rtept><rtept lat="57.489458" lon="12.429003"><ele>110.4</ele></rtept><rtept lat="57.489483" lon="12.429038"><ele>110.0</ele></rtept><rtept lat="57.48951" lon="12.429078"><ele>110.0</ele></rtept><rtept lat="57.489535" lon="12.42912"><ele>110.2</ele></rtept><rtept lat="57.489548" lon="12.429155"><ele>110.2</ele></rtept><rtept lat="57.48956" lon="12.429183"><ele>110.0</ele></rtept><rtept lat="57.48958" lon="12.429207"><ele>110.0</ele></rtept><rtept lat="57.4896" lon="12.42922"><ele>110.2</ele></rtept><rtept lat="57.489625" lon="12.429233"><ele>110.2</ele></rtept><rtept lat="57.48965" lon="12.429263"><ele>110.4</ele></rtept><rtept lat="57.48967" lon="12.429298"><ele>110.4</ele></rtept><rtept lat="57.489677" lon="12.429332"><ele>110.4</ele></rtept><rtept lat="57.489688" lon="12.42936"><ele>110.8</ele></rtept><rtept lat="57.489688" lon="12.429398"><ele>110.6</ele></rtept><rtept lat="57.489695" lon="12.42944"><ele>110.6</ele></rtept><rtept lat="57.489702" lon="12.429485"><ele>111.0</ele></rtept><rtept lat="57.489708" lon="12.429518"><ele>111.0</ele></rtept><rtept lat="57.489727" lon="12.429545"><ele>111.2</ele></rtept><rtept lat="57.489747" lon="12.429575"><ele>111.2</ele></rtept><rtept lat="57.489778" lon="12.4296"><ele>111.2</ele></rtept><rtept lat="57.489803" lon="12.429645"><ele>111.8</ele></rtept><rtept lat="57.489837" lon="12.429688"><ele>111.6</ele></rtept><rtept lat="57.489868" lon="12.429743"><ele>111.6</ele></rtept><rtept lat="57.489907" lon="12.4298"><ele>112.2</ele></rtept><rtept lat="57.489938" lon="12.42987"><ele>112.2</ele></rtept><rtept lat="57.489963" lon="12.429913"><ele>112.2</ele></rtept><rtept lat="57.489977" lon="12.429942"><ele>112.6</ele></rtept><rtept lat="57.490002" lon="12.429973"><ele>112.4</ele></rtept><rtept lat="57.490028" lon="12.430013"><ele>112.2</ele></rtept><rtept lat="57.49004" lon="12.43004"><ele>112.4</ele></rtept><rtept lat="57.49006" lon="12.430058"><ele>112.2</ele></rtept><rtept lat="57.490085" lon="12.43008"><ele>111.8</ele></rtept><rtept lat="57.490098" lon="12.430107"><ele>112.0</ele></rtept><rtept lat="57.49013" lon="12.43013"><ele>111.6</ele></rtept><rtept lat="57.490162" lon="12.430142"><ele>111.2</ele></rtept><rtept lat="57.490182" lon="12.430133"><ele>111.2</ele></rtept><rtept lat="57.490227" lon="12.430142"><ele>111.4</ele></rtept><rtept lat="57.490252" lon="12.430147"><ele>111.2</ele></rtept><rtept lat="57.490278" lon="12.430155"><ele>111.2</ele></rtept><rtept lat="57.490322" lon="12.430133"><ele>111.2</ele></rtept><rtept lat="57.490355" lon="12.430122"><ele>111.2</ele></rtept><rtept lat="57.49038" lon="12.430118"><ele>111.0</ele></rtept><rtept lat="57.490412" lon="12.43014"><ele>111.0</ele></rtept><rtept lat="57.490438" lon="12.430177"><ele>111.2</ele></rtept><rtept lat="57.490457" lon="12.43019"><ele>111.0</ele></rtept><rtept lat="57.490477" lon="12.430197"><ele>110.8</ele></rtept><rtept lat="57.490495" lon="12.430195"><ele>111.0</ele></rtept><rtept lat="57.49052" lon="12.43019"><ele>111.0</ele></rtept><rtept lat="57.490553" lon="12.430212"><ele>110.8</ele></rtept><rtept lat="57.490572" lon="12.43024"><ele>111.0</ele></rtept><rtept lat="57.490598" lon="12.430255"><ele>110.6</ele></rtept><rtept lat="57.49063" lon="12.430258"><ele>110.6</ele></rtept><rtept lat="57.490655" lon="12.43026"><ele>110.4</ele></rtept><rtept lat="57.490675" lon="12.430265"><ele>110.6</ele></rtept><rtept lat="57.4907" lon="12.43028"><ele>110.6</ele></rtept><rtept lat="57.490738" lon="12.430285"><ele>111.2</ele></rtept><rtept lat="57.490763" lon="12.430287"><ele>111.2</ele></rtept><rtept lat="57.490797" lon="12.430292"><ele>111.4</ele></rtept><rtept lat="57.490822" lon="12.4303"><ele>111.2</ele></rtept><rtept lat="57.490853" lon="12.43032"><ele>111.8</ele></rtept><rtept lat="57.49084" lon="12.430345"><ele>112.4</ele></rtept><rtept lat="57.490873" lon="12.43035"><ele>113.2</ele></rtept><rtept lat="57.490898" lon="12.430357"><ele>113.4</ele></rtept><rtept lat="57.490923" lon="12.43036"><ele>113.6</ele></rtept><rtept lat="57.490943" lon="12.43035"><ele>114.4</ele></rtept><rtept lat="57.490962" lon="12.430363"><ele>115.2</ele></rtept><rtept lat="57.490988" lon="12.430357"><ele>116.6</ele></rtept><rtept lat="57.491007" lon="12.43035"><ele>117.2</ele></rtept><rtept lat="57.491027" lon="12.43036"><ele>117.4</ele></rtept><rtept lat="57.491052" lon="12.43038"><ele>118.2</ele></rtept><rtept lat="57.491078" lon="12.430397"><ele>118.6</ele></rtept><rtept lat="57.49111" lon="12.43041"><ele>119.0</ele></rtept><rtept lat="57.491128" lon="12.430408"><ele>119.2</ele></rtept><rtept lat="57.491148" lon="12.4304"><ele>119.6</ele></rtept><rtept lat="57.491173" lon="12.43039"><ele>119.8</ele></rtept><rtept lat="57.491193" lon="12.43039"><ele>120.0</ele></rtept><rtept lat="57.491232" lon="12.430403"><ele>120.2</ele></rtept><rtept lat="57.49125" lon="12.43041"><ele>120.6</ele></rtept><rtept lat="57.49127" lon="12.430413"><ele>121.0</ele></rtept><rtept lat="57.491295" lon="12.430417"><ele>120.8</ele></rtept><rtept lat="57.49132" lon="12.430418"><ele>121.0</ele></rtept><rtept lat="57.491353" lon="12.430425"><ele>121.2</ele></rtept><rtept lat="57.491372" lon="12.430435"><ele>121.0</ele></rtept><rtept lat="57.491392" lon="12.43044"><ele>121.2</ele></rtept><rtept lat="57.491417" lon="12.430445"><ele>121.4</ele></rtept><rtept lat="57.491442" lon="12.430457"><ele>121.2</ele></rtept><rtept lat="57.491462" lon="12.430463"><ele>121.2</ele></rtept><rtept lat="57.49148" lon="12.430438"><ele>121.0</ele></rtept><rtept lat="57.491487" lon="12.43037"><ele>121.0</ele></rtept><rtept lat="57.491513" lon="12.430317"><ele>120.4</ele></rtept><rtept lat="57.491525" lon="12.430242"><ele>120.4</ele></rtept><rtept lat="57.491532" lon="12.430207"><ele>120.2</ele></rtept><rtept lat="57.491525" lon="12.430158"><ele>120.2</ele></rtept><rtept lat="57.491532" lon="12.430113"><ele>120.0</ele></rtept><rtept lat="57.491545" lon="12.430067"><ele>119.6</ele></rtept><rtept lat="57.491558" lon="12.43004"><ele>119.8</ele></rtept><rtept lat="57.49157" lon="12.43"><ele>119.6</ele></rtept><rtept lat="57.491583" lon="12.429963"><ele>119.2</ele></rtept><rtept lat="57.49159" lon="12.429928"><ele>118.6</ele></rtept><rtept lat="57.491597" lon="12.429887"><ele>118.8</ele></rtept><rtept lat="57.491608" lon="12.429862"><ele>118.4</ele></rtept><rtept lat="57.491622" lon="12.429818"><ele>118.0</ele></rtept><rtept lat="57.491635" lon="12.429768"><ele>118.2</ele></rtept><rtept lat="57.491647" lon="12.429723"><ele>118.0</ele></rtept><rtept lat="57.49166" lon="12.429683"><ele>117.4</ele></rtept><rtept lat="57.491673" lon="12.42965"><ele>117.2</ele></rtept><rtept lat="57.491685" lon="12.429615"><ele>117.2</ele></rtept><rtept lat="57.491698" lon="12.429572"><ele>116.8</ele></rtept><rtept lat="57.491705" lon="12.429535"><ele>116.4</ele></rtept><rtept lat="57.49173" lon="12.429512"><ele>116.4</ele></rtept><rtept lat="57.49175" lon="12.429485"><ele>115.8</ele></rtept><rtept lat="57.491775" lon="12.429472"><ele>116.0</ele></rtept><rtept lat="57.4918" lon="12.429457"><ele>115.4</ele></rtept><rtept lat="57.491827" lon="12.429452"><ele>115.2</ele></rtept><rtept lat="57.491852" lon="12.429442"><ele>115.4</ele></rtept><rtept lat="57.491878" lon="12.429397"><ele>115.2</ele></rtept><rtept lat="57.491878" lon="12.429337"><ele>115.4</ele></rtept><rtept lat="57.491865" lon="12.429303"><ele>115.2</ele></rtept><rtept lat="57.491858" lon="12.42926"><ele>115.4</ele></rtept><rtept lat="57.491858" lon="12.429222"><ele>115.4</ele></rtept><rtept lat="57.491858" lon="12.429182"><ele>115.2</ele></rtept><rtept lat="57.491865" lon="12.429135"><ele>115.0</ele></rtept><rtept lat="57.491883" lon="12.429095"><ele>115.2</ele></rtept><rtept lat="57.491897" lon="12.42905"><ele>114.8</ele></rtept><rtept lat="57.49191" lon="12.429017"><ele>114.8</ele></rtept><rtept lat="57.491928" lon="12.428978"><ele>114.8</ele></rtept><rtept lat="57.49196" lon="12.428943"><ele>114.6</ele></rtept><rtept lat="57.491967" lon="12.428892"><ele>114.0</ele></rtept><rtept lat="57.491973" lon="12.42884"><ele>114.0</ele></rtept><rtept lat="57.49198" lon="12.4288"><ele>113.8</ele></rtept><rtept lat="57.49198" lon="12.428745"><ele>113.8</ele></rtept><rtept lat="57.491973" lon="12.428707"><ele>113.6</ele></rtept><rtept lat="57.491967" lon="12.428667"><ele>113.2</ele></rtept><rtept lat="57.49196" lon="12.428617"><ele>113.4</ele></rtept><rtept lat="57.491948" lon="12.428567"><ele>113.4</ele></rtept><rtept lat="57.491948" lon="12.428515"><ele>113.0</ele></rtept><rtept lat="57.491948" lon="12.428455"><ele>113.0</ele></rtept><rtept lat="57.491955" lon="12.428402"><ele>112.8</ele></rtept><rtept lat="57.491967" lon="12.42835"><ele>112.2</ele></rtept><rtept lat="57.49198" lon="12.4283"><ele>112.4</ele></rtept><rtept lat="57.491993" lon="12.428245"><ele>112.0</ele></rtept><rtept lat="57.492012" lon="12.428197"><ele>111.4</ele></rtept><rtept lat="57.492018" lon="12.428145"><ele>111.6</ele></rtept><rtept lat="57.492025" lon="12.428107"><ele>111.4</ele></rtept><rtept lat="57.492038" lon="12.428067"><ele>111.2</ele></rtept><rtept lat="57.492032" lon="12.428018"><ele>111.4</ele></rtept><rtept lat="57.492057" lon="12.427987"><ele>111.0</ele></rtept><rtept lat="57.492077" lon="12.427953"><ele>110.8</ele></rtept><rtept lat="57.492088" lon="12.427917"><ele>111.2</ele></rtept><rtept lat="57.492102" lon="12.427883"><ele>111.0</ele></rtept><rtept lat="57.49212" lon="12.427847"><ele>110.4</ele></rtept><rtept lat="57.492127" lon="12.427803"><ele>110.8</ele></rtept><rtept lat="57.49212" lon="12.427755"><ele>110.8</ele></rtept><rtept lat="57.492108" lon="12.427725"><ele>110.4</ele></rtept><rtept lat="57.492088" lon="12.427695"><ele>110.6</ele></rtept><rtept lat="57.49207" lon="12.427673"><ele>110.0</ele></rtept><rtept lat="57.492032" lon="12.42764"><ele>110.2</ele></rtept><rtept lat="57.492012" lon="12.42763"><ele>109.6</ele></rtept><rtept lat="57.491993" lon="12.427625"><ele>108.8</ele></rtept><rtept lat="57.49198" lon="12.427583"><ele>108.2</ele></rtept><rtept lat="57.491967" lon="12.42754"><ele>108.2</ele></rtept><rtept lat="57.491955" lon="12.427503"><ele>107.6</ele></rtept><rtept lat="57.491948" lon="12.427432"><ele>107.0</ele></rtept><rtept lat="57.491935" lon="12.427382"><ele>106.8</ele></rtept><rtept lat="57.491928" lon="12.427325"><ele>106.2</ele></rtept><rtept lat="57.491922" lon="12.427268"><ele>106.0</ele></rtept><rtept lat="57.491922" lon="12.427233"><ele>106.0</ele></rtept><rtept lat="57.491917" lon="12.42718"><ele>105.8</ele></rtept><rtept lat="57.491917" lon="12.427122"><ele>106.0</ele></rtept><rtept lat="57.491928" lon="12.427062"><ele>105.8</ele></rtept><rtept lat="57.491928" lon="12.427015"><ele>105.6</ele></rtept><rtept lat="57.491942" lon="12.426963"><ele>106.0</ele></rtept><rtept lat="57.491948" lon="12.426923"><ele>105.8</ele></rtept><rtept lat="57.49196" lon="12.426883"><ele>105.6</ele></rtept><rtept lat="57.491967" lon="12.426835"><ele>106.2</ele></rtept><rtept lat="57.49198" lon="12.426787"><ele>105.8</ele></rtept><rtept lat="57.491987" lon="12.426747"><ele>105.6</ele></rtept><rtept lat="57.491993" lon="12.426715"><ele>106.0</ele></rtept><rtept lat="57.491993" lon="12.426678"><ele>105.8</ele></rtept><rtept lat="57.492" lon="12.426645"><ele>105.6</ele></rtept><rtept lat="57.491993" lon="12.426613"><ele>105.2</ele></rtept><rtept lat="57.491987" lon="12.42658"><ele>105.4</ele></rtept><rtept lat="57.49198" lon="12.42652"><ele>105.2</ele></rtept><rtept lat="57.491967" lon="12.426483"><ele>105.0</ele></rtept><rtept lat="57.49196" lon="12.426452"><ele>105.0</ele></rtept><rtept lat="57.491967" lon="12.426415"><ele>104.8</ele></rtept><rtept lat="57.49198" lon="12.42638"><ele>104.6</ele></rtept><rtept lat="57.492005" lon="12.426313"><ele>104.6</ele></rtept><rtept lat="57.492025" lon="12.426265"><ele>104.2</ele></rtept><rtept lat="57.49205" lon="12.426248"><ele>103.8</ele></rtept><rtept lat="57.492077" lon="12.426213"><ele>104.2</ele></rtept><rtept lat="57.492088" lon="12.42618"><ele>103.8</ele></rtept><rtept lat="57.492115" lon="12.42616"><ele>103.6</ele></rtept><rtept lat="57.492153" lon="12.42612"><ele>103.8</ele></rtept><rtept lat="57.492178" lon="12.4261"><ele>103.4</ele></rtept><rtept lat="57.492217" lon="12.42607"><ele>103.6</ele></rtept><rtept lat="57.492242" lon="12.426072"><ele>103.6</ele></rtept><rtept lat="57.492262" lon="12.426072"><ele>103.4</ele></rtept><rtept lat="57.492287" lon="12.42606"><ele>103.2</ele></rtept><rtept lat="57.492307" lon="12.42604"><ele>103.6</ele></rtept><rtept lat="57.492325" lon="12.425995"><ele>103.4</ele></rtept><rtept lat="57.492345" lon="12.425978"><ele>103.6</ele></rtept><rtept lat="57.492363" lon="12.425965"><ele>103.4</ele></rtept><rtept lat="57.492397" lon="12.425957"><ele>103.8</ele></rtept><rtept lat="57.492415" lon="12.425938"><ele>103.6</ele></rtept><rtept lat="57.49244" lon="12.425917"><ele>103.4</ele></rtept><rtept lat="57.492467" lon="12.425887"><ele>102.8</ele></rtept><rtept lat="57.492485" lon="12.42586"><ele>103.0</ele></rtept><rtept lat="57.492512" lon="12.425832"><ele>102.8</ele></rtept><rtept lat="57.492537" lon="12.425798"><ele>102.4</ele></rtept><rtept lat="57.492557" lon="12.425777"><ele>102.6</ele></rtept><rtept lat="57.492582" lon="12.425753"><ele>102.2</ele></rtept><rtept lat="57.4926" lon="12.425722"><ele>102.0</ele></rtept><rtept lat="57.49262" lon="12.4257"><ele>102.0</ele></rtept><rtept lat="57.49264" lon="12.425668"><ele>101.6</ele></rtept><rtept lat="57.492658" lon="12.425645"><ele>101.2</ele></rtept><rtept lat="57.492678" lon="12.425615"><ele>101.0</ele></rtept><rtept lat="57.492697" lon="12.425585"><ele>101.0</ele></rtept><rtept lat="57.49271" lon="12.42556"><ele>100.4</ele></rtept><rtept lat="57.492728" lon="12.425543"><ele>99.8</ele></rtept><rtept lat="57.492748" lon="12.425528"><ele>100.2</ele></rtept><rtept lat="57.492773" lon="12.425515"><ele>100.0</ele></rtept><rtept lat="57.4928" lon="12.425503"><ele>99.8</ele></rtept><rtept lat="57.492818" lon="12.425495"><ele>100.0</ele></rtept><rtept lat="57.492843" lon="12.425495"><ele>99.6</ele></rtept><rtept lat="57.492863" lon="12.4255"><ele>99.6</ele></rtept><rtept lat="57.492888" lon="12.425498"><ele>99.6</ele></rtept><rtept lat="57.492908" lon="12.425475"><ele>99.8</ele></rtept><rtept lat="57.492933" lon="12.425423"><ele>99.4</ele></rtept><rtept lat="57.492947" lon="12.4254"><ele>99.4</ele></rtept><rtept lat="57.492965" lon="12.425382"><ele>99.2</ele></rtept><rtept lat="57.493003" lon="12.425362"><ele>99.4</ele></rtept><rtept lat="57.49303" lon="12.425338"><ele>99.2</ele></rtept><rtept lat="57.493055" lon="12.425315"><ele>99.6</ele></rtept><rtept lat="57.493075" lon="12.425282"><ele>99.4</ele></rtept><rtept lat="57.493087" lon="12.425247"><ele>99.4</ele></rtept><rtept lat="57.493107" lon="12.425212"><ele>99.6</ele></rtept><rtept lat="57.493113" lon="12.425177"><ele>99.6</ele></rtept><rtept lat="57.493132" lon="12.425153"><ele>100.0</ele></rtept><rtept lat="57.493158" lon="12.4251"><ele>100.2</ele></rtept><rtept lat="57.493177" lon="12.425072"><ele>100.6</ele></rtept><rtept lat="57.493197" lon="12.425053"><ele>100.4</ele></rtept><rtept lat="57.493222" lon="12.425033"><ele>100.2</ele></rtept><rtept lat="57.493235" lon="12.425"><ele>100.2</ele></rtept><rtept lat="57.493253" lon="12.424962"><ele>100.2</ele></rtept><rtept lat="57.493267" lon="12.424923"><ele>100.0</ele></rtept><rtept lat="57.49328" lon="12.424888"><ele>100.2</ele></rtept><rtept lat="57.493285" lon="12.424843"><ele>99.8</ele></rtept><rtept lat="57.493292" lon="12.42479"><ele>99.6</ele></rtept><rtept lat="57.493292" lon="12.424743"><ele>99.8</ele></rtept><rtept lat="57.493305" lon="12.42469"><ele>99.4</ele></rtept><rtept lat="57.493312" lon="12.424652"><ele>99.0</ele></rtept><rtept lat="57.493318" lon="12.424607"><ele>99.4</ele></rtept><rtept lat="57.493323" lon="12.424565"><ele>99.0</ele></rtept><rtept lat="57.49333" lon="12.424527"><ele>99.0</ele></rtept><rtept lat="57.49333" lon="12.424492"><ele>99.2</ele></rtept><rtept lat="57.493343" lon="12.424453"><ele>98.8</ele></rtept><rtept lat="57.49335" lon="12.424407"><ele>98.6</ele></rtept><rtept lat="57.49335" lon="12.424353"><ele>98.8</ele></rtept><rtept lat="57.493357" lon="12.424307"><ele>98.6</ele></rtept><rtept lat="57.493357" lon="12.424258"><ele>98.6</ele></rtept><rtept lat="57.493362" lon="12.424215"><ele>98.8</ele></rtept><rtept lat="57.493388" lon="12.424168"><ele>98.4</ele></rtept><rtept lat="57.49342" lon="12.42414"><ele>98.2</ele></rtept><rtept lat="57.493452" lon="12.424115"><ele>98.4</ele></rtept><rtept lat="57.493478" lon="12.4241"><ele>97.8</ele></rtept><rtept lat="57.493497" lon="12.424083"><ele>97.6</ele></rtept><rtept lat="57.493522" lon="12.424068"><ele>97.6</ele></rtept><rtept lat="57.493548" lon="12.424043"><ele>97.4</ele></rtept><rtept lat="57.493587" lon="12.424005"><ele>97.2</ele></rtept><rtept lat="57.493618" lon="12.423992"><ele>97.0</ele></rtept><rtept lat="57.493638" lon="12.42398"><ele>96.8</ele></rtept><rtept lat="57.49365" lon="12.423947"><ele>96.8</ele></rtept><rtept lat="57.49367" lon="12.423905"><ele>96.4</ele></rtept><rtept lat="57.493708" lon="12.42389"><ele>96.2</ele></rtept><rtept lat="57.493733" lon="12.423878"><ele>95.8</ele></rtept><rtept lat="57.493753" lon="12.423858"><ele>95.2</ele></rtept><rtept lat="57.493772" lon="12.423858"><ele>94.6</ele></rtept><rtept lat="57.493792" lon="12.423892"><ele>95.0</ele></rtept><rtept lat="57.493798" lon="12.423927"><ele>94.6</ele></rtept><rtept lat="57.49381" lon="12.42397"><ele>94.6</ele></rtept><rtept lat="57.493803" lon="12.424015"><ele>95.0</ele></rtept><rtept lat="57.493803" lon="12.424055"><ele>94.8</ele></rtept><rtept lat="57.493817" lon="12.424083"><ele>95.0</ele></rtept><rtept lat="57.49381" lon="12.424135"><ele>95.4</ele></rtept><rtept lat="57.493817" lon="12.424182"><ele>96.0</ele></rtept><rtept lat="57.49383" lon="12.424255"><ele>96.2</ele></rtept><rtept lat="57.493842" lon="12.424303"><ele>96.6</ele></rtept><rtept lat="57.493848" lon="12.424337"><ele>96.6</ele></rtept><rtept lat="57.493868" lon="12.424398"><ele>97.0</ele></rtept><rtept lat="57.49388" lon="12.424422"><ele>97.0</ele></rtept><rtept lat="57.493893" lon="12.424453"><ele>97.0</ele></rtept><rtept lat="57.493913" lon="12.424502"><ele>97.4</ele></rtept><rtept lat="57.493938" lon="12.424527"><ele>98.0</ele></rtept><rtept lat="57.493963" lon="12.424547"><ele>98.0</ele></rtept><rtept lat="57.493983" lon="12.424562"><ele>98.6</ele></rtept><rtept lat="57.494015" lon="12.424582"><ele>98.8</ele></rtept><rtept lat="57.494035" lon="12.424632"><ele>99.4</ele></rtept><rtept lat="57.494047" lon="12.424672"><ele>99.8</ele></rtept><rtept lat="57.494053" lon="12.424703"><ele>100.2</ele></rtept><rtept lat="57.494067" lon="12.424737"><ele>100.2</ele></rtept><rtept lat="57.494067" lon="12.42477"><ele>100.8</ele></rtept><rtept lat="57.49406" lon="12.424803"><ele>100.8</ele></rtept><rtept lat="57.494067" lon="12.42486"><ele>101.6</ele></rtept><rtept lat="57.494073" lon="12.424918"><ele>101.8</ele></rtept><rtept lat="57.494085" lon="12.42495"><ele>102.2</ele></rtept><rtept lat="57.494092" lon="12.424983"><ele>102.2</ele></rtept><rtept lat="57.494092" lon="12.425027"><ele>102.8</ele></rtept><rtept lat="57.494105" lon="12.42506"><ele>103.2</ele></rtept><rtept lat="57.494112" lon="12.425093"><ele>103.2</ele></rtept><rtept lat="57.494118" lon="12.425142"><ele>103.8</ele></rtept><rtept lat="57.494118" lon="12.425198"><ele>103.6</ele></rtept><rtept lat="57.494123" lon="12.425255"><ele>103.8</ele></rtept><rtept lat="57.49413" lon="12.4253"><ele>104.2</ele></rtept><rtept lat="57.494137" lon="12.42535"><ele>104.4</ele></rtept><rtept lat="57.49415" lon="12.425392"><ele>104.4</ele></rtept><rtept lat="57.494162" lon="12.425435"><ele>104.8</ele></rtept><rtept lat="57.494168" lon="12.425475"><ele>105.2</ele></rtept><rtept lat="57.494168" lon="12.425517"><ele>105.0</ele></rtept><rtept lat="57.494168" lon="12.425553"><ele>105.0</ele></rtept><rtept lat="57.494175" lon="12.425595"><ele>105.6</ele></rtept><rtept lat="57.494182" lon="12.425635"><ele>105.4</ele></rtept><rtept lat="57.494188" lon="12.425675"><ele>105.6</ele></rtept><rtept lat="57.494195" lon="12.425708"><ele>105.6</ele></rtept><rtept lat="57.494195" lon="12.425742"><ele>105.6</ele></rtept><rtept lat="57.494195" lon="12.425782"><ele>105.6</ele></rtept><rtept lat="57.494207" lon="12.425827"><ele>105.8</ele></rtept><rtept lat="57.4942" lon="12.425862"><ele>105.6</ele></rtept><rtept lat="57.494207" lon="12.4259"><ele>106.0</ele></rtept><rtept lat="57.494207" lon="12.42594"><ele>106.0</ele></rtept><rtept lat="57.494213" lon="12.425982"><ele>106.0</ele></rtept><rtept lat="57.494227" lon="12.426025"><ele>106.4</ele></rtept><rtept lat="57.494227" lon="12.42607"><ele>106.6</ele></rtept><rtept lat="57.494233" lon="12.426123"><ele>106.6</ele></rtept><rtept lat="57.494245" lon="12.42617"><ele>107.2</ele></rtept><rtept lat="57.494252" lon="12.426215"><ele>107.2</ele></rtept><rtept lat="57.494265" lon="12.426253"><ele>107.2</ele></rtept><rtept lat="57.494283" lon="12.42632"><ele>107.8</ele></rtept><rtept lat="57.49429" lon="12.42636"><ele>107.6</ele></rtept><rtept lat="57.494303" lon="12.426402"><ele>108.4</ele></rtept><rtept lat="57.494303" lon="12.426437"><ele>108.6</ele></rtept><rtept lat="57.49431" lon="12.426502"><ele>109.4</ele></rtept><rtept lat="57.49431" lon="12.42654"><ele>109.6</ele></rtept><rtept lat="57.49431" lon="12.426605"><ele>110.4</ele></rtept><rtept lat="57.49431" lon="12.42664"><ele>110.4</ele></rtept><rtept lat="57.49431" lon="12.426675"><ele>110.8</ele></rtept><rtept lat="57.494303" lon="12.426715"><ele>111.2</ele></rtept><rtept lat="57.494297" lon="12.426752"><ele>111.2</ele></rtept><rtept lat="57.49429" lon="12.426787"><ele>111.6</ele></rtept><rtept lat="57.494283" lon="12.42683"><ele>111.8</ele></rtept><rtept lat="57.494283" lon="12.42687"><ele>111.6</ele></rtept><rtept lat="57.494258" lon="12.426905"><ele>112.2</ele></rtept><rtept lat="57.494252" lon="12.426948"><ele>112.4</ele></rtept><rtept lat="57.494252" lon="12.42699"><ele>112.2</ele></rtept><rtept lat="57.494252" lon="12.427038"><ele>112.6</ele></rtept><rtept lat="57.494258" lon="12.427083"><ele>112.6</ele></rtept><rtept lat="57.494265" lon="12.427118"><ele>112.6</ele></rtept><rtept lat="57.494283" lon="12.42716"><ele>112.8</ele></rtept><rtept lat="57.494297" lon="12.427208"><ele>113.0</ele></rtept><rtept lat="57.49431" lon="12.427257"><ele>112.6</ele></rtept><rtept lat="57.494328" lon="12.427307"><ele>112.8</ele></rtept><rtept lat="57.494342" lon="12.427352"><ele>112.4</ele></rtept><rtept lat="57.494348" lon="12.427385"><ele>112.2</ele></rtept><rtept lat="57.494373" lon="12.42742"><ele>112.4</ele></rtept><rtept lat="57.4944" lon="12.427452"><ele>112.2</ele></rtept><rtept lat="57.494438" lon="12.427482"><ele>112.2</ele></rtept><rtept lat="57.494457" lon="12.4275"><ele>112.0</ele></rtept><rtept lat="57.494482" lon="12.427517"><ele>111.8</ele></rtept><rtept lat="57.494508" lon="12.427537"><ele>112.2</ele></rtept><rtept lat="57.494533" lon="12.42756"><ele>111.8</ele></rtept><rtept lat="57.494572" lon="12.42759"><ele>111.8</ele></rtept><rtept lat="57.494603" lon="12.427625"><ele>112.0</ele></rtept><rtept lat="57.494642" lon="12.427663"><ele>112.2</ele></rtept><rtept lat="57.494668" lon="12.427702"><ele>112.0</ele></rtept><rtept lat="57.494693" lon="12.42773"><ele>112.4</ele></rtept><rtept lat="57.49472" lon="12.427755"><ele>112.2</ele></rtept><rtept lat="57.494745" lon="12.427793"><ele>112.4</ele></rtept><rtept lat="57.494783" lon="12.427827"><ele>112.6</ele></rtept><rtept lat="57.494808" lon="12.427873"><ele>112.6</ele></rtept><rtept lat="57.494847" lon="12.427938"><ele>113.0</ele></rtept><rtept lat="57.494885" lon="12.427987"><ele>113.0</ele></rtept><rtept lat="57.494923" lon="12.428027"><ele>113.0</ele></rtept><rtept lat="57.49495" lon="12.42808"><ele>113.6</ele></rtept><rtept lat="57.494968" lon="12.428125"><ele>113.6</ele></rtept><rtept lat="57.494975" lon="12.428172"><ele>113.4</ele></rtept><rtept lat="57.494975" lon="12.428225"><ele>114.2</ele></rtept><rtept lat="57.494982" lon="12.428273"><ele>114.4</ele></rtept><rtept lat="57.494975" lon="12.42832"><ele>114.4</ele></rtept><rtept lat="57.494982" lon="12.42836"><ele>114.6</ele></rtept><rtept lat="57.494982" lon="12.428395"><ele>114.8</ele></rtept><rtept lat="57.494962" lon="12.428438"><ele>115.2</ele></rtept><rtept lat="57.494968" lon="12.428473"><ele>115.2</ele></rtept><rtept lat="57.494968" lon="12.428513"><ele>115.6</ele></rtept><rtept lat="57.494975" lon="12.42856"><ele>115.6</ele></rtept><rtept lat="57.494968" lon="12.428598"><ele>115.8</ele></rtept><rtept lat="57.494982" lon="12.428628"><ele>115.8</ele></rtept><rtept lat="57.494982" lon="12.428667"><ele>116.2</ele></rtept><rtept lat="57.494995" lon="12.4287"><ele>116.4</ele></rtept><rtept lat="57.495" lon="12.428737"><ele>116.4</ele></rtept><rtept lat="57.495027" lon="12.428778"><ele>116.6</ele></rtept><rtept lat="57.49502" lon="12.428812"><ele>116.4</ele></rtept><rtept lat="57.49502" lon="12.428862"><ele>116.6</ele></rtept><rtept lat="57.49504" lon="12.428905"><ele>116.8</ele></rtept><rtept lat="57.495072" lon="12.42893"><ele>117.4</ele></rtept><rtept lat="57.49509" lon="12.428957"><ele>117.4</ele></rtept><rtept lat="57.49511" lon="12.42897"><ele>118.0</ele></rtept><rtept lat="57.495128" lon="12.428985"><ele>118.0</ele></rtept><rtept lat="57.495148" lon="12.428997"><ele>118.2</ele></rtept><rtept lat="57.49518" lon="12.429008"><ele>118.4</ele></rtept><rtept lat="57.495218" lon="12.42903"><ele>118.8</ele></rtept><rtept lat="57.49525" lon="12.429017"><ele>119.2</ele></rtept><rtept lat="57.49527" lon="12.429"><ele>119.4</ele></rtept><rtept lat="57.495288" lon="12.428975"><ele>119.8</ele></rtept><rtept lat="57.495302" lon="12.42895"><ele>119.6</ele></rtept><rtept lat="57.495327" lon="12.42894"><ele>120.0</ele></rtept><rtept lat="57.495353" lon="12.428932"><ele>120.2</ele></rtept><rtept lat="57.495378" lon="12.42893"><ele>120.0</ele></rtept><rtept lat="57.495403" lon="12.42893"><ele>120.6</ele></rtept><rtept lat="57.495423" lon="12.428927"><ele>120.4</ele></rtept><rtept lat="57.495455" lon="12.4289"><ele>121.0</ele></rtept><rtept lat="57.495475" lon="12.42888"><ele>121.0</ele></rtept><rtept lat="57.495493" lon="12.428865"><ele>121.0</ele></rtept><rtept lat="57.495513" lon="12.428858"><ele>121.4</ele></rtept><rtept lat="57.495538" lon="12.428818"><ele>121.6</ele></rtept><rtept lat="57.49557" lon="12.428797"><ele>122.0</ele></rtept><rtept lat="57.495602" lon="12.428762"><ele>121.8</ele></rtept><rtept lat="57.49564" lon="12.428738"><ele>122.2</ele></rtept><rtept lat="57.49566" lon="12.428725"><ele>122.0</ele></rtept><rtept lat="57.49568" lon="12.428718"><ele>122.6</ele></rtept><rtept lat="57.495698" lon="12.428713"><ele>122.8</ele></rtept><rtept lat="57.495723" lon="12.428713"><ele>123.2</ele></rtept><rtept lat="57.495757" lon="12.428712"><ele>123.2</ele></rtept><rtept lat="57.495782" lon="12.4287"><ele>123.6</ele></rtept><rtept lat="57.495813" lon="12.428682"><ele>123.6</ele></rtept><rtept lat="57.495833" lon="12.428673"><ele>124.4</ele></rtept><rtept lat="57.495852" lon="12.428667"><ele>124.4</ele></rtept><rtept lat="57.495872" lon="12.42866"><ele>124.4</ele></rtept><rtept lat="57.495897" lon="12.428653"><ele>125.0</ele></rtept><rtept lat="57.495917" lon="12.428643"><ele>125.4</ele></rtept><rtept lat="57.495935" lon="12.428642"><ele>125.2</ele></rtept><rtept lat="57.495955" lon="12.428648"><ele>125.6</ele></rtept><rtept lat="57.495973" lon="12.42866"><ele>126.0</ele></rtept><rtept lat="57.495993" lon="12.428687"><ele>126.0</ele></rtept><rtept lat="57.496025" lon="12.42872"><ele>126.6</ele></rtept><rtept lat="57.496043" lon="12.42874"><ele>126.4</ele></rtept><rtept lat="57.49607" lon="12.42876"><ele>127.0</ele></rtept><rtept lat="57.496095" lon="12.428765"><ele>127.0</ele></rtept><rtept lat="57.496115" lon="12.428758"><ele>127.0</ele></rtept><rtept lat="57.49614" lon="12.428757"><ele>127.2</ele></rtept><rtept lat="57.496172" lon="12.428777"><ele>127.0</ele></rtept><rtept lat="57.496198" lon="12.428792"><ele>127.4</ele></rtept><rtept lat="57.49623" lon="12.428835"><ele>127.6</ele></rtept><rtept lat="57.496268" lon="12.428852"><ele>127.8</ele></rtept><rtept lat="57.496293" lon="12.42886"><ele>127.6</ele></rtept><rtept lat="57.496313" lon="12.428865"><ele>127.6</ele></rtept><rtept lat="57.496332" lon="12.428872"><ele>127.4</ele></rtept><rtept lat="57.496352" lon="12.428875"><ele>127.2</ele></rtept><rtept lat="57.49637" lon="12.42888"><ele>127.4</ele></rtept><rtept lat="57.496397" lon="12.428885"><ele>127.4</ele></rtept><rtept lat="57.496415" lon="12.428897"><ele>127.0</ele></rtept><rtept lat="57.49644" lon="12.428917"><ele>127.2</ele></rtept><rtept lat="57.496473" lon="12.42893"><ele>127.4</ele></rtept><rtept lat="57.496518" lon="12.428943"><ele>127.8</ele></rtept><rtept lat="57.496537" lon="12.428955"><ele>127.8</ele></rtept><rtept lat="57.496557" lon="12.428975"><ele>127.8</ele></rtept><rtept lat="57.496575" lon="12.429003"><ele>128.2</ele></rtept><rtept lat="57.496588" lon="12.429028"><ele>128.2</ele></rtept><rtept lat="57.496613" lon="12.429078"><ele>128.4</ele></rtept><rtept lat="57.49664" lon="12.429118"><ele>128.4</ele></rtept><rtept lat="57.496652" lon="12.429145"><ele>128.8</ele></rtept><rtept lat="57.496652" lon="12.42919"><ele>129.2</ele></rtept><rtept lat="57.496658" lon="12.429227"><ele>129.2</ele></rtept><rtept lat="57.49669" lon="12.429252"><ele>129.6</ele></rtept><rtept lat="57.496717" lon="12.429262"><ele>129.6</ele></rtept><rtept lat="57.496735" lon="12.429267"><ele>130.0</ele></rtept><rtept lat="57.49676" lon="12.429267"><ele>129.8</ele></rtept><rtept lat="57.496793" lon="12.429248"><ele>129.6</ele></rtept><rtept lat="57.496818" lon="12.429237"><ele>130.2</ele></rtept><rtept lat="57.49685" lon="12.429242"><ele>130.0</ele></rtept><rtept lat="57.496877" lon="12.429253"><ele>130.4</ele></rtept><rtept lat="57.496895" lon="12.42926"><ele>130.4</ele></rtept><rtept lat="57.496927" lon="12.42926"><ele>130.8</ele></rtept><rtept lat="57.496947" lon="12.429258"><ele>131.0</ele></rtept><rtept lat="57.496972" lon="12.429247"><ele>131.6</ele></rtept><rtept lat="57.497003" lon="12.429237"><ele>131.8</ele></rtept><rtept lat="57.497048" lon="12.429222"><ele>131.6</ele></rtept><rtept lat="57.497068" lon="12.429212"><ele>132.2</ele></rtept><rtept lat="57.4971" lon="12.429202"><ele>132.0</ele></rtept><rtept lat="57.497125" lon="12.429183"><ele>131.6</ele></rtept><rtept lat="57.497145" lon="12.429168"><ele>132.2</ele></rtept><rtept lat="57.497163" lon="12.429155"><ele>132.0</ele></rtept><rtept lat="57.49719" lon="12.42915"><ele>132.0</ele></rtept><rtept lat="57.497208" lon="12.429155"><ele>132.4</ele></rtept><rtept lat="57.497235" lon="12.429153"><ele>132.2</ele></rtept><rtept lat="57.497267" lon="12.42915"><ele>132.4</ele></rtept><rtept lat="57.497292" lon="12.429148"><ele>132.8</ele></rtept><rtept lat="57.497318" lon="12.429148"><ele>132.6</ele></rtept><rtept lat="57.49735" lon="12.429145"><ele>132.4</ele></rtept><rtept lat="57.497382" lon="12.429148"><ele>133.2</ele></rtept><rtept lat="57.497407" lon="12.42916"><ele>133.0</ele></rtept><rtept lat="57.497427" lon="12.429158"><ele>132.8</ele></rtept><rtept lat="57.497452" lon="12.429143"><ele>133.2</ele></rtept><rtept lat="57.497478" lon="12.42913"><ele>133.0</ele></rtept><rtept lat="57.497497" lon="12.429123"><ele>133.4</ele></rtept><rtept lat="57.497517" lon="12.429125"><ele>133.6</ele></rtept><rtept lat="57.497548" lon="12.429148"><ele>134.0</ele></rtept><rtept lat="57.497567" lon="12.429162"><ele>134.0</ele></rtept><rtept lat="57.497593" lon="12.429178"><ele>134.6</ele></rtept><rtept lat="57.497612" lon="12.429188"><ele>134.6</ele></rtept><rtept lat="57.497632" lon="12.4292"><ele>134.6</ele></rtept><rtept lat="57.49765" lon="12.429213"><ele>135.0</ele></rtept><rtept lat="57.49767" lon="12.429227"><ele>135.2</ele></rtept><rtept lat="57.497702" lon="12.429238"><ele>135.8</ele></rtept><rtept lat="57.49772" lon="12.429252"><ele>135.6</ele></rtept><rtept lat="57.497733" lon="12.42928"><ele>136.2</ele></rtept><rtept lat="57.497753" lon="12.429317"><ele>136.2</ele></rtept><rtept lat="57.497765" lon="12.429348"><ele>136.2</ele></rtept><rtept lat="57.497778" lon="12.429373"><ele>136.6</ele></rtept><rtept lat="57.49781" lon="12.429408"><ele>136.8</ele></rtept><rtept lat="57.497837" lon="12.42942"><ele>137.4</ele></rtept><rtept lat="57.497862" lon="12.429412"><ele>137.6</ele></rtept><rtept lat="57.49788" lon="12.429407"><ele>137.4</ele></rtept><rtept lat="57.4979" lon="12.4294"><ele>137.8</ele></rtept><rtept lat="57.497938" lon="12.429402"><ele>138.2</ele></rtept><rtept lat="57.497958" lon="12.429413"><ele>138.8</ele></rtept><rtept lat="57.497983" lon="12.429458"><ele>138.8</ele></rtept><rtept lat="57.497997" lon="12.429487"><ele>139.4</ele></rtept><rtept lat="57.498028" lon="12.429522"><ele>139.2</ele></rtept><rtept lat="57.498047" lon="12.429552"><ele>139.6</ele></rtept><rtept lat="57.498067" lon="12.429592"><ele>140.2</ele></rtept><rtept lat="57.498092" lon="12.42963"><ele>140.6</ele></rtept><rtept lat="57.498123" lon="12.42966"><ele>140.6</ele></rtept><rtept lat="57.49815" lon="12.429663"><ele>141.2</ele></rtept><rtept lat="57.498182" lon="12.429663"><ele>141.2</ele></rtept><rtept lat="57.498227" lon="12.42967"><ele>141.2</ele></rtept><rtept lat="57.498258" lon="12.429688"><ele>141.6</ele></rtept><rtept lat="57.498283" lon="12.429705"><ele>141.6</ele></rtept><rtept lat="57.498317" lon="12.429717"><ele>142.0</ele></rtept><rtept lat="57.498348" lon="12.429723"><ele>142.4</ele></rtept><rtept lat="57.49838" lon="12.42973"><ele>142.6</ele></rtept><rtept lat="57.498443" lon="12.429713"><ele>142.8</ele></rtept><rtept lat="57.498495" lon="12.42968"><ele>143.2</ele></rtept><rtept lat="57.498565" lon="12.42964"><ele>143.2</ele></rtept><rtept lat="57.498598" lon="12.429663"><ele>143.2</ele></rtept><rtept lat="57.49863" lon="12.429668"><ele>143.6</ele></rtept><rtept lat="57.498662" lon="12.429703"><ele>143.8</ele></rtept><rtept lat="57.49868" lon="12.429735"><ele>143.8</ele></rtept><rtept lat="57.498687" lon="12.429777"><ele>144.2</ele></rtept><rtept lat="57.498687" lon="12.42982"><ele>144.4</ele></rtept><rtept lat="57.498687" lon="12.429858"><ele>144.4</ele></rtept><rtept lat="57.49868" lon="12.429928"><ele>145.0</ele></rtept><rtept lat="57.498687" lon="12.429962"><ele>145.0</ele></rtept><rtept lat="57.4987" lon="12.430013"><ele>145.2</ele></rtept><rtept lat="57.4987" lon="12.430062"><ele>145.8</ele></rtept><rtept lat="57.498732" lon="12.430087"><ele>146.4</ele></rtept><rtept lat="57.498752" lon="12.430082"><ele>147.0</ele></rtept><rtept lat="57.498783" lon="12.430092"><ele>146.8</ele></rtept><rtept lat="57.498815" lon="12.430117"><ele>147.0</ele></rtept><rtept lat="57.49884" lon="12.430152"><ele>147.2</ele></rtept><rtept lat="57.49886" lon="12.430172"><ele>147.4</ele></rtept><rtept lat="57.498873" lon="12.430205"><ele>147.8</ele></rtept><rtept lat="57.49888" lon="12.430238"><ele>148.0</ele></rtept><rtept lat="57.498892" lon="12.430272"><ele>148.2</ele></rtept><rtept lat="57.498905" lon="12.4303"><ele>148.6</ele></rtept><rtept lat="57.498918" lon="12.43033"><ele>148.8</ele></rtept><rtept lat="57.49895" lon="12.430365"><ele>149.0</ele></rtept><rtept lat="57.498968" lon="12.430378"><ele>149.0</ele></rtept><rtept lat="57.499" lon="12.430413"><ele>149.4</ele></rtept><rtept lat="57.49902" lon="12.430437"><ele>149.6</ele></rtept><rtept lat="57.49904" lon="12.430465"><ele>149.8</ele></rtept><rtept lat="57.499052" lon="12.4305"><ele>149.8</ele></rtept><rtept lat="57.499058" lon="12.430535"><ele>149.8</ele></rtept><rtept lat="57.499072" lon="12.430568"><ele>149.8</ele></rtept><rtept lat="57.499097" lon="12.430568"><ele>149.4</ele></rtept><rtept lat="57.499128" lon="12.430588"><ele>149.4</ele></rtept><rtept lat="57.499142" lon="12.430618"><ele>149.2</ele></rtept><rtept lat="57.499155" lon="12.430648"><ele>149.4</ele></rtept><rtept lat="57.499155" lon="12.430712"><ele>149.2</ele></rtept><rtept lat="57.49916" lon="12.430772"><ele>149.4</ele></rtept><rtept lat="57.499167" lon="12.430808"><ele>149.2</ele></rtept><rtept lat="57.499167" lon="12.43087"><ele>149.2</ele></rtept><rtept lat="57.499167" lon="12.43091"><ele>149.0</ele></rtept><rtept lat="57.499173" lon="12.430942"><ele>149.0</ele></rtept><rtept lat="57.49918" lon="12.43098"><ele>149.4</ele></rtept><rtept lat="57.499187" lon="12.431012"><ele>149.4</ele></rtept><rtept lat="57.499193" lon="12.431072"><ele>149.6</ele></rtept><rtept lat="57.499187" lon="12.431105"><ele>149.8</ele></rtept><rtept lat="57.499173" lon="12.431133"><ele>150.2</ele></rtept><rtept lat="57.499155" lon="12.431157"><ele>150.6</ele></rtept><rtept lat="57.499135" lon="12.431225"><ele>151.0</ele></rtept><rtept lat="57.499117" lon="12.431282"><ele>151.2</ele></rtept><rtept lat="57.499103" lon="12.431328"><ele>151.8</ele></rtept><rtept lat="57.499097" lon="12.431393"><ele>151.6</ele></rtept><rtept lat="57.49909" lon="12.431433"><ele>152.2</ele></rtept><rtept lat="57.499083" lon="12.431477"><ele>152.0</ele></rtept><rtept lat="57.499083" lon="12.431512"><ele>152.0</ele></rtept><rtept lat="57.499097" lon="12.431552"><ele>152.4</ele></rtept><rtept lat="57.499097" lon="12.431585"><ele>152.4</ele></rtept><rtept lat="57.49911" lon="12.43162"><ele>152.0</ele></rtept><rtept lat="57.499122" lon="12.431665"><ele>152.6</ele></rtept><rtept lat="57.499128" lon="12.431717"><ele>152.8</ele></rtept><rtept lat="57.499128" lon="12.431768"><ele>152.8</ele></rtept><rtept lat="57.499142" lon="12.431818"><ele>153.2</ele></rtept><rtept lat="57.499148" lon="12.43186"><ele>153.2</ele></rtept><rtept lat="57.499142" lon="12.431925"><ele>153.6</ele></rtept><rtept lat="57.499135" lon="12.431982"><ele>153.8</ele></rtept><rtept lat="57.499135" lon="12.432047"><ele>154.2</ele></rtept><rtept lat="57.499128" lon="12.432087"><ele>154.4</ele></rtept><rtept lat="57.499122" lon="12.432122"><ele>155.0</ele></rtept><rtept lat="57.499117" lon="12.43216"><ele>155.2</ele></rtept><rtept lat="57.499103" lon="12.432198"><ele>155.4</ele></rtept><rtept lat="57.499097" lon="12.432232"><ele>156.0</ele></rtept><rtept lat="57.499078" lon="12.432285"><ele>156.0</ele></rtept><rtept lat="57.499078" lon="12.432357"><ele>156.8</ele></rtept><rtept lat="57.499072" lon="12.432405"><ele>156.8</ele></rtept><rtept lat="57.499058" lon="12.43244"><ele>157.2</ele></rtept><rtept lat="57.499058" lon="12.432505"><ele>157.2</ele></rtept><rtept lat="57.499072" lon="12.432563"><ele>157.8</ele></rtept><rtept lat="57.499097" lon="12.4326"><ele>158.2</ele></rtept><rtept lat="57.499117" lon="12.432623"><ele>158.0</ele></rtept><rtept lat="57.499128" lon="12.432695"><ele>158.0</ele></rtept><rtept lat="57.499142" lon="12.432732"><ele>158.2</ele></rtept><rtept lat="57.499142" lon="12.43278"><ele>157.8</ele></rtept><rtept lat="57.499148" lon="12.43282"><ele>157.8</ele></rtept><rtept lat="57.49916" lon="12.432847"><ele>157.2</ele></rtept><rtept lat="57.499193" lon="12.43288"><ele>156.6</ele></rtept><rtept lat="57.499212" lon="12.432907"><ele>156.0</ele></rtept><rtept lat="57.499232" lon="12.432962"><ele>155.4</ele></rtept><rtept lat="57.499232" lon="12.433"><ele>154.8</ele></rtept><rtept lat="57.499232" lon="12.43304"><ele>154.6</ele></rtept><rtept lat="57.499232" lon="12.433077"><ele>154.6</ele></rtept><rtept lat="57.499218" lon="12.433123"><ele>154.0</ele></rtept><rtept lat="57.4992" lon="12.433163"><ele>153.0</ele></rtept><rtept lat="57.499187" lon="12.433217"><ele>152.0</ele></rtept><rtept lat="57.49918" lon="12.433248"><ele>151.4</ele></rtept><rtept lat="57.499173" lon="12.43329"><ele>150.0</ele></rtept><rtept lat="57.499173" lon="12.433325"><ele>150.0</ele></rtept><rtept lat="57.499173" lon="12.433363"><ele>149.2</ele></rtept><rtept lat="57.499173" lon="12.433408"><ele>148.6</ele></rtept><rtept lat="57.499173" lon="12.433448"><ele>148.4</ele></rtept><rtept lat="57.49918" lon="12.433497"><ele>147.6</ele></rtept><rtept lat="57.49918" lon="12.433548"><ele>146.6</ele></rtept><rtept lat="57.499187" lon="12.433612"><ele>146.2</ele></rtept><rtept lat="57.499193" lon="12.433658"><ele>145.6</ele></rtept><rtept lat="57.499205" lon="12.433705"><ele>145.8</ele></rtept><rtept lat="57.499212" lon="12.433745"><ele>145.2</ele></rtept><rtept lat="57.499212" lon="12.433785"><ele>145.2</ele></rtept><rtept lat="57.499205" lon="12.433822"><ele>144.8</ele></rtept><rtept lat="57.499193" lon="12.433855"><ele>144.6</ele></rtept><rtept lat="57.499193" lon="12.4339"><ele>144.8</ele></rtept><rtept lat="57.499193" lon="12.433945"><ele>144.6</ele></rtept><rtept lat="57.499187" lon="12.434003"><ele>145.2</ele></rtept><rtept lat="57.49918" lon="12.434068"><ele>144.8</ele></rtept><rtept lat="57.49918" lon="12.434122"><ele>145.0</ele></rtept><rtept lat="57.499167" lon="12.434163"><ele>144.8</ele></rtept><rtept lat="57.499167" lon="12.434203"><ele>144.8</ele></rtept><rtept lat="57.49916" lon="12.434248"><ele>145.2</ele></rtept><rtept lat="57.499155" lon="12.4343"><ele>144.8</ele></rtept><rtept lat="57.499148" lon="12.434338"><ele>144.8</ele></rtept><rtept lat="57.499142" lon="12.43438"><ele>144.8</ele></rtept><rtept lat="57.499135" lon="12.43443"><ele>144.6</ele></rtept><rtept lat="57.499122" lon="12.434478"><ele>145.0</ele></rtept><rtept lat="57.499117" lon="12.434527"><ele>145.0</ele></rtept><rtept lat="57.499103" lon="12.434583"><ele>144.6</ele></rtept><rtept lat="57.499097" lon="12.43464"><ele>144.8</ele></rtept><rtept lat="57.499097" lon="12.43469"><ele>145.0</ele></rtept><rtept lat="57.499097" lon="12.434745"><ele>144.4</ele></rtept><rtept lat="57.49909" lon="12.43481"><ele>144.2</ele></rtept><rtept lat="57.499078" lon="12.434863"><ele>144.0</ele></rtept><rtept lat="57.499052" lon="12.43492"><ele>143.4</ele></rtept><rtept lat="57.499045" lon="12.434967"><ele>142.8</ele></rtept><rtept lat="57.49904" lon="12.435018"><ele>142.8</ele></rtept><rtept lat="57.49904" lon="12.435072"><ele>142.2</ele></rtept><rtept lat="57.499033" lon="12.43512"><ele>141.6</ele></rtept><rtept lat="57.499033" lon="12.43516"><ele>141.4</ele></rtept><rtept lat="57.499033" lon="12.4352"><ele>141.0</ele></rtept><rtept lat="57.499027" lon="12.435237"><ele>140.6</ele></rtept><rtept lat="57.49902" lon="12.43528"><ele>139.4</ele></rtept><rtept lat="57.499007" lon="12.435317"><ele>138.0</ele></rtept><rtept lat="57.498995" lon="12.43538"><ele>136.8</ele></rtept><rtept lat="57.498988" lon="12.435415"><ele>136.2</ele></rtept><rtept lat="57.498988" lon="12.435468"><ele>135.8</ele></rtept><rtept lat="57.498995" lon="12.435543"><ele>135.0</ele></rtept><rtept lat="57.498982" lon="12.435617"><ele>134.2</ele></rtept><rtept lat="57.498975" lon="12.435738"><ele>133.4</ele></rtept><rtept lat="57.49895" lon="12.435818"><ele>133.0</ele></rtept><rtept lat="57.498923" lon="12.43588"><ele>131.8</ele></rtept><rtept lat="57.498898" lon="12.43594"><ele>131.4</ele></rtept><rtept lat="57.498873" lon="12.435995"><ele>130.8</ele></rtept><rtept lat="57.49886" lon="12.43604"><ele>130.2</ele></rtept><rtept lat="57.49886" lon="12.436078"><ele>129.6</ele></rtept><rtept lat="57.498873" lon="12.436103"><ele>128.8</ele></rtept><rtept lat="57.49886" lon="12.436145"><ele>128.2</ele></rtept><rtept lat="57.498835" lon="12.436188"><ele>127.0</ele></rtept><rtept lat="57.498822" lon="12.436253"><ele>126.2</ele></rtept><rtept lat="57.498822" lon="12.4363"><ele>126.2</ele></rtept><rtept lat="57.498815" lon="12.436353"><ele>125.6</ele></rtept><rtept lat="57.498802" lon="12.436428"><ele>125.4</ele></rtept><rtept lat="57.49879" lon="12.436497"><ele>125.6</ele></rtept><rtept lat="57.498815" lon="12.43656"><ele>125.4</ele></rtept><rtept lat="57.498828" lon="12.436612"><ele>125.2</ele></rtept><rtept lat="57.498822" lon="12.436663"><ele>125.2</ele></rtept><rtept lat="57.498802" lon="12.436677"><ele>125.4</ele></rtept><rtept lat="57.498797" lon="12.43673"><ele>125.2</ele></rtept><rtept lat="57.498797" lon="12.436778"><ele>125.6</ele></rtept><rtept lat="57.498783" lon="12.436828"><ele>125.4</ele></rtept><rtept lat="57.498777" lon="12.436875"><ele>125.4</ele></rtept><rtept lat="57.498763" lon="12.436922"><ele>125.6</ele></rtept><rtept lat="57.498758" lon="12.436967"><ele>125.2</ele></rtept><rtept lat="57.498745" lon="12.437002"><ele>125.6</ele></rtept><rtept lat="57.498745" lon="12.437042"><ele>125.4</ele></rtept><rtept lat="57.498732" lon="12.437073"><ele>125.2</ele></rtept><rtept lat="57.498713" lon="12.437108"><ele>125.6</ele></rtept><rtept lat="57.498693" lon="12.437142"><ele>125.6</ele></rtept><rtept lat="57.498675" lon="12.437172"><ele>125.2</ele></rtept><rtept lat="57.498662" lon="12.437197"><ele>125.4</ele></rtept><rtept lat="57.498642" lon="12.437218"><ele>125.6</ele></rtept><rtept lat="57.498642" lon="12.43727"><ele>125.6</ele></rtept><rtept lat="57.498623" lon="12.437322"><ele>125.6</ele></rtept><rtept lat="57.498603" lon="12.437375"><ele>125.4</ele></rtept><rtept lat="57.498592" lon="12.437437"><ele>125.6</ele></rtept><rtept lat="57.498585" lon="12.4375"><ele>126.4</ele></rtept><rtept lat="57.498578" lon="12.437578"><ele>126.4</ele></rtept><rtept lat="57.498572" lon="12.437613"><ele>126.8</ele></rtept><rtept lat="57.49856" lon="12.437673"><ele>127.4</ele></rtept><rtept lat="57.498547" lon="12.43772"><ele>127.6</ele></rtept><rtept lat="57.49854" lon="12.437758"><ele>127.6</ele></rtept><rtept lat="57.49854" lon="12.437808"><ele>128.4</ele></rtept><rtept lat="57.49852" lon="12.437853"><ele>129.0</ele></rtept><rtept lat="57.498502" lon="12.437892"><ele>128.8</ele></rtept><rtept lat="57.498488" lon="12.437958"><ele>128.8</ele></rtept><rtept lat="57.498482" lon="12.438"><ele>128.6</ele></rtept><rtept lat="57.49847" lon="12.43803"><ele>128.4</ele></rtept><rtept lat="57.498457" lon="12.438083"><ele>128.8</ele></rtept><rtept lat="57.498443" lon="12.43813"><ele>128.8</ele></rtept><rtept lat="57.498425" lon="12.43819"><ele>128.6</ele></rtept><rtept lat="57.498405" lon="12.438255"><ele>128.8</ele></rtept><rtept lat="57.498387" lon="12.438315"><ele>128.8</ele></rtept><rtept lat="57.498373" lon="12.438388"><ele>128.6</ele></rtept><rtept lat="57.498355" lon="12.438447"><ele>129.0</ele></rtept><rtept lat="57.498335" lon="12.438493"><ele>128.8</ele></rtept><rtept lat="57.49831" lon="12.438557"><ele>128.6</ele></rtept><rtept lat="57.498278" lon="12.438627"><ele>129.0</ele></rtept><rtept lat="57.498245" lon="12.438685"><ele>128.8</ele></rtept><rtept lat="57.49824" lon="12.438735"><ele>128.4</ele></rtept><rtept lat="57.498207" lon="12.438785"><ele>128.8</ele></rtept><rtept lat="57.498182" lon="12.438805"><ele>128.2</ele></rtept><rtept lat="57.498162" lon="12.43886"><ele>128.8</ele></rtept><rtept lat="57.498157" lon="12.438918"><ele>128.6</ele></rtept><rtept lat="57.49815" lon="12.43898"><ele>128.2</ele></rtept><rtept lat="57.49815" lon="12.439028"><ele>128.8</ele></rtept><rtept lat="57.498137" lon="12.439078"><ele>128.8</ele></rtept><rtept lat="57.498118" lon="12.439133"><ele>129.4</ele></rtept><rtept lat="57.498098" lon="12.439147"><ele>129.6</ele></rtept><rtept lat="57.498112" lon="12.439187"><ele>131.0</ele></rtept><rtept lat="57.498105" lon="12.439245"><ele>131.2</ele></rtept><rtept lat="57.498098" lon="12.439297"><ele>131.8</ele></rtept><rtept lat="57.49808" lon="12.439352"><ele>131.2</ele></rtept><rtept lat="57.498067" lon="12.439397"><ele>131.0</ele></rtept><rtept lat="57.498047" lon="12.439455"><ele>130.4</ele></rtept><rtept lat="57.498047" lon="12.439488"><ele>129.8</ele></rtept><rtept lat="57.49804" lon="12.439523"><ele>129.8</ele></rtept><rtept lat="57.498028" lon="12.439557"><ele>129.6</ele></rtept><rtept lat="57.498015" lon="12.439595"><ele>128.8</ele></rtept><rtept lat="57.498008" lon="12.439635"><ele>128.4</ele></rtept><rtept lat="57.498002" lon="12.439668"><ele>128.2</ele></rtept><rtept lat="57.497983" lon="12.439743"><ele>127.0</ele></rtept><rtept lat="57.49797" lon="12.43978"><ele>127.0</ele></rtept><rtept lat="57.497958" lon="12.439817"><ele>126.4</ele></rtept><rtept lat="57.497938" lon="12.439847"><ele>125.8</ele></rtept><rtept lat="57.497925" lon="12.439882"><ele>125.8</ele></rtept><rtept lat="57.49792" lon="12.439917"><ele>125.2</ele></rtept><rtept lat="57.4979" lon="12.439958"><ele>124.6</ele></rtept><rtept lat="57.497887" lon="12.440005"><ele>124.4</ele></rtept><rtept lat="57.497887" lon="12.44006"><ele>124.2</ele></rtept><rtept lat="57.497875" lon="12.440112"><ele>123.6</ele></rtept><rtept lat="57.497862" lon="12.440165"><ele>122.8</ele></rtept><rtept lat="57.497837" lon="12.44023"><ele>123.0</ele></rtept><rtept lat="57.49783" lon="12.440275"><ele>122.8</ele></rtept><rtept lat="57.497817" lon="12.440313"><ele>122.8</ele></rtept><rtept lat="57.497803" lon="12.440353"><ele>122.8</ele></rtept><rtept lat="57.497792" lon="12.440393"><ele>122.6</ele></rtept><rtept lat="57.497785" lon="12.440433"><ele>122.2</ele></rtept><rtept lat="57.497772" lon="12.440475"><ele>122.4</ele></rtept><rtept lat="57.49776" lon="12.440512"><ele>122.2</ele></rtept><rtept lat="57.49774" lon="12.440568"><ele>122.0</ele></rtept><rtept lat="57.497727" lon="12.440613"><ele>122.2</ele></rtept><rtept lat="57.49772" lon="12.440647"><ele>122.0</ele></rtept><rtept lat="57.497708" lon="12.440687"><ele>121.8</ele></rtept><rtept lat="57.497702" lon="12.440732"><ele>121.8</ele></rtept><rtept lat="57.497688" lon="12.44078"><ele>121.6</ele></rtept><rtept lat="57.497682" lon="12.440835"><ele>121.6</ele></rtept><rtept lat="57.497677" lon="12.44088"><ele>121.6</ele></rtept><rtept lat="57.497663" lon="12.440923"><ele>121.4</ele></rtept><rtept lat="57.497643" lon="12.440968"><ele>121.8</ele></rtept><rtept lat="57.497625" lon="12.44101"><ele>121.8</ele></rtept><rtept lat="57.497612" lon="12.441055"><ele>121.8</ele></rtept><rtept lat="57.497593" lon="12.441095"><ele>122.0</ele></rtept><rtept lat="57.49758" lon="12.441127"><ele>121.8</ele></rtept><rtept lat="57.497567" lon="12.441162"><ele>122.2</ele></rtept><rtept lat="57.49756" lon="12.441207"><ele>122.0</ele></rtept><rtept lat="57.49756" lon="12.441243"><ele>121.6</ele></rtept><rtept lat="57.49756" lon="12.441278"><ele>122.2</ele></rtept><rtept lat="57.497587" lon="12.441313"><ele>122.0</ele></rtept><rtept lat="57.497605" lon="12.44132"><ele>122.6</ele></rtept><rtept lat="57.497625" lon="12.441313"><ele>122.4</ele></rtept><rtept lat="57.49765" lon="12.441298"><ele>122.4</ele></rtept><rtept lat="57.49767" lon="12.441287"><ele>122.8</ele></rtept><rtept lat="57.497688" lon="12.441267"><ele>122.8</ele></rtept><rtept lat="57.497708" lon="12.441247"><ele>122.6</ele></rtept><rtept lat="57.497727" lon="12.441237"><ele>123.2</ele></rtept><rtept lat="57.497747" lon="12.441232"><ele>122.6</ele></rtept><rtept lat="57.497765" lon="12.441233"><ele>123.2</ele></rtept><rtept lat="57.497792" lon="12.441253"><ele>123.2</ele></rtept><rtept lat="57.49781" lon="12.441248"><ele>123.6</ele></rtept><rtept lat="57.49783" lon="12.441243"><ele>123.8</ele></rtept><rtept lat="57.497848" lon="12.44124"><ele>124.0</ele></rtept><rtept lat="57.49788" lon="12.441227"><ele>124.0</ele></rtept><rtept lat="57.4979" lon="12.441232"><ele>124.0</ele></rtept><rtept lat="57.49792" lon="12.441237"><ele>124.4</ele></rtept><rtept lat="57.497938" lon="12.441243"><ele>124.2</ele></rtept><rtept lat="57.497958" lon="12.441253"><ele>124.0</ele></rtept><rtept lat="57.497983" lon="12.44126"><ele>124.8</ele></rtept><rtept lat="57.498002" lon="12.441287"><ele>124.8</ele></rtept><rtept lat="57.498022" lon="12.441312"><ele>125.4</ele></rtept><rtept lat="57.49804" lon="12.441333"><ele>125.6</ele></rtept><rtept lat="57.49806" lon="12.441347"><ele>125.4</ele></rtept><rtept lat="57.49808" lon="12.441353"><ele>126.2</ele></rtept><rtept lat="57.498098" lon="12.44136"><ele>126.4</ele></rtept><rtept lat="57.498137" lon="12.441385"><ele>127.0</ele></rtept><rtept lat="57.498162" lon="12.441395"><ele>127.0</ele></rtept><rtept lat="57.498182" lon="12.441392"><ele>127.0</ele></rtept><rtept lat="57.4982" lon="12.441392"><ele>127.6</ele></rtept><rtept lat="57.49822" lon="12.441407"><ele>127.6</ele></rtept><rtept lat="57.49824" lon="12.441432"><ele>127.8</ele></rtept><rtept lat="57.498258" lon="12.441462"><ele>128.6</ele></rtept><rtept lat="57.498265" lon="12.441498"><ele>128.6</ele></rtept><rtept lat="57.498278" lon="12.44153"><ele>128.6</ele></rtept><rtept lat="57.498297" lon="12.441583"><ele>129.0</ele></rtept><rtept lat="57.498317" lon="12.44163"><ele>129.6</ele></rtept><rtept lat="57.498335" lon="12.441673"><ele>130.0</ele></rtept><rtept lat="57.498342" lon="12.441708"><ele>130.2</ele></rtept><rtept lat="57.49836" lon="12.441748"><ele>130.4</ele></rtept><rtept lat="57.498367" lon="12.441783"><ele>130.8</ele></rtept><rtept lat="57.498367" lon="12.441822"><ele>130.8</ele></rtept><rtept lat="57.49838" lon="12.441872"><ele>130.8</ele></rtept><rtept lat="57.49838" lon="12.441923"><ele>131.2</ele></rtept><rtept lat="57.498387" lon="12.44196"><ele>131.0</ele></rtept><rtept lat="57.4984" lon="12.442002"><ele>130.8</ele></rtept><rtept lat="57.498412" lon="12.44204"><ele>131.4</ele></rtept><rtept lat="57.498425" lon="12.442072"><ele>131.4</ele></rtept><rtept lat="57.498443" lon="12.442105"><ele>131.2</ele></rtept><rtept lat="57.498463" lon="12.442138"><ele>131.8</ele></rtept><rtept lat="57.498482" lon="12.442172"><ele>131.6</ele></rtept><rtept lat="57.498495" lon="12.4422"><ele>131.2</ele></rtept><rtept lat="57.49852" lon="12.442247"><ele>131.4</ele></rtept><rtept lat="57.498533" lon="12.442292"><ele>131.0</ele></rtept><rtept lat="57.49854" lon="12.442337"><ele>130.6</ele></rtept><rtept lat="57.49854" lon="12.442383"><ele>131.0</ele></rtept><rtept lat="57.49854" lon="12.442423"><ele>130.6</ele></rtept><rtept lat="57.498553" lon="12.442462"><ele>130.2</ele></rtept><rtept lat="57.498578" lon="12.4425"><ele>130.2</ele></rtept><rtept lat="57.498603" lon="12.442535"><ele>129.6</ele></rtept><rtept lat="57.498623" lon="12.442567"><ele>129.2</ele></rtept><rtept lat="57.498655" lon="12.442587"><ele>129.2</ele></rtept><rtept lat="57.498675" lon="12.442602"><ele>129.0</ele></rtept><rtept lat="57.4987" lon="12.44262"><ele>128.6</ele></rtept><rtept lat="57.49872" lon="12.442633"><ele>128.8</ele></rtept><rtept lat="57.498745" lon="12.442652"><ele>128.4</ele></rtept><rtept lat="57.49877" lon="12.442658"><ele>128.4</ele></rtept><rtept lat="57.498797" lon="12.442673"><ele>128.8</ele></rtept><rtept lat="57.498808" lon="12.442698"><ele>128.6</ele></rtept><rtept lat="57.498822" lon="12.442727"><ele>129.0</ele></rtept><rtept lat="57.498835" lon="12.442752"><ele>129.4</ele></rtept><rtept lat="57.49886" lon="12.442777"><ele>129.6</ele></rtept><rtept lat="57.498885" lon="12.4428"><ele>130.0</ele></rtept><rtept lat="57.498905" lon="12.442818"><ele>129.8</ele></rtept><rtept lat="57.49893" lon="12.442835"><ele>129.8</ele></rtept><rtept lat="57.498962" lon="12.442882"><ele>130.2</ele></rtept><rtept lat="57.498995" lon="12.442917"><ele>130.0</ele></rtept><rtept lat="57.49902" lon="12.44294"><ele>130.4</ele></rtept><rtept lat="57.499033" lon="12.442967"><ele>130.4</ele></rtept><rtept lat="57.499058" lon="12.443028"><ele>130.6</ele></rtept><rtept lat="57.499078" lon="12.443063"><ele>130.4</ele></rtept><rtept lat="57.499097" lon="12.443108"><ele>130.4</ele></rtept><rtept lat="57.499117" lon="12.443148"><ele>130.6</ele></rtept><rtept lat="57.499128" lon="12.443183"><ele>130.4</ele></rtept><rtept lat="57.499142" lon="12.443222"><ele>130.2</ele></rtept><rtept lat="57.499148" lon="12.443255"><ele>130.4</ele></rtept><rtept lat="57.499155" lon="12.443292"><ele>130.6</ele></rtept><rtept lat="57.49916" lon="12.443332"><ele>130.4</ele></rtept><rtept lat="57.499167" lon="12.443377"><ele>130.2</ele></rtept><rtept lat="57.499167" lon="12.443422"><ele>130.4</ele></rtept><rtept lat="57.499173" lon="12.443465"><ele>130.4</ele></rtept><rtept lat="57.499173" lon="12.4435"><ele>130.0</ele></rtept><rtept lat="57.49918" lon="12.44354"><ele>130.6</ele></rtept><rtept lat="57.499205" lon="12.443577"><ele>130.4</ele></rtept><rtept lat="57.499225" lon="12.44362"><ele>130.4</ele></rtept><rtept lat="57.49925" lon="12.44367"><ele>130.8</ele></rtept><rtept lat="57.499257" lon="12.443715"><ele>130.8</ele></rtept><rtept lat="57.49927" lon="12.443743"><ele>130.8</ele></rtept><rtept lat="57.499277" lon="12.44379"><ele>131.2</ele></rtept><rtept lat="57.499277" lon="12.44383"><ele>131.0</ele></rtept><rtept lat="57.499282" lon="12.443868"><ele>130.8</ele></rtept><rtept lat="57.499282" lon="12.44391"><ele>131.4</ele></rtept><rtept lat="57.499282" lon="12.443952"><ele>131.2</ele></rtept><rtept lat="57.499288" lon="12.443993"><ele>131.0</ele></rtept><rtept lat="57.499288" lon="12.444038"><ele>131.4</ele></rtept><rtept lat="57.499288" lon="12.444088"><ele>131.4</ele></rtept><rtept lat="57.499295" lon="12.444145"><ele>131.2</ele></rtept><rtept lat="57.499308" lon="12.444193"><ele>131.6</ele></rtept><rtept lat="57.49932" lon="12.444237"><ele>131.6</ele></rtept><rtept lat="57.499353" lon="12.44428"><ele>132.0</ele></rtept><rtept lat="57.499392" lon="12.444297"><ele>132.0</ele></rtept><rtept lat="57.499417" lon="12.444307"><ele>132.2</ele></rtept><rtept lat="57.499475" lon="12.444315"><ele>132.6</ele></rtept><rtept lat="57.499513" lon="12.444342"><ele>132.4</ele></rtept><rtept lat="57.499563" lon="12.444383"><ele>132.6</ele></rtept><rtept lat="57.49959" lon="12.444425"><ele>133.0</ele></rtept><rtept lat="57.499628" lon="12.44447"><ele>132.8</ele></rtept><rtept lat="57.499673" lon="12.444505"><ele>133.2</ele></rtept><rtept lat="57.499712" lon="12.44453"><ele>133.4</ele></rtept><rtept lat="57.499737" lon="12.444542"><ele>133.4</ele></rtept><rtept lat="57.499775" lon="12.444588"><ele>134.2</ele></rtept><rtept lat="57.499768" lon="12.444548"><ele>134.4</ele></rtept><rtept lat="57.499762" lon="12.444493"><ele>134.4</ele></rtept><rtept lat="57.499775" lon="12.444457"><ele>134.6</ele></rtept><rtept lat="57.499788" lon="12.444418"><ele>134.8</ele></rtept><rtept lat="57.499775" lon="12.444445"><ele>135.8</ele></rtept><rtept lat="57.499757" lon="12.444418"><ele>136.2</ele></rtept><rtept lat="57.499762" lon="12.44438"><ele>136.8</ele></rtept><rtept lat="57.499788" lon="12.444383"><ele>137.8</ele></rtept><rtept lat="57.499807" lon="12.444357"><ele>138.6</ele></rtept><rtept lat="57.499813" lon="12.44431"><ele>138.8</ele></rtept><rtept lat="57.499827" lon="12.444277"><ele>139.4</ele></rtept><rtept lat="57.499872" lon="12.444242"><ele>139.6</ele></rtept><rtept lat="57.499903" lon="12.444235"><ele>140.0</ele></rtept><rtept lat="57.499922" lon="12.444218"><ele>140.0</ele></rtept><rtept lat="57.499935" lon="12.444168"><ele>140.2</ele></rtept><rtept lat="57.499935" lon="12.444127"><ele>140.0</ele></rtept><rtept lat="57.49996" lon="12.444098"><ele>140.4</ele></rtept><rtept lat="57.499993" lon="12.444052"><ele>140.6</ele></rtept><rtept lat="57.500012" lon="12.444003"><ele>140.4</ele></rtept><rtept lat="57.500025" lon="12.443958"><ele>140.6</ele></rtept><rtept lat="57.500032" lon="12.443915"><ele>141.0</ele></rtept><rtept lat="57.500043" lon="12.443888"><ele>141.0</ele></rtept><rtept lat="57.50007" lon="12.443828"><ele>140.8</ele></rtept><rtept lat="57.50007" lon="12.443793"><ele>141.2</ele></rtept><rtept lat="57.500077" lon="12.44375"><ele>141.0</ele></rtept><rtept lat="57.500082" lon="12.44371"><ele>140.6</ele></rtept><rtept lat="57.500088" lon="12.443672"><ele>141.2</ele></rtept><rtept lat="57.500108" lon="12.443617"><ele>141.0</ele></rtept><rtept lat="57.500108" lon="12.44354"><ele>141.2</ele></rtept><rtept lat="57.500127" lon="12.443497"><ele>141.4</ele></rtept><rtept lat="57.50014" lon="12.44346"><ele>141.2</ele></rtept><rtept lat="57.50016" lon="12.443423"><ele>141.2</ele></rtept><rtept lat="57.500172" lon="12.443357"><ele>141.6</ele></rtept><rtept lat="57.500185" lon="12.443307"><ele>141.2</ele></rtept><rtept lat="57.500192" lon="12.443255"><ele>141.6</ele></rtept><rtept lat="57.50021" lon="12.443208"><ele>141.6</ele></rtept><rtept lat="57.500217" lon="12.44317"><ele>141.8</ele></rtept><rtept lat="57.500223" lon="12.443138"><ele>141.8</ele></rtept><rtept lat="57.500223" lon="12.443083"><ele>142.4</ele></rtept><rtept lat="57.50023" lon="12.44304"><ele>142.4</ele></rtept><rtept lat="57.500237" lon="12.442995"><ele>142.6</ele></rtept><rtept lat="57.500248" lon="12.442955"><ele>143.2</ele></rtept><rtept lat="57.500268" lon="12.44293"><ele>143.4</ele></rtept><rtept lat="57.500287" lon="12.442922"><ele>143.4</ele></rtept><rtept lat="57.500313" lon="12.44292"><ele>144.0</ele></rtept><rtept lat="57.500332" lon="12.44292"><ele>144.2</ele></rtept><rtept lat="57.500358" lon="12.442932"><ele>145.0</ele></rtept><rtept lat="57.500383" lon="12.442935"><ele>145.0</ele></rtept><rtept lat="57.500408" lon="12.442935"><ele>145.8</ele></rtept><rtept lat="57.500447" lon="12.44292"><ele>146.4</ele></rtept><rtept lat="57.500485" lon="12.442895"><ele>146.6</ele></rtept><rtept lat="57.500512" lon="12.442875"><ele>147.0</ele></rtept><rtept lat="57.500537" lon="12.442858"><ele>147.2</ele></rtept><rtept lat="57.500562" lon="12.442852"><ele>147.2</ele></rtept><rtept lat="57.500582" lon="12.442845"><ele>147.8</ele></rtept><rtept lat="57.500607" lon="12.442842"><ele>147.8</ele></rtept><rtept lat="57.500627" lon="12.442845"><ele>147.8</ele></rtept><rtept lat="57.500645" lon="12.442845"><ele>148.2</ele></rtept><rtept lat="57.500678" lon="12.442862"><ele>148.4</ele></rtept><rtept lat="57.50071" lon="12.442875"><ele>149.0</ele></rtept><rtept lat="57.500742" lon="12.442885"><ele>149.4</ele></rtept><rtept lat="57.500767" lon="12.442905"><ele>149.2</ele></rtept><rtept lat="57.500787" lon="12.442927"><ele>149.6</ele></rtept><rtept lat="57.500805" lon="12.442932"><ele>150.0</ele></rtept><rtept lat="57.500825" lon="12.442937"><ele>150.2</ele></rtept><rtept lat="57.500843" lon="12.442942"><ele>150.2</ele></rtept><rtept lat="57.500882" lon="12.44294"><ele>150.6</ele></rtept><rtept lat="57.500902" lon="12.442947"><ele>150.6</ele></rtept><rtept lat="57.50092" lon="12.442942"><ele>150.8</ele></rtept><rtept lat="57.50094" lon="12.44294"><ele>151.0</ele></rtept><rtept lat="57.500965" lon="12.44294"><ele>151.0</ele></rtept><rtept lat="57.500985" lon="12.44295"><ele>151.0</ele></rtept><rtept lat="57.501003" lon="12.442958"><ele>151.6</ele></rtept><rtept lat="57.50103" lon="12.44296"><ele>151.6</ele></rtept><rtept lat="57.501055" lon="12.44296"><ele>151.6</ele></rtept><rtept lat="57.501087" lon="12.442957"><ele>152.0</ele></rtept><rtept lat="57.501113" lon="12.442957"><ele>151.8</ele></rtept><rtept lat="57.501138" lon="12.442952"><ele>151.8</ele></rtept><rtept lat="57.50117" lon="12.442932"><ele>152.2</ele></rtept><rtept lat="57.501202" lon="12.44292"><ele>152.0</ele></rtept><rtept lat="57.501228" lon="12.442895"><ele>151.8</ele></rtept><rtept lat="57.501253" lon="12.44287"><ele>152.2</ele></rtept><rtept lat="57.501273" lon="12.442845"><ele>152.0</ele></rtept><rtept lat="57.501298" lon="12.44282"><ele>152.0</ele></rtept><rtept lat="57.501318" lon="12.442805"><ele>152.4</ele></rtept><rtept lat="57.501337" lon="12.442797"><ele>152.2</ele></rtept><rtept lat="57.501362" lon="12.442782"><ele>152.0</ele></rtept><rtept lat="57.501375" lon="12.442758"><ele>152.6</ele></rtept><rtept lat="57.501395" lon="12.442727"><ele>152.4</ele></rtept><rtept lat="57.501413" lon="12.442703"><ele>152.2</ele></rtept><rtept lat="57.501433" lon="12.442687"><ele>152.6</ele></rtept><rtept lat="57.501452" lon="12.442667"><ele>152.4</ele></rtept><rtept lat="57.501472" lon="12.442647"><ele>152.6</ele></rtept><rtept lat="57.501497" lon="12.442617"><ele>152.8</ele></rtept><rtept lat="57.501522" lon="12.44258"><ele>152.8</ele></rtept><rtept lat="57.501548" lon="12.442552"><ele>152.8</ele></rtept><rtept lat="57.501573" lon="12.442528"><ele>153.2</ele></rtept><rtept lat="57.5016" lon="12.442505"><ele>153.2</ele></rtept><rtept lat="57.501618" lon="12.442475"><ele>153.2</ele></rtept><rtept lat="57.501638" lon="12.442448"><ele>153.4</ele></rtept><rtept lat="57.501657" lon="12.442433"><ele>153.2</ele></rtept><rtept lat="57.501682" lon="12.442413"><ele>153.6</ele></rtept><rtept lat="57.501708" lon="12.442403"><ele>153.4</ele></rtept><rtept lat="57.501733" lon="12.44239"><ele>153.4</ele></rtept><rtept lat="57.501765" lon="12.44237"><ele>153.8</ele></rtept><rtept lat="57.501792" lon="12.44235"><ele>153.6</ele></rtept><rtept lat="57.501817" lon="12.442335"><ele>153.6</ele></rtept><rtept lat="57.501837" lon="12.442315"><ele>153.8</ele></rtept><rtept lat="57.501862" lon="12.4423"><ele>153.4</ele></rtept><rtept lat="57.501887" lon="12.442292"><ele>153.4</ele></rtept><rtept lat="57.501913" lon="12.442287"><ele>153.6</ele></rtept><rtept lat="57.501938" lon="12.442277"><ele>153.6</ele></rtept><rtept lat="57.501963" lon="12.44227"><ele>153.6</ele></rtept><rtept lat="57.501997" lon="12.442258"><ele>154.0</ele></rtept><rtept lat="57.502035" lon="12.442245"><ele>153.8</ele></rtept><rtept lat="57.502067" lon="12.44223"><ele>153.8</ele></rtept><rtept lat="57.502092" lon="12.442222"><ele>154.0</ele></rtept><rtept lat="57.502118" lon="12.442215"><ele>153.6</ele></rtept><rtept lat="57.502137" lon="12.442198"><ele>153.6</ele></rtept><rtept lat="57.502157" lon="12.442172"><ele>153.6</ele></rtept><rtept lat="57.502188" lon="12.442138"><ele>153.0</ele></rtept><rtept lat="57.502213" lon="12.442097"><ele>153.0</ele></rtept><rtept lat="57.502233" lon="12.442073"><ele>152.8</ele></rtept><rtept lat="57.502258" lon="12.442033"><ele>152.4</ele></rtept><rtept lat="57.502278" lon="12.441998"><ele>152.4</ele></rtept><rtept lat="57.502297" lon="12.441973"><ele>152.2</ele></rtept><rtept lat="57.502328" lon="12.441933"><ele>152.0</ele></rtept><rtept lat="57.502348" lon="12.441902"><ele>152.0</ele></rtept><rtept lat="57.502373" lon="12.441873"><ele>151.8</ele></rtept><rtept lat="57.5024" lon="12.441847"><ele>151.4</ele></rtept><rtept lat="57.502412" lon="12.44181"><ele>151.6</ele></rtept><rtept lat="57.502432" lon="12.44178"><ele>151.6</ele></rtept><rtept lat="57.502457" lon="12.441745"><ele>151.4</ele></rtept><rtept lat="57.502482" lon="12.44172"><ele>151.2</ele></rtept><rtept lat="57.502508" lon="12.441693"><ele>151.4</ele></rtept><rtept lat="57.50252" lon="12.441653"><ele>151.2</ele></rtept><rtept lat="57.502547" lon="12.441615"><ele>151.0</ele></rtept><rtept lat="57.502565" lon="12.441588"><ele>151.0</ele></rtept><rtept lat="57.502585" lon="12.441557"><ele>151.0</ele></rtept><rtept lat="57.502603" lon="12.441535"><ele>150.6</ele></rtept><rtept lat="57.502642" lon="12.441487"><ele>150.6</ele></rtept><rtept lat="57.502668" lon="12.441458"><ele>150.2</ele></rtept><rtept lat="57.50268" lon="12.441427"><ele>150.0</ele></rtept><rtept lat="57.502713" lon="12.44138"><ele>150.0</ele></rtept><rtept lat="57.502725" lon="12.441357"><ele>149.8</ele></rtept><rtept lat="57.502745" lon="12.441328"><ele>149.8</ele></rtept><rtept lat="57.502763" lon="12.441313"><ele>150.0</ele></rtept><rtept lat="57.502783" lon="12.44128"><ele>149.4</ele></rtept><rtept lat="57.50279" lon="12.441223"><ele>149.0</ele></rtept><rtept lat="57.502802" lon="12.441192"><ele>149.0</ele></rtept><rtept lat="57.502815" lon="12.441155"><ele>148.8</ele></rtept><rtept lat="57.502828" lon="12.441122"><ele>148.6</ele></rtept><rtept lat="57.502853" lon="12.441093"><ele>149.0</ele></rtept><rtept lat="57.502885" lon="12.441065"><ele>148.8</ele></rtept><rtept lat="57.502912" lon="12.441042"><ele>149.0</ele></rtept><rtept lat="57.502943" lon="12.441023"><ele>149.0</ele></rtept><rtept lat="57.502968" lon="12.441008"><ele>148.6</ele></rtept><rtept lat="57.502988" lon="12.440983"><ele>148.8</ele></rtept><rtept lat="57.503013" lon="12.44096"><ele>148.8</ele></rtept><rtept lat="57.50304" lon="12.440948"><ele>148.4</ele></rtept><rtept lat="57.503065" lon="12.440943"><ele>148.8</ele></rtept><rtept lat="57.50309" lon="12.440943"><ele>148.4</ele></rtept><rtept lat="57.503117" lon="12.44095"><ele>148.2</ele></rtept><rtept lat="57.503142" lon="12.440963"><ele>148.6</ele></rtept><rtept lat="57.503173" lon="12.440977"><ele>148.2</ele></rtept><rtept lat="57.503193" lon="12.440997"><ele>148.2</ele></rtept><rtept lat="57.503218" lon="12.441008"><ele>148.4</ele></rtept><rtept lat="57.503243" lon="12.441023"><ele>148.0</ele></rtept><rtept lat="57.50327" lon="12.441055"><ele>148.2</ele></rtept><rtept lat="57.503302" lon="12.441085"><ele>148.0</ele></rtept><rtept lat="57.503327" lon="12.441127"><ele>147.6</ele></rtept><rtept lat="57.503353" lon="12.441158"><ele>147.8</ele></rtept><rtept lat="57.503378" lon="12.441182"><ele>147.4</ele></rtept><rtept lat="57.503403" lon="12.441207"><ele>147.0</ele></rtept><rtept lat="57.50343" lon="12.441243"><ele>147.2</ele></rtept><rtept lat="57.503455" lon="12.441273"><ele>146.8</ele></rtept><rtept lat="57.503475" lon="12.4413"><ele>147.2</ele></rtept><rtept lat="57.5035" lon="12.441342"><ele>147.0</ele></rtept><rtept lat="57.503525" lon="12.441395"><ele>146.8</ele></rtept><rtept lat="57.503552" lon="12.44144"><ele>147.0</ele></rtept><rtept lat="57.50357" lon="12.441492"><ele>146.6</ele></rtept><rtept lat="57.503583" lon="12.441532"><ele>146.6</ele></rtept><rtept lat="57.503602" lon="12.44157"><ele>146.4</ele></rtept><rtept lat="57.503622" lon="12.441605"><ele>146.0</ele></rtept><rtept lat="57.503653" lon="12.44164"><ele>146.2</ele></rtept><rtept lat="57.50368" lon="12.441673"><ele>145.8</ele></rtept><rtept lat="57.503705" lon="12.441705"><ele>146.2</ele></rtept><rtept lat="57.50373" lon="12.441725"><ele>145.8</ele></rtept><rtept lat="57.503757" lon="12.44174"><ele>145.4</ele></rtept><rtept lat="57.503788" lon="12.441748"><ele>145.8</ele></rtept><rtept lat="57.503807" lon="12.441755"><ele>145.6</ele></rtept><rtept lat="57.50384" lon="12.44175"><ele>145.8</ele></rtept><rtept lat="57.503865" lon="12.441738"><ele>145.8</ele></rtept><rtept lat="57.503897" lon="12.441735"><ele>145.6</ele></rtept><rtept lat="57.503922" lon="12.441733"><ele>146.0</ele></rtept><rtept lat="57.50396" lon="12.441723"><ele>145.8</ele></rtept><rtept lat="57.503987" lon="12.441722"><ele>146.0</ele></rtept><rtept lat="57.504012" lon="12.441708"><ele>146.2</ele></rtept><rtept lat="57.504043" lon="12.441698"><ele>145.6</ele></rtept><rtept lat="57.50407" lon="12.441697"><ele>146.0</ele></rtept><rtept lat="57.504102" lon="12.441688"><ele>145.6</ele></rtept><rtept lat="57.50414" lon="12.441683"><ele>145.8</ele></rtept><rtept lat="57.504165" lon="12.441683"><ele>145.4</ele></rtept><rtept lat="57.504198" lon="12.441688"><ele>145.4</ele></rtept><rtept lat="57.504237" lon="12.441693"><ele>145.6</ele></rtept><rtept lat="57.504262" lon="12.441708"><ele>145.6</ele></rtept><rtept lat="57.504307" lon="12.441722"><ele>145.2</ele></rtept><rtept lat="57.504338" lon="12.441755"><ele>145.6</ele></rtept><rtept lat="57.504358" lon="12.441782"><ele>145.2</ele></rtept><rtept lat="57.50439" lon="12.441802"><ele>145.4</ele></rtept><rtept lat="57.504415" lon="12.441842"><ele>145.4</ele></rtept><rtept lat="57.50444" lon="12.441875"><ele>145.2</ele></rtept><rtept lat="57.504467" lon="12.441908"><ele>145.6</ele></rtept><rtept lat="57.504492" lon="12.441952"><ele>145.4</ele></rtept><rtept lat="57.504512" lon="12.441992"><ele>145.0</ele></rtept><rtept lat="57.50453" lon="12.442022"><ele>145.2</ele></rtept><rtept lat="57.504543" lon="12.442052"><ele>145.0</ele></rtept><rtept lat="57.504557" lon="12.442078"><ele>145.0</ele></rtept><rtept lat="57.504575" lon="12.442102"><ele>145.0</ele></rtept><rtept lat="57.504595" lon="12.442118"><ele>144.8</ele></rtept><rtept lat="57.50462" lon="12.442127"><ele>145.0</ele></rtept><rtept lat="57.504652" lon="12.442135"><ele>144.8</ele></rtept><rtept lat="57.504672" lon="12.442132"><ele>144.8</ele></rtept><rtept lat="57.504697" lon="12.442112"><ele>145.0</ele></rtept><rtept lat="57.504717" lon="12.44209"><ele>144.8</ele></rtept><rtept lat="57.504748" lon="12.442057"><ele>144.4</ele></rtept><rtept lat="57.504773" lon="12.442022"><ele>144.4</ele></rtept><rtept lat="57.504812" lon="12.441992"><ele>144.0</ele></rtept><rtept lat="57.504838" lon="12.441967"><ele>144.0</ele></rtept><rtept lat="57.504863" lon="12.441947"><ele>143.8</ele></rtept><rtept lat="57.504888" lon="12.44192"><ele>143.4</ele></rtept><rtept lat="57.504915" lon="12.4419"><ele>143.4</ele></rtept><rtept lat="57.504933" lon="12.441873"><ele>143.2</ele></rtept><rtept lat="57.50496" lon="12.441842"><ele>142.8</ele></rtept><rtept lat="57.504985" lon="12.441798"><ele>142.6</ele></rtept><rtept lat="57.505003" lon="12.44177"><ele>142.2</ele></rtept><rtept lat="57.50503" lon="12.441743"><ele>141.4</ele></rtept><rtept lat="57.505055" lon="12.441717"><ele>141.4</ele></rtept><rtept lat="57.505075" lon="12.441688"><ele>140.8</ele></rtept><rtept lat="57.505107" lon="12.441665"><ele>140.4</ele></rtept><rtept lat="57.505138" lon="12.441648"><ele>140.2</ele></rtept><rtept lat="57.50517" lon="12.44164"><ele>139.8</ele></rtept><rtept lat="57.505202" lon="12.44163"><ele>139.8</ele></rtept><rtept lat="57.505228" lon="12.441623"><ele>139.4</ele></rtept><rtept lat="57.50526" lon="12.44163"><ele>139.0</ele></rtept><rtept lat="57.505292" lon="12.44164"><ele>139.4</ele></rtept><rtept lat="57.505318" lon="12.441655"><ele>138.8</ele></rtept><rtept lat="57.505337" lon="12.441685"><ele>138.8</ele></rtept><rtept lat="57.505357" lon="12.441723"><ele>138.8</ele></rtept><rtept lat="57.505375" lon="12.441768"><ele>138.6</ele></rtept><rtept lat="57.505395" lon="12.441815"><ele>139.0</ele></rtept><rtept lat="57.505407" lon="12.441848"><ele>138.6</ele></rtept><rtept lat="57.505433" lon="12.441898"><ele>138.8</ele></rtept><rtept lat="57.505452" lon="12.441967"><ele>139.0</ele></rtept><rtept lat="57.505472" lon="12.442028"><ele>138.8</ele></rtept><rtept lat="57.50549" lon="12.44209"><ele>139.0</ele></rtept><rtept lat="57.50551" lon="12.44214"><ele>138.8</ele></rtept><rtept lat="57.505528" lon="12.44218"><ele>138.6</ele></rtept><rtept lat="57.505542" lon="12.44223"><ele>139.0</ele></rtept><rtept lat="57.50556" lon="12.442275"><ele>138.8</ele></rtept><rtept lat="57.505573" lon="12.442323"><ele>138.6</ele></rtept><rtept lat="57.505593" lon="12.44236"><ele>138.8</ele></rtept><rtept lat="57.505612" lon="12.442408"><ele>138.6</ele></rtept><rtept lat="57.505632" lon="12.442455"><ele>139.0</ele></rtept><rtept lat="57.50565" lon="12.442502"><ele>139.0</ele></rtept><rtept lat="57.505663" lon="12.442547"><ele>138.6</ele></rtept><rtept lat="57.505688" lon="12.442593"><ele>138.8</ele></rtept><rtept lat="57.505708" lon="12.44264"><ele>138.6</ele></rtept><rtept lat="57.505715" lon="12.442687"><ele>138.8</ele></rtept><rtept lat="57.505733" lon="12.442733"><ele>139.0</ele></rtept><rtept lat="57.505747" lon="12.442778"><ele>138.6</ele></rtept><rtept lat="57.505765" lon="12.442825"><ele>138.8</ele></rtept><rtept lat="57.505785" lon="12.442867"><ele>138.6</ele></rtept><rtept lat="57.505798" lon="12.442907"><ele>138.2</ele></rtept><rtept lat="57.505817" lon="12.442957"><ele>138.4</ele></rtept><rtept lat="57.505837" lon="12.443003"><ele>137.8</ele></rtept><rtept lat="57.505855" lon="12.443048"><ele>137.4</ele></rtept><rtept lat="57.505875" lon="12.443093"><ele>137.6</ele></rtept><rtept lat="57.505893" lon="12.443135"><ele>137.2</ele></rtept><rtept lat="57.505913" lon="12.443175"><ele>137.0</ele></rtept><rtept lat="57.505932" lon="12.443222"><ele>136.8</ele></rtept><rtept lat="57.505958" lon="12.443262"><ele>136.2</ele></rtept><rtept lat="57.505983" lon="12.443288"><ele>136.2</ele></rtept><rtept lat="57.506015" lon="12.443332"><ele>135.6</ele></rtept><rtept lat="57.506035" lon="12.443372"><ele>135.0</ele></rtept><rtept lat="57.506053" lon="12.443413"><ele>135.0</ele></rtept><rtept lat="57.506073" lon="12.443453"><ele>134.2</ele></rtept><rtept lat="57.506098" lon="12.443485"><ele>134.0</ele></rtept><rtept lat="57.506118" lon="12.443525"><ele>133.4</ele></rtept><rtept lat="57.506137" lon="12.443558"><ele>133.0</ele></rtept><rtept lat="57.506162" lon="12.443612"><ele>133.0</ele></rtept><rtept lat="57.506182" lon="12.443657"><ele>132.2</ele></rtept><rtept lat="57.506207" lon="12.443695"><ele>132.2</ele></rtept><rtept lat="57.50624" lon="12.44373"><ele>132.0</ele></rtept><rtept lat="57.506258" lon="12.443773"><ele>131.6</ele></rtept><rtept lat="57.506283" lon="12.44381"><ele>131.6</ele></rtept><rtept lat="57.506297" lon="12.44385"><ele>131.2</ele></rtept><rtept lat="57.50631" lon="12.443888"><ele>131.0</ele></rtept><rtept lat="57.506335" lon="12.443935"><ele>131.0</ele></rtept><rtept lat="57.50636" lon="12.443988"><ele>130.6</ele></rtept><rtept lat="57.50638" lon="12.444027"><ele>131.0</ele></rtept><rtept lat="57.5064" lon="12.444068"><ele>130.6</ele></rtept><rtept lat="57.506418" lon="12.444107"><ele>130.8</ele></rtept><rtept lat="57.506438" lon="12.444145"><ele>130.6</ele></rtept><rtept lat="57.506457" lon="12.444185"><ele>130.2</ele></rtept><rtept lat="57.506477" lon="12.444222"><ele>130.4</ele></rtept><rtept lat="57.506502" lon="12.44426"><ele>130.0</ele></rtept><rtept lat="57.506527" lon="12.444302"><ele>130.2</ele></rtept><rtept lat="57.506547" lon="12.444332"><ele>130.0</ele></rtept><rtept lat="57.506572" lon="12.44436"><ele>129.6</ele></rtept><rtept lat="57.506592" lon="12.44439"><ele>129.8</ele></rtept><rtept lat="57.506603" lon="12.444415"><ele>129.8</ele></rtept><rtept lat="57.50663" lon="12.444445"><ele>130.2</ele></rtept><rtept lat="57.506642" lon="12.444483"><ele>130.2</ele></rtept><rtept lat="57.506668" lon="12.444518"><ele>130.0</ele></rtept><rtept lat="57.506687" lon="12.444548"><ele>130.4</ele></rtept><rtept lat="57.506707" lon="12.44458"><ele>130.4</ele></rtept><rtept lat="57.506732" lon="12.444613"><ele>131.0</ele></rtept><rtept lat="57.506758" lon="12.444643"><ele>130.8</ele></rtept><rtept lat="57.506777" lon="12.444678"><ele>130.8</ele></rtept><rtept lat="57.506797" lon="12.444708"><ele>131.0</ele></rtept><rtept lat="57.506815" lon="12.444743"><ele>130.8</ele></rtept><rtept lat="57.50684" lon="12.44478"><ele>131.2</ele></rtept><rtept lat="57.506867" lon="12.444818"><ele>131.2</ele></rtept><rtept lat="57.50688" lon="12.44486"><ele>130.6</ele></rtept><rtept lat="57.506898" lon="12.444907"><ele>130.8</ele></rtept><rtept lat="57.506918" lon="12.444957"><ele>130.6</ele></rtept><rtept lat="57.506937" lon="12.445"><ele>130.2</ele></rtept><rtept lat="57.50695" lon="12.445047"><ele>130.2</ele></rtept><rtept lat="57.506975" lon="12.445092"><ele>129.8</ele></rtept><rtept lat="57.506995" lon="12.445133"><ele>129.4</ele></rtept><rtept lat="57.507013" lon="12.445177"><ele>129.4</ele></rtept><rtept lat="57.507033" lon="12.445217"><ele>128.8</ele></rtept><rtept lat="57.507058" lon="12.445255"><ele>128.8</ele></rtept><rtept lat="57.507083" lon="12.445285"><ele>128.2</ele></rtept><rtept lat="57.507103" lon="12.44532"><ele>127.8</ele></rtept><rtept lat="57.507135" lon="12.445355"><ele>127.8</ele></rtept><rtept lat="57.507155" lon="12.44538"><ele>127.2</ele></rtept><rtept lat="57.50718" lon="12.445403"><ele>127.4</ele></rtept><rtept lat="57.5072" lon="12.445427"><ele>127.0</ele></rtept><rtept lat="57.507212" lon="12.445453"><ele>126.6</ele></rtept><rtept lat="57.507238" lon="12.44548"><ele>127.0</ele></rtept><rtept lat="57.507263" lon="12.4455"><ele>126.6</ele></rtept><rtept lat="57.507288" lon="12.445527"><ele>126.6</ele></rtept><rtept lat="57.507315" lon="12.445557"><ele>126.4</ele></rtept><rtept lat="57.507333" lon="12.44558"><ele>126.2</ele></rtept><rtept lat="57.507358" lon="12.445607"><ele>126.2</ele></rtept><rtept lat="57.507385" lon="12.445627"><ele>126.0</ele></rtept><rtept lat="57.50741" lon="12.445642"><ele>125.6</ele></rtept><rtept lat="57.50743" lon="12.44566"><ele>125.6</ele></rtept><rtept lat="57.507455" lon="12.445685"><ele>125.2</ele></rtept><rtept lat="57.50748" lon="12.445712"><ele>125.4</ele></rtept><rtept lat="57.507507" lon="12.445735"><ele>125.0</ele></rtept><rtept lat="57.507538" lon="12.445757"><ele>124.4</ele></rtept><rtept lat="57.50757" lon="12.44578"><ele>124.6</ele></rtept><rtept lat="57.50759" lon="12.445805"><ele>124.4</ele></rtept><rtept lat="57.507615" lon="12.445837"><ele>124.4</ele></rtept><rtept lat="57.50764" lon="12.445868"><ele>124.2</ele></rtept><rtept lat="57.507667" lon="12.4459"><ele>123.8</ele></rtept><rtept lat="57.507692" lon="12.44594"><ele>124.0</ele></rtept><rtept lat="57.507712" lon="12.44597"><ele>123.8</ele></rtept><rtept lat="57.50773" lon="12.446015"><ele>124.0</ele></rtept><rtept lat="57.50773" lon="12.446062"><ele>124.0</ele></rtept><rtept lat="57.507737" lon="12.446118"><ele>123.6</ele></rtept><rtept lat="57.50773" lon="12.44618"><ele>124.0</ele></rtept><rtept lat="57.507718" lon="12.44622"><ele>123.6</ele></rtept><rtept lat="57.507705" lon="12.44626"><ele>123.2</ele></rtept><rtept lat="57.507685" lon="12.446332"><ele>123.6</ele></rtept><rtept lat="57.507673" lon="12.446385"><ele>123.6</ele></rtept><rtept lat="57.507653" lon="12.44643"><ele>123.8</ele></rtept><rtept lat="57.507635" lon="12.446477"><ele>124.0</ele></rtept><rtept lat="57.507622" lon="12.44651"><ele>123.8</ele></rtept><rtept lat="57.507597" lon="12.44655"><ele>124.4</ele></rtept><rtept lat="57.50759" lon="12.446588"><ele>125.2</ele></rtept><rtept lat="57.507577" lon="12.446615"><ele>125.4</ele></rtept><rtept lat="57.507538" lon="12.44666"><ele>125.0</ele></rtept><rtept lat="57.50752" lon="12.446698"><ele>125.4</ele></rtept><rtept lat="57.5075" lon="12.44674"><ele>125.4</ele></rtept><rtept lat="57.507475" lon="12.446782"><ele>125.4</ele></rtept><rtept lat="57.507448" lon="12.446823"><ele>125.6</ele></rtept><rtept lat="57.507423" lon="12.446873"><ele>125.6</ele></rtept><rtept lat="57.507398" lon="12.446912"><ele>125.6</ele></rtept><rtept lat="57.507385" lon="12.446947"><ele>125.8</ele></rtept><rtept lat="57.507372" lon="12.446985"><ele>125.6</ele></rtept><rtept lat="57.507358" lon="12.447017"><ele>125.6</ele></rtept><rtept lat="57.507347" lon="12.447055"><ele>126.0</ele></rtept><rtept lat="57.50734" lon="12.447092"><ele>126.0</ele></rtept><rtept lat="57.50734" lon="12.447132"><ele>125.8</ele></rtept><rtept lat="57.507333" lon="12.447177"><ele>126.2</ele></rtept><rtept lat="57.507333" lon="12.44722"><ele>126.0</ele></rtept><rtept lat="57.507333" lon="12.44726"><ele>126.0</ele></rtept><rtept lat="57.507333" lon="12.447297"><ele>125.8</ele></rtept><rtept lat="57.507333" lon="12.44733"><ele>125.8</ele></rtept><rtept lat="57.507333" lon="12.447395"><ele>125.8</ele></rtept><rtept lat="57.507333" lon="12.44743"><ele>125.8</ele></rtept><rtept lat="57.507333" lon="12.447488"><ele>125.4</ele></rtept><rtept lat="57.50732" lon="12.447522"><ele>125.4</ele></rtept><rtept lat="57.507302" lon="12.44758"><ele>125.2</ele></rtept><rtept lat="57.507282" lon="12.447602"><ele>125.2</ele></rtept><rtept lat="57.507257" lon="12.447642"><ele>125.0</ele></rtept><rtept lat="57.507238" lon="12.447657"><ele>125.0</ele></rtept><rtept lat="57.507218" lon="12.447667"><ele>125.2</ele></rtept><rtept lat="57.507187" lon="12.447682"><ele>125.0</ele></rtept><rtept lat="57.507148" lon="12.447693"><ele>125.2</ele></rtept><rtept lat="57.507122" lon="12.4477"><ele>125.2</ele></rtept><rtept lat="57.507103" lon="12.447715"><ele>125.4</ele></rtept><rtept lat="57.507078" lon="12.44773"><ele>125.6</ele></rtept><rtept lat="57.507052" lon="12.447745"><ele>126.0</ele></rtept><rtept lat="57.507033" lon="12.44776"><ele>125.8</ele></rtept><rtept lat="57.507013" lon="12.447777"><ele>126.0</ele></rtept><rtept lat="57.506995" lon="12.447785"><ele>126.0</ele></rtept><rtept lat="57.506975" lon="12.447787"><ele>126.0</ele></rtept><rtept lat="57.506957" lon="12.447792"><ele>126.4</ele></rtept><rtept lat="57.506937" lon="12.447798"><ele>126.2</ele></rtept><rtept lat="57.506918" lon="12.447807"><ele>126.0</ele></rtept><rtept lat="57.506898" lon="12.447817"><ele>126.4</ele></rtept><rtept lat="57.50688" lon="12.447825"><ele>126.4</ele></rtept><rtept lat="57.506853" lon="12.447838"><ele>126.2</ele></rtept><rtept lat="57.506835" lon="12.447852"><ele>126.6</ele></rtept><rtept lat="57.506802" lon="12.447865"><ele>126.4</ele></rtept><rtept lat="57.506777" lon="12.447877"><ele>126.8</ele></rtept><rtept lat="57.506745" lon="12.447887"><ele>127.0</ele></rtept><rtept lat="57.50672" lon="12.4479"><ele>126.8</ele></rtept><rtept lat="57.506693" lon="12.44791"><ele>127.2</ele></rtept><rtept lat="57.506675" lon="12.44793"><ele>127.2</ele></rtept><rtept lat="57.506637" lon="12.44796"><ele>126.6</ele></rtept><rtept lat="57.506603" lon="12.448"><ele>127.2</ele></rtept><rtept lat="57.506572" lon="12.448018"><ele>127.0</ele></rtept><rtept lat="57.50654" lon="12.448035"><ele>127.4</ele></rtept><rtept lat="57.506508" lon="12.448058"><ele>127.4</ele></rtept><rtept lat="57.506482" lon="12.448075"><ele>127.2</ele></rtept><rtept lat="57.506457" lon="12.448098"><ele>127.6</ele></rtept><rtept lat="57.506425" lon="12.448122"><ele>127.6</ele></rtept><rtept lat="57.506393" lon="12.448143"><ele>127.4</ele></rtept><rtept lat="57.50636" lon="12.448173"><ele>127.8</ele></rtept><rtept lat="57.506328" lon="12.448198"><ele>127.6</ele></rtept><rtept lat="57.506297" lon="12.44822"><ele>127.8</ele></rtept><rtept lat="57.506265" lon="12.448242"><ele>127.6</ele></rtept><rtept lat="57.506233" lon="12.448262"><ele>127.2</ele></rtept><rtept lat="57.506207" lon="12.448272"><ele>127.6</ele></rtept><rtept lat="57.506182" lon="12.448283"><ele>127.6</ele></rtept><rtept lat="57.50615" lon="12.448308"><ele>127.8</ele></rtept><rtept lat="57.506123" lon="12.448338"><ele>127.8</ele></rtept><rtept lat="57.506092" lon="12.44836"><ele>127.6</ele></rtept><rtept lat="57.50606" lon="12.448382"><ele>127.8</ele></rtept><rtept lat="57.506022" lon="12.448398"><ele>127.6</ele></rtept><rtept lat="57.505983" lon="12.448415"><ele>127.2</ele></rtept><rtept lat="57.505952" lon="12.448432"><ele>127.6</ele></rtept><rtept lat="57.505925" lon="12.448445"><ele>127.2</ele></rtept><rtept lat="57.505907" lon="12.448457"><ele>127.4</ele></rtept><rtept lat="57.505887" lon="12.448467"><ele>127.4</ele></rtept><rtept lat="57.505868" lon="12.448482"><ele>127.2</ele></rtept><rtept lat="57.505842" lon="12.448495"><ele>127.6</ele></rtept><rtept lat="57.50581" lon="12.4485"><ele>127.2</ele></rtept><rtept lat="57.505792" lon="12.448512"><ele>126.8</ele></rtept><rtept lat="57.505765" lon="12.448522"><ele>127.2</ele></rtept><rtept lat="57.505733" lon="12.448537"><ele>126.8</ele></rtept><rtept lat="57.505708" lon="12.448558"><ele>126.8</ele></rtept><rtept lat="57.50567" lon="12.448572"><ele>127.0</ele></rtept><rtept lat="57.50565" lon="12.448587"><ele>126.6</ele></rtept><rtept lat="57.505618" lon="12.44861"><ele>127.0</ele></rtept><rtept lat="57.505593" lon="12.448628"><ele>126.8</ele></rtept><rtept lat="57.505573" lon="12.44864"><ele>126.2</ele></rtept><rtept lat="57.505548" lon="12.448657"><ele>126.8</ele></rtept><rtept lat="57.505517" lon="12.448673"><ele>126.4</ele></rtept><rtept lat="57.505497" lon="12.448683"><ele>126.6</ele></rtept><rtept lat="57.505472" lon="12.4487"><ele>126.4</ele></rtept><rtept lat="57.505445" lon="12.44872"><ele>126.0</ele></rtept><rtept lat="57.505413" lon="12.448738"><ele>126.6</ele></rtept><rtept lat="57.505388" lon="12.448755"><ele>126.2</ele></rtept><rtept lat="57.505362" lon="12.448775"><ele>126.6</ele></rtept><rtept lat="57.505337" lon="12.448793"><ele>126.4</ele></rtept><rtept lat="57.505318" lon="12.448813"><ele>126.2</ele></rtept><rtept lat="57.505298" lon="12.448867"><ele>126.4</ele></rtept><rtept lat="57.505285" lon="12.448908"><ele>126.4</ele></rtept><rtept lat="57.50528" lon="12.448958"><ele>126.4</ele></rtept><rtept lat="57.505273" lon="12.449007"><ele>126.2</ele></rtept><rtept lat="57.505267" lon="12.449057"><ele>126.6</ele></rtept><rtept lat="57.505267" lon="12.449105"><ele>126.2</ele></rtept><rtept lat="57.505267" lon="12.44915"><ele>126.2</ele></rtept><rtept lat="57.505253" lon="12.449197"><ele>126.6</ele></rtept><rtept lat="57.505247" lon="12.449242"><ele>126.2</ele></rtept><rtept lat="57.50524" lon="12.449295"><ele>126.4</ele></rtept><rtept lat="57.505235" lon="12.449343"><ele>126.4</ele></rtept><rtept lat="57.505228" lon="12.44939"><ele>126.0</ele></rtept><rtept lat="57.505215" lon="12.449438"><ele>126.4</ele></rtept><rtept lat="57.505208" lon="12.449483"><ele>126.2</ele></rtept><rtept lat="57.505197" lon="12.449528"><ele>125.8</ele></rtept><rtept lat="57.50519" lon="12.449573"><ele>126.2</ele></rtept><rtept lat="57.505177" lon="12.449613"><ele>125.8</ele></rtept><rtept lat="57.50517" lon="12.449653"><ele>126.2</ele></rtept><rtept lat="57.505158" lon="12.449697"><ele>126.2</ele></rtept><rtept lat="57.505152" lon="12.449738"><ele>125.8</ele></rtept><rtept lat="57.505138" lon="12.449778"><ele>126.4</ele></rtept><rtept lat="57.505132" lon="12.44982"><ele>126.2</ele></rtept><rtept lat="57.50512" lon="12.449862"><ele>126.0</ele></rtept><rtept lat="57.505113" lon="12.449905"><ele>126.0</ele></rtept><rtept lat="57.505107" lon="12.449945"><ele>125.8</ele></rtept><rtept lat="57.505093" lon="12.449987"><ele>126.2</ele></rtept><rtept lat="57.505087" lon="12.45003"><ele>126.2</ele></rtept><rtept lat="57.505075" lon="12.450077"><ele>125.8</ele></rtept><rtept lat="57.505055" lon="12.450118"><ele>126.4</ele></rtept><rtept lat="57.505048" lon="12.450155"><ele>126.0</ele></rtept><rtept lat="57.50503" lon="12.4502"><ele>126.2</ele></rtept><rtept lat="57.505017" lon="12.450248"><ele>126.4</ele></rtept><rtept lat="57.504998" lon="12.450292"><ele>126.0</ele></rtept><rtept lat="57.504978" lon="12.450332"><ele>126.6</ele></rtept><rtept lat="57.504965" lon="12.450373"><ele>126.4</ele></rtept><rtept lat="57.504947" lon="12.450423"><ele>126.6</ele></rtept><rtept lat="57.504933" lon="12.450472"><ele>126.8</ele></rtept><rtept lat="57.504915" lon="12.45052"><ele>126.4</ele></rtept><rtept lat="57.504902" lon="12.450567"><ele>127.0</ele></rtept><rtept lat="57.504888" lon="12.450618"><ele>126.8</ele></rtept><rtept lat="57.504888" lon="12.45067"><ele>126.8</ele></rtept><rtept lat="57.504882" lon="12.45072"><ele>127.0</ele></rtept><rtept lat="57.504888" lon="12.450765"><ele>126.8</ele></rtept><rtept lat="57.504888" lon="12.450815"><ele>127.2</ele></rtept><rtept lat="57.504895" lon="12.45086"><ele>126.8</ele></rtept><rtept lat="57.504908" lon="12.450905"><ele>126.4</ele></rtept><rtept lat="57.50492" lon="12.450948"><ele>126.8</ele></rtept><rtept lat="57.50494" lon="12.450987"><ele>126.4</ele></rtept><rtept lat="57.50496" lon="12.451022"><ele>126.6</ele></rtept><rtept lat="57.504978" lon="12.451058"><ele>126.4</ele></rtept><rtept lat="57.504998" lon="12.451092"><ele>126.2</ele></rtept><rtept lat="57.505017" lon="12.45112"><ele>126.4</ele></rtept><rtept lat="57.505037" lon="12.451157"><ele>126.0</ele></rtept><rtept lat="57.505055" lon="12.451192"><ele>125.6</ele></rtept><rtept lat="57.50508" lon="12.45123"><ele>125.8</ele></rtept><rtept lat="57.505093" lon="12.451265"><ele>125.4</ele></rtept><rtept lat="57.50512" lon="12.4513"><ele>125.4</ele></rtept><rtept lat="57.505138" lon="12.451335"><ele>125.6</ele></rtept><rtept lat="57.505163" lon="12.451372"><ele>125.2</ele></rtept><rtept lat="57.505183" lon="12.451417"><ele>125.4</ele></rtept><rtept lat="57.505202" lon="12.451453"><ele>125.0</ele></rtept><rtept lat="57.505222" lon="12.45149"><ele>124.8</ele></rtept><rtept lat="57.50524" lon="12.451525"><ele>125.0</ele></rtept><rtept lat="57.505253" lon="12.451562"><ele>124.6</ele></rtept><rtept lat="57.505273" lon="12.4516"><ele>125.0</ele></rtept><rtept lat="57.505285" lon="12.45164"><ele>125.0</ele></rtept><rtept lat="57.505305" lon="12.451675"><ele>124.6</ele></rtept><rtept lat="57.505318" lon="12.451712"><ele>125.0</ele></rtept><rtept lat="57.505337" lon="12.451743"><ele>124.8</ele></rtept><rtept lat="57.505357" lon="12.45178"><ele>124.6</ele></rtept><rtept lat="57.505375" lon="12.451818"><ele>124.8</ele></rtept><rtept lat="57.505395" lon="12.451853"><ele>124.4</ele></rtept><rtept lat="57.505427" lon="12.451885"><ele>125.0</ele></rtept><rtept lat="57.505445" lon="12.45191"><ele>124.8</ele></rtept><rtept lat="57.505465" lon="12.451938"><ele>124.4</ele></rtept><rtept lat="57.50549" lon="12.451962"><ele>124.8</ele></rtept><rtept lat="57.50551" lon="12.451978"><ele>124.6</ele></rtept><rtept lat="57.505535" lon="12.451995"><ele>125.0</ele></rtept><rtept lat="57.50556" lon="12.452007"><ele>124.8</ele></rtept><rtept lat="57.505587" lon="12.452025"><ele>124.4</ele></rtept><rtept lat="57.505612" lon="12.452032"><ele>125.0</ele></rtept><rtept lat="57.505632" lon="12.452037"><ele>125.0</ele></rtept><rtept lat="57.505663" lon="12.452047"><ele>125.0</ele></rtept><rtept lat="57.505682" lon="12.452055"><ele>125.2</ele></rtept><rtept lat="57.505708" lon="12.45206"><ele>125.0</ele></rtept><rtept lat="57.50574" lon="12.452067"><ele>125.6</ele></rtept><rtept lat="57.505765" lon="12.452065"><ele>125.6</ele></rtept><rtept lat="57.505792" lon="12.452072"><ele>125.4</ele></rtept><rtept lat="57.505823" lon="12.45207"><ele>125.8</ele></rtept><rtept lat="57.505848" lon="12.452062"><ele>125.6</ele></rtept><rtept lat="57.505868" lon="12.452058"><ele>125.6</ele></rtept><rtept lat="57.505893" lon="12.452055"><ele>125.8</ele></rtept><rtept lat="57.50592" lon="12.452045"><ele>125.6</ele></rtept><rtept lat="57.505945" lon="12.452032"><ele>126.0</ele></rtept><rtept lat="57.50597" lon="12.452018"><ele>126.0</ele></rtept><rtept lat="57.506002" lon="12.452012"><ele>125.8</ele></rtept><rtept lat="57.506028" lon="12.452018"><ele>126.4</ele></rtept><rtept lat="57.506053" lon="12.45202"><ele>126.2</ele></rtept><rtept lat="57.506078" lon="12.452025"><ele>126.2</ele></rtept><rtept lat="57.506105" lon="12.452025"><ele>126.4</ele></rtept><rtept lat="57.50613" lon="12.45202"><ele>126.2</ele></rtept><rtept lat="57.506157" lon="12.45202"><ele>126.8</ele></rtept><rtept lat="57.506182" lon="12.45204"><ele>126.8</ele></rtept><rtept lat="57.506207" lon="12.452055"><ele>126.2</ele></rtept><rtept lat="57.506227" lon="12.452065"><ele>126.6</ele></rtept><rtept lat="57.506252" lon="12.45208"><ele>126.4</ele></rtept><rtept lat="57.506278" lon="12.4521"><ele>126.8</ele></rtept><rtept lat="57.506303" lon="12.45212"><ele>126.8</ele></rtept><rtept lat="57.506328" lon="12.452143"><ele>127.4</ele></rtept><rtept lat="57.506355" lon="12.452165"><ele>127.6</ele></rtept><rtept lat="57.50638" lon="12.452183"><ele>127.2</ele></rtept><rtept lat="57.506405" lon="12.452208"><ele>127.4</ele></rtept><rtept lat="57.506438" lon="12.452233"><ele>127.6</ele></rtept><rtept lat="57.506457" lon="12.452248"><ele>127.4</ele></rtept><rtept lat="57.506477" lon="12.452268"><ele>127.8</ele></rtept><rtept lat="57.506502" lon="12.452293"><ele>127.4</ele></rtept><rtept lat="57.50652" lon="12.452308"><ele>127.0</ele></rtept><rtept lat="57.506547" lon="12.452322"><ele>127.4</ele></rtept><rtept lat="57.506565" lon="12.452328"><ele>127.2</ele></rtept><rtept lat="57.506598" lon="12.452338"><ele>127.6</ele></rtept><rtept lat="57.506623" lon="12.452347"><ele>127.6</ele></rtept><rtept lat="57.506648" lon="12.45235"><ele>127.2</ele></rtept><rtept lat="57.50668" lon="12.452358"><ele>127.6</ele></rtept><rtept lat="57.5067" lon="12.45236"><ele>127.6</ele></rtept><rtept lat="57.506725" lon="12.45236"><ele>127.8</ele></rtept><rtept lat="57.506758" lon="12.452362"><ele>128.0</ele></rtept><rtept lat="57.506777" lon="12.452367"><ele>127.8</ele></rtept><rtept lat="57.506808" lon="12.452363"><ele>128.2</ele></rtept><rtept lat="57.506835" lon="12.452362"><ele>128.2</ele></rtept><rtept lat="57.50686" lon="12.452367"><ele>127.8</ele></rtept><rtept lat="57.506885" lon="12.452375"><ele>128.0</ele></rtept><rtept lat="57.506918" lon="12.452387"><ele>127.8</ele></rtept><rtept lat="57.506943" lon="12.452395"><ele>128.0</ele></rtept><rtept lat="57.506975" lon="12.452402"><ele>128.0</ele></rtept><rtept lat="57.507" lon="12.452408"><ele>127.8</ele></rtept><rtept lat="57.507033" lon="12.452415"><ele>128.2</ele></rtept><rtept lat="57.507058" lon="12.452422"><ele>128.0</ele></rtept><rtept lat="57.507083" lon="12.452433"><ele>128.0</ele></rtept><rtept lat="57.507117" lon="12.452447"><ele>128.4</ele></rtept><rtept lat="57.507135" lon="12.452467"><ele>128.4</ele></rtept><rtept lat="57.507155" lon="12.452492"><ele>127.8</ele></rtept><rtept lat="57.507173" lon="12.452528"><ele>128.4</ele></rtept><rtept lat="57.507187" lon="12.452572"><ele>128.0</ele></rtept><rtept lat="57.507193" lon="12.452618"><ele>127.8</ele></rtept><rtept lat="57.5072" lon="12.452682"><ele>128.2</ele></rtept><rtept lat="57.5072" lon="12.452737"><ele>127.8</ele></rtept><rtept lat="57.507193" lon="12.45279"><ele>128.2</ele></rtept><rtept lat="57.507187" lon="12.452835"><ele>128.2</ele></rtept><rtept lat="57.50718" lon="12.45288"><ele>128.0</ele></rtept><rtept lat="57.50716" lon="12.452923"><ele>128.6</ele></rtept><rtept lat="57.507155" lon="12.452968"><ele>128.4</ele></rtept><rtept lat="57.507135" lon="12.453015"><ele>128.2</ele></rtept><rtept lat="57.507117" lon="12.453063"><ele>128.6</ele></rtept><rtept lat="57.507097" lon="12.453108"><ele>128.2</ele></rtept><rtept lat="57.507072" lon="12.453157"><ele>128.4</ele></rtept><rtept lat="57.507058" lon="12.4532"><ele>128.4</ele></rtept><rtept lat="57.50704" lon="12.453248"><ele>128.2</ele></rtept><rtept lat="57.507033" lon="12.4533"><ele>128.6</ele></rtept><rtept lat="57.507033" lon="12.453352"><ele>128.4</ele></rtept><rtept lat="57.507033" lon="12.4534"><ele>128.4</ele></rtept><rtept lat="57.50704" lon="12.453455"><ele>128.6</ele></rtept><rtept lat="57.507045" lon="12.453503"><ele>128.2</ele></rtept><rtept lat="57.507058" lon="12.453552"><ele>128.4</ele></rtept><rtept lat="57.507065" lon="12.4536"><ele>128.4</ele></rtept><rtept lat="57.507078" lon="12.45366"><ele>128.0</ele></rtept><rtept lat="57.50709" lon="12.453715"><ele>128.0</ele></rtept><rtept lat="57.507103" lon="12.453767"><ele>127.6</ele></rtept><rtept lat="57.50711" lon="12.453808"><ele>127.2</ele></rtept><rtept lat="57.507122" lon="12.45386"><ele>127.4</ele></rtept><rtept lat="57.507135" lon="12.453927"><ele>127.0</ele></rtept><rtept lat="57.507142" lon="12.45398"><ele>126.4</ele></rtept><rtept lat="57.507142" lon="12.454038"><ele>126.6</ele></rtept><rtept lat="57.50716" lon="12.454095"><ele>126.0</ele></rtept><rtept lat="57.507173" lon="12.454152"><ele>125.4</ele></rtept><rtept lat="57.50718" lon="12.454212"><ele>125.6</ele></rtept><rtept lat="57.507193" lon="12.454268"><ele>124.8</ele></rtept><rtept lat="57.5072" lon="12.454323"><ele>124.6</ele></rtept><rtept lat="57.507218" lon="12.454373"><ele>124.4</ele></rtept><rtept lat="57.507232" lon="12.454418"><ele>123.8</ele></rtept><rtept lat="57.50725" lon="12.454463"><ele>124.2</ele></rtept><rtept lat="57.507263" lon="12.454502"><ele>123.6</ele></rtept><rtept lat="57.507277" lon="12.454548"><ele>123.2</ele></rtept><rtept lat="57.507302" lon="12.454588"><ele>123.4</ele></rtept><rtept lat="57.507315" lon="12.454623"><ele>123.0</ele></rtept><rtept lat="57.507333" lon="12.45466"><ele>122.8</ele></rtept><rtept lat="57.50734" lon="12.454702"><ele>122.8</ele></rtept><rtept lat="57.507353" lon="12.45475"><ele>122.4</ele></rtept><rtept lat="57.507372" lon="12.45481"><ele>122.4</ele></rtept><rtept lat="57.507385" lon="12.454862"><ele>121.8</ele></rtept><rtept lat="57.507398" lon="12.45492"><ele>121.2</ele></rtept><rtept lat="57.50741" lon="12.454983"><ele>121.2</ele></rtept><rtept lat="57.507423" lon="12.455037"><ele>120.4</ele></rtept><rtept lat="57.50743" lon="12.455083"><ele>120.6</ele></rtept><rtept lat="57.50743" lon="12.455128"><ele>120.0</ele></rtept><rtept lat="57.507437" lon="12.455175"><ele>119.6</ele></rtept><rtept lat="57.507437" lon="12.455222"><ele>119.8</ele></rtept><rtept lat="57.507437" lon="12.455268"><ele>119.2</ele></rtept><rtept lat="57.507437" lon="12.45532"><ele>119.4</ele></rtept><rtept lat="57.507442" lon="12.455373"><ele>119.0</ele></rtept><rtept lat="57.507442" lon="12.455422"><ele>118.6</ele></rtept><rtept lat="57.507442" lon="12.455478"><ele>119.0</ele></rtept><rtept lat="57.507448" lon="12.455527"><ele>118.4</ele></rtept><rtept lat="57.507455" lon="12.455577"><ele>118.2</ele></rtept><rtept lat="57.507462" lon="12.455623"><ele>118.4</ele></rtept><rtept lat="57.507468" lon="12.455677"><ele>117.8</ele></rtept><rtept lat="57.507475" lon="12.455735"><ele>118.0</ele></rtept><rtept lat="57.507487" lon="12.455795"><ele>117.6</ele></rtept><rtept lat="57.507493" lon="12.455848"><ele>117.0</ele></rtept><rtept lat="57.507493" lon="12.455907"><ele>117.2</ele></rtept><rtept lat="57.507493" lon="12.455957"><ele>116.6</ele></rtept><rtept lat="57.507493" lon="12.456008"><ele>116.8</ele></rtept><rtept lat="57.507493" lon="12.456063"><ele>116.6</ele></rtept><rtept lat="57.5075" lon="12.456118"><ele>116.2</ele></rtept><rtept lat="57.5075" lon="12.456182"><ele>116.6</ele></rtept><rtept lat="57.5075" lon="12.456238"><ele>116.2</ele></rtept><rtept lat="57.507507" lon="12.45629"><ele>116.0</ele></rtept><rtept lat="57.507513" lon="12.456348"><ele>116.4</ele></rtept><rtept lat="57.507513" lon="12.456405"><ele>115.8</ele></rtept><rtept lat="57.507525" lon="12.45647"><ele>116.2</ele></rtept><rtept lat="57.507538" lon="12.456533"><ele>115.8</ele></rtept><rtept lat="57.507538" lon="12.456598"><ele>115.2</ele></rtept><rtept lat="57.507545" lon="12.45666"><ele>115.8</ele></rtept><rtept lat="57.507545" lon="12.456733"><ele>115.2</ele></rtept><rtept lat="57.507538" lon="12.456805"><ele>115.4</ele></rtept><rtept lat="57.507538" lon="12.456872"><ele>115.2</ele></rtept><rtept lat="57.507532" lon="12.456938"><ele>114.6</ele></rtept><rtept lat="57.507532" lon="12.456997"><ele>114.8</ele></rtept><rtept lat="57.50752" lon="12.45705"><ele>114.2</ele></rtept><rtept lat="57.507513" lon="12.457108"><ele>114.4</ele></rtept><rtept lat="57.507513" lon="12.457158"><ele>114.4</ele></rtept><rtept lat="57.507507" lon="12.457208"><ele>114.0</ele></rtept><rtept lat="57.507513" lon="12.457262"><ele>114.2</ele></rtept><rtept lat="57.507513" lon="12.457308"><ele>113.8</ele></rtept><rtept lat="57.507525" lon="12.457353"><ele>113.8</ele></rtept><rtept lat="57.507545" lon="12.457393"><ele>113.8</ele></rtept><rtept lat="57.50757" lon="12.457427"><ele>113.6</ele></rtept><rtept lat="57.507597" lon="12.457448"><ele>114.0</ele></rtept><rtept lat="57.507622" lon="12.457467"><ele>113.6</ele></rtept><rtept lat="57.507647" lon="12.457482"><ele>113.6</ele></rtept><rtept lat="57.507673" lon="12.4575"><ele>113.8</ele></rtept><rtept lat="57.507692" lon="12.457508"><ele>113.6</ele></rtept><rtept lat="57.507723" lon="12.457525"><ele>114.0</ele></rtept><rtept lat="57.50775" lon="12.457538"><ele>113.8</ele></rtept><rtept lat="57.507782" lon="12.457555"><ele>114.0</ele></rtept><rtept lat="57.507807" lon="12.457562"><ele>114.0</ele></rtept><rtept lat="57.507833" lon="12.457585"><ele>113.8</ele></rtept><rtept lat="57.507858" lon="12.457605"><ele>114.2</ele></rtept><rtept lat="57.507883" lon="12.457632"><ele>113.8</ele></rtept><rtept lat="57.507903" lon="12.457655"><ele>113.8</ele></rtept><rtept lat="57.507928" lon="12.45768"><ele>114.0</ele></rtept><rtept lat="57.507948" lon="12.45771"><ele>113.8</ele></rtept><rtept lat="57.507973" lon="12.45775"><ele>114.2</ele></rtept><rtept lat="57.507993" lon="12.457795"><ele>114.0</ele></rtept><rtept lat="57.508012" lon="12.45783"><ele>113.8</ele></rtept><rtept lat="57.508032" lon="12.457878"><ele>114.2</ele></rtept><rtept lat="57.50805" lon="12.457923"><ele>114.0</ele></rtept><rtept lat="57.50807" lon="12.457967"><ele>114.0</ele></rtept><rtept lat="57.508088" lon="12.458013"><ele>114.2</ele></rtept><rtept lat="57.508108" lon="12.458053"><ele>113.8</ele></rtept><rtept lat="57.50812" lon="12.4581"><ele>113.8</ele></rtept><rtept lat="57.508133" lon="12.458143"><ele>113.6</ele></rtept><rtept lat="57.508153" lon="12.458193"><ele>113.2</ele></rtept><rtept lat="57.508165" lon="12.45824"><ele>113.6</ele></rtept><rtept lat="57.508185" lon="12.458282"><ele>113.4</ele></rtept><rtept lat="57.508192" lon="12.458327"><ele>113.0</ele></rtept><rtept lat="57.50821" lon="12.458387"><ele>113.2</ele></rtept><rtept lat="57.508217" lon="12.45842"><ele>112.8</ele></rtept><rtept lat="57.50823" lon="12.458463"><ele>113.2</ele></rtept><rtept lat="57.508237" lon="12.458498"><ele>112.6</ele></rtept><rtept lat="57.508248" lon="12.45853"><ele>112.4</ele></rtept><rtept lat="57.508262" lon="12.458563"><ele>112.8</ele></rtept><rtept lat="57.508275" lon="12.458598"><ele>112.4</ele></rtept><rtept lat="57.50828" lon="12.45863"><ele>112.0</ele></rtept><rtept lat="57.508287" lon="12.458668"><ele>112.2</ele></rtept><rtept lat="57.508307" lon="12.458727"><ele>112.0</ele></rtept><rtept lat="57.508325" lon="12.458773"><ele>112.2</ele></rtept><rtept lat="57.508338" lon="12.45882"><ele>112.2</ele></rtept><rtept lat="57.508352" lon="12.458878"><ele>111.8</ele></rtept><rtept lat="57.508363" lon="12.458922"><ele>112.2</ele></rtept><rtept lat="57.508383" lon="12.45896"><ele>111.8</ele></rtept><rtept lat="57.508397" lon="12.458992"><ele>111.6</ele></rtept><rtept lat="57.508408" lon="12.459027"><ele>112.0</ele></rtept><rtept lat="57.508428" lon="12.459065"><ele>111.6</ele></rtept><rtept lat="57.508447" lon="12.459117"><ele>111.0</ele></rtept><rtept lat="57.508467" lon="12.459168"><ele>111.6</ele></rtept><rtept lat="57.508485" lon="12.45921"><ele>111.2</ele></rtept><rtept lat="57.508492" lon="12.45925"><ele>111.4</ele></rtept><rtept lat="57.508498" lon="12.459288"><ele>111.0</ele></rtept><rtept lat="57.508512" lon="12.45932"><ele>110.8</ele></rtept><rtept lat="57.508518" lon="12.459355"><ele>111.2</ele></rtept><rtept lat="57.50853" lon="12.459402"><ele>110.6</ele></rtept><rtept lat="57.50855" lon="12.459433"><ele>110.4</ele></rtept><rtept lat="57.508568" lon="12.459458"><ele>110.6</ele></rtept><rtept lat="57.508588" lon="12.459482"><ele>110.0</ele></rtept><rtept lat="57.508607" lon="12.459518"><ele>110.0</ele></rtept><rtept lat="57.508633" lon="12.45956"><ele>109.8</ele></rtept><rtept lat="57.508652" lon="12.459602"><ele>109.4</ele></rtept><rtept lat="57.508678" lon="12.459638"><ele>109.6</ele></rtept><rtept lat="57.508697" lon="12.45968"><ele>109.2</ele></rtept><rtept lat="57.508717" lon="12.459712"><ele>108.8</ele></rtept><rtept lat="57.508735" lon="12.459732"><ele>109.2</ele></rtept><rtept lat="57.508755" lon="12.459742"><ele>108.8</ele></rtept><rtept lat="57.50878" lon="12.45975"><ele>108.6</ele></rtept><rtept lat="57.508805" lon="12.459758"><ele>108.6</ele></rtept><rtept lat="57.508832" lon="12.459762"><ele>108.0</ele></rtept><rtept lat="57.508857" lon="12.45977"><ele>108.2</ele></rtept><rtept lat="57.508882" lon="12.459772"><ele>108.0</ele></rtept><rtept lat="57.508908" lon="12.45977"><ele>107.6</ele></rtept><rtept lat="57.508933" lon="12.459767"><ele>107.6</ele></rtept><rtept lat="57.50896" lon="12.45977"><ele>107.2</ele></rtept><rtept lat="57.508985" lon="12.459767"><ele>107.0</ele></rtept><rtept lat="57.50901" lon="12.459778"><ele>107.0</ele></rtept><rtept lat="57.509042" lon="12.459792"><ele>106.4</ele></rtept><rtept lat="57.509075" lon="12.459817"><ele>106.2</ele></rtept><rtept lat="57.509107" lon="12.45984"><ele>106.2</ele></rtept><rtept lat="57.509132" lon="12.459877"><ele>105.6</ele></rtept><rtept lat="57.509163" lon="12.45991"><ele>105.0</ele></rtept><rtept lat="57.50919" lon="12.459943"><ele>105.0</ele></rtept><rtept lat="57.509222" lon="12.459965"><ele>104.4</ele></rtept><rtept lat="57.509253" lon="12.459985"><ele>104.0</ele></rtept><rtept lat="57.509285" lon="12.460003"><ele>104.0</ele></rtept><rtept lat="57.509318" lon="12.460042"><ele>103.4</ele></rtept><rtept lat="57.509343" lon="12.460068"><ele>103.0</ele></rtept><rtept lat="57.509368" lon="12.460087"><ele>103.2</ele></rtept><rtept lat="57.509407" lon="12.460102"><ele>102.6</ele></rtept><rtept lat="57.50944" lon="12.460112"><ele>102.8</ele></rtept><rtept lat="57.509465" lon="12.460115"><ele>102.2</ele></rtept><rtept lat="57.509497" lon="12.460123"><ele>102.2</ele></rtept><rtept lat="57.509522" lon="12.460132"><ele>102.0</ele></rtept><rtept lat="57.50956" lon="12.460147"><ele>101.6</ele></rtept><rtept lat="57.509587" lon="12.46016"><ele>102.0</ele></rtept><rtept lat="57.509612" lon="12.46018"><ele>101.6</ele></rtept><rtept lat="57.509632" lon="12.460197"><ele>101.2</ele></rtept><rtept lat="57.509657" lon="12.460207"><ele>101.6</ele></rtept><rtept lat="57.509682" lon="12.460207"><ele>101.2</ele></rtept><rtept lat="57.509708" lon="12.460208"><ele>101.0</ele></rtept><rtept lat="57.50974" lon="12.46022"><ele>101.2</ele></rtept><rtept lat="57.509765" lon="12.460227"><ele>100.8</ele></rtept><rtept lat="57.509792" lon="12.460223"><ele>101.0</ele></rtept><rtept lat="57.509823" lon="12.460228"><ele>101.0</ele></rtept><rtept lat="57.509848" lon="12.460243"><ele>100.8</ele></rtept><rtept lat="57.50988" lon="12.460283"><ele>101.2</ele></rtept><rtept lat="57.5099" lon="12.460313"><ele>101.0</ele></rtept><rtept lat="57.50992" lon="12.460338"><ele>100.8</ele></rtept><rtept lat="57.509952" lon="12.460372"><ele>101.2</ele></rtept><rtept lat="57.50997" lon="12.460392"><ele>101.0</ele></rtept><rtept lat="57.50999" lon="12.460422"><ele>101.4</ele></rtept><rtept lat="57.510015" lon="12.460447"><ele>101.6</ele></rtept><rtept lat="57.510035" lon="12.460478"><ele>101.6</ele></rtept><rtept lat="57.510053" lon="12.4605"><ele>102.2</ele></rtept><rtept lat="57.51008" lon="12.46053"><ele>101.8</ele></rtept><rtept lat="57.510092" lon="12.460557"><ele>101.2</ele></rtept><rtept lat="57.510105" lon="12.460585"><ele>102.0</ele></rtept><rtept lat="57.510123" lon="12.460613"><ele>101.8</ele></rtept><rtept lat="57.51015" lon="12.460637"><ele>102.0</ele></rtept><rtept lat="57.510175" lon="12.460663"><ele>102.2</ele></rtept><rtept lat="57.510195" lon="12.460688"><ele>102.2</ele></rtept><rtept lat="57.510213" lon="12.460722"><ele>102.8</ele></rtept><rtept lat="57.510233" lon="12.46076"><ele>102.4</ele></rtept><rtept lat="57.510258" lon="12.460795"><ele>102.2</ele></rtept><rtept lat="57.510278" lon="12.460827"><ele>102.6</ele></rtept><rtept lat="57.51029" lon="12.460857"><ele>102.6</ele></rtept><rtept lat="57.51031" lon="12.460883"><ele>102.6</ele></rtept><rtept lat="57.510317" lon="12.460918"><ele>103.0</ele></rtept><rtept lat="57.510342" lon="12.460967"><ele>102.8</ele></rtept><rtept lat="57.51036" lon="12.460997"><ele>103.2</ele></rtept><rtept lat="57.510373" lon="12.461025"><ele>103.0</ele></rtept><rtept lat="57.510387" lon="12.461055"><ele>102.8</ele></rtept><rtept lat="57.510405" lon="12.4611"><ele>103.0</ele></rtept><rtept lat="57.510418" lon="12.46113"><ele>102.8</ele></rtept><rtept lat="57.510432" lon="12.461162"><ele>103.4</ele></rtept><rtept lat="57.51045" lon="12.4612"><ele>103.4</ele></rtept><rtept lat="57.510463" lon="12.46123"><ele>103.2</ele></rtept><rtept lat="57.510477" lon="12.461258"><ele>103.4</ele></rtept><rtept lat="57.510508" lon="12.4613"><ele>103.2</ele></rtept><rtept lat="57.51052" lon="12.46134"><ele>103.2</ele></rtept><rtept lat="57.51054" lon="12.461375"><ele>103.2</ele></rtept><rtept lat="57.510565" lon="12.461428"><ele>103.2</ele></rtept><rtept lat="57.510578" lon="12.461465"><ele>103.8</ele></rtept><rtept lat="57.510592" lon="12.461515"><ele>103.6</ele></rtept><rtept lat="57.510603" lon="12.461562"><ele>103.4</ele></rtept><rtept lat="57.510623" lon="12.461607"><ele>103.8</ele></rtept><rtept lat="57.510642" lon="12.461647"><ele>103.8</ele></rtept><rtept lat="57.510655" lon="12.461682"><ele>104.0</ele></rtept><rtept lat="57.510668" lon="12.461712"><ele>104.2</ele></rtept><rtept lat="57.510687" lon="12.461772"><ele>104.8</ele></rtept><rtept lat="57.510693" lon="12.461832"><ele>104.8</ele></rtept><rtept lat="57.510707" lon="12.46186"><ele>105.2</ele></rtept><rtept lat="57.51072" lon="12.461892"><ele>105.0</ele></rtept><rtept lat="57.510732" lon="12.461917"><ele>105.0</ele></rtept><rtept lat="57.510738" lon="12.46195"><ele>105.4</ele></rtept><rtept lat="57.510738" lon="12.461983"><ele>105.2</ele></rtept><rtept lat="57.510752" lon="12.462018"><ele>105.0</ele></rtept><rtept lat="57.510758" lon="12.46205"><ele>105.6</ele></rtept><rtept lat="57.51077" lon="12.46208"><ele>105.4</ele></rtept><rtept lat="57.51079" lon="12.462108"><ele>105.6</ele></rtept><rtept lat="57.510815" lon="12.462155"><ele>106.0</ele></rtept><rtept lat="57.510847" lon="12.462178"><ele>106.2</ele></rtept><rtept lat="57.510867" lon="12.462202"><ele>106.2</ele></rtept><rtept lat="57.510892" lon="12.462222"><ele>106.2</ele></rtept><rtept lat="57.510923" lon="12.462252"><ele>106.4</ele></rtept><rtept lat="57.51095" lon="12.462278"><ele>106.2</ele></rtept><rtept lat="57.510975" lon="12.462302"><ele>106.6</ele></rtept><rtept lat="57.511" lon="12.462323"><ele>106.6</ele></rtept><rtept lat="57.511033" lon="12.462348"><ele>106.6</ele></rtept><rtept lat="57.511065" lon="12.462372"><ele>107.0</ele></rtept><rtept lat="57.51109" lon="12.462398"><ele>106.8</ele></rtept><rtept lat="57.511122" lon="12.462425"><ele>107.0</ele></rtept><rtept lat="57.51116" lon="12.46245"><ele>106.8</ele></rtept><rtept lat="57.511193" lon="12.462485"><ele>107.0</ele></rtept><rtept lat="57.511218" lon="12.462515"><ele>107.2</ele></rtept><rtept lat="57.511232" lon="12.462542"><ele>107.2</ele></rtept><rtept lat="57.511257" lon="12.462592"><ele>107.0</ele></rtept><rtept lat="57.511282" lon="12.46263"><ele>106.8</ele></rtept><rtept lat="57.511295" lon="12.462665"><ele>106.6</ele></rtept><rtept lat="57.511315" lon="12.46271"><ele>107.0</ele></rtept><rtept lat="57.51134" lon="12.462748"><ele>106.8</ele></rtept><rtept lat="57.511365" lon="12.46277"><ele>106.6</ele></rtept><rtept lat="57.511392" lon="12.46278"><ele>106.8</ele></rtept><rtept lat="57.511423" lon="12.462788"><ele>106.8</ele></rtept><rtept lat="57.511442" lon="12.462793"><ele>107.0</ele></rtept><rtept lat="57.511468" lon="12.462795"><ele>106.6</ele></rtept><rtept lat="57.5115" lon="12.4628"><ele>106.4</ele></rtept><rtept lat="57.511525" lon="12.462805"><ele>106.6</ele></rtept><rtept lat="57.511545" lon="12.462802"><ele>106.2</ele></rtept><rtept lat="57.51157" lon="12.462802"><ele>105.8</ele></rtept><rtept lat="57.511597" lon="12.462805"><ele>106.0</ele></rtept><rtept lat="57.511628" lon="12.462813"><ele>105.8</ele></rtept><rtept lat="57.511653" lon="12.46282"><ele>105.6</ele></rtept><rtept lat="57.511673" lon="12.462825"><ele>105.0</ele></rtept><rtept lat="57.511705" lon="12.462823"><ele>104.0</ele></rtept><rtept lat="57.51173" lon="12.462823"><ele>104.0</ele></rtept><rtept lat="57.511762" lon="12.462822"><ele>103.4</ele></rtept><rtept lat="57.511788" lon="12.46282"><ele>103.4</ele></rtept><rtept lat="57.51182" lon="12.46282"><ele>103.2</ele></rtept><rtept lat="57.511845" lon="12.462822"><ele>102.2</ele></rtept><rtept lat="57.511872" lon="12.462818"><ele>102.0</ele></rtept><rtept lat="57.511903" lon="12.462808"><ele>101.4</ele></rtept><rtept lat="57.511928" lon="12.462805"><ele>101.4</ele></rtept><rtept lat="57.51196" lon="12.4628"><ele>100.8</ele></rtept><rtept lat="57.511993" lon="12.462788"><ele>100.2</ele></rtept><rtept lat="57.512025" lon="12.462775"><ele>100.2</ele></rtept><rtept lat="57.51205" lon="12.462755"><ele>99.8</ele></rtept><rtept lat="57.51207" lon="12.46274"><ele>100.0</ele></rtept><rtept lat="57.512095" lon="12.462728"><ele>100.2</ele></rtept><rtept lat="57.51212" lon="12.462718"><ele>100.0</ele></rtept><rtept lat="57.512147" lon="12.462713"><ele>100.0</ele></rtept><rtept lat="57.512178" lon="12.462703"><ele>100.0</ele></rtept><rtept lat="57.512203" lon="12.46269"><ele>99.8</ele></rtept><rtept lat="57.512237" lon="12.46268"><ele>99.8</ele></rtept><rtept lat="57.512255" lon="12.462683"><ele>99.4</ele></rtept><rtept lat="57.512287" lon="12.462697"><ele>99.6</ele></rtept><rtept lat="57.512313" lon="12.462713"><ele>99.4</ele></rtept><rtept lat="57.512345" lon="12.462733"><ele>98.8</ele></rtept><rtept lat="57.51237" lon="12.462753"><ele>99.2</ele></rtept><rtept lat="57.512397" lon="12.46278"><ele>98.8</ele></rtept><rtept lat="57.512422" lon="12.462805"><ele>98.4</ele></rtept><rtept lat="57.512447" lon="12.46283"><ele>98.8</ele></rtept><rtept lat="57.51248" lon="12.462843"><ele>98.4</ele></rtept><rtept lat="57.512505" lon="12.462855"><ele>98.8</ele></rtept><rtept lat="57.51253" lon="12.46286"><ele>98.8</ele></rtept><rtept lat="57.512562" lon="12.462862"><ele>98.6</ele></rtept><rtept lat="57.512588" lon="12.462868"><ele>99.0</ele></rtept><rtept lat="57.512613" lon="12.462875"><ele>98.6</ele></rtept><rtept lat="57.51264" lon="12.462882"><ele>98.8</ele></rtept><rtept lat="57.512665" lon="12.462888"><ele>98.8</ele></rtept><rtept lat="57.51269" lon="12.462898"><ele>99.0</ele></rtept><rtept lat="57.512722" lon="12.462908"><ele>99.8</ele></rtept><rtept lat="57.512742" lon="12.462923"><ele>99.6</ele></rtept><rtept lat="57.512767" lon="12.46294"><ele>99.8</ele></rtept><rtept lat="57.5128" lon="12.46296"><ele>100.2</ele></rtept><rtept lat="57.512818" lon="12.46298"><ele>100.0</ele></rtept><rtept lat="57.512843" lon="12.463007"><ele>100.0</ele></rtept><rtept lat="57.512877" lon="12.463033"><ele>100.0</ele></rtept><rtept lat="57.512902" lon="12.463047"><ele>99.4</ele></rtept><rtept lat="57.512927" lon="12.46306"><ele>99.2</ele></rtept><rtept lat="57.512953" lon="12.463072"><ele>99.0</ele></rtept><rtept lat="57.512978" lon="12.463087"><ele>98.4</ele></rtept><rtept lat="57.51301" lon="12.463098"><ele>98.4</ele></rtept><rtept lat="57.513037" lon="12.4631"><ele>97.6</ele></rtept><rtept lat="57.513075" lon="12.463105"><ele>97.2</ele></rtept><rtept lat="57.5131" lon="12.463105"><ele>97.2</ele></rtept><rtept lat="57.513132" lon="12.463098"><ele>96.4</ele></rtept><rtept lat="57.513158" lon="12.463088"><ele>96.4</ele></rtept><rtept lat="57.51319" lon="12.46308"><ele>96.0</ele></rtept><rtept lat="57.513215" lon="12.463072"><ele>95.6</ele></rtept><rtept lat="57.51324" lon="12.463067"><ele>95.8</ele></rtept><rtept lat="57.513273" lon="12.463067"><ele>95.4</ele></rtept><rtept lat="57.513298" lon="12.463072"><ele>96.0</ele></rtept><rtept lat="57.513318" lon="12.463077"><ele>95.8</ele></rtept><rtept lat="57.51335" lon="12.46308"><ele>95.6</ele></rtept><rtept lat="57.513368" lon="12.463093"><ele>96.0</ele></rtept><rtept lat="57.513395" lon="12.463102"><ele>96.2</ele></rtept><rtept lat="57.513413" lon="12.463122"><ele>96.8</ele></rtept><rtept lat="57.51344" lon="12.46314"><ele>96.8</ele></rtept><rtept lat="57.513458" lon="12.463162"><ele>96.4</ele></rtept><rtept lat="57.513483" lon="12.463187"><ele>97.2</ele></rtept><rtept lat="57.51351" lon="12.463218"><ele>97.2</ele></rtept><rtept lat="57.513535" lon="12.463245"><ele>97.4</ele></rtept><rtept lat="57.51356" lon="12.463277"><ele>97.6</ele></rtept><rtept lat="57.51358" lon="12.463302"><ele>97.4</ele></rtept><rtept lat="57.513605" lon="12.463332"><ele>98.0</ele></rtept><rtept lat="57.513618" lon="12.463363"><ele>97.8</ele></rtept><rtept lat="57.513643" lon="12.463393"><ele>97.6</ele></rtept><rtept lat="57.513663" lon="12.46343"><ele>98.0</ele></rtept><rtept lat="57.513688" lon="12.463465"><ele>97.8</ele></rtept><rtept lat="57.513708" lon="12.463503"><ele>98.0</ele></rtept><rtept lat="57.51372" lon="12.463548"><ele>98.2</ele></rtept><rtept lat="57.51374" lon="12.46359"><ele>98.0</ele></rtept><rtept lat="57.513753" lon="12.463642"><ele>98.2</ele></rtept><rtept lat="57.513765" lon="12.463682"><ele>98.0</ele></rtept><rtept lat="57.513778" lon="12.463722"><ele>97.6</ele></rtept><rtept lat="57.513792" lon="12.463752"><ele>97.8</ele></rtept><rtept lat="57.51381" lon="12.463767"><ele>97.6</ele></rtept><rtept lat="57.513837" lon="12.463773"><ele>97.2</ele></rtept><rtept lat="57.513862" lon="12.46378"><ele>97.2</ele></rtept><rtept lat="57.51388" lon="12.463787"><ele>96.6</ele></rtept><rtept lat="57.513907" lon="12.463788"><ele>96.8</ele></rtept><rtept lat="57.513932" lon="12.463792"><ele>96.6</ele></rtept><rtept lat="57.513958" lon="12.463793"><ele>96.2</ele></rtept><rtept lat="57.513983" lon="12.463803"><ele>96.4</ele></rtept><rtept lat="57.514008" lon="12.463808"><ele>96.2</ele></rtept><rtept lat="57.514035" lon="12.463813"><ele>96.0</ele></rtept><rtept lat="57.51406" lon="12.463828"><ele>96.4</ele></rtept><rtept lat="57.514085" lon="12.463842"><ele>96.2</ele></rtept><rtept lat="57.514105" lon="12.463858"><ele>96.4</ele></rtept><rtept lat="57.51413" lon="12.463878"><ele>96.2</ele></rtept><rtept lat="57.514157" lon="12.463897"><ele>96.2</ele></rtept><rtept lat="57.514182" lon="12.46392"><ele>96.6</ele></rtept><rtept lat="57.514195" lon="12.463945"><ele>96.4</ele></rtept><rtept lat="57.51422" lon="12.463972"><ele>96.6</ele></rtept><rtept lat="57.51424" lon="12.463997"><ele>96.6</ele></rtept><rtept lat="57.514258" lon="12.46402"><ele>96.4</ele></rtept><rtept lat="57.514278" lon="12.464045"><ele>96.8</ele></rtept><rtept lat="57.514303" lon="12.46407"><ele>96.6</ele></rtept><rtept lat="57.514328" lon="12.464093"><ele>96.0</ele></rtept><rtept lat="57.514348" lon="12.464117"><ele>96.4</ele></rtept><rtept lat="57.514367" lon="12.46414"><ele>96.2</ele></rtept><rtept lat="57.514387" lon="12.46416"><ele>95.8</ele></rtept><rtept lat="57.514412" lon="12.46418"><ele>96.2</ele></rtept><rtept lat="57.514432" lon="12.464193"><ele>95.8</ele></rtept><rtept lat="57.51445" lon="12.464205"><ele>95.6</ele></rtept><rtept lat="57.514482" lon="12.464218"><ele>95.6</ele></rtept><rtept lat="57.514502" lon="12.46422"><ele>95.4</ele></rtept><rtept lat="57.51452" lon="12.464235"><ele>95.6</ele></rtept><rtept lat="57.51454" lon="12.464243"><ele>95.8</ele></rtept><rtept lat="57.514565" lon="12.464263"><ele>95.8</ele></rtept><rtept lat="57.514578" lon="12.464288"><ele>96.0</ele></rtept><rtept lat="57.514598" lon="12.464308"><ele>95.8</ele></rtept><rtept lat="57.514623" lon="12.464322"><ele>96.0</ele></rtept><rtept lat="57.514648" lon="12.464328"><ele>95.8</ele></rtept><rtept lat="57.514668" lon="12.464342"><ele>95.8</ele></rtept><rtept lat="57.514687" lon="12.46436"><ele>96.0</ele></rtept><rtept lat="57.514707" lon="12.46438"><ele>95.6</ele></rtept><rtept lat="57.514725" lon="12.464403"><ele>95.8</ele></rtept><rtept lat="57.514738" lon="12.464447"><ele>95.2</ele></rtept><rtept lat="57.514763" lon="12.464468"><ele>95.6</ele></rtept><rtept lat="57.514783" lon="12.464497"><ele>95.6</ele></rtept><rtept lat="57.514802" lon="12.464522"><ele>96.0</ele></rtept><rtept lat="57.514828" lon="12.464557"><ele>96.2</ele></rtept><rtept lat="57.514847" lon="12.464595"><ele>96.6</ele></rtept><rtept lat="57.514867" lon="12.46463"><ele>97.2</ele></rtept><rtept lat="57.51488" lon="12.464657"><ele>97.4</ele></rtept><rtept lat="57.514892" lon="12.46468"><ele>97.6</ele></rtept><rtept lat="57.514912" lon="12.46474"><ele>98.0</ele></rtept><rtept lat="57.514923" lon="12.464775"><ele>98.2</ele></rtept><rtept lat="57.514943" lon="12.464817"><ele>98.4</ele></rtept><rtept lat="57.51495" lon="12.464853"><ele>98.4</ele></rtept><rtept lat="57.514962" lon="12.464888"><ele>98.6</ele></rtept><rtept lat="57.514968" lon="12.464922"><ele>98.4</ele></rtept><rtept lat="57.514982" lon="12.464955"><ele>98.2</ele></rtept><rtept lat="57.514988" lon="12.464993"><ele>98.6</ele></rtept><rtept lat="57.514995" lon="12.465032"><ele>98.4</ele></rtept><rtept lat="57.515" lon="12.465072"><ele>98.8</ele></rtept><rtept lat="57.51502" lon="12.465102"><ele>98.8</ele></rtept><rtept lat="57.515045" lon="12.465153"><ele>99.2</ele></rtept><rtept lat="57.515078" lon="12.465192"><ele>99.2</ele></rtept><rtept lat="57.515097" lon="12.465218"><ele>99.6</ele></rtept><rtept lat="57.515117" lon="12.46524"><ele>99.4</ele></rtept><rtept lat="57.515135" lon="12.465265"><ele>99.8</ele></rtept><rtept lat="57.515148" lon="12.465292"><ele>99.8</ele></rtept><rtept lat="57.515173" lon="12.46532"><ele>99.6</ele></rtept><rtept lat="57.515205" lon="12.465365"><ele>99.6</ele></rtept><rtept lat="57.515225" lon="12.465403"><ele>99.4</ele></rtept><rtept lat="57.515243" lon="12.46544"><ele>99.2</ele></rtept><rtept lat="57.515263" lon="12.46547"><ele>99.2</ele></rtept><rtept lat="57.515277" lon="12.465508"><ele>99.0</ele></rtept><rtept lat="57.515295" lon="12.465545"><ele>98.8</ele></rtept><rtept lat="57.515315" lon="12.465575"><ele>99.2</ele></rtept><rtept lat="57.515333" lon="12.4656"><ele>99.0</ele></rtept><rtept lat="57.515365" lon="12.465648"><ele>98.8</ele></rtept><rtept lat="57.515385" lon="12.46568"><ele>98.6</ele></rtept><rtept lat="57.51541" lon="12.465707"><ele>98.2</ele></rtept><rtept lat="57.51543" lon="12.465735"><ele>98.4</ele></rtept><rtept lat="57.515455" lon="12.46576"><ele>98.0</ele></rtept><rtept lat="57.515468" lon="12.465787"><ele>98.2</ele></rtept><rtept lat="57.51548" lon="12.465818"><ele>98.2</ele></rtept><rtept lat="57.515493" lon="12.465853"><ele>98.0</ele></rtept><rtept lat="57.515507" lon="12.465898"><ele>98.6</ele></rtept><rtept lat="57.51552" lon="12.465937"><ele>98.2</ele></rtept><rtept lat="57.515532" lon="12.465967"><ele>98.2</ele></rtept><rtept lat="57.515545" lon="12.465997"><ele>98.6</ele></rtept><rtept lat="57.515563" lon="12.466032"><ele>98.4</ele></rtept><rtept lat="57.515583" lon="12.466075"><ele>98.4</ele></rtept><rtept lat="57.515597" lon="12.46612"><ele>98.8</ele></rtept><rtept lat="57.515597" lon="12.466163"><ele>98.6</ele></rtept><rtept lat="57.515602" lon="12.466205"><ele>98.8</ele></rtept><rtept lat="57.515615" lon="12.466243"><ele>99.0</ele></rtept><rtept lat="57.515628" lon="12.46628"><ele>99.0</ele></rtept><rtept lat="57.515653" lon="12.466315"><ele>99.4</ele></rtept><rtept lat="57.51566" lon="12.466355"><ele>99.2</ele></rtept><rtept lat="57.515692" lon="12.466388"><ele>98.8</ele></rtept><rtept lat="57.515723" lon="12.466407"><ele>99.4</ele></rtept><rtept lat="57.515762" lon="12.466428"><ele>99.4</ele></rtept><rtept lat="57.5158" lon="12.466457"><ele>99.8</ele></rtept><rtept lat="57.515852" lon="12.466502"><ele>100.0</ele></rtept><rtept lat="57.515897" lon="12.466553"><ele>100.0</ele></rtept><rtept lat="57.515935" lon="12.466582"><ele>100.6</ele></rtept><rtept lat="57.515973" lon="12.466625"><ele>100.4</ele></rtept><rtept lat="57.516012" lon="12.466665"><ele>100.4</ele></rtept><rtept lat="57.51605" lon="12.466682"><ele>100.6</ele></rtept><rtept lat="57.516082" lon="12.466695"><ele>100.4</ele></rtept><rtept lat="57.516102" lon="12.466702"><ele>100.2</ele></rtept><rtept lat="57.516133" lon="12.466712"><ele>99.6</ele></rtept><rtept lat="57.516153" lon="12.466702"><ele>99.8</ele></rtept><rtept lat="57.516192" lon="12.466665"><ele>99.6</ele></rtept><rtept lat="57.516217" lon="12.466658"><ele>99.4</ele></rtept><rtept lat="57.516237" lon="12.466658"><ele>100.0</ele></rtept><rtept lat="57.516255" lon="12.466652"><ele>99.8</ele></rtept><rtept lat="57.516275" lon="12.466653"><ele>100.0</ele></rtept><rtept lat="57.516293" lon="12.466672"><ele>100.4</ele></rtept><rtept lat="57.516307" lon="12.466705"><ele>100.6</ele></rtept><rtept lat="57.51632" lon="12.466745"><ele>101.2</ele></rtept><rtept lat="57.516325" lon="12.466782"><ele>101.2</ele></rtept><rtept lat="57.516338" lon="12.46682"><ele>101.6</ele></rtept><rtept lat="57.516352" lon="12.46686"><ele>101.6</ele></rtept><rtept lat="57.516358" lon="12.466895"><ele>101.6</ele></rtept><rtept lat="57.51637" lon="12.46693"><ele>102.0</ele></rtept><rtept lat="57.51639" lon="12.466958"><ele>102.0</ele></rtept><rtept lat="57.516402" lon="12.467"><ele>102.2</ele></rtept><rtept lat="57.516415" lon="12.467043"><ele>102.4</ele></rtept><rtept lat="57.516428" lon="12.467088"><ele>102.2</ele></rtept><rtept lat="57.516435" lon="12.46714"><ele>102.8</ele></rtept><rtept lat="57.516447" lon="12.467183"><ele>102.4</ele></rtept><rtept lat="57.516453" lon="12.46722"><ele>102.2</ele></rtept><rtept lat="57.516473" lon="12.467253"><ele>102.6</ele></rtept><rtept lat="57.516492" lon="12.467272"><ele>102.4</ele></rtept><rtept lat="57.516512" lon="12.46728"><ele>102.4</ele></rtept><rtept lat="57.51653" lon="12.4673"><ele>102.4</ele></rtept><rtept lat="57.51655" lon="12.467327"><ele>102.4</ele></rtept><rtept lat="57.516562" lon="12.46737"><ele>102.8</ele></rtept><rtept lat="57.516575" lon="12.467412"><ele>102.4</ele></rtept><rtept lat="57.516588" lon="12.467455"><ele>102.6</ele></rtept><rtept lat="57.516595" lon="12.4675"><ele>102.6</ele></rtept><rtept lat="57.516613" lon="12.467563"><ele>102.6</ele></rtept><rtept lat="57.51662" lon="12.4676"><ele>103.0</ele></rtept><rtept lat="57.516633" lon="12.46764"><ele>103.0</ele></rtept><rtept lat="57.516652" lon="12.467663"><ele>103.2</ele></rtept><rtept lat="57.516678" lon="12.467658"><ele>102.8</ele></rtept><rtept lat="57.51671" lon="12.46765"><ele>103.0</ele></rtept><rtept lat="57.516728" lon="12.467655"><ele>102.8</ele></rtept><rtept lat="57.516748" lon="12.467663"><ele>102.8</ele></rtept><rtept lat="57.51678" lon="12.467702"><ele>102.4</ele></rtept><rtept lat="57.516805" lon="12.467725"><ele>102.4</ele></rtept><rtept lat="57.516825" lon="12.467753"><ele>101.8</ele></rtept><rtept lat="57.516843" lon="12.467775"><ele>102.0</ele></rtept><rtept lat="57.516863" lon="12.4678"><ele>101.6</ele></rtept><rtept lat="57.516882" lon="12.467822"><ele>101.2</ele></rtept><rtept lat="57.516908" lon="12.467835"><ele>101.4</ele></rtept><rtept lat="57.516927" lon="12.467842"><ele>100.8</ele></rtept><rtept lat="57.516953" lon="12.46784"><ele>100.6</ele></rtept><rtept lat="57.516978" lon="12.46784"><ele>100.0</ele></rtept><rtept lat="57.51701" lon="12.467847"><ele>99.4</ele></rtept><rtept lat="57.517037" lon="12.467862"><ele>99.6</ele></rtept><rtept lat="57.517062" lon="12.467887"><ele>99.4</ele></rtept><rtept lat="57.51708" lon="12.467912"><ele>99.8</ele></rtept><rtept lat="57.517113" lon="12.467933"><ele>99.4</ele></rtept><rtept lat="57.517145" lon="12.467952"><ele>99.6</ele></rtept><rtept lat="57.51717" lon="12.467988"><ele>99.2</ele></rtept><rtept lat="57.517197" lon="12.468028"><ele>99.2</ele></rtept><rtept lat="57.517222" lon="12.468058"><ele>99.0</ele></rtept><rtept lat="57.517253" lon="12.468092"><ele>98.6</ele></rtept><rtept lat="57.517285" lon="12.468137"><ele>98.2</ele></rtept><rtept lat="57.517305" lon="12.468152"><ele>98.4</ele></rtept><rtept lat="57.517323" lon="12.468177"><ele>98.2</ele></rtept><rtept lat="57.517343" lon="12.468202"><ele>98.6</ele></rtept><rtept lat="57.517368" lon="12.468235"><ele>98.6</ele></rtept><rtept lat="57.517382" lon="12.46828"><ele>98.2</ele></rtept><rtept lat="57.517407" lon="12.468325"><ele>98.6</ele></rtept><rtept lat="57.51742" lon="12.46836"><ele>98.4</ele></rtept><rtept lat="57.517445" lon="12.468398"><ele>98.6</ele></rtept><rtept lat="57.517472" lon="12.468413"><ele>98.4</ele></rtept><rtept lat="57.51749" lon="12.46842"><ele>98.0</ele></rtept><rtept lat="57.517517" lon="12.46843"><ele>98.4</ele></rtept><rtept lat="57.517535" lon="12.468448"><ele>98.2</ele></rtept><rtept lat="57.517555" lon="12.468463"><ele>98.2</ele></rtept><rtept lat="57.51758" lon="12.468473"><ele>98.4</ele></rtept><rtept lat="57.517605" lon="12.468478"><ele>98.4</ele></rtept><rtept lat="57.517625" lon="12.468483"><ele>97.8</ele></rtept><rtept lat="57.51765" lon="12.468488"><ele>98.0</ele></rtept><rtept lat="57.51767" lon="12.468488"><ele>97.6</ele></rtept><rtept lat="57.517688" lon="12.468488"><ele>97.6</ele></rtept><rtept lat="57.517708" lon="12.468482"><ele>97.2</ele></rtept><rtept lat="57.517733" lon="12.468475"><ele>96.8</ele></rtept><rtept lat="57.51776" lon="12.468468"><ele>96.8</ele></rtept><rtept lat="57.517778" lon="12.468455"><ele>96.6</ele></rtept><rtept lat="57.517798" lon="12.468435"><ele>96.2</ele></rtept><rtept lat="57.517817" lon="12.468408"><ele>96.2</ele></rtept><rtept lat="57.517837" lon="12.468393"><ele>96.2</ele></rtept><rtept lat="57.517862" lon="12.468383"><ele>96.2</ele></rtept><rtept lat="57.517887" lon="12.468388"><ele>96.2</ele></rtept><rtept lat="57.517907" lon="12.468388"><ele>95.8</ele></rtept><rtept lat="57.517938" lon="12.468385"><ele>95.8</ele></rtept><rtept lat="57.517963" lon="12.468375"><ele>95.6</ele></rtept><rtept lat="57.517983" lon="12.468353"><ele>95.2</ele></rtept><rtept lat="57.518015" lon="12.46832"><ele>95.0</ele></rtept><rtept lat="57.518047" lon="12.468283"><ele>95.4</ele></rtept><rtept lat="57.518067" lon="12.468263"><ele>94.8</ele></rtept><rtept lat="57.518092" lon="12.46822"><ele>94.8</ele></rtept><rtept lat="57.518123" lon="12.468182"><ele>94.2</ele></rtept><rtept lat="57.518143" lon="12.46816"><ele>93.8</ele></rtept><rtept lat="57.518162" lon="12.46814"><ele>93.2</ele></rtept><rtept lat="57.518175" lon="12.468107"><ele>93.4</ele></rtept><rtept lat="57.518195" lon="12.46806"><ele>92.4</ele></rtept><rtept lat="57.518213" lon="12.468025"><ele>92.2</ele></rtept><rtept lat="57.51822" lon="12.467983"><ele>91.2</ele></rtept><rtept lat="57.518227" lon="12.467933"><ele>90.8</ele></rtept><rtept lat="57.518233" lon="12.4679"><ele>90.6</ele></rtept><rtept lat="57.51824" lon="12.467832"><ele>89.8</ele></rtept><rtept lat="57.518233" lon="12.467793"><ele>89.4</ele></rtept><rtept lat="57.518233" lon="12.467753"><ele>89.2</ele></rtept><rtept lat="57.518245" lon="12.467715"><ele>88.6</ele></rtept><rtept lat="57.518272" lon="12.467697"><ele>88.2</ele></rtept><rtept lat="57.518303" lon="12.467705"><ele>87.8</ele></rtept><rtept lat="57.518335" lon="12.467723"><ele>87.0</ele></rtept><rtept lat="57.518355" lon="12.46776"><ele>87.0</ele></rtept><rtept lat="57.51838" lon="12.467788"><ele>86.2</ele></rtept><rtept lat="57.518405" lon="12.46781"><ele>86.2</ele></rtept><rtept lat="57.518432" lon="12.467832"><ele>86.2</ele></rtept><rtept lat="57.518457" lon="12.467852"><ele>85.6</ele></rtept><rtept lat="57.518482" lon="12.467862"><ele>85.8</ele></rtept><rtept lat="57.518515" lon="12.467863"><ele>85.6</ele></rtept><rtept lat="57.51854" lon="12.467855"><ele>85.0</ele></rtept><rtept lat="57.518572" lon="12.467833"><ele>85.4</ele></rtept><rtept lat="57.518598" lon="12.467808"><ele>84.8</ele></rtept><rtept lat="57.518623" lon="12.467775"><ele>84.6</ele></rtept><rtept lat="57.518642" lon="12.46774"><ele>84.8</ele></rtept><rtept lat="57.518662" lon="12.46769"><ele>84.4</ele></rtept><rtept lat="57.51868" lon="12.467655"><ele>84.6</ele></rtept><rtept lat="57.518707" lon="12.467613"><ele>84.6</ele></rtept><rtept lat="57.518732" lon="12.46759"><ele>84.2</ele></rtept><rtept lat="57.518758" lon="12.467567"><ele>84.8</ele></rtept><rtept lat="57.51879" lon="12.467547"><ele>84.6</ele></rtept><rtept lat="57.518822" lon="12.46752"><ele>85.2</ele></rtept><rtept lat="57.51884" lon="12.46749"><ele>85.2</ele></rtept><rtept lat="57.518867" lon="12.46746"><ele>85.0</ele></rtept><rtept lat="57.518892" lon="12.46743"><ele>85.6</ele></rtept><rtept lat="57.518912" lon="12.467397"><ele>85.4</ele></rtept><rtept lat="57.51893" lon="12.467353"><ele>85.8</ele></rtept><rtept lat="57.51895" lon="12.467313"><ele>86.0</ele></rtept><rtept lat="57.518975" lon="12.46728"><ele>86.0</ele></rtept><rtept lat="57.518995" lon="12.467243"><ele>86.6</ele></rtept><rtept lat="57.51902" lon="12.467208"><ele>86.6</ele></rtept><rtept lat="57.519045" lon="12.46718"><ele>86.8</ele></rtept><rtept lat="57.519072" lon="12.467153"><ele>87.2</ele></rtept><rtept lat="57.51909" lon="12.467128"><ele>87.2</ele></rtept><rtept lat="57.51911" lon="12.467107"><ele>87.6</ele></rtept><rtept lat="57.519135" lon="12.467082"><ele>87.6</ele></rtept><rtept lat="57.519167" lon="12.46705"><ele>87.4</ele></rtept><rtept lat="57.519187" lon="12.467015"><ele>87.8</ele></rtept><rtept lat="57.5192" lon="12.466977"><ele>87.6</ele></rtept><rtept lat="57.519225" lon="12.46694"><ele>88.0</ele></rtept><rtept lat="57.51925" lon="12.466903"><ele>88.0</ele></rtept><rtept lat="57.51927" lon="12.466852"><ele>87.8</ele></rtept><rtept lat="57.519288" lon="12.466812"><ele>88.4</ele></rtept><rtept lat="57.519308" lon="12.466775"><ele>88.2</ele></rtept><rtept lat="57.519327" lon="12.466725"><ele>88.4</ele></rtept><rtept lat="57.519333" lon="12.466677"><ele>88.6</ele></rtept><rtept lat="57.519353" lon="12.466637"><ele>88.4</ele></rtept><rtept lat="57.519372" lon="12.466593"><ele>88.8</ele></rtept><rtept lat="57.519385" lon="12.466547"><ele>88.8</ele></rtept><rtept lat="57.519392" lon="12.466502"><ele>88.8</ele></rtept><rtept lat="57.519398" lon="12.46646"><ele>89.2</ele></rtept><rtept lat="57.51941" lon="12.466422"><ele>89.0</ele></rtept><rtept lat="57.519417" lon="12.466382"><ele>89.6</ele></rtept><rtept lat="57.519417" lon="12.466348"><ele>89.6</ele></rtept><rtept lat="57.519417" lon="12.46631"><ele>89.8</ele></rtept><rtept lat="57.519417" lon="12.46627"><ele>90.0</ele></rtept><rtept lat="57.519403" lon="12.466223"><ele>90.0</ele></rtept><rtept lat="57.519398" lon="12.466183"><ele>90.6</ele></rtept><rtept lat="57.519392" lon="12.466143"><ele>91.0</ele></rtept><rtept lat="57.519372" lon="12.4661"><ele>91.6</ele></rtept><rtept lat="57.519365" lon="12.46606"><ele>91.8</ele></rtept><rtept lat="57.519347" lon="12.46602"><ele>91.8</ele></rtept><rtept lat="57.519333" lon="12.465978"><ele>92.4</ele></rtept><rtept lat="57.519315" lon="12.465942"><ele>92.4</ele></rtept><rtept lat="57.519295" lon="12.465907"><ele>92.4</ele></rtept><rtept lat="57.519282" lon="12.465868"><ele>92.8</ele></rtept><rtept lat="57.51927" lon="12.465832"><ele>92.6</ele></rtept><rtept lat="57.51925" lon="12.465787"><ele>93.0</ele></rtept><rtept lat="57.519232" lon="12.465748"><ele>93.0</ele></rtept><rtept lat="57.519218" lon="12.465713"><ele>92.8</ele></rtept><rtept lat="57.519193" lon="12.465673"><ele>93.2</ele></rtept><rtept lat="57.51918" lon="12.465638"><ele>93.4</ele></rtept><rtept lat="57.519167" lon="12.465595"><ele>93.0</ele></rtept><rtept lat="57.519155" lon="12.465558"><ele>93.4</ele></rtept><rtept lat="57.519148" lon="12.46552"><ele>93.2</ele></rtept><rtept lat="57.519128" lon="12.465477"><ele>93.6</ele></rtept><rtept lat="57.51911" lon="12.46543"><ele>93.8</ele></rtept><rtept lat="57.519097" lon="12.46538"><ele>93.8</ele></rtept><rtept lat="57.519083" lon="12.46534"><ele>94.2</ele></rtept><rtept lat="57.519072" lon="12.4653"><ele>94.0</ele></rtept><rtept lat="57.519058" lon="12.465258"><ele>93.8</ele></rtept><rtept lat="57.519052" lon="12.465218"><ele>94.2</ele></rtept><rtept lat="57.519045" lon="12.465173"><ele>94.0</ele></rtept><rtept lat="57.519033" lon="12.465133"><ele>94.2</ele></rtept><rtept lat="57.519033" lon="12.465097"><ele>94.4</ele></rtept><rtept lat="57.51902" lon="12.465058"><ele>94.2</ele></rtept><rtept lat="57.519007" lon="12.465018"><ele>94.8</ele></rtept><rtept lat="57.518995" lon="12.46498"><ele>94.6</ele></rtept><rtept lat="57.518982" lon="12.464928"><ele>94.6</ele></rtept><rtept lat="57.518975" lon="12.464893"><ele>95.2</ele></rtept><rtept lat="57.518962" lon="12.464835"><ele>95.8</ele></rtept><rtept lat="57.51895" lon="12.464797"><ele>96.0</ele></rtept><rtept lat="57.518937" lon="12.46476"><ele>96.0</ele></rtept><rtept lat="57.51893" lon="12.464723"><ele>96.6</ele></rtept><rtept lat="57.518918" lon="12.464692"><ele>96.8</ele></rtept><rtept lat="57.518912" lon="12.464652"><ele>97.0</ele></rtept><rtept lat="57.518898" lon="12.464615"><ele>97.4</ele></rtept><rtept lat="57.51888" lon="12.46458"><ele>97.6</ele></rtept><rtept lat="57.518873" lon="12.46454"><ele>98.2</ele></rtept><rtept lat="57.51886" lon="12.4645"><ele>98.2</ele></rtept><rtept lat="57.518847" lon="12.464463"><ele>98.2</ele></rtept><rtept lat="57.518835" lon="12.464427"><ele>98.8</ele></rtept><rtept lat="57.518822" lon="12.464393"><ele>98.8</ele></rtept><rtept lat="57.518808" lon="12.464357"><ele>99.0</ele></rtept><rtept lat="57.518797" lon="12.464322"><ele>99.2</ele></rtept><rtept lat="57.51879" lon="12.464287"><ele>99.2</ele></rtept><rtept lat="57.518777" lon="12.46424"><ele>99.6</ele></rtept><rtept lat="57.51877" lon="12.464203"><ele>99.8</ele></rtept><rtept lat="57.518758" lon="12.464173"><ele>99.8</ele></rtept><rtept lat="57.518738" lon="12.46414"><ele>100.6</ele></rtept><rtept lat="57.518732" lon="12.464103"><ele>100.6</ele></rtept><rtept lat="57.518725" lon="12.464063"><ele>100.4</ele></rtept><rtept lat="57.51872" lon="12.46402"><ele>101.0</ele></rtept><rtept lat="57.518713" lon="12.463978"><ele>101.2</ele></rtept><rtept lat="57.5187" lon="12.463935"><ele>101.4</ele></rtept><rtept lat="57.518693" lon="12.463895"><ele>102.0</ele></rtept><rtept lat="57.51868" lon="12.463852"><ele>102.0</ele></rtept><rtept lat="57.518675" lon="12.4638"><ele>102.6</ele></rtept><rtept lat="57.518675" lon="12.463753"><ele>102.6</ele></rtept><rtept lat="57.518668" lon="12.463702"><ele>102.8</ele></rtept><rtept lat="57.518668" lon="12.463652"><ele>103.2</ele></rtept><rtept lat="57.518668" lon="12.463602"><ele>103.2</ele></rtept><rtept lat="57.518675" lon="12.463558"><ele>103.2</ele></rtept><rtept lat="57.518675" lon="12.463508"><ele>103.6</ele></rtept><rtept lat="57.51868" lon="12.463458"><ele>103.4</ele></rtept><rtept lat="57.518687" lon="12.463403"><ele>103.6</ele></rtept><rtept lat="57.518693" lon="12.463352"><ele>104.0</ele></rtept><rtept lat="57.5187" lon="12.463305"><ele>104.0</ele></rtept><rtept lat="57.518713" lon="12.463257"><ele>104.0</ele></rtept><rtept lat="57.51872" lon="12.463207"><ele>104.2</ele></rtept><rtept lat="57.518738" lon="12.46317"><ele>104.0</ele></rtept><rtept lat="57.518752" lon="12.463132"><ele>104.0</ele></rtept><rtept lat="57.51877" lon="12.463093"><ele>104.2</ele></rtept><rtept lat="57.51879" lon="12.463057"><ele>104.0</ele></rtept><rtept lat="57.518797" lon="12.463013"><ele>104.4</ele></rtept><rtept lat="57.518815" lon="12.462978"><ele>104.4</ele></rtept><rtept lat="57.518835" lon="12.462943"><ele>104.2</ele></rtept><rtept lat="57.518853" lon="12.462912"><ele>104.8</ele></rtept><rtept lat="57.518873" lon="12.462868"><ele>104.8</ele></rtept><rtept lat="57.518892" lon="12.46284"><ele>105.0</ele></rtept><rtept lat="57.518912" lon="12.462813"><ele>105.4</ele></rtept><rtept lat="57.51893" lon="12.462785"><ele>105.4</ele></rtept><rtept lat="57.518943" lon="12.462753"><ele>106.0</ele></rtept><rtept lat="57.518968" lon="12.462723"><ele>106.0</ele></rtept><rtept lat="57.518988" lon="12.462695"><ele>106.0</ele></rtept><rtept lat="57.519013" lon="12.462668"><ele>106.4</ele></rtept><rtept lat="57.519033" lon="12.462635"><ele>106.6</ele></rtept><rtept lat="57.519052" lon="12.462597"><ele>106.8</ele></rtept><rtept lat="57.519072" lon="12.462558"><ele>107.2</ele></rtept><rtept lat="57.519083" lon="12.462518"><ele>107.0</ele></rtept><rtept lat="57.51911" lon="12.462482"><ele>107.4</ele></rtept><rtept lat="57.519128" lon="12.462447"><ele>107.4</ele></rtept><rtept lat="57.519135" lon="12.462408"><ele>107.2</ele></rtept><rtept lat="57.519155" lon="12.462362"><ele>107.6</ele></rtept><rtept lat="57.519167" lon="12.462313"><ele>107.4</ele></rtept><rtept lat="57.519187" lon="12.462262"><ele>107.4</ele></rtept><rtept lat="57.5192" lon="12.462218"><ele>107.6</ele></rtept><rtept lat="57.519225" lon="12.462175"><ele>107.6</ele></rtept><rtept lat="57.519243" lon="12.462128"><ele>108.0</ele></rtept><rtept lat="57.519257" lon="12.462083"><ele>108.0</ele></rtept><rtept lat="57.51927" lon="12.46204"><ele>107.8</ele></rtept><rtept lat="57.519282" lon="12.461995"><ele>108.2</ele></rtept><rtept lat="57.519295" lon="12.461947"><ele>108.2</ele></rtept><rtept lat="57.519315" lon="12.461903"><ele>108.4</ele></rtept><rtept lat="57.519327" lon="12.461847"><ele>108.6</ele></rtept><rtept lat="57.51934" lon="12.4618"><ele>108.4</ele></rtept><rtept lat="57.519353" lon="12.461753"><ele>108.4</ele></rtept><rtept lat="57.51936" lon="12.461708"><ele>108.4</ele></rtept><rtept lat="57.519365" lon="12.461663"><ele>108.0</ele></rtept><rtept lat="57.519365" lon="12.4616"><ele>108.2</ele></rtept><rtept lat="57.519372" lon="12.461562"><ele>108.2</ele></rtept><rtept lat="57.519365" lon="12.461518"><ele>108.0</ele></rtept><rtept lat="57.519372" lon="12.461475"><ele>108.2</ele></rtept><rtept lat="57.519378" lon="12.46143"><ele>107.8</ele></rtept><rtept lat="57.519385" lon="12.461383"><ele>107.6</ele></rtept><rtept lat="57.519392" lon="12.461335"><ele>107.8</ele></rtept><rtept lat="57.519403" lon="12.46129"><ele>107.6</ele></rtept><rtept lat="57.519417" lon="12.461257"><ele>107.6</ele></rtept><rtept lat="57.519437" lon="12.461237"><ele>107.8</ele></rtept><rtept lat="57.519455" lon="12.461245"><ele>107.6</ele></rtept><rtept lat="57.51948" lon="12.46127"><ele>108.0</ele></rtept><rtept lat="57.519493" lon="12.461295"><ele>107.8</ele></rtept><rtept lat="57.519513" lon="12.461333"><ele>107.6</ele></rtept><rtept lat="57.519532" lon="12.461365"><ele>108.0</ele></rtept><rtept lat="57.519545" lon="12.461393"><ele>108.0</ele></rtept><rtept lat="57.519563" lon="12.46142"><ele>108.6</ele></rtept><rtept lat="57.519577" lon="12.461475"><ele>109.0</ele></rtept><rtept lat="57.51959" lon="12.461508"><ele>109.6</ele></rtept><rtept lat="57.51959" lon="12.461542"><ele>109.8</ele></rtept><rtept lat="57.519608" lon="12.4616"><ele>110.8</ele></rtept><rtept lat="57.519635" lon="12.461642"><ele>111.4</ele></rtept><rtept lat="57.519647" lon="12.461673"><ele>111.6</ele></rtept><rtept lat="57.519667" lon="12.461705"><ele>111.6</ele></rtept><rtept lat="57.51968" lon="12.461732"><ele>112.2</ele></rtept><rtept lat="57.519692" lon="12.461757"><ele>112.2</ele></rtept><rtept lat="57.519705" lon="12.461785"><ele>112.2</ele></rtept><rtept lat="57.519723" lon="12.461807"><ele>112.6</ele></rtept><rtept lat="57.519743" lon="12.461825"><ele>112.6</ele></rtept><rtept lat="57.519762" lon="12.46184"><ele>112.2</ele></rtept><rtept lat="57.519782" lon="12.46186"><ele>112.8</ele></rtept><rtept lat="57.519813" lon="12.461892"><ele>112.6</ele></rtept><rtept lat="57.519833" lon="12.461917"><ele>113.0</ele></rtept><rtept lat="57.519852" lon="12.461935"><ele>113.0</ele></rtept><rtept lat="57.519872" lon="12.46197"><ele>113.4</ele></rtept><rtept lat="57.519903" lon="12.462005"><ele>113.6</ele></rtept><rtept lat="57.519917" lon="12.462035"><ele>113.8</ele></rtept><rtept lat="57.519935" lon="12.46206"><ele>113.6</ele></rtept><rtept lat="57.519948" lon="12.462088"><ele>114.0</ele></rtept><rtept lat="57.51996" lon="12.462118"><ele>113.8</ele></rtept><rtept lat="57.519973" lon="12.462142"><ele>113.8</ele></rtept><rtept lat="57.520005" lon="12.46219"><ele>113.8</ele></rtept><rtept lat="57.520025" lon="12.462235"><ele>113.6</ele></rtept><rtept lat="57.52005" lon="12.46228"><ele>114.0</ele></rtept><rtept lat="57.520077" lon="12.46232"><ele>113.6</ele></rtept><rtept lat="57.520102" lon="12.462367"><ele>113.2</ele></rtept><rtept lat="57.520127" lon="12.462408"><ele>113.4</ele></rtept><rtept lat="57.52014" lon="12.462465"><ele>113.0</ele></rtept><rtept lat="57.520153" lon="12.462517"><ele>112.6</ele></rtept><rtept lat="57.520165" lon="12.462558"><ele>112.6</ele></rtept><rtept lat="57.520178" lon="12.462592"><ele>112.6</ele></rtept><rtept lat="57.520198" lon="12.462623"><ele>112.0</ele></rtept><rtept lat="57.520223" lon="12.462643"><ele>112.0</ele></rtept><rtept lat="57.520248" lon="12.462703"><ele>111.4</ele></rtept><rtept lat="57.520262" lon="12.462737"><ele>111.6</ele></rtept><rtept lat="57.520287" lon="12.462768"><ele>111.4</ele></rtept><rtept lat="57.5203" lon="12.462805"><ele>111.0</ele></rtept><rtept lat="57.520318" lon="12.462845"><ele>111.4</ele></rtept><rtept lat="57.520338" lon="12.462895"><ele>110.8</ele></rtept><rtept lat="57.520358" lon="12.462938"><ele>110.4</ele></rtept><rtept lat="57.520377" lon="12.462967"><ele>110.4</ele></rtept><rtept lat="57.520397" lon="12.462997"><ele>110.4</ele></rtept><rtept lat="57.520422" lon="12.463028"><ele>109.8</ele></rtept><rtept lat="57.520473" lon="12.463082"><ele>109.8</ele></rtept><rtept lat="57.520518" lon="12.463122"><ele>110.0</ele></rtept><rtept lat="57.52055" lon="12.463165"><ele>109.6</ele></rtept><rtept lat="57.520607" lon="12.463205"><ele>109.6</ele></rtept><rtept lat="57.520645" lon="12.463238"><ele>109.4</ele></rtept><rtept lat="57.520683" lon="12.463262"><ele>109.0</ele></rtept><rtept lat="57.520722" lon="12.463292"><ele>109.2</ele></rtept><rtept lat="57.52076" lon="12.463325"><ele>109.0</ele></rtept><rtept lat="57.520787" lon="12.463347"><ele>108.8</ele></rtept><rtept lat="57.520818" lon="12.463352"><ele>109.0</ele></rtept><rtept lat="57.520838" lon="12.46333"><ele>109.0</ele></rtept><rtept lat="57.52087" lon="12.463297"><ele>108.8</ele></rtept><rtept lat="57.520895" lon="12.46328"><ele>108.4</ele></rtept><rtept lat="57.52092" lon="12.463265"><ele>108.6</ele></rtept><rtept lat="57.520953" lon="12.463232"><ele>108.2</ele></rtept><rtept lat="57.520978" lon="12.4632"><ele>107.6</ele></rtept><rtept lat="57.520998" lon="12.46319"><ele>107.8</ele></rtept><rtept lat="57.521017" lon="12.463185"><ele>107.8</ele></rtept><rtept lat="57.521037" lon="12.463175"><ele>108.4</ele></rtept><rtept lat="57.521055" lon="12.463167"><ele>108.4</ele></rtept><rtept lat="57.521075" lon="12.46316"><ele>108.2</ele></rtept><rtept lat="57.521107" lon="12.46314"><ele>108.6</ele></rtept><rtept lat="57.521125" lon="12.46314"><ele>108.8</ele></rtept><rtept lat="57.521145" lon="12.463142"><ele>109.0</ele></rtept><rtept lat="57.52117" lon="12.46315"><ele>108.6</ele></rtept><rtept lat="57.52119" lon="12.463157"><ele>109.0</ele></rtept><rtept lat="57.521222" lon="12.463152"><ele>108.8</ele></rtept><rtept lat="57.52124" lon="12.463145"><ele>109.2</ele></rtept><rtept lat="57.521267" lon="12.463142"><ele>109.4</ele></rtept><rtept lat="57.521292" lon="12.463142"><ele>109.6</ele></rtept><rtept lat="57.521318" lon="12.463147"><ele>110.2</ele></rtept><rtept lat="57.521343" lon="12.463145"><ele>110.4</ele></rtept><rtept lat="57.521362" lon="12.46314"><ele>110.6</ele></rtept><rtept lat="57.521395" lon="12.463137"><ele>111.2</ele></rtept><rtept lat="57.521413" lon="12.46314"><ele>111.4</ele></rtept><rtept lat="57.521433" lon="12.463152"><ele>111.8</ele></rtept><rtept lat="57.521452" lon="12.463162"><ele>112.0</ele></rtept><rtept lat="57.521478" lon="12.46316"><ele>112.0</ele></rtept><rtept lat="57.52151" lon="12.463165"><ele>112.6</ele></rtept><rtept lat="57.521535" lon="12.463158"><ele>112.8</ele></rtept><rtept lat="57.521555" lon="12.463152"><ele>112.8</ele></rtept><rtept lat="57.521573" lon="12.463152"><ele>113.4</ele></rtept><rtept lat="57.521593" lon="12.46316"><ele>113.8</ele></rtept><rtept lat="57.521612" lon="12.463172"><ele>114.2</ele></rtept><rtept lat="57.521632" lon="12.463178"><ele>114.6</ele></rtept><rtept lat="57.521657" lon="12.463182"><ele>114.6</ele></rtept><rtept lat="57.521677" lon="12.463205"><ele>115.0</ele></rtept><rtept lat="57.521695" lon="12.463217"><ele>115.2</ele></rtept><rtept lat="57.521715" lon="12.463215"><ele>115.2</ele></rtept><rtept lat="57.521753" lon="12.4632"><ele>115.8</ele></rtept><rtept lat="57.521772" lon="12.463192"><ele>115.6</ele></rtept><rtept lat="57.52181" lon="12.463185"><ele>116.2</ele></rtept><rtept lat="57.521837" lon="12.46319"><ele>116.4</ele></rtept><rtept lat="57.521855" lon="12.463192"><ele>116.4</ele></rtept><rtept lat="57.521887" lon="12.4632"><ele>117.0</ele></rtept><rtept lat="57.521907" lon="12.463212"><ele>117.0</ele></rtept><rtept lat="57.521925" lon="12.463252"><ele>117.4</ele></rtept><rtept lat="57.521938" lon="12.46328"><ele>117.0</ele></rtept><rtept lat="57.521958" lon="12.463305"><ele>117.4</ele></rtept><rtept lat="57.521983" lon="12.463332"><ele>117.4</ele></rtept><rtept lat="57.522002" lon="12.46336"><ele>117.4</ele></rtept><rtept lat="57.522028" lon="12.4634"><ele>117.6</ele></rtept><rtept lat="57.522047" lon="12.46343"><ele>117.8</ele></rtept><rtept lat="57.52206" lon="12.463457"><ele>117.4</ele></rtept><rtept lat="57.522085" lon="12.463485"><ele>118.0</ele></rtept><rtept lat="57.522118" lon="12.463523"><ele>117.8</ele></rtept><rtept lat="57.522137" lon="12.463543"><ele>118.0</ele></rtept><rtept lat="57.522162" lon="12.46358"><ele>117.6</ele></rtept><rtept lat="57.522188" lon="12.463618"><ele>117.8</ele></rtept><rtept lat="57.522207" lon="12.463668"><ele>118.0</ele></rtept><rtept lat="57.52222" lon="12.463697"><ele>117.8</ele></rtept><rtept lat="57.52224" lon="12.463727"><ele>117.6</ele></rtept><rtept lat="57.522258" lon="12.463763"><ele>117.8</ele></rtept><rtept lat="57.522283" lon="12.463803"><ele>117.6</ele></rtept><rtept lat="57.52231" lon="12.463833"><ele>117.8</ele></rtept><rtept lat="57.522367" lon="12.463832"><ele>117.8</ele></rtept><rtept lat="57.522432" lon="12.46382"><ele>117.6</ele></rtept><rtept lat="57.522477" lon="12.463807"><ele>118.0</ele></rtept><rtept lat="57.522515" lon="12.463802"><ele>117.8</ele></rtept><rtept lat="57.522553" lon="12.463802"><ele>117.6</ele></rtept><rtept lat="57.522585" lon="12.463818"><ele>118.2</ele></rtept><rtept lat="57.522603" lon="12.463807"><ele>118.2</ele></rtept><rtept lat="57.52263" lon="12.4638"><ele>118.4</ele></rtept><rtept lat="57.522642" lon="12.463767"><ele>118.4</ele></rtept><rtept lat="57.522648" lon="12.463722"><ele>118.6</ele></rtept><rtept lat="57.522668" lon="12.463678"><ele>119.2</ele></rtept><rtept lat="57.522675" lon="12.463632"><ele>119.2</ele></rtept><rtept lat="57.522687" lon="12.463595"><ele>119.8</ele></rtept><rtept lat="57.522707" lon="12.463553"><ele>120.0</ele></rtept><rtept lat="57.522725" lon="12.463505"><ele>120.0</ele></rtept><rtept lat="57.522738" lon="12.46346"><ele>120.6</ele></rtept><rtept lat="57.522758" lon="12.463433"><ele>120.8</ele></rtept><rtept lat="57.522777" lon="12.463395"><ele>120.6</ele></rtept><rtept lat="57.522797" lon="12.463375"><ele>121.0</ele></rtept><rtept lat="57.522835" lon="12.463345"><ele>120.8</ele></rtept><rtept lat="57.522867" lon="12.463297"><ele>121.4</ele></rtept><rtept lat="57.522898" lon="12.463285"><ele>121.8</ele></rtept><rtept lat="57.52293" lon="12.4633"><ele>121.6</ele></rtept><rtept lat="57.52295" lon="12.463285"><ele>122.0</ele></rtept><rtept lat="57.522968" lon="12.46328"><ele>122.0</ele></rtept><rtept lat="57.523007" lon="12.46331"><ele>121.8</ele></rtept><rtept lat="57.523033" lon="12.463315"><ele>122.4</ele></rtept><rtept lat="57.523058" lon="12.463337"><ele>122.4</ele></rtept><rtept lat="57.52309" lon="12.46336"><ele>122.8</ele></rtept><rtept lat="57.52311" lon="12.463377"><ele>122.6</ele></rtept><rtept lat="57.523128" lon="12.463397"><ele>122.4</ele></rtept><rtept lat="57.52316" lon="12.463418"><ele>122.8</ele></rtept><rtept lat="57.5232" lon="12.463448"><ele>122.6</ele></rtept><rtept lat="57.523232" lon="12.463473"><ele>122.8</ele></rtept><rtept lat="57.52325" lon="12.463493"><ele>123.0</ele></rtept><rtept lat="57.523257" lon="12.463525"><ele>122.8</ele></rtept><rtept lat="57.52327" lon="12.463575"><ele>123.2</ele></rtept><rtept lat="57.523277" lon="12.463655"><ele>123.2</ele></rtept><rtept lat="57.523277" lon="12.4637"><ele>123.2</ele></rtept><rtept lat="57.523295" lon="12.463787"><ele>123.6</ele></rtept><rtept lat="57.523308" lon="12.46384"><ele>123.6</ele></rtept><rtept lat="57.523327" lon="12.463892"><ele>123.8</ele></rtept><rtept lat="57.523347" lon="12.463938"><ele>123.8</ele></rtept><rtept lat="57.523353" lon="12.463977"><ele>124.2</ele></rtept><rtept lat="57.523365" lon="12.464012"><ele>124.2</ele></rtept><rtept lat="57.523385" lon="12.464047"><ele>124.4</ele></rtept><rtept lat="57.523403" lon="12.46408"><ele>124.8</ele></rtept><rtept lat="57.52343" lon="12.464117"><ele>124.6</ele></rtept><rtept lat="57.523442" lon="12.464158"><ele>124.6</ele></rtept><rtept lat="57.523468" lon="12.464208"><ele>124.8</ele></rtept><rtept lat="57.523493" lon="12.464242"><ele>124.6</ele></rtept><rtept lat="57.52352" lon="12.464275"><ele>125.0</ele></rtept><rtept lat="57.523552" lon="12.46434"><ele>125.0</ele></rtept><rtept lat="57.52359" lon="12.46438"><ele>124.6</ele></rtept><rtept lat="57.523635" lon="12.464403"><ele>124.8</ele></rtept><rtept lat="57.52368" lon="12.464418"><ele>124.6</ele></rtept><rtept lat="57.523718" lon="12.464447"><ele>124.4</ele></rtept><rtept lat="57.523743" lon="12.464463"><ele>124.6</ele></rtept><rtept lat="57.523782" lon="12.464488"><ele>124.2</ele></rtept><rtept lat="57.5238" lon="12.464528"><ele>123.6</ele></rtept><rtept lat="57.523813" lon="12.464572"><ele>123.8</ele></rtept><rtept lat="57.52382" lon="12.464615"><ele>123.6</ele></rtept><rtept lat="57.52384" lon="12.46465"><ele>123.4</ele></rtept><rtept lat="57.523858" lon="12.464678"><ele>123.6</ele></rtept><rtept lat="57.523878" lon="12.464712"><ele>123.2</ele></rtept><rtept lat="57.52391" lon="12.464712"><ele>123.4</ele></rtept><rtept lat="57.52391" lon="12.464678"><ele>123.0</ele></rtept><rtept lat="57.523903" lon="12.46464"><ele>123.2</ele></rtept><rtept lat="57.523883" lon="12.464582"><ele>123.0</ele></rtept><rtept lat="57.523878" lon="12.464545"><ele>123.2</ele></rtept><rtept lat="57.523883" lon="12.464488"><ele>123.0</ele></rtept><rtept lat="57.523878" lon="12.46444"><ele>123.4</ele></rtept><rtept lat="57.523865" lon="12.464397"><ele>123.2</ele></rtept><rtept lat="57.523865" lon="12.464357"><ele>123.6</ele></rtept><rtept lat="57.523865" lon="12.464315"><ele>123.8</ele></rtept><rtept lat="57.523858" lon="12.464275"><ele>123.8</ele></rtept><rtept lat="57.523858" lon="12.464235"><ele>124.2</ele></rtept><rtept lat="57.523858" lon="12.464195"><ele>124.4</ele></rtept><rtept lat="57.523865" lon="12.46416"><ele>124.2</ele></rtept><rtept lat="57.523878" lon="12.464117"><ele>124.8</ele></rtept><rtept lat="57.523897" lon="12.464075"><ele>124.6</ele></rtept><rtept lat="57.523917" lon="12.464037"><ele>124.6</ele></rtept><rtept lat="57.523935" lon="12.464002"><ele>125.0</ele></rtept><rtept lat="57.523955" lon="12.463965"><ele>125.0</ele></rtept><rtept lat="57.523973" lon="12.463937"><ele>125.2</ele></rtept><rtept lat="57.523993" lon="12.463912"><ele>125.2</ele></rtept><rtept lat="57.524018" lon="12.46389"><ele>125.2</ele></rtept><rtept lat="57.524043" lon="12.463872"><ele>125.8</ele></rtept><rtept lat="57.524063" lon="12.463853"><ele>125.8</ele></rtept><rtept lat="57.524088" lon="12.463827"><ele>126.0</ele></rtept><rtept lat="57.524115" lon="12.463812"><ele>126.0</ele></rtept><rtept lat="57.524133" lon="12.463793"><ele>126.8</ele></rtept><rtept lat="57.524165" lon="12.463747"><ele>126.8</ele></rtept><rtept lat="57.524198" lon="12.463692"><ele>127.6</ele></rtept><rtept lat="57.52421" lon="12.46366"><ele>128.4</ele></rtept><rtept lat="57.524223" lon="12.46362"><ele>128.8</ele></rtept><rtept lat="57.524223" lon="12.46357"><ele>128.8</ele></rtept><rtept lat="57.52423" lon="12.463523"><ele>129.4</ele></rtept><rtept lat="57.524237" lon="12.46348"><ele>129.4</ele></rtept><rtept lat="57.52423" lon="12.463423"><ele>129.6</ele></rtept><rtept lat="57.52423" lon="12.463377"><ele>130.0</ele></rtept><rtept lat="57.524223" lon="12.463335"><ele>130.0</ele></rtept><rtept lat="57.524223" lon="12.463297"><ele>130.0</ele></rtept><rtept lat="57.524223" lon="12.463258"><ele>130.2</ele></rtept><rtept lat="57.524223" lon="12.463218"><ele>130.2</ele></rtept><rtept lat="57.524223" lon="12.463165"><ele>130.2</ele></rtept><rtept lat="57.524217" lon="12.463118"><ele>130.6</ele></rtept><rtept lat="57.524217" lon="12.463073"><ele>130.4</ele></rtept><rtept lat="57.524223" lon="12.463032"><ele>130.6</ele></rtept><rtept lat="57.524237" lon="12.462987"><ele>130.8</ele></rtept><rtept lat="57.524237" lon="12.462938"><ele>130.4</ele></rtept><rtept lat="57.524242" lon="12.462888"><ele>130.8</ele></rtept><rtept lat="57.524255" lon="12.46284"><ele>130.8</ele></rtept><rtept lat="57.524262" lon="12.4628"><ele>130.6</ele></rtept><rtept lat="57.52428" lon="12.462763"><ele>131.0</ele></rtept><rtept lat="57.524293" lon="12.462733"><ele>130.8</ele></rtept><rtept lat="57.524313" lon="12.4627"><ele>130.4</ele></rtept><rtept lat="57.524332" lon="12.462663"><ele>130.8</ele></rtept><rtept lat="57.524352" lon="12.46263"><ele>130.6</ele></rtept><rtept lat="57.52437" lon="12.462598"><ele>130.6</ele></rtept><rtept lat="57.52439" lon="12.462565"><ele>130.6</ele></rtept><rtept lat="57.524408" lon="12.462535"><ele>130.4</ele></rtept><rtept lat="57.524422" lon="12.462498"><ele>130.8</ele></rtept><rtept lat="57.524435" lon="12.462458"><ele>130.6</ele></rtept><rtept lat="57.524447" lon="12.462417"><ele>130.4</ele></rtept><rtept lat="57.52446" lon="12.462357"><ele>130.8</ele></rtept><rtept lat="57.524473" lon="12.46232"><ele>130.8</ele></rtept><rtept lat="57.52448" lon="12.462263"><ele>131.0</ele></rtept><rtept lat="57.524492" lon="12.462222"><ele>131.4</ele></rtept><rtept lat="57.524498" lon="12.462175"><ele>131.4</ele></rtept><rtept lat="57.524498" lon="12.462125"><ele>131.6</ele></rtept><rtept lat="57.524512" lon="12.462093"><ele>131.2</ele></rtept><rtept lat="57.524518" lon="12.462043"><ele>131.2</ele></rtept><rtept lat="57.524512" lon="12.461995"><ele>131.2</ele></rtept><rtept lat="57.524512" lon="12.461943"><ele>131.4</ele></rtept><rtept lat="57.524505" lon="12.461912"><ele>131.0</ele></rtept><rtept lat="57.524498" lon="12.461872"><ele>131.0</ele></rtept><rtept lat="57.524492" lon="12.461825"><ele>131.0</ele></rtept><rtept lat="57.524492" lon="12.461772"><ele>130.6</ele></rtept><rtept lat="57.524492" lon="12.461717"><ele>130.4</ele></rtept><rtept lat="57.524492" lon="12.461657"><ele>130.2</ele></rtept><rtept lat="57.524492" lon="12.461598"><ele>129.6</ele></rtept><rtept lat="57.524498" lon="12.461547"><ele>129.6</ele></rtept><rtept lat="57.524512" lon="12.461488"><ele>129.2</ele></rtept><rtept lat="57.524518" lon="12.461433"><ele>128.6</ele></rtept><rtept lat="57.52453" lon="12.461383"><ele>128.8</ele></rtept><rtept lat="57.52455" lon="12.461325"><ele>128.2</ele></rtept><rtept lat="57.524562" lon="12.46128"><ele>128.4</ele></rtept><rtept lat="57.524575" lon="12.46124"><ele>128.0</ele></rtept><rtept lat="57.524588" lon="12.46118"><ele>127.8</ele></rtept><rtept lat="57.524595" lon="12.461138"><ele>128.2</ele></rtept><rtept lat="57.5246" lon="12.461092"><ele>128.0</ele></rtept><rtept lat="57.524607" lon="12.46105"><ele>128.8</ele></rtept><rtept lat="57.524613" lon="12.461007"><ele>128.8</ele></rtept><rtept lat="57.52462" lon="12.460953"><ele>128.6</ele></rtept><rtept lat="57.52462" lon="12.460913"><ele>129.2</ele></rtept><rtept lat="57.524627" lon="12.460868"><ele>129.0</ele></rtept><rtept lat="57.524633" lon="12.460827"><ele>129.4</ele></rtept><rtept lat="57.524633" lon="12.460778"><ele>129.4</ele></rtept><rtept lat="57.524638" lon="12.460725"><ele>129.4</ele></rtept><rtept lat="57.524638" lon="12.460685"><ele>129.6</ele></rtept><rtept lat="57.524638" lon="12.460643"><ele>129.4</ele></rtept><rtept lat="57.524645" lon="12.460597"><ele>129.0</ele></rtept><rtept lat="57.524652" lon="12.460552"><ele>129.2</ele></rtept><rtept lat="57.524652" lon="12.460517"><ele>128.8</ele></rtept><rtept lat="57.524665" lon="12.46048"><ele>128.8</ele></rtept><rtept lat="57.524678" lon="12.46044"><ele>129.0</ele></rtept><rtept lat="57.52469" lon="12.460372"><ele>128.6</ele></rtept><rtept lat="57.524703" lon="12.46032"><ele>128.6</ele></rtept><rtept lat="57.524722" lon="12.460273"><ele>128.2</ele></rtept><rtept lat="57.524742" lon="12.460227"><ele>127.8</ele></rtept><rtept lat="57.524755" lon="12.46018"><ele>128.0</ele></rtept><rtept lat="57.524767" lon="12.460135"><ele>127.8</ele></rtept><rtept lat="57.524767" lon="12.460082"><ele>127.2</ele></rtept><rtept lat="57.524773" lon="12.460033"><ele>127.2</ele></rtept><rtept lat="57.524787" lon="12.459988"><ele>126.8</ele></rtept><rtept lat="57.5248" lon="12.459948"><ele>126.4</ele></rtept><rtept lat="57.524825" lon="12.45991"><ele>126.6</ele></rtept><rtept lat="57.52485" lon="12.459872"><ele>125.8</ele></rtept><rtept lat="57.52487" lon="12.459837"><ele>125.8</ele></rtept><rtept lat="57.524895" lon="12.459785"><ele>125.6</ele></rtept><rtept lat="57.524908" lon="12.45974"><ele>125.0</ele></rtept><rtept lat="57.52492" lon="12.4597"><ele>125.2</ele></rtept><rtept lat="57.524933" lon="12.459658"><ele>124.8</ele></rtept><rtept lat="57.524947" lon="12.459607"><ele>124.4</ele></rtept><rtept lat="57.524947" lon="12.459553"><ele>124.4</ele></rtept><rtept lat="57.524933" lon="12.459482"><ele>124.2</ele></rtept><rtept lat="57.524927" lon="12.459415"><ele>124.0</ele></rtept><rtept lat="57.52492" lon="12.459362"><ele>124.0</ele></rtept><rtept lat="57.524908" lon="12.4593"><ele>123.6</ele></rtept><rtept lat="57.524888" lon="12.459255"><ele>123.6</ele></rtept><rtept lat="57.524877" lon="12.459188"><ele>123.0</ele></rtept><rtept lat="57.524863" lon="12.45912"><ele>123.4</ele></rtept><rtept lat="57.524857" lon="12.459057"><ele>123.2</ele></rtept><rtept lat="57.524857" lon="12.45899"><ele>123.2</ele></rtept><rtept lat="57.524857" lon="12.458927"><ele>123.2</ele></rtept><rtept lat="57.52487" lon="12.458863"><ele>123.2</ele></rtept><rtept lat="57.524888" lon="12.458808"><ele>123.4</ele></rtept><rtept lat="57.524908" lon="12.45876"><ele>123.6</ele></rtept><rtept lat="57.524933" lon="12.458727"><ele>123.8</ele></rtept><rtept lat="57.524965" lon="12.458698"><ele>124.0</ele></rtept><rtept lat="57.524985" lon="12.458667"><ele>124.0</ele></rtept><rtept lat="57.52501" lon="12.458642"><ele>124.0</ele></rtept><rtept lat="57.525042" lon="12.458625"><ele>124.2</ele></rtept><rtept lat="57.525075" lon="12.45862"><ele>124.2</ele></rtept><rtept lat="57.5251" lon="12.45862"><ele>124.2</ele></rtept><rtept lat="57.525125" lon="12.45862"><ele>124.4</ele></rtept><rtept lat="57.525152" lon="12.458623"><ele>124.6</ele></rtept><rtept lat="57.525177" lon="12.458623"><ele>124.6</ele></rtept><rtept lat="57.525208" lon="12.458623"><ele>124.8</ele></rtept><rtept lat="57.52524" lon="12.458622"><ele>124.8</ele></rtept><rtept lat="57.525273" lon="12.45862"><ele>124.8</ele></rtept><rtept lat="57.525312" lon="12.458608"><ele>125.0</ele></rtept><rtept lat="57.525343" lon="12.4586"><ele>124.6</ele></rtept><rtept lat="57.525388" lon="12.458598"><ele>124.8</ele></rtept><rtept lat="57.52542" lon="12.458595"><ele>125.0</ele></rtept><rtept lat="57.525445" lon="12.45859"><ele>124.6</ele></rtept><rtept lat="57.525472" lon="12.458583"><ele>125.0</ele></rtept><rtept lat="57.525497" lon="12.45858"><ele>125.2</ele></rtept><rtept lat="57.525528" lon="12.458583"><ele>124.8</ele></rtept><rtept lat="57.52556" lon="12.458578"><ele>125.2</ele></rtept><rtept lat="57.525587" lon="12.458562"><ele>125.0</ele></rtept><rtept lat="57.525612" lon="12.458548"><ele>124.4</ele></rtept><rtept lat="57.525643" lon="12.458578"><ele>125.0</ele></rtept><rtept lat="57.525682" lon="12.458583"><ele>124.6</ele></rtept><rtept lat="57.52572" lon="12.458578"><ele>124.6</ele></rtept><rtept lat="57.525753" lon="12.458582"><ele>124.8</ele></rtept><rtept lat="57.525785" lon="12.458603"><ele>124.4</ele></rtept><rtept lat="57.525823" lon="12.458623"><ele>124.8</ele></rtept><rtept lat="57.525862" lon="12.458633"><ele>125.0</ele></rtept><rtept lat="57.525893" lon="12.458642"><ele>124.8</ele></rtept><rtept lat="57.525925" lon="12.458648"><ele>125.2</ele></rtept><rtept lat="57.525952" lon="12.458675"><ele>125.2</ele></rtept><rtept lat="57.525997" lon="12.458702"><ele>125.0</ele></rtept><rtept lat="57.526028" lon="12.458723"><ele>124.6</ele></rtept><rtept lat="57.526067" lon="12.458767"><ele>124.2</ele></rtept><rtept lat="57.526067" lon="12.458802"><ele>124.4</ele></rtept><rtept lat="57.526085" lon="12.458858"><ele>124.6</ele></rtept><rtept lat="57.526098" lon="12.458887"><ele>124.4</ele></rtept><rtept lat="57.526118" lon="12.458927"><ele>124.2</ele></rtept><rtept lat="57.52613" lon="12.458958"><ele>124.4</ele></rtept><rtept lat="57.526143" lon="12.459012"><ele>123.8</ele></rtept><rtept lat="57.526157" lon="12.459055"><ele>124.2</ele></rtept><rtept lat="57.526182" lon="12.459102"><ele>124.2</ele></rtept><rtept lat="57.5262" lon="12.459123"><ele>124.4</ele></rtept><rtept lat="57.52622" lon="12.459148"><ele>123.8</ele></rtept><rtept lat="57.52624" lon="12.45918"><ele>123.8</ele></rtept><rtept lat="57.526258" lon="12.459208"><ele>123.6</ele></rtept><rtept lat="57.526278" lon="12.459237"><ele>123.0</ele></rtept><rtept lat="57.52629" lon="12.459268"><ele>123.2</ele></rtept><rtept lat="57.526303" lon="12.459302"><ele>123.0</ele></rtept><rtept lat="57.526335" lon="12.45934"><ele>122.6</ele></rtept><rtept lat="57.526348" lon="12.459387"><ele>122.8</ele></rtept><rtept lat="57.526367" lon="12.459433"><ele>122.6</ele></rtept><rtept lat="57.52638" lon="12.459473"><ele>122.4</ele></rtept><rtept lat="57.5264" lon="12.459513"><ele>122.6</ele></rtept><rtept lat="57.526418" lon="12.45956"><ele>122.2</ele></rtept><rtept lat="57.526425" lon="12.459612"><ele>122.0</ele></rtept><rtept lat="57.526438" lon="12.459662"><ele>122.0</ele></rtept><rtept lat="57.526457" lon="12.459705"><ele>121.6</ele></rtept><rtept lat="57.526457" lon="12.459785"><ele>121.2</ele></rtept><rtept lat="57.526457" lon="12.459855"><ele>121.4</ele></rtept><rtept lat="57.526457" lon="12.45992"><ele>121.2</ele></rtept><rtept lat="57.526457" lon="12.459973"><ele>121.0</ele></rtept><rtept lat="57.52647" lon="12.460028"><ele>120.8</ele></rtept><rtept lat="57.526482" lon="12.460075"><ele>120.8</ele></rtept><rtept lat="57.526508" lon="12.46012"><ele>120.6</ele></rtept><rtept lat="57.526533" lon="12.46014"><ele>120.6</ele></rtept><rtept lat="57.526547" lon="12.460168"><ele>120.2</ele></rtept><rtept lat="57.526565" lon="12.46018"><ele>120.2</ele></rtept><rtept lat="57.526585" lon="12.460193"><ele>120.2</ele></rtept><rtept lat="57.526623" lon="12.460212"><ele>119.8</ele></rtept><rtept lat="57.526655" lon="12.460217"><ele>119.4</ele></rtept><rtept lat="57.5267" lon="12.460248"><ele>119.4</ele></rtept><rtept lat="57.526732" lon="12.46028"><ele>118.8</ele></rtept><rtept lat="57.526752" lon="12.460307"><ele>118.4</ele></rtept><rtept lat="57.526777" lon="12.460318"><ele>118.0</ele></rtept><rtept lat="57.526797" lon="12.460318"><ele>117.6</ele></rtept><rtept lat="57.526822" lon="12.460355"><ele>117.6</ele></rtept><rtept lat="57.52684" lon="12.4604"><ele>117.2</ele></rtept><rtept lat="57.526853" lon="12.460435"><ele>116.4</ele></rtept><rtept lat="57.52686" lon="12.460467"><ele>116.6</ele></rtept><rtept lat="57.526867" lon="12.460503"><ele>116.0</ele></rtept><rtept lat="57.526885" lon="12.460545"><ele>116.0</ele></rtept><rtept lat="57.526898" lon="12.460585"><ele>116.0</ele></rtept><rtept lat="57.526918" lon="12.460628"><ele>115.8</ele></rtept><rtept lat="57.52693" lon="12.460665"><ele>116.0</ele></rtept><rtept lat="57.526943" lon="12.460698"><ele>115.8</ele></rtept><rtept lat="57.526962" lon="12.460748"><ele>115.6</ele></rtept><rtept lat="57.526982" lon="12.460813"><ele>116.0</ele></rtept><rtept lat="57.527007" lon="12.460867"><ele>115.8</ele></rtept><rtept lat="57.52704" lon="12.460913"><ele>115.6</ele></rtept><rtept lat="57.527072" lon="12.46098"><ele>116.0</ele></rtept><rtept lat="57.52709" lon="12.461025"><ele>115.8</ele></rtept><rtept lat="57.52711" lon="12.461058"><ele>115.6</ele></rtept><rtept lat="57.527135" lon="12.4611"><ele>116.2</ele></rtept><rtept lat="57.527148" lon="12.461152"><ele>116.2</ele></rtept><rtept lat="57.52716" lon="12.461202"><ele>115.8</ele></rtept><rtept lat="57.52718" lon="12.461247"><ele>116.2</ele></rtept><rtept lat="57.52718" lon="12.461285"><ele>115.8</ele></rtept><rtept lat="57.52718" lon="12.461325"><ele>116.4</ele></rtept><rtept lat="57.527187" lon="12.461365"><ele>116.6</ele></rtept><rtept lat="57.52718" lon="12.461403"><ele>116.4</ele></rtept><rtept lat="57.527187" lon="12.46146"><ele>116.6</ele></rtept><rtept lat="57.527187" lon="12.461495"><ele>117.0</ele></rtept><rtept lat="57.527193" lon="12.461538"><ele>117.2</ele></rtept><rtept lat="57.527193" lon="12.461572"><ele>117.0</ele></rtept><rtept lat="57.527193" lon="12.461612"><ele>117.2</ele></rtept><rtept lat="57.527205" lon="12.461652"><ele>117.2</ele></rtept><rtept lat="57.527212" lon="12.461693"><ele>117.0</ele></rtept><rtept lat="57.527218" lon="12.461732"><ele>117.4</ele></rtept><rtept lat="57.527225" lon="12.461792"><ele>117.2</ele></rtept><rtept lat="57.527238" lon="12.461857"><ele>117.4</ele></rtept><rtept lat="57.52725" lon="12.461907"><ele>117.6</ele></rtept><rtept lat="57.527257" lon="12.461968"><ele>117.4</ele></rtept><rtept lat="57.527282" lon="12.46203"><ele>117.8</ele></rtept><rtept lat="57.527308" lon="12.462093"><ele>117.6</ele></rtept><rtept lat="57.527315" lon="12.462135"><ele>117.6</ele></rtept><rtept lat="57.527333" lon="12.462187"><ele>118.0</ele></rtept><rtept lat="57.527347" lon="12.462228"><ele>117.8</ele></rtept><rtept lat="57.527365" lon="12.462273"><ele>117.2</ele></rtept><rtept lat="57.527378" lon="12.46232"><ele>117.0</ele></rtept><rtept lat="57.527392" lon="12.462362"><ele>117.4</ele></rtept><rtept lat="57.527403" lon="12.462405"><ele>117.2</ele></rtept><rtept lat="57.527398" lon="12.462452"><ele>117.2</ele></rtept><rtept lat="57.527378" lon="12.462492"><ele>117.6</ele></rtept><rtept lat="57.527378" lon="12.462565"><ele>117.0</ele></rtept><rtept lat="57.527378" lon="12.462607"><ele>117.2</ele></rtept><rtept lat="57.527385" lon="12.46265"><ele>116.4</ele></rtept><rtept lat="57.527385" lon="12.46269"><ele>116.0</ele></rtept><rtept lat="57.527392" lon="12.462755"><ele>116.0</ele></rtept><rtept lat="57.527398" lon="12.462815"><ele>115.8</ele></rtept><rtept lat="57.527403" lon="12.462868"><ele>115.4</ele></rtept><rtept lat="57.527398" lon="12.462922"><ele>115.2</ele></rtept><rtept lat="57.527392" lon="12.462978"><ele>115.0</ele></rtept><rtept lat="57.527378" lon="12.463023"><ele>114.4</ele></rtept><rtept lat="57.527372" lon="12.463077"><ele>114.0</ele></rtept><rtept lat="57.527353" lon="12.463122"><ele>114.0</ele></rtept><rtept lat="57.52734" lon="12.463175"><ele>113.2</ele></rtept><rtept lat="57.52734" lon="12.463218"><ele>113.2</ele></rtept><rtept lat="57.52734" lon="12.463257"><ele>112.8</ele></rtept><rtept lat="57.527347" lon="12.463302"><ele>112.4</ele></rtept><rtept lat="57.527378" lon="12.46337"><ele>112.6</ele></rtept><rtept lat="57.527385" lon="12.463417"><ele>112.4</ele></rtept><rtept lat="57.527392" lon="12.463468"><ele>112.4</ele></rtept><rtept lat="57.527398" lon="12.463503"><ele>112.4</ele></rtept><rtept lat="57.527398" lon="12.463548"><ele>111.8</ele></rtept><rtept lat="57.52741" lon="12.463588"><ele>111.8</ele></rtept><rtept lat="57.52743" lon="12.463607"><ele>111.8</ele></rtept><rtept lat="57.527448" lon="12.463628"><ele>111.6</ele></rtept><rtept lat="57.52748" lon="12.463648"><ele>112.2</ele></rtept><rtept lat="57.527513" lon="12.463672"><ele>112.0</ele></rtept><rtept lat="57.527538" lon="12.463678"><ele>111.8</ele></rtept><rtept lat="57.52757" lon="12.463712"><ele>112.6</ele></rtept><rtept lat="57.527602" lon="12.463733"><ele>112.8</ele></rtept><rtept lat="57.527647" lon="12.463753"><ele>113.2</ele></rtept><rtept lat="57.527678" lon="12.463787"><ele>113.4</ele></rtept><rtept lat="57.527712" lon="12.463828"><ele>113.4</ele></rtept><rtept lat="57.527737" lon="12.463887"><ele>114.0</ele></rtept><rtept lat="57.527775" lon="12.46394"><ele>114.2</ele></rtept><rtept lat="57.5278" lon="12.463995"><ele>114.8</ele></rtept><rtept lat="57.527813" lon="12.464022"><ele>115.0</ele></rtept><rtept lat="57.527827" lon="12.464057"><ele>114.8</ele></rtept><rtept lat="57.527852" lon="12.46409"><ele>115.4</ele></rtept><rtept lat="57.527872" lon="12.464133"><ele>115.6</ele></rtept><rtept lat="57.527897" lon="12.464195"><ele>115.6</ele></rtept><rtept lat="57.52791" lon="12.46427"><ele>116.0</ele></rtept><rtept lat="57.527948" lon="12.464328"><ele>116.0</ele></rtept><rtept lat="57.527967" lon="12.464352"><ele>115.6</ele></rtept><rtept lat="57.527967" lon="12.464388"><ele>115.8</ele></rtept><rtept lat="57.527973" lon="12.464433"><ele>115.8</ele></rtept><rtept lat="57.527973" lon="12.464467"><ele>115.8</ele></rtept><rtept lat="57.527987" lon="12.464513"><ele>116.2</ele></rtept><rtept lat="57.528" lon="12.464558"><ele>116.6</ele></rtept><rtept lat="57.528012" lon="12.46462"><ele>116.6</ele></rtept><rtept lat="57.528025" lon="12.46466"><ele>116.8</ele></rtept><rtept lat="57.528043" lon="12.464735"><ele>116.8</ele></rtept><rtept lat="57.528057" lon="12.46479"><ele>116.2</ele></rtept><rtept lat="57.528077" lon="12.464853"><ele>116.4</ele></rtept><rtept lat="57.528088" lon="12.464883"><ele>116.0</ele></rtept><rtept lat="57.528095" lon="12.464925"><ele>116.4</ele></rtept><rtept lat="57.528108" lon="12.464968"><ele>116.2</ele></rtept><rtept lat="57.528115" lon="12.465008"><ele>116.4</ele></rtept><rtept lat="57.528127" lon="12.465047"><ele>116.4</ele></rtept><rtept lat="57.528147" lon="12.4651"><ele>116.8</ele></rtept><rtept lat="57.52816" lon="12.465152"><ele>116.6</ele></rtept><rtept lat="57.528178" lon="12.465208"><ele>117.2</ele></rtept><rtept lat="57.528192" lon="12.465242"><ele>117.4</ele></rtept><rtept lat="57.528198" lon="12.465277"><ele>117.6</ele></rtept><rtept lat="57.52821" lon="12.465332"><ele>118.4</ele></rtept><rtept lat="57.528223" lon="12.46536"><ele>118.4</ele></rtept><rtept lat="57.528237" lon="12.465392"><ele>118.6</ele></rtept><rtept lat="57.528248" lon="12.465452"><ele>119.0</ele></rtept><rtept lat="57.528262" lon="12.46552"><ele>119.6</ele></rtept><rtept lat="57.528268" lon="12.465563"><ele>119.4</ele></rtept><rtept lat="57.528275" lon="12.465603"><ele>120.0</ele></rtept><rtept lat="57.528275" lon="12.465653"><ele>120.0</ele></rtept><rtept lat="57.528275" lon="12.465695"><ele>120.4</ele></rtept><rtept lat="57.528275" lon="12.465768"><ele>121.0</ele></rtept><rtept lat="57.528275" lon="12.465827"><ele>121.0</ele></rtept><rtept lat="57.528275" lon="12.465873"><ele>121.4</ele></rtept><rtept lat="57.528287" lon="12.465913"><ele>121.2</ele></rtept><rtept lat="57.528293" lon="12.465958"><ele>121.0</ele></rtept><rtept lat="57.528307" lon="12.465997"><ele>121.6</ele></rtept><rtept lat="57.528313" lon="12.466037"><ele>121.4</ele></rtept><rtept lat="57.528332" lon="12.466097"><ele>121.8</ele></rtept><rtept lat="57.528345" lon="12.466127"><ele>121.8</ele></rtept><rtept lat="57.528363" lon="12.46616"><ele>122.2</ele></rtept><rtept lat="57.528377" lon="12.466185"><ele>122.4</ele></rtept><rtept lat="57.52839" lon="12.46621"><ele>122.2</ele></rtept><rtept lat="57.528408" lon="12.466245"><ele>122.6</ele></rtept><rtept lat="57.528428" lon="12.466278"><ele>122.8</ele></rtept><rtept lat="57.528447" lon="12.466318"><ele>122.8</ele></rtept><rtept lat="57.52846" lon="12.466358"><ele>123.2</ele></rtept><rtept lat="57.528485" lon="12.46639"><ele>123.2</ele></rtept><rtept lat="57.528505" lon="12.466435"><ele>122.8</ele></rtept><rtept lat="57.528512" lon="12.466467"><ele>123.4</ele></rtept><rtept lat="57.52853" lon="12.4665"><ele>123.2</ele></rtept><rtept lat="57.52855" lon="12.466538"><ele>123.0</ele></rtept><rtept lat="57.528568" lon="12.46658"><ele>123.4</ele></rtept><rtept lat="57.528582" lon="12.46662"><ele>123.4</ele></rtept><rtept lat="57.5286" lon="12.466662"><ele>123.2</ele></rtept><rtept lat="57.528613" lon="12.466707"><ele>123.6</ele></rtept><rtept lat="57.528627" lon="12.46675"><ele>123.4</ele></rtept><rtept lat="57.528645" lon="12.466792"><ele>123.2</ele></rtept><rtept lat="57.528672" lon="12.466832"><ele>123.4</ele></rtept><rtept lat="57.52869" lon="12.46687"><ele>123.2</ele></rtept><rtept lat="57.52871" lon="12.466903"><ele>123.0</ele></rtept><rtept lat="57.528728" lon="12.466943"><ele>123.0</ele></rtept><rtept lat="57.528748" lon="12.466973"><ele>122.8</ele></rtept><rtept lat="57.528767" lon="12.467003"><ele>122.6</ele></rtept><rtept lat="57.52878" lon="12.46704"><ele>122.8</ele></rtept><rtept lat="57.528793" lon="12.467075"><ele>122.6</ele></rtept><rtept lat="57.528812" lon="12.467115"><ele>122.2</ele></rtept><rtept lat="57.528832" lon="12.467157"><ele>122.6</ele></rtept><rtept lat="57.528843" lon="12.467193"><ele>122.2</ele></rtept><rtept lat="57.52887" lon="12.467227"><ele>122.0</ele></rtept><rtept lat="57.528895" lon="12.467258"><ele>122.2</ele></rtept><rtept lat="57.528908" lon="12.467293"><ele>122.2</ele></rtept><rtept lat="57.528927" lon="12.467327"><ele>122.4</ele></rtept><rtept lat="57.528953" lon="12.467358"><ele>122.2</ele></rtept><rtept lat="57.528972" lon="12.467392"><ele>122.0</ele></rtept><rtept lat="57.528992" lon="12.467422"><ele>122.4</ele></rtept><rtept lat="57.52901" lon="12.467452"><ele>122.2</ele></rtept><rtept lat="57.52903" lon="12.46748"><ele>121.8</ele></rtept><rtept lat="57.529048" lon="12.467512"><ele>122.2</ele></rtept><rtept lat="57.529068" lon="12.467543"><ele>122.0</ele></rtept><rtept lat="57.529087" lon="12.46758"><ele>122.0</ele></rtept><rtept lat="57.529107" lon="12.46762"><ele>122.4</ele></rtept><rtept lat="57.52912" lon="12.46766"><ele>121.8</ele></rtept><rtept lat="57.529138" lon="12.467695"><ele>121.6</ele></rtept><rtept lat="57.529152" lon="12.467728"><ele>122.2</ele></rtept><rtept lat="57.529163" lon="12.467758"><ele>121.8</ele></rtept><rtept lat="57.529177" lon="12.467793"><ele>121.8</ele></rtept><rtept lat="57.529197" lon="12.46782"><ele>122.0</ele></rtept><rtept lat="57.529208" lon="12.467843"><ele>121.8</ele></rtept><rtept lat="57.529222" lon="12.467898"><ele>121.6</ele></rtept><rtept lat="57.529235" lon="12.467933"><ele>121.6</ele></rtept><rtept lat="57.529247" lon="12.467973"><ele>121.2</ele></rtept><rtept lat="57.529267" lon="12.468018"><ele>120.8</ele></rtept><rtept lat="57.52928" lon="12.46806"><ele>120.6</ele></rtept><rtept lat="57.529285" lon="12.468105"><ele>120.0</ele></rtept><rtept lat="57.529285" lon="12.468152"><ele>119.4</ele></rtept><rtept lat="57.529292" lon="12.468198"><ele>119.4</ele></rtept><rtept lat="57.529285" lon="12.46825"><ele>118.8</ele></rtept><rtept lat="57.529285" lon="12.468303"><ele>118.2</ele></rtept><rtept lat="57.52928" lon="12.468355"><ele>118.2</ele></rtept><rtept lat="57.52928" lon="12.468402"><ele>117.6</ele></rtept><rtept lat="57.52928" lon="12.468455"><ele>117.0</ele></rtept><rtept lat="57.52928" lon="12.4685"><ele>117.2</ele></rtept><rtept lat="57.52928" lon="12.468543"><ele>116.8</ele></rtept><rtept lat="57.529285" lon="12.468592"><ele>116.4</ele></rtept><rtept lat="57.529285" lon="12.468638"><ele>116.4</ele></rtept><rtept lat="57.529298" lon="12.46868"><ele>115.8</ele></rtept><rtept lat="57.529298" lon="12.468733"><ele>115.2</ele></rtept><rtept lat="57.529298" lon="12.468787"><ele>115.2</ele></rtept><rtept lat="57.529298" lon="12.468832"><ele>114.6</ele></rtept><rtept lat="57.529298" lon="12.468877"><ele>114.0</ele></rtept><rtept lat="57.529292" lon="12.46892"><ele>113.8</ele></rtept><rtept lat="57.529292" lon="12.46897"><ele>113.4</ele></rtept><rtept lat="57.529285" lon="12.46902"><ele>112.6</ele></rtept><rtept lat="57.529285" lon="12.469077"><ele>112.0</ele></rtept><rtept lat="57.529285" lon="12.469123"><ele>111.8</ele></rtept><rtept lat="57.52928" lon="12.469175"><ele>111.4</ele></rtept><rtept lat="57.529273" lon="12.469227"><ele>111.2</ele></rtept><rtept lat="57.529273" lon="12.469273"><ele>111.4</ele></rtept><rtept lat="57.529273" lon="12.46932"><ele>111.0</ele></rtept><rtept lat="57.52928" lon="12.469362"><ele>111.2</ele></rtept><rtept lat="57.52928" lon="12.469407"><ele>111.0</ele></rtept><rtept lat="57.52928" lon="12.469452"><ele>110.8</ele></rtept><rtept lat="57.529298" lon="12.469497"><ele>111.4</ele></rtept><rtept lat="57.529318" lon="12.46954"><ele>111.2</ele></rtept><rtept lat="57.529323" lon="12.469577"><ele>111.2</ele></rtept><rtept lat="57.529323" lon="12.469612"><ele>111.4</ele></rtept><rtept lat="57.529337" lon="12.469652"><ele>111.4</ele></rtept><rtept lat="57.529337" lon="12.469695"><ele>112.0</ele></rtept><rtept lat="57.529343" lon="12.46974"><ele>111.8</ele></rtept><rtept lat="57.529343" lon="12.469785"><ele>111.8</ele></rtept><rtept lat="57.529357" lon="12.46982"><ele>112.4</ele></rtept><rtept lat="57.529357" lon="12.469875"><ele>112.2</ele></rtept><rtept lat="57.52935" lon="12.469908"><ele>112.6</ele></rtept><rtept lat="57.529357" lon="12.469972"><ele>112.6</ele></rtept><rtept lat="57.529357" lon="12.470018"><ele>112.4</ele></rtept><rtept lat="57.529362" lon="12.470068"><ele>112.8</ele></rtept><rtept lat="57.529375" lon="12.47012"><ele>112.6</ele></rtept><rtept lat="57.529375" lon="12.470172"><ele>112.4</ele></rtept><rtept lat="57.529375" lon="12.470225"><ele>112.8</ele></rtept><rtept lat="57.529382" lon="12.47027"><ele>112.6</ele></rtept><rtept lat="57.529388" lon="12.470312"><ele>112.2</ele></rtept><rtept lat="57.5294" lon="12.470357"><ele>112.6</ele></rtept><rtept lat="57.529413" lon="12.470403"><ele>112.2</ele></rtept><rtept lat="57.529427" lon="12.470448"><ele>112.0</ele></rtept><rtept lat="57.52944" lon="12.470488"><ele>112.2</ele></rtept><rtept lat="57.529465" lon="12.470562"><ele>111.8</ele></rtept><rtept lat="57.529478" lon="12.470602"><ele>111.8</ele></rtept><rtept lat="57.529497" lon="12.470633"><ele>111.4</ele></rtept><rtept lat="57.529517" lon="12.470663"><ele>111.8</ele></rtept><rtept lat="57.529522" lon="12.470703"><ele>111.4</ele></rtept><rtept lat="57.529528" lon="12.470747"><ele>111.0</ele></rtept><rtept lat="57.529542" lon="12.470787"><ele>111.2</ele></rtept><rtept lat="57.529555" lon="12.470827"><ele>111.0</ele></rtept><rtept lat="57.529573" lon="12.470867"><ele>111.0</ele></rtept><rtept lat="57.52958" lon="12.470905"><ele>111.0</ele></rtept><rtept lat="57.529587" lon="12.470945"><ele>111.0</ele></rtept><rtept lat="57.5296" lon="12.470985"><ele>111.2</ele></rtept><rtept lat="57.529612" lon="12.47103"><ele>110.8</ele></rtept><rtept lat="57.529638" lon="12.47107"><ele>110.6</ele></rtept><rtept lat="57.529643" lon="12.47111"><ele>110.8</ele></rtept><rtept lat="57.529657" lon="12.471153"><ele>110.4</ele></rtept><rtept lat="57.52967" lon="12.4712"><ele>110.2</ele></rtept><rtept lat="57.529688" lon="12.471242"><ele>110.4</ele></rtept><rtept lat="57.529715" lon="12.471282"><ele>110.0</ele></rtept><rtept lat="57.529733" lon="12.471323"><ele>109.8</ele></rtept><rtept lat="57.529753" lon="12.471355"><ele>110.0</ele></rtept><rtept lat="57.529765" lon="12.471393"><ele>109.6</ele></rtept><rtept lat="57.529772" lon="12.471432"><ele>110.0</ele></rtept><rtept lat="57.529785" lon="12.471462"><ele>109.6</ele></rtept><rtept lat="57.529798" lon="12.471493"><ele>109.2</ele></rtept><rtept lat="57.529817" lon="12.47152"><ele>109.8</ele></rtept><rtept lat="57.529842" lon="12.471548"><ele>109.8</ele></rtept><rtept lat="57.529868" lon="12.471582"><ele>109.8</ele></rtept><rtept lat="57.529887" lon="12.471605"><ele>110.0</ele></rtept><rtept lat="57.529913" lon="12.471638"><ele>109.8</ele></rtept><rtept lat="57.529938" lon="12.471665"><ele>110.2</ele></rtept><rtept lat="57.529958" lon="12.47169"><ele>110.0</ele></rtept><rtept lat="57.529983" lon="12.471715"><ele>109.6</ele></rtept><rtept lat="57.530008" lon="12.471735"><ele>110.0</ele></rtept><rtept lat="57.530035" lon="12.47176"><ele>109.8</ele></rtept><rtept lat="57.53006" lon="12.471783"><ele>110.0</ele></rtept><rtept lat="57.53008" lon="12.471803"><ele>110.2</ele></rtept><rtept lat="57.530105" lon="12.471823"><ele>110.0</ele></rtept><rtept lat="57.53013" lon="12.471843"><ele>110.2</ele></rtept><rtept lat="57.530157" lon="12.471863"><ele>110.0</ele></rtept><rtept lat="57.530175" lon="12.471885"><ele>109.6</ele></rtept><rtept lat="57.5302" lon="12.471908"><ele>110.0</ele></rtept><rtept lat="57.530227" lon="12.471928"><ele>109.8</ele></rtept><rtept lat="57.530252" lon="12.471953"><ele>109.4</ele></rtept><rtept lat="57.530272" lon="12.471975"><ele>109.8</ele></rtept><rtept lat="57.53029" lon="12.472002"><ele>109.4</ele></rtept><rtept lat="57.53031" lon="12.472035"><ele>109.2</ele></rtept><rtept lat="57.530328" lon="12.472068"><ele>109.2</ele></rtept><rtept lat="57.530348" lon="12.4721"><ele>108.8</ele></rtept><rtept lat="57.53036" lon="12.472133"><ele>109.0</ele></rtept><rtept lat="57.530373" lon="12.47216"><ele>108.8</ele></rtept><rtept lat="57.530387" lon="12.472183"><ele>108.8</ele></rtept><rtept lat="57.5304" lon="12.472218"><ele>109.2</ele></rtept><rtept lat="57.530418" lon="12.472258"><ele>109.0</ele></rtept><rtept lat="57.530432" lon="12.472292"><ele>108.6</ele></rtept><rtept lat="57.53045" lon="12.472327"><ele>109.0</ele></rtept><rtept lat="57.53047" lon="12.472367"><ele>108.8</ele></rtept><rtept lat="57.530482" lon="12.47241"><ele>108.4</ele></rtept><rtept lat="57.530508" lon="12.47245"><ele>108.6</ele></rtept><rtept lat="57.530527" lon="12.47249"><ele>108.2</ele></rtept><rtept lat="57.530547" lon="12.472535"><ele>108.2</ele></rtept><rtept lat="57.53056" lon="12.472585"><ele>108.2</ele></rtept><rtept lat="57.530565" lon="12.472638"><ele>107.6</ele></rtept><rtept lat="57.530553" lon="12.472688"><ele>107.8</ele></rtept><rtept lat="57.530547" lon="12.472735"><ele>107.6</ele></rtept><rtept lat="57.530527" lon="12.472777"><ele>107.0</ele></rtept><rtept lat="57.530502" lon="12.472808"><ele>107.4</ele></rtept><rtept lat="57.530482" lon="12.472847"><ele>107.2</ele></rtept><rtept lat="57.53047" lon="12.47288"><ele>107.6</ele></rtept><rtept lat="57.53045" lon="12.472918"><ele>107.2</ele></rtept><rtept lat="57.530438" lon="12.472958"><ele>107.2</ele></rtept><rtept lat="57.530425" lon="12.473002"><ele>107.6</ele></rtept><rtept lat="57.530412" lon="12.473045"><ele>107.2</ele></rtept><rtept lat="57.5304" lon="12.473085"><ele>107.0</ele></rtept><rtept lat="57.530387" lon="12.47313"><ele>107.2</ele></rtept><rtept lat="57.530373" lon="12.473165"><ele>107.0</ele></rtept><rtept lat="57.530367" lon="12.473203"><ele>106.6</ele></rtept><rtept lat="57.530355" lon="12.473237"><ele>107.0</ele></rtept><rtept lat="57.530348" lon="12.473273"><ele>106.4</ele></rtept><rtept lat="57.530348" lon="12.473315"><ele>106.2</ele></rtept><rtept lat="57.530348" lon="12.47336"><ele>106.4</ele></rtept><rtept lat="57.530342" lon="12.473405"><ele>106.0</ele></rtept><rtept lat="57.530342" lon="12.473442"><ele>106.2</ele></rtept><rtept lat="57.530348" lon="12.473487"><ele>106.0</ele></rtept><rtept lat="57.530348" lon="12.473522"><ele>105.8</ele></rtept><rtept lat="57.530355" lon="12.473563"><ele>106.0</ele></rtept><rtept lat="57.53036" lon="12.473602"><ele>106.4</ele></rtept><rtept lat="57.530367" lon="12.47364"><ele>106.4</ele></rtept><rtept lat="57.530367" lon="12.47368"><ele>106.2</ele></rtept><rtept lat="57.530367" lon="12.473722"><ele>106.6</ele></rtept><rtept lat="57.530373" lon="12.473765"><ele>106.6</ele></rtept><rtept lat="57.53038" lon="12.473805"><ele>107.0</ele></rtept><rtept lat="57.530373" lon="12.473845"><ele>107.2</ele></rtept><rtept lat="57.530373" lon="12.473883"><ele>107.4</ele></rtept><rtept lat="57.530367" lon="12.47392"><ele>108.0</ele></rtept><rtept lat="57.53038" lon="12.47396"><ele>108.0</ele></rtept><rtept lat="57.530393" lon="12.474003"><ele>108.0</ele></rtept><rtept lat="57.5304" lon="12.474043"><ele>108.6</ele></rtept><rtept lat="57.530418" lon="12.474083"><ele>108.4</ele></rtept><rtept lat="57.530418" lon="12.474128"><ele>108.4</ele></rtept><rtept lat="57.530432" lon="12.474173"><ele>108.8</ele></rtept><rtept lat="57.530438" lon="12.474218"><ele>108.6</ele></rtept><rtept lat="57.530443" lon="12.474262"><ele>108.6</ele></rtept><rtept lat="57.53045" lon="12.474307"><ele>109.0</ele></rtept><rtept lat="57.53045" lon="12.474353"><ele>109.0</ele></rtept><rtept lat="57.530457" lon="12.474393"><ele>109.4</ele></rtept><rtept lat="57.530457" lon="12.474435"><ele>109.6</ele></rtept><rtept lat="57.530457" lon="12.47448"><ele>109.6</ele></rtept><rtept lat="57.53047" lon="12.474522"><ele>110.4</ele></rtept><rtept lat="57.53047" lon="12.474563"><ele>110.4</ele></rtept><rtept lat="57.530477" lon="12.474608"><ele>110.2</ele></rtept><rtept lat="57.530488" lon="12.47465"><ele>110.6</ele></rtept><rtept lat="57.530488" lon="12.474693"><ele>110.6</ele></rtept><rtept lat="57.530495" lon="12.474735"><ele>111.0</ele></rtept><rtept lat="57.530495" lon="12.474775"><ele>111.4</ele></rtept><rtept lat="57.530495" lon="12.474822"><ele>111.4</ele></rtept><rtept lat="57.530495" lon="12.474867"><ele>112.2</ele></rtept><rtept lat="57.530495" lon="12.474908"><ele>112.4</ele></rtept><rtept lat="57.530495" lon="12.474953"><ele>112.2</ele></rtept><rtept lat="57.530495" lon="12.474992"><ele>112.8</ele></rtept><rtept lat="57.530495" lon="12.475028"><ele>112.8</ele></rtept><rtept lat="57.530508" lon="12.475067"><ele>113.0</ele></rtept><rtept lat="57.530508" lon="12.4751"><ele>113.4</ele></rtept><rtept lat="57.53052" lon="12.475132"><ele>113.4</ele></rtept><rtept lat="57.530527" lon="12.475172"><ele>114.0</ele></rtept><rtept lat="57.530547" lon="12.475205"><ele>114.0</ele></rtept><rtept lat="57.53056" lon="12.475238"><ele>114.0</ele></rtept><rtept lat="57.530572" lon="12.475272"><ele>114.6</ele></rtept><rtept lat="57.530592" lon="12.475303"><ele>114.6</ele></rtept><rtept lat="57.53063" lon="12.47536"><ele>115.0</ele></rtept><rtept lat="57.530655" lon="12.47539"><ele>115.0</ele></rtept><rtept lat="57.53068" lon="12.475415"><ele>115.0</ele></rtept><rtept lat="57.5307" lon="12.475448"><ele>115.4</ele></rtept><rtept lat="57.530713" lon="12.475478"><ele>115.4</ele></rtept><rtept lat="57.530732" lon="12.475505"><ele>115.2</ele></rtept><rtept lat="57.530752" lon="12.475535"><ele>115.8</ele></rtept><rtept lat="57.53077" lon="12.475555"><ele>115.8</ele></rtept><rtept lat="57.530783" lon="12.47558"><ele>116.2</ele></rtept><rtept lat="57.530808" lon="12.475603"><ele>116.4</ele></rtept><rtept lat="57.530828" lon="12.475628"><ele>116.4</ele></rtept><rtept lat="57.53084" lon="12.475657"><ele>117.0</ele></rtept><rtept lat="57.530873" lon="12.475707"><ele>116.8</ele></rtept><rtept lat="57.530892" lon="12.475733"><ele>117.4</ele></rtept><rtept lat="57.530912" lon="12.47576"><ele>117.2</ele></rtept><rtept lat="57.530923" lon="12.47579"><ele>117.0</ele></rtept><rtept lat="57.530937" lon="12.47585"><ele>117.2</ele></rtept><rtept lat="57.53095" lon="12.47588"><ele>117.4</ele></rtept><rtept lat="57.530962" lon="12.475917"><ele>117.8</ele></rtept><rtept lat="57.530975" lon="12.47595"><ele>117.6</ele></rtept><rtept lat="57.530988" lon="12.47598"><ele>118.2</ele></rtept><rtept lat="57.531013" lon="12.476023"><ele>118.0</ele></rtept><rtept lat="57.531027" lon="12.47607"><ele>118.0</ele></rtept><rtept lat="57.531045" lon="12.47611"><ele>118.4</ele></rtept><rtept lat="57.531058" lon="12.476155"><ele>118.4</ele></rtept><rtept lat="57.531078" lon="12.476198"><ele>118.8</ele></rtept><rtept lat="57.53109" lon="12.47623"><ele>119.0</ele></rtept><rtept lat="57.531103" lon="12.476272"><ele>118.8</ele></rtept><rtept lat="57.531117" lon="12.476308"><ele>119.6</ele></rtept><rtept lat="57.531128" lon="12.47634"><ele>119.4</ele></rtept><rtept lat="57.531148" lon="12.476367"><ele>119.2</ele></rtept><rtept lat="57.531167" lon="12.4764"><ele>119.6</ele></rtept><rtept lat="57.531187" lon="12.47644"><ele>119.4</ele></rtept><rtept lat="57.531193" lon="12.476502"><ele>119.8</ele></rtept><rtept lat="57.531205" lon="12.476537"><ele>119.6</ele></rtept><rtept lat="57.531218" lon="12.476572"><ele>120.0</ele></rtept><rtept lat="57.531232" lon="12.476602"><ele>119.8</ele></rtept><rtept lat="57.531243" lon="12.47663"><ele>119.6</ele></rtept><rtept lat="57.531257" lon="12.476657"><ele>120.0</ele></rtept><rtept lat="57.53127" lon="12.476687"><ele>119.6</ele></rtept><rtept lat="57.531282" lon="12.47672"><ele>119.4</ele></rtept><rtept lat="57.531288" lon="12.476753"><ele>119.6</ele></rtept><rtept lat="57.531308" lon="12.476785"><ele>119.4</ele></rtept><rtept lat="57.531333" lon="12.476833"><ele>119.2</ele></rtept><rtept lat="57.531365" lon="12.476875"><ele>119.4</ele></rtept><rtept lat="57.531385" lon="12.476913"><ele>119.2</ele></rtept><rtept lat="57.531403" lon="12.47695"><ele>119.4</ele></rtept><rtept lat="57.531423" lon="12.476997"><ele>119.2</ele></rtept><rtept lat="57.531442" lon="12.477042"><ele>119.0</ele></rtept><rtept lat="57.531455" lon="12.477083"><ele>119.4</ele></rtept><rtept lat="57.531468" lon="12.477127"><ele>119.2</ele></rtept><rtept lat="57.53148" lon="12.477172"><ele>119.6</ele></rtept><rtept lat="57.5315" lon="12.477217"><ele>119.6</ele></rtept><rtept lat="57.53152" lon="12.477258"><ele>119.4</ele></rtept><rtept lat="57.531538" lon="12.477305"><ele>119.8</ele></rtept><rtept lat="57.531563" lon="12.477352"><ele>119.8</ele></rtept><rtept lat="57.53159" lon="12.477398"><ele>119.8</ele></rtept><rtept lat="57.531622" lon="12.47745"><ele>120.2</ele></rtept><rtept lat="57.53166" lon="12.47751"><ele>120.0</ele></rtept><rtept lat="57.531698" lon="12.477575"><ele>120.4</ele></rtept><rtept lat="57.531737" lon="12.477628"><ele>120.4</ele></rtept><rtept lat="57.531782" lon="12.4777"><ele>120.4</ele></rtept><rtept lat="57.531813" lon="12.477757"><ele>120.8</ele></rtept><rtept lat="57.531858" lon="12.477818"><ele>120.4</ele></rtept><rtept lat="57.531883" lon="12.477853"><ele>120.0</ele></rtept><rtept lat="57.531922" lon="12.477905"><ele>120.4</ele></rtept><rtept lat="57.531948" lon="12.477967"><ele>120.0</ele></rtept><rtept lat="57.531967" lon="12.478007"><ele>119.6</ele></rtept><rtept lat="57.531973" lon="12.478057"><ele>119.8</ele></rtept><rtept lat="57.531973" lon="12.478105"><ele>119.2</ele></rtept><rtept lat="57.531967" lon="12.47815"><ele>119.2</ele></rtept><rtept lat="57.53196" lon="12.478203"><ele>119.2</ele></rtept><rtept lat="57.53196" lon="12.478255"><ele>118.8</ele></rtept><rtept lat="57.531967" lon="12.478308"><ele>119.0</ele></rtept><rtept lat="57.531973" lon="12.478362"><ele>118.6</ele></rtept><rtept lat="57.53198" lon="12.478418"><ele>118.2</ele></rtept><rtept lat="57.531987" lon="12.478477"><ele>118.6</ele></rtept><rtept lat="57.531998" lon="12.478537"><ele>118.2</ele></rtept><rtept lat="57.532005" lon="12.478592"><ele>118.2</ele></rtept><rtept lat="57.532005" lon="12.478647"><ele>118.4</ele></rtept><rtept lat="57.531998" lon="12.4787"><ele>117.8</ele></rtept><rtept lat="57.531993" lon="12.47875"><ele>118.0</ele></rtept><rtept lat="57.531987" lon="12.478787"><ele>118.0</ele></rtept><rtept lat="57.531998" lon="12.478828"><ele>117.4</ele></rtept><rtept lat="57.532005" lon="12.478865"><ele>117.4</ele></rtept><rtept lat="57.532018" lon="12.478903"><ele>117.2</ele></rtept><rtept lat="57.532038" lon="12.478943"><ele>116.4</ele></rtept><rtept lat="57.532063" lon="12.478988"><ele>116.4</ele></rtept><rtept lat="57.532082" lon="12.479033"><ele>116.0</ele></rtept><rtept lat="57.532095" lon="12.479082"><ele>115.4</ele></rtept><rtept lat="57.532102" lon="12.479122"><ele>115.6</ele></rtept><rtept lat="57.532115" lon="12.479163"><ele>114.8</ele></rtept><rtept lat="57.532127" lon="12.479207"><ele>114.4</ele></rtept><rtept lat="57.532147" lon="12.479247"><ele>114.0</ele></rtept><rtept lat="57.53216" lon="12.479292"><ele>113.4</ele></rtept><rtept lat="57.532165" lon="12.479332"><ele>113.4</ele></rtept><rtept lat="57.532178" lon="12.479377"><ele>112.8</ele></rtept><rtept lat="57.532198" lon="12.479427"><ele>112.2</ele></rtept><rtept lat="57.532217" lon="12.479472"><ele>112.2</ele></rtept><rtept lat="57.532242" lon="12.47952"><ele>111.6</ele></rtept><rtept lat="57.532268" lon="12.479563"><ele>111.8</ele></rtept><rtept lat="57.532287" lon="12.47961"><ele>111.4</ele></rtept><rtept lat="57.532313" lon="12.479655"><ele>110.8</ele></rtept><rtept lat="57.532325" lon="12.4797"><ele>111.0</ele></rtept><rtept lat="57.532345" lon="12.479748"><ele>110.4</ele></rtept><rtept lat="57.532363" lon="12.479798"><ele>110.6</ele></rtept><rtept lat="57.532383" lon="12.479847"><ele>110.4</ele></rtept><rtept lat="57.532397" lon="12.479898"><ele>110.0</ele></rtept><rtept lat="57.532408" lon="12.479948"><ele>110.2</ele></rtept><rtept lat="57.532422" lon="12.480002"><ele>109.8</ele></rtept><rtept lat="57.532435" lon="12.480055"><ele>110.2</ele></rtept><rtept lat="57.532447" lon="12.480102"><ele>110.0</ele></rtept><rtept lat="57.53246" lon="12.480152"><ele>109.6</ele></rtept><rtept lat="57.532473" lon="12.480197"><ele>109.8</ele></rtept><rtept lat="57.532492" lon="12.48024"><ele>109.4</ele></rtept><rtept lat="57.532505" lon="12.48028"><ele>109.8</ele></rtept><rtept lat="57.532523" lon="12.48032"><ele>109.6</ele></rtept><rtept lat="57.532543" lon="12.48036"><ele>109.2</ele></rtept><rtept lat="57.532562" lon="12.4804"><ele>109.4</ele></rtept><rtept lat="57.532582" lon="12.480442"><ele>109.2</ele></rtept><rtept lat="57.5326" lon="12.48048"><ele>109.4</ele></rtept><rtept lat="57.53262" lon="12.480518"><ele>109.2</ele></rtept><rtept lat="57.53264" lon="12.48056"><ele>109.2</ele></rtept><rtept lat="57.532658" lon="12.480598"><ele>109.6</ele></rtept><rtept lat="57.532672" lon="12.480637"><ele>109.2</ele></rtept><rtept lat="57.53269" lon="12.480678"><ele>109.4</ele></rtept><rtept lat="57.53271" lon="12.48071"><ele>109.6</ele></rtept><rtept lat="57.532735" lon="12.480757"><ele>109.2</ele></rtept><rtept lat="57.53276" lon="12.480792"><ele>110.0</ele></rtept><rtept lat="57.53278" lon="12.480837"><ele>109.6</ele></rtept><rtept lat="57.532805" lon="12.480877"><ele>109.8</ele></rtept><rtept lat="57.532825" lon="12.480915"><ele>109.8</ele></rtept><rtept lat="57.532843" lon="12.48095"><ele>109.8</ele></rtept><rtept lat="57.532863" lon="12.48098"><ele>110.2</ele></rtept><rtept lat="57.532888" lon="12.481015"><ele>110.0</ele></rtept><rtept lat="57.532915" lon="12.481045"><ele>110.2</ele></rtept><rtept lat="57.53294" lon="12.481075"><ele>110.0</ele></rtept><rtept lat="57.53296" lon="12.481105"><ele>109.2</ele></rtept><rtept lat="57.532978" lon="12.481133"><ele>109.8</ele></rtept><rtept lat="57.533003" lon="12.481158"><ele>109.6</ele></rtept><rtept lat="57.533023" lon="12.481182"><ele>109.8</ele></rtept><rtept lat="57.533048" lon="12.481212"><ele>109.8</ele></rtept><rtept lat="57.533075" lon="12.481238"><ele>109.4</ele></rtept><rtept lat="57.533093" lon="12.48126"><ele>109.8</ele></rtept><rtept lat="57.53312" lon="12.481283"><ele>109.4</ele></rtept><rtept lat="57.533152" lon="12.481307"><ele>110.0</ele></rtept><rtept lat="57.53317" lon="12.481333"><ele>109.8</ele></rtept><rtept lat="57.53319" lon="12.481365"><ele>109.2</ele></rtept><rtept lat="57.533215" lon="12.481393"><ele>109.6</ele></rtept><rtept lat="57.533235" lon="12.481418"><ele>109.2</ele></rtept><rtept lat="57.533253" lon="12.48144"><ele>109.8</ele></rtept><rtept lat="57.533273" lon="12.481465"><ele>109.6</ele></rtept><rtept lat="57.533298" lon="12.481492"><ele>109.2</ele></rtept><rtept lat="57.533318" lon="12.48152"><ele>109.8</ele></rtept><rtept lat="57.533337" lon="12.481545"><ele>109.6</ele></rtept><rtept lat="57.533362" lon="12.48157"><ele>110.2</ele></rtept><rtept lat="57.533388" lon="12.481595"><ele>110.2</ele></rtept><rtept lat="57.533407" lon="12.481617"><ele>110.2</ele></rtept><rtept lat="57.533427" lon="12.481637"><ele>110.8</ele></rtept><rtept lat="57.533445" lon="12.481657"><ele>110.8</ele></rtept><rtept lat="57.533472" lon="12.481678"><ele>111.0</ele></rtept><rtept lat="57.533503" lon="12.481703"><ele>110.8</ele></rtept><rtept lat="57.533528" lon="12.481723"><ele>111.6</ele></rtept><rtept lat="57.533548" lon="12.48174"><ele>111.4</ele></rtept><rtept lat="57.533573" lon="12.481758"><ele>111.4</ele></rtept><rtept lat="57.5336" lon="12.481775"><ele>111.8</ele></rtept><rtept lat="57.533625" lon="12.4818"><ele>111.6</ele></rtept><rtept lat="57.53365" lon="12.481823"><ele>112.0</ele></rtept><rtept lat="57.53367" lon="12.481853"><ele>112.0</ele></rtept><rtept lat="57.533688" lon="12.481872"><ele>111.6</ele></rtept><rtept lat="57.533715" lon="12.481893"><ele>112.0</ele></rtept><rtept lat="57.533727" lon="12.481922"><ele>111.6</ele></rtept><rtept lat="57.533747" lon="12.481957"><ele>111.8</ele></rtept><rtept lat="57.533765" lon="12.481998"><ele>112.0</ele></rtept><rtept lat="57.533792" lon="12.482028"><ele>111.6</ele></rtept><rtept lat="57.533817" lon="12.482065"><ele>112.0</ele></rtept><rtept lat="57.533842" lon="12.482105"><ele>111.8</ele></rtept><rtept lat="57.533848" lon="12.48215"><ele>111.4</ele></rtept><rtept lat="57.533868" lon="12.482192"><ele>111.8</ele></rtept><rtept lat="57.53388" lon="12.482232"><ele>111.4</ele></rtept><rtept lat="57.533893" lon="12.482278"><ele>111.2</ele></rtept><rtept lat="57.533907" lon="12.482323"><ele>111.4</ele></rtept><rtept lat="57.533913" lon="12.482368"><ele>111.0</ele></rtept><rtept lat="57.533925" lon="12.482417"><ele>111.2</ele></rtept><rtept lat="57.533945" lon="12.48246"><ele>111.2</ele></rtept><rtept lat="57.533958" lon="12.4825"><ele>110.8</ele></rtept><rtept lat="57.53397" lon="12.48254"><ele>111.0</ele></rtept><rtept lat="57.53399" lon="12.482582"><ele>110.6</ele></rtept><rtept lat="57.534008" lon="12.482622"><ele>110.2</ele></rtept><rtept lat="57.534022" lon="12.482667"><ele>110.4</ele></rtept><rtept lat="57.53404" lon="12.482718"><ele>109.8</ele></rtept><rtept lat="57.53406" lon="12.482767"><ele>109.6</ele></rtept><rtept lat="57.53408" lon="12.482813"><ele>109.4</ele></rtept><rtept lat="57.534098" lon="12.482862"><ele>109.0</ele></rtept><rtept lat="57.534118" lon="12.48291"><ele>109.2</ele></rtept><rtept lat="57.534143" lon="12.482955"><ele>108.8</ele></rtept><rtept lat="57.534157" lon="12.482992"><ele>108.2</ele></rtept><rtept lat="57.534175" lon="12.483023"><ele>108.4</ele></rtept><rtept lat="57.5342" lon="12.483057"><ele>108.0</ele></rtept><rtept lat="57.534227" lon="12.483088"><ele>107.6</ele></rtept><rtept lat="57.534252" lon="12.483123"><ele>107.8</ele></rtept><rtept lat="57.53429" lon="12.483168"><ele>107.2</ele></rtept><rtept lat="57.534322" lon="12.483202"><ele>106.8</ele></rtept><rtept lat="57.534342" lon="12.483223"><ele>106.6</ele></rtept><rtept lat="57.53436" lon="12.483248"><ele>106.0</ele></rtept><rtept lat="57.534387" lon="12.483262"><ele>106.0</ele></rtept><rtept lat="57.534405" lon="12.483275"><ele>105.4</ele></rtept><rtept lat="57.534432" lon="12.483288"><ele>105.0</ele></rtept><rtept lat="57.534463" lon="12.483303"><ele>104.4</ele></rtept><rtept lat="57.534482" lon="12.48332"><ele>103.8</ele></rtept><rtept lat="57.534508" lon="12.483332"><ele>103.6</ele></rtept><rtept lat="57.53454" lon="12.483347"><ele>102.8</ele></rtept><rtept lat="57.534572" lon="12.483367"><ele>102.8</ele></rtept><rtept lat="57.534603" lon="12.483387"><ele>101.8</ele></rtept><rtept lat="57.534637" lon="12.483402"><ele>101.2</ele></rtept><rtept lat="57.534662" lon="12.483413"><ele>101.0</ele></rtept><rtept lat="57.5347" lon="12.483413"><ele>100.4</ele></rtept><rtept lat="57.534732" lon="12.48342"><ele>100.4</ele></rtept><rtept lat="57.534763" lon="12.483432"><ele>99.6</ele></rtept><rtept lat="57.534797" lon="12.483448"><ele>99.2</ele></rtept><rtept lat="57.534822" lon="12.483463"><ele>98.8</ele></rtept><rtept lat="57.53486" lon="12.483467"><ele>98.4</ele></rtept><rtept lat="57.534892" lon="12.48348"><ele>98.4</ele></rtept><rtept lat="57.534918" lon="12.4835"><ele>97.8</ele></rtept><rtept lat="57.534943" lon="12.48353"><ele>97.2</ele></rtept><rtept lat="57.534968" lon="12.483557"><ele>97.2</ele></rtept><rtept lat="57.534995" lon="12.483575"><ele>96.6</ele></rtept><rtept lat="57.53502" lon="12.483592"><ele>96.6</ele></rtept><rtept lat="57.535052" lon="12.483602"><ele>96.2</ele></rtept><rtept lat="57.535083" lon="12.483622"><ele>95.4</ele></rtept><rtept lat="57.535117" lon="12.48364"><ele>95.6</ele></rtept><rtept lat="57.535142" lon="12.483658"><ele>95.0</ele></rtept><rtept lat="57.53518" lon="12.483677"><ele>95.0</ele></rtept><rtept lat="57.535205" lon="12.483687"><ele>94.4</ele></rtept><rtept lat="57.535238" lon="12.48371"><ele>93.8</ele></rtept><rtept lat="57.53527" lon="12.483725"><ele>94.2</ele></rtept><rtept lat="57.535302" lon="12.483745"><ele>93.6</ele></rtept><rtept lat="57.535333" lon="12.48377"><ele>93.8</ele></rtept><rtept lat="57.535372" lon="12.48379"><ele>93.0</ele></rtept><rtept lat="57.535398" lon="12.48381"><ele>92.6</ele></rtept><rtept lat="57.53543" lon="12.483823"><ele>93.0</ele></rtept><rtept lat="57.535462" lon="12.483838"><ele>92.4</ele></rtept><rtept lat="57.535487" lon="12.483855"><ele>91.8</ele></rtept><rtept lat="57.535513" lon="12.483873"><ele>91.8</ele></rtept><rtept lat="57.535545" lon="12.483895"><ele>91.0</ele></rtept><rtept lat="57.535577" lon="12.483913"><ele>91.2</ele></rtept><rtept lat="57.535602" lon="12.483923"><ele>90.4</ele></rtept><rtept lat="57.535635" lon="12.483942"><ele>89.6</ele></rtept><rtept lat="57.535673" lon="12.483967"><ele>89.6</ele></rtept><rtept lat="57.535712" lon="12.483995"><ele>88.8</ele></rtept><rtept lat="57.535737" lon="12.484027"><ele>89.0</ele></rtept><rtept lat="57.535768" lon="12.48406"><ele>88.2</ele></rtept><rtept lat="57.535795" lon="12.484092"><ele>88.0</ele></rtept><rtept lat="57.535827" lon="12.484113"><ele>87.6</ele></rtept><rtept lat="57.535858" lon="12.48414"><ele>87.0</ele></rtept><rtept lat="57.535883" lon="12.484162"><ele>87.0</ele></rtept><rtept lat="57.53591" lon="12.484187"><ele>86.2</ele></rtept><rtept lat="57.535935" lon="12.484213"><ele>86.2</ele></rtept><rtept lat="57.535967" lon="12.484238"><ele>86.0</ele></rtept><rtept lat="57.535987" lon="12.484262"><ele>85.4</ele></rtept><rtept lat="57.536012" lon="12.484285"><ele>85.8</ele></rtept><rtept lat="57.536043" lon="12.484312"><ele>85.0</ele></rtept><rtept lat="57.53607" lon="12.484338"><ele>84.8</ele></rtept><rtept lat="57.536095" lon="12.484367"><ele>85.0</ele></rtept><rtept lat="57.536127" lon="12.484403"><ele>84.2</ele></rtept><rtept lat="57.53616" lon="12.484437"><ele>84.4</ele></rtept><rtept lat="57.536192" lon="12.48447"><ele>83.6</ele></rtept><rtept lat="57.536217" lon="12.484508"><ele>83.2</ele></rtept><rtept lat="57.536242" lon="12.484548"><ele>82.8</ele></rtept><rtept lat="57.536268" lon="12.484588"><ele>82.0</ele></rtept><rtept lat="57.536287" lon="12.48463"><ele>82.4</ele></rtept><rtept lat="57.536307" lon="12.48468"><ele>81.2</ele></rtept><rtept lat="57.536332" lon="12.484728"><ele>81.2</ele></rtept><rtept lat="57.536358" lon="12.484773"><ele>80.6</ele></rtept><rtept lat="57.536383" lon="12.484817"><ele>80.0</ele></rtept><rtept lat="57.536397" lon="12.484862"><ele>80.4</ele></rtept><rtept lat="57.536415" lon="12.484912"><ele>79.6</ele></rtept><rtept lat="57.536435" lon="12.484965"><ele>79.4</ele></rtept><rtept lat="57.536447" lon="12.485017"><ele>79.2</ele></rtept><rtept lat="57.53646" lon="12.48507"><ele>78.6</ele></rtept><rtept lat="57.536473" lon="12.48512"><ele>78.8</ele></rtept><rtept lat="57.536492" lon="12.485175"><ele>78.0</ele></rtept><rtept lat="57.536505" lon="12.48523"><ele>77.4</ele></rtept><rtept lat="57.536512" lon="12.48529"><ele>77.2</ele></rtept><rtept lat="57.536537" lon="12.48535"><ele>76.4</ele></rtept><rtept lat="57.536562" lon="12.485408"><ele>76.6</ele></rtept><rtept lat="57.536582" lon="12.485462"><ele>76.0</ele></rtept><rtept lat="57.5366" lon="12.48552"><ele>75.6</ele></rtept><rtept lat="57.536613" lon="12.485577"><ele>75.6</ele></rtept><rtept lat="57.536645" lon="12.485645"><ele>75.0</ele></rtept><rtept lat="57.536672" lon="12.485705"><ele>75.4</ele></rtept><rtept lat="57.53669" lon="12.485755"><ele>74.6</ele></rtept><rtept lat="57.53671" lon="12.485803"><ele>74.8</ele></rtept><rtept lat="57.536728" lon="12.485848"><ele>74.0</ele></rtept><rtept lat="57.536748" lon="12.48589"><ele>73.4</ele></rtept><rtept lat="57.536767" lon="12.485935"><ele>73.8</ele></rtept><rtept lat="57.536787" lon="12.485988"><ele>73.2</ele></rtept><rtept lat="57.536812" lon="12.486022"><ele>73.4</ele></rtept><rtept lat="57.536832" lon="12.486055"><ele>72.8</ele></rtept><rtept lat="57.53685" lon="12.486075"><ele>72.4</ele></rtept><rtept lat="57.53687" lon="12.486095"><ele>72.6</ele></rtept><rtept lat="57.536895" lon="12.486112"><ele>72.0</ele></rtept><rtept lat="57.53692" lon="12.486123"><ele>72.2</ele></rtept><rtept lat="57.536947" lon="12.48614"><ele>71.6</ele></rtept><rtept lat="57.536972" lon="12.486147"><ele>71.2</ele></rtept><rtept lat="57.536998" lon="12.486158"><ele>71.2</ele></rtept><rtept lat="57.53703" lon="12.486168"><ele>70.6</ele></rtept><rtept lat="57.537062" lon="12.486172"><ele>71.0</ele></rtept><rtept lat="57.53708" lon="12.486168"><ele>70.2</ele></rtept><rtept lat="57.537107" lon="12.486163"><ele>70.8</ele></rtept><rtept lat="57.537138" lon="12.486153"><ele>70.2</ele></rtept><rtept lat="57.53717" lon="12.486147"><ele>70.2</ele></rtept><rtept lat="57.537202" lon="12.486142"><ele>70.2</ele></rtept><rtept lat="57.53724" lon="12.486137"><ele>69.6</ele></rtept><rtept lat="57.537267" lon="12.486133"><ele>70.2</ele></rtept><rtept lat="57.537285" lon="12.48612"><ele>69.6</ele></rtept><rtept lat="57.537305" lon="12.486108"><ele>70.0</ele></rtept><rtept lat="57.53733" lon="12.486108"><ele>69.6</ele></rtept><rtept lat="57.537357" lon="12.486103"><ele>69.8</ele></rtept><rtept lat="57.537388" lon="12.486108"><ele>69.6</ele></rtept><rtept lat="57.537427" lon="12.486098"><ele>69.2</ele></rtept><rtept lat="57.537458" lon="12.486087"><ele>69.8</ele></rtept><rtept lat="57.537497" lon="12.486067"><ele>69.6</ele></rtept><rtept lat="57.537522" lon="12.486042"><ele>70.6</ele></rtept><rtept lat="57.537548" lon="12.48602"><ele>70.2</ele></rtept><rtept lat="57.53758" lon="12.486002"><ele>70.8</ele></rtept><rtept lat="57.537605" lon="12.48598"><ele>70.6</ele></rtept><rtept lat="57.537638" lon="12.48596"><ele>70.4</ele></rtept><rtept lat="57.53767" lon="12.485938"><ele>70.6</ele></rtept><rtept lat="57.537702" lon="12.485913"><ele>70.4</ele></rtept><rtept lat="57.537727" lon="12.48589"><ele>71.0</ele></rtept><rtept lat="57.537753" lon="12.485873"><ele>70.8</ele></rtept><rtept lat="57.537778" lon="12.48586"><ele>70.6</ele></rtept><rtept lat="57.537803" lon="12.485843"><ele>70.8</ele></rtept><rtept lat="57.537823" lon="12.485823"><ele>70.6</ele></rtept><rtept lat="57.537842" lon="12.485803"><ele>71.0</ele></rtept><rtept lat="57.537868" lon="12.48577"><ele>71.2</ele></rtept><rtept lat="57.537893" lon="12.485745"><ele>71.4</ele></rtept><rtept lat="57.537907" lon="12.48572"><ele>71.4</ele></rtept><rtept lat="57.53792" lon="12.485685"><ele>71.6</ele></rtept><rtept lat="57.537938" lon="12.48568"><ele>72.2</ele></rtept><rtept lat="57.537963" lon="12.485672"><ele>71.4</ele></rtept><rtept lat="57.537983" lon="12.48567"><ele>71.4</ele></rtept><rtept lat="57.538015" lon="12.485655"><ele>71.6</ele></rtept><rtept lat="57.538035" lon="12.485645"><ele>71.4</ele></rtept><rtept lat="57.538053" lon="12.485638"><ele>71.4</ele></rtept><rtept lat="57.538092" lon="12.485627"><ele>71.2</ele></rtept><rtept lat="57.538118" lon="12.485617"><ele>71.0</ele></rtept><rtept lat="57.538137" lon="12.48561"><ele>71.0</ele></rtept><rtept lat="57.538157" lon="12.485598"><ele>71.2</ele></rtept><rtept lat="57.538175" lon="12.485578"><ele>71.2</ele></rtept><rtept lat="57.538195" lon="12.485563"><ele>71.6</ele></rtept><rtept lat="57.53822" lon="12.485547"><ele>71.6</ele></rtept><rtept lat="57.53824" lon="12.485523"><ele>72.2</ele></rtept><rtept lat="57.538258" lon="12.485513"><ele>72.4</ele></rtept><rtept lat="57.53829" lon="12.485483"><ele>72.2</ele></rtept><rtept lat="57.538317" lon="12.48546"><ele>72.0</ele></rtept><rtept lat="57.538335" lon="12.48544"><ele>71.6</ele></rtept><rtept lat="57.53836" lon="12.485418"><ele>71.4</ele></rtept><rtept lat="57.53838" lon="12.485395"><ele>71.6</ele></rtept><rtept lat="57.538405" lon="12.485373"><ele>71.6</ele></rtept><rtept lat="57.538432" lon="12.48535"><ele>71.4</ele></rtept><rtept lat="57.53845" lon="12.485328"><ele>71.6</ele></rtept><rtept lat="57.538477" lon="12.485308"><ele>71.8</ele></rtept><rtept lat="57.538502" lon="12.485283"><ele>71.8</ele></rtept><rtept lat="57.538527" lon="12.485255"><ele>72.0</ele></rtept><rtept lat="57.53856" lon="12.485233"><ele>72.0</ele></rtept><rtept lat="57.538578" lon="12.48522"><ele>72.0</ele></rtept><rtept lat="57.538603" lon="12.485208"><ele>72.0</ele></rtept><rtept lat="57.538623" lon="12.485203"><ele>72.0</ele></rtept><rtept lat="57.538642" lon="12.4852"><ele>72.0</ele></rtept><rtept lat="57.538662" lon="12.48519"><ele>72.4</ele></rtept><rtept lat="57.53868" lon="12.485177"><ele>72.4</ele></rtept><rtept lat="57.5387" lon="12.485165"><ele>72.2</ele></rtept><rtept lat="57.53872" lon="12.48515"><ele>72.0</ele></rtept><rtept lat="57.538752" lon="12.485132"><ele>72.0</ele></rtept><rtept lat="57.53877" lon="12.48512"><ele>71.8</ele></rtept><rtept lat="57.53879" lon="12.485105"><ele>72.0</ele></rtept><rtept lat="57.538815" lon="12.485083"><ele>72.2</ele></rtept><rtept lat="57.538835" lon="12.485065"><ele>71.8</ele></rtept><rtept lat="57.53886" lon="12.485047"><ele>72.0</ele></rtept><rtept lat="57.538885" lon="12.485037"><ele>72.0</ele></rtept><rtept lat="57.538912" lon="12.48502"><ele>71.8</ele></rtept><rtept lat="57.53893" lon="12.485005"><ele>72.0</ele></rtept><rtept lat="57.538957" lon="12.484995"><ele>71.8</ele></rtept><rtept lat="57.538982" lon="12.48498"><ele>71.8</ele></rtept><rtept lat="57.539007" lon="12.48495"><ele>72.2</ele></rtept><rtept lat="57.539033" lon="12.484935"><ele>72.0</ele></rtept><rtept lat="57.539058" lon="12.484912"><ele>71.6</ele></rtept><rtept lat="57.539078" lon="12.484892"><ele>71.8</ele></rtept><rtept lat="57.539097" lon="12.484873"><ele>71.8</ele></rtept><rtept lat="57.539122" lon="12.484847"><ele>71.8</ele></rtept><rtept lat="57.539148" lon="12.484822"><ele>72.0</ele></rtept><rtept lat="57.539173" lon="12.484802"><ele>71.8</ele></rtept><rtept lat="57.539205" lon="12.484787"><ele>72.4</ele></rtept><rtept lat="57.539225" lon="12.484778"><ele>72.2</ele></rtept><rtept lat="57.539243" lon="12.484763"><ele>71.8</ele></rtept><rtept lat="57.539263" lon="12.484747"><ele>72.2</ele></rtept><rtept lat="57.539282" lon="12.484727"><ele>72.2</ele></rtept><rtept lat="57.539308" lon="12.484708"><ele>72.6</ele></rtept><rtept lat="57.539327" lon="12.484698"><ele>72.8</ele></rtept><rtept lat="57.539353" lon="12.484683"><ele>72.6</ele></rtept><rtept lat="57.539372" lon="12.484668"><ele>73.2</ele></rtept><rtept lat="57.539392" lon="12.48465"><ele>73.0</ele></rtept><rtept lat="57.539417" lon="12.484635"><ele>72.8</ele></rtept><rtept lat="57.539442" lon="12.484622"><ele>73.2</ele></rtept><rtept lat="57.539468" lon="12.484608"><ele>73.2</ele></rtept><rtept lat="57.539493" lon="12.484595"><ele>73.6</ele></rtept><rtept lat="57.539513" lon="12.484575"><ele>74.0</ele></rtept><rtept lat="57.539532" lon="12.484555"><ele>74.0</ele></rtept><rtept lat="57.539563" lon="12.484537"><ele>74.4</ele></rtept><rtept lat="57.53959" lon="12.48452"><ele>74.4</ele></rtept><rtept lat="57.539615" lon="12.484513"><ele>74.2</ele></rtept><rtept lat="57.539647" lon="12.484503"><ele>74.6</ele></rtept><rtept lat="57.539673" lon="12.484498"><ele>74.6</ele></rtept><rtept lat="57.539698" lon="12.484493"><ele>74.4</ele></rtept><rtept lat="57.539723" lon="12.484485"><ele>74.6</ele></rtept><rtept lat="57.539743" lon="12.484483"><ele>74.2</ele></rtept><rtept lat="57.539768" lon="12.484477"><ele>74.0</ele></rtept><rtept lat="57.539795" lon="12.484477"><ele>74.2</ele></rtept><rtept lat="57.53982" lon="12.48447"><ele>74.0</ele></rtept><rtept lat="57.539845" lon="12.484457"><ele>73.6</ele></rtept><rtept lat="57.539872" lon="12.484443"><ele>73.6</ele></rtept><rtept lat="57.539903" lon="12.484437"><ele>73.4</ele></rtept><rtept lat="57.539928" lon="12.484435"><ele>73.2</ele></rtept><rtept lat="57.539967" lon="12.484437"><ele>73.4</ele></rtept><rtept lat="57.539993" lon="12.48444"><ele>72.8</ele></rtept><rtept lat="57.540025" lon="12.484453"><ele>72.4</ele></rtept><rtept lat="57.540057" lon="12.48446"><ele>72.8</ele></rtept><rtept lat="57.540082" lon="12.484473"><ele>72.2</ele></rtept><rtept lat="57.540115" lon="12.484483"><ele>72.0</ele></rtept><rtept lat="57.540147" lon="12.48449"><ele>72.2</ele></rtept><rtept lat="57.540172" lon="12.4845"><ele>71.8</ele></rtept><rtept lat="57.540198" lon="12.484515"><ele>72.2</ele></rtept><rtept lat="57.540223" lon="12.484523"><ele>71.8</ele></rtept><rtept lat="57.540248" lon="12.48453"><ele>71.8</ele></rtept><rtept lat="57.540275" lon="12.484538"><ele>72.2</ele></rtept><rtept lat="57.5403" lon="12.484542"><ele>72.0</ele></rtept><rtept lat="57.540325" lon="12.484553"><ele>71.6</ele></rtept><rtept lat="57.540358" lon="12.48456"><ele>72.2</ele></rtept><rtept lat="57.540383" lon="12.48457"><ele>72.0</ele></rtept><rtept lat="57.540408" lon="12.484578"><ele>72.4</ele></rtept><rtept lat="57.540428" lon="12.484582"><ele>72.6</ele></rtept><rtept lat="57.54046" lon="12.48458"><ele>72.4</ele></rtept><rtept lat="57.540485" lon="12.484578"><ele>72.8</ele></rtept><rtept lat="57.540512" lon="12.48458"><ele>72.6</ele></rtept><rtept lat="57.540537" lon="12.48458"><ele>72.4</ele></rtept><rtept lat="57.540562" lon="12.484575"><ele>72.8</ele></rtept><rtept lat="57.540595" lon="12.484568"><ele>72.6</ele></rtept><rtept lat="57.54062" lon="12.484562"><ele>72.2</ele></rtept><rtept lat="57.540645" lon="12.48456"><ele>72.8</ele></rtept><rtept lat="57.540665" lon="12.484562"><ele>72.6</ele></rtept><rtept lat="57.540697" lon="12.484568"><ele>72.2</ele></rtept><rtept lat="57.540722" lon="12.484568"><ele>72.4</ele></rtept><rtept lat="57.540748" lon="12.484565"><ele>72.2</ele></rtept><rtept lat="57.540773" lon="12.484562"><ele>72.0</ele></rtept><rtept lat="57.5408" lon="12.484562"><ele>72.0</ele></rtept><rtept lat="57.540825" lon="12.484558"><ele>71.8</ele></rtept><rtept lat="57.540857" lon="12.484548"><ele>71.6</ele></rtept><rtept lat="57.540888" lon="12.48454"><ele>71.6</ele></rtept><rtept lat="57.54092" lon="12.48454"><ele>71.2</ele></rtept><rtept lat="57.540953" lon="12.484543"><ele>71.0</ele></rtept><rtept lat="57.540978" lon="12.48455"><ele>70.6</ele></rtept><rtept lat="57.541003" lon="12.484562"><ele>70.4</ele></rtept><rtept lat="57.541037" lon="12.484573"><ele>70.4</ele></rtept><rtept lat="57.541055" lon="12.48458"><ele>70.2</ele></rtept><rtept lat="57.54108" lon="12.484588"><ele>69.8</ele></rtept><rtept lat="57.541113" lon="12.4846"><ele>70.2</ele></rtept><rtept lat="57.541138" lon="12.484618"><ele>69.8</ele></rtept><rtept lat="57.541163" lon="12.48464"><ele>69.4</ele></rtept><rtept lat="57.541177" lon="12.48467"><ele>69.8</ele></rtept><rtept lat="57.541197" lon="12.484723"><ele>69.8</ele></rtept><rtept lat="57.541202" lon="12.484772"><ele>70.2</ele></rtept><rtept lat="57.541215" lon="12.484817"><ele>70.2</ele></rtept><rtept lat="57.541235" lon="12.48486"><ele>70.0</ele></rtept><rtept lat="57.541247" lon="12.484893"><ele>70.6</ele></rtept><rtept lat="57.54126" lon="12.484927"><ele>70.2</ele></rtept><rtept lat="57.541285" lon="12.484932"><ele>70.4</ele></rtept><rtept lat="57.541318" lon="12.484913"><ele>70.2</ele></rtept><rtept lat="57.54135" lon="12.484898"><ele>70.4</ele></rtept><rtept lat="57.541368" lon="12.48488"><ele>70.4</ele></rtept><rtept lat="57.541395" lon="12.484867"><ele>70.4</ele></rtept><rtept lat="57.54142" lon="12.484857"><ele>71.0</ele></rtept><rtept lat="57.541452" lon="12.484847"><ele>70.8</ele></rtept><rtept lat="57.541472" lon="12.484833"><ele>70.4</ele></rtept><rtept lat="57.541497" lon="12.484813"><ele>70.6</ele></rtept><rtept lat="57.541528" lon="12.484793"><ele>70.4</ele></rtept><rtept lat="57.541555" lon="12.484777"><ele>70.4</ele></rtept><rtept lat="57.541587" lon="12.484758"><ele>70.6</ele></rtept><rtept lat="57.541632" lon="12.484737"><ele>70.4</ele></rtept><rtept lat="57.541657" lon="12.48472"><ele>70.2</ele></rtept><rtept lat="57.541682" lon="12.484702"><ele>69.6</ele></rtept><rtept lat="57.541708" lon="12.48468"><ele>70.0</ele></rtept><rtept lat="57.541733" lon="12.484663"><ele>69.8</ele></rtept><rtept lat="57.541765" lon="12.48465"><ele>70.0</ele></rtept><rtept lat="57.541792" lon="12.484642"><ele>69.8</ele></rtept><rtept lat="57.54181" lon="12.484628"><ele>69.6</ele></rtept><rtept lat="57.541837" lon="12.484613"><ele>69.8</ele></rtept><rtept lat="57.541862" lon="12.484595"><ele>69.4</ele></rtept><rtept lat="57.541887" lon="12.484578"><ele>69.6</ele></rtept><rtept lat="57.541913" lon="12.484562"><ele>69.4</ele></rtept><rtept lat="57.541938" lon="12.484555"><ele>69.4</ele></rtept><rtept lat="57.541963" lon="12.48455"><ele>69.8</ele></rtept><rtept lat="57.54199" lon="12.484543"><ele>69.6</ele></rtept><rtept lat="57.542008" lon="12.484537"><ele>69.0</ele></rtept><rtept lat="57.542035" lon="12.484523"><ele>69.6</ele></rtept><rtept lat="57.54206" lon="12.484513"><ele>69.4</ele></rtept><rtept lat="57.542085" lon="12.484503"><ele>69.6</ele></rtept><rtept lat="57.542105" lon="12.48449"><ele>69.6</ele></rtept><rtept lat="57.54213" lon="12.48448"><ele>69.4</ele></rtept><rtept lat="57.54215" lon="12.484473"><ele>70.0</ele></rtept><rtept lat="57.542175" lon="12.48447"><ele>69.8</ele></rtept><rtept lat="57.542207" lon="12.48446"><ele>70.0</ele></rtept><rtept lat="57.542233" lon="12.484448"><ele>70.4</ele></rtept><rtept lat="57.542252" lon="12.484435"><ele>70.2</ele></rtept><rtept lat="57.542278" lon="12.484423"><ele>70.6</ele></rtept><rtept lat="57.542303" lon="12.484417"><ele>70.8</ele></rtept><rtept lat="57.542328" lon="12.48441"><ele>70.4</ele></rtept><rtept lat="57.542355" lon="12.48441"><ele>70.8</ele></rtept><rtept lat="57.542373" lon="12.4844"><ele>70.6</ele></rtept><rtept lat="57.542393" lon="12.484383"><ele>70.8</ele></rtept><rtept lat="57.542418" lon="12.484377"><ele>70.8</ele></rtept><rtept lat="57.54245" lon="12.484352"><ele>70.8</ele></rtept><rtept lat="57.542482" lon="12.484327"><ele>71.0</ele></rtept><rtept lat="57.542508" lon="12.484312"><ele>71.0</ele></rtept><rtept lat="57.54254" lon="12.484297"><ele>70.8</ele></rtept><rtept lat="57.542565" lon="12.484285"><ele>71.2</ele></rtept><rtept lat="57.542585" lon="12.48427"><ele>71.2</ele></rtept><rtept lat="57.54261" lon="12.484255"><ele>70.8</ele></rtept><rtept lat="57.54263" lon="12.484238"><ele>71.2</ele></rtept><rtept lat="57.542662" lon="12.484217"><ele>71.0</ele></rtept><rtept lat="57.542687" lon="12.484198"><ele>71.4</ele></rtept><rtept lat="57.542707" lon="12.484187"><ele>71.2</ele></rtept><rtept lat="57.542725" lon="12.484168"><ele>71.0</ele></rtept><rtept lat="57.542752" lon="12.484148"><ele>71.4</ele></rtept><rtept lat="57.54277" lon="12.484128"><ele>71.0</ele></rtept><rtept lat="57.542797" lon="12.484107"><ele>70.6</ele></rtept><rtept lat="57.542822" lon="12.484087"><ele>71.0</ele></rtept><rtept lat="57.542847" lon="12.484062"><ele>70.8</ele></rtept><rtept lat="57.54288" lon="12.484043"><ele>71.2</ele></rtept><rtept lat="57.542898" lon="12.484022"><ele>71.0</ele></rtept><rtept lat="57.542923" lon="12.483995"><ele>70.6</ele></rtept><rtept lat="57.542943" lon="12.483968"><ele>71.0</ele></rtept><rtept lat="57.542968" lon="12.483942"><ele>70.8</ele></rtept><rtept lat="57.542988" lon="12.483918"><ele>71.4</ele></rtept><rtept lat="57.54302" lon="12.4839"><ele>71.4</ele></rtept><rtept lat="57.543045" lon="12.483888"><ele>71.4</ele></rtept><rtept lat="57.543078" lon="12.483875"><ele>71.6</ele></rtept><rtept lat="57.543103" lon="12.483855"><ele>71.6</ele></rtept><rtept lat="57.543128" lon="12.483838"><ele>71.6</ele></rtept><rtept lat="57.543148" lon="12.483818"><ele>71.8</ele></rtept><rtept lat="57.54318" lon="12.483798"><ele>71.6</ele></rtept><rtept lat="57.543205" lon="12.48378"><ele>72.2</ele></rtept><rtept lat="57.543225" lon="12.483765"><ele>72.0</ele></rtept><rtept lat="57.543263" lon="12.48375"><ele>71.6</ele></rtept><rtept lat="57.543288" lon="12.483737"><ele>71.8</ele></rtept><rtept lat="57.543315" lon="12.483723"><ele>71.6</ele></rtept><rtept lat="57.543347" lon="12.483715"><ele>71.8</ele></rtept><rtept lat="57.543378" lon="12.483707"><ele>71.8</ele></rtept><rtept lat="57.543403" lon="12.483697"><ele>71.6</ele></rtept><rtept lat="57.543437" lon="12.483683"><ele>72.0</ele></rtept><rtept lat="57.543462" lon="12.483672"><ele>71.8</ele></rtept><rtept lat="57.543493" lon="12.483652"><ele>71.4</ele></rtept><rtept lat="57.54352" lon="12.483632"><ele>71.8</ele></rtept><rtept lat="57.543545" lon="12.483612"><ele>71.4</ele></rtept><rtept lat="57.54357" lon="12.4836"><ele>71.6</ele></rtept><rtept lat="57.543597" lon="12.483592"><ele>71.6</ele></rtept><rtept lat="57.543628" lon="12.483582"><ele>71.6</ele></rtept><rtept lat="57.543653" lon="12.483572"><ele>72.0</ele></rtept><rtept lat="57.54368" lon="12.48356"><ele>71.8</ele></rtept><rtept lat="57.543712" lon="12.483545"><ele>71.4</ele></rtept><rtept lat="57.543737" lon="12.483532"><ele>71.8</ele></rtept><rtept lat="57.543762" lon="12.483518"><ele>71.6</ele></rtept><rtept lat="57.543795" lon="12.483507"><ele>71.8</ele></rtept><rtept lat="57.54382" lon="12.483493"><ele>71.8</ele></rtept><rtept lat="57.543845" lon="12.483478"><ele>71.8</ele></rtept><rtept lat="57.543872" lon="12.483457"><ele>72.2</ele></rtept><rtept lat="57.543897" lon="12.483433"><ele>72.0</ele></rtept><rtept lat="57.543922" lon="12.483407"><ele>71.6</ele></rtept><rtept lat="57.543942" lon="12.483367"><ele>72.0</ele></rtept><rtept lat="57.54396" lon="12.483327"><ele>71.8</ele></rtept><rtept lat="57.54398" lon="12.483295"><ele>71.8</ele></rtept><rtept lat="57.544" lon="12.483258"><ele>72.0</ele></rtept><rtept lat="57.544018" lon="12.483218"><ele>71.6</ele></rtept><rtept lat="57.544038" lon="12.483175"><ele>71.8</ele></rtept><rtept lat="57.544057" lon="12.483138"><ele>71.6</ele></rtept><rtept lat="57.544082" lon="12.483098"><ele>71.4</ele></rtept><rtept lat="57.544102" lon="12.48306"><ele>71.8</ele></rtept><rtept lat="57.54412" lon="12.483023"><ele>71.4</ele></rtept><rtept lat="57.54414" lon="12.482983"><ele>71.0</ele></rtept><rtept lat="57.544153" lon="12.482947"><ele>71.2</ele></rtept><rtept lat="57.544172" lon="12.482912"><ele>70.8</ele></rtept><rtept lat="57.544192" lon="12.48288"><ele>70.4</ele></rtept><rtept lat="57.54421" lon="12.482845"><ele>70.6</ele></rtept><rtept lat="57.544237" lon="12.482812"><ele>70.0</ele></rtept><rtept lat="57.544255" lon="12.48278"><ele>69.8</ele></rtept><rtept lat="57.544275" lon="12.482747"><ele>69.8</ele></rtept><rtept lat="57.544293" lon="12.482697"><ele>69.4</ele></rtept><rtept lat="57.544313" lon="12.482658"><ele>69.4</ele></rtept><rtept lat="57.544332" lon="12.482617"><ele>69.0</ele></rtept><rtept lat="57.544352" lon="12.482567"><ele>68.6</ele></rtept><rtept lat="57.544363" lon="12.482515"><ele>68.8</ele></rtept><rtept lat="57.544383" lon="12.482468"><ele>68.4</ele></rtept><rtept lat="57.544402" lon="12.482423"><ele>68.2</ele></rtept><rtept lat="57.544428" lon="12.482378"><ele>68.2</ele></rtept><rtept lat="57.54444" lon="12.482332"><ele>67.6</ele></rtept><rtept lat="57.544453" lon="12.482287"><ele>67.6</ele></rtept><rtept lat="57.544473" lon="12.482242"><ele>67.2</ele></rtept><rtept lat="57.54448" lon="12.482197"><ele>66.8</ele></rtept><rtept lat="57.544498" lon="12.482152"><ele>67.0</ele></rtept><rtept lat="57.544512" lon="12.482105"><ele>66.6</ele></rtept><rtept lat="57.54453" lon="12.482062"><ele>66.0</ele></rtept><rtept lat="57.544543" lon="12.482022"><ele>66.4</ele></rtept><rtept lat="57.544562" lon="12.481993"><ele>65.8</ele></rtept><rtept lat="57.544582" lon="12.481962"><ele>65.8</ele></rtept><rtept lat="57.5446" lon="12.481927"><ele>66.0</ele></rtept><rtept lat="57.54462" lon="12.481888"><ele>65.4</ele></rtept><rtept lat="57.54464" lon="12.481853"><ele>65.2</ele></rtept><rtept lat="57.544658" lon="12.481822"><ele>65.2</ele></rtept><rtept lat="57.544678" lon="12.48179"><ele>64.6</ele></rtept><rtept lat="57.544703" lon="12.481755"><ele>64.8</ele></rtept><rtept lat="57.544722" lon="12.48172"><ele>64.6</ele></rtept><rtept lat="57.544748" lon="12.481688"><ele>64.0</ele></rtept><rtept lat="57.544767" lon="12.481657"><ele>64.2</ele></rtept><rtept lat="57.544787" lon="12.481623"><ele>63.8</ele></rtept><rtept lat="57.544812" lon="12.481597"><ele>63.8</ele></rtept><rtept lat="57.544838" lon="12.481572"><ele>63.8</ele></rtept><rtept lat="57.544863" lon="12.481552"><ele>63.4</ele></rtept><rtept lat="57.544882" lon="12.481532"><ele>63.8</ele></rtept><rtept lat="57.544908" lon="12.481518"><ele>63.4</ele></rtept><rtept lat="57.544933" lon="12.481495"><ele>63.0</ele></rtept><rtept lat="57.544965" lon="12.481472"><ele>63.2</ele></rtept><rtept lat="57.544985" lon="12.481445"><ele>63.0</ele></rtept><rtept lat="57.54501" lon="12.48143"><ele>62.4</ele></rtept><rtept lat="57.545042" lon="12.481418"><ele>62.8</ele></rtept><rtept lat="57.545062" lon="12.481405"><ele>62.4</ele></rtept><rtept lat="57.545087" lon="12.48138"><ele>61.8</ele></rtept><rtept lat="57.54512" lon="12.48136"><ele>62.0</ele></rtept><rtept lat="57.545145" lon="12.481333"><ele>61.6</ele></rtept><rtept lat="57.54517" lon="12.481307"><ele>61.0</ele></rtept><rtept lat="57.54519" lon="12.481277"><ele>61.2</ele></rtept><rtept lat="57.545208" lon="12.481238"><ele>60.6</ele></rtept><rtept lat="57.54524" lon="12.481202"><ele>60.4</ele></rtept><rtept lat="57.545253" lon="12.481163"><ele>60.2</ele></rtept><rtept lat="57.54528" lon="12.481113"><ele>59.6</ele></rtept><rtept lat="57.545298" lon="12.481063"><ele>59.6</ele></rtept><rtept lat="57.545318" lon="12.481018"><ele>59.0</ele></rtept><rtept lat="57.545337" lon="12.480977"><ele>58.4</ele></rtept><rtept lat="57.545357" lon="12.48093"><ele>58.6</ele></rtept><rtept lat="57.545368" lon="12.480883"><ele>58.0</ele></rtept><rtept lat="57.545388" lon="12.480842"><ele>58.0</ele></rtept><rtept lat="57.545407" lon="12.480798"><ele>58.0</ele></rtept><rtept lat="57.54542" lon="12.480745"><ele>57.4</ele></rtept><rtept lat="57.54544" lon="12.480705"><ele>57.6</ele></rtept><rtept lat="57.545452" lon="12.48066"><ele>57.4</ele></rtept><rtept lat="57.545472" lon="12.480612"><ele>56.6</ele></rtept><rtept lat="57.545483" lon="12.480567"><ele>57.0</ele></rtept><rtept lat="57.545503" lon="12.480518"><ele>56.4</ele></rtept><rtept lat="57.545517" lon="12.480472"><ele>56.4</ele></rtept><rtept lat="57.545528" lon="12.480428"><ele>56.4</ele></rtept><rtept lat="57.545548" lon="12.48038"><ele>56.0</ele></rtept><rtept lat="57.54556" lon="12.480328"><ele>56.2</ele></rtept><rtept lat="57.545573" lon="12.480283"><ele>55.8</ele></rtept><rtept lat="57.545587" lon="12.480232"><ele>55.4</ele></rtept><rtept lat="57.545605" lon="12.48019"><ele>55.8</ele></rtept><rtept lat="57.545618" lon="12.480147"><ele>55.6</ele></rtept><rtept lat="57.545638" lon="12.480105"><ele>55.0</ele></rtept><rtept lat="57.54565" lon="12.480065"><ele>55.2</ele></rtept><rtept lat="57.54567" lon="12.48002"><ele>54.8</ele></rtept><rtept lat="57.545682" lon="12.479985"><ele>55.0</ele></rtept><rtept lat="57.545702" lon="12.479947"><ele>54.6</ele></rtept><rtept lat="57.545708" lon="12.479903"><ele>54.4</ele></rtept><rtept lat="57.545727" lon="12.479858"><ele>54.4</ele></rtept><rtept lat="57.54574" lon="12.479813"><ele>54.4</ele></rtept><rtept lat="57.545753" lon="12.479773"><ele>54.2</ele></rtept><rtept lat="57.545765" lon="12.479728"><ele>54.4</ele></rtept><rtept lat="57.545785" lon="12.479683"><ele>54.0</ele></rtept><rtept lat="57.545798" lon="12.479638"><ele>54.2</ele></rtept><rtept lat="57.545817" lon="12.479583"><ele>53.6</ele></rtept><rtept lat="57.54583" lon="12.47954"><ele>53.4</ele></rtept><rtept lat="57.545848" lon="12.479495"><ele>54.0</ele></rtept><rtept lat="57.545862" lon="12.479447"><ele>53.6</ele></rtept><rtept lat="57.54588" lon="12.4794"><ele>53.2</ele></rtept><rtept lat="57.545893" lon="12.479362"><ele>53.6</ele></rtept><rtept lat="57.545907" lon="12.479298"><ele>53.2</ele></rtept><rtept lat="57.545925" lon="12.479243"><ele>53.4</ele></rtept><rtept lat="57.545938" lon="12.479198"><ele>53.2</ele></rtept><rtept lat="57.545958" lon="12.479148"><ele>53.2</ele></rtept><rtept lat="57.545977" lon="12.479113"><ele>53.6</ele></rtept><rtept lat="57.54599" lon="12.479073"><ele>53.2</ele></rtept><rtept lat="57.546008" lon="12.479028"><ele>53.0</ele></rtept><rtept lat="57.546022" lon="12.47898"><ele>53.0</ele></rtept><rtept lat="57.54604" lon="12.478935"><ele>52.6</ele></rtept><rtept lat="57.54606" lon="12.478893"><ele>53.0</ele></rtept><rtept lat="57.54608" lon="12.478853"><ele>52.8</ele></rtept><rtept lat="57.546098" lon="12.47881"><ele>52.6</ele></rtept><rtept lat="57.546118" lon="12.478777"><ele>53.0</ele></rtept><rtept lat="57.546137" lon="12.478747"><ele>52.8</ele></rtept><rtept lat="57.546157" lon="12.478712"><ele>52.4</ele></rtept><rtept lat="57.546182" lon="12.478678"><ele>52.8</ele></rtept><rtept lat="57.5462" lon="12.478645"><ele>52.6</ele></rtept><rtept lat="57.54622" lon="12.47861"><ele>52.2</ele></rtept><rtept lat="57.546245" lon="12.478578"><ele>52.4</ele></rtept><rtept lat="57.546265" lon="12.478553"><ele>52.0</ele></rtept><rtept lat="57.54629" lon="12.478538"><ele>51.4</ele></rtept><rtept lat="57.546317" lon="12.478518"><ele>51.8</ele></rtept><rtept lat="57.546342" lon="12.478502"><ele>51.2</ele></rtept><rtept lat="57.546373" lon="12.478493"><ele>50.8</ele></rtept><rtept lat="57.5464" lon="12.478478"><ele>51.0</ele></rtept><rtept lat="57.546425" lon="12.478468"><ele>50.4</ele></rtept><rtept lat="57.54645" lon="12.478463"><ele>50.4</ele></rtept><rtept lat="57.546477" lon="12.47846"><ele>50.2</ele></rtept><rtept lat="57.546502" lon="12.47846"><ele>49.8</ele></rtept><rtept lat="57.546533" lon="12.478458"><ele>50.0</ele></rtept><rtept lat="57.54656" lon="12.478447"><ele>49.6</ele></rtept><rtept lat="57.546578" lon="12.478438"><ele>49.4</ele></rtept><rtept lat="57.546603" lon="12.478423"><ele>49.8</ele></rtept><rtept lat="57.546623" lon="12.478408"><ele>49.4</ele></rtept><rtept lat="57.546655" lon="12.478397"><ele>49.0</ele></rtept><rtept lat="57.54668" lon="12.4784"><ele>49.4</ele></rtept><rtept lat="57.546713" lon="12.478393"><ele>49.2</ele></rtept><rtept lat="57.546738" lon="12.478388"><ele>49.4</ele></rtept><rtept lat="57.546763" lon="12.478383"><ele>49.6</ele></rtept><rtept lat="57.54679" lon="12.478378"><ele>49.6</ele></rtept><rtept lat="57.546815" lon="12.478373"><ele>50.0</ele></rtept><rtept lat="57.54684" lon="12.478372"><ele>50.0</ele></rtept><rtept lat="57.546867" lon="12.478373"><ele>49.8</ele></rtept><rtept lat="57.546892" lon="12.478368"><ele>50.4</ele></rtept><rtept lat="57.546918" lon="12.478348"><ele>50.4</ele></rtept><rtept lat="57.546937" lon="12.478328"><ele>51.4</ele></rtept><rtept lat="57.546957" lon="12.478282"><ele>51.6</ele></rtept><rtept lat="57.546975" lon="12.47826"><ele>51.8</ele></rtept><rtept lat="57.546995" lon="12.47824"><ele>52.0</ele></rtept><rtept lat="57.54702" lon="12.47821"><ele>52.4</ele></rtept><rtept lat="57.547045" lon="12.478175"><ele>53.0</ele></rtept><rtept lat="57.547072" lon="12.478137"><ele>53.4</ele></rtept><rtept lat="57.54709" lon="12.478115"><ele>53.4</ele></rtept><rtept lat="57.547117" lon="12.478075"><ele>54.0</ele></rtept><rtept lat="57.547135" lon="12.478055"><ele>54.6</ele></rtept><rtept lat="57.547155" lon="12.478032"><ele>55.0</ele></rtept><rtept lat="57.547187" lon="12.477992"><ele>55.2</ele></rtept><rtept lat="57.5472" lon="12.477962"><ele>55.8</ele></rtept><rtept lat="57.547212" lon="12.477937"><ele>56.0</ele></rtept><rtept lat="57.547232" lon="12.477885"><ele>56.0</ele></rtept><rtept lat="57.547243" lon="12.47786"><ele>56.6</ele></rtept><rtept lat="57.54727" lon="12.477813"><ele>56.6</ele></rtept><rtept lat="57.547295" lon="12.477777"><ele>56.6</ele></rtept><rtept lat="57.547315" lon="12.47776"><ele>56.8</ele></rtept><rtept lat="57.547333" lon="12.47772"><ele>57.0</ele></rtept><rtept lat="57.547347" lon="12.477695"><ele>57.0</ele></rtept><rtept lat="57.547365" lon="12.477653"><ele>57.4</ele></rtept><rtept lat="57.547392" lon="12.47761"><ele>57.8</ele></rtept><rtept lat="57.54741" lon="12.477588"><ele>57.8</ele></rtept><rtept lat="57.54743" lon="12.477545"><ele>57.8</ele></rtept><rtept lat="57.547448" lon="12.47752"><ele>58.0</ele></rtept><rtept lat="57.547475" lon="12.477475"><ele>58.4</ele></rtept><rtept lat="57.547493" lon="12.47744"><ele>58.6</ele></rtept><rtept lat="57.547513" lon="12.477403"><ele>59.0</ele></rtept><rtept lat="57.547532" lon="12.47738"><ele>59.2</ele></rtept><rtept lat="57.547552" lon="12.47734"><ele>59.4</ele></rtept><rtept lat="57.547563" lon="12.477317"><ele>59.6</ele></rtept><rtept lat="57.547577" lon="12.477292"><ele>59.8</ele></rtept><rtept lat="57.54759" lon="12.477265"><ele>59.8</ele></rtept><rtept lat="57.547608" lon="12.477232"><ele>60.0</ele></rtept><rtept lat="57.547628" lon="12.4772"><ele>60.4</ele></rtept><rtept lat="57.547647" lon="12.477178"><ele>60.6</ele></rtept><rtept lat="57.547673" lon="12.477157"><ele>61.0</ele></rtept><rtept lat="57.547698" lon="12.477142"><ele>61.4</ele></rtept><rtept lat="57.547723" lon="12.47714"><ele>61.6</ele></rtept><rtept lat="57.54775" lon="12.477138"><ele>62.0</ele></rtept><rtept lat="57.547768" lon="12.477138"><ele>62.4</ele></rtept><rtept lat="57.547788" lon="12.47714"><ele>62.6</ele></rtept><rtept lat="57.54782" lon="12.477147"><ele>63.0</ele></rtept><rtept lat="57.547852" lon="12.47716"><ele>63.4</ele></rtept><rtept lat="57.547883" lon="12.477168"><ele>63.6</ele></rtept><rtept lat="57.547903" lon="12.477168"><ele>63.8</ele></rtept><rtept lat="57.547922" lon="12.477167"><ele>64.0</ele></rtept><rtept lat="57.547942" lon="12.477168"><ele>64.4</ele></rtept><rtept lat="57.547967" lon="12.477162"><ele>64.8</ele></rtept><rtept lat="57.547993" lon="12.47714"><ele>65.2</ele></rtept><rtept lat="57.548012" lon="12.477093"><ele>65.2</ele></rtept><rtept lat="57.548025" lon="12.477067"><ele>65.2</ele></rtept><rtept lat="57.548043" lon="12.477047"><ele>65.4</ele></rtept><rtept lat="57.548063" lon="12.477017"><ele>65.8</ele></rtept><rtept lat="57.548088" lon="12.476975"><ele>66.2</ele></rtept><rtept lat="57.548108" lon="12.476935"><ele>66.4</ele></rtept><rtept lat="57.548127" lon="12.476895"><ele>66.6</ele></rtept><rtept lat="57.54814" lon="12.47687"><ele>67.0</ele></rtept><rtept lat="57.548153" lon="12.476843"><ele>67.0</ele></rtept><rtept lat="57.548165" lon="12.476818"><ele>67.2</ele></rtept><rtept lat="57.548185" lon="12.47677"><ele>67.6</ele></rtept><rtept lat="57.548203" lon="12.476717"><ele>68.0</ele></rtept><rtept lat="57.548217" lon="12.476672"><ele>68.0</ele></rtept><rtept lat="57.54823" lon="12.476642"><ele>68.0</ele></rtept><rtept lat="57.548242" lon="12.476615"><ele>68.0</ele></rtept><rtept lat="57.548262" lon="12.476565"><ele>68.0</ele></rtept><rtept lat="57.54828" lon="12.476532"><ele>68.0</ele></rtept><rtept lat="57.5483" lon="12.476485"><ele>68.0</ele></rtept><rtept lat="57.54832" lon="12.476448"><ele>68.0</ele></rtept><rtept lat="57.548345" lon="12.476403"><ele>68.4</ele></rtept><rtept lat="57.548363" lon="12.476383"><ele>68.2</ele></rtept><rtept lat="57.548397" lon="12.476352"><ele>68.2</ele></rtept><rtept lat="57.548422" lon="12.476313"><ele>68.2</ele></rtept><rtept lat="57.54844" lon="12.476278"><ele>68.4</ele></rtept><rtept lat="57.548467" lon="12.476235"><ele>68.6</ele></rtept><rtept lat="57.548485" lon="12.476218"><ele>68.6</ele></rtept><rtept lat="57.548505" lon="12.476195"><ele>68.8</ele></rtept><rtept lat="57.548523" lon="12.476162"><ele>68.8</ele></rtept><rtept lat="57.54855" lon="12.476128"><ele>69.2</ele></rtept><rtept lat="57.548568" lon="12.47611"><ele>69.4</ele></rtept><rtept lat="57.548595" lon="12.47608"><ele>69.4</ele></rtept><rtept lat="57.54862" lon="12.47604"><ele>69.8</ele></rtept><rtept lat="57.54864" lon="12.476025"><ele>70.0</ele></rtept><rtept lat="57.548665" lon="12.476008"><ele>70.2</ele></rtept><rtept lat="57.548697" lon="12.475997"><ele>70.6</ele></rtept><rtept lat="57.548717" lon="12.475985"><ele>70.6</ele></rtept><rtept lat="57.548735" lon="12.475983"><ele>70.6</ele></rtept><rtept lat="57.54876" lon="12.475967"><ele>71.0</ele></rtept><rtept lat="57.548787" lon="12.47595"><ele>71.4</ele></rtept><rtept lat="57.548805" lon="12.47594"><ele>71.8</ele></rtept><rtept lat="57.548825" lon="12.475917"><ele>72.2</ele></rtept><rtept lat="57.548857" lon="12.475898"><ele>72.6</ele></rtept><rtept lat="57.548877" lon="12.475897"><ele>72.8</ele></rtept><rtept lat="57.548895" lon="12.475887"><ele>73.4</ele></rtept><rtept lat="57.548927" lon="12.47588"><ele>73.6</ele></rtept><rtept lat="57.548947" lon="12.475872"><ele>74.0</ele></rtept><rtept lat="57.548978" lon="12.475855"><ele>74.4</ele></rtept><rtept lat="57.549003" lon="12.47584"><ele>74.6</ele></rtept><rtept lat="57.549037" lon="12.47582"><ele>74.8</ele></rtept><rtept lat="57.549062" lon="12.47581"><ele>75.2</ele></rtept><rtept lat="57.54908" lon="12.475807"><ele>75.4</ele></rtept><rtept lat="57.5491" lon="12.475805"><ele>75.2</ele></rtept><rtept lat="57.54912" lon="12.475797"><ele>75.4</ele></rtept><rtept lat="57.549158" lon="12.475767"><ele>75.6</ele></rtept><rtept lat="57.549183" lon="12.475733"><ele>75.8</ele></rtept><rtept lat="57.549215" lon="12.4757"><ele>76.2</ele></rtept><rtept lat="57.549247" lon="12.475657"><ele>76.6</ele></rtept><rtept lat="57.54928" lon="12.475607"><ele>76.8</ele></rtept><rtept lat="57.549305" lon="12.475568"><ele>77.2</ele></rtept><rtept lat="57.54933" lon="12.475535"><ele>77.6</ele></rtept><rtept lat="57.549357" lon="12.475508"><ele>77.8</ele></rtept><rtept lat="57.549375" lon="12.475483"><ele>78.2</ele></rtept><rtept lat="57.549395" lon="12.47545"><ele>78.6</ele></rtept><rtept lat="57.549413" lon="12.475433"><ele>78.8</ele></rtept><rtept lat="57.54944" lon="12.475395"><ele>79.2</ele></rtept><rtept lat="57.549458" lon="12.475388"><ele>79.4</ele></rtept><rtept lat="57.549478" lon="12.475388"><ele>79.6</ele></rtept><rtept lat="57.549497" lon="12.475383"><ele>79.8</ele></rtept><rtept lat="57.549528" lon="12.47536"><ele>80.2</ele></rtept><rtept lat="57.549555" lon="12.475368"><ele>80.4</ele></rtept><rtept lat="57.549573" lon="12.475373"><ele>80.6</ele></rtept><rtept lat="57.549593" lon="12.475375"><ele>80.8</ele></rtept><rtept lat="57.549612" lon="12.47537"><ele>80.8</ele></rtept><rtept lat="57.549632" lon="12.475368"><ele>81.2</ele></rtept><rtept lat="57.54965" lon="12.475363"><ele>81.4</ele></rtept><rtept lat="57.54967" lon="12.475363"><ele>81.6</ele></rtept><rtept lat="57.549688" lon="12.47537"><ele>82.0</ele></rtept><rtept lat="57.549708" lon="12.475373"><ele>82.2</ele></rtept><rtept lat="57.549727" lon="12.47539"><ele>82.6</ele></rtept><rtept lat="57.549747" lon="12.4754"><ele>82.8</ele></rtept><rtept lat="57.549772" lon="12.47541"><ele>83.0</ele></rtept><rtept lat="57.549798" lon="12.47543"><ele>83.2</ele></rtept><rtept lat="57.549817" lon="12.475442"><ele>83.4</ele></rtept><rtept lat="57.549837" lon="12.475453"><ele>83.8</ele></rtept><rtept lat="57.549855" lon="12.475455"><ele>84.0</ele></rtept><rtept lat="57.549875" lon="12.47545"><ele>84.2</ele></rtept><rtept lat="57.549907" lon="12.475443"><ele>84.4</ele></rtept><rtept lat="57.549925" lon="12.475435"><ele>85.0</ele></rtept><rtept lat="57.549952" lon="12.475418"><ele>85.0</ele></rtept><rtept lat="57.54997" lon="12.475403"><ele>84.6</ele></rtept><rtept lat="57.54999" lon="12.4754"><ele>85.2</ele></rtept><rtept lat="57.550008" lon="12.47539"><ele>85.2</ele></rtept><rtept lat="57.550035" lon="12.475377"><ele>85.0</ele></rtept><rtept lat="57.550053" lon="12.475357"><ele>85.4</ele></rtept><rtept lat="57.55008" lon="12.475337"><ele>85.4</ele></rtept><rtept lat="57.550098" lon="12.47532"><ele>85.4</ele></rtept><rtept lat="57.550118" lon="12.475312"><ele>86.0</ele></rtept><rtept lat="57.550137" lon="12.4753"><ele>86.0</ele></rtept><rtept lat="57.550157" lon="12.475283"><ele>86.6</ele></rtept><rtept lat="57.550175" lon="12.475262"><ele>86.6</ele></rtept><rtept lat="57.550195" lon="12.475247"><ele>86.6</ele></rtept><rtept lat="57.550213" lon="12.475237"><ele>87.2</ele></rtept><rtept lat="57.55024" lon="12.475225"><ele>87.2</ele></rtept><rtept lat="57.550265" lon="12.47522"><ele>87.2</ele></rtept><rtept lat="57.55029" lon="12.475207"><ele>87.8</ele></rtept><rtept lat="57.55031" lon="12.475185"><ele>87.8</ele></rtept><rtept lat="57.550335" lon="12.475162"><ele>87.8</ele></rtept><rtept lat="57.550355" lon="12.475145"><ele>88.4</ele></rtept><rtept lat="57.550373" lon="12.475118"><ele>88.2</ele></rtept><rtept lat="57.550393" lon="12.47511"><ele>88.6</ele></rtept><rtept lat="57.550425" lon="12.47508"><ele>89.0</ele></rtept><rtept lat="57.55045" lon="12.475078"><ele>89.4</ele></rtept><rtept lat="57.55047" lon="12.475072"><ele>89.2</ele></rtept><rtept lat="57.550508" lon="12.475067"><ele>89.8</ele></rtept><rtept lat="57.550527" lon="12.475068"><ele>89.6</ele></rtept><rtept lat="57.550553" lon="12.47508"><ele>89.6</ele></rtept><rtept lat="57.550572" lon="12.475087"><ele>89.8</ele></rtept><rtept lat="57.550592" lon="12.475092"><ele>90.0</ele></rtept><rtept lat="57.550623" lon="12.475098"><ele>90.6</ele></rtept><rtept lat="57.550642" lon="12.4751"><ele>90.2</ele></rtept><rtept lat="57.550668" lon="12.475107"><ele>90.0</ele></rtept><rtept lat="57.550687" lon="12.475117"><ele>90.2</ele></rtept><rtept lat="57.550713" lon="12.47512"><ele>90.0</ele></rtept><rtept lat="57.550745" lon="12.475118"><ele>90.4</ele></rtept><rtept lat="57.55077" lon="12.475112"><ele>90.2</ele></rtept><rtept lat="57.550802" lon="12.475105"><ele>90.2</ele></rtept><rtept lat="57.550828" lon="12.475087"><ele>90.6</ele></rtept><rtept lat="57.550853" lon="12.475077"><ele>90.4</ele></rtept><rtept lat="57.55088" lon="12.475068"><ele>90.2</ele></rtept><rtept lat="57.550905" lon="12.475067"><ele>90.4</ele></rtept><rtept lat="57.55093" lon="12.475068"><ele>90.0</ele></rtept><rtept lat="57.55095" lon="12.47506"><ele>90.2</ele></rtept><rtept lat="57.550968" lon="12.475052"><ele>90.2</ele></rtept><rtept lat="57.550988" lon="12.47504"><ele>90.0</ele></rtept><rtept lat="57.551007" lon="12.475028"><ele>90.2</ele></rtept><rtept lat="57.551033" lon="12.475018"><ele>90.0</ele></rtept><rtept lat="57.551058" lon="12.475002"><ele>89.6</ele></rtept><rtept lat="57.551083" lon="12.474993"><ele>90.0</ele></rtept><rtept lat="57.55111" lon="12.474982"><ele>89.8</ele></rtept><rtept lat="57.551135" lon="12.474967"><ele>89.6</ele></rtept><rtept lat="57.55116" lon="12.474952"><ele>89.8</ele></rtept><rtept lat="57.55118" lon="12.474938"><ele>89.6</ele></rtept><rtept lat="57.551205" lon="12.474918"><ele>90.0</ele></rtept><rtept lat="57.551243" lon="12.47488"><ele>89.6</ele></rtept><rtept lat="57.551263" lon="12.474863"><ele>90.0</ele></rtept><rtept lat="57.551288" lon="12.474853"><ele>89.8</ele></rtept><rtept lat="57.551308" lon="12.474843"><ele>89.8</ele></rtept><rtept lat="57.551327" lon="12.474828"><ele>90.2</ele></rtept><rtept lat="57.551365" lon="12.474802"><ele>90.4</ele></rtept><rtept lat="57.551385" lon="12.474788"><ele>90.6</ele></rtept><rtept lat="57.551403" lon="12.474775"><ele>90.6</ele></rtept><rtept lat="57.551423" lon="12.47476"><ele>91.0</ele></rtept><rtept lat="57.551442" lon="12.474748"><ele>91.0</ele></rtept><rtept lat="57.551462" lon="12.47473"><ele>90.6</ele></rtept><rtept lat="57.55148" lon="12.47471"><ele>91.2</ele></rtept><rtept lat="57.5515" lon="12.474685"><ele>91.0</ele></rtept><rtept lat="57.55152" lon="12.474663"><ele>91.2</ele></rtept><rtept lat="57.551538" lon="12.47464"><ele>91.4</ele></rtept><rtept lat="57.551558" lon="12.47462"><ele>91.4</ele></rtept><rtept lat="57.551583" lon="12.474603"><ele>92.0</ele></rtept><rtept lat="57.551602" lon="12.474585"><ele>91.8</ele></rtept><rtept lat="57.551622" lon="12.47457"><ele>91.6</ele></rtept><rtept lat="57.55164" lon="12.474555"><ele>92.2</ele></rtept><rtept lat="57.55168" lon="12.474518"><ele>92.6</ele></rtept><rtept lat="57.551698" lon="12.4745"><ele>92.8</ele></rtept><rtept lat="57.551723" lon="12.474485"><ele>92.8</ele></rtept><rtept lat="57.55175" lon="12.474467"><ele>93.2</ele></rtept><rtept lat="57.551775" lon="12.474452"><ele>93.2</ele></rtept><rtept lat="57.5518" lon="12.47442"><ele>93.6</ele></rtept><rtept lat="57.551827" lon="12.474415"><ele>93.4</ele></rtept><rtept lat="57.551845" lon="12.474405"><ele>93.2</ele></rtept><rtept lat="57.551878" lon="12.474397"><ele>93.6</ele></rtept><rtept lat="57.551903" lon="12.474387"><ele>93.4</ele></rtept><rtept lat="57.551935" lon="12.474378"><ele>93.2</ele></rtept><rtept lat="57.551973" lon="12.474338"><ele>93.4</ele></rtept><rtept lat="57.552" lon="12.474313"><ele>93.0</ele></rtept><rtept lat="57.552032" lon="12.474288"><ele>93.0</ele></rtept><rtept lat="57.552063" lon="12.474268"><ele>93.0</ele></rtept><rtept lat="57.552095" lon="12.474252"><ele>92.8</ele></rtept><rtept lat="57.55212" lon="12.474238"><ele>93.2</ele></rtept><rtept lat="57.552147" lon="12.474227"><ele>93.0</ele></rtept><rtept lat="57.552178" lon="12.474213"><ele>92.4</ele></rtept><rtept lat="57.55221" lon="12.4742"><ele>93.0</ele></rtept><rtept lat="57.552237" lon="12.474183"><ele>92.6</ele></rtept><rtept lat="57.552255" lon="12.474175"><ele>92.8</ele></rtept><rtept lat="57.55228" lon="12.474163"><ele>93.0</ele></rtept><rtept lat="57.5523" lon="12.474148"><ele>92.6</ele></rtept><rtept lat="57.552332" lon="12.474128"><ele>92.8</ele></rtept><rtept lat="57.552358" lon="12.47411"><ele>92.8</ele></rtept><rtept lat="57.55239" lon="12.474102"><ele>92.4</ele></rtept><rtept lat="57.552408" lon="12.47409"><ele>92.4</ele></rtept><rtept lat="57.55244" lon="12.47406"><ele>92.2</ele></rtept><rtept lat="57.552473" lon="12.474038"><ele>91.8</ele></rtept><rtept lat="57.552498" lon="12.474023"><ele>92.0</ele></rtept><rtept lat="57.55253" lon="12.47401"><ele>91.6</ele></rtept><rtept lat="57.552562" lon="12.47399"><ele>91.2</ele></rtept><rtept lat="57.552588" lon="12.47397"><ele>91.6</ele></rtept><rtept lat="57.552607" lon="12.473957"><ele>91.0</ele></rtept><rtept lat="57.552633" lon="12.473943"><ele>91.2</ele></rtept><rtept lat="57.552665" lon="12.47392"><ele>91.2</ele></rtept><rtept lat="57.552697" lon="12.47391"><ele>91.0</ele></rtept><rtept lat="57.552722" lon="12.473897"><ele>91.4</ele></rtept><rtept lat="57.552748" lon="12.47388"><ele>91.2</ele></rtept><rtept lat="57.552767" lon="12.473863"><ele>91.0</ele></rtept><rtept lat="57.5528" lon="12.473842"><ele>91.0</ele></rtept><rtept lat="57.552818" lon="12.473832"><ele>91.2</ele></rtept><rtept lat="57.552838" lon="12.47382"><ele>90.8</ele></rtept><rtept lat="57.552857" lon="12.473807"><ele>90.8</ele></rtept><rtept lat="57.552877" lon="12.473795"><ele>91.2</ele></rtept><rtept lat="57.552902" lon="12.473782"><ele>91.2</ele></rtept><rtept lat="57.552927" lon="12.473775"><ele>91.0</ele></rtept><rtept lat="57.552947" lon="12.47376"><ele>91.4</ele></rtept><rtept lat="57.552972" lon="12.473747"><ele>91.2</ele></rtept><rtept lat="57.552992" lon="12.473738"><ele>91.4</ele></rtept><rtept lat="57.55301" lon="12.473727"><ele>91.4</ele></rtept><rtept lat="57.55303" lon="12.473712"><ele>91.4</ele></rtept><rtept lat="57.553055" lon="12.473697"><ele>91.8</ele></rtept><rtept lat="57.55308" lon="12.473678"><ele>91.4</ele></rtept><rtept lat="57.553107" lon="12.473658"><ele>91.4</ele></rtept><rtept lat="57.553125" lon="12.473637"><ele>92.0</ele></rtept><rtept lat="57.553152" lon="12.473613"><ele>91.8</ele></rtept><rtept lat="57.553177" lon="12.4736"><ele>91.8</ele></rtept><rtept lat="57.553197" lon="12.473587"><ele>92.2</ele></rtept><rtept lat="57.553222" lon="12.473567"><ele>92.0</ele></rtept><rtept lat="57.55324" lon="12.473548"><ele>92.4</ele></rtept><rtept lat="57.553267" lon="12.473537"><ele>92.4</ele></rtept><rtept lat="57.553285" lon="12.473513"><ele>92.2</ele></rtept><rtept lat="57.553305" lon="12.473482"><ele>92.8</ele></rtept><rtept lat="57.55333" lon="12.473458"><ele>92.8</ele></rtept><rtept lat="57.55335" lon="12.473428"><ele>93.2</ele></rtept><rtept lat="57.553382" lon="12.473373"><ele>93.4</ele></rtept><rtept lat="57.5534" lon="12.473355"><ele>94.0</ele></rtept><rtept lat="57.553427" lon="12.473335"><ele>93.8</ele></rtept><rtept lat="57.553452" lon="12.473315"><ele>94.2</ele></rtept><rtept lat="57.553483" lon="12.4733"><ele>94.4</ele></rtept><rtept lat="57.55351" lon="12.473293"><ele>94.2</ele></rtept><rtept lat="57.553542" lon="12.47328"><ele>95.0</ele></rtept><rtept lat="57.553567" lon="12.47327"><ele>94.8</ele></rtept><rtept lat="57.553593" lon="12.47326"><ele>94.6</ele></rtept><rtept lat="57.553632" lon="12.473255"><ele>95.2</ele></rtept><rtept lat="57.553663" lon="12.47325"><ele>94.8</ele></rtept><rtept lat="57.553688" lon="12.47324"><ele>94.6</ele></rtept><rtept lat="57.55372" lon="12.473223"><ele>95.0</ele></rtept><rtept lat="57.553747" lon="12.47321"><ele>94.8</ele></rtept><rtept lat="57.553765" lon="12.47319"><ele>95.2</ele></rtept><rtept lat="57.553785" lon="12.473163"><ele>95.2</ele></rtept><rtept lat="57.553792" lon="12.47313"><ele>95.0</ele></rtept><rtept lat="57.553785" lon="12.473095"><ele>95.4</ele></rtept><rtept lat="57.553772" lon="12.47306"><ele>95.2</ele></rtept><rtept lat="57.553753" lon="12.472998"><ele>95.4</ele></rtept><rtept lat="57.553747" lon="12.472952"><ele>95.0</ele></rtept><rtept lat="57.553747" lon="12.472912"><ele>94.8</ele></rtept><rtept lat="57.553753" lon="12.472877"><ele>95.2</ele></rtept><rtept lat="57.553765" lon="12.472848"><ele>94.8</ele></rtept><rtept lat="57.553778" lon="12.472822"><ele>95.0</ele></rtept><rtept lat="57.553792" lon="12.472798"><ele>94.8</ele></rtept><rtept lat="57.55381" lon="12.472775"><ele>94.8</ele></rtept><rtept lat="57.55383" lon="12.472758"><ele>95.2</ele></rtept><rtept lat="57.553848" lon="12.472748"><ele>95.0</ele></rtept><rtept lat="57.553875" lon="12.472738"><ele>94.6</ele></rtept><rtept lat="57.5539" lon="12.47272"><ele>95.0</ele></rtept><rtept lat="57.55392" lon="12.472695"><ele>94.8</ele></rtept><rtept lat="57.553938" lon="12.472663"><ele>94.2</ele></rtept><rtept lat="57.553963" lon="12.472638"><ele>94.6</ele></rtept><rtept lat="57.55399" lon="12.47261"><ele>94.0</ele></rtept><rtept lat="57.554015" lon="12.472583"><ele>94.0</ele></rtept><rtept lat="57.55404" lon="12.47255"><ele>94.0</ele></rtept><rtept lat="57.55406" lon="12.472512"><ele>93.6</ele></rtept><rtept lat="57.554085" lon="12.472477"><ele>94.2</ele></rtept><rtept lat="57.554105" lon="12.47244"><ele>94.0</ele></rtept><rtept lat="57.554123" lon="12.472397"><ele>93.6</ele></rtept><rtept lat="57.554143" lon="12.472355"><ele>94.0</ele></rtept><rtept lat="57.554162" lon="12.472318"><ele>93.8</ele></rtept><rtept lat="57.554188" lon="12.472285"><ele>94.2</ele></rtept><rtept lat="57.554213" lon="12.472247"><ele>94.2</ele></rtept><rtept lat="57.554227" lon="12.472208"><ele>93.8</ele></rtept><rtept lat="57.554245" lon="12.472173"><ele>94.2</ele></rtept><rtept lat="57.554265" lon="12.472137"><ele>94.2</ele></rtept><rtept lat="57.554278" lon="12.472087"><ele>94.8</ele></rtept><rtept lat="57.554283" lon="12.472048"><ele>94.6</ele></rtept><rtept lat="57.554303" lon="12.47201"><ele>94.8</ele></rtept><rtept lat="57.554317" lon="12.471975"><ele>95.2</ele></rtept><rtept lat="57.554328" lon="12.471943"><ele>95.0</ele></rtept><rtept lat="57.554348" lon="12.471915"><ele>94.4</ele></rtept><rtept lat="57.55436" lon="12.471878"><ele>95.0</ele></rtept><rtept lat="57.55436" lon="12.47184"><ele>94.6</ele></rtept><rtept lat="57.554373" lon="12.471805"><ele>95.0</ele></rtept><rtept lat="57.554387" lon="12.471767"><ele>94.8</ele></rtept><rtept lat="57.554393" lon="12.471735"><ele>94.8</ele></rtept><rtept lat="57.5544" lon="12.471702"><ele>95.2</ele></rtept><rtept lat="57.554405" lon="12.471632"><ele>94.8</ele></rtept><rtept lat="57.554405" lon="12.471587"><ele>95.0</ele></rtept><rtept lat="57.554412" lon="12.471545"><ele>94.4</ele></rtept><rtept lat="57.554418" lon="12.4715"><ele>93.6</ele></rtept><rtept lat="57.554418" lon="12.471453"><ele>93.8</ele></rtept><rtept lat="57.554418" lon="12.471402"><ele>92.8</ele></rtept><rtept lat="57.554425" lon="12.471335"><ele>92.8</ele></rtept><rtept lat="57.554438" lon="12.47128"><ele>92.4</ele></rtept><rtept lat="57.554457" lon="12.471228"><ele>91.8</ele></rtept><rtept lat="57.554463" lon="12.47118"><ele>92.0</ele></rtept><rtept lat="57.55447" lon="12.471145"><ele>91.8</ele></rtept><rtept lat="57.55447" lon="12.47111"><ele>91.8</ele></rtept><rtept lat="57.554477" lon="12.471052"><ele>92.2</ele></rtept><rtept lat="57.554463" lon="12.471027"><ele>92.4</ele></rtept><rtept lat="57.554457" lon="12.470985"><ele>93.0</ele></rtept><rtept lat="57.554443" lon="12.47096"><ele>93.2</ele></rtept><rtept lat="57.554438" lon="12.47091"><ele>93.8</ele></rtept><rtept lat="57.554438" lon="12.470872"><ele>94.2</ele></rtept><rtept lat="57.554425" lon="12.47084"><ele>94.4</ele></rtept><rtept lat="57.554412" lon="12.470797"><ele>95.0</ele></rtept><rtept lat="57.5544" lon="12.470732"><ele>95.6</ele></rtept><rtept lat="57.554387" lon="12.470687"><ele>95.6</ele></rtept><rtept lat="57.55438" lon="12.470647"><ele>96.4</ele></rtept><rtept lat="57.55438" lon="12.470613"><ele>96.6</ele></rtept><rtept lat="57.55438" lon="12.470548"><ele>97.0</ele></rtept><rtept lat="57.55438" lon="12.470508"><ele>97.4</ele></rtept><rtept lat="57.554387" lon="12.47047"><ele>97.0</ele></rtept><rtept lat="57.554387" lon="12.470428"><ele>96.6</ele></rtept><rtept lat="57.55438" lon="12.470377"><ele>96.8</ele></rtept><rtept lat="57.55438" lon="12.470322"><ele>96.0</ele></rtept><rtept lat="57.554373" lon="12.47028"><ele>95.8</ele></rtept><rtept lat="57.554367" lon="12.470235"><ele>95.6</ele></rtept><rtept lat="57.55436" lon="12.47018"><ele>95.2</ele></rtept><rtept lat="57.554355" lon="12.47014"><ele>95.4</ele></rtept><rtept lat="57.554335" lon="12.47008"><ele>94.8</ele></rtept><rtept lat="57.554328" lon="12.470027"><ele>95.4</ele></rtept><rtept lat="57.554317" lon="12.469968"><ele>95.4</ele></rtept><rtept lat="57.554303" lon="12.469908"><ele>95.6</ele></rtept><rtept lat="57.554297" lon="12.46986"><ele>96.2</ele></rtept><rtept lat="57.554283" lon="12.469835"><ele>96.4</ele></rtept><rtept lat="57.554278" lon="12.469788"><ele>97.0</ele></rtept><rtept lat="57.554265" lon="12.46974"><ele>97.6</ele></rtept><rtept lat="57.554258" lon="12.46968"><ele>98.4</ele></rtept><rtept lat="57.554258" lon="12.469622"><ele>99.0</ele></rtept><rtept lat="57.554258" lon="12.469587"><ele>99.4</ele></rtept><rtept lat="57.554258" lon="12.469525"><ele>100.0</ele></rtept><rtept lat="57.554258" lon="12.469492"><ele>100.2</ele></rtept><rtept lat="57.554252" lon="12.469428"><ele>100.6</ele></rtept><rtept lat="57.554258" lon="12.469382"><ele>100.8</ele></rtept><rtept lat="57.554258" lon="12.46934"><ele>101.2</ele></rtept><rtept lat="57.554265" lon="12.469287"><ele>101.4</ele></rtept><rtept lat="57.554272" lon="12.469232"><ele>101.6</ele></rtept><rtept lat="57.554278" lon="12.469183"><ele>102.4</ele></rtept><rtept lat="57.554283" lon="12.469123"><ele>102.6</ele></rtept><rtept lat="57.554297" lon="12.46907"><ele>102.8</ele></rtept><rtept lat="57.554297" lon="12.469037"><ele>103.0</ele></rtept><rtept lat="57.55431" lon="12.468977"><ele>103.6</ele></rtept><rtept lat="57.554322" lon="12.468925"><ele>104.2</ele></rtept><rtept lat="57.554335" lon="12.46888"><ele>104.8</ele></rtept><rtept lat="57.554342" lon="12.468837"><ele>105.0</ele></rtept><rtept lat="57.554348" lon="12.46878"><ele>105.4</ele></rtept><rtept lat="57.55436" lon="12.468752"><ele>105.6</ele></rtept><rtept lat="57.554373" lon="12.468693"><ele>106.0</ele></rtept><rtept lat="57.554387" lon="12.468633"><ele>106.4</ele></rtept><rtept lat="57.5544" lon="12.468562"><ele>107.2</ele></rtept><rtept lat="57.554405" lon="12.468522"><ele>107.6</ele></rtept><rtept lat="57.554418" lon="12.468478"><ele>107.6</ele></rtept><rtept lat="57.554425" lon="12.468428"><ele>107.4</ele></rtept><rtept lat="57.554438" lon="12.46838"><ele>107.6</ele></rtept><rtept lat="57.554443" lon="12.468335"><ele>107.6</ele></rtept><rtept lat="57.554457" lon="12.46828"><ele>107.2</ele></rtept><rtept lat="57.554457" lon="12.46823"><ele>107.2</ele></rtept><rtept lat="57.55447" lon="12.468182"><ele>107.2</ele></rtept><rtept lat="57.554482" lon="12.468137"><ele>106.6</ele></rtept><rtept lat="57.554495" lon="12.468085"><ele>106.6</ele></rtept><rtept lat="57.554502" lon="12.468027"><ele>106.2</ele></rtept><rtept lat="57.554515" lon="12.467977"><ele>106.0</ele></rtept><rtept lat="57.55452" lon="12.467927"><ele>106.2</ele></rtept><rtept lat="57.554527" lon="12.46788"><ele>105.8</ele></rtept><rtept lat="57.55454" lon="12.467835"><ele>106.0</ele></rtept><rtept lat="57.554553" lon="12.4678"><ele>105.8</ele></rtept><rtept lat="57.554565" lon="12.46774"><ele>105.4</ele></rtept><rtept lat="57.554578" lon="12.467693"><ele>105.4</ele></rtept><rtept lat="57.554578" lon="12.46764"><ele>105.4</ele></rtept><rtept lat="57.554585" lon="12.467595"><ele>105.2</ele></rtept><rtept lat="57.554592" lon="12.467532"><ele>105.4</ele></rtept><rtept lat="57.554598" lon="12.46748"><ele>105.0</ele></rtept><rtept lat="57.55461" lon="12.467435"><ele>105.2</ele></rtept><rtept lat="57.554623" lon="12.467392"><ele>105.0</ele></rtept><rtept lat="57.554623" lon="12.467353"><ele>104.4</ele></rtept><rtept lat="57.55463" lon="12.4673"><ele>105.0</ele></rtept><rtept lat="57.55463" lon="12.467233"><ele>104.6</ele></rtept><rtept lat="57.55463" lon="12.46718"><ele>104.6</ele></rtept><rtept lat="57.55463" lon="12.467128"><ele>104.8</ele></rtept><rtept lat="57.55463" lon="12.467083"><ele>104.6</ele></rtept><rtept lat="57.554637" lon="12.46702"><ele>104.6</ele></rtept><rtept lat="57.554642" lon="12.466968"><ele>104.8</ele></rtept><rtept lat="57.554642" lon="12.466915"><ele>104.4</ele></rtept><rtept lat="57.554642" lon="12.46686"><ele>104.6</ele></rtept><rtept lat="57.554648" lon="12.466812"><ele>104.4</ele></rtept><rtept lat="57.554648" lon="12.466757"><ele>104.2</ele></rtept><rtept lat="57.554655" lon="12.466705"><ele>104.4</ele></rtept><rtept lat="57.554655" lon="12.46665"><ele>103.8</ele></rtept><rtept lat="57.554655" lon="12.466593"><ele>103.2</ele></rtept><rtept lat="57.554642" lon="12.466547"><ele>103.4</ele></rtept><rtept lat="57.554623" lon="12.466507"><ele>103.0</ele></rtept><rtept lat="57.554603" lon="12.466467"><ele>103.0</ele></rtept><rtept lat="57.554592" lon="12.466422"><ele>102.8</ele></rtept><rtept lat="57.554578" lon="12.466378"><ele>102.6</ele></rtept><rtept lat="57.55456" lon="12.466335"><ele>102.8</ele></rtept><rtept lat="57.554547" lon="12.466293"><ele>102.6</ele></rtept><rtept lat="57.554533" lon="12.466243"><ele>102.6</ele></rtept><rtept lat="57.55452" lon="12.466197"><ele>102.4</ele></rtept><rtept lat="57.554515" lon="12.466152"><ele>101.8</ele></rtept><rtept lat="57.554495" lon="12.466102"><ele>101.4</ele></rtept><rtept lat="57.554482" lon="12.466058"><ele>101.6</ele></rtept><rtept lat="57.554477" lon="12.466012"><ele>101.0</ele></rtept><rtept lat="57.554463" lon="12.465965"><ele>101.2</ele></rtept><rtept lat="57.554457" lon="12.465918"><ele>100.8</ele></rtept><rtept lat="57.554443" lon="12.465868"><ele>100.4</ele></rtept><rtept lat="57.554425" lon="12.46582"><ele>100.2</ele></rtept><rtept lat="57.554418" lon="12.46576"><ele>99.4</ele></rtept><rtept lat="57.554418" lon="12.4657"><ele>99.0</ele></rtept><rtept lat="57.554418" lon="12.465648"><ele>99.4</ele></rtept><rtept lat="57.554418" lon="12.46559"><ele>98.8</ele></rtept><rtept lat="57.554425" lon="12.465537"><ele>98.8</ele></rtept><rtept lat="57.554425" lon="12.46548"><ele>98.2</ele></rtept><rtept lat="57.554432" lon="12.46543"><ele>97.4</ele></rtept><rtept lat="57.554438" lon="12.465387"><ele>97.6</ele></rtept><rtept lat="57.554443" lon="12.465347"><ele>97.4</ele></rtept><rtept lat="57.554457" lon="12.465302"><ele>98.2</ele></rtept><rtept lat="57.554457" lon="12.465252"><ele>98.0</ele></rtept><rtept lat="57.554463" lon="12.4652"><ele>98.4</ele></rtept><rtept lat="57.554463" lon="12.465147"><ele>98.4</ele></rtept><rtept lat="57.55447" lon="12.465093"><ele>98.4</ele></rtept><rtept lat="57.554477" lon="12.46504"><ele>99.0</ele></rtept><rtept lat="57.554482" lon="12.464988"><ele>99.0</ele></rtept><rtept lat="57.554482" lon="12.464925"><ele>99.6</ele></rtept><rtept lat="57.554482" lon="12.464863"><ele>99.4</ele></rtept><rtept lat="57.554488" lon="12.4648"><ele>99.0</ele></rtept><rtept lat="57.554488" lon="12.464743"><ele>99.4</ele></rtept><rtept lat="57.554482" lon="12.464687"><ele>99.2</ele></rtept><rtept lat="57.554482" lon="12.46463"><ele>99.0</ele></rtept><rtept lat="57.554482" lon="12.464577"><ele>99.2</ele></rtept><rtept lat="57.554482" lon="12.464522"><ele>98.8</ele></rtept><rtept lat="57.554477" lon="12.464472"><ele>98.6</ele></rtept><rtept lat="57.554477" lon="12.46442"><ele>98.6</ele></rtept><rtept lat="57.55447" lon="12.464367"><ele>98.4</ele></rtept><rtept lat="57.55447" lon="12.464322"><ele>98.8</ele></rtept><rtept lat="57.554463" lon="12.464283"><ele>98.4</ele></rtept><rtept lat="57.554457" lon="12.46424"><ele>98.6</ele></rtept><rtept lat="57.554443" lon="12.464195"><ele>98.8</ele></rtept><rtept lat="57.554432" lon="12.464143"><ele>98.6</ele></rtept><rtept lat="57.554425" lon="12.464097"><ele>99.0</ele></rtept><rtept lat="57.554418" lon="12.464055"><ele>98.8</ele></rtept><rtept lat="57.554405" lon="12.464007"><ele>98.6</ele></rtept><rtept lat="57.554393" lon="12.463965"><ele>99.0</ele></rtept><rtept lat="57.55438" lon="12.46392"><ele>98.8</ele></rtept><rtept lat="57.554367" lon="12.463885"><ele>99.0</ele></rtept><rtept lat="57.55436" lon="12.463845"><ele>99.2</ele></rtept><rtept lat="57.554348" lon="12.463802"><ele>99.0</ele></rtept><rtept lat="57.554342" lon="12.463763"><ele>99.6</ele></rtept><rtept lat="57.554328" lon="12.463718"><ele>99.6</ele></rtept><rtept lat="57.554322" lon="12.463677"><ele>99.8</ele></rtept><rtept lat="57.554317" lon="12.463632"><ele>100.2</ele></rtept><rtept lat="57.554303" lon="12.463582"><ele>100.2</ele></rtept><rtept lat="57.55429" lon="12.463543"><ele>101.0</ele></rtept><rtept lat="57.554283" lon="12.463498"><ele>100.8</ele></rtept><rtept lat="57.554272" lon="12.46345"><ele>101.2</ele></rtept><rtept lat="57.554265" lon="12.463403"><ele>101.6</ele></rtept><rtept lat="57.554252" lon="12.463355"><ele>101.4</ele></rtept><rtept lat="57.554245" lon="12.463307"><ele>102.0</ele></rtept><rtept lat="57.55424" lon="12.463265"><ele>102.0</ele></rtept><rtept lat="57.554233" lon="12.463215"><ele>101.8</ele></rtept><rtept lat="57.554227" lon="12.463165"><ele>102.0</ele></rtept><rtept lat="57.554227" lon="12.463118"><ele>101.8</ele></rtept><rtept lat="57.55422" lon="12.463067"><ele>101.6</ele></rtept><rtept lat="57.55422" lon="12.463017"><ele>101.8</ele></rtept><rtept lat="57.55422" lon="12.462968"><ele>101.6</ele></rtept><rtept lat="57.554213" lon="12.462922"><ele>101.4</ele></rtept><rtept lat="57.554207" lon="12.462875"><ele>101.4</ele></rtept><rtept lat="57.5542" lon="12.462823"><ele>101.0</ele></rtept><rtept lat="57.554188" lon="12.46277"><ele>100.6</ele></rtept><rtept lat="57.554175" lon="12.462717"><ele>100.2</ele></rtept><rtept lat="57.554162" lon="12.462665"><ele>99.4</ele></rtept><rtept lat="57.554143" lon="12.46262"><ele>99.4</ele></rtept><rtept lat="57.55413" lon="12.462567"><ele>98.4</ele></rtept><rtept lat="57.554118" lon="12.46252"><ele>98.6</ele></rtept><rtept lat="57.554105" lon="12.462472"><ele>97.8</ele></rtept><rtept lat="57.554092" lon="12.46243"><ele>97.8</ele></rtept><rtept lat="57.55408" lon="12.462382"><ele>97.8</ele></rtept><rtept lat="57.554073" lon="12.462328"><ele>97.4</ele></rtept><rtept lat="57.554067" lon="12.46228"><ele>97.8</ele></rtept><rtept lat="57.55406" lon="12.462232"><ele>97.4</ele></rtept><rtept lat="57.55406" lon="12.46218"><ele>97.8</ele></rtept><rtept lat="57.55406" lon="12.462133"><ele>98.0</ele></rtept><rtept lat="57.55406" lon="12.46208"><ele>97.6</ele></rtept><rtept lat="57.55406" lon="12.462023"><ele>97.8</ele></rtept><rtept lat="57.554067" lon="12.461965"><ele>97.8</ele></rtept><rtept lat="57.554067" lon="12.461907"><ele>97.2</ele></rtept><rtept lat="57.55408" lon="12.461857"><ele>97.2</ele></rtept><rtept lat="57.554085" lon="12.46181"><ele>96.6</ele></rtept><rtept lat="57.554092" lon="12.461757"><ele>96.2</ele></rtept><rtept lat="57.554098" lon="12.461707"><ele>96.4</ele></rtept><rtept lat="57.554105" lon="12.46166"><ele>95.8</ele></rtept><rtept lat="57.554118" lon="12.461613"><ele>95.6</ele></rtept><rtept lat="57.554123" lon="12.461562"><ele>95.6</ele></rtept><rtept lat="57.55413" lon="12.461518"><ele>95.2</ele></rtept><rtept lat="57.55415" lon="12.461468"><ele>95.4</ele></rtept><rtept lat="57.554157" lon="12.46143"><ele>95.2</ele></rtept><rtept lat="57.554168" lon="12.461402"><ele>95.0</ele></rtept><rtept lat="57.554188" lon="12.46137"><ele>95.4</ele></rtept><rtept lat="57.554207" lon="12.46134"><ele>95.2</ele></rtept><rtept lat="57.55422" lon="12.461303"><ele>95.0</ele></rtept><rtept lat="57.554233" lon="12.461263"><ele>95.2</ele></rtept><rtept lat="57.554245" lon="12.461223"><ele>95.2</ele></rtept><rtept lat="57.554258" lon="12.461182"><ele>95.8</ele></rtept><rtept lat="57.554265" lon="12.46114"><ele>95.6</ele></rtept><rtept lat="57.554278" lon="12.461105"><ele>95.4</ele></rtept><rtept lat="57.55429" lon="12.461072"><ele>95.8</ele></rtept><rtept lat="57.554303" lon="12.461042"><ele>96.0</ele></rtept><rtept lat="57.554322" lon="12.461018"><ele>96.6</ele></rtept><rtept lat="57.554342" lon="12.460998"><ele>96.6</ele></rtept><rtept lat="57.55436" lon="12.460973"><ele>96.6</ele></rtept><rtept lat="57.55438" lon="12.460948"><ele>97.4</ele></rtept><rtept lat="57.554393" lon="12.460918"><ele>97.6</ele></rtept><rtept lat="57.554412" lon="12.46088"><ele>98.4</ele></rtept><rtept lat="57.554438" lon="12.460855"><ele>98.4</ele></rtept><rtept lat="57.554457" lon="12.460832"><ele>98.8</ele></rtept><rtept lat="57.554482" lon="12.460808"><ele>99.2</ele></rtept><rtept lat="57.554502" lon="12.460782"><ele>99.2</ele></rtept><rtept lat="57.554527" lon="12.460755"><ele>99.6</ele></rtept><rtept lat="57.554547" lon="12.460715"><ele>100.0</ele></rtept><rtept lat="57.554572" lon="12.460683"><ele>100.0</ele></rtept><rtept lat="57.554592" lon="12.460657"><ele>100.4</ele></rtept><rtept lat="57.554617" lon="12.460638"><ele>100.4</ele></rtept><rtept lat="57.554648" lon="12.46059"><ele>100.6</ele></rtept><rtept lat="57.554668" lon="12.460575"><ele>100.6</ele></rtept><rtept lat="57.554687" lon="12.460558"><ele>100.4</ele></rtept><rtept lat="57.554707" lon="12.460537"><ele>100.6</ele></rtept><rtept lat="57.554725" lon="12.460517"><ele>100.2</ele></rtept><rtept lat="57.554745" lon="12.460497"><ele>100.0</ele></rtept><rtept lat="57.55477" lon="12.46047"><ele>100.0</ele></rtept><rtept lat="57.554797" lon="12.460432"><ele>100.0</ele></rtept><rtept lat="57.554815" lon="12.460395"><ele>99.6</ele></rtept><rtept lat="57.554835" lon="12.46036"><ele>99.4</ele></rtept><rtept lat="57.554853" lon="12.46033"><ele>99.4</ele></rtept><rtept lat="57.55486" lon="12.460298"><ele>98.8</ele></rtept><rtept lat="57.554873" lon="12.460248"><ele>98.2</ele></rtept><rtept lat="57.554878" lon="12.460198"><ele>98.4</ele></rtept><rtept lat="57.554892" lon="12.460153"><ele>98.0</ele></rtept><rtept lat="57.554898" lon="12.460103"><ele>97.4</ele></rtept><rtept lat="57.554905" lon="12.460055"><ele>97.6</ele></rtept><rtept lat="57.554918" lon="12.460005"><ele>97.0</ele></rtept><rtept lat="57.554923" lon="12.45996"><ele>97.0</ele></rtept><rtept lat="57.554923" lon="12.459913"><ele>96.8</ele></rtept><rtept lat="57.554918" lon="12.459865"><ele>96.6</ele></rtept><rtept lat="57.554905" lon="12.459823"><ele>97.0</ele></rtept><rtept lat="57.554892" lon="12.459778"><ele>96.8</ele></rtept><rtept lat="57.554878" lon="12.459727"><ele>96.4</ele></rtept><rtept lat="57.554853" lon="12.459665"><ele>97.0</ele></rtept><rtept lat="57.55484" lon="12.459618"><ele>96.6</ele></rtept><rtept lat="57.554822" lon="12.459572"><ele>96.2</ele></rtept><rtept lat="57.554802" lon="12.459533"><ele>96.8</ele></rtept><rtept lat="57.554783" lon="12.459483"><ele>96.2</ele></rtept><rtept lat="57.554758" lon="12.459432"><ele>95.6</ele></rtept><rtept lat="57.554738" lon="12.459388"><ele>96.0</ele></rtept><rtept lat="57.55472" lon="12.459348"><ele>95.6</ele></rtept><rtept lat="57.554693" lon="12.459303"><ele>95.8</ele></rtept><rtept lat="57.554675" lon="12.459278"><ele>95.6</ele></rtept><rtept lat="57.554648" lon="12.459255"><ele>95.2</ele></rtept><rtept lat="57.554623" lon="12.459238"><ele>95.6</ele></rtept><rtept lat="57.554603" lon="12.45922"><ele>95.4</ele></rtept><rtept lat="57.554578" lon="12.459203"><ele>95.6</ele></rtept><rtept lat="57.55456" lon="12.459195"><ele>95.8</ele></rtept><rtept lat="57.55454" lon="12.459185"><ele>95.4</ele></rtept><rtept lat="57.55452" lon="12.45918"><ele>96.2</ele></rtept><rtept lat="57.554502" lon="12.459177"><ele>96.0</ele></rtept><rtept lat="57.554477" lon="12.459163"><ele>96.2</ele></rtept><rtept lat="57.554457" lon="12.45916"><ele>96.2</ele></rtept><rtept lat="57.554425" lon="12.459157"><ele>96.6</ele></rtept><rtept lat="57.554393" lon="12.45916"><ele>96.8</ele></rtept><rtept lat="57.554348" lon="12.459165"><ele>96.8</ele></rtept><rtept lat="57.554317" lon="12.459173"><ele>97.2</ele></rtept><rtept lat="57.554283" lon="12.45918"><ele>97.2</ele></rtept><rtept lat="57.554245" lon="12.45919"><ele>97.2</ele></rtept><rtept lat="57.55422" lon="12.459197"><ele>97.8</ele></rtept><rtept lat="57.554188" lon="12.459203"><ele>97.6</ele></rtept><rtept lat="57.554162" lon="12.459203"><ele>97.4</ele></rtept><rtept lat="57.554137" lon="12.459203"><ele>97.8</ele></rtept><rtept lat="57.554098" lon="12.4592"><ele>97.6</ele></rtept><rtept lat="57.554073" lon="12.4592"><ele>98.2</ele></rtept><rtept lat="57.55404" lon="12.45921"><ele>98.2</ele></rtept><rtept lat="57.554022" lon="12.459213"><ele>98.0</ele></rtept><rtept lat="57.55399" lon="12.45921"><ele>98.6</ele></rtept><rtept lat="57.553963" lon="12.459215"><ele>98.6</ele></rtept><rtept lat="57.553938" lon="12.459203"><ele>98.8</ele></rtept><rtept lat="57.553913" lon="12.459197"><ele>99.0</ele></rtept><rtept lat="57.55388" lon="12.459193"><ele>99.0</ele></rtept><rtept lat="57.553848" lon="12.45919"><ele>99.6</ele></rtept><rtept lat="57.553823" lon="12.459183"><ele>99.4</ele></rtept><rtept lat="57.553792" lon="12.45916"><ele>98.8</ele></rtept><rtept lat="57.553772" lon="12.459127"><ele>99.4</ele></rtept><rtept lat="57.553753" lon="12.459075"><ele>99.2</ele></rtept><rtept lat="57.55374" lon="12.459032"><ele>99.6</ele></rtept><rtept lat="57.55372" lon="12.458995"><ele>99.8</ele></rtept><rtept lat="57.553702" lon="12.458962"><ele>99.6</ele></rtept><rtept lat="57.553688" lon="12.45893"><ele>100.0</ele></rtept><rtept lat="57.55367" lon="12.4589"><ele>99.8</ele></rtept><rtept lat="57.553657" lon="12.458873"><ele>100.2</ele></rtept><rtept lat="57.553643" lon="12.458828"><ele>100.2</ele></rtept><rtept lat="57.553625" lon="12.458787"><ele>100.2</ele></rtept><rtept lat="57.553612" lon="12.458757"><ele>100.6</ele></rtept><rtept lat="57.5536" lon="12.458727"><ele>100.4</ele></rtept><rtept lat="57.553587" lon="12.458693"><ele>100.8</ele></rtept><rtept lat="57.553573" lon="12.458663"><ele>100.6</ele></rtept><rtept lat="57.553548" lon="12.458635"><ele>100.8</ele></rtept><rtept lat="57.553522" lon="12.458585"><ele>101.0</ele></rtept><rtept lat="57.55351" lon="12.458555"><ele>101.4</ele></rtept><rtept lat="57.553483" lon="12.4585"><ele>102.0</ele></rtept><rtept lat="57.553465" lon="12.458477"><ele>102.0</ele></rtept><rtept lat="57.553427" lon="12.458437"><ele>102.0</ele></rtept><rtept lat="57.553407" lon="12.458412"><ele>102.2</ele></rtept><rtept lat="57.553395" lon="12.458385"><ele>102.6</ele></rtept><rtept lat="57.553375" lon="12.458352"><ele>102.4</ele></rtept><rtept lat="57.553357" lon="12.458322"><ele>102.4</ele></rtept><rtept lat="57.553337" lon="12.458298"><ele>102.8</ele></rtept><rtept lat="57.553312" lon="12.45829"><ele>102.6</ele></rtept><rtept lat="57.553285" lon="12.45829"><ele>102.6</ele></rtept><rtept lat="57.553267" lon="12.458295"><ele>102.8</ele></rtept><rtept lat="57.55324" lon="12.4583"><ele>102.8</ele></rtept><rtept lat="57.553215" lon="12.458307"><ele>103.2</ele></rtept><rtept lat="57.55319" lon="12.458317"><ele>102.8</ele></rtept><rtept lat="57.553163" lon="12.458337"><ele>102.6</ele></rtept><rtept lat="57.553138" lon="12.458355"><ele>103.2</ele></rtept><rtept lat="57.5531" lon="12.458367"><ele>102.8</ele></rtept><rtept lat="57.553075" lon="12.458372"><ele>103.4</ele></rtept><rtept lat="57.553055" lon="12.458377"><ele>103.2</ele></rtept><rtept lat="57.55303" lon="12.45838"><ele>103.6</ele></rtept><rtept lat="57.553003" lon="12.458385"><ele>103.6</ele></rtept><rtept lat="57.552978" lon="12.458385"><ele>103.4</ele></rtept><rtept lat="57.552953" lon="12.45839"><ele>104.2</ele></rtept><rtept lat="57.552933" lon="12.4584"><ele>104.2</ele></rtept><rtept lat="57.552908" lon="12.458397"><ele>104.0</ele></rtept><rtept lat="57.552888" lon="12.45838"><ele>104.4</ele></rtept><rtept lat="57.55287" lon="12.458365"><ele>104.6</ele></rtept><rtept lat="57.55285" lon="12.45834"><ele>105.0</ele></rtept><rtept lat="57.552832" lon="12.45832"><ele>105.0</ele></rtept><rtept lat="57.552812" lon="12.458298"><ele>105.2</ele></rtept><rtept lat="57.552793" lon="12.458272"><ele>105.8</ele></rtept><rtept lat="57.552773" lon="12.458242"><ele>105.8</ele></rtept><rtept lat="57.55276" lon="12.458217"><ele>105.8</ele></rtept><rtept lat="57.552748" lon="12.458187"><ele>106.0</ele></rtept><rtept lat="57.552735" lon="12.458158"><ele>106.0</ele></rtept><rtept lat="57.552717" lon="12.458132"><ele>106.6</ele></rtept><rtept lat="57.552703" lon="12.4581"><ele>106.2</ele></rtept><rtept lat="57.55269" lon="12.45806"><ele>106.2</ele></rtept><rtept lat="57.552678" lon="12.458027"><ele>106.6</ele></rtept><rtept lat="57.552672" lon="12.457988"><ele>106.6</ele></rtept><rtept lat="57.552658" lon="12.457953"><ele>106.2</ele></rtept><rtept lat="57.552645" lon="12.45792"><ele>106.8</ele></rtept><rtept lat="57.552633" lon="12.457888"><ele>106.6</ele></rtept><rtept lat="57.55262" lon="12.45786"><ele>107.0</ele></rtept><rtept lat="57.5526" lon="12.457823"><ele>107.2</ele></rtept><rtept lat="57.552588" lon="12.457797"><ele>107.2</ele></rtept><rtept lat="57.552575" lon="12.457765"><ele>107.4</ele></rtept><rtept lat="57.552557" lon="12.45774"><ele>107.8</ele></rtept><rtept lat="57.552537" lon="12.457717"><ele>107.6</ele></rtept><rtept lat="57.552523" lon="12.45768"><ele>107.4</ele></rtept><rtept lat="57.552512" lon="12.45765"><ele>107.6</ele></rtept><rtept lat="57.552498" lon="12.457618"><ele>107.4</ele></rtept><rtept lat="57.552492" lon="12.45758"><ele>107.4</ele></rtept><rtept lat="57.552473" lon="12.457552"><ele>107.6</ele></rtept><rtept lat="57.552447" lon="12.457513"><ele>107.4</ele></rtept><rtept lat="57.552415" lon="12.457482"><ele>108.2</ele></rtept><rtept lat="57.552397" lon="12.45746"><ele>108.2</ele></rtept><rtept lat="57.552363" lon="12.457428"><ele>107.8</ele></rtept><rtept lat="57.552332" lon="12.45738"><ele>108.0</ele></rtept><rtept lat="57.5523" lon="12.457337"><ele>108.2</ele></rtept><rtept lat="57.55228" lon="12.457308"><ele>108.4</ele></rtept><rtept lat="57.552268" lon="12.457282"><ele>108.2</ele></rtept><rtept lat="57.552242" lon="12.457215"><ele>108.0</ele></rtept><rtept lat="57.552223" lon="12.45716"><ele>107.6</ele></rtept><rtept lat="57.552203" lon="12.457137"><ele>108.0</ele></rtept><rtept lat="57.552172" lon="12.457088"><ele>108.0</ele></rtept><rtept lat="57.55216" lon="12.45706"><ele>108.2</ele></rtept><rtept lat="57.552147" lon="12.457032"><ele>108.0</ele></rtept><rtept lat="57.55212" lon="12.45699"><ele>108.4</ele></rtept><rtept lat="57.552102" lon="12.456965"><ele>108.4</ele></rtept><rtept lat="57.552063" lon="12.456918"><ele>108.8</ele></rtept><rtept lat="57.552043" lon="12.4569"><ele>108.8</ele></rtept><rtept lat="57.552025" lon="12.456882"><ele>109.2</ele></rtept><rtept lat="57.552005" lon="12.456865"><ele>109.0</ele></rtept><rtept lat="57.55196" lon="12.456847"><ele>109.2</ele></rtept><rtept lat="57.551942" lon="12.456832"><ele>109.0</ele></rtept><rtept lat="57.551917" lon="12.456808"><ele>108.6</ele></rtept><rtept lat="57.551897" lon="12.456787"><ele>108.8</ele></rtept><rtept lat="57.551883" lon="12.45676"><ele>108.6</ele></rtept><rtept lat="57.551865" lon="12.456742"><ele>108.2</ele></rtept><rtept lat="57.551845" lon="12.456723"><ele>108.6</ele></rtept><rtept lat="57.551827" lon="12.456717"><ele>108.4</ele></rtept><rtept lat="57.551807" lon="12.45672"><ele>108.2</ele></rtept><rtept lat="57.551788" lon="12.456718"><ele>108.6</ele></rtept><rtept lat="57.551762" lon="12.456723"><ele>108.4</ele></rtept><rtept lat="57.551743" lon="12.456727"><ele>108.2</ele></rtept><rtept lat="57.551718" lon="12.456723"><ele>108.4</ele></rtept><rtept lat="57.551692" lon="12.45672"><ele>108.4</ele></rtept><rtept lat="57.551667" lon="12.456722"><ele>108.2</ele></rtept><rtept lat="57.551647" lon="12.456727"><ele>108.0</ele></rtept><rtept lat="57.551622" lon="12.456727"><ele>108.2</ele></rtept><rtept lat="57.551602" lon="12.456722"><ele>107.6</ele></rtept><rtept lat="57.551583" lon="12.456713"><ele>107.6</ele></rtept><rtept lat="57.551563" lon="12.456707"><ele>107.6</ele></rtept><rtept lat="57.551545" lon="12.456693"><ele>107.6</ele></rtept><rtept lat="57.551525" lon="12.456683"><ele>107.2</ele></rtept><rtept lat="57.551507" lon="12.45668"><ele>107.2</ele></rtept><rtept lat="57.551475" lon="12.45666"><ele>106.8</ele></rtept><rtept lat="57.551442" lon="12.456653"><ele>106.8</ele></rtept><rtept lat="57.551423" lon="12.456647"><ele>106.4</ele></rtept><rtept lat="57.551398" lon="12.456643"><ele>106.4</ele></rtept><rtept lat="57.551378" lon="12.456647"><ele>106.0</ele></rtept><rtept lat="57.551353" lon="12.456642"><ele>105.6</ele></rtept><rtept lat="57.551327" lon="12.456642"><ele>105.8</ele></rtept><rtept lat="57.551308" lon="12.456642"><ele>105.8</ele></rtept><rtept lat="57.551282" lon="12.456633"><ele>105.4</ele></rtept><rtept lat="57.551263" lon="12.456628"><ele>105.0</ele></rtept><rtept lat="57.551243" lon="12.456623"><ele>105.2</ele></rtept><rtept lat="57.551225" lon="12.456608"><ele>105.0</ele></rtept><rtept lat="57.551205" lon="12.456607"><ele>104.8</ele></rtept><rtept lat="57.551187" lon="12.456603"><ele>105.0</ele></rtept><rtept lat="57.551167" lon="12.456598"><ele>104.6</ele></rtept><rtept lat="57.551142" lon="12.456595"><ele>104.0</ele></rtept><rtept lat="57.551122" lon="12.456602"><ele>104.4</ele></rtept><rtept lat="57.551097" lon="12.456603"><ele>104.2</ele></rtept><rtept lat="57.551072" lon="12.456608"><ele>103.8</ele></rtept><rtept lat="57.551045" lon="12.456612"><ele>104.0</ele></rtept><rtept lat="57.551027" lon="12.456613"><ele>103.8</ele></rtept><rtept lat="57.551" lon="12.456613"><ele>104.4</ele></rtept><rtept lat="57.550982" lon="12.456617"><ele>104.2</ele></rtept><rtept lat="57.550962" lon="12.456613"><ele>104.0</ele></rtept><rtept lat="57.55093" lon="12.456617"><ele>104.6</ele></rtept><rtept lat="57.550905" lon="12.456615"><ele>104.4</ele></rtept><rtept lat="57.55088" lon="12.456608"><ele>104.2</ele></rtept><rtept lat="57.550853" lon="12.456593"><ele>104.6</ele></rtept><rtept lat="57.550828" lon="12.456582"><ele>104.4</ele></rtept><rtept lat="57.550808" lon="12.45656"><ele>104.2</ele></rtept><rtept lat="57.550783" lon="12.45652"><ele>104.6</ele></rtept><rtept lat="57.550763" lon="12.456482"><ele>104.4</ele></rtept><rtept lat="57.550752" lon="12.456438"><ele>104.4</ele></rtept><rtept lat="57.550732" lon="12.45639"><ele>104.0</ele></rtept><rtept lat="57.550725" lon="12.456337"><ele>103.8</ele></rtept><rtept lat="57.5507" lon="12.456297"><ele>103.8</ele></rtept><rtept lat="57.550687" lon="12.456252"><ele>103.4</ele></rtept><rtept lat="57.550655" lon="12.45622"><ele>103.2</ele></rtept><rtept lat="57.55063" lon="12.4562"><ele>103.4</ele></rtept><rtept lat="57.55061" lon="12.45618"><ele>103.0</ele></rtept><rtept lat="57.550585" lon="12.456165"><ele>102.6</ele></rtept><rtept lat="57.550565" lon="12.456138"><ele>102.8</ele></rtept><rtept lat="57.55054" lon="12.456112"><ele>102.6</ele></rtept><rtept lat="57.550515" lon="12.456087"><ele>102.0</ele></rtept><rtept lat="57.550495" lon="12.45606"><ele>102.4</ele></rtept><rtept lat="57.550477" lon="12.456038"><ele>102.0</ele></rtept><rtept lat="57.55045" lon="12.456027"><ele>102.2</ele></rtept><rtept lat="57.550425" lon="12.456007"><ele>102.0</ele></rtept><rtept lat="57.550405" lon="12.455983"><ele>101.8</ele></rtept><rtept lat="57.550387" lon="12.455928"><ele>102.2</ele></rtept><rtept lat="57.550373" lon="12.455863"><ele>102.2</ele></rtept><rtept lat="57.550367" lon="12.455825"><ele>102.4</ele></rtept><rtept lat="57.550348" lon="12.455768"><ele>102.2</ele></rtept><rtept lat="57.550335" lon="12.455737"><ele>102.6</ele></rtept><rtept lat="57.550317" lon="12.455685"><ele>102.4</ele></rtept><rtept lat="57.550297" lon="12.455643"><ele>102.8</ele></rtept><rtept lat="57.55029" lon="12.455612"><ele>102.8</ele></rtept><rtept lat="57.550278" lon="12.455585"><ele>103.2</ele></rtept><rtept lat="57.550272" lon="12.455552"><ele>103.2</ele></rtept><rtept lat="57.550265" lon="12.455518"><ele>103.2</ele></rtept><rtept lat="57.550252" lon="12.455482"><ele>104.0</ele></rtept><rtept lat="57.55024" lon="12.455452"><ele>104.0</ele></rtept><rtept lat="57.550227" lon="12.455412"><ele>104.0</ele></rtept><rtept lat="57.550213" lon="12.455353"><ele>104.6</ele></rtept><rtept lat="57.550188" lon="12.455302"><ele>105.4</ele></rtept><rtept lat="57.550168" lon="12.455272"><ele>105.4</ele></rtept><rtept lat="57.550157" lon="12.455232"><ele>105.8</ele></rtept><rtept lat="57.550137" lon="12.455195"><ele>105.6</ele></rtept><rtept lat="57.550123" lon="12.455167"><ele>105.6</ele></rtept><rtept lat="57.550105" lon="12.455135"><ele>106.0</ele></rtept><rtept lat="57.550092" lon="12.455103"><ele>105.8</ele></rtept><rtept lat="57.550073" lon="12.455075"><ele>105.4</ele></rtept><rtept lat="57.550053" lon="12.455017"><ele>105.4</ele></rtept><rtept lat="57.55004" lon="12.454983"><ele>105.2</ele></rtept><rtept lat="57.550022" lon="12.454948"><ele>105.6</ele></rtept><rtept lat="57.550008" lon="12.454915"><ele>105.4</ele></rtept><rtept lat="57.54999" lon="12.454887"><ele>105.2</ele></rtept><rtept lat="57.54997" lon="12.454858"><ele>105.6</ele></rtept><rtept lat="57.549952" lon="12.454825"><ele>105.6</ele></rtept><rtept lat="57.549938" lon="12.454792"><ele>105.2</ele></rtept><rtept lat="57.54992" lon="12.454755"><ele>105.8</ele></rtept><rtept lat="57.5499" lon="12.454718"><ele>105.6</ele></rtept><rtept lat="57.549887" lon="12.454687"><ele>105.4</ele></rtept><rtept lat="57.549875" lon="12.454653"><ele>106.0</ele></rtept><rtept lat="57.549868" lon="12.454613"><ele>105.6</ele></rtept><rtept lat="57.549855" lon="12.454572"><ele>105.4</ele></rtept><rtept lat="57.549848" lon="12.454522"><ele>105.8</ele></rtept><rtept lat="57.549837" lon="12.454483"><ele>105.6</ele></rtept><rtept lat="57.549817" lon="12.454445"><ele>105.4</ele></rtept><rtept lat="57.549798" lon="12.454408"><ele>105.8</ele></rtept><rtept lat="57.549772" lon="12.454373"><ele>105.6</ele></rtept><rtept lat="57.549753" lon="12.454338"><ele>105.6</ele></rtept><rtept lat="57.549733" lon="12.454293"><ele>106.2</ele></rtept><rtept lat="57.549715" lon="12.454252"><ele>106.0</ele></rtept><rtept lat="57.549695" lon="12.454223"><ele>105.8</ele></rtept><rtept lat="57.549677" lon="12.454195"><ele>106.2</ele></rtept><rtept lat="57.549657" lon="12.45417"><ele>106.0</ele></rtept><rtept lat="57.549638" lon="12.454145"><ele>106.0</ele></rtept><rtept lat="57.549612" lon="12.454125"><ele>106.4</ele></rtept><rtept lat="57.549593" lon="12.454105"><ele>106.2</ele></rtept><rtept lat="57.549567" lon="12.454085"><ele>106.0</ele></rtept><rtept lat="57.549542" lon="12.454065"><ele>106.6</ele></rtept><rtept lat="57.549517" lon="12.454018"><ele>106.2</ele></rtept><rtept lat="57.549497" lon="12.454"><ele>106.4</ele></rtept><rtept lat="57.549478" lon="12.45398"><ele>106.2</ele></rtept><rtept lat="57.549452" lon="12.45396"><ele>106.2</ele></rtept><rtept lat="57.549433" lon="12.453942"><ele>106.6</ele></rtept><rtept lat="57.549407" lon="12.453928"><ele>106.4</ele></rtept><rtept lat="57.549382" lon="12.453912"><ele>106.2</ele></rtept><rtept lat="57.549362" lon="12.45388"><ele>106.6</ele></rtept><rtept lat="57.549337" lon="12.453848"><ele>106.6</ele></rtept><rtept lat="57.549318" lon="12.453827"><ele>106.4</ele></rtept><rtept lat="57.549292" lon="12.453798"><ele>106.8</ele></rtept><rtept lat="57.54926" lon="12.45377"><ele>106.4</ele></rtept><rtept lat="57.54924" lon="12.453748"><ele>106.0</ele></rtept><rtept lat="57.549215" lon="12.45373"><ele>106.4</ele></rtept><rtept lat="57.54919" lon="12.453718"><ele>106.2</ele></rtept><rtept lat="57.549163" lon="12.453698"><ele>106.0</ele></rtept><rtept lat="57.549145" lon="12.453668"><ele>106.2</ele></rtept><rtept lat="57.549125" lon="12.45365"><ele>105.8</ele></rtept><rtept lat="57.5491" lon="12.45363"><ele>105.8</ele></rtept><rtept lat="57.54908" lon="12.453603"><ele>105.8</ele></rtept><rtept lat="57.549062" lon="12.453577"><ele>105.4</ele></rtept><rtept lat="57.549037" lon="12.453555"><ele>105.6</ele></rtept><rtept lat="57.549017" lon="12.45353"><ele>105.6</ele></rtept><rtept lat="57.548992" lon="12.45351"><ele>105.2</ele></rtept><rtept lat="57.548965" lon="12.453495"><ele>105.6</ele></rtept><rtept lat="57.54894" lon="12.453467"><ele>105.2</ele></rtept><rtept lat="57.54892" lon="12.453445"><ele>105.0</ele></rtept><rtept lat="57.548895" lon="12.45342"><ele>105.4</ele></rtept><rtept lat="57.54887" lon="12.453398"><ele>105.0</ele></rtept><rtept lat="57.548843" lon="12.45338"><ele>104.6</ele></rtept><rtept lat="57.548818" lon="12.453357"><ele>105.0</ele></rtept><rtept lat="57.548793" lon="12.45333"><ele>104.8</ele></rtept><rtept lat="57.548773" lon="12.453305"><ele>104.2</ele></rtept><rtept lat="57.548755" lon="12.453273"><ele>104.6</ele></rtept><rtept lat="57.548735" lon="12.453242"><ele>104.2</ele></rtept><rtept lat="57.548722" lon="12.453207"><ele>103.8</ele></rtept><rtept lat="57.548703" lon="12.45316"><ele>104.0</ele></rtept><rtept lat="57.548683" lon="12.45312"><ele>103.6</ele></rtept><rtept lat="57.548665" lon="12.453083"><ele>103.0</ele></rtept><rtept lat="57.548645" lon="12.453048"><ele>103.2</ele></rtept><rtept lat="57.54862" lon="12.45301"><ele>102.8</ele></rtept><rtept lat="57.548607" lon="12.45297"><ele>102.2</ele></rtept><rtept lat="57.548595" lon="12.45293"><ele>102.6</ele></rtept><rtept lat="57.548582" lon="12.452895"><ele>102.0</ele></rtept><rtept lat="57.548562" lon="12.452857"><ele>101.4</ele></rtept><rtept lat="57.548557" lon="12.452812"><ele>101.6</ele></rtept><rtept lat="57.54855" lon="12.452767"><ele>101.2</ele></rtept><rtept lat="57.54853" lon="12.452717"><ele>101.0</ele></rtept><rtept lat="57.548512" lon="12.452672"><ele>101.0</ele></rtept><rtept lat="57.548485" lon="12.452612"><ele>100.2</ele></rtept><rtept lat="57.54844" lon="12.452582"><ele>99.6</ele></rtept><rtept lat="57.548422" lon="12.452553"><ele>99.0</ele></rtept><rtept lat="57.548408" lon="12.452528"><ele>99.0</ele></rtept><rtept lat="57.54839" lon="12.452513"><ele>98.2</ele></rtept><rtept lat="57.54837" lon="12.452483"><ele>98.0</ele></rtept><rtept lat="57.548352" lon="12.452472"><ele>97.6</ele></rtept><rtept lat="57.548325" lon="12.452453"><ele>97.8</ele></rtept><rtept lat="57.548307" lon="12.452407"><ele>97.4</ele></rtept><rtept lat="57.548287" lon="12.45238"><ele>97.8</ele></rtept><rtept lat="57.548287" lon="12.452342"><ele>98.4</ele></rtept><rtept lat="57.54828" lon="12.452308"><ele>98.6</ele></rtept><rtept lat="57.548275" lon="12.452248"><ele>99.2</ele></rtept><rtept lat="57.548268" lon="12.452203"><ele>99.4</ele></rtept><rtept lat="57.548255" lon="12.452173"><ele>100.2</ele></rtept><rtept lat="57.548237" lon="12.452163"><ele>100.8</ele></rtept><rtept lat="57.548217" lon="12.452123"><ele>101.6</ele></rtept><rtept lat="57.548198" lon="12.452065"><ele>102.0</ele></rtept><rtept lat="57.548185" lon="12.452038"><ele>102.6</ele></rtept><rtept lat="57.548165" lon="12.452005"><ele>102.6</ele></rtept><rtept lat="57.548147" lon="12.451985"><ele>102.6</ele></rtept><rtept lat="57.54812" lon="12.451965"><ele>103.2</ele></rtept><rtept lat="57.548088" lon="12.45196"><ele>103.2</ele></rtept><rtept lat="57.548063" lon="12.451937"><ele>103.6</ele></rtept><rtept lat="57.548032" lon="12.451925"><ele>103.8</ele></rtept><rtept lat="57.548012" lon="12.451918"><ele>103.6</ele></rtept><rtept lat="57.547993" lon="12.451912"><ele>104.0</ele></rtept><rtept lat="57.547973" lon="12.451918"><ele>104.2</ele></rtept><rtept lat="57.54796" lon="12.451942"><ele>104.2</ele></rtept><rtept lat="57.547942" lon="12.451977"><ele>104.0</ele></rtept><rtept lat="57.547922" lon="12.451982"><ele>104.0</ele></rtept><rtept lat="57.547903" lon="12.45197"><ele>104.2</ele></rtept><rtept lat="57.547883" lon="12.451972"><ele>104.2</ele></rtept><rtept lat="57.547858" lon="12.451978"><ele>104.6</ele></rtept><rtept lat="57.547827" lon="12.451995"><ele>105.0</ele></rtept><rtept lat="57.5478" lon="12.452002"><ele>105.2</ele></rtept><rtept lat="57.547782" lon="12.452005"><ele>105.4</ele></rtept><rtept lat="57.547757" lon="12.45198"><ele>105.8</ele></rtept><rtept lat="57.547737" lon="12.45198"><ele>106.0</ele></rtept><rtept lat="57.547718" lon="12.451998"><ele>106.8</ele></rtept><rtept lat="57.547692" lon="12.452055"><ele>107.0</ele></rtept><rtept lat="57.54768" lon="12.452095"><ele>107.2</ele></rtept><rtept lat="57.547667" lon="12.452135"><ele>107.6</ele></rtept><rtept lat="57.547653" lon="12.45217"><ele>107.4</ele></rtept><rtept lat="57.54764" lon="12.452223"><ele>107.0</ele></rtept><rtept lat="57.547628" lon="12.452258"><ele>106.6</ele></rtept><rtept lat="57.547597" lon="12.452302"><ele>106.2</ele></rtept><rtept lat="57.547583" lon="12.452342"><ele>106.4</ele></rtept><rtept lat="57.547552" lon="12.452392"><ele>105.6</ele></rtept><rtept lat="57.547525" lon="12.452403"><ele>105.8</ele></rtept><rtept lat="57.547487" lon="12.452412"><ele>105.6</ele></rtept><rtept lat="57.547448" lon="12.452415"><ele>105.6</ele></rtept><rtept lat="57.547423" lon="12.452417"><ele>105.2</ele></rtept><rtept lat="57.547392" lon="12.452413"><ele>104.6</ele></rtept><rtept lat="57.547365" lon="12.452415"><ele>104.6</ele></rtept><rtept lat="57.547333" lon="12.452418"><ele>104.2</ele></rtept><rtept lat="57.547295" lon="12.45242"><ele>103.6</ele></rtept><rtept lat="57.54727" lon="12.45242"><ele>103.6</ele></rtept><rtept lat="57.547243" lon="12.452408"><ele>103.0</ele></rtept><rtept lat="57.547218" lon="12.452395"><ele>103.0</ele></rtept><rtept lat="57.5472" lon="12.45238"><ele>102.6</ele></rtept><rtept lat="57.54718" lon="12.452363"><ele>102.0</ele></rtept><rtept lat="57.547135" lon="12.45235"><ele>101.8</ele></rtept><rtept lat="57.54711" lon="12.452348"><ele>102.2</ele></rtept><rtept lat="57.54709" lon="12.452338"><ele>101.8</ele></rtept><rtept lat="57.547058" lon="12.452322"><ele>101.6</ele></rtept><rtept lat="57.54704" lon="12.45231"><ele>102.0</ele></rtept><rtept lat="57.547013" lon="12.452298"><ele>101.8</ele></rtept><rtept lat="57.546995" lon="12.452293"><ele>101.4</ele></rtept><rtept lat="57.546962" lon="12.452288"><ele>101.6</ele></rtept><rtept lat="57.546943" lon="12.452288"><ele>101.4</ele></rtept><rtept lat="57.546918" lon="12.452283"><ele>101.4</ele></rtept><rtept lat="57.54688" lon="12.4523"><ele>101.8</ele></rtept><rtept lat="57.546853" lon="12.452318"><ele>101.6</ele></rtept><rtept lat="57.546822" lon="12.452335"><ele>101.4</ele></rtept><rtept lat="57.546783" lon="12.452347"><ele>101.8</ele></rtept><rtept lat="57.546758" lon="12.452358"><ele>101.4</ele></rtept><rtept lat="57.546732" lon="12.452368"><ele>101.2</ele></rtept><rtept lat="57.546713" lon="12.452383"><ele>100.8</ele></rtept><rtept lat="57.546693" lon="12.452402"><ele>100.4</ele></rtept><rtept lat="57.546675" lon="12.452407"><ele>100.6</ele></rtept><rtept lat="57.546655" lon="12.452408"><ele>100.6</ele></rtept><rtept lat="57.546623" lon="12.452415"><ele>101.0</ele></rtept><rtept lat="57.546598" lon="12.452432"><ele>101.2</ele></rtept><rtept lat="57.54656" lon="12.452467"><ele>101.6</ele></rtept><rtept lat="57.54652" lon="12.452488"><ele>101.6</ele></rtept><rtept lat="57.546495" lon="12.4525"><ele>101.4</ele></rtept><rtept lat="57.546477" lon="12.452507"><ele>102.0</ele></rtept><rtept lat="57.546443" lon="12.45252"><ele>102.6</ele></rtept><rtept lat="57.546412" lon="12.45254"><ele>102.6</ele></rtept><rtept lat="57.546387" lon="12.45256"><ele>102.6</ele></rtept><rtept lat="57.54636" lon="12.45258"><ele>103.2</ele></rtept><rtept lat="57.546335" lon="12.452598"><ele>103.2</ele></rtept><rtept lat="57.546317" lon="12.452612"><ele>103.4</ele></rtept><rtept lat="57.546297" lon="12.452618"><ele>103.4</ele></rtept><rtept lat="57.546265" lon="12.452618"><ele>103.2</ele></rtept><rtept lat="57.546238" lon="12.452617"><ele>103.6</ele></rtept><rtept lat="57.546213" lon="12.452612"><ele>103.6</ele></rtept><rtept lat="57.546195" lon="12.452605"><ele>103.2</ele></rtept><rtept lat="57.546162" lon="12.452607"><ele>103.6</ele></rtept><rtept lat="57.546137" lon="12.452605"><ele>103.4</ele></rtept><rtept lat="57.546105" lon="12.452605"><ele>103.4</ele></rtept><rtept lat="57.54608" lon="12.4526"><ele>104.0</ele></rtept><rtept lat="57.546053" lon="12.452597"><ele>103.8</ele></rtept><rtept lat="57.546022" lon="12.452593"><ele>103.4</ele></rtept><rtept lat="57.546002" lon="12.452592"><ele>103.8</ele></rtept><rtept lat="57.545977" lon="12.4526"><ele>103.4</ele></rtept><rtept lat="57.545945" lon="12.452607"><ele>103.4</ele></rtept><rtept lat="57.54592" lon="12.45261"><ele>103.6</ele></rtept><rtept lat="57.545893" lon="12.452607"><ele>103.2</ele></rtept><rtept lat="57.545862" lon="12.452612"><ele>103.2</ele></rtept><rtept lat="57.545842" lon="12.452605"><ele>103.2</ele></rtept><rtept lat="57.545817" lon="12.452602"><ele>103.0</ele></rtept><rtept lat="57.545798" lon="12.4526"><ele>103.2</ele></rtept><rtept lat="57.545772" lon="12.452605"><ele>102.8</ele></rtept><rtept lat="57.545753" lon="12.452618"><ele>102.4</ele></rtept><rtept lat="57.545727" lon="12.452642"><ele>102.6</ele></rtept><rtept lat="57.545708" lon="12.452665"><ele>102.2</ele></rtept><rtept lat="57.54567" lon="12.452695"><ele>102.4</ele></rtept><rtept lat="57.545643" lon="12.452705"><ele>102.0</ele></rtept><rtept lat="57.545625" lon="12.45272"><ele>102.2</ele></rtept><rtept lat="57.5456" lon="12.452735"><ele>102.0</ele></rtept><rtept lat="57.54558" lon="12.452752"><ele>101.6</ele></rtept><rtept lat="57.545548" lon="12.452772"><ele>102.0</ele></rtept><rtept lat="57.545528" lon="12.45279"><ele>101.6</ele></rtept><rtept lat="57.545503" lon="12.452803"><ele>101.4</ele></rtept><rtept lat="57.545478" lon="12.452817"><ele>101.6</ele></rtept><rtept lat="57.545445" lon="12.45283"><ele>101.2</ele></rtept><rtept lat="57.54542" lon="12.452843"><ele>101.4</ele></rtept><rtept lat="57.545388" lon="12.452843"><ele>101.6</ele></rtept><rtept lat="57.545368" lon="12.452843"><ele>101.2</ele></rtept><rtept lat="57.54535" lon="12.452843"><ele>101.6</ele></rtept><rtept lat="57.54533" lon="12.452835"><ele>101.4</ele></rtept><rtept lat="57.545292" lon="12.452825"><ele>101.2</ele></rtept><rtept lat="57.545267" lon="12.45282"><ele>101.6</ele></rtept><rtept lat="57.545228" lon="12.452823"><ele>101.4</ele></rtept><rtept lat="57.545202" lon="12.452817"><ele>101.8</ele></rtept><rtept lat="57.545183" lon="12.452795"><ele>101.4</ele></rtept><rtept lat="57.545152" lon="12.45277"><ele>101.2</ele></rtept><rtept lat="57.545132" lon="12.452738"><ele>101.8</ele></rtept><rtept lat="57.54512" lon="12.452705"><ele>101.4</ele></rtept><rtept lat="57.545093" lon="12.452682"><ele>101.8</ele></rtept><rtept lat="57.54508" lon="12.452652"><ele>101.8</ele></rtept><rtept lat="57.545068" lon="12.452625"><ele>101.2</ele></rtept><rtept lat="57.545048" lon="12.452605"><ele>101.6</ele></rtept><rtept lat="57.54503" lon="12.452587"><ele>101.2</ele></rtept><rtept lat="57.54501" lon="12.452562"><ele>100.8</ele></rtept><rtept lat="57.544998" lon="12.452532"><ele>101.2</ele></rtept><rtept lat="57.544985" lon="12.452498"><ele>100.6</ele></rtept><rtept lat="57.544972" lon="12.452472"><ele>100.4</ele></rtept><rtept lat="57.54496" lon="12.452447"><ele>100.4</ele></rtept><rtept lat="57.54494" lon="12.452432"><ele>100.0</ele></rtept><rtept lat="57.54492" lon="12.452415"><ele>99.6</ele></rtept><rtept lat="57.544877" lon="12.452388"><ele>99.0</ele></rtept><rtept lat="57.54485" lon="12.45238"><ele>98.4</ele></rtept><rtept lat="57.544832" lon="12.452362"><ele>98.6</ele></rtept><rtept lat="57.544812" lon="12.452343"><ele>97.8</ele></rtept><rtept lat="57.544787" lon="12.452333"><ele>97.2</ele></rtept><rtept lat="57.544755" lon="12.452298"><ele>96.8</ele></rtept><rtept lat="57.544735" lon="12.452278"><ele>96.6</ele></rtept><rtept lat="57.54471" lon="12.452243"><ele>96.0</ele></rtept><rtept lat="57.544672" lon="12.45224"><ele>95.2</ele></rtept><rtept lat="57.544652" lon="12.45222"><ele>95.0</ele></rtept><rtept lat="57.544627" lon="12.452203"><ele>94.4</ele></rtept><rtept lat="57.544607" lon="12.452193"><ele>94.0</ele></rtept><rtept lat="57.544588" lon="12.45218"><ele>94.0</ele></rtept><rtept lat="57.544557" lon="12.452175"><ele>93.2</ele></rtept><rtept lat="57.544537" lon="12.452177"><ele>93.0</ele></rtept><rtept lat="57.544512" lon="12.45219"><ele>92.6</ele></rtept><rtept lat="57.54448" lon="12.452205"><ele>92.0</ele></rtept><rtept lat="57.544453" lon="12.45221"><ele>91.8</ele></rtept><rtept lat="57.544415" lon="12.45221"><ele>91.4</ele></rtept><rtept lat="57.544383" lon="12.452223"><ele>90.8</ele></rtept><rtept lat="57.544358" lon="12.45223"><ele>90.6</ele></rtept><rtept lat="57.544325" lon="12.452238"><ele>90.2</ele></rtept><rtept lat="57.5443" lon="12.452248"><ele>89.8</ele></rtept><rtept lat="57.544262" lon="12.452275"><ele>89.6</ele></rtept><rtept lat="57.544242" lon="12.452282"><ele>89.0</ele></rtept><rtept lat="57.544223" lon="12.452288"><ele>89.2</ele></rtept><rtept lat="57.544192" lon="12.452322"><ele>88.2</ele></rtept><rtept lat="57.544172" lon="12.452348"><ele>88.4</ele></rtept><rtept lat="57.544153" lon="12.45237"><ele>88.0</ele></rtept><rtept lat="57.544127" lon="12.452392"><ele>88.0</ele></rtept><rtept lat="57.544102" lon="12.452398"><ele>88.0</ele></rtept><rtept lat="57.544077" lon="12.452407"><ele>87.8</ele></rtept><rtept lat="57.54405" lon="12.452408"><ele>88.0</ele></rtept><rtept lat="57.544012" lon="12.452388"><ele>87.6</ele></rtept><rtept lat="57.543993" lon="12.452362"><ele>87.2</ele></rtept><rtept lat="57.543973" lon="12.452322"><ele>87.8</ele></rtept><rtept lat="57.54396" lon="12.452275"><ele>87.2</ele></rtept><rtept lat="57.54396" lon="12.45224"><ele>86.8</ele></rtept><rtept lat="57.543967" lon="12.452195"><ele>87.0</ele></rtept><rtept lat="57.543973" lon="12.452153"><ele>86.8</ele></rtept><rtept lat="57.543987" lon="12.452117"><ele>86.6</ele></rtept><rtept lat="57.543993" lon="12.452072"><ele>86.8</ele></rtept><rtept lat="57.543993" lon="12.452027"><ele>86.4</ele></rtept><rtept lat="57.543993" lon="12.451987"><ele>86.2</ele></rtept><rtept lat="57.544005" lon="12.451958"><ele>86.8</ele></rtept><rtept lat="57.544012" lon="12.451925"><ele>86.4</ele></rtept><rtept lat="57.544018" lon="12.45188"><ele>86.2</ele></rtept><rtept lat="57.544018" lon="12.451833"><ele>86.4</ele></rtept><rtept lat="57.544012" lon="12.451777"><ele>86.2</ele></rtept><rtept lat="57.544012" lon="12.45172"><ele>86.4</ele></rtept><rtept lat="57.544018" lon="12.451675"><ele>86.4</ele></rtept><rtept lat="57.544018" lon="12.45164"><ele>86.2</ele></rtept><rtept lat="57.544025" lon="12.451602"><ele>86.6</ele></rtept><rtept lat="57.544032" lon="12.451568"><ele>86.2</ele></rtept><rtept lat="57.544043" lon="12.451513"><ele>85.6</ele></rtept><rtept lat="57.544057" lon="12.451468"><ele>86.0</ele></rtept><rtept lat="57.544057" lon="12.45142"><ele>85.6</ele></rtept><rtept lat="57.544057" lon="12.45137"><ele>85.8</ele></rtept><rtept lat="57.54407" lon="12.451327"><ele>85.8</ele></rtept><rtept lat="57.544082" lon="12.45129"><ele>85.6</ele></rtept><rtept lat="57.544095" lon="12.451255"><ele>86.0</ele></rtept><rtept lat="57.544115" lon="12.451222"><ele>85.8</ele></rtept><rtept lat="57.544133" lon="12.451197"><ele>85.6</ele></rtept><rtept lat="57.544147" lon="12.451162"><ele>86.0</ele></rtept><rtept lat="57.544165" lon="12.451137"><ele>85.8</ele></rtept><rtept lat="57.544185" lon="12.451092"><ele>86.0</ele></rtept><rtept lat="57.54421" lon="12.451047"><ele>86.0</ele></rtept><rtept lat="57.54423" lon="12.451018"><ele>86.0</ele></rtept><rtept lat="57.544248" lon="12.450955"><ele>86.2</ele></rtept><rtept lat="57.544262" lon="12.450915"><ele>86.6</ele></rtept><rtept lat="57.544275" lon="12.450883"><ele>86.4</ele></rtept><rtept lat="57.544293" lon="12.45085"><ele>86.2</ele></rtept><rtept lat="57.544313" lon="12.450817"><ele>86.8</ele></rtept><rtept lat="57.544325" lon="12.45079"><ele>86.4</ele></rtept><rtept lat="57.544338" lon="12.45074"><ele>86.6</ele></rtept><rtept lat="57.544352" lon="12.45071"><ele>86.4</ele></rtept><rtept lat="57.544363" lon="12.450672"><ele>87.0</ele></rtept><rtept lat="57.544377" lon="12.450635"><ele>86.8</ele></rtept><rtept lat="57.54439" lon="12.450605"><ele>87.2</ele></rtept><rtept lat="57.544402" lon="12.45058"><ele>87.0</ele></rtept><rtept lat="57.544422" lon="12.450552"><ele>86.8</ele></rtept><rtept lat="57.544447" lon="12.450522"><ele>87.2</ele></rtept><rtept lat="57.54446" lon="12.450487"><ele>87.0</ele></rtept><rtept lat="57.544473" lon="12.450447"><ele>87.2</ele></rtept><rtept lat="57.544485" lon="12.450398"><ele>87.2</ele></rtept><rtept lat="57.544498" lon="12.450358"><ele>87.2</ele></rtept><rtept lat="57.544505" lon="12.45032"><ele>87.4</ele></rtept><rtept lat="57.544512" lon="12.45028"><ele>87.8</ele></rtept><rtept lat="57.544518" lon="12.45023"><ele>88.2</ele></rtept><rtept lat="57.54453" lon="12.45017"><ele>88.0</ele></rtept><rtept lat="57.544537" lon="12.45011"><ele>88.4</ele></rtept><rtept lat="57.544562" lon="12.45004"><ele>88.6</ele></rtept><rtept lat="57.544582" lon="12.449958"><ele>88.6</ele></rtept><rtept lat="57.544595" lon="12.449867"><ele>89.0</ele></rtept><rtept lat="57.5446" lon="12.449787"><ele>89.0</ele></rtept><rtept lat="57.544595" lon="12.449753"><ele>88.8</ele></rtept><rtept lat="57.544595" lon="12.449712"><ele>89.4</ele></rtept><rtept lat="57.5446" lon="12.449647"><ele>89.2</ele></rtept><rtept lat="57.544627" lon="12.449592"><ele>89.4</ele></rtept><rtept lat="57.544645" lon="12.44953"><ele>89.8</ele></rtept><rtept lat="57.544672" lon="12.449473"><ele>89.8</ele></rtept><rtept lat="57.544703" lon="12.449433"><ele>90.0</ele></rtept><rtept lat="57.544735" lon="12.449395"><ele>90.2</ele></rtept><rtept lat="57.544748" lon="12.449363"><ele>90.0</ele></rtept><rtept lat="57.544755" lon="12.449325"><ele>90.4</ele></rtept><rtept lat="57.544748" lon="12.449282"><ele>90.6</ele></rtept><rtept lat="57.544755" lon="12.449212"><ele>90.6</ele></rtept><rtept lat="57.544773" lon="12.449187"><ele>90.8</ele></rtept><rtept lat="57.5448" lon="12.449177"><ele>91.2</ele></rtept><rtept lat="57.544825" lon="12.449195"><ele>90.8</ele></rtept><rtept lat="57.544857" lon="12.44922"><ele>90.6</ele></rtept><rtept lat="57.544877" lon="12.449247"><ele>91.0</ele></rtept><rtept lat="57.544902" lon="12.44926"><ele>90.8</ele></rtept><rtept lat="57.544933" lon="12.449285"><ele>90.6</ele></rtept><rtept lat="57.544972" lon="12.44932"><ele>90.8</ele></rtept><rtept lat="57.54501" lon="12.449343"><ele>90.6</ele></rtept><rtept lat="57.54503" lon="12.449357"><ele>90.2</ele></rtept><rtept lat="57.545055" lon="12.44937"><ele>90.6</ele></rtept><rtept lat="57.545075" lon="12.44939"><ele>90.2</ele></rtept><rtept lat="57.545093" lon="12.44941"><ele>90.0</ele></rtept><rtept lat="57.54512" lon="12.449435"><ele>90.4</ele></rtept><rtept lat="57.545145" lon="12.449455"><ele>90.2</ele></rtept><rtept lat="57.54517" lon="12.449473"><ele>90.2</ele></rtept><rtept lat="57.545197" lon="12.449495"><ele>90.4</ele></rtept><rtept lat="57.545228" lon="12.449505"><ele>90.2</ele></rtept><rtept lat="57.545273" lon="12.44948"><ele>90.6</ele></rtept><rtept lat="57.545323" lon="12.449438"><ele>90.6</ele></rtept><rtept lat="57.545368" lon="12.449423"><ele>90.6</ele></rtept><rtept lat="57.5454" lon="12.449443"><ele>91.0</ele></rtept><rtept lat="57.545413" lon="12.449468"><ele>91.0</ele></rtept><rtept lat="57.545445" lon="12.449438"><ele>90.6</ele></rtept><rtept lat="57.545465" lon="12.449395"><ele>91.2</ele></rtept><rtept lat="57.545497" lon="12.449363"><ele>91.2</ele></rtept><rtept lat="57.545542" lon="12.44935"><ele>92.2</ele></rtept><rtept lat="57.545573" lon="12.44932"><ele>92.8</ele></rtept><rtept lat="57.5456" lon="12.449297"><ele>92.6</ele></rtept><rtept lat="57.5456" lon="12.449262"><ele>93.2</ele></rtept><rtept lat="57.545618" lon="12.44922"><ele>94.0</ele></rtept><rtept lat="57.545643" lon="12.4492"><ele>94.2</ele></rtept><rtept lat="57.545663" lon="12.44918"><ele>94.8</ele></rtept><rtept lat="57.545682" lon="12.449132"><ele>94.8</ele></rtept><rtept lat="57.545702" lon="12.449105"><ele>95.6</ele></rtept><rtept lat="57.54572" lon="12.449078"><ele>95.6</ele></rtept><rtept lat="57.54574" lon="12.449052"><ele>96.0</ele></rtept><rtept lat="57.545753" lon="12.449027"><ele>96.4</ele></rtept><rtept lat="57.545765" lon="12.449002"><ele>96.4</ele></rtept><rtept lat="57.545785" lon="12.448983"><ele>97.0</ele></rtept><rtept lat="57.54581" lon="12.448938"><ele>97.2</ele></rtept><rtept lat="57.545823" lon="12.448902"><ele>97.8</ele></rtept><rtept lat="57.545842" lon="12.44888"><ele>98.0</ele></rtept><rtept lat="57.545862" lon="12.448858"><ele>97.8</ele></rtept><rtept lat="57.54588" lon="12.44884"><ele>98.2</ele></rtept><rtept lat="57.545893" lon="12.448815"><ele>98.2</ele></rtept><rtept lat="57.545907" lon="12.448783"><ele>98.2</ele></rtept><rtept lat="57.54592" lon="12.44875"><ele>98.6</ele></rtept><rtept lat="57.545932" lon="12.448718"><ele>98.2</ele></rtept><rtept lat="57.545945" lon="12.448685"><ele>98.0</ele></rtept><rtept lat="57.545958" lon="12.448657"><ele>98.0</ele></rtept><rtept lat="57.545977" lon="12.448623"><ele>98.0</ele></rtept><rtept lat="57.54599" lon="12.44859"><ele>97.4</ele></rtept><rtept lat="57.546008" lon="12.448563"><ele>97.0</ele></rtept><rtept lat="57.546035" lon="12.44852"><ele>96.2</ele></rtept><rtept lat="57.546053" lon="12.44849"><ele>95.8</ele></rtept><rtept lat="57.54608" lon="12.448465"><ele>95.4</ele></rtept><rtept lat="57.546105" lon="12.44844"><ele>94.6</ele></rtept><rtept lat="57.54613" lon="12.448417"><ele>94.6</ele></rtept><rtept lat="57.54615" lon="12.448387"><ele>94.0</ele></rtept><rtept lat="57.546175" lon="12.448357"><ele>93.6</ele></rtept><rtept lat="57.546195" lon="12.448332"><ele>93.6</ele></rtept><rtept lat="57.546213" lon="12.448273"><ele>92.8</ele></rtept><rtept lat="57.546227" lon="12.448238"><ele>92.6</ele></rtept><rtept lat="57.546238" lon="12.4482"><ele>92.4</ele></rtept><rtept lat="57.546252" lon="12.448158"><ele>92.0</ele></rtept><rtept lat="57.546272" lon="12.448093"><ele>92.0</ele></rtept><rtept lat="57.546297" lon="12.44804"><ele>91.6</ele></rtept><rtept lat="57.546317" lon="12.44801"><ele>91.2</ele></rtept><rtept lat="57.546342" lon="12.447975"><ele>91.2</ele></rtept><rtept lat="57.54636" lon="12.447937"><ele>90.6</ele></rtept><rtept lat="57.546387" lon="12.4479"><ele>90.0</ele></rtept><rtept lat="57.546405" lon="12.44787"><ele>90.0</ele></rtept><rtept lat="57.546438" lon="12.44783"><ele>89.4</ele></rtept><rtept lat="57.54645" lon="12.447785"><ele>88.8</ele></rtept><rtept lat="57.546463" lon="12.447737"><ele>89.0</ele></rtept><rtept lat="57.546477" lon="12.447687"><ele>88.4</ele></rtept><rtept lat="57.546495" lon="12.447648"><ele>88.6</ele></rtept><rtept lat="57.546508" lon="12.447603"><ele>88.4</ele></rtept><rtept lat="57.546527" lon="12.447548"><ele>88.2</ele></rtept><rtept lat="57.546547" lon="12.4475"><ele>88.4</ele></rtept><rtept lat="57.54656" lon="12.447448"><ele>88.0</ele></rtept><rtept lat="57.546572" lon="12.447398"><ele>88.0</ele></rtept><rtept lat="57.546585" lon="12.447355"><ele>88.0</ele></rtept><rtept lat="57.546592" lon="12.447318"><ele>87.6</ele></rtept><rtept lat="57.546598" lon="12.44728"><ele>87.8</ele></rtept><rtept lat="57.54661" lon="12.447248"><ele>87.6</ele></rtept><rtept lat="57.546623" lon="12.44721"><ele>87.2</ele></rtept><rtept lat="57.546637" lon="12.44716"><ele>87.4</ele></rtept><rtept lat="57.546648" lon="12.447115"><ele>87.0</ele></rtept><rtept lat="57.546655" lon="12.447072"><ele>86.8</ele></rtept><rtept lat="57.546662" lon="12.44702"><ele>86.8</ele></rtept><rtept lat="57.546668" lon="12.446985"><ele>86.6</ele></rtept><rtept lat="57.54668" lon="12.44694"><ele>87.0</ele></rtept><rtept lat="57.546693" lon="12.446908"><ele>87.0</ele></rtept><rtept lat="57.5467" lon="12.446873"><ele>86.6</ele></rtept><rtept lat="57.546713" lon="12.446833"><ele>87.2</ele></rtept><rtept lat="57.546713" lon="12.446792"><ele>86.8</ele></rtept><rtept lat="57.546707" lon="12.446735"><ele>87.0</ele></rtept><rtept lat="57.546707" lon="12.446693"><ele>87.0</ele></rtept><rtept lat="57.5467" lon="12.446643"><ele>86.8</ele></rtept><rtept lat="57.546693" lon="12.446598"><ele>87.2</ele></rtept><rtept lat="57.54668" lon="12.446563"><ele>87.2</ele></rtept><rtept lat="57.546668" lon="12.44653"><ele>86.8</ele></rtept><rtept lat="57.546655" lon="12.446503"><ele>87.4</ele></rtept><rtept lat="57.54663" lon="12.446463"><ele>87.2</ele></rtept><rtept lat="57.54661" lon="12.446432"><ele>87.6</ele></rtept><rtept lat="57.546592" lon="12.446397"><ele>87.8</ele></rtept><rtept lat="57.546572" lon="12.44637"><ele>87.8</ele></rtept><rtept lat="57.546553" lon="12.446342"><ele>88.0</ele></rtept><rtept lat="57.54654" lon="12.446315"><ele>88.2</ele></rtept><rtept lat="57.54652" lon="12.446287"><ele>88.4</ele></rtept><rtept lat="57.546502" lon="12.446262"><ele>88.8</ele></rtept><rtept lat="57.546488" lon="12.446228"><ele>89.4</ele></rtept><rtept lat="57.54647" lon="12.446193"><ele>89.8</ele></rtept><rtept lat="57.54645" lon="12.446158"><ele>90.4</ele></rtept><rtept lat="57.546425" lon="12.446138"><ele>90.8</ele></rtept><rtept lat="57.546412" lon="12.446113"><ele>91.0</ele></rtept><rtept lat="57.546393" lon="12.446082"><ele>91.8</ele></rtept><rtept lat="57.546373" lon="12.446053"><ele>92.0</ele></rtept><rtept lat="57.546335" lon="12.445998"><ele>92.4</ele></rtept><rtept lat="57.546317" lon="12.445965"><ele>92.8</ele></rtept><rtept lat="57.546297" lon="12.445945"><ele>93.4</ele></rtept><rtept lat="57.546278" lon="12.445897"><ele>94.0</ele></rtept><rtept lat="57.546265" lon="12.445833"><ele>94.2</ele></rtept><rtept lat="57.546258" lon="12.44576"><ele>94.6</ele></rtept><rtept lat="57.546265" lon="12.445722"><ele>94.8</ele></rtept><rtept lat="57.546265" lon="12.445658"><ele>94.8</ele></rtept><rtept lat="57.546265" lon="12.445598"><ele>95.0</ele></rtept><rtept lat="57.546278" lon="12.445547"><ele>95.2</ele></rtept><rtept lat="57.546283" lon="12.445488"><ele>95.6</ele></rtept><rtept lat="57.546297" lon="12.44546"><ele>95.8</ele></rtept><rtept lat="57.54631" lon="12.445437"><ele>95.8</ele></rtept><rtept lat="57.546335" lon="12.445398"><ele>96.4</ele></rtept><rtept lat="57.546373" lon="12.445382"><ele>96.8</ele></rtept><rtept lat="57.5464" lon="12.445375"><ele>97.0</ele></rtept><rtept lat="57.546418" lon="12.445372"><ele>97.2</ele></rtept><rtept lat="57.546438" lon="12.445367"><ele>97.6</ele></rtept><rtept lat="57.546463" lon="12.445368"><ele>98.2</ele></rtept><rtept lat="57.546482" lon="12.445363"><ele>98.6</ele></rtept><rtept lat="57.546502" lon="12.445362"><ele>98.4</ele></rtept><rtept lat="57.54652" lon="12.445362"><ele>98.8</ele></rtept><rtept lat="57.546547" lon="12.445358"><ele>98.8</ele></rtept><rtept lat="57.546565" lon="12.445358"><ele>98.6</ele></rtept><rtept lat="57.546585" lon="12.445362"><ele>99.0</ele></rtept><rtept lat="57.546617" lon="12.445362"><ele>98.8</ele></rtept><rtept lat="57.546637" lon="12.445353"><ele>98.6</ele></rtept><rtept lat="57.546662" lon="12.445335"><ele>99.2</ele></rtept><rtept lat="57.54668" lon="12.445302"><ele>99.2</ele></rtept><rtept lat="57.54668" lon="12.445258"><ele>99.0</ele></rtept><rtept lat="57.546668" lon="12.44523"><ele>99.2</ele></rtept><rtept lat="57.546655" lon="12.445203"><ele>99.2</ele></rtept><rtept lat="57.546623" lon="12.44517"><ele>99.4</ele></rtept><rtept lat="57.546603" lon="12.445135"><ele>99.2</ele></rtept><rtept lat="57.546592" lon="12.445103"><ele>98.8</ele></rtept><rtept lat="57.546578" lon="12.44506"><ele>99.4</ele></rtept><rtept lat="57.546572" lon="12.445018"><ele>99.4</ele></rtept><rtept lat="57.54656" lon="12.444975"><ele>99.8</ele></rtept><rtept lat="57.54656" lon="12.44492"><ele>99.6</ele></rtept><rtept lat="57.54656" lon="12.444865"><ele>99.6</ele></rtept><rtept lat="57.546572" lon="12.444828"><ele>99.8</ele></rtept><rtept lat="57.546578" lon="12.444787"><ele>99.8</ele></rtept><rtept lat="57.546592" lon="12.444758"><ele>100.4</ele></rtept><rtept lat="57.546603" lon="12.444713"><ele>100.4</ele></rtept><rtept lat="57.546623" lon="12.444672"><ele>100.2</ele></rtept><rtept lat="57.546637" lon="12.444635"><ele>100.6</ele></rtept><rtept lat="57.546655" lon="12.444588"><ele>100.2</ele></rtept><rtept lat="57.546662" lon="12.44453"><ele>99.8</ele></rtept><rtept lat="57.546662" lon="12.444483"><ele>100.0</ele></rtept><rtept lat="57.546662" lon="12.44444"><ele>99.8</ele></rtept><rtept lat="57.546668" lon="12.44439"><ele>99.8</ele></rtept><rtept lat="57.546662" lon="12.444327"><ele>99.8</ele></rtept><rtept lat="57.546662" lon="12.444272"><ele>99.6</ele></rtept><rtept lat="57.546648" lon="12.44422"><ele>99.8</ele></rtept><rtept lat="57.546648" lon="12.444185"><ele>99.8</ele></rtept><rtept lat="57.546648" lon="12.444132"><ele>99.4</ele></rtept><rtept lat="57.546642" lon="12.444087"><ele>99.4</ele></rtept><rtept lat="57.546617" lon="12.444012"><ele>99.0</ele></rtept><rtept lat="57.546598" lon="12.443975"><ele>99.2</ele></rtept><rtept lat="57.546572" lon="12.44393"><ele>99.0</ele></rtept><rtept lat="57.54656" lon="12.443895"><ele>99.2</ele></rtept><rtept lat="57.54654" lon="12.44385"><ele>99.0</ele></rtept><rtept lat="57.546527" lon="12.44381"><ele>98.2</ele></rtept><rtept lat="57.546515" lon="12.443773"><ele>98.4</ele></rtept><rtept lat="57.546502" lon="12.443743"><ele>98.2</ele></rtept><rtept lat="57.546488" lon="12.443703"><ele>98.6</ele></rtept><rtept lat="57.546477" lon="12.443658"><ele>98.4</ele></rtept><rtept lat="57.546463" lon="12.443625"><ele>98.2</ele></rtept><rtept lat="57.546443" lon="12.44359"><ele>98.6</ele></rtept><rtept lat="57.546425" lon="12.44355"><ele>98.4</ele></rtept><rtept lat="57.546405" lon="12.443517"><ele>98.2</ele></rtept><rtept lat="57.546393" lon="12.44348"><ele>98.4</ele></rtept><rtept lat="57.546373" lon="12.443447"><ele>98.4</ele></rtept><rtept lat="57.54636" lon="12.443407"><ele>98.8</ele></rtept><rtept lat="57.546348" lon="12.443368"><ele>98.6</ele></rtept><rtept lat="57.546328" lon="12.443333"><ele>98.4</ele></rtept><rtept lat="57.546303" lon="12.443288"><ele>98.6</ele></rtept><rtept lat="57.546283" lon="12.443242"><ele>98.2</ele></rtept><rtept lat="57.546265" lon="12.443195"><ele>98.4</ele></rtept><rtept lat="57.546238" lon="12.44316"><ele>98.2</ele></rtept><rtept lat="57.54622" lon="12.443113"><ele>97.8</ele></rtept><rtept lat="57.5462" lon="12.44306"><ele>98.2</ele></rtept><rtept lat="57.546182" lon="12.443015"><ele>97.4</ele></rtept><rtept lat="57.546157" lon="12.442965"><ele>96.8</ele></rtept><rtept lat="57.546137" lon="12.442922"><ele>97.2</ele></rtept><rtept lat="57.546105" lon="12.442862"><ele>96.8</ele></rtept><rtept lat="57.54608" lon="12.442818"><ele>96.6</ele></rtept><rtept lat="57.54606" lon="12.442785"><ele>96.6</ele></rtept><rtept lat="57.54604" lon="12.442757"><ele>96.2</ele></rtept><rtept lat="57.546022" lon="12.442738"><ele>96.4</ele></rtept><rtept lat="57.546002" lon="12.442723"><ele>95.8</ele></rtept><rtept lat="57.545977" lon="12.4427"><ele>94.8</ele></rtept><rtept lat="57.545945" lon="12.442688"><ele>94.2</ele></rtept><rtept lat="57.545925" lon="12.442683"><ele>94.6</ele></rtept><rtept lat="57.545907" lon="12.44268"><ele>94.0</ele></rtept><rtept lat="57.54588" lon="12.442653"><ele>93.6</ele></rtept><rtept lat="57.545862" lon="12.442632"><ele>93.8</ele></rtept><rtept lat="57.54583" lon="12.442632"><ele>94.0</ele></rtept><rtept lat="57.545798" lon="12.442632"><ele>93.8</ele></rtept><rtept lat="57.545765" lon="12.44262"><ele>94.2</ele></rtept><rtept lat="57.545733" lon="12.442593"><ele>94.2</ele></rtept><rtept lat="57.545708" lon="12.442573"><ele>95.2</ele></rtept><rtept lat="57.545682" lon="12.442548"><ele>95.4</ele></rtept><rtept lat="57.545663" lon="12.442515"><ele>95.4</ele></rtept><rtept lat="57.545643" lon="12.442483"><ele>95.8</ele></rtept><rtept lat="57.545625" lon="12.442448"><ele>95.6</ele></rtept><rtept lat="57.545605" lon="12.4424"><ele>95.4</ele></rtept><rtept lat="57.5456" lon="12.442363"><ele>95.8</ele></rtept><rtept lat="57.545587" lon="12.442315"><ele>95.6</ele></rtept><rtept lat="57.54558" lon="12.442272"><ele>95.2</ele></rtept><rtept lat="57.54558" lon="12.442232"><ele>95.4</ele></rtept><rtept lat="57.54558" lon="12.442185"><ele>94.8</ele></rtept><rtept lat="57.545587" lon="12.442135"><ele>94.4</ele></rtept><rtept lat="57.5456" lon="12.442078"><ele>94.4</ele></rtept><rtept lat="57.545605" lon="12.442018"><ele>93.6</ele></rtept><rtept lat="57.545625" lon="12.44196"><ele>93.0</ele></rtept><rtept lat="57.545643" lon="12.441913"><ele>93.0</ele></rtept><rtept lat="57.54567" lon="12.441867"><ele>92.2</ele></rtept><rtept lat="57.545688" lon="12.441828"><ele>91.6</ele></rtept><rtept lat="57.545702" lon="12.441795"><ele>91.0</ele></rtept><rtept lat="57.545727" lon="12.441743"><ele>90.4</ele></rtept><rtept lat="57.545747" lon="12.441718"><ele>90.4</ele></rtept><rtept lat="57.54576" lon="12.441675"><ele>90.0</ele></rtept><rtept lat="57.54576" lon="12.441617"><ele>89.6</ele></rtept><rtept lat="57.54574" lon="12.441597"><ele>89.2</ele></rtept><rtept lat="57.54572" lon="12.441557"><ele>89.0</ele></rtept><rtept lat="57.545688" lon="12.441512"><ele>89.2</ele></rtept><rtept lat="57.54567" lon="12.441475"><ele>88.6</ele></rtept><rtept lat="57.545643" lon="12.44144"><ele>88.8</ele></rtept><rtept lat="57.545625" lon="12.44141"><ele>88.4</ele></rtept><rtept lat="57.5456" lon="12.44137"><ele>88.0</ele></rtept><rtept lat="57.54558" lon="12.44134"><ele>88.2</ele></rtept><rtept lat="57.54556" lon="12.441313"><ele>87.8</ele></rtept><rtept lat="57.545548" lon="12.441287"><ele>87.4</ele></rtept><rtept lat="57.545522" lon="12.44124"><ele>87.6</ele></rtept><rtept lat="57.545503" lon="12.441203"><ele>87.2</ele></rtept><rtept lat="57.545478" lon="12.441172"><ele>87.0</ele></rtept><rtept lat="57.545452" lon="12.441142"><ele>87.0</ele></rtept><rtept lat="57.54544" lon="12.441103"><ele>86.6</ele></rtept><rtept lat="57.54542" lon="12.441065"><ele>86.2</ele></rtept><rtept lat="57.5454" lon="12.441023"><ele>86.4</ele></rtept><rtept lat="57.545382" lon="12.440985"><ele>86.0</ele></rtept><rtept lat="57.545368" lon="12.440943"><ele>85.4</ele></rtept><rtept lat="57.54535" lon="12.440897"><ele>85.6</ele></rtept><rtept lat="57.545337" lon="12.440872"><ele>85.0</ele></rtept><rtept lat="57.545318" lon="12.440837"><ele>84.6</ele></rtept><rtept lat="57.545298" lon="12.440802"><ele>84.8</ele></rtept><rtept lat="57.545273" lon="12.44077"><ele>84.2</ele></rtept><rtept lat="57.54526" lon="12.44074"><ele>83.8</ele></rtept><rtept lat="57.545235" lon="12.4407"><ele>83.6</ele></rtept><rtept lat="57.545215" lon="12.44066"><ele>83.2</ele></rtept><rtept lat="57.545183" lon="12.440627"><ele>82.6</ele></rtept><rtept lat="57.545163" lon="12.4406"><ele>82.6</ele></rtept><rtept lat="57.545132" lon="12.440567"><ele>82.0</ele></rtept><rtept lat="57.545107" lon="12.440518"><ele>81.4</ele></rtept><rtept lat="57.545087" lon="12.440487"><ele>81.4</ele></rtept><rtept lat="57.545068" lon="12.440452"><ele>80.6</ele></rtept><rtept lat="57.545048" lon="12.440415"><ele>80.0</ele></rtept><rtept lat="57.54503" lon="12.440368"><ele>80.0</ele></rtept><rtept lat="57.54501" lon="12.44032"><ele>79.2</ele></rtept><rtept lat="57.544985" lon="12.440285"><ele>78.6</ele></rtept><rtept lat="57.544965" lon="12.44026"><ele>78.6</ele></rtept><rtept lat="57.54494" lon="12.440223"><ele>77.6</ele></rtept><rtept lat="57.544908" lon="12.44018"><ele>77.6</ele></rtept><rtept lat="57.544877" lon="12.44015"><ele>77.0</ele></rtept><rtept lat="57.544863" lon="12.440115"><ele>76.6</ele></rtept><rtept lat="57.544838" lon="12.440072"><ele>76.8</ele></rtept><rtept lat="57.544818" lon="12.440027"><ele>76.4</ele></rtept><rtept lat="57.544805" lon="12.43998"><ele>75.6</ele></rtept><rtept lat="57.54478" lon="12.439948"><ele>76.0</ele></rtept><rtept lat="57.544735" lon="12.439908"><ele>75.2</ele></rtept><rtept lat="57.54471" lon="12.43988"><ele>75.4</ele></rtept><rtept lat="57.54469" lon="12.43984"><ele>74.8</ele></rtept><rtept lat="57.544672" lon="12.4398"><ele>75.0</ele></rtept><rtept lat="57.544652" lon="12.439758"><ele>74.6</ele></rtept><rtept lat="57.544633" lon="12.439722"><ele>74.0</ele></rtept><rtept lat="57.544607" lon="12.439678"><ele>74.2</ele></rtept><rtept lat="57.544588" lon="12.439648"><ele>73.8</ele></rtept><rtept lat="57.544562" lon="12.439605"><ele>73.8</ele></rtept><rtept lat="57.544537" lon="12.43956"><ele>73.8</ele></rtept><rtept lat="57.544512" lon="12.439505"><ele>73.4</ele></rtept><rtept lat="57.544498" lon="12.43947"><ele>74.0</ele></rtept><rtept lat="57.544473" lon="12.439437"><ele>73.4</ele></rtept><rtept lat="57.544453" lon="12.439398"><ele>73.2</ele></rtept><rtept lat="57.544435" lon="12.439358"><ele>73.4</ele></rtept><rtept lat="57.544415" lon="12.43932"><ele>73.2</ele></rtept><rtept lat="57.54439" lon="12.439277"><ele>73.6</ele></rtept><rtept lat="57.54437" lon="12.43924"><ele>73.4</ele></rtept><rtept lat="57.544338" lon="12.439203"><ele>72.8</ele></rtept><rtept lat="57.54432" lon="12.439167"><ele>73.4</ele></rtept><rtept lat="57.5443" lon="12.43912"><ele>73.0</ele></rtept><rtept lat="57.544293" lon="12.439062"><ele>73.2</ele></rtept><rtept lat="57.544293" lon="12.438995"><ele>73.0</ele></rtept><rtept lat="57.5443" lon="12.438948"><ele>72.8</ele></rtept><rtept lat="57.544313" lon="12.438903"><ele>73.2</ele></rtept><rtept lat="57.544325" lon="12.43887"><ele>73.0</ele></rtept><rtept lat="57.544352" lon="12.438815"><ele>73.6</ele></rtept><rtept lat="57.54437" lon="12.438755"><ele>73.6</ele></rtept><rtept lat="57.54439" lon="12.438707"><ele>73.4</ele></rtept><rtept lat="57.544408" lon="12.43866"><ele>74.0</ele></rtept><rtept lat="57.544428" lon="12.438617"><ele>73.8</ele></rtept><rtept lat="57.544447" lon="12.438582"><ele>73.8</ele></rtept><rtept lat="57.54446" lon="12.438547"><ele>74.2</ele></rtept><rtept lat="57.544473" lon="12.438522"><ele>74.2</ele></rtept><rtept lat="57.54448" lon="12.438482"><ele>74.6</ele></rtept><rtept lat="57.54446" lon="12.438442"><ele>75.4</ele></rtept><rtept lat="57.544447" lon="12.438413"><ele>75.2</ele></rtept><rtept lat="57.544435" lon="12.438348"><ele>75.4</ele></rtept><rtept lat="57.544428" lon="12.438313"><ele>75.2</ele></rtept><rtept lat="57.544415" lon="12.438285"><ele>75.8</ele></rtept><rtept lat="57.544402" lon="12.43825"><ele>75.8</ele></rtept><rtept lat="57.544397" lon="12.43821"><ele>76.2</ele></rtept><rtept lat="57.54439" lon="12.43817"><ele>76.4</ele></rtept><rtept lat="57.544383" lon="12.43813"><ele>76.6</ele></rtept><rtept lat="57.544377" lon="12.438097"><ele>77.0</ele></rtept><rtept lat="57.544363" lon="12.438032"><ele>77.0</ele></rtept><rtept lat="57.544358" lon="12.437985"><ele>77.4</ele></rtept><rtept lat="57.544345" lon="12.437945"><ele>77.4</ele></rtept><rtept lat="57.544338" lon="12.437912"><ele>78.0</ele></rtept><rtept lat="57.544313" lon="12.437853"><ele>77.8</ele></rtept><rtept lat="57.54428" lon="12.437827"><ele>79.0</ele></rtept><rtept lat="57.544262" lon="12.437807"><ele>80.0</ele></rtept><rtept lat="57.54423" lon="12.437768"><ele>80.0</ele></rtept><rtept lat="57.544198" lon="12.437738"><ele>80.8</ele></rtept><rtept lat="57.544185" lon="12.437713"><ele>81.4</ele></rtept><rtept lat="57.544172" lon="12.43768"><ele>81.6</ele></rtept><rtept lat="57.544153" lon="12.43766"><ele>81.6</ele></rtept><rtept lat="57.544133" lon="12.437635"><ele>82.4</ele></rtept><rtept lat="57.544115" lon="12.437618"><ele>82.2</ele></rtept><rtept lat="57.544088" lon="12.437598"><ele>81.8</ele></rtept><rtept lat="57.544063" lon="12.437583"><ele>82.6</ele></rtept><rtept lat="57.544038" lon="12.43757"><ele>82.4</ele></rtept><rtept lat="57.544018" lon="12.437555"><ele>82.0</ele></rtept><rtept lat="57.543993" lon="12.43754"><ele>82.4</ele></rtept><rtept lat="57.543967" lon="12.437533"><ele>82.2</ele></rtept><rtept lat="57.543935" lon="12.43752"><ele>82.0</ele></rtept><rtept lat="57.54391" lon="12.437508"><ele>82.4</ele></rtept><rtept lat="57.54389" lon="12.437495"><ele>82.2</ele></rtept><rtept lat="57.543872" lon="12.437473"><ele>81.8</ele></rtept><rtept lat="57.543852" lon="12.43745"><ele>82.4</ele></rtept><rtept lat="57.54382" lon="12.43743"><ele>81.8</ele></rtept><rtept lat="57.543795" lon="12.437417"><ele>81.4</ele></rtept><rtept lat="57.543768" lon="12.437408"><ele>81.6</ele></rtept><rtept lat="57.54375" lon="12.437403"><ele>81.4</ele></rtept><rtept lat="57.543723" lon="12.437405"><ele>81.6</ele></rtept><rtept lat="57.543698" lon="12.43741"><ele>81.8</ele></rtept><rtept lat="57.543673" lon="12.43741"><ele>81.4</ele></rtept><rtept lat="57.543647" lon="12.43741"><ele>81.6</ele></rtept><rtept lat="57.543615" lon="12.43741"><ele>81.0</ele></rtept><rtept lat="57.54359" lon="12.43741"><ele>80.6</ele></rtept><rtept lat="57.543558" lon="12.437413"><ele>80.8</ele></rtept><rtept lat="57.543525" lon="12.43741"><ele>80.4</ele></rtept><rtept lat="57.5435" lon="12.4374"><ele>80.0</ele></rtept><rtept lat="57.543462" lon="12.437383"><ele>80.2</ele></rtept><rtept lat="57.543442" lon="12.437375"><ele>79.6</ele></rtept><rtept lat="57.543417" lon="12.437365"><ele>79.4</ele></rtept><rtept lat="57.543385" lon="12.437355"><ele>79.4</ele></rtept><rtept lat="57.543365" lon="12.43735"><ele>78.8</ele></rtept><rtept lat="57.543333" lon="12.43735"><ele>79.2</ele></rtept><rtept lat="57.543315" lon="12.437355"><ele>78.8</ele></rtept><rtept lat="57.543282" lon="12.43736"><ele>78.8</ele></rtept><rtept lat="57.543263" lon="12.43737"><ele>79.0</ele></rtept><rtept lat="57.543238" lon="12.437383"><ele>78.8</ele></rtept><rtept lat="57.543205" lon="12.437403"><ele>78.4</ele></rtept><rtept lat="57.543173" lon="12.437403"><ele>78.0</ele></rtept><rtept lat="57.543148" lon="12.437392"><ele>77.6</ele></rtept><rtept lat="57.543122" lon="12.43736"><ele>77.6</ele></rtept><rtept lat="57.54311" lon="12.43733"><ele>77.0</ele></rtept><rtept lat="57.543097" lon="12.43728"><ele>76.8</ele></rtept><rtept lat="57.543083" lon="12.437232"><ele>76.6</ele></rtept><rtept lat="57.543072" lon="12.437187"><ele>76.2</ele></rtept><rtept lat="57.543058" lon="12.437137"><ele>76.2</ele></rtept><rtept lat="57.543052" lon="12.43708"><ele>76.0</ele></rtept><rtept lat="57.54304" lon="12.43702"><ele>75.8</ele></rtept><rtept lat="57.543033" lon="12.43698"><ele>75.8</ele></rtept><rtept lat="57.543027" lon="12.436933"><ele>75.6</ele></rtept><rtept lat="57.543013" lon="12.436883"><ele>75.6</ele></rtept><rtept lat="57.543" lon="12.436833"><ele>75.8</ele></rtept><rtept lat="57.542988" lon="12.436775"><ele>75.4</ele></rtept><rtept lat="57.542982" lon="12.436728"><ele>75.2</ele></rtept><rtept lat="57.542968" lon="12.436683"><ele>75.0</ele></rtept><rtept lat="57.542962" lon="12.436635"><ele>74.4</ele></rtept><rtept lat="57.54295" lon="12.43658"><ele>74.6</ele></rtept><rtept lat="57.542943" lon="12.43653"><ele>74.0</ele></rtept><rtept lat="57.542923" lon="12.436465"><ele>73.4</ele></rtept><rtept lat="57.542918" lon="12.436425"><ele>73.6</ele></rtept><rtept lat="57.542912" lon="12.436377"><ele>73.0</ele></rtept><rtept lat="57.542898" lon="12.436328"><ele>72.6</ele></rtept><rtept lat="57.542885" lon="12.436272"><ele>72.8</ele></rtept><rtept lat="57.54288" lon="12.436232"><ele>72.4</ele></rtept><rtept lat="57.542873" lon="12.436182"><ele>72.0</ele></rtept><rtept lat="57.54286" lon="12.436135"><ele>72.0</ele></rtept><rtept lat="57.542847" lon="12.43608"><ele>71.4</ele></rtept><rtept lat="57.542835" lon="12.436048"><ele>71.0</ele></rtept><rtept lat="57.542822" lon="12.436"><ele>71.0</ele></rtept><rtept lat="57.542808" lon="12.435955"><ele>70.2</ele></rtept><rtept lat="57.542797" lon="12.435905"><ele>69.8</ele></rtept><rtept lat="57.54279" lon="12.435855"><ele>69.6</ele></rtept><rtept lat="57.542783" lon="12.435807"><ele>68.8</ele></rtept><rtept lat="57.54277" lon="12.435752"><ele>68.8</ele></rtept><rtept lat="57.542758" lon="12.435683"><ele>68.4</ele></rtept><rtept lat="57.542752" lon="12.435627"><ele>67.8</ele></rtept><rtept lat="57.542752" lon="12.435575"><ele>68.2</ele></rtept><rtept lat="57.542745" lon="12.435535"><ele>67.4</ele></rtept><rtept lat="57.542745" lon="12.435475"><ele>67.2</ele></rtept><rtept lat="57.542738" lon="12.43542"><ele>67.2</ele></rtept><rtept lat="57.542738" lon="12.435365"><ele>66.6</ele></rtept><rtept lat="57.542738" lon="12.435303"><ele>66.8</ele></rtept><rtept lat="57.542738" lon="12.43526"><ele>66.0</ele></rtept><rtept lat="57.542738" lon="12.435205"><ele>65.8</ele></rtept><rtept lat="57.542732" lon="12.435152"><ele>66.0</ele></rtept><rtept lat="57.542732" lon="12.435098"><ele>65.6</ele></rtept><rtept lat="57.542732" lon="12.435042"><ele>64.8</ele></rtept><rtept lat="57.542732" lon="12.434987"><ele>65.0</ele></rtept><rtept lat="57.542725" lon="12.434933"><ele>64.6</ele></rtept><rtept lat="57.542725" lon="12.434878"><ele>64.8</ele></rtept><rtept lat="57.542725" lon="12.434823"><ele>64.2</ele></rtept><rtept lat="57.542725" lon="12.434768"><ele>64.0</ele></rtept><rtept lat="57.542738" lon="12.43472"><ele>64.4</ele></rtept><rtept lat="57.542745" lon="12.434663"><ele>64.0</ele></rtept><rtept lat="57.542745" lon="12.434617"><ele>63.6</ele></rtept><rtept lat="57.542745" lon="12.434575"><ele>63.6</ele></rtept><rtept lat="57.542745" lon="12.434522"><ele>63.2</ele></rtept><rtept lat="57.542745" lon="12.43446"><ele>63.0</ele></rtept><rtept lat="57.542738" lon="12.434415"><ele>63.2</ele></rtept><rtept lat="57.542738" lon="12.434358"><ele>62.8</ele></rtept><rtept lat="57.542732" lon="12.4343"><ele>62.8</ele></rtept><rtept lat="57.542732" lon="12.434248"><ele>62.4</ele></rtept><rtept lat="57.542732" lon="12.434197"><ele>62.0</ele></rtept><rtept lat="57.542732" lon="12.434142"><ele>62.4</ele></rtept><rtept lat="57.542725" lon="12.434088"><ele>62.0</ele></rtept><rtept lat="57.542725" lon="12.43403"><ele>61.6</ele></rtept><rtept lat="57.542725" lon="12.43397"><ele>61.8</ele></rtept><rtept lat="57.542725" lon="12.433925"><ele>61.4</ele></rtept><rtept lat="57.542732" lon="12.433883"><ele>61.6</ele></rtept><rtept lat="57.542738" lon="12.433843"><ele>61.0</ele></rtept><rtept lat="57.542738" lon="12.433802"><ele>60.8</ele></rtept><rtept lat="57.542738" lon="12.433755"><ele>61.2</ele></rtept><rtept lat="57.542738" lon="12.433705"><ele>60.8</ele></rtept><rtept lat="57.542732" lon="12.433652"><ele>60.6</ele></rtept><rtept lat="57.542725" lon="12.4336"><ele>60.8</ele></rtept><rtept lat="57.542707" lon="12.433567"><ele>60.4</ele></rtept><rtept lat="57.542687" lon="12.43356"><ele>60.6</ele></rtept><rtept lat="57.542662" lon="12.433553"><ele>60.4</ele></rtept><rtept lat="57.542642" lon="12.433547"><ele>59.8</ele></rtept><rtept lat="57.54261" lon="12.433548"><ele>60.2</ele></rtept><rtept lat="57.542572" lon="12.433553"><ele>60.0</ele></rtept><rtept lat="57.542547" lon="12.433542"><ele>60.6</ele></rtept><rtept lat="57.54252" lon="12.433542"><ele>60.2</ele></rtept><rtept lat="57.542495" lon="12.43354"><ele>60.0</ele></rtept><rtept lat="57.54247" lon="12.433533"><ele>60.4</ele></rtept><rtept lat="57.542438" lon="12.433532"><ele>60.2</ele></rtept><rtept lat="57.542405" lon="12.43354"><ele>60.8</ele></rtept><rtept lat="57.542387" lon="12.43354"><ele>60.6</ele></rtept><rtept lat="57.542348" lon="12.433538"><ele>60.2</ele></rtept><rtept lat="57.542322" lon="12.433538"><ele>60.8</ele></rtept><rtept lat="57.54229" lon="12.433547"><ele>60.4</ele></rtept><rtept lat="57.542265" lon="12.433553"><ele>60.8</ele></rtept><rtept lat="57.542245" lon="12.433558"><ele>60.8</ele></rtept><rtept lat="57.542207" lon="12.433562"><ele>60.6</ele></rtept><rtept lat="57.542175" lon="12.43356"><ele>61.0</ele></rtept><rtept lat="57.542123" lon="12.43356"><ele>60.8</ele></rtept><rtept lat="57.542092" lon="12.433572"><ele>60.8</ele></rtept><rtept lat="57.542053" lon="12.433573"><ele>61.2</ele></rtept><rtept lat="57.542015" lon="12.433578"><ele>60.8</ele></rtept><rtept lat="57.54199" lon="12.433587"><ele>61.0</ele></rtept><rtept lat="57.541963" lon="12.433597"><ele>60.8</ele></rtept><rtept lat="57.541932" lon="12.433607"><ele>61.4</ele></rtept><rtept lat="57.541907" lon="12.43362"><ele>61.0</ele></rtept><rtept lat="57.541868" lon="12.433638"><ele>61.0</ele></rtept><rtept lat="57.541848" lon="12.433652"><ele>61.2</ele></rtept><rtept lat="57.541817" lon="12.433667"><ele>60.8</ele></rtept><rtept lat="57.541798" lon="12.43369"><ele>61.4</ele></rtept><rtept lat="57.541778" lon="12.433712"><ele>61.0</ele></rtept><rtept lat="57.541747" lon="12.43374"><ele>60.8</ele></rtept><rtept lat="57.541715" lon="12.433772"><ele>61.0</ele></rtept><rtept lat="57.541688" lon="12.4338"><ele>60.6</ele></rtept><rtept lat="57.541657" lon="12.43383"><ele>61.2</ele></rtept><rtept lat="57.541632" lon="12.433852"><ele>60.8</ele></rtept><rtept lat="57.541605" lon="12.433875"><ele>60.8</ele></rtept><rtept lat="57.54158" lon="12.433903"><ele>61.0</ele></rtept><rtept lat="57.541555" lon="12.433923"><ele>60.6</ele></rtept><rtept lat="57.541528" lon="12.433953"><ele>61.2</ele></rtept><rtept lat="57.541497" lon="12.43398"><ele>60.6</ele></rtept><rtept lat="57.541472" lon="12.434008"><ele>60.6</ele></rtept><rtept lat="57.541445" lon="12.43404"><ele>60.8</ele></rtept><rtept lat="57.54142" lon="12.434068"><ele>60.2</ele></rtept><rtept lat="57.541388" lon="12.434103"><ele>60.8</ele></rtept><rtept lat="57.541368" lon="12.434127"><ele>60.4</ele></rtept><rtept lat="57.54135" lon="12.434153"><ele>59.8</ele></rtept><rtept lat="57.541318" lon="12.434178"><ele>60.4</ele></rtept><rtept lat="57.541292" lon="12.4342"><ele>60.0</ele></rtept><rtept lat="57.54126" lon="12.434227"><ele>60.4</ele></rtept><rtept lat="57.54124" lon="12.434253"><ele>60.2</ele></rtept><rtept lat="57.541215" lon="12.434283"><ele>59.8</ele></rtept><rtept lat="57.54119" lon="12.434317"><ele>60.6</ele></rtept><rtept lat="57.541158" lon="12.43435"><ele>60.2</ele></rtept><rtept lat="57.541132" lon="12.434385"><ele>60.6</ele></rtept><rtept lat="57.5411" lon="12.43442"><ele>60.4</ele></rtept><rtept lat="57.541075" lon="12.434452"><ele>60.0</ele></rtept><rtept lat="57.541055" lon="12.43448"><ele>60.6</ele></rtept><rtept lat="57.54103" lon="12.43451"><ele>60.2</ele></rtept><rtept lat="57.54101" lon="12.434545"><ele>60.6</ele></rtept><rtept lat="57.540978" lon="12.43458"><ele>60.4</ele></rtept><rtept lat="57.540953" lon="12.434597"><ele>60.2</ele></rtept><rtept lat="57.54092" lon="12.43462"><ele>60.8</ele></rtept><rtept lat="57.540895" lon="12.434637"><ele>60.4</ele></rtept><rtept lat="57.540863" lon="12.434653"><ele>60.4</ele></rtept><rtept lat="57.540838" lon="12.434658"><ele>60.6</ele></rtept><rtept lat="57.540812" lon="12.434673"><ele>60.4</ele></rtept><rtept lat="57.54078" lon="12.434677"><ele>61.0</ele></rtept><rtept lat="57.540748" lon="12.434673"><ele>60.6</ele></rtept><rtept lat="57.540717" lon="12.434665"><ele>60.2</ele></rtept><rtept lat="57.54069" lon="12.43466"><ele>60.6</ele></rtept><rtept lat="57.540658" lon="12.43466"><ele>60.2</ele></rtept><rtept lat="57.54062" lon="12.434663"><ele>60.4</ele></rtept><rtept lat="57.540588" lon="12.434658"><ele>60.2</ele></rtept><rtept lat="57.540557" lon="12.43465"><ele>59.8</ele></rtept><rtept lat="57.540523" lon="12.434648"><ele>60.2</ele></rtept><rtept lat="57.540498" lon="12.434648"><ele>59.8</ele></rtept><rtept lat="57.540467" lon="12.434645"><ele>59.4</ele></rtept><rtept lat="57.54044" lon="12.43465"><ele>59.4</ele></rtept><rtept lat="57.540408" lon="12.434655"><ele>59.2</ele></rtept><rtept lat="57.540383" lon="12.434663"><ele>59.2</ele></rtept><rtept lat="57.540358" lon="12.434682"><ele>58.8</ele></rtept><rtept lat="57.540332" lon="12.434698"><ele>59.2</ele></rtept><rtept lat="57.540307" lon="12.434698"><ele>59.0</ele></rtept><rtept lat="57.54028" lon="12.434698"><ele>58.8</ele></rtept><rtept lat="57.540262" lon="12.43469"><ele>58.8</ele></rtept><rtept lat="57.540237" lon="12.43469"><ele>58.8</ele></rtept><rtept lat="57.54021" lon="12.43469"><ele>59.0</ele></rtept><rtept lat="57.540185" lon="12.434682"><ele>59.0</ele></rtept><rtept lat="57.54016" lon="12.434675"><ele>59.4</ele></rtept><rtept lat="57.540127" lon="12.434658"><ele>59.4</ele></rtept><rtept lat="57.540102" lon="12.434638"><ele>59.4</ele></rtept><rtept lat="57.540077" lon="12.434623"><ele>59.8</ele></rtept><rtept lat="57.54005" lon="12.434625"><ele>59.6</ele></rtept><rtept lat="57.540025" lon="12.43464"><ele>60.2</ele></rtept><rtept lat="57.540005" lon="12.434663"><ele>59.8</ele></rtept><rtept lat="57.53998" lon="12.434695"><ele>59.8</ele></rtept><rtept lat="57.53996" lon="12.43472"><ele>60.0</ele></rtept><rtept lat="57.539935" lon="12.434742"><ele>59.6</ele></rtept><rtept lat="57.53991" lon="12.434763"><ele>59.8</ele></rtept><rtept lat="57.53989" lon="12.434788"><ele>59.8</ele></rtept><rtept lat="57.539872" lon="12.434835"><ele>59.8</ele></rtept><rtept lat="57.539852" lon="12.434862"><ele>59.4</ele></rtept><rtept lat="57.53982" lon="12.434897"><ele>59.8</ele></rtept><rtept lat="57.539795" lon="12.434927"><ele>59.4</ele></rtept><rtept lat="57.539768" lon="12.434948"><ele>59.8</ele></rtept><rtept lat="57.539743" lon="12.434977"><ele>59.4</ele></rtept><rtept lat="57.539712" lon="12.435"><ele>59.6</ele></rtept><rtept lat="57.539692" lon="12.435027"><ele>59.4</ele></rtept><rtept lat="57.539667" lon="12.435053"><ele>59.4</ele></rtept><rtept lat="57.53964" lon="12.43508"><ele>59.6</ele></rtept><rtept lat="57.539622" lon="12.4351"><ele>59.4</ele></rtept><rtept lat="57.539597" lon="12.435127"><ele>60.0</ele></rtept><rtept lat="57.539577" lon="12.435147"><ele>59.8</ele></rtept><rtept lat="57.539552" lon="12.435172"><ele>60.0</ele></rtept><rtept lat="57.539532" lon="12.435197"><ele>60.2</ele></rtept><rtept lat="57.539513" lon="12.435217"><ele>59.8</ele></rtept><rtept lat="57.539487" lon="12.43523"><ele>59.8</ele></rtept><rtept lat="57.539468" lon="12.43519"><ele>59.2</ele></rtept><rtept lat="57.539455" lon="12.435122"><ele>58.8</ele></rtept><rtept lat="57.539448" lon="12.43508"><ele>58.8</ele></rtept><rtept lat="57.539442" lon="12.435032"><ele>58.2</ele></rtept><rtept lat="57.539442" lon="12.434983"><ele>57.4</ele></rtept><rtept lat="57.539442" lon="12.43494"><ele>57.0</ele></rtept><rtept lat="57.53943" lon="12.434893"><ele>56.4</ele></rtept><rtept lat="57.539423" lon="12.434857"><ele>56.0</ele></rtept><rtept lat="57.539423" lon="12.434802"><ele>55.2</ele></rtept><rtept lat="57.539423" lon="12.434762"><ele>54.2</ele></rtept><rtept lat="57.539417" lon="12.434723"><ele>54.0</ele></rtept><rtept lat="57.53941" lon="12.434675"><ele>53.0</ele></rtept><rtept lat="57.53941" lon="12.434625"><ele>52.6</ele></rtept><rtept lat="57.53941" lon="12.434575"><ele>51.8</ele></rtept><rtept lat="57.53941" lon="12.434525"><ele>51.2</ele></rtept><rtept lat="57.539403" lon="12.43448"><ele>50.4</ele></rtept><rtept lat="57.539392" lon="12.434438"><ele>49.6</ele></rtept><rtept lat="57.539385" lon="12.434405"><ele>49.6</ele></rtept><rtept lat="57.53936" lon="12.434392"><ele>48.8</ele></rtept><rtept lat="57.53934" lon="12.434378"><ele>48.4</ele></rtept><rtept lat="57.539315" lon="12.43436"><ele>47.6</ele></rtept><rtept lat="57.539288" lon="12.434345"><ele>47.2</ele></rtept><rtept lat="57.539263" lon="12.434327"><ele>46.4</ele></rtept><rtept lat="57.539225" lon="12.434308"><ele>45.8</ele></rtept><rtept lat="57.5392" lon="12.434293"><ele>46.0</ele></rtept><rtept lat="57.539167" lon="12.43428"><ele>45.6</ele></rtept><rtept lat="57.539142" lon="12.434267"><ele>45.6</ele></rtept><rtept lat="57.539117" lon="12.434242"><ele>45.2</ele></rtept><rtept lat="57.539097" lon="12.434213"><ele>45.2</ele></rtept><rtept lat="57.539078" lon="12.434188"><ele>45.0</ele></rtept><rtept lat="57.539058" lon="12.434173"><ele>44.8</ele></rtept><rtept lat="57.53904" lon="12.43416"><ele>45.2</ele></rtept><rtept lat="57.539013" lon="12.434147"><ele>44.8</ele></rtept><rtept lat="57.538988" lon="12.434138"><ele>44.6</ele></rtept><rtept lat="57.538962" lon="12.434132"><ele>44.6</ele></rtept><rtept lat="57.538937" lon="12.434123"><ele>44.4</ele></rtept><rtept lat="57.538912" lon="12.434122"><ele>44.2</ele></rtept><rtept lat="57.538873" lon="12.434122"><ele>43.6</ele></rtept><rtept lat="57.538847" lon="12.434122"><ele>43.6</ele></rtept><rtept lat="57.538815" lon="12.434128"><ele>43.2</ele></rtept><rtept lat="57.53879" lon="12.434128"><ele>43.0</ele></rtept><rtept lat="57.538763" lon="12.434122"><ele>43.2</ele></rtept><rtept lat="57.538738" lon="12.434115"><ele>43.0</ele></rtept><rtept lat="57.53872" lon="12.4341"><ele>43.0</ele></rtept><rtept lat="57.538693" lon="12.434088"><ele>43.0</ele></rtept><rtept lat="57.538675" lon="12.434053"><ele>42.6</ele></rtept><rtept lat="57.538655" lon="12.434022"><ele>42.4</ele></rtept><rtept lat="57.538637" lon="12.43401"><ele>43.0</ele></rtept><rtept lat="57.538617" lon="12.434035"><ele>42.4</ele></rtept><rtept lat="57.538585" lon="12.434023"><ele>42.2</ele></rtept><rtept lat="57.538565" lon="12.434013"><ele>42.2</ele></rtept><rtept lat="57.538547" lon="12.434"><ele>42.0</ele></rtept><rtept lat="57.538527" lon="12.43398"><ele>41.8</ele></rtept><rtept lat="57.538508" lon="12.43395"><ele>42.2</ele></rtept><rtept lat="57.538488" lon="12.43393"><ele>42.2</ele></rtept><rtept lat="57.53845" lon="12.433885"><ele>42.4</ele></rtept><rtept lat="57.538438" lon="12.433855"><ele>42.4</ele></rtept><rtept lat="57.538418" lon="12.433825"><ele>42.4</ele></rtept><rtept lat="57.538405" lon="12.433798"><ele>42.2</ele></rtept><rtept lat="57.538393" lon="12.43376"><ele>42.4</ele></rtept><rtept lat="57.53838" lon="12.433725"><ele>42.4</ele></rtept><rtept lat="57.538367" lon="12.43368"><ele>42.2</ele></rtept><rtept lat="57.53836" lon="12.433638"><ele>42.4</ele></rtept><rtept lat="57.53836" lon="12.433598"><ele>42.2</ele></rtept><rtept lat="57.538367" lon="12.433558"><ele>42.4</ele></rtept><rtept lat="57.538373" lon="12.433513"><ele>42.8</ele></rtept><rtept lat="57.53838" lon="12.433467"><ele>42.6</ele></rtept><rtept lat="57.538393" lon="12.43342"><ele>42.8</ele></rtept><rtept lat="57.5384" lon="12.433375"><ele>42.6</ele></rtept><rtept lat="57.538418" lon="12.433323"><ele>42.4</ele></rtept><rtept lat="57.538432" lon="12.43329"><ele>42.8</ele></rtept><rtept lat="57.538457" lon="12.433243"><ele>42.6</ele></rtept><rtept lat="57.538477" lon="12.4332"><ele>42.2</ele></rtept><rtept lat="57.538495" lon="12.43316"><ele>42.4</ele></rtept><rtept lat="57.538515" lon="12.433122"><ele>42.2</ele></rtept><rtept lat="57.53854" lon="12.433085"><ele>42.4</ele></rtept><rtept lat="57.53856" lon="12.433052"><ele>42.4</ele></rtept><rtept lat="57.538592" lon="12.433027"><ele>42.0</ele></rtept><rtept lat="57.538617" lon="12.433002"><ele>42.6</ele></rtept><rtept lat="57.538637" lon="12.432978"><ele>42.2</ele></rtept><rtept lat="57.538662" lon="12.432947"><ele>42.4</ele></rtept><rtept lat="57.538687" lon="12.432927"><ele>42.4</ele></rtept><rtept lat="57.538707" lon="12.432907"><ele>42.4</ele></rtept><rtept lat="57.538732" lon="12.432887"><ele>42.8</ele></rtept><rtept lat="57.538752" lon="12.432867"><ele>42.8</ele></rtept><rtept lat="57.538777" lon="12.432847"><ele>42.6</ele></rtept><rtept lat="57.538808" lon="12.432838"><ele>43.0</ele></rtept><rtept lat="57.538835" lon="12.432827"><ele>42.8</ele></rtept><rtept lat="57.538867" lon="12.432818"><ele>43.2</ele></rtept><rtept lat="57.538885" lon="12.432798"><ele>43.0</ele></rtept><rtept lat="57.538912" lon="12.432768"><ele>42.8</ele></rtept><rtept lat="57.53893" lon="12.432742"><ele>43.2</ele></rtept><rtept lat="57.538957" lon="12.432718"><ele>43.0</ele></rtept><rtept lat="57.538982" lon="12.432702"><ele>42.8</ele></rtept><rtept lat="57.539007" lon="12.432683"><ele>42.8</ele></rtept><rtept lat="57.539027" lon="12.432665"><ele>42.6</ele></rtept><rtept lat="57.539045" lon="12.432645"><ele>42.8</ele></rtept><rtept lat="57.539072" lon="12.432615"><ele>42.6</ele></rtept><rtept lat="57.53909" lon="12.432582"><ele>42.4</ele></rtept><rtept lat="57.53911" lon="12.43255"><ele>42.8</ele></rtept><rtept lat="57.539142" lon="12.432523"><ele>42.6</ele></rtept><rtept lat="57.53916" lon="12.4325"><ele>42.2</ele></rtept><rtept lat="57.539193" lon="12.43247"><ele>42.4</ele></rtept><rtept lat="57.539218" lon="12.43244"><ele>42.2</ele></rtept><rtept lat="57.539243" lon="12.432417"><ele>42.8</ele></rtept><rtept lat="57.539263" lon="12.432392"><ele>42.6</ele></rtept><rtept lat="57.539282" lon="12.432352"><ele>42.4</ele></rtept><rtept lat="57.539308" lon="12.43232"><ele>42.8</ele></rtept><rtept lat="57.53932" lon="12.432292"><ele>42.6</ele></rtept><rtept lat="57.539347" lon="12.432247"><ele>42.6</ele></rtept><rtept lat="57.539385" lon="12.432177"><ele>42.6</ele></rtept><rtept lat="57.539403" lon="12.432142"><ele>43.2</ele></rtept><rtept lat="57.539423" lon="12.432107"><ele>42.8</ele></rtept><rtept lat="57.539442" lon="12.432073"><ele>42.4</ele></rtept><rtept lat="57.539462" lon="12.432038"><ele>42.6</ele></rtept><rtept lat="57.539475" lon="12.431998"><ele>42.4</ele></rtept><rtept lat="57.539487" lon="12.431955"><ele>43.0</ele></rtept><rtept lat="57.539507" lon="12.431922"><ele>42.8</ele></rtept><rtept lat="57.53952" lon="12.431875"><ele>42.2</ele></rtept><rtept lat="57.539532" lon="12.43183"><ele>42.6</ele></rtept><rtept lat="57.539545" lon="12.431785"><ele>42.6</ele></rtept><rtept lat="57.539558" lon="12.431747"><ele>42.8</ele></rtept><rtept lat="57.53957" lon="12.431707"><ele>42.6</ele></rtept><rtept lat="57.539583" lon="12.43166"><ele>42.4</ele></rtept><rtept lat="57.53959" lon="12.431615"><ele>43.0</ele></rtept><rtept lat="57.539608" lon="12.43157"><ele>42.8</ele></rtept><rtept lat="57.539622" lon="12.431522"><ele>43.0</ele></rtept><rtept lat="57.539635" lon="12.43148"><ele>43.0</ele></rtept><rtept lat="57.539647" lon="12.431442"><ele>42.8</ele></rtept><rtept lat="57.539667" lon="12.431402"><ele>43.2</ele></rtept><rtept lat="57.53968" lon="12.431363"><ele>43.0</ele></rtept><rtept lat="57.539705" lon="12.431322"><ele>42.8</ele></rtept><rtept lat="57.539723" lon="12.431287"><ele>43.0</ele></rtept><rtept lat="57.539743" lon="12.431248"><ele>42.8</ele></rtept><rtept lat="57.539762" lon="12.431203"><ele>42.6</ele></rtept><rtept lat="57.539782" lon="12.431163"><ele>42.8</ele></rtept><rtept lat="57.5398" lon="12.43112"><ele>42.4</ele></rtept><rtept lat="57.53982" lon="12.43109"><ele>41.8</ele></rtept><rtept lat="57.53984" lon="12.43106"><ele>42.0</ele></rtept><rtept lat="57.539858" lon="12.43103"><ele>41.8</ele></rtept><rtept lat="57.539872" lon="12.430997"><ele>42.2</ele></rtept><rtept lat="57.539883" lon="12.43096"><ele>41.8</ele></rtept><rtept lat="57.539897" lon="12.43091"><ele>41.6</ele></rtept><rtept lat="57.53991" lon="12.430865"><ele>42.0</ele></rtept><rtept lat="57.539922" lon="12.430822"><ele>41.8</ele></rtept><rtept lat="57.539942" lon="12.430777"><ele>41.6</ele></rtept><rtept lat="57.539948" lon="12.430733"><ele>41.8</ele></rtept><rtept lat="57.53996" lon="12.430692"><ele>41.6</ele></rtept><rtept lat="57.539987" lon="12.430622"><ele>41.6</ele></rtept><rtept lat="57.540005" lon="12.430588"><ele>41.0</ele></rtept><rtept lat="57.540018" lon="12.430543"><ele>41.4</ele></rtept><rtept lat="57.540038" lon="12.4305"><ele>41.4</ele></rtept><rtept lat="57.54005" lon="12.430457"><ele>41.8</ele></rtept><rtept lat="57.540063" lon="12.430418"><ele>41.4</ele></rtept><rtept lat="57.540077" lon="12.43037"><ele>41.4</ele></rtept><rtept lat="57.540088" lon="12.43032"><ele>41.8</ele></rtept><rtept lat="57.540088" lon="12.430285"><ele>41.8</ele></rtept><rtept lat="57.540108" lon="12.430232"><ele>41.6</ele></rtept><rtept lat="57.540115" lon="12.43019"><ele>41.8</ele></rtept><rtept lat="57.540127" lon="12.43014"><ele>41.6</ele></rtept><rtept lat="57.54014" lon="12.430097"><ele>42.0</ele></rtept><rtept lat="57.540147" lon="12.430062"><ele>41.6</ele></rtept><rtept lat="57.540153" lon="12.430028"><ele>41.4</ele></rtept><rtept lat="57.540165" lon="12.429998"><ele>42.0</ele></rtept><rtept lat="57.540185" lon="12.429933"><ele>41.6</ele></rtept><rtept lat="57.540192" lon="12.429895"><ele>41.8</ele></rtept><rtept lat="57.540198" lon="12.429853"><ele>41.6</ele></rtept><rtept lat="57.540203" lon="12.429813"><ele>42.0</ele></rtept><rtept lat="57.540203" lon="12.429777"><ele>41.8</ele></rtept><rtept lat="57.54021" lon="12.42971"><ele>41.8</ele></rtept><rtept lat="57.540217" lon="12.429675"><ele>41.6</ele></rtept><rtept lat="57.540217" lon="12.429637"><ele>41.4</ele></rtept><rtept lat="57.540217" lon="12.429585"><ele>41.4</ele></rtept><rtept lat="57.540217" lon="12.429518"><ele>41.2</ele></rtept><rtept lat="57.540217" lon="12.429478"><ele>40.8</ele></rtept><rtept lat="57.540217" lon="12.429433"><ele>40.6</ele></rtept><rtept lat="57.540217" lon="12.42938"><ele>40.6</ele></rtept><rtept lat="57.540223" lon="12.42932"><ele>40.2</ele></rtept><rtept lat="57.540217" lon="12.429273"><ele>39.8</ele></rtept><rtept lat="57.540217" lon="12.429232"><ele>40.2</ele></rtept><rtept lat="57.540217" lon="12.429195"><ele>39.8</ele></rtept><rtept lat="57.540217" lon="12.429155"><ele>39.6</ele></rtept><rtept lat="57.540217" lon="12.429113"><ele>39.8</ele></rtept><rtept lat="57.540217" lon="12.429078"><ele>39.4</ele></rtept><rtept lat="57.540217" lon="12.429037"><ele>38.8</ele></rtept><rtept lat="57.540223" lon="12.428993"><ele>39.2</ele></rtept><rtept lat="57.540223" lon="12.428952"><ele>38.6</ele></rtept><rtept lat="57.540223" lon="12.428917"><ele>38.4</ele></rtept><rtept lat="57.54023" lon="12.42888"><ele>38.6</ele></rtept><rtept lat="57.540237" lon="12.428847"><ele>38.4</ele></rtept><rtept lat="57.540242" lon="12.428812"><ele>38.0</ele></rtept><rtept lat="57.540248" lon="12.428772"><ele>38.2</ele></rtept><rtept lat="57.540255" lon="12.428737"><ele>37.8</ele></rtept><rtept lat="57.540268" lon="12.4287"><ele>37.2</ele></rtept><rtept lat="57.540275" lon="12.428663"><ele>37.6</ele></rtept><rtept lat="57.540287" lon="12.428632"><ele>37.0</ele></rtept><rtept lat="57.5403" lon="12.428588"><ele>36.4</ele></rtept><rtept lat="57.540307" lon="12.428552"><ele>36.6</ele></rtept><rtept lat="57.540313" lon="12.428508"><ele>36.0</ele></rtept><rtept lat="57.540313" lon="12.428462"><ele>35.4</ele></rtept><rtept lat="57.540307" lon="12.428408"><ele>35.4</ele></rtept><rtept lat="57.540307" lon="12.42835"><ele>35.0</ele></rtept><rtept lat="57.540307" lon="12.428303"><ele>34.4</ele></rtept><rtept lat="57.540313" lon="12.428257"><ele>34.4</ele></rtept><rtept lat="57.54032" lon="12.42821"><ele>33.8</ele></rtept><rtept lat="57.540338" lon="12.42816"><ele>33.6</ele></rtept><rtept lat="57.540358" lon="12.428117"><ele>33.6</ele></rtept><rtept lat="57.54037" lon="12.428077"><ele>33.2</ele></rtept><rtept lat="57.540383" lon="12.428022"><ele>33.0</ele></rtept><rtept lat="57.540402" lon="12.42796"><ele>32.6</ele></rtept><rtept lat="57.540428" lon="12.427873"><ele>32.4</ele></rtept><rtept lat="57.540447" lon="12.427807"><ele>32.6</ele></rtept><rtept lat="57.54048" lon="12.427742"><ele>32.0</ele></rtept><rtept lat="57.540505" lon="12.427695"><ele>31.6</ele></rtept><rtept lat="57.540537" lon="12.427653"><ele>31.6</ele></rtept><rtept lat="57.540562" lon="12.42761"><ele>31.2</ele></rtept><rtept lat="57.540595" lon="12.42758"><ele>31.6</ele></rtept><rtept lat="57.54062" lon="12.427557"><ele>31.4</ele></rtept><rtept lat="57.540652" lon="12.427532"><ele>30.8</ele></rtept><rtept lat="57.540678" lon="12.427505"><ele>31.0</ele></rtept><rtept lat="57.540703" lon="12.427475"><ele>30.8</ele></rtept><rtept lat="57.540735" lon="12.42745"><ele>31.0</ele></rtept><rtept lat="57.54076" lon="12.42743"><ele>31.0</ele></rtept><rtept lat="57.540787" lon="12.427412"><ele>30.8</ele></rtept><rtept lat="57.540818" lon="12.427395"><ele>31.2</ele></rtept><rtept lat="57.540843" lon="12.427375"><ele>31.0</ele></rtept><rtept lat="57.54087" lon="12.427362"><ele>30.4</ele></rtept><rtept lat="57.540895" lon="12.427347"><ele>30.8</ele></rtept><rtept lat="57.54092" lon="12.427327"><ele>30.8</ele></rtept><rtept lat="57.54096" lon="12.427313"><ele>31.0</ele></rtept><rtept lat="57.540992" lon="12.427302"><ele>31.0</ele></rtept><rtept lat="57.541017" lon="12.427288"><ele>30.4</ele></rtept><rtept lat="57.541048" lon="12.42728"><ele>31.0</ele></rtept><rtept lat="57.541075" lon="12.427272"><ele>30.8</ele></rtept><rtept lat="57.541107" lon="12.42726"><ele>31.4</ele></rtept><rtept lat="57.541138" lon="12.427253"><ele>31.2</ele></rtept><rtept lat="57.541163" lon="12.427248"><ele>31.0</ele></rtept><rtept lat="57.54119" lon="12.427242"><ele>31.2</ele></rtept><rtept lat="57.541222" lon="12.427238"><ele>31.0</ele></rtept><rtept lat="57.541247" lon="12.427233"><ele>31.4</ele></rtept><rtept lat="57.54128" lon="12.427233"><ele>31.2</ele></rtept><rtept lat="57.541312" lon="12.427232"><ele>31.4</ele></rtept><rtept lat="57.541337" lon="12.427232"><ele>31.4</ele></rtept><rtept lat="57.541368" lon="12.427233"><ele>31.2</ele></rtept><rtept lat="57.5414" lon="12.427228"><ele>31.6</ele></rtept><rtept lat="57.541427" lon="12.427227"><ele>31.2</ele></rtept><rtept lat="57.541452" lon="12.427228"><ele>31.2</ele></rtept><rtept lat="57.541483" lon="12.427223"><ele>31.4</ele></rtept><rtept lat="57.54151" lon="12.427223"><ele>31.2</ele></rtept><rtept lat="57.541535" lon="12.427227"><ele>31.6</ele></rtept><rtept lat="57.54158" lon="12.427233"><ele>31.6</ele></rtept><rtept lat="57.541605" lon="12.427247"><ele>31.0</ele></rtept><rtept lat="57.541632" lon="12.427258"><ele>31.4</ele></rtept><rtept lat="57.541657" lon="12.427272"><ele>31.2</ele></rtept><rtept lat="57.541688" lon="12.427278"><ele>31.8</ele></rtept><rtept lat="57.541715" lon="12.427282"><ele>31.6</ele></rtept><rtept lat="57.541747" lon="12.427293"><ele>31.0</ele></rtept><rtept lat="57.541772" lon="12.427297"><ele>31.6</ele></rtept><rtept lat="57.541798" lon="12.4273"><ele>31.2</ele></rtept><rtept lat="57.54183" lon="12.427307"><ele>31.4</ele></rtept><rtept lat="57.541855" lon="12.427317"><ele>31.4</ele></rtept><rtept lat="57.541887" lon="12.427327"><ele>31.2</ele></rtept><rtept lat="57.541913" lon="12.427338"><ele>31.8</ele></rtept><rtept lat="57.541945" lon="12.427352"><ele>31.6</ele></rtept><rtept lat="57.54197" lon="12.427362"><ele>31.4</ele></rtept><rtept lat="57.542008" lon="12.427372"><ele>31.8</ele></rtept><rtept lat="57.542035" lon="12.42738"><ele>31.4</ele></rtept><rtept lat="57.542067" lon="12.427385"><ele>31.8</ele></rtept><rtept lat="57.542098" lon="12.427385"><ele>31.6</ele></rtept><rtept lat="57.54213" lon="12.427385"><ele>31.6</ele></rtept><rtept lat="57.542157" lon="12.42738"><ele>32.0</ele></rtept><rtept lat="57.542188" lon="12.42738"><ele>31.6</ele></rtept><rtept lat="57.542213" lon="12.427385"><ele>31.6</ele></rtept><rtept lat="57.54224" lon="12.427392"><ele>31.4</ele></rtept><rtept lat="57.542265" lon="12.4274"><ele>31.4</ele></rtept><rtept lat="57.542297" lon="12.427405"><ele>31.8</ele></rtept><rtept lat="57.542322" lon="12.427412"><ele>31.4</ele></rtept><rtept lat="57.542348" lon="12.42742"><ele>31.4</ele></rtept><rtept lat="57.542387" lon="12.427432"><ele>31.6</ele></rtept><rtept lat="57.542412" lon="12.427438"><ele>31.2</ele></rtept><rtept lat="57.542438" lon="12.427432"><ele>31.6</ele></rtept><rtept lat="57.542463" lon="12.42741"><ele>31.6</ele></rtept><rtept lat="57.542482" lon="12.42737"><ele>31.8</ele></rtept><rtept lat="57.542495" lon="12.427327"><ele>31.8</ele></rtept><rtept lat="57.542508" lon="12.42728"><ele>31.4</ele></rtept><rtept lat="57.542515" lon="12.427228"><ele>31.6</ele></rtept><rtept lat="57.54252" lon="12.427173"><ele>31.2</ele></rtept><rtept lat="57.542527" lon="12.427122"><ele>31.2</ele></rtept><rtept lat="57.542527" lon="12.427068"><ele>30.6</ele></rtept><rtept lat="57.542527" lon="12.427013"><ele>30.4</ele></rtept><rtept lat="57.542527" lon="12.426963"><ele>30.8</ele></rtept><rtept lat="57.54252" lon="12.426913"><ele>30.6</ele></rtept><rtept lat="57.54252" lon="12.42687"><ele>30.2</ele></rtept><rtept lat="57.54252" lon="12.42682"><ele>30.4</ele></rtept><rtept lat="57.54252" lon="12.42677"><ele>30.0</ele></rtept><rtept lat="57.54252" lon="12.426712"><ele>30.2</ele></rtept><rtept lat="57.54252" lon="12.42665"><ele>30.0</ele></rtept><rtept lat="57.542527" lon="12.426598"><ele>29.8</ele></rtept><rtept lat="57.542527" lon="12.426553"><ele>30.0</ele></rtept><rtept lat="57.542527" lon="12.4265"><ele>29.6</ele></rtept><rtept lat="57.542527" lon="12.426438"><ele>29.8</ele></rtept><rtept lat="57.542527" lon="12.426383"><ele>29.6</ele></rtept><rtept lat="57.542527" lon="12.42633"><ele>29.2</ele></rtept><rtept lat="57.542527" lon="12.42629"><ele>29.6</ele></rtept><rtept lat="57.542527" lon="12.42624"><ele>29.4</ele></rtept><rtept lat="57.542527" lon="12.426197"><ele>29.6</ele></rtept><rtept lat="57.542527" lon="12.426132"><ele>29.6</ele></rtept><rtept lat="57.542527" lon="12.426085"><ele>29.4</ele></rtept><rtept lat="57.542533" lon="12.426032"><ele>29.8</ele></rtept><rtept lat="57.542533" lon="12.42597"><ele>29.4</ele></rtept><rtept lat="57.54254" lon="12.425913"><ele>29.4</ele></rtept><rtept lat="57.542553" lon="12.42586"><ele>29.4</ele></rtept><rtept lat="57.542572" lon="12.425813"><ele>29.2</ele></rtept><rtept lat="57.542592" lon="12.425772"><ele>29.6</ele></rtept><rtept lat="57.54261" lon="12.425735"><ele>29.2</ele></rtept><rtept lat="57.542623" lon="12.425693"><ele>29.8</ele></rtept><rtept lat="57.542642" lon="12.425648"><ele>29.6</ele></rtept><rtept lat="57.542648" lon="12.425588"><ele>29.2</ele></rtept><rtept lat="57.542655" lon="12.425543"><ele>29.0</ele></rtept><rtept lat="57.542662" lon="12.425488"><ele>28.6</ele></rtept><rtept lat="57.542662" lon="12.42543"><ele>29.2</ele></rtept><rtept lat="57.542668" lon="12.42538"><ele>28.8</ele></rtept><rtept lat="57.542668" lon="12.425325"><ele>28.8</ele></rtept><rtept lat="57.542662" lon="12.425272"><ele>28.8</ele></rtept><rtept lat="57.542662" lon="12.425217"><ele>28.6</ele></rtept><rtept lat="57.542668" lon="12.42516"><ele>29.0</ele></rtept><rtept lat="57.542668" lon="12.425107"><ele>28.6</ele></rtept><rtept lat="57.542668" lon="12.425048"><ele>28.6</ele></rtept><rtept lat="57.542668" lon="12.424995"><ele>28.8</ele></rtept><rtept lat="57.542668" lon="12.42494"><ele>28.4</ele></rtept><rtept lat="57.542675" lon="12.424888"><ele>29.0</ele></rtept><rtept lat="57.542668" lon="12.42484"><ele>28.8</ele></rtept><rtept lat="57.542668" lon="12.424788"><ele>28.4</ele></rtept><rtept lat="57.542668" lon="12.424723"><ele>28.8</ele></rtept><rtept lat="57.542668" lon="12.424682"><ele>28.6</ele></rtept><rtept lat="57.542668" lon="12.42462"><ele>29.0</ele></rtept><rtept lat="57.542668" lon="12.424567"><ele>28.8</ele></rtept><rtept lat="57.542668" lon="12.42452"><ele>28.4</ele></rtept><rtept lat="57.542668" lon="12.424477"><ele>28.8</ele></rtept><rtept lat="57.542668" lon="12.42442"><ele>28.6</ele></rtept><rtept lat="57.542675" lon="12.424367"><ele>29.0</ele></rtept><rtept lat="57.54268" lon="12.424318"><ele>29.0</ele></rtept><rtept lat="57.542687" lon="12.424262"><ele>28.8</ele></rtept><rtept lat="57.542687" lon="12.424213"><ele>29.2</ele></rtept><rtept lat="57.542693" lon="12.42416"><ele>29.0</ele></rtept><rtept lat="57.5427" lon="12.42411"><ele>28.8</ele></rtept><rtept lat="57.542707" lon="12.42406"><ele>29.0</ele></rtept><rtept lat="57.542713" lon="12.42401"><ele>28.8</ele></rtept><rtept lat="57.542725" lon="12.42396"><ele>29.2</ele></rtept><rtept lat="57.542725" lon="12.423917"><ele>29.0</ele></rtept><rtept lat="57.542732" lon="12.423857"><ele>28.8</ele></rtept><rtept lat="57.542732" lon="12.4238"><ele>29.2</ele></rtept><rtept lat="57.542738" lon="12.423748"><ele>29.0</ele></rtept><rtept lat="57.542738" lon="12.423698"><ele>28.4</ele></rtept><rtept lat="57.542738" lon="12.423647"><ele>28.8</ele></rtept><rtept lat="57.542738" lon="12.423588"><ele>28.4</ele></rtept><rtept lat="57.542738" lon="12.423535"><ele>28.6</ele></rtept><rtept lat="57.542738" lon="12.42348"><ele>28.6</ele></rtept><rtept lat="57.542745" lon="12.423425"><ele>28.4</ele></rtept><rtept lat="57.542752" lon="12.42337"><ele>29.0</ele></rtept><rtept lat="57.542763" lon="12.42332"><ele>28.6</ele></rtept><rtept lat="57.542777" lon="12.423278"><ele>28.6</ele></rtept><rtept lat="57.54279" lon="12.423237"><ele>28.6</ele></rtept><rtept lat="57.542802" lon="12.423187"><ele>28.4</ele></rtept><rtept lat="57.542815" lon="12.423138"><ele>28.8</ele></rtept><rtept lat="57.542828" lon="12.423082"><ele>28.6</ele></rtept><rtept lat="57.54284" lon="12.423033"><ele>28.4</ele></rtept><rtept lat="57.542847" lon="12.422987"><ele>28.6</ele></rtept><rtept lat="57.54286" lon="12.42294"><ele>28.4</ele></rtept><rtept lat="57.542867" lon="12.422892"><ele>29.0</ele></rtept><rtept lat="57.54288" lon="12.422835"><ele>29.0</ele></rtept><rtept lat="57.542885" lon="12.422788"><ele>29.0</ele></rtept><rtept lat="57.542898" lon="12.42275"><ele>29.2</ele></rtept><rtept lat="57.542912" lon="12.422703"><ele>29.0</ele></rtept><rtept lat="57.542918" lon="12.422657"><ele>29.4</ele></rtept><rtept lat="57.54293" lon="12.422612"><ele>29.0</ele></rtept><rtept lat="57.542943" lon="12.42257"><ele>29.0</ele></rtept><rtept lat="57.54295" lon="12.422527"><ele>29.2</ele></rtept><rtept lat="57.542962" lon="12.422477"><ele>29.0</ele></rtept><rtept lat="57.542975" lon="12.422432"><ele>29.2</ele></rtept><rtept lat="57.542988" lon="12.422393"><ele>29.0</ele></rtept><rtept lat="57.543007" lon="12.422357"><ele>28.8</ele></rtept><rtept lat="57.543007" lon="12.422322"><ele>29.2</ele></rtept><rtept lat="57.54302" lon="12.422282"><ele>29.0</ele></rtept><rtept lat="57.54302" lon="12.422233"><ele>29.0</ele></rtept><rtept lat="57.543027" lon="12.42218"><ele>29.2</ele></rtept><rtept lat="57.543033" lon="12.422128"><ele>28.6</ele></rtept><rtept lat="57.543045" lon="12.42208"><ele>29.2</ele></rtept><rtept lat="57.543065" lon="12.422023"><ele>28.6</ele></rtept><rtept lat="57.543083" lon="12.42198"><ele>28.4</ele></rtept><rtept lat="57.543097" lon="12.42194"><ele>28.6</ele></rtept><rtept lat="57.543117" lon="12.42189"><ele>28.2</ele></rtept><rtept lat="57.543128" lon="12.42184"><ele>28.6</ele></rtept><rtept lat="57.543148" lon="12.42179"><ele>28.2</ele></rtept><rtept lat="57.543167" lon="12.42174"><ele>27.8</ele></rtept><rtept lat="57.54318" lon="12.421698"><ele>28.0</ele></rtept><rtept lat="57.5432" lon="12.421648"><ele>27.8</ele></rtept><rtept lat="57.543205" lon="12.421602"><ele>28.0</ele></rtept><rtept lat="57.543225" lon="12.421557"><ele>27.6</ele></rtept><rtept lat="57.543238" lon="12.421508"><ele>27.4</ele></rtept><rtept lat="57.543243" lon="12.421462"><ele>27.8</ele></rtept><rtept lat="57.543263" lon="12.421418"><ele>27.4</ele></rtept><rtept lat="57.543277" lon="12.42138"><ele>27.4</ele></rtept><rtept lat="57.543288" lon="12.421355"><ele>27.4</ele></rtept><rtept lat="57.543315" lon="12.421318"><ele>27.4</ele></rtept><rtept lat="57.543327" lon="12.42128"><ele>27.4</ele></rtept><rtept lat="57.54334" lon="12.42124"><ele>27.2</ele></rtept><rtept lat="57.543347" lon="12.421197"><ele>27.6</ele></rtept><rtept lat="57.543365" lon="12.421155"><ele>27.4</ele></rtept><rtept lat="57.543378" lon="12.421118"><ele>27.2</ele></rtept><rtept lat="57.543398" lon="12.421078"><ele>27.4</ele></rtept><rtept lat="57.543403" lon="12.421032"><ele>27.2</ele></rtept><rtept lat="57.543417" lon="12.420985"><ele>27.6</ele></rtept><rtept lat="57.54343" lon="12.420943"><ele>27.6</ele></rtept><rtept lat="57.543442" lon="12.420898"><ele>27.4</ele></rtept><rtept lat="57.543455" lon="12.420852"><ele>27.6</ele></rtept><rtept lat="57.543475" lon="12.420802"><ele>27.2</ele></rtept><rtept lat="57.543493" lon="12.420762"><ele>27.0</ele></rtept><rtept lat="57.543513" lon="12.420728"><ele>27.4</ele></rtept><rtept lat="57.543532" lon="12.420688"><ele>27.0</ele></rtept><rtept lat="57.543552" lon="12.42065"><ele>27.2</ele></rtept><rtept lat="57.543577" lon="12.420615"><ele>26.8</ele></rtept><rtept lat="57.543597" lon="12.420583"><ele>26.4</ele></rtept><rtept lat="57.543622" lon="12.420555"><ele>26.6</ele></rtept><rtept lat="57.54364" lon="12.420517"><ele>26.2</ele></rtept><rtept lat="57.543653" lon="12.42048"><ele>26.4</ele></rtept><rtept lat="57.543667" lon="12.420445"><ele>26.4</ele></rtept><rtept lat="57.54368" lon="12.420417"><ele>26.2</ele></rtept><rtept lat="57.543705" lon="12.420385"><ele>26.6</ele></rtept><rtept lat="57.543723" lon="12.420352"><ele>26.2</ele></rtept><rtept lat="57.543737" lon="12.42032"><ele>26.4</ele></rtept><rtept lat="57.543757" lon="12.420285"><ele>26.6</ele></rtept><rtept lat="57.543775" lon="12.420257"><ele>26.2</ele></rtept><rtept lat="57.543795" lon="12.420233"><ele>26.8</ele></rtept><rtept lat="57.543813" lon="12.420207"><ele>26.6</ele></rtept><rtept lat="57.543827" lon="12.42018"><ele>26.6</ele></rtept><rtept lat="57.543845" lon="12.420148"><ele>27.0</ele></rtept><rtept lat="57.543858" lon="12.420113"><ele>27.0</ele></rtept><rtept lat="57.543878" lon="12.420087"><ele>27.6</ele></rtept><rtept lat="57.54389" lon="12.420058"><ele>27.6</ele></rtept><rtept lat="57.54391" lon="12.420025"><ele>27.6</ele></rtept><rtept lat="57.543922" lon="12.419985"><ele>28.2</ele></rtept><rtept lat="57.543942" lon="12.41994"><ele>28.0</ele></rtept><rtept lat="57.543967" lon="12.419903"><ele>28.0</ele></rtept><rtept lat="57.54398" lon="12.419865"><ele>28.4</ele></rtept><rtept lat="57.543993" lon="12.419823"><ele>28.2</ele></rtept><rtept lat="57.544012" lon="12.419785"><ele>28.6</ele></rtept><rtept lat="57.544025" lon="12.419752"><ele>28.8</ele></rtept><rtept lat="57.544043" lon="12.419725"><ele>28.6</ele></rtept><rtept lat="57.544057" lon="12.419695"><ele>29.2</ele></rtept><rtept lat="57.544077" lon="12.419658"><ele>29.2</ele></rtept><rtept lat="57.544088" lon="12.419618"><ele>28.6</ele></rtept><rtept lat="57.544108" lon="12.41958"><ele>29.2</ele></rtept><rtept lat="57.544115" lon="12.419533"><ele>29.0</ele></rtept><rtept lat="57.54412" lon="12.41948"><ele>29.4</ele></rtept><rtept lat="57.54412" lon="12.419428"><ele>29.2</ele></rtept><rtept lat="57.54412" lon="12.419378"><ele>29.0</ele></rtept><rtept lat="57.544127" lon="12.419325"><ele>29.2</ele></rtept><rtept lat="57.544133" lon="12.419273"><ele>29.0</ele></rtept><rtept lat="57.544133" lon="12.419223"><ele>29.4</ele></rtept><rtept lat="57.544133" lon="12.41917"><ele>29.4</ele></rtept><rtept lat="57.54414" lon="12.419112"><ele>29.0</ele></rtept><rtept lat="57.544147" lon="12.41906"><ele>29.4</ele></rtept><rtept lat="57.544153" lon="12.419"><ele>29.2</ele></rtept><rtept lat="57.54416" lon="12.418952"><ele>29.8</ele></rtept><rtept lat="57.54416" lon="12.4189"><ele>29.6</ele></rtept><rtept lat="57.544165" lon="12.418857"><ele>29.4</ele></rtept><rtept lat="57.544172" lon="12.418807"><ele>29.6</ele></rtept><rtept lat="57.544178" lon="12.418757"><ele>29.4</ele></rtept><rtept lat="57.544178" lon="12.418703"><ele>29.8</ele></rtept><rtept lat="57.544192" lon="12.418648"><ele>29.6</ele></rtept><rtept lat="57.544198" lon="12.418595"><ele>29.2</ele></rtept><rtept lat="57.544203" lon="12.418543"><ele>29.8</ele></rtept><rtept lat="57.54421" lon="12.418495"><ele>29.6</ele></rtept><rtept lat="57.544217" lon="12.418445"><ele>29.6</ele></rtept><rtept lat="57.544217" lon="12.418403"><ele>29.8</ele></rtept><rtept lat="57.544223" lon="12.418352"><ele>29.6</ele></rtept><rtept lat="57.54423" lon="12.418305"><ele>30.0</ele></rtept><rtept lat="57.544237" lon="12.418252"><ele>30.0</ele></rtept><rtept lat="57.544242" lon="12.418205"><ele>29.6</ele></rtept><rtept lat="57.544248" lon="12.418158"><ele>30.0</ele></rtept><rtept lat="57.544248" lon="12.418103"><ele>29.8</ele></rtept><rtept lat="57.544255" lon="12.418052"><ele>30.0</ele></rtept><rtept lat="57.544262" lon="12.418003"><ele>30.2</ele></rtept><rtept lat="57.544268" lon="12.417955"><ele>30.0</ele></rtept><rtept lat="57.544268" lon="12.41791"><ele>30.6</ele></rtept><rtept lat="57.544275" lon="12.417863"><ele>30.4</ele></rtept><rtept lat="57.54428" lon="12.417813"><ele>30.0</ele></rtept><rtept lat="57.544287" lon="12.417775"><ele>30.4</ele></rtept><rtept lat="57.544287" lon="12.417712"><ele>30.2</ele></rtept><rtept lat="57.544293" lon="12.417657"><ele>30.6</ele></rtept><rtept lat="57.544293" lon="12.4176"><ele>30.4</ele></rtept><rtept lat="57.5443" lon="12.417547"><ele>30.2</ele></rtept><rtept lat="57.5443" lon="12.417493"><ele>30.8</ele></rtept><rtept lat="57.5443" lon="12.41744"><ele>30.4</ele></rtept><rtept lat="57.5443" lon="12.417387"><ele>30.6</ele></rtept><rtept lat="57.5443" lon="12.417333"><ele>30.8</ele></rtept><rtept lat="57.5443" lon="12.41728"><ele>30.4</ele></rtept><rtept lat="57.5443" lon="12.417228"><ele>31.0</ele></rtept><rtept lat="57.5443" lon="12.417182"><ele>30.8</ele></rtept><rtept lat="57.544307" lon="12.41714"><ele>30.6</ele></rtept><rtept lat="57.5443" lon="12.417103"><ele>31.0</ele></rtept><rtept lat="57.5443" lon="12.417063"><ele>30.8</ele></rtept><rtept lat="57.544293" lon="12.41703"><ele>31.4</ele></rtept><rtept lat="57.54428" lon="12.416995"><ele>31.2</ele></rtept><rtept lat="57.544268" lon="12.416957"><ele>30.8</ele></rtept><rtept lat="57.544255" lon="12.41693"><ele>31.0</ele></rtept><rtept lat="57.54423" lon="12.416897"><ele>31.6</ele></rtept><rtept lat="57.544217" lon="12.41686"><ele>32.2</ele></rtept><rtept lat="57.544192" lon="12.416845"><ele>32.4</ele></rtept><rtept lat="57.544172" lon="12.416835"><ele>33.0</ele></rtept><rtept lat="57.544153" lon="12.416815"><ele>33.8</ele></rtept><rtept lat="57.544133" lon="12.416785"><ele>34.4</ele></rtept><rtept lat="57.544115" lon="12.416762"><ele>35.0</ele></rtept><rtept lat="57.544088" lon="12.416747"><ele>35.4</ele></rtept><rtept lat="57.54407" lon="12.41674"><ele>36.0</ele></rtept><rtept lat="57.54405" lon="12.416732"><ele>36.8</ele></rtept><rtept lat="57.544012" lon="12.416727"><ele>37.4</ele></rtept><rtept lat="57.543993" lon="12.41672"><ele>37.8</ele></rtept><rtept lat="57.54398" lon="12.416693"><ele>38.4</ele></rtept><rtept lat="57.543955" lon="12.41666"><ele>39.0</ele></rtept><rtept lat="57.543928" lon="12.41664"><ele>39.6</ele></rtept><rtept lat="57.543903" lon="12.416627"><ele>39.8</ele></rtept><rtept lat="57.543872" lon="12.416607"><ele>40.2</ele></rtept><rtept lat="57.543852" lon="12.416597"><ele>40.6</ele></rtept><rtept lat="57.543833" lon="12.416588"><ele>40.8</ele></rtept><rtept lat="57.543813" lon="12.416582"><ele>41.0</ele></rtept><rtept lat="57.543788" lon="12.41656"><ele>41.6</ele></rtept><rtept lat="57.543762" lon="12.416547"><ele>42.4</ele></rtept><rtept lat="57.543743" lon="12.416542"><ele>42.4</ele></rtept><rtept lat="57.543718" lon="12.416525"><ele>42.6</ele></rtept><rtept lat="57.543698" lon="12.416508"><ele>42.6</ele></rtept><rtept lat="57.543673" lon="12.416498"><ele>42.8</ele></rtept><rtept lat="57.54364" lon="12.416488"><ele>43.2</ele></rtept><rtept lat="57.543622" lon="12.416485"><ele>43.2</ele></rtept><rtept lat="57.543602" lon="12.416482"><ele>43.0</ele></rtept><rtept lat="57.543583" lon="12.416475"><ele>43.2</ele></rtept><rtept lat="57.543558" lon="12.416463"><ele>43.2</ele></rtept><rtept lat="57.543538" lon="12.416455"><ele>43.6</ele></rtept><rtept lat="57.54352" lon="12.41645"><ele>43.6</ele></rtept><rtept lat="57.5435" lon="12.41644"><ele>43.8</ele></rtept><rtept lat="57.54348" lon="12.416433"><ele>43.6</ele></rtept><rtept lat="57.543462" lon="12.416433"><ele>43.6</ele></rtept><rtept lat="57.543437" lon="12.416413"><ele>43.8</ele></rtept><rtept lat="57.543417" lon="12.41639"><ele>43.6</ele></rtept><rtept lat="57.543385" lon="12.416373"><ele>43.4</ele></rtept><rtept lat="57.54336" lon="12.41636"><ele>43.8</ele></rtept><rtept lat="57.543333" lon="12.41635"><ele>43.6</ele></rtept><rtept lat="57.543308" lon="12.416343"><ele>43.2</ele></rtept><rtept lat="57.543282" lon="12.41634"><ele>43.8</ele></rtept><rtept lat="57.543243" lon="12.41634"><ele>43.4</ele></rtept><rtept lat="57.543212" lon="12.41633"><ele>43.6</ele></rtept><rtept lat="57.543193" lon="12.416317"><ele>43.6</ele></rtept><rtept lat="57.543167" lon="12.416303"><ele>43.4</ele></rtept><rtept lat="57.543142" lon="12.416292"><ele>44.2</ele></rtept><rtept lat="57.543117" lon="12.41628"><ele>44.0</ele></rtept><rtept lat="57.54309" lon="12.416267"><ele>43.6</ele></rtept><rtept lat="57.543065" lon="12.416257"><ele>44.2</ele></rtept><rtept lat="57.543045" lon="12.41624"><ele>44.0</ele></rtept><rtept lat="57.54302" lon="12.416225"><ele>44.0</ele></rtept><rtept lat="57.542988" lon="12.41622"><ele>44.2</ele></rtept><rtept lat="57.542962" lon="12.416227"><ele>43.8</ele></rtept><rtept lat="57.542943" lon="12.41623"><ele>44.4</ele></rtept><rtept lat="57.542923" lon="12.416225"><ele>44.4</ele></rtept><rtept lat="57.542898" lon="12.41622"><ele>44.2</ele></rtept><rtept lat="57.542873" lon="12.41621"><ele>44.6</ele></rtept><rtept lat="57.542847" lon="12.4162"><ele>44.2</ele></rtept><rtept lat="57.542815" lon="12.416185"><ele>44.2</ele></rtept><rtept lat="57.542783" lon="12.416162"><ele>44.6</ele></rtept><rtept lat="57.542758" lon="12.416138"><ele>44.4</ele></rtept><rtept lat="57.542725" lon="12.416115"><ele>44.8</ele></rtept><rtept lat="57.5427" lon="12.416105"><ele>44.8</ele></rtept><rtept lat="57.542675" lon="12.41609"><ele>44.4</ele></rtept><rtept lat="57.542642" lon="12.416058"><ele>45.2</ele></rtept><rtept lat="57.54261" lon="12.416038"><ele>45.2</ele></rtept><rtept lat="57.542592" lon="12.41602"><ele>45.8</ele></rtept><rtept lat="57.542572" lon="12.416013"><ele>46.0</ele></rtept><rtept lat="57.542553" lon="12.415977"><ele>46.2</ele></rtept><rtept lat="57.542527" lon="12.415958"><ele>46.2</ele></rtept><rtept lat="57.542502" lon="12.415913"><ele>46.8</ele></rtept><rtept lat="57.542482" lon="12.41586"><ele>47.2</ele></rtept><rtept lat="57.542482" lon="12.415825"><ele>47.6</ele></rtept><rtept lat="57.54247" lon="12.41579"><ele>48.0</ele></rtept><rtept lat="57.54245" lon="12.415742"><ele>48.2</ele></rtept><rtept lat="57.542432" lon="12.4157"><ele>48.4</ele></rtept><rtept lat="57.542425" lon="12.415653"><ele>48.6</ele></rtept><rtept lat="57.542412" lon="12.415617"><ele>48.8</ele></rtept><rtept lat="57.5424" lon="12.415585"><ele>49.2</ele></rtept><rtept lat="57.542393" lon="12.415543"><ele>49.4</ele></rtept><rtept lat="57.542405" lon="12.415512"><ele>50.0</ele></rtept><rtept lat="57.5424" lon="12.415465"><ele>50.2</ele></rtept><rtept lat="57.5424" lon="12.415412"><ele>50.4</ele></rtept><rtept lat="57.542412" lon="12.415367"><ele>50.8</ele></rtept><rtept lat="57.5424" lon="12.415318"><ele>51.0</ele></rtept><rtept lat="57.542405" lon="12.415287"><ele>51.2</ele></rtept><rtept lat="57.542412" lon="12.415238"><ele>52.0</ele></rtept><rtept lat="57.542393" lon="12.415233"><ele>52.4</ele></rtept><rtept lat="57.542393" lon="12.415187"><ele>53.2</ele></rtept><rtept lat="57.542393" lon="12.415153"><ele>53.6</ele></rtept><rtept lat="57.542405" lon="12.415113"><ele>54.0</ele></rtept><rtept lat="57.542412" lon="12.415068"><ele>54.2</ele></rtept><rtept lat="57.542412" lon="12.415035"><ele>54.6</ele></rtept><rtept lat="57.542418" lon="12.415"><ele>54.8</ele></rtept><rtept lat="57.542432" lon="12.414963"><ele>55.4</ele></rtept><rtept lat="57.54245" lon="12.414937"><ele>55.8</ele></rtept><rtept lat="57.542463" lon="12.414912"><ele>56.2</ele></rtept><rtept lat="57.542482" lon="12.414895"><ele>56.4</ele></rtept><rtept lat="57.542502" lon="12.414852"><ele>56.8</ele></rtept><rtept lat="57.542515" lon="12.414825"><ele>57.0</ele></rtept><rtept lat="57.542533" lon="12.41478"><ele>57.2</ele></rtept><rtept lat="57.54254" lon="12.414742"><ele>57.6</ele></rtept><rtept lat="57.54254" lon="12.414685"><ele>58.2</ele></rtept><rtept lat="57.542547" lon="12.414653"><ele>58.6</ele></rtept><rtept lat="57.542565" lon="12.414608"><ele>58.8</ele></rtept><rtept lat="57.542585" lon="12.414593"><ele>59.2</ele></rtept><rtept lat="57.542603" lon="12.414553"><ele>59.6</ele></rtept><rtept lat="57.54263" lon="12.41452"><ele>60.2</ele></rtept><rtept lat="57.542648" lon="12.414495"><ele>60.6</ele></rtept><rtept lat="57.54268" lon="12.414472"><ele>61.0</ele></rtept><rtept lat="57.542707" lon="12.414453"><ele>61.4</ele></rtept><rtept lat="57.542738" lon="12.41444"><ele>61.8</ele></rtept><rtept lat="57.542763" lon="12.414428"><ele>62.4</ele></rtept><rtept lat="57.542783" lon="12.414422"><ele>62.6</ele></rtept><rtept lat="57.542808" lon="12.414408"><ele>63.2</ele></rtept><rtept lat="57.542828" lon="12.41439"><ele>63.4</ele></rtept><rtept lat="57.542847" lon="12.41437"><ele>63.8</ele></rtept><rtept lat="57.542873" lon="12.414362"><ele>64.2</ele></rtept><rtept lat="57.542898" lon="12.414368"><ele>64.4</ele></rtept><rtept lat="57.542918" lon="12.41437"><ele>64.4</ele></rtept><rtept lat="57.542937" lon="12.41437"><ele>64.4</ele></rtept><rtept lat="57.542968" lon="12.41436"><ele>65.0</ele></rtept><rtept lat="57.543" lon="12.41436"><ele>65.6</ele></rtept><rtept lat="57.54302" lon="12.414363"><ele>65.8</ele></rtept><rtept lat="57.54304" lon="12.41436"><ele>66.0</ele></rtept><rtept lat="57.543058" lon="12.414343"><ele>66.0</ele></rtept><rtept lat="57.543078" lon="12.41433"><ele>66.6</ele></rtept><rtept lat="57.543097" lon="12.414323"><ele>66.6</ele></rtept><rtept lat="57.543122" lon="12.41431"><ele>66.6</ele></rtept><rtept lat="57.543142" lon="12.414297"><ele>67.0</ele></rtept><rtept lat="57.54316" lon="12.41428"><ele>67.0</ele></rtept><rtept lat="57.543187" lon="12.414265"><ele>66.6</ele></rtept><rtept lat="57.543212" lon="12.414257"><ele>67.0</ele></rtept><rtept lat="57.543238" lon="12.414248"><ele>67.0</ele></rtept><rtept lat="57.54327" lon="12.414243"><ele>66.6</ele></rtept><rtept lat="57.543295" lon="12.414238"><ele>67.0</ele></rtept><rtept lat="57.54332" lon="12.414238"><ele>66.8</ele></rtept><rtept lat="57.543347" lon="12.414243"><ele>67.2</ele></rtept><rtept lat="57.543372" lon="12.414243"><ele>67.2</ele></rtept><rtept lat="57.543398" lon="12.414237"><ele>67.0</ele></rtept><rtept lat="57.543423" lon="12.41423"><ele>67.4</ele></rtept><rtept lat="57.543455" lon="12.41422"><ele>67.2</ele></rtept><rtept lat="57.54348" lon="12.414212"><ele>67.2</ele></rtept><rtept lat="57.543507" lon="12.414208"><ele>67.6</ele></rtept><rtept lat="57.543532" lon="12.414197"><ele>67.4</ele></rtept><rtept lat="57.543558" lon="12.414183"><ele>68.0</ele></rtept><rtept lat="57.543583" lon="12.414177"><ele>67.8</ele></rtept><rtept lat="57.543615" lon="12.414165"><ele>67.6</ele></rtept><rtept lat="57.54364" lon="12.414157"><ele>68.0</ele></rtept><rtept lat="57.543673" lon="12.414147"><ele>67.6</ele></rtept><rtept lat="57.543692" lon="12.414132"><ele>68.0</ele></rtept><rtept lat="57.543718" lon="12.414118"><ele>67.6</ele></rtept><rtept lat="57.543743" lon="12.414102"><ele>67.4</ele></rtept><rtept lat="57.543762" lon="12.41408"><ele>67.8</ele></rtept><rtept lat="57.543795" lon="12.41406"><ele>67.6</ele></rtept><rtept lat="57.543813" lon="12.41404"><ele>67.4</ele></rtept><rtept lat="57.54384" lon="12.414015"><ele>67.8</ele></rtept><rtept lat="57.543865" lon="12.41399"><ele>67.4</ele></rtept><rtept lat="57.54389" lon="12.413965"><ele>68.0</ele></rtept><rtept lat="57.543903" lon="12.41394"><ele>67.8</ele></rtept><rtept lat="57.543922" lon="12.413912"><ele>67.2</ele></rtept><rtept lat="57.543935" lon="12.413877"><ele>67.6</ele></rtept><rtept lat="57.543948" lon="12.413833"><ele>67.4</ele></rtept><rtept lat="57.54396" lon="12.413795"><ele>67.8</ele></rtept><rtept lat="57.543973" lon="12.413753"><ele>67.8</ele></rtept><rtept lat="57.543987" lon="12.413703"><ele>67.6</ele></rtept><rtept lat="57.543993" lon="12.413663"><ele>68.0</ele></rtept><rtept lat="57.544005" lon="12.413623"><ele>67.8</ele></rtept><rtept lat="57.544018" lon="12.41358"><ele>67.8</ele></rtept><rtept lat="57.544025" lon="12.413537"><ele>68.0</ele></rtept><rtept lat="57.544038" lon="12.413495"><ele>68.0</ele></rtept><rtept lat="57.544038" lon="12.413455"><ele>68.4</ele></rtept><rtept lat="57.544038" lon="12.413415"><ele>68.4</ele></rtept><rtept lat="57.544038" lon="12.413378"><ele>68.0</ele></rtept><rtept lat="57.544038" lon="12.413342"><ele>68.6</ele></rtept><rtept lat="57.544038" lon="12.413305"><ele>68.4</ele></rtept><rtept lat="57.544032" lon="12.413267"><ele>68.4</ele></rtept><rtept lat="57.544025" lon="12.413227"><ele>68.8</ele></rtept><rtept lat="57.544018" lon="12.413188"><ele>68.6</ele></rtept><rtept lat="57.544018" lon="12.413147"><ele>69.4</ele></rtept><rtept lat="57.544012" lon="12.413107"><ele>69.2</ele></rtept><rtept lat="57.544" lon="12.413055"><ele>69.6</ele></rtept><rtept lat="57.54398" lon="12.413002"><ele>69.8</ele></rtept><rtept lat="57.54398" lon="12.412945"><ele>70.0</ele></rtept><rtept lat="57.543967" lon="12.412903"><ele>70.4</ele></rtept><rtept lat="57.54396" lon="12.412868"><ele>70.8</ele></rtept><rtept lat="57.543955" lon="12.412825"><ele>71.2</ele></rtept><rtept lat="57.543942" lon="12.412787"><ele>72.0</ele></rtept><rtept lat="57.543935" lon="12.412755"><ele>72.6</ele></rtept><rtept lat="57.543928" lon="12.412717"><ele>73.2</ele></rtept><rtept lat="57.543922" lon="12.41268"><ele>74.0</ele></rtept><rtept lat="57.543922" lon="12.412642"><ele>74.6</ele></rtept><rtept lat="57.543922" lon="12.4126"><ele>75.2</ele></rtept><rtept lat="57.543917" lon="12.41256"><ele>75.6</ele></rtept><rtept lat="57.543917" lon="12.412523"><ele>76.4</ele></rtept><rtept lat="57.543922" lon="12.412487"><ele>77.0</ele></rtept><rtept lat="57.543928" lon="12.412443"><ele>77.6</ele></rtept><rtept lat="57.543942" lon="12.4124"><ele>78.2</ele></rtept><rtept lat="57.543955" lon="12.412367"><ele>78.6</ele></rtept><rtept lat="57.543973" lon="12.412328"><ele>79.2</ele></rtept><rtept lat="57.543993" lon="12.412293"><ele>80.0</ele></rtept><rtept lat="57.544012" lon="12.41225"><ele>80.4</ele></rtept><rtept lat="57.544038" lon="12.412215"><ele>80.6</ele></rtept><rtept lat="57.544063" lon="12.41218"><ele>80.6</ele></rtept><rtept lat="57.544077" lon="12.412148"><ele>80.8</ele></rtept><rtept lat="57.544077" lon="12.41211"><ele>81.0</ele></rtept><rtept lat="57.544088" lon="12.41207"><ele>81.2</ele></rtept><rtept lat="57.544115" lon="12.412027"><ele>81.6</ele></rtept><rtept lat="57.544127" lon="12.412002"><ele>81.6</ele></rtept><rtept lat="57.54414" lon="12.411977"><ele>81.6</ele></rtept><rtept lat="57.54416" lon="12.411955"><ele>81.8</ele></rtept><rtept lat="57.544172" lon="12.41193"><ele>81.8</ele></rtept><rtept lat="57.544192" lon="12.411907"><ele>82.2</ele></rtept><rtept lat="57.54421" lon="12.411867"><ele>82.6</ele></rtept><rtept lat="57.544217" lon="12.411828"><ele>82.6</ele></rtept><rtept lat="57.544217" lon="12.411787"><ele>82.8</ele></rtept><rtept lat="57.544217" lon="12.41174"><ele>83.2</ele></rtept><rtept lat="57.544217" lon="12.411693"><ele>83.8</ele></rtept><rtept lat="57.544217" lon="12.411647"><ele>84.4</ele></rtept><rtept lat="57.544217" lon="12.411583"><ele>84.8</ele></rtept><rtept lat="57.544223" lon="12.411535"><ele>85.2</ele></rtept><rtept lat="57.54423" lon="12.41147"><ele>86.0</ele></rtept><rtept lat="57.54423" lon="12.411403"><ele>86.6</ele></rtept><rtept lat="57.544223" lon="12.411357"><ele>87.6</ele></rtept><rtept lat="57.544217" lon="12.411318"><ele>87.6</ele></rtept><rtept lat="57.544203" lon="12.411292"><ele>87.6</ele></rtept><rtept lat="57.544192" lon="12.41126"><ele>88.2</ele></rtept><rtept lat="57.544172" lon="12.41122"><ele>88.2</ele></rtept><rtept lat="57.544153" lon="12.411205"><ele>87.8</ele></rtept><rtept lat="57.544133" lon="12.41117"><ele>88.4</ele></rtept><rtept lat="57.544115" lon="12.411153"><ele>88.4</ele></rtept><rtept lat="57.544088" lon="12.411137"><ele>88.6</ele></rtept><rtept lat="57.544063" lon="12.411138"><ele>88.8</ele></rtept><rtept lat="57.544043" lon="12.41112"><ele>88.6</ele></rtept><rtept lat="57.544018" lon="12.411103"><ele>89.0</ele></rtept><rtept lat="57.544" lon="12.411087"><ele>89.2</ele></rtept><rtept lat="57.54398" lon="12.411063"><ele>88.8</ele></rtept><rtept lat="57.543955" lon="12.411032"><ele>89.2</ele></rtept><rtept lat="57.543935" lon="12.411003"><ele>89.0</ele></rtept><rtept lat="57.543917" lon="12.41098"><ele>88.8</ele></rtept><rtept lat="57.543897" lon="12.410962"><ele>89.4</ele></rtept><rtept lat="57.543878" lon="12.410935"><ele>89.2</ele></rtept><rtept lat="57.543858" lon="12.410903"><ele>88.8</ele></rtept><rtept lat="57.54384" lon="12.410865"><ele>89.2</ele></rtept><rtept lat="57.543827" lon="12.41082"><ele>89.0</ele></rtept><rtept lat="57.54382" lon="12.410765"><ele>88.8</ele></rtept><rtept lat="57.543813" lon="12.410712"><ele>88.8</ele></rtept><rtept lat="57.54382" lon="12.410647"><ele>88.4</ele></rtept><rtept lat="57.543827" lon="12.410592"><ele>89.0</ele></rtept><rtept lat="57.54384" lon="12.410538"><ele>88.8</ele></rtept><rtept lat="57.543845" lon="12.410485"><ele>88.4</ele></rtept><rtept lat="57.543852" lon="12.410438"><ele>88.8</ele></rtept><rtept lat="57.543865" lon="12.410392"><ele>88.8</ele></rtept><rtept lat="57.543872" lon="12.410352"><ele>89.2</ele></rtept><rtept lat="57.543883" lon="12.410307"><ele>89.4</ele></rtept><rtept lat="57.54389" lon="12.410255"><ele>89.4</ele></rtept><rtept lat="57.543897" lon="12.41022"><ele>90.0</ele></rtept><rtept lat="57.543903" lon="12.410178"><ele>90.0</ele></rtept><rtept lat="57.543917" lon="12.410128"><ele>89.8</ele></rtept><rtept lat="57.543917" lon="12.41008"><ele>90.6</ele></rtept><rtept lat="57.543917" lon="12.410043"><ele>90.6</ele></rtept><rtept lat="57.543922" lon="12.409988"><ele>91.2</ele></rtept><rtept lat="57.543917" lon="12.409957"><ele>91.2</ele></rtept><rtept lat="57.543903" lon="12.409912"><ele>91.8</ele></rtept><rtept lat="57.543878" lon="12.40986"><ele>91.4</ele></rtept><rtept lat="57.543858" lon="12.409838"><ele>92.0</ele></rtept><rtept lat="57.54384" lon="12.40982"><ele>91.8</ele></rtept><rtept lat="57.543813" lon="12.4098"><ele>92.6</ele></rtept><rtept lat="57.543795" lon="12.40979"><ele>92.6</ele></rtept><rtept lat="57.543768" lon="12.409773"><ele>92.6</ele></rtept><rtept lat="57.543743" lon="12.409753"><ele>93.4</ele></rtept><rtept lat="57.543723" lon="12.409728"><ele>93.2</ele></rtept><rtept lat="57.543705" lon="12.409707"><ele>93.0</ele></rtept><rtept lat="57.543685" lon="12.409683"><ele>93.6</ele></rtept><rtept lat="57.54366" lon="12.409662"><ele>93.4</ele></rtept><rtept lat="57.543635" lon="12.409632"><ele>93.8</ele></rtept><rtept lat="57.543597" lon="12.409612"><ele>94.2</ele></rtept><rtept lat="57.54357" lon="12.409607"><ele>94.2</ele></rtept><rtept lat="57.543552" lon="12.409597"><ele>94.0</ele></rtept><rtept lat="57.543532" lon="12.409587"><ele>94.4</ele></rtept><rtept lat="57.543493" lon="12.409573"><ele>95.0</ele></rtept><rtept lat="57.543455" lon="12.409562"><ele>94.8</ele></rtept><rtept lat="57.54343" lon="12.409568"><ele>95.4</ele></rtept><rtept lat="57.543398" lon="12.409577"><ele>95.2</ele></rtept><rtept lat="57.54336" lon="12.409582"><ele>95.4</ele></rtept><rtept lat="57.543327" lon="12.409608"><ele>95.6</ele></rtept><rtept lat="57.543308" lon="12.409633"><ele>95.6</ele></rtept><rtept lat="57.543288" lon="12.40966"><ele>95.8</ele></rtept><rtept lat="57.543263" lon="12.409688"><ele>95.8</ele></rtept><rtept lat="57.543225" lon="12.409713"><ele>95.6</ele></rtept><rtept lat="57.543205" lon="12.409722"><ele>96.2</ele></rtept><rtept lat="57.543187" lon="12.409732"><ele>95.8</ele></rtept><rtept lat="57.54316" lon="12.409737"><ele>96.0</ele></rtept><rtept lat="57.543122" lon="12.40974"><ele>96.2</ele></rtept><rtept lat="57.543083" lon="12.409747"><ele>96.0</ele></rtept><rtept lat="57.543065" lon="12.409747"><ele>96.6</ele></rtept><rtept lat="57.543045" lon="12.409752"><ele>96.6</ele></rtept><rtept lat="57.54302" lon="12.409752"><ele>96.4</ele></rtept><rtept lat="57.543" lon="12.409747"><ele>96.8</ele></rtept><rtept lat="57.542968" lon="12.409747"><ele>96.8</ele></rtept><rtept lat="57.542943" lon="12.409758"><ele>97.2</ele></rtept><rtept lat="57.542905" lon="12.409767"><ele>97.2</ele></rtept><rtept lat="57.542873" lon="12.409767"><ele>97.2</ele></rtept><rtept lat="57.54284" lon="12.40976"><ele>97.8</ele></rtept><rtept lat="57.542808" lon="12.409767"><ele>97.8</ele></rtept><rtept lat="57.54279" lon="12.40976"><ele>97.4</ele></rtept><rtept lat="57.54277" lon="12.409753"><ele>97.8</ele></rtept><rtept lat="57.542745" lon="12.409752"><ele>97.4</ele></rtept><rtept lat="57.54272" lon="12.409747"><ele>97.0</ele></rtept><rtept lat="57.542687" lon="12.409747"><ele>97.2</ele></rtept><rtept lat="57.542648" lon="12.409748"><ele>96.8</ele></rtept><rtept lat="57.542623" lon="12.409733"><ele>96.6</ele></rtept><rtept lat="57.542592" lon="12.409727"><ele>96.6</ele></rtept><rtept lat="57.542572" lon="12.409717"><ele>96.4</ele></rtept><rtept lat="57.542547" lon="12.409707"><ele>97.0</ele></rtept><rtept lat="57.542527" lon="12.409702"><ele>96.8</ele></rtept><rtept lat="57.542482" lon="12.409698"><ele>96.4</ele></rtept><rtept lat="57.542463" lon="12.409693"><ele>97.0</ele></rtept><rtept lat="57.542432" lon="12.409683"><ele>96.8</ele></rtept><rtept lat="57.542405" lon="12.409667"><ele>97.0</ele></rtept><rtept lat="57.54238" lon="12.409652"><ele>97.2</ele></rtept><rtept lat="57.542355" lon="12.409627"><ele>97.0</ele></rtept><rtept lat="57.542342" lon="12.409602"><ele>97.6</ele></rtept><rtept lat="57.542317" lon="12.409587"><ele>97.4</ele></rtept><rtept lat="57.54229" lon="12.409577"><ele>97.0</ele></rtept><rtept lat="57.542265" lon="12.409562"><ele>97.4</ele></rtept><rtept lat="57.542245" lon="12.409542"><ele>97.2</ele></rtept><rtept lat="57.542213" lon="12.409528"><ele>97.8</ele></rtept><rtept lat="57.542175" lon="12.409522"><ele>97.6</ele></rtept><rtept lat="57.542157" lon="12.409495"><ele>97.4</ele></rtept><rtept lat="57.542123" lon="12.409482"><ele>98.0</ele></rtept><rtept lat="57.542092" lon="12.409482"><ele>97.8</ele></rtept><rtept lat="57.542067" lon="12.409463"><ele>98.0</ele></rtept><rtept lat="57.542047" lon="12.409445"><ele>98.2</ele></rtept><rtept lat="57.542022" lon="12.409425"><ele>98.2</ele></rtept><rtept lat="57.54199" lon="12.409418"><ele>98.6</ele></rtept><rtept lat="57.541963" lon="12.40941"><ele>98.4</ele></rtept><rtept lat="57.541932" lon="12.409395"><ele>98.6</ele></rtept><rtept lat="57.541913" lon="12.409385"><ele>98.8</ele></rtept><rtept lat="57.541875" lon="12.409378"><ele>98.8</ele></rtept><rtept lat="57.541848" lon="12.409365"><ele>99.4</ele></rtept><rtept lat="57.541817" lon="12.409345"><ele>99.2</ele></rtept><rtept lat="57.541792" lon="12.409333"><ele>99.2</ele></rtept><rtept lat="57.541765" lon="12.409317"><ele>99.4</ele></rtept><rtept lat="57.541747" lon="12.409315"><ele>99.2</ele></rtept><rtept lat="57.541708" lon="12.40931"><ele>98.6</ele></rtept><rtept lat="57.541682" lon="12.40931"><ele>99.2</ele></rtept><rtept lat="57.54165" lon="12.409303"><ele>98.8</ele></rtept><rtept lat="57.541618" lon="12.40929"><ele>98.4</ele></rtept><rtept lat="57.5416" lon="12.409277"><ele>98.6</ele></rtept><rtept lat="57.541573" lon="12.409257"><ele>98.4</ele></rtept><rtept lat="57.541555" lon="12.409252"><ele>98.6</ele></rtept><rtept lat="57.541522" lon="12.40924"><ele>98.4</ele></rtept><rtept lat="57.541497" lon="12.40923"><ele>98.6</ele></rtept><rtept lat="57.541478" lon="12.409215"><ele>98.6</ele></rtept><rtept lat="57.541458" lon="12.4092"><ele>98.6</ele></rtept><rtept lat="57.54142" lon="12.409185"><ele>98.8</ele></rtept><rtept lat="57.541388" lon="12.409195"><ele>98.8</ele></rtept><rtept lat="57.541357" lon="12.409182"><ele>98.8</ele></rtept><rtept lat="57.541337" lon="12.409172"><ele>99.0</ele></rtept><rtept lat="57.541318" lon="12.409165"><ele>98.6</ele></rtept><rtept lat="57.541292" lon="12.409147"><ele>98.8</ele></rtept><rtept lat="57.541273" lon="12.40915"><ele>99.0</ele></rtept><rtept lat="57.54124" lon="12.409147"><ele>99.0</ele></rtept><rtept lat="57.541215" lon="12.40914"><ele>99.0</ele></rtept><rtept lat="57.54119" lon="12.409138"><ele>98.8</ele></rtept><rtept lat="57.541163" lon="12.409135"><ele>99.0</ele></rtept><rtept lat="57.541138" lon="12.409125"><ele>98.8</ele></rtept><rtept lat="57.54112" lon="12.409105"><ele>99.2</ele></rtept><rtept lat="57.5411" lon="12.409085"><ele>99.2</ele></rtept><rtept lat="57.541075" lon="12.40906"><ele>99.4</ele></rtept><rtept lat="57.541062" lon="12.409037"><ele>99.8</ele></rtept><rtept lat="57.541037" lon="12.409008"><ele>99.8</ele></rtept><rtept lat="57.541017" lon="12.408992"><ele>100.0</ele></rtept><rtept lat="57.540985" lon="12.408983"><ele>100.0</ele></rtept><rtept lat="57.54096" lon="12.408973"><ele>100.4</ele></rtept><rtept lat="57.54094" lon="12.408948"><ele>100.6</ele></rtept><rtept lat="57.540908" lon="12.40892"><ele>100.8</ele></rtept><rtept lat="57.540895" lon="12.408892"><ele>101.2</ele></rtept><rtept lat="57.54087" lon="12.408863"><ele>101.2</ele></rtept><rtept lat="57.540843" lon="12.408835"><ele>101.6</ele></rtept><rtept lat="57.540825" lon="12.40881"><ele>101.8</ele></rtept><rtept lat="57.540812" lon="12.408785"><ele>102.4</ele></rtept><rtept lat="57.540787" lon="12.408773"><ele>102.4</ele></rtept><rtept lat="57.54076" lon="12.408775"><ele>102.2</ele></rtept><rtept lat="57.540735" lon="12.408748"><ele>102.6</ele></rtept><rtept lat="57.540717" lon="12.408725"><ele>102.6</ele></rtept><rtept lat="57.540703" lon="12.4087"><ele>103.0</ele></rtept><rtept lat="57.540683" lon="12.408665"><ele>103.2</ele></rtept><rtept lat="57.540665" lon="12.408633"><ele>103.4</ele></rtept><rtept lat="57.540645" lon="12.408597"><ele>103.6</ele></rtept><rtept lat="57.540627" lon="12.408557"><ele>103.6</ele></rtept><rtept lat="57.540613" lon="12.408522"><ele>103.8</ele></rtept><rtept lat="57.540582" lon="12.408467"><ele>103.0</ele></rtept><rtept lat="57.540557" lon="12.408445"><ele>103.2</ele></rtept><rtept lat="57.540537" lon="12.408418"><ele>102.8</ele></rtept><rtept lat="57.540518" lon="12.408402"><ele>103.0</ele></rtept><rtept lat="57.540498" lon="12.408378"><ele>103.0</ele></rtept><rtept lat="57.540485" lon="12.408347"><ele>103.2</ele></rtept><rtept lat="57.540467" lon="12.408323"><ele>103.2</ele></rtept><rtept lat="57.54044" lon="12.408288"><ele>103.0</ele></rtept><rtept lat="57.540422" lon="12.40826"><ele>102.6</ele></rtept><rtept lat="57.54039" lon="12.408217"><ele>102.6</ele></rtept><rtept lat="57.540358" lon="12.408182"><ele>102.6</ele></rtept><rtept lat="57.540338" lon="12.408162"><ele>102.4</ele></rtept><rtept lat="57.540307" lon="12.408123"><ele>102.4</ele></rtept><rtept lat="57.540287" lon="12.408102"><ele>102.4</ele></rtept><rtept lat="57.540268" lon="12.408085"><ele>102.4</ele></rtept><rtept lat="57.540248" lon="12.408075"><ele>102.4</ele></rtept><rtept lat="57.540223" lon="12.408062"><ele>102.4</ele></rtept><rtept lat="57.540203" lon="12.40804"><ele>102.4</ele></rtept><rtept lat="57.540185" lon="12.40801"><ele>102.2</ele></rtept><rtept lat="57.540165" lon="12.407977"><ele>102.2</ele></rtept><rtept lat="57.54016" lon="12.407938"><ele>102.2</ele></rtept><rtept lat="57.540147" lon="12.407908"><ele>102.4</ele></rtept><rtept lat="57.54014" lon="12.407843"><ele>102.2</ele></rtept><rtept lat="57.54012" lon="12.407812"><ele>102.2</ele></rtept><rtept lat="57.540102" lon="12.40779"><ele>101.6</ele></rtept><rtept lat="57.540063" lon="12.40777"><ele>101.0</ele></rtept><rtept lat="57.540038" lon="12.40776"><ele>101.2</ele></rtept><rtept lat="57.54" lon="12.407755"><ele>101.0</ele></rtept><rtept lat="57.539967" lon="12.407752"><ele>101.0</ele></rtept><rtept lat="57.539942" lon="12.407745"><ele>101.0</ele></rtept><rtept lat="57.539922" lon="12.407732"><ele>101.0</ele></rtept><rtept lat="57.539883" lon="12.407697"><ele>101.2</ele></rtept><rtept lat="57.539865" lon="12.407672"><ele>101.2</ele></rtept><rtept lat="57.539845" lon="12.407653"><ele>101.6</ele></rtept><rtept lat="57.53982" lon="12.407642"><ele>101.6</ele></rtept><rtept lat="57.539795" lon="12.407627"><ele>101.8</ele></rtept><rtept lat="57.539762" lon="12.4076"><ele>102.0</ele></rtept><rtept lat="57.539737" lon="12.40758"><ele>102.6</ele></rtept><rtept lat="57.539712" lon="12.407587"><ele>102.6</ele></rtept><rtept lat="57.53968" lon="12.407607"><ele>102.6</ele></rtept><rtept lat="57.53966" lon="12.407617"><ele>102.8</ele></rtept><rtept lat="57.53964" lon="12.407612"><ele>102.8</ele></rtept><rtept lat="57.539622" lon="12.407607"><ele>103.0</ele></rtept><rtept lat="57.539602" lon="12.407608"><ele>103.0</ele></rtept><rtept lat="57.539583" lon="12.407613"><ele>103.0</ele></rtept><rtept lat="57.539558" lon="12.407627"><ele>103.2</ele></rtept><rtept lat="57.539525" lon="12.407645"><ele>102.8</ele></rtept><rtept lat="57.539507" lon="12.407653"><ele>102.8</ele></rtept><rtept lat="57.539487" lon="12.40766"><ele>102.8</ele></rtept><rtept lat="57.539462" lon="12.407685"><ele>102.6</ele></rtept><rtept lat="57.539442" lon="12.407705"><ele>102.2</ele></rtept><rtept lat="57.539423" lon="12.407737"><ele>102.4</ele></rtept><rtept lat="57.539403" lon="12.407772"><ele>102.0</ele></rtept><rtept lat="57.539385" lon="12.407782"><ele>102.2</ele></rtept><rtept lat="57.53936" lon="12.407792"><ele>102.2</ele></rtept><rtept lat="57.53934" lon="12.407792"><ele>102.6</ele></rtept><rtept lat="57.539315" lon="12.40778"><ele>102.2</ele></rtept><rtept lat="57.539295" lon="12.407772"><ele>102.6</ele></rtept><rtept lat="57.539263" lon="12.407772"><ele>102.4</ele></rtept><rtept lat="57.539243" lon="12.407775"><ele>102.8</ele></rtept><rtept lat="57.539212" lon="12.407772"><ele>102.6</ele></rtept><rtept lat="57.539187" lon="12.407775"><ele>102.4</ele></rtept><rtept lat="57.53916" lon="12.407785"><ele>102.6</ele></rtept><rtept lat="57.539128" lon="12.407792"><ele>102.6</ele></rtept><rtept lat="57.539097" lon="12.407792"><ele>102.8</ele></rtept><rtept lat="57.539072" lon="12.407792"><ele>102.6</ele></rtept><rtept lat="57.53904" lon="12.407795"><ele>102.2</ele></rtept><rtept lat="57.539007" lon="12.407797"><ele>102.6</ele></rtept><rtept lat="57.538988" lon="12.407792"><ele>102.6</ele></rtept><rtept lat="57.538957" lon="12.407785"><ele>103.0</ele></rtept><rtept lat="57.53893" lon="12.40778"><ele>102.8</ele></rtept><rtept lat="57.538885" lon="12.40778"><ele>102.8</ele></rtept><rtept lat="57.538847" lon="12.407775"><ele>103.0</ele></rtept><rtept lat="57.538808" lon="12.40777"><ele>102.8</ele></rtept><rtept lat="57.538763" lon="12.407762"><ele>102.4</ele></rtept><rtept lat="57.538732" lon="12.40775"><ele>103.0</ele></rtept><rtept lat="57.5387" lon="12.407738"><ele>102.6</ele></rtept><rtept lat="57.538655" lon="12.407732"><ele>102.8</ele></rtept><rtept lat="57.538617" lon="12.407707"><ele>102.8</ele></rtept><rtept lat="57.538592" lon="12.407692"><ele>102.4</ele></rtept><rtept lat="57.53856" lon="12.407665"><ele>102.4</ele></rtept><rtept lat="57.53854" lon="12.407645"><ele>102.4</ele></rtept><rtept lat="57.538515" lon="12.40762"><ele>101.8</ele></rtept><rtept lat="57.538495" lon="12.407583"><ele>102.0</ele></rtept><rtept lat="57.53847" lon="12.407547"><ele>101.6</ele></rtept><rtept lat="57.53845" lon="12.407513"><ele>101.2</ele></rtept><rtept lat="57.538432" lon="12.407482"><ele>101.4</ele></rtept><rtept lat="57.5384" lon="12.407453"><ele>101.2</ele></rtept><rtept lat="57.538373" lon="12.407428"><ele>101.4</ele></rtept><rtept lat="57.538355" lon="12.4074"><ele>101.2</ele></rtept><rtept lat="57.538322" lon="12.407362"><ele>101.4</ele></rtept><rtept lat="57.538303" lon="12.407348"><ele>101.4</ele></rtept><rtept lat="57.538278" lon="12.407325"><ele>101.2</ele></rtept><rtept lat="57.538258" lon="12.407323"><ele>101.4</ele></rtept><rtept lat="57.53824" lon="12.407325"><ele>101.0</ele></rtept><rtept lat="57.53822" lon="12.407335"><ele>101.0</ele></rtept><rtept lat="57.5382" lon="12.407335"><ele>101.0</ele></rtept><rtept lat="57.538175" lon="12.407335"><ele>100.6</ele></rtept><rtept lat="57.538123" lon="12.40733"><ele>100.8</ele></rtept><rtept lat="57.538092" lon="12.40732"><ele>100.6</ele></rtept><rtept lat="57.538067" lon="12.407313"><ele>100.8</ele></rtept><rtept lat="57.538035" lon="12.4073"><ele>101.0</ele></rtept><rtept lat="57.538008" lon="12.407295"><ele>100.8</ele></rtept><rtept lat="57.537983" lon="12.407277"><ele>100.8</ele></rtept><rtept lat="57.537952" lon="12.407268"><ele>100.6</ele></rtept><rtept lat="57.537925" lon="12.407257"><ele>100.8</ele></rtept><rtept lat="57.537893" lon="12.40724"><ele>100.8</ele></rtept><rtept lat="57.537855" lon="12.407223"><ele>100.6</ele></rtept><rtept lat="57.537823" lon="12.407205"><ele>100.8</ele></rtept><rtept lat="57.537798" lon="12.407192"><ele>100.6</ele></rtept><rtept lat="57.537772" lon="12.407183"><ele>100.4</ele></rtept><rtept lat="57.53774" lon="12.40717"><ele>100.8</ele></rtept><rtept lat="57.537715" lon="12.40717"><ele>100.4</ele></rtept><rtept lat="57.537682" lon="12.40716"><ele>100.4</ele></rtept><rtept lat="57.537663" lon="12.407137"><ele>100.6</ele></rtept><rtept lat="57.537638" lon="12.407112"><ele>100.4</ele></rtept><rtept lat="57.537605" lon="12.407085"><ele>100.8</ele></rtept><rtept lat="57.537587" lon="12.407055"><ele>100.8</ele></rtept><rtept lat="57.53756" lon="12.407032"><ele>101.0</ele></rtept><rtept lat="57.537535" lon="12.407012"><ele>101.6</ele></rtept><rtept lat="57.53751" lon="12.406982"><ele>101.2</ele></rtept><rtept lat="57.537483" lon="12.406953"><ele>101.8</ele></rtept><rtept lat="57.537472" lon="12.406925"><ele>101.6</ele></rtept><rtept lat="57.537458" lon="12.406887"><ele>101.4</ele></rtept><rtept lat="57.53744" lon="12.40686"><ele>101.8</ele></rtept><rtept lat="57.53742" lon="12.406838"><ele>101.6</ele></rtept><rtept lat="57.5374" lon="12.406817"><ele>102.2</ele></rtept><rtept lat="57.537375" lon="12.406798"><ele>102.4</ele></rtept><rtept lat="57.53735" lon="12.406772"><ele>102.4</ele></rtept><rtept lat="57.537323" lon="12.406742"><ele>103.0</ele></rtept><rtept lat="57.537305" lon="12.406715"><ele>102.8</ele></rtept><rtept lat="57.537298" lon="12.406682"><ele>103.2</ele></rtept><rtept lat="57.53728" lon="12.406648"><ele>103.4</ele></rtept><rtept lat="57.53726" lon="12.406613"><ele>103.4</ele></rtept><rtept lat="57.53724" lon="12.406585"><ele>104.2</ele></rtept><rtept lat="57.537208" lon="12.406563"><ele>104.0</ele></rtept><rtept lat="57.53719" lon="12.406533"><ele>104.2</ele></rtept><rtept lat="57.53717" lon="12.406503"><ele>104.6</ele></rtept><rtept lat="57.537152" lon="12.406477"><ele>104.4</ele></rtept><rtept lat="57.537132" lon="12.406455"><ele>105.0</ele></rtept><rtept lat="57.537113" lon="12.406432"><ele>105.0</ele></rtept><rtept lat="57.537093" lon="12.406405"><ele>105.0</ele></rtept><rtept lat="57.537075" lon="12.40638"><ele>105.4</ele></rtept><rtept lat="57.537048" lon="12.406352"><ele>105.2</ele></rtept><rtept lat="57.537023" lon="12.406325"><ele>104.8</ele></rtept><rtept lat="57.536985" lon="12.406307"><ele>105.2</ele></rtept><rtept lat="57.536953" lon="12.406278"><ele>105.2</ele></rtept><rtept lat="57.536927" lon="12.40626"><ele>105.6</ele></rtept><rtept lat="57.536895" lon="12.40622"><ele>105.4</ele></rtept><rtept lat="57.536877" lon="12.406188"><ele>106.0</ele></rtept><rtept lat="57.536857" lon="12.406163"><ele>105.6</ele></rtept><rtept lat="57.536838" lon="12.406138"><ele>105.6</ele></rtept><rtept lat="57.536818" lon="12.406113"><ele>106.0</ele></rtept><rtept lat="57.536793" lon="12.406092"><ele>105.6</ele></rtept><rtept lat="57.536767" lon="12.406073"><ele>106.0</ele></rtept><rtept lat="57.536742" lon="12.40606"><ele>106.0</ele></rtept><rtept lat="57.536703" lon="12.406052"><ele>105.8</ele></rtept><rtept lat="57.536665" lon="12.406047"><ele>106.4</ele></rtept><rtept lat="57.53664" lon="12.406042"><ele>106.2</ele></rtept><rtept lat="57.536613" lon="12.40604"><ele>106.2</ele></rtept><rtept lat="57.536588" lon="12.406035"><ele>105.8</ele></rtept><rtept lat="57.536562" lon="12.406032"><ele>106.0</ele></rtept><rtept lat="57.53653" lon="12.406033"><ele>105.6</ele></rtept><rtept lat="57.536512" lon="12.40604"><ele>106.2</ele></rtept><rtept lat="57.536492" lon="12.406038"><ele>106.0</ele></rtept><rtept lat="57.536467" lon="12.406018"><ele>106.2</ele></rtept><rtept lat="57.536435" lon="12.406003"><ele>106.4</ele></rtept><rtept lat="57.536408" lon="12.405995"><ele>106.4</ele></rtept><rtept lat="57.536377" lon="12.405988"><ele>106.4</ele></rtept><rtept lat="57.536352" lon="12.405978"><ele>106.6</ele></rtept><rtept lat="57.536332" lon="12.405968"><ele>106.6</ele></rtept><rtept lat="57.536307" lon="12.405945"><ele>107.2</ele></rtept><rtept lat="57.536287" lon="12.405915"><ele>107.2</ele></rtept><rtept lat="57.536268" lon="12.405888"><ele>106.8</ele></rtept><rtept lat="57.536242" lon="12.405857"><ele>107.2</ele></rtept><rtept lat="57.536217" lon="12.40582"><ele>107.2</ele></rtept><rtept lat="57.536192" lon="12.405795"><ele>107.4</ele></rtept><rtept lat="57.536172" lon="12.40577"><ele>107.4</ele></rtept><rtept lat="57.536147" lon="12.40574"><ele>107.2</ele></rtept><rtept lat="57.536127" lon="12.405717"><ele>107.8</ele></rtept><rtept lat="57.536095" lon="12.405692"><ele>107.6</ele></rtept><rtept lat="57.53607" lon="12.405672"><ele>107.4</ele></rtept><rtept lat="57.536038" lon="12.405642"><ele>107.6</ele></rtept><rtept lat="57.536012" lon="12.405605"><ele>107.4</ele></rtept><rtept lat="57.535973" lon="12.405578"><ele>107.8</ele></rtept><rtept lat="57.535955" lon="12.405562"><ele>107.6</ele></rtept><rtept lat="57.535928" lon="12.405538"><ele>107.4</ele></rtept><rtept lat="57.535897" lon="12.405513"><ele>108.0</ele></rtept><rtept lat="57.535872" lon="12.405488"><ele>107.6</ele></rtept><rtept lat="57.53584" lon="12.405463"><ele>107.8</ele></rtept><rtept lat="57.535807" lon="12.405438"><ele>108.0</ele></rtept><rtept lat="57.535782" lon="12.405403"><ele>107.6</ele></rtept><rtept lat="57.535757" lon="12.405368"><ele>108.2</ele></rtept><rtept lat="57.53573" lon="12.405322"><ele>108.0</ele></rtept><rtept lat="57.535712" lon="12.405283"><ele>108.2</ele></rtept><rtept lat="57.535685" lon="12.405255"><ele>108.2</ele></rtept><rtept lat="57.535653" lon="12.405238"><ele>108.0</ele></rtept><rtept lat="57.535622" lon="12.40522"><ele>108.6</ele></rtept><rtept lat="57.535597" lon="12.4052"><ele>108.2</ele></rtept><rtept lat="57.535563" lon="12.40517"><ele>108.0</ele></rtept><rtept lat="57.535532" lon="12.405145"><ele>108.2</ele></rtept><rtept lat="57.5355" lon="12.405123"><ele>108.0</ele></rtept><rtept lat="57.535475" lon="12.40509"><ele>108.4</ele></rtept><rtept lat="57.535448" lon="12.405063"><ele>108.2</ele></rtept><rtept lat="57.535423" lon="12.405027"><ele>108.0</ele></rtept><rtept lat="57.535398" lon="12.404997"><ele>108.4</ele></rtept><rtept lat="57.535372" lon="12.404972"><ele>108.0</ele></rtept><rtept lat="57.535353" lon="12.404942"><ele>107.6</ele></rtept><rtept lat="57.53532" lon="12.404898"><ele>107.8</ele></rtept><rtept lat="57.535288" lon="12.404845"><ele>108.0</ele></rtept><rtept lat="57.53527" lon="12.404812"><ele>108.0</ele></rtept><rtept lat="57.53525" lon="12.404777"><ele>107.6</ele></rtept><rtept lat="57.535225" lon="12.404747"><ele>108.0</ele></rtept><rtept lat="57.535187" lon="12.404712"><ele>107.6</ele></rtept><rtept lat="57.535155" lon="12.404687"><ele>107.8</ele></rtept><rtept lat="57.535128" lon="12.40466"><ele>108.0</ele></rtept><rtept lat="57.53509" lon="12.404628"><ele>107.8</ele></rtept><rtept lat="57.535065" lon="12.404608"><ele>108.2</ele></rtept><rtept lat="57.535033" lon="12.404582"><ele>108.0</ele></rtept><rtept lat="57.535" lon="12.40454"><ele>107.4</ele></rtept><rtept lat="57.534982" lon="12.404508"><ele>107.8</ele></rtept><rtept lat="57.534962" lon="12.404475"><ele>107.6</ele></rtept><rtept lat="57.534937" lon="12.404437"><ele>107.2</ele></rtept><rtept lat="57.534905" lon="12.404403"><ele>107.2</ele></rtept><rtept lat="57.53488" lon="12.40434"><ele>106.8</ele></rtept><rtept lat="57.53486" lon="12.404302"><ele>106.8</ele></rtept><rtept lat="57.53484" lon="12.404272"><ele>106.4</ele></rtept><rtept lat="57.534808" lon="12.404245"><ele>106.6</ele></rtept><rtept lat="57.534783" lon="12.40422"><ele>106.4</ele></rtept><rtept lat="57.534758" lon="12.404192"><ele>106.0</ele></rtept><rtept lat="57.534725" lon="12.404165"><ele>106.2</ele></rtept><rtept lat="57.534707" lon="12.404142"><ele>105.8</ele></rtept><rtept lat="57.534668" lon="12.404132"><ele>105.8</ele></rtept><rtept lat="57.53463" lon="12.404113"><ele>105.8</ele></rtept><rtept lat="57.534603" lon="12.404102"><ele>105.4</ele></rtept><rtept lat="57.534578" lon="12.404083"><ele>106.0</ele></rtept><rtept lat="57.53454" lon="12.404073"><ele>105.8</ele></rtept><rtept lat="57.534515" lon="12.404058"><ele>106.0</ele></rtept><rtept lat="57.534482" lon="12.404047"><ele>106.2</ele></rtept><rtept lat="57.534457" lon="12.404032"><ele>105.8</ele></rtept><rtept lat="57.534432" lon="12.404023"><ele>106.2</ele></rtept><rtept lat="57.534405" lon="12.404012"><ele>106.0</ele></rtept><rtept lat="57.534387" lon="12.403993"><ele>106.2</ele></rtept><rtept lat="57.534355" lon="12.403978"><ele>106.4</ele></rtept><rtept lat="57.534328" lon="12.403955"><ele>106.2</ele></rtept><rtept lat="57.53431" lon="12.403928"><ele>106.8</ele></rtept><rtept lat="57.534283" lon="12.403902"><ele>106.6</ele></rtept><rtept lat="57.534265" lon="12.403878"><ele>107.2</ele></rtept><rtept lat="57.534245" lon="12.40385"><ele>107.2</ele></rtept><rtept lat="57.53424" lon="12.403815"><ele>107.0</ele></rtept><rtept lat="57.53422" lon="12.40378"><ele>107.6</ele></rtept><rtept lat="57.534207" lon="12.403745"><ele>107.4</ele></rtept><rtept lat="57.534188" lon="12.403703"><ele>107.8</ele></rtept><rtept lat="57.534168" lon="12.403677"><ele>108.2</ele></rtept><rtept lat="57.534143" lon="12.403643"><ele>108.2</ele></rtept><rtept lat="57.53413" lon="12.403615"><ele>108.6</ele></rtept><rtept lat="57.534112" lon="12.403592"><ele>108.4</ele></rtept><rtept lat="57.534085" lon="12.403572"><ele>108.6</ele></rtept><rtept lat="57.534067" lon="12.403552"><ele>108.8</ele></rtept><rtept lat="57.534047" lon="12.403522"><ele>108.6</ele></rtept><rtept lat="57.534022" lon="12.403498"><ele>109.0</ele></rtept><rtept lat="57.533997" lon="12.403472"><ele>109.0</ele></rtept><rtept lat="57.533977" lon="12.40345"><ele>108.6</ele></rtept><rtept lat="57.533952" lon="12.403427"><ele>109.0</ele></rtept><rtept lat="57.533932" lon="12.403418"><ele>108.8</ele></rtept><rtept lat="57.533913" lon="12.403407"><ele>108.6</ele></rtept><rtept lat="57.533893" lon="12.403388"><ele>108.8</ele></rtept><rtept lat="57.533875" lon="12.403367"><ele>108.4</ele></rtept><rtept lat="57.533848" lon="12.403348"><ele>108.4</ele></rtept><rtept lat="57.533823" lon="12.403328"><ele>108.6</ele></rtept><rtept lat="57.533798" lon="12.403307"><ele>108.2</ele></rtept><rtept lat="57.533778" lon="12.403287"><ele>108.4</ele></rtept><rtept lat="57.533747" lon="12.403253"><ele>107.8</ele></rtept><rtept lat="57.533727" lon="12.403233"><ele>108.2</ele></rtept><rtept lat="57.533708" lon="12.403218"><ele>107.8</ele></rtept><rtept lat="57.533682" lon="12.403198"><ele>108.2</ele></rtept><rtept lat="57.533638" lon="12.403175"><ele>107.8</ele></rtept><rtept lat="57.5336" lon="12.403158"><ele>108.2</ele></rtept><rtept lat="57.533567" lon="12.403135"><ele>108.0</ele></rtept><rtept lat="57.533542" lon="12.403103"><ele>108.2</ele></rtept><rtept lat="57.533522" lon="12.403083"><ele>108.4</ele></rtept><rtept lat="57.533497" lon="12.403058"><ele>108.2</ele></rtept><rtept lat="57.533472" lon="12.403028"><ele>108.6</ele></rtept><rtept lat="57.533445" lon="12.403008"><ele>108.4</ele></rtept><rtept lat="57.533413" lon="12.403"><ele>108.2</ele></rtept><rtept lat="57.533395" lon="12.40299"><ele>108.2</ele></rtept><rtept lat="57.533368" lon="12.402988"><ele>108.0</ele></rtept><rtept lat="57.533323" lon="12.402977"><ele>108.4</ele></rtept><rtept lat="57.533298" lon="12.40296"><ele>108.2</ele></rtept><rtept lat="57.533273" lon="12.402937"><ele>108.0</ele></rtept><rtept lat="57.533253" lon="12.40291"><ele>108.2</ele></rtept><rtept lat="57.533235" lon="12.402882"><ele>107.8</ele></rtept><rtept lat="57.533208" lon="12.402855"><ele>107.8</ele></rtept><rtept lat="57.53319" lon="12.402832"><ele>108.0</ele></rtept><rtept lat="57.533158" lon="12.402805"><ele>108.0</ele></rtept><rtept lat="57.533132" lon="12.402785"><ele>107.6</ele></rtept><rtept lat="57.533113" lon="12.402772"><ele>107.6</ele></rtept><rtept lat="57.533087" lon="12.402758"><ele>108.0</ele></rtept><rtept lat="57.533055" lon="12.402747"><ele>107.6</ele></rtept><rtept lat="57.53301" lon="12.40274"><ele>107.6</ele></rtept><rtept lat="57.532978" lon="12.402717"><ele>107.8</ele></rtept><rtept lat="57.532933" lon="12.4027"><ele>107.4</ele></rtept><rtept lat="57.532888" lon="12.402693"><ele>107.8</ele></rtept><rtept lat="57.53285" lon="12.402668"><ele>107.6</ele></rtept><rtept lat="57.532812" lon="12.40264"><ele>107.4</ele></rtept><rtept lat="57.53278" lon="12.402612"><ele>107.6</ele></rtept><rtept lat="57.53276" lon="12.402583"><ele>107.2</ele></rtept><rtept lat="57.532735" lon="12.402557"><ele>107.6</ele></rtept><rtept lat="57.53271" lon="12.402535"><ele>107.4</ele></rtept><rtept lat="57.532678" lon="12.402515"><ele>107.4</ele></rtept><rtept lat="57.532652" lon="12.402495"><ele>107.8</ele></rtept><rtept lat="57.532633" lon="12.40247"><ele>107.6</ele></rtept><rtept lat="57.5326" lon="12.402448"><ele>107.2</ele></rtept><rtept lat="57.532582" lon="12.402415"><ele>107.6</ele></rtept><rtept lat="57.532557" lon="12.40238"><ele>107.2</ele></rtept><rtept lat="57.53253" lon="12.402343"><ele>107.2</ele></rtept><rtept lat="57.532512" lon="12.402305"><ele>107.4</ele></rtept><rtept lat="57.532492" lon="12.402263"><ele>107.0</ele></rtept><rtept lat="57.532473" lon="12.40222"><ele>107.4</ele></rtept><rtept lat="57.532453" lon="12.402177"><ele>107.0</ele></rtept><rtept lat="57.532428" lon="12.402125"><ele>106.4</ele></rtept><rtept lat="57.532415" lon="12.402078"><ele>106.8</ele></rtept><rtept lat="57.532397" lon="12.402047"><ele>106.4</ele></rtept><rtept lat="57.532377" lon="12.402007"><ele>105.8</ele></rtept><rtept lat="57.532358" lon="12.401962"><ele>106.2</ele></rtept><rtept lat="57.532338" lon="12.401918"><ele>105.6</ele></rtept><rtept lat="57.53232" lon="12.40188"><ele>105.8</ele></rtept><rtept lat="57.532293" lon="12.401832"><ele>105.8</ele></rtept><rtept lat="57.53228" lon="12.401793"><ele>105.4</ele></rtept><rtept lat="57.532262" lon="12.401748"><ele>105.6</ele></rtept><rtept lat="57.532242" lon="12.401702"><ele>105.2</ele></rtept><rtept lat="57.532237" lon="12.40165"><ele>104.8</ele></rtept><rtept lat="57.532223" lon="12.401603"><ele>105.0</ele></rtept><rtept lat="57.532203" lon="12.401557"><ele>104.6</ele></rtept><rtept lat="57.532192" lon="12.401507"><ele>104.4</ele></rtept><rtept lat="57.532172" lon="12.401465"><ele>104.6</ele></rtept><rtept lat="57.53216" lon="12.401432"><ele>104.2</ele></rtept><rtept lat="57.53214" lon="12.401392"><ele>104.4</ele></rtept><rtept lat="57.53212" lon="12.40136"><ele>104.2</ele></rtept><rtept lat="57.532095" lon="12.40134"><ele>103.6</ele></rtept><rtept lat="57.532063" lon="12.401317"><ele>104.2</ele></rtept><rtept lat="57.532038" lon="12.401278"><ele>103.8</ele></rtept><rtept lat="57.532012" lon="12.401242"><ele>104.2</ele></rtept><rtept lat="57.531987" lon="12.401202"><ele>104.0</ele></rtept><rtept lat="57.531967" lon="12.401163"><ele>103.8</ele></rtept><rtept lat="57.531955" lon="12.40114"><ele>104.2</ele></rtept><rtept lat="57.531935" lon="12.401112"><ele>104.0</ele></rtept><rtept lat="57.531917" lon="12.401088"><ele>104.2</ele></rtept><rtept lat="57.531897" lon="12.401065"><ele>104.2</ele></rtept><rtept lat="57.531872" lon="12.401053"><ele>103.8</ele></rtept><rtept lat="57.531833" lon="12.401035"><ele>104.4</ele></rtept><rtept lat="57.531807" lon="12.401015"><ele>104.0</ele></rtept><rtept lat="57.531788" lon="12.400988"><ele>104.2</ele></rtept><rtept lat="57.531768" lon="12.40096"><ele>104.2</ele></rtept><rtept lat="57.531737" lon="12.400943"><ele>104.6</ele></rtept><rtept lat="57.531718" lon="12.400918"><ele>104.4</ele></rtept><rtept lat="57.531692" lon="12.4009"><ele>105.0</ele></rtept><rtept lat="57.53166" lon="12.40088"><ele>105.2</ele></rtept><rtept lat="57.53164" lon="12.40086"><ele>105.6</ele></rtept><rtept lat="57.531622" lon="12.400843"><ele>105.8</ele></rtept><rtept lat="57.531602" lon="12.400823"><ele>105.8</ele></rtept><rtept lat="57.531583" lon="12.400815"><ele>106.4</ele></rtept><rtept lat="57.531558" lon="12.400802"><ele>106.4</ele></rtept><rtept lat="57.531538" lon="12.4008"><ele>107.0</ele></rtept><rtept lat="57.531513" lon="12.400785"><ele>107.2</ele></rtept><rtept lat="57.53148" lon="12.40077"><ele>107.2</ele></rtept><rtept lat="57.531462" lon="12.400765"><ele>107.8</ele></rtept><rtept lat="57.531437" lon="12.400757"><ele>107.8</ele></rtept><rtept lat="57.531417" lon="12.400757"><ele>107.6</ele></rtept><rtept lat="57.531392" lon="12.400755"><ele>108.2</ele></rtept><rtept lat="57.531372" lon="12.400758"><ele>108.0</ele></rtept><rtept lat="57.531353" lon="12.40077"><ele>108.2</ele></rtept><rtept lat="57.531327" lon="12.400777"><ele>108.6</ele></rtept><rtept lat="57.531308" lon="12.400778"><ele>108.4</ele></rtept><rtept lat="57.531282" lon="12.40078"><ele>108.8</ele></rtept><rtept lat="57.531263" lon="12.400785"><ele>109.0</ele></rtept><rtept lat="57.531232" lon="12.400787"><ele>108.8</ele></rtept><rtept lat="57.531205" lon="12.400795"><ele>109.6</ele></rtept><rtept lat="57.531173" lon="12.400798"><ele>109.6</ele></rtept><rtept lat="57.531148" lon="12.400798"><ele>109.0</ele></rtept><rtept lat="57.531128" lon="12.4008"><ele>109.6</ele></rtept><rtept lat="57.531097" lon="12.400805"><ele>109.2</ele></rtept><rtept lat="57.531065" lon="12.400817"><ele>109.4</ele></rtept><rtept lat="57.531033" lon="12.400822"><ele>109.6</ele></rtept><rtept lat="57.530995" lon="12.40083"><ele>109.4</ele></rtept><rtept lat="57.530975" lon="12.40083"><ele>109.8</ele></rtept><rtept lat="57.530943" lon="12.400832"><ele>109.6</ele></rtept><rtept lat="57.530923" lon="12.400837"><ele>109.2</ele></rtept><rtept lat="57.530892" lon="12.40084"><ele>109.6</ele></rtept><rtept lat="57.530853" lon="12.400855"><ele>109.4</ele></rtept><rtept lat="57.530828" lon="12.40087"><ele>109.6</ele></rtept><rtept lat="57.530797" lon="12.40088"><ele>109.8</ele></rtept><rtept lat="57.530777" lon="12.400883"><ele>109.6</ele></rtept><rtept lat="57.530758" lon="12.400877"><ele>109.8</ele></rtept><rtept lat="57.530732" lon="12.400865"><ele>109.8</ele></rtept><rtept lat="57.530707" lon="12.400863"><ele>109.4</ele></rtept><rtept lat="57.530668" lon="12.400875"><ele>109.6</ele></rtept><rtept lat="57.530648" lon="12.40088"><ele>110.2</ele></rtept><rtept lat="57.53063" lon="12.400877"><ele>110.0</ele></rtept><rtept lat="57.530598" lon="12.40088"><ele>109.6</ele></rtept><rtept lat="57.530572" lon="12.40088"><ele>110.0</ele></rtept><rtept lat="57.530553" lon="12.40089"><ele>109.8</ele></rtept><rtept lat="57.530515" lon="12.400913"><ele>110.2</ele></rtept><rtept lat="57.530477" lon="12.40093"><ele>110.2</ele></rtept><rtept lat="57.53045" lon="12.40095"><ele>109.8</ele></rtept><rtept lat="57.530418" lon="12.40097"><ele>110.2</ele></rtept><rtept lat="57.530387" lon="12.400983"><ele>109.8</ele></rtept><rtept lat="57.530355" lon="12.40098"><ele>110.2</ele></rtept><rtept lat="57.530328" lon="12.40099"><ele>110.2</ele></rtept><rtept lat="57.530297" lon="12.40099"><ele>109.8</ele></rtept><rtept lat="57.530272" lon="12.400983"><ele>110.4</ele></rtept><rtept lat="57.53024" lon="12.40098"><ele>110.2</ele></rtept><rtept lat="57.530213" lon="12.40098"><ele>110.2</ele></rtept><rtept lat="57.530188" lon="12.400983"><ele>110.4</ele></rtept><rtept lat="57.530157" lon="12.400995"><ele>110.0</ele></rtept><rtept lat="57.530123" lon="12.401"><ele>110.4</ele></rtept><rtept lat="57.530098" lon="12.401003"><ele>110.6</ele></rtept><rtept lat="57.530073" lon="12.401008"><ele>110.2</ele></rtept><rtept lat="57.53004" lon="12.401015"><ele>110.4</ele></rtept><rtept lat="57.530015" lon="12.401023"><ele>110.0</ele></rtept><rtept lat="57.52997" lon="12.401048"><ele>109.6</ele></rtept><rtept lat="57.529938" lon="12.40105"><ele>109.8</ele></rtept><rtept lat="57.529907" lon="12.40105"><ele>109.4</ele></rtept><rtept lat="57.529862" lon="12.40105"><ele>108.8</ele></rtept><rtept lat="57.529823" lon="12.401055"><ele>109.2</ele></rtept><rtept lat="57.529792" lon="12.401062"><ele>108.4</ele></rtept><rtept lat="57.52976" lon="12.401068"><ele>108.2</ele></rtept><rtept lat="57.52974" lon="12.401073"><ele>108.2</ele></rtept><rtept lat="57.529715" lon="12.401078"><ele>107.6</ele></rtept><rtept lat="57.529688" lon="12.401075"><ele>108.0</ele></rtept><rtept lat="57.529663" lon="12.401073"><ele>107.6</ele></rtept><rtept lat="57.529638" lon="12.401068"><ele>107.2</ele></rtept><rtept lat="57.529612" lon="12.401065"><ele>107.4</ele></rtept><rtept lat="57.529593" lon="12.401062"><ele>107.0</ele></rtept><rtept lat="57.529567" lon="12.401053"><ele>107.4</ele></rtept><rtept lat="57.529542" lon="12.401048"><ele>107.2</ele></rtept><rtept lat="57.529522" lon="12.401048"><ele>106.8</ele></rtept><rtept lat="57.529503" lon="12.40104"><ele>107.2</ele></rtept><rtept lat="57.529472" lon="12.401038"><ele>107.4</ele></rtept><rtept lat="57.529445" lon="12.401035"><ele>107.4</ele></rtept><rtept lat="57.529413" lon="12.401022"><ele>107.0</ele></rtept><rtept lat="57.529382" lon="12.40102"><ele>107.6</ele></rtept><rtept lat="57.529343" lon="12.401033"><ele>107.2</ele></rtept><rtept lat="57.529323" lon="12.401028"><ele>107.6</ele></rtept><rtept lat="57.529305" lon="12.401028"><ele>107.4</ele></rtept><rtept lat="57.529273" lon="12.401028"><ele>107.2</ele></rtept><rtept lat="57.529235" lon="12.401015"><ele>108.0</ele></rtept><rtept lat="57.529202" lon="12.401008"><ele>107.6</ele></rtept><rtept lat="57.529177" lon="12.400995"><ele>108.0</ele></rtept><rtept lat="57.529145" lon="12.400988"><ele>108.0</ele></rtept><rtept lat="57.529113" lon="12.400983"><ele>107.6</ele></rtept><rtept lat="57.52908" lon="12.400985"><ele>108.2</ele></rtept><rtept lat="57.529048" lon="12.40098"><ele>107.8</ele></rtept><rtept lat="57.529023" lon="12.40097"><ele>107.8</ele></rtept><rtept lat="57.528998" lon="12.400955"><ele>108.0</ele></rtept><rtept lat="57.528958" lon="12.400943"><ele>107.8</ele></rtept><rtept lat="57.528927" lon="12.400937"><ele>108.2</ele></rtept><rtept lat="57.528888" lon="12.400933"><ele>108.0</ele></rtept><rtept lat="57.52885" lon="12.400933"><ele>108.4</ele></rtept><rtept lat="57.528818" lon="12.400933"><ele>108.2</ele></rtept><rtept lat="57.528787" lon="12.400928"><ele>108.0</ele></rtept><rtept lat="57.52876" lon="12.400923"><ele>108.8</ele></rtept><rtept lat="57.528742" lon="12.40092"><ele>108.2</ele></rtept><rtept lat="57.528722" lon="12.400913"><ele>108.4</ele></rtept><rtept lat="57.52869" lon="12.400917"><ele>108.6</ele></rtept><rtept lat="57.528658" lon="12.400925"><ele>108.2</ele></rtept><rtept lat="57.528633" lon="12.400938"><ele>108.6</ele></rtept><rtept lat="57.528607" lon="12.400945"><ele>108.2</ele></rtept><rtept lat="57.528588" lon="12.400953"><ele>108.0</ele></rtept><rtept lat="57.52855" lon="12.400983"><ele>108.4</ele></rtept><rtept lat="57.52853" lon="12.401013"><ele>108.0</ele></rtept><rtept lat="57.528505" lon="12.401043"><ele>107.6</ele></rtept><rtept lat="57.528473" lon="12.401062"><ele>107.8</ele></rtept><rtept lat="57.528435" lon="12.401108"><ele>107.4</ele></rtept><rtept lat="57.528408" lon="12.401138"><ele>107.4</ele></rtept><rtept lat="57.528383" lon="12.401173"><ele>107.0</ele></rtept><rtept lat="57.528358" lon="12.4012"><ele>107.4</ele></rtept><rtept lat="57.528325" lon="12.401227"><ele>107.0</ele></rtept><rtept lat="57.528293" lon="12.401252"><ele>106.8</ele></rtept><rtept lat="57.528262" lon="12.401272"><ele>106.8</ele></rtept><rtept lat="57.528223" lon="12.401268"><ele>106.6</ele></rtept><rtept lat="57.528192" lon="12.401242"><ele>106.8</ele></rtept><rtept lat="57.52816" lon="12.401207"><ele>106.6</ele></rtept><rtept lat="57.528127" lon="12.401162"><ele>106.0</ele></rtept><rtept lat="57.528102" lon="12.401108"><ele>106.2</ele></rtept><rtept lat="57.528077" lon="12.40106"><ele>106.2</ele></rtept><rtept lat="57.52805" lon="12.401008"><ele>106.6</ele></rtept><rtept lat="57.528038" lon="12.400957"><ele>106.2</ele></rtept><rtept lat="57.528025" lon="12.400897"><ele>106.2</ele></rtept><rtept lat="57.528005" lon="12.400845"><ele>106.4</ele></rtept><rtept lat="57.527993" lon="12.4008"><ele>106.2</ele></rtept><rtept lat="57.527973" lon="12.40075"><ele>106.6</ele></rtept><rtept lat="57.52796" lon="12.400702"><ele>106.4</ele></rtept><rtept lat="57.527948" lon="12.400657"><ele>106.2</ele></rtept><rtept lat="57.527935" lon="12.400607"><ele>106.4</ele></rtept><rtept lat="57.527922" lon="12.400563"><ele>106.2</ele></rtept><rtept lat="57.52791" lon="12.400513"><ele>106.6</ele></rtept><rtept lat="57.52789" lon="12.400472"><ele>106.4</ele></rtept><rtept lat="57.527872" lon="12.400432"><ele>106.0</ele></rtept><rtept lat="57.527865" lon="12.400382"><ele>106.4</ele></rtept><rtept lat="57.527845" lon="12.400355"><ele>106.0</ele></rtept><rtept lat="57.527813" lon="12.400322"><ele>106.4</ele></rtept><rtept lat="57.527788" lon="12.400283"><ele>106.4</ele></rtept><rtept lat="57.527757" lon="12.40024"><ele>106.2</ele></rtept><rtept lat="57.527737" lon="12.4002"><ele>106.8</ele></rtept><rtept lat="57.527712" lon="12.400165"><ele>106.4</ele></rtept><rtept lat="57.527685" lon="12.400135"><ele>106.4</ele></rtept><rtept lat="57.527667" lon="12.400103"><ele>106.4</ele></rtept><rtept lat="57.52764" lon="12.400072"><ele>106.4</ele></rtept><rtept lat="57.527622" lon="12.400045"><ele>107.0</ele></rtept><rtept lat="57.527597" lon="12.40002"><ele>106.8</ele></rtept><rtept lat="57.527577" lon="12.399998"><ele>106.4</ele></rtept><rtept lat="57.527558" lon="12.399972"><ele>106.8</ele></rtept><rtept lat="57.527532" lon="12.39995"><ele>106.6</ele></rtept><rtept lat="57.527513" lon="12.399927"><ele>107.0</ele></rtept><rtept lat="57.527493" lon="12.399905"><ele>106.8</ele></rtept><rtept lat="57.527462" lon="12.39988"><ele>106.6</ele></rtept><rtept lat="57.52743" lon="12.39986"><ele>107.0</ele></rtept><rtept lat="57.527403" lon="12.399848"><ele>106.8</ele></rtept><rtept lat="57.527378" lon="12.399823"><ele>107.2</ele></rtept><rtept lat="57.527353" lon="12.399788"><ele>107.4</ele></rtept><rtept lat="57.527327" lon="12.399758"><ele>107.4</ele></rtept><rtept lat="57.527315" lon="12.399723"><ele>108.0</ele></rtept><rtept lat="57.527308" lon="12.399687"><ele>107.8</ele></rtept><rtept lat="57.527288" lon="12.399648"><ele>107.8</ele></rtept><rtept lat="57.527277" lon="12.39961"><ele>108.2</ele></rtept><rtept lat="57.527263" lon="12.39958"><ele>108.0</ele></rtept><rtept lat="57.527238" lon="12.39955"><ele>108.6</ele></rtept><rtept lat="57.527218" lon="12.399528"><ele>108.6</ele></rtept><rtept lat="57.5272" lon="12.399503"><ele>108.2</ele></rtept><rtept lat="57.52718" lon="12.399475"><ele>108.8</ele></rtept><rtept lat="57.527167" lon="12.399443"><ele>108.8</ele></rtept><rtept lat="57.527148" lon="12.399422"><ele>109.2</ele></rtept><rtept lat="57.527128" lon="12.399447"><ele>109.4</ele></rtept><rtept lat="57.52711" lon="12.399475"><ele>109.2</ele></rtept><rtept lat="57.527097" lon="12.3995"><ele>109.6</ele></rtept><rtept lat="57.527083" lon="12.39953"><ele>109.6</ele></rtept><rtept lat="57.527072" lon="12.39957"><ele>109.2</ele></rtept><rtept lat="57.527058" lon="12.399608"><ele>109.8</ele></rtept><rtept lat="57.527052" lon="12.399648"><ele>109.4</ele></rtept><rtept lat="57.52704" lon="12.39968"><ele>109.4</ele></rtept><rtept lat="57.527013" lon="12.399737"><ele>109.2</ele></rtept><rtept lat="57.526995" lon="12.399773"><ele>109.8</ele></rtept><rtept lat="57.526982" lon="12.399807"><ele>109.6</ele></rtept><rtept lat="57.526962" lon="12.399843"><ele>109.2</ele></rtept><rtept lat="57.526957" lon="12.399877"><ele>109.6</ele></rtept><rtept lat="57.526943" lon="12.399908"><ele>109.2</ele></rtept><rtept lat="57.52693" lon="12.399942"><ele>109.4</ele></rtept><rtept lat="57.526918" lon="12.399972"><ele>109.2</ele></rtept><rtept lat="57.526905" lon="12.4"><ele>108.8</ele></rtept><rtept lat="57.526892" lon="12.400025"><ele>109.4</ele></rtept><rtept lat="57.52688" lon="12.400052"><ele>109.2</ele></rtept><rtept lat="57.52686" lon="12.400085"><ele>110.0</ele></rtept><rtept lat="57.52684" lon="12.400117"><ele>110.0</ele></rtept><rtept lat="57.526822" lon="12.400155"><ele>109.8</ele></rtept><rtept lat="57.526815" lon="12.400193"><ele>110.4</ele></rtept><rtept lat="57.526797" lon="12.400235"><ele>110.4</ele></rtept><rtept lat="57.526783" lon="12.400278"><ele>111.0</ele></rtept><rtept lat="57.526777" lon="12.40032"><ele>110.8</ele></rtept><rtept lat="57.52677" lon="12.400353"><ele>110.8</ele></rtept><rtept lat="57.526758" lon="12.400393"><ele>111.2</ele></rtept><rtept lat="57.526738" lon="12.400428"><ele>110.8</ele></rtept><rtept lat="57.526725" lon="12.400463"><ele>110.6</ele></rtept><rtept lat="57.526713" lon="12.400512"><ele>110.8</ele></rtept><rtept lat="57.526693" lon="12.400553"><ele>110.4</ele></rtept><rtept lat="57.526675" lon="12.400593"><ele>110.0</ele></rtept><rtept lat="57.526655" lon="12.400637"><ele>110.4</ele></rtept><rtept lat="57.52663" lon="12.400675"><ele>110.0</ele></rtept><rtept lat="57.526603" lon="12.40071"><ele>110.0</ele></rtept><rtept lat="57.526585" lon="12.400742"><ele>109.8</ele></rtept><rtept lat="57.526565" lon="12.400772"><ele>109.6</ele></rtept><rtept lat="57.526547" lon="12.4008"><ele>110.0</ele></rtept><rtept lat="57.526533" lon="12.400827"><ele>109.6</ele></rtept><rtept lat="57.526515" lon="12.400872"><ele>109.6</ele></rtept><rtept lat="57.526482" lon="12.400917"><ele>109.6</ele></rtept><rtept lat="57.526443" lon="12.40097"><ele>109.4</ele></rtept><rtept lat="57.526418" lon="12.401018"><ele>110.2</ele></rtept><rtept lat="57.5264" lon="12.40106"><ele>110.0</ele></rtept><rtept lat="57.526373" lon="12.401108"><ele>110.2</ele></rtept><rtept lat="57.526355" lon="12.401133"><ele>110.6</ele></rtept><rtept lat="57.526335" lon="12.401173"><ele>110.4</ele></rtept><rtept lat="57.526317" lon="12.401207"><ele>110.8</ele></rtept><rtept lat="57.526303" lon="12.401232"><ele>110.6</ele></rtept><rtept lat="57.526272" lon="12.401272"><ele>110.8</ele></rtept><rtept lat="57.526245" lon="12.401287"><ele>110.4</ele></rtept><rtept lat="57.526227" lon="12.401307"><ele>110.6</ele></rtept><rtept lat="57.5262" lon="12.40132"><ele>110.4</ele></rtept><rtept lat="57.526175" lon="12.401345"><ele>110.2</ele></rtept><rtept lat="57.526143" lon="12.401375"><ele>110.6</ele></rtept><rtept lat="57.526118" lon="12.401397"><ele>110.4</ele></rtept><rtept lat="57.526092" lon="12.401417"><ele>110.6</ele></rtept><rtept lat="57.526067" lon="12.40143"><ele>110.8</ele></rtept><rtept lat="57.526047" lon="12.40144"><ele>110.8</ele></rtept><rtept lat="57.526028" lon="12.401457"><ele>111.2</ele></rtept><rtept lat="57.526008" lon="12.401472"><ele>111.2</ele></rtept><rtept lat="57.52599" lon="12.401485"><ele>110.8</ele></rtept><rtept lat="57.52597" lon="12.401495"><ele>111.4</ele></rtept><rtept lat="57.525938" lon="12.401523"><ele>112.2</ele></rtept><rtept lat="57.525913" lon="12.401537"><ele>112.2</ele></rtept><rtept lat="57.52588" lon="12.40155"><ele>112.0</ele></rtept><rtept lat="57.525862" lon="12.401565"><ele>112.6</ele></rtept><rtept lat="57.525823" lon="12.401595"><ele>112.4</ele></rtept><rtept lat="57.525792" lon="12.401613"><ele>113.0</ele></rtept><rtept lat="57.52576" lon="12.401625"><ele>112.8</ele></rtept><rtept lat="57.525715" lon="12.401633"><ele>112.6</ele></rtept><rtept lat="57.525677" lon="12.401637"><ele>113.2</ele></rtept><rtept lat="57.52565" lon="12.401628"><ele>113.2</ele></rtept><rtept lat="57.525625" lon="12.40162"><ele>113.2</ele></rtept><rtept lat="57.525593" lon="12.401608"><ele>113.6</ele></rtept><rtept lat="57.52556" lon="12.401597"><ele>113.4</ele></rtept><rtept lat="57.525528" lon="12.401595"><ele>113.6</ele></rtept><rtept lat="57.525503" lon="12.401588"><ele>113.6</ele></rtept><rtept lat="57.525465" lon="12.401583"><ele>113.4</ele></rtept><rtept lat="57.525433" lon="12.401572"><ele>113.6</ele></rtept><rtept lat="57.525395" lon="12.40158"><ele>113.4</ele></rtept><rtept lat="57.525368" lon="12.401597"><ele>112.8</ele></rtept><rtept lat="57.525343" lon="12.401617"><ele>113.4</ele></rtept><rtept lat="57.525312" lon="12.401655"><ele>112.8</ele></rtept><rtept lat="57.525292" lon="12.40168"><ele>113.2</ele></rtept><rtept lat="57.525273" lon="12.401715"><ele>112.6</ele></rtept><rtept lat="57.525253" lon="12.401755"><ele>112.4</ele></rtept><rtept lat="57.525235" lon="12.401795"><ele>112.6</ele></rtept><rtept lat="57.525215" lon="12.401828"><ele>111.8</ele></rtept><rtept lat="57.52519" lon="12.401857"><ele>112.2</ele></rtept><rtept lat="57.525163" lon="12.40188"><ele>111.8</ele></rtept><rtept lat="57.525145" lon="12.401903"><ele>111.4</ele></rtept><rtept lat="57.525125" lon="12.401933"><ele>111.8</ele></rtept><rtept lat="57.5251" lon="12.40196"><ele>111.6</ele></rtept><rtept lat="57.525075" lon="12.401993"><ele>112.0</ele></rtept><rtept lat="57.525048" lon="12.402013"><ele>111.8</ele></rtept><rtept lat="57.525023" lon="12.40204"><ele>111.6</ele></rtept><rtept lat="57.524992" lon="12.40207"><ele>112.4</ele></rtept><rtept lat="57.524972" lon="12.402085"><ele>112.0</ele></rtept><rtept lat="57.524947" lon="12.402105"><ele>112.4</ele></rtept><rtept lat="57.524927" lon="12.40212"><ele>112.4</ele></rtept><rtept lat="57.524908" lon="12.40214"><ele>112.0</ele></rtept><rtept lat="57.524877" lon="12.40218"><ele>112.0</ele></rtept><rtept lat="57.524857" lon="12.402205"><ele>111.6</ele></rtept><rtept lat="57.524832" lon="12.402212"><ele>112.2</ele></rtept><rtept lat="57.524805" lon="12.402223"><ele>111.6</ele></rtept><rtept lat="57.524773" lon="12.402243"><ele>111.8</ele></rtept><rtept lat="57.524735" lon="12.40226"><ele>111.8</ele></rtept><rtept lat="57.52471" lon="12.402275"><ele>111.6</ele></rtept><rtept lat="57.524683" lon="12.402283"><ele>112.0</ele></rtept><rtept lat="57.524658" lon="12.402285"><ele>111.8</ele></rtept><rtept lat="57.52462" lon="12.40229"><ele>112.0</ele></rtept><rtept lat="57.524595" lon="12.40228"><ele>112.2</ele></rtept><rtept lat="57.524557" lon="12.402283"><ele>112.0</ele></rtept><rtept lat="57.524518" lon="12.40227"><ele>112.8</ele></rtept><rtept lat="57.524485" lon="12.40226"><ele>112.4</ele></rtept><rtept lat="57.52446" lon="12.402243"><ele>112.2</ele></rtept><rtept lat="57.524435" lon="12.402225"><ele>112.6</ele></rtept><rtept lat="57.524415" lon="12.402207"><ele>112.2</ele></rtept><rtept lat="57.524397" lon="12.402195"><ele>112.8</ele></rtept><rtept lat="57.52437" lon="12.402177"><ele>112.8</ele></rtept><rtept lat="57.524345" lon="12.402145"><ele>112.2</ele></rtept><rtept lat="57.52432" lon="12.402125"><ele>112.6</ele></rtept><rtept lat="57.52428" lon="12.402132"><ele>113.0</ele></rtept><rtept lat="57.524248" lon="12.40213"><ele>113.4</ele></rtept><rtept lat="57.524217" lon="12.402112"><ele>113.0</ele></rtept><rtept lat="57.524172" lon="12.402117"><ele>112.8</ele></rtept><rtept lat="57.524115" lon="12.402127"><ele>113.2</ele></rtept><rtept lat="57.524043" lon="12.402172"><ele>112.8</ele></rtept><rtept lat="57.52396" lon="12.40222"><ele>112.4</ele></rtept><rtept lat="57.52389" lon="12.402257"><ele>112.8</ele></rtept><rtept lat="57.52384" lon="12.402283"><ele>112.4</ele></rtept><rtept lat="57.5238" lon="12.402297"><ele>111.8</ele></rtept><rtept lat="57.523813" lon="12.40233"><ele>111.6</ele></rtept><rtept lat="57.523827" lon="12.402357"><ele>111.2</ele></rtept><rtept lat="57.52384" lon="12.402395"><ele>111.4</ele></rtept><rtept lat="57.523845" lon="12.402428"><ele>110.8</ele></rtept><rtept lat="57.523852" lon="12.402468"><ele>110.6</ele></rtept><rtept lat="57.523858" lon="12.402503"><ele>110.4</ele></rtept><rtept lat="57.523858" lon="12.402548"><ele>109.8</ele></rtept><rtept lat="57.523865" lon="12.402598"><ele>109.4</ele></rtept><rtept lat="57.523865" lon="12.402638"><ele>109.2</ele></rtept><rtept lat="57.523858" lon="12.402673"><ele>108.4</ele></rtept><rtept lat="57.52384" lon="12.402717"><ele>108.0</ele></rtept><rtept lat="57.523807" lon="12.40274"><ele>107.6</ele></rtept><rtept lat="57.523782" lon="12.402747"><ele>106.8</ele></rtept><rtept lat="57.523757" lon="12.402758"><ele>106.4</ele></rtept><rtept lat="57.523737" lon="12.402767"><ele>106.4</ele></rtept><rtept lat="57.523718" lon="12.402772"><ele>106.0</ele></rtept><rtept lat="57.523698" lon="12.402775"><ele>105.4</ele></rtept><rtept lat="57.523673" lon="12.402792"><ele>105.6</ele></rtept><rtept lat="57.523653" lon="12.402805"><ele>105.0</ele></rtept><rtept lat="57.523628" lon="12.40281"><ele>104.4</ele></rtept><rtept lat="57.523608" lon="12.402805"><ele>104.8</ele></rtept><rtept lat="57.52359" lon="12.402812"><ele>104.2</ele></rtept><rtept lat="57.523558" lon="12.402822"><ele>104.6</ele></rtept><rtept lat="57.523532" lon="12.402837"><ele>104.4</ele></rtept><rtept lat="57.523507" lon="12.40285"><ele>104.2</ele></rtept><rtept lat="57.523475" lon="12.402845"><ele>104.0</ele></rtept><rtept lat="57.523448" lon="12.402852"><ele>103.6</ele></rtept><rtept lat="57.523403" lon="12.40288"><ele>103.4</ele></rtept><rtept lat="57.523385" lon="12.402885"><ele>102.8</ele></rtept><rtept lat="57.523353" lon="12.402897"><ele>102.6</ele></rtept><rtept lat="57.52332" lon="12.402892"><ele>101.8</ele></rtept><rtept lat="57.523282" lon="12.40288"><ele>101.2</ele></rtept><rtept lat="57.523243" lon="12.40288"><ele>101.4</ele></rtept><rtept lat="57.523205" lon="12.402858"><ele>101.0</ele></rtept><rtept lat="57.523167" lon="12.40284"><ele>100.2</ele></rtept><rtept lat="57.523128" lon="12.402832"><ele>100.4</ele></rtept><rtept lat="57.523097" lon="12.402812"><ele>99.8</ele></rtept><rtept lat="57.523072" lon="12.402785"><ele>99.8</ele></rtept><rtept lat="57.523045" lon="12.402758"><ele>99.6</ele></rtept><rtept lat="57.523013" lon="12.402732"><ele>99.2</ele></rtept><rtept lat="57.522988" lon="12.402718"><ele>99.6</ele></rtept><rtept lat="57.522962" lon="12.402708"><ele>99.0</ele></rtept><rtept lat="57.52293" lon="12.402707"><ele>99.0</ele></rtept><rtept lat="57.522905" lon="12.402707"><ele>99.2</ele></rtept><rtept lat="57.522867" lon="12.402702"><ele>98.8</ele></rtept><rtept lat="57.522835" lon="12.402707"><ele>99.4</ele></rtept><rtept lat="57.522797" lon="12.402702"><ele>99.2</ele></rtept><rtept lat="57.52277" lon="12.402688"><ele>99.2</ele></rtept><rtept lat="57.522732" lon="12.402688"><ele>99.2</ele></rtept><rtept lat="57.522693" lon="12.402683"><ele>99.2</ele></rtept><rtept lat="57.522668" lon="12.402673"><ele>100.0</ele></rtept><rtept lat="57.52263" lon="12.402658"><ele>99.6</ele></rtept><rtept lat="57.522572" lon="12.402662"><ele>99.4</ele></rtept><rtept lat="57.522527" lon="12.40266"><ele>99.8</ele></rtept><rtept lat="57.522477" lon="12.402643"><ele>99.8</ele></rtept><rtept lat="57.522425" lon="12.402643"><ele>100.2</ele></rtept><rtept lat="57.522393" lon="12.402607"><ele>100.4</ele></rtept><rtept lat="57.522355" lon="12.402587"><ele>100.2</ele></rtept><rtept lat="57.522328" lon="12.402557"><ele>100.8</ele></rtept><rtept lat="57.52229" lon="12.402538"><ele>100.6</ele></rtept><rtept lat="57.522265" lon="12.402508"><ele>100.4</ele></rtept><rtept lat="57.522233" lon="12.402487"><ele>101.0</ele></rtept><rtept lat="57.522227" lon="12.402448"><ele>100.8</ele></rtept><rtept lat="57.522207" lon="12.40241"><ele>100.4</ele></rtept><rtept lat="57.522195" lon="12.402363"><ele>100.8</ele></rtept><rtept lat="57.522188" lon="12.40231"><ele>100.4</ele></rtept><rtept lat="57.522175" lon="12.40225"><ele>100.6</ele></rtept><rtept lat="57.522157" lon="12.402217"><ele>101.0</ele></rtept><rtept lat="57.52213" lon="12.402205"><ele>101.0</ele></rtept><rtept lat="57.522112" lon="12.402187"><ele>100.6</ele></rtept><rtept lat="57.522092" lon="12.402157"><ele>101.0</ele></rtept><rtept lat="57.522073" lon="12.402132"><ele>100.8</ele></rtept><rtept lat="57.522047" lon="12.402112"><ele>101.2</ele></rtept><rtept lat="57.522028" lon="12.40209"><ele>101.4</ele></rtept><rtept lat="57.522002" lon="12.402065"><ele>101.0</ele></rtept><rtept lat="57.521977" lon="12.402042"><ele>101.8</ele></rtept><rtept lat="57.521945" lon="12.402"><ele>101.2</ele></rtept><rtept lat="57.521913" lon="12.401973"><ele>101.6</ele></rtept><rtept lat="57.521887" lon="12.401952"><ele>102.2</ele></rtept><rtept lat="57.521862" lon="12.40194"><ele>102.4</ele></rtept><rtept lat="57.52183" lon="12.401908"><ele>102.8</ele></rtept><rtept lat="57.521798" lon="12.40186"><ele>103.0</ele></rtept><rtept lat="57.521785" lon="12.401832"><ele>103.4</ele></rtept><rtept lat="57.521765" lon="12.401808"><ele>103.4</ele></rtept><rtept lat="57.521753" lon="12.401783"><ele>104.0</ele></rtept><rtept lat="57.521733" lon="12.401762"><ele>103.8</ele></rtept><rtept lat="57.52172" lon="12.401735"><ele>103.6</ele></rtept><rtept lat="57.521702" lon="12.401715"><ele>104.2</ele></rtept><rtept lat="57.521677" lon="12.40169"><ele>104.0</ele></rtept><rtept lat="57.521657" lon="12.401663"><ele>104.2</ele></rtept><rtept lat="57.521638" lon="12.401638"><ele>104.4</ele></rtept><rtept lat="57.521618" lon="12.401618"><ele>104.4</ele></rtept><rtept lat="57.521605" lon="12.40159"><ele>104.8</ele></rtept><rtept lat="57.521567" lon="12.401557"><ele>104.6</ele></rtept><rtept lat="57.521548" lon="12.401537"><ele>105.2</ele></rtept><rtept lat="57.521522" lon="12.40152"><ele>105.0</ele></rtept><rtept lat="57.521497" lon="12.4015"><ele>104.8</ele></rtept><rtept lat="57.521472" lon="12.401465"><ele>105.4</ele></rtept><rtept lat="57.521452" lon="12.401452"><ele>105.2</ele></rtept><rtept lat="57.52144" lon="12.401412"><ele>105.4</ele></rtept><rtept lat="57.52142" lon="12.401372"><ele>105.6</ele></rtept><rtept lat="57.5214" lon="12.401338"><ele>105.4</ele></rtept><rtept lat="57.521368" lon="12.401302"><ele>106.0</ele></rtept><rtept lat="57.521357" lon="12.401263"><ele>105.6</ele></rtept><rtept lat="57.521337" lon="12.401233"><ele>105.4</ele></rtept><rtept lat="57.521318" lon="12.401202"><ele>105.8</ele></rtept><rtept lat="57.521298" lon="12.401172"><ele>105.6</ele></rtept><rtept lat="57.52128" lon="12.401135"><ele>105.6</ele></rtept><rtept lat="57.52126" lon="12.401108"><ele>105.8</ele></rtept><rtept lat="57.52124" lon="12.401075"><ele>105.6</ele></rtept><rtept lat="57.521222" lon="12.401043"><ele>106.0</ele></rtept><rtept lat="57.521197" lon="12.40102"><ele>105.6</ele></rtept><rtept lat="57.521163" lon="12.400995"><ele>105.8</ele></rtept><rtept lat="57.521138" lon="12.400975"><ele>106.2</ele></rtept><rtept lat="57.521107" lon="12.400963"><ele>105.8</ele></rtept><rtept lat="57.52108" lon="12.40094"><ele>105.4</ele></rtept><rtept lat="57.521055" lon="12.40092"><ele>105.8</ele></rtept><rtept lat="57.521023" lon="12.400903"><ele>105.4</ele></rtept><rtept lat="57.520998" lon="12.400897"><ele>105.4</ele></rtept><rtept lat="57.520978" lon="12.400885"><ele>105.4</ele></rtept><rtept lat="57.520953" lon="12.400877"><ele>105.2</ele></rtept><rtept lat="57.520933" lon="12.400863"><ele>105.6</ele></rtept><rtept lat="57.520915" lon="12.40085"><ele>105.2</ele></rtept><rtept lat="57.520895" lon="12.40084"><ele>104.8</ele></rtept><rtept lat="57.520863" lon="12.40082"><ele>104.8</ele></rtept><rtept lat="57.520843" lon="12.400802"><ele>104.6</ele></rtept><rtept lat="57.520818" lon="12.400785"><ele>105.0</ele></rtept><rtept lat="57.520793" lon="12.40076"><ele>104.6</ele></rtept><rtept lat="57.520773" lon="12.400742"><ele>104.4</ele></rtept><rtept lat="57.520748" lon="12.400725"><ele>104.4</ele></rtept><rtept lat="57.520717" lon="12.400712"><ele>103.8</ele></rtept><rtept lat="57.520678" lon="12.400705"><ele>103.8</ele></rtept><rtept lat="57.520645" lon="12.400692"><ele>104.0</ele></rtept><rtept lat="57.52062" lon="12.400667"><ele>103.4</ele></rtept><rtept lat="57.5206" lon="12.400632"><ele>103.8</ele></rtept><rtept lat="57.520582" lon="12.4006"><ele>103.2</ele></rtept><rtept lat="57.520562" lon="12.400573"><ele>103.0</ele></rtept><rtept lat="57.520537" lon="12.400552"><ele>103.2</ele></rtept><rtept lat="57.520512" lon="12.400533"><ele>102.8</ele></rtept><rtept lat="57.52048" lon="12.400507"><ele>103.2</ele></rtept><rtept lat="57.520447" lon="12.400477"><ele>103.0</ele></rtept><rtept lat="57.520422" lon="12.40044"><ele>102.6</ele></rtept><rtept lat="57.520397" lon="12.400407"><ele>103.2</ele></rtept><rtept lat="57.52037" lon="12.400378"><ele>102.8</ele></rtept><rtept lat="57.520352" lon="12.400355"><ele>102.6</ele></rtept><rtept lat="57.520325" lon="12.400328"><ele>103.0</ele></rtept><rtept lat="57.520307" lon="12.400303"><ele>102.4</ele></rtept><rtept lat="57.520287" lon="12.400275"><ele>102.0</ele></rtept><rtept lat="57.520268" lon="12.40025"><ele>102.2</ele></rtept><rtept lat="57.520248" lon="12.400223"><ele>101.8</ele></rtept><rtept lat="57.520223" lon="12.400197"><ele>101.2</ele></rtept><rtept lat="57.520192" lon="12.400163"><ele>101.4</ele></rtept><rtept lat="57.520178" lon="12.400123"><ele>101.0</ele></rtept><rtept lat="57.520165" lon="12.40008"><ele>100.4</ele></rtept><rtept lat="57.52014" lon="12.400042"><ele>100.8</ele></rtept><rtept lat="57.520115" lon="12.400017"><ele>100.0</ele></rtept><rtept lat="57.520088" lon="12.399992"><ele>99.6</ele></rtept><rtept lat="57.52007" lon="12.39997"><ele>99.8</ele></rtept><rtept lat="57.520043" lon="12.39995"><ele>99.2</ele></rtept><rtept lat="57.520025" lon="12.399945"><ele>99.0</ele></rtept><rtept lat="57.52" lon="12.399947"><ele>99.2</ele></rtept><rtept lat="57.51998" lon="12.39993"><ele>98.6</ele></rtept><rtept lat="57.519948" lon="12.399883"><ele>98.8</ele></rtept><rtept lat="57.519928" lon="12.399863"><ele>98.8</ele></rtept><rtept lat="57.519903" lon="12.399848"><ele>99.0</ele></rtept><rtept lat="57.519878" lon="12.399832"><ele>98.8</ele></rtept><rtept lat="57.519845" lon="12.39982"><ele>99.4</ele></rtept><rtept lat="57.519813" lon="12.3998"><ele>99.2</ele></rtept><rtept lat="57.519782" lon="12.399772"><ele>98.8</ele></rtept><rtept lat="57.519737" lon="12.399743"><ele>99.2</ele></rtept><rtept lat="57.519692" lon="12.399718"><ele>99.0</ele></rtept><rtept lat="57.519647" lon="12.39969"><ele>99.4</ele></rtept><rtept lat="57.519615" lon="12.39966"><ele>99.4</ele></rtept><rtept lat="57.51957" lon="12.399638"><ele>99.0</ele></rtept><rtept lat="57.519545" lon="12.39958"><ele>99.6</ele></rtept><rtept lat="57.519538" lon="12.399493"><ele>99.2</ele></rtept><rtept lat="57.519507" lon="12.399477"><ele>99.0</ele></rtept><rtept lat="57.519487" lon="12.399445"><ele>99.2</ele></rtept><rtept lat="57.519455" lon="12.39942"><ele>99.0</ele></rtept><rtept lat="57.519423" lon="12.3994"><ele>99.4</ele></rtept><rtept lat="57.519392" lon="12.399387"><ele>99.0</ele></rtept><rtept lat="57.519372" lon="12.399382"><ele>98.4</ele></rtept><rtept lat="57.519353" lon="12.39935"><ele>98.6</ele></rtept><rtept lat="57.51932" lon="12.399332"><ele>98.4</ele></rtept><rtept lat="57.519295" lon="12.399325"><ele>98.8</ele></rtept><rtept lat="57.51927" lon="12.39931"><ele>98.6</ele></rtept><rtept lat="57.519232" lon="12.399258"><ele>98.6</ele></rtept><rtept lat="57.519218" lon="12.399213"><ele>98.4</ele></rtept><rtept lat="57.519193" lon="12.399187"><ele>98.6</ele></rtept><rtept lat="57.519167" lon="12.399163"><ele>99.0</ele></rtept><rtept lat="57.519135" lon="12.399137"><ele>98.8</ele></rtept><rtept lat="57.51911" lon="12.399108"><ele>99.0</ele></rtept><rtept lat="57.519097" lon="12.39908"><ele>98.8</ele></rtept><rtept lat="57.519097" lon="12.399042"><ele>99.0</ele></rtept><rtept lat="57.519058" lon="12.399032"><ele>99.0</ele></rtept><rtept lat="57.519027" lon="12.399035"><ele>99.2</ele></rtept><rtept lat="57.518995" lon="12.399027"><ele>99.4</ele></rtept><rtept lat="57.51895" lon="12.399018"><ele>99.6</ele></rtept><rtept lat="57.518923" lon="12.399003"><ele>99.8</ele></rtept><rtept lat="57.518898" lon="12.398987"><ele>99.8</ele></rtept><rtept lat="57.518873" lon="12.398965"><ele>99.8</ele></rtept><rtept lat="57.518847" lon="12.398938"><ele>100.0</ele></rtept><rtept lat="57.518822" lon="12.398902"><ele>99.6</ele></rtept><rtept lat="57.518815" lon="12.398868"><ele>100.0</ele></rtept><rtept lat="57.51879" lon="12.398835"><ele>100.0</ele></rtept><rtept lat="57.51877" lon="12.398813"><ele>100.2</ele></rtept><rtept lat="57.518752" lon="12.398785"><ele>100.0</ele></rtept><rtept lat="57.518732" lon="12.39878"><ele>100.4</ele></rtept><rtept lat="57.5187" lon="12.398777"><ele>100.4</ele></rtept><rtept lat="57.518675" lon="12.398775"><ele>100.2</ele></rtept><rtept lat="57.518662" lon="12.398743"><ele>100.6</ele></rtept><rtept lat="57.518642" lon="12.398712"><ele>100.4</ele></rtept><rtept lat="57.518617" lon="12.398685"><ele>100.0</ele></rtept><rtept lat="57.518598" lon="12.398625"><ele>100.4</ele></rtept><rtept lat="57.51861" lon="12.398578"><ele>100.0</ele></rtept><rtept lat="57.518572" lon="12.39855"><ele>100.2</ele></rtept><rtept lat="57.518553" lon="12.398538"><ele>100.2</ele></rtept><rtept lat="57.518533" lon="12.398525"><ele>100.4</ele></rtept><rtept lat="57.518508" lon="12.3985"><ele>100.2</ele></rtept><rtept lat="57.518495" lon="12.398467"><ele>100.8</ele></rtept><rtept lat="57.518477" lon="12.398407"><ele>100.8</ele></rtept><rtept lat="57.518443" lon="12.398383"><ele>101.2</ele></rtept><rtept lat="57.518412" lon="12.398373"><ele>101.0</ele></rtept><rtept lat="57.518387" lon="12.398342"><ele>101.4</ele></rtept><rtept lat="57.518367" lon="12.398308"><ele>101.2</ele></rtept><rtept lat="57.518342" lon="12.398282"><ele>102.0</ele></rtept><rtept lat="57.518317" lon="12.39823"><ele>102.8</ele></rtept><rtept lat="57.51829" lon="12.398198"><ele>103.2</ele></rtept><rtept lat="57.518252" lon="12.398175"><ele>103.0</ele></rtept><rtept lat="57.518227" lon="12.398163"><ele>103.6</ele></rtept><rtept lat="57.5182" lon="12.398153"><ele>103.4</ele></rtept><rtept lat="57.518182" lon="12.398137"><ele>103.6</ele></rtept><rtept lat="57.518162" lon="12.398113"><ele>103.6</ele></rtept><rtept lat="57.518143" lon="12.398083"><ele>103.2</ele></rtept><rtept lat="57.518123" lon="12.398057"><ele>103.6</ele></rtept><rtept lat="57.518105" lon="12.398032"><ele>103.2</ele></rtept><rtept lat="57.51808" lon="12.39801"><ele>103.4</ele></rtept><rtept lat="57.51806" lon="12.397987"><ele>103.4</ele></rtept><rtept lat="57.51804" lon="12.397972"><ele>103.2</ele></rtept><rtept lat="57.518015" lon="12.397958"><ele>103.6</ele></rtept><rtept lat="57.51799" lon="12.39794"><ele>103.0</ele></rtept><rtept lat="57.517963" lon="12.397925"><ele>103.4</ele></rtept><rtept lat="57.517938" lon="12.397897"><ele>103.2</ele></rtept><rtept lat="57.517913" lon="12.39786"><ele>102.8</ele></rtept><rtept lat="57.517887" lon="12.397827"><ele>103.0</ele></rtept><rtept lat="57.517868" lon="12.397793"><ele>102.8</ele></rtept><rtept lat="57.517842" lon="12.39776"><ele>103.2</ele></rtept><rtept lat="57.517817" lon="12.397733"><ele>103.0</ele></rtept><rtept lat="57.517785" lon="12.3977"><ele>102.4</ele></rtept><rtept lat="57.517765" lon="12.39768"><ele>103.0</ele></rtept><rtept lat="57.51772" lon="12.397623"><ele>102.8</ele></rtept><rtept lat="57.517702" lon="12.397593"><ele>102.6</ele></rtept><rtept lat="57.517688" lon="12.397555"><ele>102.2</ele></rtept><rtept lat="57.51767" lon="12.397518"><ele>102.6</ele></rtept><rtept lat="57.517657" lon="12.397483"><ele>102.2</ele></rtept><rtept lat="57.517632" lon="12.397458"><ele>102.4</ele></rtept><rtept lat="57.517605" lon="12.39744"><ele>102.2</ele></rtept><rtept lat="57.51758" lon="12.397415"><ele>101.6</ele></rtept><rtept lat="57.517555" lon="12.397397"><ele>102.0</ele></rtept><rtept lat="57.517522" lon="12.39734"><ele>102.0</ele></rtept><rtept lat="57.517503" lon="12.397315"><ele>101.8</ele></rtept><rtept lat="57.517483" lon="12.39729"><ele>101.4</ele></rtept><rtept lat="57.517458" lon="12.39727"><ele>101.6</ele></rtept><rtept lat="57.517433" lon="12.397245"><ele>101.2</ele></rtept><rtept lat="57.517407" lon="12.39722"><ele>101.6</ele></rtept><rtept lat="57.517382" lon="12.397198"><ele>101.4</ele></rtept><rtept lat="57.51735" lon="12.397177"><ele>101.0</ele></rtept><rtept lat="57.517318" lon="12.397157"><ele>101.2</ele></rtept><rtept lat="57.517285" lon="12.397137"><ele>100.8</ele></rtept><rtept lat="57.51726" lon="12.397107"><ele>101.2</ele></rtept><rtept lat="57.517228" lon="12.397077"><ele>101.0</ele></rtept><rtept lat="57.517202" lon="12.397053"><ele>100.6</ele></rtept><rtept lat="57.51717" lon="12.397022"><ele>101.0</ele></rtept><rtept lat="57.517145" lon="12.396997"><ele>100.8</ele></rtept><rtept lat="57.517113" lon="12.396973"><ele>100.4</ele></rtept><rtept lat="57.517087" lon="12.396955"><ele>100.6</ele></rtept><rtept lat="57.517068" lon="12.396933"><ele>100.2</ele></rtept><rtept lat="57.517042" lon="12.396902"><ele>100.6</ele></rtept><rtept lat="57.517017" lon="12.396875"><ele>100.2</ele></rtept><rtept lat="57.516992" lon="12.396848"><ele>99.8</ele></rtept><rtept lat="57.516965" lon="12.39682"><ele>99.8</ele></rtept><rtept lat="57.51694" lon="12.396785"><ele>99.4</ele></rtept><rtept lat="57.516915" lon="12.396755"><ele>99.8</ele></rtept><rtept lat="57.516895" lon="12.396723"><ele>99.4</ele></rtept><rtept lat="57.516877" lon="12.396693"><ele>99.4</ele></rtept><rtept lat="57.51685" lon="12.396668"><ele>99.4</ele></rtept><rtept lat="57.516825" lon="12.396643"><ele>99.4</ele></rtept><rtept lat="57.516805" lon="12.39662"><ele>99.6</ele></rtept><rtept lat="57.51678" lon="12.396603"><ele>99.2</ele></rtept><rtept lat="57.516755" lon="12.39661"><ele>99.0</ele></rtept><rtept lat="57.51671" lon="12.396617"><ele>99.2</ele></rtept><rtept lat="57.516683" lon="12.39661"><ele>99.0</ele></rtept><rtept lat="57.516652" lon="12.396603"><ele>99.0</ele></rtept><rtept lat="57.516627" lon="12.396595"><ele>99.2</ele></rtept><rtept lat="57.5166" lon="12.396575"><ele>99.0</ele></rtept><rtept lat="57.516575" lon="12.396558"><ele>99.0</ele></rtept><rtept lat="57.516557" lon="12.396545"><ele>99.2</ele></rtept><rtept lat="57.51653" lon="12.396538"><ele>99.0</ele></rtept><rtept lat="57.516505" lon="12.396535"><ele>99.0</ele></rtept><rtept lat="57.516473" lon="12.396532"><ele>98.6</ele></rtept><rtept lat="57.516447" lon="12.396537"><ele>98.8</ele></rtept><rtept lat="57.516422" lon="12.39653"><ele>98.8</ele></rtept><rtept lat="57.516397" lon="12.396518"><ele>98.4</ele></rtept><rtept lat="57.516377" lon="12.396515"><ele>98.6</ele></rtept><rtept lat="57.516352" lon="12.3965"><ele>98.4</ele></rtept><rtept lat="57.51632" lon="12.396507"><ele>98.0</ele></rtept><rtept lat="57.516293" lon="12.396505"><ele>98.4</ele></rtept><rtept lat="57.516262" lon="12.396487"><ele>98.0</ele></rtept><rtept lat="57.516237" lon="12.39648"><ele>97.6</ele></rtept><rtept lat="57.516217" lon="12.396465"><ele>98.0</ele></rtept><rtept lat="57.516198" lon="12.396438"><ele>97.8</ele></rtept><rtept lat="57.516178" lon="12.396418"><ele>98.2</ele></rtept><rtept lat="57.51616" lon="12.396397"><ele>98.2</ele></rtept><rtept lat="57.51614" lon="12.396373"><ele>97.6</ele></rtept><rtept lat="57.516133" lon="12.396333"><ele>98.2</ele></rtept><rtept lat="57.51612" lon="12.396282"><ele>98.2</ele></rtept><rtept lat="57.516102" lon="12.396238"><ele>98.8</ele></rtept><rtept lat="57.516088" lon="12.396203"><ele>98.8</ele></rtept><rtept lat="57.516063" lon="12.396168"><ele>98.6</ele></rtept><rtept lat="57.516057" lon="12.396123"><ele>99.2</ele></rtept><rtept lat="57.51605" lon="12.396078"><ele>99.2</ele></rtept><rtept lat="57.51605" lon="12.39603"><ele>99.6</ele></rtept><rtept lat="57.516038" lon="12.395985"><ele>99.8</ele></rtept><rtept lat="57.516032" lon="12.395937"><ele>99.6</ele></rtept><rtept lat="57.516018" lon="12.395892"><ele>100.0</ele></rtept><rtept lat="57.515998" lon="12.39585"><ele>100.0</ele></rtept><rtept lat="57.51598" lon="12.395812"><ele>100.6</ele></rtept><rtept lat="57.51596" lon="12.395762"><ele>100.6</ele></rtept><rtept lat="57.515935" lon="12.395722"><ele>100.4</ele></rtept><rtept lat="57.515917" lon="12.395687"><ele>100.8</ele></rtept><rtept lat="57.51589" lon="12.395647"><ele>100.6</ele></rtept><rtept lat="57.515878" lon="12.395607"><ele>100.8</ele></rtept><rtept lat="57.515858" lon="12.395563"><ele>100.8</ele></rtept><rtept lat="57.51584" lon="12.395522"><ele>100.6</ele></rtept><rtept lat="57.51582" lon="12.395493"><ele>101.0</ele></rtept><rtept lat="57.5158" lon="12.395455"><ele>100.8</ele></rtept><rtept lat="57.515775" lon="12.395425"><ele>100.4</ele></rtept><rtept lat="57.515757" lon="12.395388"><ele>100.8</ele></rtept><rtept lat="57.515737" lon="12.395357"><ele>100.4</ele></rtept><rtept lat="57.515712" lon="12.39532"><ele>100.6</ele></rtept><rtept lat="57.515692" lon="12.39528"><ele>100.6</ele></rtept><rtept lat="57.515673" lon="12.395238"><ele>100.4</ele></rtept><rtept lat="57.51566" lon="12.395187"><ele>100.6</ele></rtept><rtept lat="57.515653" lon="12.39515"><ele>100.2</ele></rtept><rtept lat="57.515635" lon="12.395112"><ele>100.0</ele></rtept><rtept lat="57.515615" lon="12.395072"><ele>100.4</ele></rtept><rtept lat="57.515602" lon="12.395045"><ele>100.0</ele></rtept><rtept lat="57.515583" lon="12.395013"><ele>99.6</ele></rtept><rtept lat="57.515563" lon="12.39498"><ele>99.8</ele></rtept><rtept lat="57.515545" lon="12.394947"><ele>99.4</ele></rtept><rtept lat="57.51552" lon="12.394918"><ele>99.6</ele></rtept><rtept lat="57.5155" lon="12.394892"><ele>99.6</ele></rtept><rtept lat="57.51548" lon="12.394858"><ele>99.2</ele></rtept><rtept lat="57.515462" lon="12.394828"><ele>99.8</ele></rtept><rtept lat="57.515437" lon="12.394798"><ele>99.4</ele></rtept><rtept lat="57.515417" lon="12.394768"><ele>99.6</ele></rtept><rtept lat="57.515398" lon="12.394728"><ele>99.6</ele></rtept><rtept lat="57.515372" lon="12.39469"><ele>99.4</ele></rtept><rtept lat="57.515353" lon="12.394655"><ele>100.0</ele></rtept><rtept lat="57.51534" lon="12.394613"><ele>99.8</ele></rtept><rtept lat="57.515327" lon="12.394573"><ele>100.0</ele></rtept><rtept lat="57.515315" lon="12.394537"><ele>100.2</ele></rtept><rtept lat="57.515295" lon="12.394497"><ele>100.0</ele></rtept><rtept lat="57.515282" lon="12.394457"><ele>100.0</ele></rtept><rtept lat="57.515263" lon="12.394417"><ele>100.4</ele></rtept><rtept lat="57.515243" lon="12.394375"><ele>100.8</ele></rtept><rtept lat="57.515225" lon="12.394332"><ele>100.8</ele></rtept><rtept lat="57.515205" lon="12.394293"><ele>100.8</ele></rtept><rtept lat="57.515187" lon="12.394253"><ele>101.4</ele></rtept><rtept lat="57.515167" lon="12.394218"><ele>101.2</ele></rtept><rtept lat="57.515148" lon="12.39418"><ele>101.8</ele></rtept><rtept lat="57.515135" lon="12.394148"><ele>101.8</ele></rtept><rtept lat="57.515117" lon="12.394115"><ele>101.6</ele></rtept><rtept lat="57.51509" lon="12.394082"><ele>102.2</ele></rtept><rtept lat="57.515072" lon="12.394048"><ele>102.2</ele></rtept><rtept lat="57.515052" lon="12.39401"><ele>102.6</ele></rtept><rtept lat="57.515033" lon="12.393978"><ele>102.6</ele></rtept><rtept lat="57.515013" lon="12.393943"><ele>102.6</ele></rtept><rtept lat="57.514988" lon="12.393915"><ele>103.2</ele></rtept><rtept lat="57.514968" lon="12.393888"><ele>103.0</ele></rtept><rtept lat="57.51495" lon="12.39386"><ele>103.0</ele></rtept><rtept lat="57.514923" lon="12.39383"><ele>103.2</ele></rtept><rtept lat="57.514905" lon="12.393797"><ele>103.2</ele></rtept><rtept lat="57.51488" lon="12.393762"><ele>103.6</ele></rtept><rtept lat="57.51486" lon="12.393725"><ele>103.6</ele></rtept><rtept lat="57.514847" lon="12.393687"><ele>103.4</ele></rtept><rtept lat="57.514822" lon="12.39365"><ele>104.0</ele></rtept><rtept lat="57.514802" lon="12.393618"><ele>103.8</ele></rtept><rtept lat="57.51479" lon="12.39358"><ele>103.6</ele></rtept><rtept lat="57.514763" lon="12.393547"><ele>104.0</ele></rtept><rtept lat="57.514758" lon="12.393508"><ele>103.8</ele></rtept><rtept lat="57.514752" lon="12.393472"><ele>103.8</ele></rtept><rtept lat="57.514738" lon="12.393433"><ele>104.0</ele></rtept><rtept lat="57.514725" lon="12.393395"><ele>104.0</ele></rtept><rtept lat="57.514707" lon="12.393355"><ele>104.2</ele></rtept><rtept lat="57.514687" lon="12.393315"><ele>104.0</ele></rtept><rtept lat="57.514668" lon="12.393275"><ele>103.8</ele></rtept><rtept lat="57.514655" lon="12.393233"><ele>104.2</ele></rtept><rtept lat="57.514642" lon="12.39319"><ele>103.8</ele></rtept><rtept lat="57.51463" lon="12.393143"><ele>104.0</ele></rtept><rtept lat="57.51461" lon="12.393092"><ele>104.2</ele></rtept><rtept lat="57.514598" lon="12.393065"><ele>104.2</ele></rtept><rtept lat="57.514585" lon="12.393025"><ele>104.2</ele></rtept><rtept lat="57.514565" lon="12.39299"><ele>104.2</ele></rtept><rtept lat="57.514553" lon="12.392952"><ele>103.6</ele></rtept><rtept lat="57.514533" lon="12.392913"><ele>104.0</ele></rtept><rtept lat="57.514515" lon="12.39288"><ele>103.6</ele></rtept><rtept lat="57.514495" lon="12.392833"><ele>103.6</ele></rtept><rtept lat="57.514488" lon="12.3928"><ele>103.4</ele></rtept><rtept lat="57.51447" lon="12.392763"><ele>103.0</ele></rtept><rtept lat="57.51445" lon="12.39272"><ele>103.6</ele></rtept><rtept lat="57.514432" lon="12.39268"><ele>103.2</ele></rtept><rtept lat="57.514412" lon="12.392635"><ele>102.6</ele></rtept><rtept lat="57.514393" lon="12.392598"><ele>103.0</ele></rtept><rtept lat="57.514373" lon="12.392558"><ele>102.6</ele></rtept><rtept lat="57.514355" lon="12.392515"><ele>102.8</ele></rtept><rtept lat="57.514335" lon="12.392477"><ele>102.6</ele></rtept><rtept lat="57.514322" lon="12.39244"><ele>102.4</ele></rtept><rtept lat="57.514303" lon="12.392403"><ele>102.8</ele></rtept><rtept lat="57.514283" lon="12.392372"><ele>102.6</ele></rtept><rtept lat="57.514265" lon="12.392335"><ele>102.2</ele></rtept><rtept lat="57.514245" lon="12.392295"><ele>102.4</ele></rtept><rtept lat="57.514227" lon="12.392258"><ele>102.2</ele></rtept><rtept lat="57.5142" lon="12.392217"><ele>102.4</ele></rtept><rtept lat="57.514188" lon="12.392177"><ele>102.4</ele></rtept><rtept lat="57.514168" lon="12.392133"><ele>101.8</ele></rtept><rtept lat="57.51415" lon="12.392092"><ele>101.6</ele></rtept><rtept lat="57.51413" lon="12.392047"><ele>101.8</ele></rtept><rtept lat="57.514118" lon="12.392002"><ele>101.4</ele></rtept><rtept lat="57.514105" lon="12.39196"><ele>101.2</ele></rtept><rtept lat="57.514092" lon="12.391918"><ele>101.2</ele></rtept><rtept lat="57.51408" lon="12.39188"><ele>100.8</ele></rtept><rtept lat="57.514067" lon="12.391838"><ele>100.6</ele></rtept><rtept lat="57.514047" lon="12.391793"><ele>100.6</ele></rtept><rtept lat="57.514035" lon="12.39175"><ele>100.4</ele></rtept><rtept lat="57.514015" lon="12.391705"><ele>100.2</ele></rtept><rtept lat="57.513997" lon="12.391665"><ele>100.4</ele></rtept><rtept lat="57.51399" lon="12.391625"><ele>99.8</ele></rtept><rtept lat="57.51397" lon="12.391572"><ele>99.6</ele></rtept><rtept lat="57.51397" lon="12.39153"><ele>99.8</ele></rtept><rtept lat="57.513963" lon="12.391482"><ele>99.4</ele></rtept><rtept lat="57.513958" lon="12.391437"><ele>99.0</ele></rtept><rtept lat="57.513945" lon="12.391393"><ele>99.2</ele></rtept><rtept lat="57.513945" lon="12.391347"><ele>98.6</ele></rtept><rtept lat="57.513945" lon="12.391295"><ele>98.4</ele></rtept><rtept lat="57.513952" lon="12.391235"><ele>98.4</ele></rtept><rtept lat="57.513952" lon="12.391178"><ele>98.0</ele></rtept><rtept lat="57.513952" lon="12.39112"><ele>97.6</ele></rtept><rtept lat="57.513952" lon="12.391063"><ele>97.8</ele></rtept><rtept lat="57.513952" lon="12.391015"><ele>97.2</ele></rtept><rtept lat="57.513952" lon="12.39096"><ele>96.8</ele></rtept><rtept lat="57.513945" lon="12.390912"><ele>97.0</ele></rtept><rtept lat="57.513938" lon="12.390867"><ele>96.4</ele></rtept><rtept lat="57.513932" lon="12.39082"><ele>96.2</ele></rtept><rtept lat="57.513925" lon="12.390768"><ele>96.2</ele></rtept><rtept lat="57.513913" lon="12.39072"><ele>95.6</ele></rtept><rtept lat="57.5139" lon="12.390667"><ele>95.4</ele></rtept><rtept lat="57.513893" lon="12.390617"><ele>94.8</ele></rtept><rtept lat="57.513875" lon="12.390568"><ele>94.4</ele></rtept><rtept lat="57.513862" lon="12.390518"><ele>94.6</ele></rtept><rtept lat="57.513842" lon="12.390473"><ele>94.2</ele></rtept><rtept lat="57.51383" lon="12.390428"><ele>93.6</ele></rtept><rtept lat="57.513817" lon="12.39038"><ele>94.0</ele></rtept><rtept lat="57.51381" lon="12.39033"><ele>93.4</ele></rtept><rtept lat="57.51381" lon="12.39028"><ele>93.4</ele></rtept><rtept lat="57.51381" lon="12.390232"><ele>93.2</ele></rtept><rtept lat="57.513817" lon="12.39018"><ele>93.0</ele></rtept><rtept lat="57.51383" lon="12.390127"><ele>93.4</ele></rtept><rtept lat="57.513842" lon="12.39008"><ele>92.8</ele></rtept><rtept lat="57.513855" lon="12.390037"><ele>92.6</ele></rtept><rtept lat="57.513868" lon="12.389987"><ele>92.8</ele></rtept><rtept lat="57.513887" lon="12.389933"><ele>92.4</ele></rtept><rtept lat="57.513907" lon="12.38988"><ele>92.0</ele></rtept><rtept lat="57.513925" lon="12.389818"><ele>92.4</ele></rtept><rtept lat="57.513932" lon="12.389762"><ele>92.0</ele></rtept><rtept lat="57.513938" lon="12.389713"><ele>92.0</ele></rtept><rtept lat="57.513945" lon="12.389663"><ele>91.8</ele></rtept><rtept lat="57.513945" lon="12.389617"><ele>91.4</ele></rtept><rtept lat="57.513938" lon="12.38957"><ele>91.8</ele></rtept><rtept lat="57.513925" lon="12.389525"><ele>91.6</ele></rtept><rtept lat="57.513913" lon="12.389485"><ele>91.2</ele></rtept><rtept lat="57.5139" lon="12.389445"><ele>91.4</ele></rtept><rtept lat="57.513887" lon="12.38941"><ele>91.2</ele></rtept><rtept lat="57.513875" lon="12.38938"><ele>91.6</ele></rtept><rtept lat="57.513855" lon="12.389348"><ele>91.2</ele></rtept><rtept lat="57.513842" lon="12.38932"><ele>91.0</ele></rtept><rtept lat="57.513823" lon="12.389293"><ele>91.6</ele></rtept><rtept lat="57.513798" lon="12.389253"><ele>91.4</ele></rtept><rtept lat="57.513778" lon="12.389208"><ele>91.8</ele></rtept><rtept lat="57.51376" lon="12.389167"><ele>92.0</ele></rtept><rtept lat="57.51374" lon="12.389128"><ele>91.8</ele></rtept><rtept lat="57.513727" lon="12.389093"><ele>92.2</ele></rtept><rtept lat="57.513715" lon="12.389053"><ele>92.0</ele></rtept><rtept lat="57.513702" lon="12.389003"><ele>91.8</ele></rtept><rtept lat="57.513688" lon="12.388963"><ele>92.2</ele></rtept><rtept lat="57.513677" lon="12.388928"><ele>92.0</ele></rtept><rtept lat="57.513663" lon="12.388887"><ele>91.6</ele></rtept><rtept lat="57.51365" lon="12.388845"><ele>92.0</ele></rtept><rtept lat="57.513632" lon="12.388805"><ele>91.8</ele></rtept><rtept lat="57.513618" lon="12.38877"><ele>92.2</ele></rtept><rtept lat="57.513605" lon="12.388732"><ele>92.0</ele></rtept><rtept lat="57.513587" lon="12.388693"><ele>91.6</ele></rtept><rtept lat="57.513573" lon="12.38866"><ele>92.2</ele></rtept><rtept lat="57.513555" lon="12.388627"><ele>92.0</ele></rtept><rtept lat="57.513535" lon="12.388598"><ele>92.2</ele></rtept><rtept lat="57.513517" lon="12.388567"><ele>92.4</ele></rtept><rtept lat="57.513503" lon="12.388533"><ele>92.2</ele></rtept><rtept lat="57.51349" lon="12.388498"><ele>93.0</ele></rtept><rtept lat="57.513478" lon="12.388463"><ele>92.8</ele></rtept><rtept lat="57.513472" lon="12.388425"><ele>93.2</ele></rtept><rtept lat="57.513458" lon="12.388382"><ele>93.6</ele></rtept><rtept lat="57.513445" lon="12.388345"><ele>93.6</ele></rtept><rtept lat="57.513433" lon="12.38831"><ele>94.2</ele></rtept><rtept lat="57.51342" lon="12.388268"><ele>94.0</ele></rtept><rtept lat="57.513413" lon="12.388225"><ele>93.6</ele></rtept><rtept lat="57.513407" lon="12.388185"><ele>94.0</ele></rtept><rtept lat="57.513388" lon="12.38814"><ele>93.8</ele></rtept><rtept lat="57.513368" lon="12.388105"><ele>94.2</ele></rtept><rtept lat="57.513357" lon="12.388067"><ele>94.2</ele></rtept><rtept lat="57.513337" lon="12.388032"><ele>94.2</ele></rtept><rtept lat="57.513323" lon="12.388"><ele>95.0</ele></rtept><rtept lat="57.513312" lon="12.38796"><ele>94.8</ele></rtept><rtept lat="57.513292" lon="12.387922"><ele>94.4</ele></rtept><rtept lat="57.513273" lon="12.387893"><ele>95.0</ele></rtept><rtept lat="57.513247" lon="12.387862"><ele>95.0</ele></rtept><rtept lat="57.513222" lon="12.387832"><ele>95.4</ele></rtept><rtept lat="57.513197" lon="12.387797"><ele>95.6</ele></rtept><rtept lat="57.513177" lon="12.387763"><ele>95.6</ele></rtept><rtept lat="57.513152" lon="12.38774"><ele>96.2</ele></rtept><rtept lat="57.51312" lon="12.387713"><ele>96.2</ele></rtept><rtept lat="57.5131" lon="12.387678"><ele>96.0</ele></rtept><rtept lat="57.51308" lon="12.38765"><ele>96.4</ele></rtept><rtept lat="57.513062" lon="12.38763"><ele>96.4</ele></rtept><rtept lat="57.513042" lon="12.387598"><ele>96.8</ele></rtept><rtept lat="57.513023" lon="12.387578"><ele>97.0</ele></rtept><rtept lat="57.51301" lon="12.387553"><ele>96.8</ele></rtept><rtept lat="57.512985" lon="12.387528"><ele>96.8</ele></rtept><rtept lat="57.512972" lon="12.387503"><ele>96.8</ele></rtept><rtept lat="57.512953" lon="12.387472"><ele>96.6</ele></rtept><rtept lat="57.512927" lon="12.387445"><ele>96.8</ele></rtept><rtept lat="57.512908" lon="12.387418"><ele>96.8</ele></rtept><rtept lat="57.512888" lon="12.38738"><ele>96.4</ele></rtept><rtept lat="57.512877" lon="12.38734"><ele>96.2</ele></rtept><rtept lat="57.512857" lon="12.38731"><ele>96.4</ele></rtept><rtept lat="57.512832" lon="12.38728"><ele>95.8</ele></rtept><rtept lat="57.512812" lon="12.387258"><ele>95.8</ele></rtept><rtept lat="57.512793" lon="12.387238"><ele>95.6</ele></rtept><rtept lat="57.512773" lon="12.387202"><ele>95.2</ele></rtept><rtept lat="57.512748" lon="12.387172"><ele>95.0</ele></rtept><rtept lat="57.512728" lon="12.387133"><ele>95.0</ele></rtept><rtept lat="57.512703" lon="12.387103"><ele>94.6</ele></rtept><rtept lat="57.512683" lon="12.387068"><ele>94.6</ele></rtept><rtept lat="57.512665" lon="12.387022"><ele>94.8</ele></rtept><rtept lat="57.512658" lon="12.386983"><ele>94.2</ele></rtept><rtept lat="57.51264" lon="12.386943"><ele>94.2</ele></rtept><rtept lat="57.512627" lon="12.386908"><ele>93.8</ele></rtept><rtept lat="57.512613" lon="12.38687"><ele>93.4</ele></rtept><rtept lat="57.5126" lon="12.38683"><ele>93.8</ele></rtept><rtept lat="57.512588" lon="12.38679"><ele>93.4</ele></rtept><rtept lat="57.512575" lon="12.38676"><ele>92.8</ele></rtept><rtept lat="57.512562" lon="12.386732"><ele>93.2</ele></rtept><rtept lat="57.51255" lon="12.386702"><ele>92.8</ele></rtept><rtept lat="57.512537" lon="12.38664"><ele>92.8</ele></rtept><rtept lat="57.512523" lon="12.386578"><ele>93.0</ele></rtept><rtept lat="57.512505" lon="12.386523"><ele>92.4</ele></rtept><rtept lat="57.512492" lon="12.386487"><ele>92.8</ele></rtept><rtept lat="57.51248" lon="12.386443"><ele>92.8</ele></rtept><rtept lat="57.512467" lon="12.386402"><ele>93.2</ele></rtept><rtept lat="57.51246" lon="12.386362"><ele>93.2</ele></rtept><rtept lat="57.512447" lon="12.386328"><ele>93.2</ele></rtept><rtept lat="57.51244" lon="12.386295"><ele>93.8</ele></rtept><rtept lat="57.512428" lon="12.386253"><ele>94.0</ele></rtept><rtept lat="57.512415" lon="12.38621"><ele>94.2</ele></rtept><rtept lat="57.512397" lon="12.38616"><ele>95.0</ele></rtept><rtept lat="57.512383" lon="12.38612"><ele>95.8</ele></rtept><rtept lat="57.512363" lon="12.38609"><ele>96.0</ele></rtept><rtept lat="57.512345" lon="12.386057"><ele>96.0</ele></rtept><rtept lat="57.512332" lon="12.386027"><ele>96.6</ele></rtept><rtept lat="57.512313" lon="12.385992"><ele>96.6</ele></rtept><rtept lat="57.5123" lon="12.38596"><ele>97.0</ele></rtept><rtept lat="57.512287" lon="12.385935"><ele>97.2</ele></rtept><rtept lat="57.512268" lon="12.385878"><ele>97.8</ele></rtept><rtept lat="57.512255" lon="12.385847"><ele>97.8</ele></rtept><rtept lat="57.512237" lon="12.385813"><ele>97.8</ele></rtept><rtept lat="57.512217" lon="12.385773"><ele>98.2</ele></rtept><rtept lat="57.512203" lon="12.38574"><ele>98.2</ele></rtept><rtept lat="57.512185" lon="12.385718"><ele>98.0</ele></rtept><rtept lat="57.51216" lon="12.38568"><ele>98.4</ele></rtept><rtept lat="57.512147" lon="12.385655"><ele>98.6</ele></rtept><rtept lat="57.51212" lon="12.385613"><ele>99.0</ele></rtept><rtept lat="57.512108" lon="12.385588"><ele>99.2</ele></rtept><rtept lat="57.512095" lon="12.385555"><ele>99.2</ele></rtept><rtept lat="57.51207" lon="12.385508"><ele>99.6</ele></rtept><rtept lat="57.51205" lon="12.38546"><ele>99.6</ele></rtept><rtept lat="57.512025" lon="12.38545"><ele>100.2</ele></rtept><rtept lat="57.512005" lon="12.385497"><ele>100.0</ele></rtept><rtept lat="57.512" lon="12.385535"><ele>100.4</ele></rtept><rtept lat="57.511987" lon="12.385568"><ele>101.0</ele></rtept><rtept lat="57.51196" lon="12.385575"><ele>100.8</ele></rtept><rtept lat="57.511942" lon="12.385578"><ele>101.0</ele></rtept><rtept lat="57.511922" lon="12.38558"><ele>101.0</ele></rtept><rtept lat="57.511903" lon="12.38558"><ele>101.6</ele></rtept><rtept lat="57.511878" lon="12.385593"><ele>101.6</ele></rtept><rtept lat="57.511858" lon="12.385615"><ele>101.6</ele></rtept><rtept lat="57.51184" lon="12.385662"><ele>101.4</ele></rtept><rtept lat="57.51182" lon="12.385698"><ele>101.6</ele></rtept><rtept lat="57.511795" lon="12.38574"><ele>101.2</ele></rtept><rtept lat="57.511762" lon="12.385782"><ele>101.0</ele></rtept><rtept lat="57.511737" lon="12.385832"><ele>100.8</ele></rtept><rtept lat="57.511723" lon="12.385857"><ele>100.6</ele></rtept><rtept lat="57.511692" lon="12.385892"><ele>100.8</ele></rtept><rtept lat="57.511673" lon="12.385907"><ele>100.4</ele></rtept><rtept lat="57.511628" lon="12.385945"><ele>100.6</ele></rtept><rtept lat="57.511608" lon="12.385947"><ele>100.8</ele></rtept><rtept lat="57.51159" lon="12.385947"><ele>101.0</ele></rtept><rtept lat="57.511563" lon="12.385947"><ele>100.8</ele></rtept><rtept lat="57.511545" lon="12.385955"><ele>101.2</ele></rtept><rtept lat="57.511525" lon="12.38596"><ele>101.0</ele></rtept><rtept lat="57.511507" lon="12.385972"><ele>101.0</ele></rtept><rtept lat="57.51148" lon="12.385992"><ele>101.0</ele></rtept><rtept lat="57.511448" lon="12.386012"><ele>100.4</ele></rtept><rtept lat="57.511423" lon="12.386025"><ele>100.0</ele></rtept><rtept lat="57.511385" lon="12.38604"><ele>100.0</ele></rtept><rtept lat="57.511353" lon="12.38605"><ele>99.6</ele></rtept><rtept lat="57.511327" lon="12.386055"><ele>99.8</ele></rtept><rtept lat="57.511308" lon="12.386047"><ele>99.4</ele></rtept><rtept lat="57.511288" lon="12.386042"><ele>99.0</ele></rtept><rtept lat="57.51127" lon="12.386045"><ele>98.6</ele></rtept><rtept lat="57.51125" lon="12.386045"><ele>98.2</ele></rtept><rtept lat="57.511232" lon="12.386055"><ele>98.2</ele></rtept><rtept lat="57.511212" lon="12.386083"><ele>97.4</ele></rtept><rtept lat="57.511205" lon="12.386128"><ele>97.2</ele></rtept><rtept lat="57.511205" lon="12.386183"><ele>97.0</ele></rtept><rtept lat="57.511205" lon="12.386228"><ele>96.4</ele></rtept><rtept lat="57.511193" lon="12.386275"><ele>95.6</ele></rtept><rtept lat="57.511187" lon="12.386313"><ele>95.4</ele></rtept><rtept lat="57.511173" lon="12.386355"><ele>93.2</ele></rtept><rtept lat="57.511155" lon="12.386363"><ele>92.6</ele></rtept><rtept lat="57.511148" lon="12.386418"><ele>91.6</ele></rtept><rtept lat="57.511128" lon="12.38644"><ele>91.4</ele></rtept><rtept lat="57.51111" lon="12.386472"><ele>91.0</ele></rtept><rtept lat="57.51111" lon="12.386532"><ele>90.0</ele></rtept><rtept lat="57.51111" lon="12.386567"><ele>89.4</ele></rtept><rtept lat="57.511097" lon="12.386625"><ele>88.6</ele></rtept><rtept lat="57.511078" lon="12.38668"><ele>88.4</ele></rtept><rtept lat="57.511065" lon="12.386712"><ele>88.0</ele></rtept><rtept lat="57.511052" lon="12.38674"><ele>88.2</ele></rtept><rtept lat="57.511033" lon="12.386758"><ele>88.4</ele></rtept><rtept lat="57.511013" lon="12.386777"><ele>88.0</ele></rtept><rtept lat="57.510982" lon="12.386797"><ele>88.0</ele></rtept><rtept lat="57.510962" lon="12.38681"><ele>88.0</ele></rtept><rtept lat="57.510943" lon="12.386825"><ele>87.6</ele></rtept><rtept lat="57.510918" lon="12.386863"><ele>87.2</ele></rtept><rtept lat="57.510905" lon="12.38692"><ele>86.6</ele></rtept><rtept lat="57.510892" lon="12.386945"><ele>86.2</ele></rtept><rtept lat="57.51088" lon="12.386973"><ele>86.4</ele></rtept><rtept lat="57.51086" lon="12.38703"><ele>86.2</ele></rtept><rtept lat="57.510853" lon="12.387063"><ele>86.2</ele></rtept><rtept lat="57.510835" lon="12.387127"><ele>85.8</ele></rtept><rtept lat="57.510815" lon="12.387158"><ele>86.0</ele></rtept><rtept lat="57.510808" lon="12.387192"><ele>85.6</ele></rtept><rtept lat="57.510797" lon="12.387227"><ele>85.2</ele></rtept><rtept lat="57.51079" lon="12.387285"><ele>85.0</ele></rtept><rtept lat="57.51079" lon="12.387352"><ele>85.4</ele></rtept><rtept lat="57.51079" lon="12.387405"><ele>85.2</ele></rtept><rtept lat="57.51079" lon="12.38744"><ele>85.4</ele></rtept><rtept lat="57.510783" lon="12.38748"><ele>85.4</ele></rtept><rtept lat="57.51079" lon="12.38752"><ele>85.4</ele></rtept><rtept lat="57.510797" lon="12.387557"><ele>85.8</ele></rtept><rtept lat="57.510802" lon="12.387598"><ele>85.4</ele></rtept><rtept lat="57.510808" lon="12.387633"><ele>85.6</ele></rtept><rtept lat="57.510815" lon="12.38767"><ele>85.4</ele></rtept><rtept lat="57.510808" lon="12.387715"><ele>85.0</ele></rtept><rtept lat="57.510815" lon="12.387762"><ele>85.2</ele></rtept><rtept lat="57.510828" lon="12.387807"><ele>84.8</ele></rtept><rtept lat="57.510802" lon="12.38782"><ele>85.0</ele></rtept><rtept lat="57.510835" lon="12.387803"><ele>85.2</ele></rtept><rtept lat="57.510867" lon="12.387787"><ele>85.0</ele></rtept><rtept lat="57.510892" lon="12.387758"><ele>85.4</ele></rtept><rtept lat="57.510912" lon="12.387747"><ele>85.2</ele></rtept><rtept lat="57.510937" lon="12.387748"><ele>85.2</ele></rtept><rtept lat="57.510962" lon="12.387787"><ele>85.4</ele></rtept><rtept lat="57.510975" lon="12.387823"><ele>85.4</ele></rtept><rtept lat="57.510988" lon="12.38786"><ele>85.2</ele></rtept><rtept lat="57.511" lon="12.387897"><ele>85.6</ele></rtept><rtept lat="57.511013" lon="12.387927"><ele>85.4</ele></rtept><rtept lat="57.511033" lon="12.387992"><ele>85.8</ele></rtept><rtept lat="57.511045" lon="12.38802"><ele>86.0</ele></rtept><rtept lat="57.511052" lon="12.388055"><ele>85.6</ele></rtept><rtept lat="57.511072" lon="12.3881"><ele>86.0</ele></rtept><rtept lat="57.511078" lon="12.388155"><ele>86.0</ele></rtept><rtept lat="57.511072" lon="12.3882"><ele>85.6</ele></rtept><rtept lat="57.511072" lon="12.388243"><ele>86.0</ele></rtept><rtept lat="57.511072" lon="12.388278"><ele>86.2</ele></rtept><rtept lat="57.511065" lon="12.38833"><ele>86.4</ele></rtept><rtept lat="57.511052" lon="12.38837"><ele>86.6</ele></rtept><rtept lat="57.511045" lon="12.388428"><ele>86.8</ele></rtept><rtept lat="57.511013" lon="12.388475"><ele>86.8</ele></rtept><rtept lat="57.511" lon="12.388508"><ele>87.0</ele></rtept><rtept lat="57.510988" lon="12.38854"><ele>87.0</ele></rtept><rtept lat="57.510988" lon="12.388578"><ele>87.4</ele></rtept><rtept lat="57.510988" lon="12.38862"><ele>87.4</ele></rtept><rtept lat="57.510995" lon="12.388662"><ele>87.2</ele></rtept><rtept lat="57.511" lon="12.388707"><ele>87.4</ele></rtept><rtept lat="57.511" lon="12.388755"><ele>87.4</ele></rtept><rtept lat="57.511" lon="12.388795"><ele>87.8</ele></rtept><rtept lat="57.511" lon="12.38883"><ele>87.8</ele></rtept><rtept lat="57.511007" lon="12.38887"><ele>87.8</ele></rtept><rtept lat="57.51102" lon="12.388905"><ele>88.0</ele></rtept><rtept lat="57.511027" lon="12.38894"><ele>88.0</ele></rtept><rtept lat="57.511033" lon="12.388973"><ele>88.4</ele></rtept><rtept lat="57.51104" lon="12.389038"><ele>88.4</ele></rtept><rtept lat="57.511045" lon="12.38908"><ele>88.8</ele></rtept><rtept lat="57.511052" lon="12.389128"><ele>88.6</ele></rtept><rtept lat="57.511072" lon="12.389188"><ele>89.2</ele></rtept><rtept lat="57.51109" lon="12.389257"><ele>89.8</ele></rtept><rtept lat="57.511117" lon="12.389327"><ele>89.4</ele></rtept><rtept lat="57.511155" lon="12.389405"><ele>89.8</ele></rtept><rtept lat="57.511187" lon="12.389485"><ele>89.6</ele></rtept><rtept lat="57.511205" lon="12.38959"><ele>89.2</ele></rtept><rtept lat="57.511218" lon="12.389688"><ele>89.6</ele></rtept><rtept lat="57.511212" lon="12.38976"><ele>89.4</ele></rtept><rtept lat="57.511212" lon="12.389835"><ele>89.0</ele></rtept><rtept lat="57.511225" lon="12.389893"><ele>89.2</ele></rtept><rtept lat="57.511225" lon="12.389953"><ele>89.2</ele></rtept><rtept lat="57.511232" lon="12.390013"><ele>89.4</ele></rtept><rtept lat="57.511238" lon="12.390058"><ele>89.0</ele></rtept><rtept lat="57.511243" lon="12.390097"><ele>89.0</ele></rtept><rtept lat="57.51125" lon="12.39013"><ele>88.8</ele></rtept><rtept lat="57.511263" lon="12.390155"><ele>88.2</ele></rtept><rtept lat="57.511263" lon="12.3902"><ele>87.8</ele></rtept><rtept lat="57.51125" lon="12.390245"><ele>87.6</ele></rtept><rtept lat="57.51125" lon="12.39032"><ele>86.6</ele></rtept><rtept lat="57.511263" lon="12.390363"><ele>86.6</ele></rtept><rtept lat="57.511277" lon="12.39041"><ele>86.0</ele></rtept><rtept lat="57.511295" lon="12.390465"><ele>85.6</ele></rtept><rtept lat="57.511308" lon="12.390495"><ele>85.8</ele></rtept><rtept lat="57.511315" lon="12.390528"><ele>85.2</ele></rtept><rtept lat="57.511333" lon="12.390587"><ele>85.2</ele></rtept><rtept lat="57.511347" lon="12.39062"><ele>84.8</ele></rtept><rtept lat="57.511353" lon="12.390657"><ele>85.0</ele></rtept><rtept lat="57.511353" lon="12.390693"><ele>84.8</ele></rtept><rtept lat="57.511353" lon="12.390732"><ele>84.4</ele></rtept><rtept lat="57.511353" lon="12.390768"><ele>84.6</ele></rtept><rtept lat="57.511353" lon="12.39082"><ele>84.2</ele></rtept><rtept lat="57.511365" lon="12.39088"><ele>84.0</ele></rtept><rtept lat="57.511372" lon="12.390912"><ele>84.0</ele></rtept><rtept lat="57.511385" lon="12.390945"><ele>83.8</ele></rtept><rtept lat="57.511403" lon="12.390977"><ele>83.4</ele></rtept><rtept lat="57.511423" lon="12.391005"><ele>83.6</ele></rtept><rtept lat="57.511437" lon="12.39103"><ele>83.4</ele></rtept><rtept lat="57.511462" lon="12.391075"><ele>83.4</ele></rtept><rtept lat="57.511487" lon="12.391113"><ele>83.0</ele></rtept><rtept lat="57.511507" lon="12.391145"><ele>82.8</ele></rtept><rtept lat="57.511525" lon="12.39119"><ele>82.2</ele></rtept><rtept lat="57.511538" lon="12.39122"><ele>81.8</ele></rtept><rtept lat="57.511545" lon="12.39128"><ele>81.0</ele></rtept><rtept lat="57.511563" lon="12.391333"><ele>80.4</ele></rtept><rtept lat="57.511577" lon="12.391382"><ele>79.6</ele></rtept><rtept lat="57.51159" lon="12.391407"><ele>79.6</ele></rtept><rtept lat="57.511608" lon="12.39144"><ele>79.0</ele></rtept><rtept lat="57.511622" lon="12.391478"><ele>78.4</ele></rtept><rtept lat="57.511635" lon="12.391502"><ele>78.0</ele></rtept><rtept lat="57.511647" lon="12.391532"><ele>77.8</ele></rtept><rtept lat="57.511673" lon="12.391578"><ele>77.4</ele></rtept><rtept lat="57.511705" lon="12.391625"><ele>77.0</ele></rtept><rtept lat="57.511712" lon="12.39167"><ele>76.8</ele></rtept><rtept lat="57.511723" lon="12.391723"><ele>76.4</ele></rtept><rtept lat="57.511737" lon="12.391775"><ele>76.2</ele></rtept><rtept lat="57.51173" lon="12.391818"><ele>75.8</ele></rtept><rtept lat="57.511743" lon="12.391855"><ele>75.2</ele></rtept><rtept lat="57.511743" lon="12.39189"><ele>75.2</ele></rtept><rtept lat="57.51175" lon="12.391923"><ele>74.8</ele></rtept><rtept lat="57.511762" lon="12.391983"><ele>74.8</ele></rtept><rtept lat="57.511775" lon="12.392028"><ele>74.8</ele></rtept><rtept lat="57.511782" lon="12.392063"><ele>74.8</ele></rtept><rtept lat="57.511795" lon="12.392088"><ele>74.8</ele></rtept><rtept lat="57.51182" lon="12.392117"><ele>75.2</ele></rtept><rtept lat="57.511845" lon="12.39216"><ele>75.4</ele></rtept><rtept lat="57.511865" lon="12.392198"><ele>75.2</ele></rtept><rtept lat="57.511883" lon="12.392213"><ele>75.8</ele></rtept><rtept lat="57.511922" lon="12.392292"><ele>75.8</ele></rtept><rtept lat="57.51196" lon="12.39235"><ele>76.2</ele></rtept><rtept lat="57.512005" lon="12.392403"><ele>76.2</ele></rtept><rtept lat="57.512025" lon="12.39245"><ele>76.2</ele></rtept><rtept lat="57.512043" lon="12.392488"><ele>76.8</ele></rtept><rtept lat="57.51207" lon="12.392537"><ele>76.8</ele></rtept><rtept lat="57.512082" lon="12.392568"><ele>77.0</ele></rtept><rtept lat="57.51207" lon="12.39254"><ele>77.4</ele></rtept><rtept lat="57.512095" lon="12.392553"><ele>78.0</ele></rtept><rtept lat="57.512115" lon="12.392602"><ele>78.6</ele></rtept><rtept lat="57.51214" lon="12.3926"><ele>79.6</ele></rtept><rtept lat="57.512127" lon="12.39252"><ele>80.2</ele></rtept><rtept lat="57.512127" lon="12.392483"><ele>80.6</ele></rtept><rtept lat="57.512127" lon="12.392525"><ele>81.0</ele></rtept><rtept lat="57.51212" lon="12.39257"><ele>81.4</ele></rtept><rtept lat="57.51212" lon="12.392618"><ele>81.8</ele></rtept><rtept lat="57.51212" lon="12.392655"><ele>82.4</ele></rtept><rtept lat="57.51212" lon="12.392692"><ele>82.8</ele></rtept><rtept lat="57.51212" lon="12.39276"><ele>82.8</ele></rtept><rtept lat="57.51212" lon="12.392793"><ele>83.4</ele></rtept><rtept lat="57.51212" lon="12.392827"><ele>83.2</ele></rtept><rtept lat="57.512127" lon="12.392862"><ele>83.0</ele></rtept><rtept lat="57.512127" lon="12.392913"><ele>83.0</ele></rtept><rtept lat="57.512127" lon="12.392967"><ele>82.8</ele></rtept><rtept lat="57.51214" lon="12.393005"><ele>82.8</ele></rtept><rtept lat="57.512147" lon="12.393045"><ele>82.4</ele></rtept><rtept lat="57.512165" lon="12.39309"><ele>82.0</ele></rtept><rtept lat="57.512185" lon="12.393117"><ele>82.0</ele></rtept><rtept lat="57.51221" lon="12.393157"><ele>81.0</ele></rtept><rtept lat="57.512237" lon="12.393203"><ele>80.6</ele></rtept><rtept lat="57.512242" lon="12.39326"><ele>80.6</ele></rtept><rtept lat="57.512242" lon="12.393295"><ele>80.4</ele></rtept><rtept lat="57.512255" lon="12.39334"><ele>80.6</ele></rtept><rtept lat="57.512262" lon="12.393388"><ele>80.2</ele></rtept><rtept lat="57.512287" lon="12.393438"><ele>80.4</ele></rtept><rtept lat="57.512307" lon="12.39346"><ele>80.2</ele></rtept><rtept lat="57.512325" lon="12.393497"><ele>80.2</ele></rtept><rtept lat="57.512345" lon="12.393533"><ele>79.8</ele></rtept><rtept lat="57.512377" lon="12.393585"><ele>79.4</ele></rtept><rtept lat="57.51239" lon="12.393617"><ele>79.6</ele></rtept><rtept lat="57.512402" lon="12.393665"><ele>79.0</ele></rtept><rtept lat="57.512428" lon="12.39371"><ele>78.8</ele></rtept><rtept lat="57.512447" lon="12.393738"><ele>78.6</ele></rtept><rtept lat="57.51246" lon="12.393797"><ele>78.0</ele></rtept><rtept lat="57.512467" lon="12.39384"><ele>77.6</ele></rtept><rtept lat="57.512473" lon="12.393883"><ele>77.2</ele></rtept><rtept lat="57.512485" lon="12.393957"><ele>76.2</ele></rtept><rtept lat="57.512498" lon="12.393995"><ele>75.8</ele></rtept><rtept lat="57.512505" lon="12.394035"><ele>75.2</ele></rtept><rtept lat="57.512518" lon="12.394068"><ele>74.8</ele></rtept><rtept lat="57.512523" lon="12.394102"><ele>74.4</ele></rtept><rtept lat="57.51255" lon="12.394128"><ele>74.0</ele></rtept><rtept lat="57.512562" lon="12.394158"><ele>73.8</ele></rtept><rtept lat="57.512582" lon="12.394208"><ele>73.2</ele></rtept><rtept lat="57.512582" lon="12.394242"><ele>73.0</ele></rtept><rtept lat="57.512588" lon="12.394278"><ele>72.6</ele></rtept><rtept lat="57.512588" lon="12.394313"><ele>72.4</ele></rtept><rtept lat="57.512588" lon="12.394347"><ele>72.6</ele></rtept><rtept lat="57.5126" lon="12.39438"><ele>72.2</ele></rtept><rtept lat="57.512613" lon="12.394437"><ele>71.6</ele></rtept><rtept lat="57.51262" lon="12.39447"><ele>71.4</ele></rtept><rtept lat="57.512633" lon="12.39453"><ele>71.2</ele></rtept><rtept lat="57.51264" lon="12.394568"><ele>71.0</ele></rtept><rtept lat="57.512652" lon="12.3946"><ele>71.0</ele></rtept><rtept lat="57.512665" lon="12.39463"><ele>70.8</ele></rtept><rtept lat="57.512678" lon="12.394663"><ele>70.6</ele></rtept><rtept lat="57.512683" lon="12.394702"><ele>70.8</ele></rtept><rtept lat="57.512697" lon="12.394733"><ele>70.8</ele></rtept><rtept lat="57.512697" lon="12.394773"><ele>71.0</ele></rtept><rtept lat="57.512703" lon="12.394815"><ele>71.0</ele></rtept><rtept lat="57.51271" lon="12.394858"><ele>71.0</ele></rtept><rtept lat="57.512717" lon="12.3949"><ele>71.6</ele></rtept><rtept lat="57.512717" lon="12.39494"><ele>71.4</ele></rtept><rtept lat="57.512717" lon="12.394983"><ele>71.4</ele></rtept><rtept lat="57.512722" lon="12.395032"><ele>71.8</ele></rtept><rtept lat="57.512735" lon="12.395085"><ele>71.8</ele></rtept><rtept lat="57.512748" lon="12.395127"><ele>72.2</ele></rtept><rtept lat="57.512755" lon="12.395165"><ele>72.2</ele></rtept><rtept lat="57.512767" lon="12.395203"><ele>72.2</ele></rtept><rtept lat="57.512773" lon="12.395238"><ele>72.8</ele></rtept><rtept lat="57.512793" lon="12.3953"><ele>72.6</ele></rtept><rtept lat="57.512812" lon="12.39534"><ele>73.2</ele></rtept><rtept lat="57.512825" lon="12.395398"><ele>73.2</ele></rtept><rtept lat="57.512838" lon="12.395448"><ele>73.6</ele></rtept><rtept lat="57.512843" lon="12.395493"><ele>73.8</ele></rtept><rtept lat="57.512857" lon="12.395532"><ele>74.0</ele></rtept><rtept lat="57.512877" lon="12.395578"><ele>74.0</ele></rtept><rtept lat="57.512895" lon="12.395628"><ele>74.2</ele></rtept><rtept lat="57.512915" lon="12.395668"><ele>74.4</ele></rtept><rtept lat="57.51294" lon="12.395713"><ele>74.2</ele></rtept><rtept lat="57.512972" lon="12.395752"><ele>74.4</ele></rtept><rtept lat="57.512998" lon="12.395785"><ele>74.6</ele></rtept><rtept lat="57.513037" lon="12.395825"><ele>74.2</ele></rtept><rtept lat="57.513075" lon="12.395852"><ele>74.2</ele></rtept><rtept lat="57.513113" lon="12.395865"><ele>74.2</ele></rtept><rtept lat="57.513152" lon="12.39589"><ele>73.8</ele></rtept><rtept lat="57.51319" lon="12.39592"><ele>73.8</ele></rtept><rtept lat="57.513197" lon="12.395957"><ele>73.8</ele></rtept><rtept lat="57.513202" lon="12.395988"><ele>73.2</ele></rtept><rtept lat="57.513215" lon="12.396015"><ele>73.2</ele></rtept><rtept lat="57.51324" lon="12.39604"><ele>73.2</ele></rtept><rtept lat="57.51326" lon="12.396063"><ele>72.6</ele></rtept><rtept lat="57.51328" lon="12.396085"><ele>72.6</ele></rtept><rtept lat="57.513298" lon="12.396115"><ele>72.6</ele></rtept><rtept lat="57.513318" lon="12.396122"><ele>72.2</ele></rtept><rtept lat="57.51333" lon="12.396148"><ele>72.4</ele></rtept><rtept lat="57.513357" lon="12.396202"><ele>72.2</ele></rtept><rtept lat="57.513368" lon="12.396232"><ele>72.2</ele></rtept><rtept lat="57.513375" lon="12.396267"><ele>71.8</ele></rtept><rtept lat="57.513388" lon="12.396293"><ele>71.8</ele></rtept><rtept lat="57.513388" lon="12.396338"><ele>71.6</ele></rtept><rtept lat="57.5134" lon="12.3964"><ele>71.2</ele></rtept><rtept lat="57.513407" lon="12.39644"><ele>71.4</ele></rtept><rtept lat="57.513413" lon="12.396482"><ele>71.0</ele></rtept><rtept lat="57.51342" lon="12.396522"><ele>71.0</ele></rtept><rtept lat="57.513433" lon="12.39656"><ele>71.0</ele></rtept><rtept lat="57.513452" lon="12.396598"><ele>70.8</ele></rtept><rtept lat="57.513472" lon="12.396635"><ele>70.8</ele></rtept><rtept lat="57.51349" lon="12.396673"><ele>70.8</ele></rtept><rtept lat="57.513503" lon="12.396718"><ele>70.2</ele></rtept><rtept lat="57.51351" lon="12.396775"><ele>70.0</ele></rtept><rtept lat="57.513528" lon="12.396848"><ele>69.6</ele></rtept><rtept lat="57.513535" lon="12.3969"><ele>69.6</ele></rtept><rtept lat="57.513542" lon="12.396967"><ele>69.0</ele></rtept><rtept lat="57.513535" lon="12.397002"><ele>69.2</ele></rtept><rtept lat="57.513528" lon="12.397037"><ele>68.8</ele></rtept><rtept lat="57.513517" lon="12.397073"><ele>68.6</ele></rtept><rtept lat="57.51351" lon="12.397107"><ele>68.6</ele></rtept><rtept lat="57.513497" lon="12.397138"><ele>68.2</ele></rtept><rtept lat="57.513478" lon="12.397197"><ele>67.6</ele></rtept><rtept lat="57.513472" lon="12.39723"><ele>67.2</ele></rtept><rtept lat="57.513458" lon="12.397265"><ele>67.2</ele></rtept><rtept lat="57.513452" lon="12.397303"><ele>67.0</ele></rtept><rtept lat="57.513445" lon="12.397343"><ele>66.8</ele></rtept><rtept lat="57.513445" lon="12.39739"><ele>67.0</ele></rtept><rtept lat="57.513445" lon="12.397445"><ele>66.8</ele></rtept><rtept lat="57.513478" lon="12.39756"><ele>67.0</ele></rtept><rtept lat="57.513528" lon="12.397692"><ele>67.2</ele></rtept><rtept lat="57.513548" lon="12.397787"><ele>67.0</ele></rtept><rtept lat="57.51356" lon="12.397833"><ele>67.4</ele></rtept><rtept lat="57.513567" lon="12.397872"><ele>67.6</ele></rtept><rtept lat="57.513593" lon="12.397905"><ele>68.2</ele></rtept><rtept lat="57.513612" lon="12.39794"><ele>68.2</ele></rtept><rtept lat="57.513632" lon="12.397972"><ele>68.4</ele></rtept><rtept lat="57.513657" lon="12.39801"><ele>68.6</ele></rtept><rtept lat="57.51367" lon="12.39796"><ele>69.2</ele></rtept><rtept lat="57.513695" lon="12.39795"><ele>69.0</ele></rtept><rtept lat="57.51374" lon="12.397992"><ele>69.4</ele></rtept><rtept lat="57.513792" lon="12.398055"><ele>69.4</ele></rtept><rtept lat="57.513837" lon="12.398137"><ele>69.4</ele></rtept><rtept lat="57.513837" lon="12.39818"><ele>70.2</ele></rtept><rtept lat="57.513855" lon="12.398215"><ele>70.4</ele></rtept><rtept lat="57.513868" lon="12.39824"><ele>71.0</ele></rtept><rtept lat="57.513887" lon="12.398275"><ele>70.8</ele></rtept><rtept lat="57.5139" lon="12.398328"><ele>71.2</ele></rtept><rtept lat="57.513913" lon="12.39836"><ele>71.4</ele></rtept><rtept lat="57.513932" lon="12.398393"><ele>71.8</ele></rtept><rtept lat="57.513963" lon="12.398432"><ele>71.2</ele></rtept><rtept lat="57.51399" lon="12.398457"><ele>71.2</ele></rtept><rtept lat="57.514015" lon="12.398463"><ele>70.8</ele></rtept><rtept lat="57.514035" lon="12.398448"><ele>71.0</ele></rtept><rtept lat="57.514047" lon="12.398403"><ele>70.2</ele></rtept><rtept lat="57.514067" lon="12.398398"><ele>69.6</ele></rtept><rtept lat="57.514085" lon="12.398397"><ele>69.0</ele></rtept><rtept lat="57.514105" lon="12.398402"><ele>68.6</ele></rtept><rtept lat="57.51413" lon="12.398413"><ele>68.4</ele></rtept><rtept lat="57.51415" lon="12.39842"><ele>68.0</ele></rtept><rtept lat="57.514168" lon="12.398413"><ele>67.4</ele></rtept><rtept lat="57.514188" lon="12.398418"><ele>67.2</ele></rtept><rtept lat="57.514213" lon="12.398467"><ele>66.4</ele></rtept><rtept lat="57.51422" lon="12.398502"><ele>66.2</ele></rtept><rtept lat="57.514227" lon="12.398542"><ele>65.6</ele></rtept><rtept lat="57.514233" lon="12.398578"><ele>65.0</ele></rtept><rtept lat="57.514245" lon="12.398618"><ele>65.2</ele></rtept><rtept lat="57.514265" lon="12.398647"><ele>64.8</ele></rtept><rtept lat="57.514278" lon="12.398672"><ele>64.4</ele></rtept><rtept lat="57.51429" lon="12.398703"><ele>64.6</ele></rtept><rtept lat="57.514303" lon="12.398747"><ele>64.2</ele></rtept><rtept lat="57.51431" lon="12.39878"><ele>63.8</ele></rtept><rtept lat="57.514303" lon="12.398825"><ele>63.4</ele></rtept><rtept lat="57.514317" lon="12.398878"><ele>63.2</ele></rtept><rtept lat="57.514328" lon="12.39893"><ele>63.2</ele></rtept><rtept lat="57.514348" lon="12.39897"><ele>63.0</ele></rtept><rtept lat="57.51436" lon="12.399"><ele>63.2</ele></rtept><rtept lat="57.514393" lon="12.399022"><ele>63.8</ele></rtept><rtept lat="57.514418" lon="12.399047"><ele>63.6</ele></rtept><rtept lat="57.514457" lon="12.399047"><ele>63.4</ele></rtept><rtept lat="57.514495" lon="12.399042"><ele>63.4</ele></rtept><rtept lat="57.51452" lon="12.399047"><ele>63.2</ele></rtept><rtept lat="57.514547" lon="12.399048"><ele>63.2</ele></rtept><rtept lat="57.514565" lon="12.399043"><ele>63.0</ele></rtept><rtept lat="57.514592" lon="12.399028"><ele>62.6</ele></rtept><rtept lat="57.514617" lon="12.399008"><ele>62.4</ele></rtept><rtept lat="57.514637" lon="12.399"><ele>62.4</ele></rtept><rtept lat="57.514668" lon="12.398995"><ele>62.0</ele></rtept><rtept lat="57.514687" lon="12.399"><ele>62.2</ele></rtept><rtept lat="57.514713" lon="12.398998"><ele>62.2</ele></rtept><rtept lat="57.514738" lon="12.398988"><ele>62.0</ele></rtept><rtept lat="57.514758" lon="12.398982"><ele>62.4</ele></rtept><rtept lat="57.51479" lon="12.399018"><ele>61.8</ele></rtept><rtept lat="57.514822" lon="12.399053"><ele>62.0</ele></rtept><rtept lat="57.51484" lon="12.399077"><ele>61.6</ele></rtept><rtept lat="57.51486" lon="12.3991"><ele>62.0</ele></rtept><rtept lat="57.51488" lon="12.39912"><ele>62.0</ele></rtept><rtept lat="57.514905" lon="12.399157"><ele>62.4</ele></rtept><rtept lat="57.514937" lon="12.39918"><ele>62.2</ele></rtept><rtept lat="57.514957" lon="12.399213"><ele>62.8</ele></rtept><rtept lat="57.514968" lon="12.399245"><ele>62.8</ele></rtept><rtept lat="57.514988" lon="12.39931"><ele>62.8</ele></rtept><rtept lat="57.515007" lon="12.399342"><ele>62.6</ele></rtept><rtept lat="57.515027" lon="12.399382"><ele>62.4</ele></rtept><rtept lat="57.515045" lon="12.39943"><ele>62.8</ele></rtept><rtept lat="57.515058" lon="12.399465"><ele>62.6</ele></rtept><rtept lat="57.515072" lon="12.3995"><ele>62.2</ele></rtept><rtept lat="57.515078" lon="12.399533"><ele>62.6</ele></rtept><rtept lat="57.515083" lon="12.399565"><ele>62.2</ele></rtept><rtept lat="57.515097" lon="12.399595"><ele>62.2</ele></rtept><rtept lat="57.515103" lon="12.399628"><ele>62.2</ele></rtept><rtept lat="57.51511" lon="12.399662"><ele>62.0</ele></rtept><rtept lat="57.515122" lon="12.399708"><ele>62.2</ele></rtept><rtept lat="57.515135" lon="12.399735"><ele>62.2</ele></rtept><rtept lat="57.515167" lon="12.399773"><ele>62.6</ele></rtept><rtept lat="57.5152" lon="12.399788"><ele>63.0</ele></rtept><rtept lat="57.515218" lon="12.3998"><ele>63.2</ele></rtept><rtept lat="57.515238" lon="12.399817"><ele>63.2</ele></rtept><rtept lat="57.515257" lon="12.399833"><ele>63.8</ele></rtept><rtept lat="57.515282" lon="12.39988"><ele>63.6</ele></rtept><rtept lat="57.515302" lon="12.399912"><ele>64.2</ele></rtept><rtept lat="57.515315" lon="12.39994"><ele>64.2</ele></rtept><rtept lat="57.515333" lon="12.39999"><ele>65.0</ele></rtept><rtept lat="57.51536" lon="12.400035"><ele>65.8</ele></rtept><rtept lat="57.515398" lon="12.400067"><ele>65.8</ele></rtept><rtept lat="57.51543" lon="12.400095"><ele>65.8</ele></rtept><rtept lat="57.515468" lon="12.400115"><ele>66.4</ele></rtept><rtept lat="57.515507" lon="12.400127"><ele>66.4</ele></rtept><rtept lat="57.515545" lon="12.40013"><ele>67.0</ele></rtept><rtept lat="57.51559" lon="12.40017"><ele>67.2</ele></rtept><rtept lat="57.515635" lon="12.4002"><ele>67.2</ele></rtept><rtept lat="57.515673" lon="12.400253"><ele>67.8</ele></rtept><rtept lat="57.515705" lon="12.400283"><ele>68.0</ele></rtept><rtept lat="57.515718" lon="12.400318"><ele>68.6</ele></rtept><rtept lat="57.515712" lon="12.400375"><ele>68.8</ele></rtept><rtept lat="57.515718" lon="12.400422"><ele>69.2</ele></rtept><rtept lat="57.515712" lon="12.400457"><ele>69.2</ele></rtept><rtept lat="57.515723" lon="12.400483"><ele>69.8</ele></rtept><rtept lat="57.51575" lon="12.400503"><ele>70.2</ele></rtept><rtept lat="57.515762" lon="12.400528"><ele>70.0</ele></rtept><rtept lat="57.515782" lon="12.400557"><ele>70.2</ele></rtept><rtept lat="57.515807" lon="12.400597"><ele>70.2</ele></rtept><rtept lat="57.515833" lon="12.400633"><ele>70.2</ele></rtept><rtept lat="57.515858" lon="12.400667"><ele>70.2</ele></rtept><rtept lat="57.515878" lon="12.40069"><ele>70.6</ele></rtept><rtept lat="57.51591" lon="12.400722"><ele>71.2</ele></rtept><rtept lat="57.515942" lon="12.40074"><ele>70.8</ele></rtept><rtept lat="57.515967" lon="12.40076"><ele>71.0</ele></rtept><rtept lat="57.515993" lon="12.400765"><ele>71.4</ele></rtept><rtept lat="57.516012" lon="12.40076"><ele>71.4</ele></rtept><rtept lat="57.516032" lon="12.40077"><ele>71.2</ele></rtept><rtept lat="57.516057" lon="12.400807"><ele>71.4</ele></rtept><rtept lat="57.516077" lon="12.40084"><ele>71.2</ele></rtept><rtept lat="57.516095" lon="12.40086"><ele>71.0</ele></rtept><rtept lat="57.516115" lon="12.400883"><ele>71.6</ele></rtept><rtept lat="57.51614" lon="12.400915"><ele>71.0</ele></rtept><rtept lat="57.516153" lon="12.40094"><ele>71.4</ele></rtept><rtept lat="57.516172" lon="12.40097"><ele>71.8</ele></rtept><rtept lat="57.516192" lon="12.401"><ele>71.8</ele></rtept><rtept lat="57.516203" lon="12.401028"><ele>71.6</ele></rtept><rtept lat="57.516217" lon="12.401055"><ele>72.2</ele></rtept><rtept lat="57.51623" lon="12.401082"><ele>72.2</ele></rtept><rtept lat="57.516242" lon="12.401115"><ele>72.8</ele></rtept><rtept lat="57.516255" lon="12.401142"><ele>72.8</ele></rtept><rtept lat="57.516275" lon="12.401172"><ele>73.4</ele></rtept><rtept lat="57.516287" lon="12.4012"><ele>73.2</ele></rtept><rtept lat="57.516307" lon="12.401233"><ele>73.0</ele></rtept><rtept lat="57.516325" lon="12.401253"><ele>73.4</ele></rtept><rtept lat="57.516358" lon="12.40126"><ele>73.6</ele></rtept><rtept lat="57.516397" lon="12.401262"><ele>73.6</ele></rtept><rtept lat="57.516428" lon="12.401263"><ele>73.8</ele></rtept><rtept lat="57.516453" lon="12.401272"><ele>73.4</ele></rtept><rtept lat="57.516492" lon="12.401282"><ele>73.2</ele></rtept><rtept lat="57.51653" lon="12.401297"><ele>73.4</ele></rtept><rtept lat="57.516575" lon="12.401317"><ele>73.2</ele></rtept><rtept lat="57.516627" lon="12.401333"><ele>73.0</ele></rtept><rtept lat="57.516665" lon="12.401345"><ele>73.4</ele></rtept><rtept lat="57.516717" lon="12.401382"><ele>73.2</ele></rtept><rtept lat="57.516767" lon="12.40142"><ele>73.0</ele></rtept><rtept lat="57.516793" lon="12.401452"><ele>73.0</ele></rtept><rtept lat="57.516825" lon="12.401495"><ele>72.4</ele></rtept><rtept lat="57.51687" lon="12.40155"><ele>72.2</ele></rtept><rtept lat="57.51692" lon="12.401648"><ele>72.0</ele></rtept><rtept lat="57.516933" lon="12.40171"><ele>71.4</ele></rtept><rtept lat="57.516927" lon="12.401743"><ele>71.2</ele></rtept><rtept lat="57.51692" lon="12.401783"><ele>69.4</ele></rtept><rtept lat="57.516933" lon="12.401813"><ele>68.6</ele></rtept><rtept lat="57.516953" lon="12.401828"><ele>67.8</ele></rtept><rtept lat="57.516972" lon="12.401848"><ele>66.4</ele></rtept><rtept lat="57.516992" lon="12.401873"><ele>65.6</ele></rtept><rtept lat="57.517017" lon="12.401907"><ele>64.0</ele></rtept><rtept lat="57.517042" lon="12.401928"><ele>63.2</ele></rtept><rtept lat="57.517062" lon="12.401933"><ele>62.6</ele></rtept><rtept lat="57.517087" lon="12.401938"><ele>61.4</ele></rtept><rtept lat="57.517107" lon="12.401948"><ele>60.6</ele></rtept><rtept lat="57.517125" lon="12.401967"><ele>60.0</ele></rtept><rtept lat="57.517145" lon="12.40198"><ele>59.6</ele></rtept><rtept lat="57.517163" lon="12.401998"><ele>59.2</ele></rtept><rtept lat="57.517183" lon="12.402025"><ele>58.0</ele></rtept><rtept lat="57.517208" lon="12.402057"><ele>57.2</ele></rtept><rtept lat="57.517228" lon="12.402098"><ele>56.2</ele></rtept><rtept lat="57.517247" lon="12.402112"><ele>55.8</ele></rtept><rtept lat="57.517267" lon="12.402115"><ele>55.0</ele></rtept><rtept lat="57.517292" lon="12.40216"><ele>54.0</ele></rtept><rtept lat="57.517323" lon="12.402182"><ele>53.4</ele></rtept><rtept lat="57.517357" lon="12.402222"><ele>52.2</ele></rtept><rtept lat="57.517375" lon="12.402243"><ele>52.0</ele></rtept><rtept lat="57.517388" lon="12.402283"><ele>50.8</ele></rtept><rtept lat="57.517413" lon="12.402295"><ele>50.0</ele></rtept><rtept lat="57.517433" lon="12.40229"><ele>49.6</ele></rtept><rtept lat="57.517427" lon="12.402323"><ele>48.4</ele></rtept><rtept lat="57.517433" lon="12.40237"><ele>46.4</ele></rtept><rtept lat="57.517427" lon="12.402415"><ele>45.4</ele></rtept><rtept lat="57.517433" lon="12.402465"><ele>45.0</ele></rtept><rtept lat="57.517427" lon="12.402513"><ele>44.4</ele></rtept><rtept lat="57.51744" lon="12.402553"><ele>43.4</ele></rtept><rtept lat="57.517458" lon="12.402587"><ele>43.0</ele></rtept><rtept lat="57.517483" lon="12.40262"><ele>42.4</ele></rtept><rtept lat="57.517503" lon="12.402677"><ele>41.6</ele></rtept><rtept lat="57.517503" lon="12.402713"><ele>41.2</ele></rtept><rtept lat="57.51751" lon="12.40276"><ele>40.4</ele></rtept><rtept lat="57.517528" lon="12.402817"><ele>39.6</ele></rtept><rtept lat="57.517542" lon="12.402852"><ele>39.4</ele></rtept><rtept lat="57.517542" lon="12.402887"><ele>39.0</ele></rtept><rtept lat="57.517535" lon="12.402925"><ele>38.8</ele></rtept><rtept lat="57.517528" lon="12.40296"><ele>38.6</ele></rtept><rtept lat="57.517548" lon="12.402988"><ele>38.2</ele></rtept><rtept lat="57.517567" lon="12.403017"><ele>37.2</ele></rtept><rtept lat="57.517587" lon="12.40303"><ele>36.6</ele></rtept><rtept lat="57.5176" lon="12.40306"><ele>35.8</ele></rtept><rtept lat="57.517618" lon="12.40309"><ele>35.4</ele></rtept><rtept lat="57.517632" lon="12.40312"><ele>35.0</ele></rtept><rtept lat="57.517638" lon="12.403153"><ele>34.8</ele></rtept><rtept lat="57.517638" lon="12.403203"><ele>34.2</ele></rtept><rtept lat="57.51765" lon="12.403235"><ele>34.0</ele></rtept><rtept lat="57.517657" lon="12.403288"><ele>33.6</ele></rtept><rtept lat="57.517643" lon="12.403333"><ele>33.2</ele></rtept><rtept lat="57.517632" lon="12.40336"><ele>33.0</ele></rtept><rtept lat="57.517618" lon="12.403393"><ele>32.6</ele></rtept><rtept lat="57.517605" lon="12.403432"><ele>32.4</ele></rtept><rtept lat="57.517593" lon="12.403465"><ele>32.4</ele></rtept><rtept lat="57.51758" lon="12.403498"><ele>31.6</ele></rtept><rtept lat="57.517567" lon="12.40354"><ele>31.8</ele></rtept><rtept lat="57.517548" lon="12.403567"><ele>31.6</ele></rtept><rtept lat="57.517542" lon="12.403607"><ele>31.0</ele></rtept><rtept lat="57.517522" lon="12.403655"><ele>31.2</ele></rtept><rtept lat="57.517503" lon="12.403695"><ele>31.0</ele></rtept><rtept lat="57.517483" lon="12.403735"><ele>30.8</ele></rtept><rtept lat="57.517472" lon="12.40377"><ele>31.2</ele></rtept><rtept lat="57.517472" lon="12.403803"><ele>31.0</ele></rtept><rtept lat="57.517472" lon="12.403845"><ele>30.6</ele></rtept><rtept lat="57.517478" lon="12.403898"><ele>30.8</ele></rtept><rtept lat="57.517483" lon="12.403943"><ele>30.4</ele></rtept><rtept lat="57.517483" lon="12.403982"><ele>30.2</ele></rtept><rtept lat="57.517483" lon="12.404017"><ele>30.4</ele></rtept><rtept lat="57.517497" lon="12.404067"><ele>30.0</ele></rtept><rtept lat="57.51751" lon="12.404112"><ele>29.6</ele></rtept><rtept lat="57.517528" lon="12.404157"><ele>30.0</ele></rtept><rtept lat="57.517542" lon="12.404185"><ele>30.2</ele></rtept><rtept lat="57.51756" lon="12.40417"><ele>31.6</ele></rtept><rtept lat="57.51758" lon="12.404157"><ele>31.8</ele></rtept><rtept lat="57.517605" lon="12.404153"><ele>32.4</ele></rtept><rtept lat="57.517625" lon="12.404153"><ele>32.8</ele></rtept><rtept lat="57.517663" lon="12.40418"><ele>33.2</ele></rtept><rtept lat="57.517695" lon="12.404257"><ele>33.6</ele></rtept><rtept lat="57.517708" lon="12.404322"><ele>33.6</ele></rtept><rtept lat="57.51772" lon="12.404357"><ele>34.0</ele></rtept><rtept lat="57.51776" lon="12.40442"><ele>35.2</ele></rtept><rtept lat="57.517785" lon="12.404458"><ele>35.4</ele></rtept><rtept lat="57.517803" lon="12.404477"><ele>35.8</ele></rtept><rtept lat="57.517817" lon="12.404505"><ele>36.2</ele></rtept><rtept lat="57.517823" lon="12.404543"><ele>37.4</ele></rtept><rtept lat="57.517842" lon="12.404568"><ele>37.8</ele></rtept><rtept lat="57.517855" lon="12.404598"><ele>38.2</ele></rtept><rtept lat="57.517887" lon="12.404635"><ele>38.6</ele></rtept><rtept lat="57.5179" lon="12.404673"><ele>39.0</ele></rtept><rtept lat="57.517907" lon="12.404722"><ele>39.0</ele></rtept><rtept lat="57.517907" lon="12.404788"><ele>39.0</ele></rtept><rtept lat="57.517913" lon="12.404833"><ele>39.4</ele></rtept><rtept lat="57.51792" lon="12.404877"><ele>39.6</ele></rtept><rtept lat="57.51792" lon="12.40491"><ele>39.6</ele></rtept><rtept lat="57.51792" lon="12.404952"><ele>39.2</ele></rtept><rtept lat="57.51792" lon="12.405005"><ele>39.4</ele></rtept><rtept lat="57.517907" lon="12.405045"><ele>39.0</ele></rtept><rtept lat="57.5179" lon="12.405085"><ele>39.2</ele></rtept><rtept lat="57.517907" lon="12.405145"><ele>39.6</ele></rtept><rtept lat="57.517907" lon="12.405263"><ele>39.8</ele></rtept><rtept lat="57.517893" lon="12.405342"><ele>40.4</ele></rtept><rtept lat="57.517868" lon="12.405383"><ele>40.4</ele></rtept><rtept lat="57.517862" lon="12.405448"><ele>40.8</ele></rtept><rtept lat="57.517868" lon="12.405487"><ele>40.8</ele></rtept><rtept lat="57.517887" lon="12.40554"><ele>41.2</ele></rtept><rtept lat="57.517893" lon="12.4056"><ele>41.2</ele></rtept><rtept lat="57.5179" lon="12.405652"><ele>41.4</ele></rtept><rtept lat="57.51792" lon="12.40568"><ele>41.6</ele></rtept><rtept lat="57.517913" lon="12.405722"><ele>41.6</ele></rtept><rtept lat="57.517907" lon="12.40578"><ele>42.0</ele></rtept><rtept lat="57.517907" lon="12.405817"><ele>42.4</ele></rtept><rtept lat="57.517887" lon="12.40575"><ele>43.0</ele></rtept><rtept lat="57.517913" lon="12.405692"><ele>43.4</ele></rtept><rtept lat="57.517938" lon="12.405692"><ele>43.6</ele></rtept><rtept lat="57.517958" lon="12.405725"><ele>43.6</ele></rtept><rtept lat="57.517958" lon="12.405772"><ele>43.8</ele></rtept><rtept lat="57.517963" lon="12.40581"><ele>44.0</ele></rtept><rtept lat="57.517983" lon="12.405823"><ele>44.2</ele></rtept><rtept lat="57.517997" lon="12.40587"><ele>44.2</ele></rtept><rtept lat="57.518008" lon="12.405908"><ele>44.2</ele></rtept><rtept lat="57.518002" lon="12.405942"><ele>44.6</ele></rtept><rtept lat="57.518022" lon="12.405962"><ele>45.0</ele></rtept><rtept lat="57.51804" lon="12.406008"><ele>45.8</ele></rtept><rtept lat="57.518053" lon="12.40604"><ele>46.0</ele></rtept><rtept lat="57.518067" lon="12.406087"><ele>46.0</ele></rtept><rtept lat="57.518067" lon="12.406123"><ele>46.6</ele></rtept><rtept lat="57.518085" lon="12.406152"><ele>47.4</ele></rtept><rtept lat="57.518085" lon="12.406192"><ele>48.0</ele></rtept><rtept lat="57.518098" lon="12.406217"><ele>48.2</ele></rtept><rtept lat="57.518112" lon="12.406245"><ele>48.4</ele></rtept><rtept lat="57.518123" lon="12.406285"><ele>48.6</ele></rtept><rtept lat="57.518143" lon="12.40633"><ele>49.4</ele></rtept><rtept lat="57.518157" lon="12.406362"><ele>49.6</ele></rtept><rtept lat="57.518157" lon="12.406405"><ele>49.8</ele></rtept><rtept lat="57.518168" lon="12.406467"><ele>50.0</ele></rtept><rtept lat="57.518182" lon="12.406497"><ele>50.2</ele></rtept><rtept lat="57.5182" lon="12.406543"><ele>50.4</ele></rtept><rtept lat="57.518213" lon="12.40658"><ele>50.6</ele></rtept><rtept lat="57.51822" lon="12.406615"><ele>50.6</ele></rtept><rtept lat="57.518227" lon="12.406665"><ele>51.4</ele></rtept><rtept lat="57.518245" lon="12.406708"><ele>51.8</ele></rtept><rtept lat="57.518258" lon="12.406735"><ele>51.8</ele></rtept><rtept lat="57.518283" lon="12.406798"><ele>52.0</ele></rtept><rtept lat="57.518303" lon="12.40682"><ele>51.8</ele></rtept><rtept lat="57.518317" lon="12.406847"><ele>52.0</ele></rtept><rtept lat="57.518328" lon="12.406873"><ele>52.2</ele></rtept><rtept lat="57.518342" lon="12.406928"><ele>52.2</ele></rtept><rtept lat="57.518355" lon="12.406958"><ele>52.2</ele></rtept><rtept lat="57.51838" lon="12.407012"><ele>52.4</ele></rtept><rtept lat="57.518393" lon="12.407037"><ele>52.6</ele></rtept><rtept lat="57.518412" lon="12.407097"><ele>52.8</ele></rtept><rtept lat="57.518432" lon="12.40713"><ele>53.0</ele></rtept><rtept lat="57.518457" lon="12.407163"><ele>53.0</ele></rtept><rtept lat="57.518477" lon="12.407188"><ele>53.4</ele></rtept><rtept lat="57.518515" lon="12.407225"><ele>53.4</ele></rtept><rtept lat="57.518553" lon="12.40726"><ele>53.4</ele></rtept><rtept lat="57.518598" lon="12.407283"><ele>54.0</ele></rtept><rtept lat="57.518623" lon="12.407293"><ele>54.0</ele></rtept><rtept lat="57.518675" lon="12.407342"><ele>54.2</ele></rtept><rtept lat="57.51872" lon="12.407393"><ele>54.8</ele></rtept><rtept lat="57.518738" lon="12.407395"><ele>55.0</ele></rtept><rtept lat="57.518777" lon="12.40739"><ele>55.0</ele></rtept><rtept lat="57.51879" lon="12.407363"><ele>55.2</ele></rtept><rtept lat="57.51879" lon="12.407325"><ele>55.8</ele></rtept><rtept lat="57.518808" lon="12.407328"><ele>56.0</ele></rtept><rtept lat="57.518835" lon="12.407325"><ele>56.2</ele></rtept><rtept lat="57.51886" lon="12.407328"><ele>56.2</ele></rtept><rtept lat="57.518892" lon="12.407373"><ele>56.2</ele></rtept><rtept lat="57.51893" lon="12.40741"><ele>56.6</ele></rtept><rtept lat="57.51895" lon="12.407428"><ele>56.4</ele></rtept><rtept lat="57.518988" lon="12.407448"><ele>56.8</ele></rtept><rtept lat="57.518988" lon="12.407408"><ele>57.0</ele></rtept><rtept lat="57.518975" lon="12.407462"><ele>57.4</ele></rtept><rtept lat="57.518995" lon="12.407477"><ele>58.0</ele></rtept><rtept lat="57.51902" lon="12.407468"><ele>58.2</ele></rtept><rtept lat="57.519045" lon="12.407482"><ele>58.4</ele></rtept><rtept lat="57.519072" lon="12.407488"><ele>58.4</ele></rtept><rtept lat="57.51909" lon="12.407478"><ele>58.6</ele></rtept><rtept lat="57.519117" lon="12.40748"><ele>59.0</ele></rtept><rtept lat="57.519135" lon="12.407492"><ele>59.2</ele></rtept><rtept lat="57.519155" lon="12.407507"><ele>59.4</ele></rtept><rtept lat="57.519173" lon="12.407517"><ele>59.8</ele></rtept><rtept lat="57.519193" lon="12.407513"><ele>60.0</ele></rtept><rtept lat="57.519212" lon="12.407507"><ele>60.2</ele></rtept><rtept lat="57.519232" lon="12.407492"><ele>60.8</ele></rtept><rtept lat="57.51925" lon="12.407467"><ele>61.0</ele></rtept><rtept lat="57.51927" lon="12.407462"><ele>61.4</ele></rtept><rtept lat="57.519288" lon="12.407483"><ele>61.4</ele></rtept><rtept lat="57.519308" lon="12.407507"><ele>61.8</ele></rtept><rtept lat="57.519327" lon="12.407513"><ele>62.0</ele></rtept><rtept lat="57.519347" lon="12.407538"><ele>62.2</ele></rtept><rtept lat="57.519365" lon="12.407583"><ele>62.6</ele></rtept><rtept lat="57.519385" lon="12.407628"><ele>63.0</ele></rtept><rtept lat="57.519398" lon="12.407653"><ele>63.2</ele></rtept><rtept lat="57.519423" lon="12.407692"><ele>63.4</ele></rtept><rtept lat="57.519455" lon="12.407727"><ele>63.0</ele></rtept><rtept lat="57.519493" lon="12.407758"><ele>63.0</ele></rtept><rtept lat="57.519532" lon="12.407767"><ele>62.8</ele></rtept><rtept lat="57.519552" lon="12.407785"><ele>62.4</ele></rtept><rtept lat="57.519577" lon="12.40782"><ele>62.0</ele></rtept><rtept lat="57.519602" lon="12.40785"><ele>61.2</ele></rtept><rtept lat="57.519635" lon="12.407883"><ele>60.8</ele></rtept><rtept lat="57.519653" lon="12.407897"><ele>60.8</ele></rtept><rtept lat="57.519673" lon="12.40794"><ele>60.2</ele></rtept><rtept lat="57.519692" lon="12.40797"><ele>60.0</ele></rtept><rtept lat="57.519712" lon="12.408008"><ele>59.8</ele></rtept><rtept lat="57.51973" lon="12.408038"><ele>59.8</ele></rtept><rtept lat="57.51975" lon="12.408055"><ele>59.6</ele></rtept><rtept lat="57.519782" lon="12.408088"><ele>59.6</ele></rtept><rtept lat="57.519807" lon="12.40812"><ele>59.4</ele></rtept><rtept lat="57.519827" lon="12.408142"><ele>59.4</ele></rtept><rtept lat="57.519845" lon="12.408163"><ele>60.0</ele></rtept><rtept lat="57.519865" lon="12.408188"><ele>59.8</ele></rtept><rtept lat="57.519903" lon="12.408223"><ele>59.6</ele></rtept><rtept lat="57.519928" lon="12.408267"><ele>60.2</ele></rtept><rtept lat="57.519942" lon="12.408293"><ele>60.0</ele></rtept><rtept lat="57.51996" lon="12.408328"><ele>59.6</ele></rtept><rtept lat="57.519987" lon="12.408372"><ele>59.8</ele></rtept><rtept lat="57.520005" lon="12.408385"><ele>59.6</ele></rtept><rtept lat="57.520038" lon="12.40842"><ele>59.8</ele></rtept><rtept lat="57.520057" lon="12.408447"><ele>59.4</ele></rtept><rtept lat="57.520088" lon="12.408487"><ele>59.4</ele></rtept><rtept lat="57.520108" lon="12.4085"><ele>59.4</ele></rtept><rtept lat="57.520127" lon="12.408512"><ele>59.8</ele></rtept><rtept lat="57.520147" lon="12.408522"><ele>59.6</ele></rtept><rtept lat="57.520165" lon="12.408527"><ele>59.2</ele></rtept><rtept lat="57.520185" lon="12.40854"><ele>59.8</ele></rtept><rtept lat="57.520203" lon="12.40856"><ele>59.6</ele></rtept><rtept lat="57.520223" lon="12.408585"><ele>59.8</ele></rtept><rtept lat="57.520242" lon="12.408603"><ele>60.0</ele></rtept><rtept lat="57.520268" lon="12.408617"><ele>59.6</ele></rtept><rtept lat="57.520287" lon="12.408637"><ele>59.2</ele></rtept><rtept lat="57.520313" lon="12.408677"><ele>59.6</ele></rtept><rtept lat="57.520345" lon="12.408695"><ele>59.0</ele></rtept><rtept lat="57.520363" lon="12.408695"><ele>58.8</ele></rtept><rtept lat="57.520383" lon="12.408695"><ele>58.8</ele></rtept><rtept lat="57.520408" lon="12.408695"><ele>58.6</ele></rtept><rtept lat="57.520428" lon="12.4087"><ele>58.6</ele></rtept><rtept lat="57.520453" lon="12.40871"><ele>58.4</ele></rtept><rtept lat="57.520473" lon="12.408725"><ele>58.2</ele></rtept><rtept lat="57.520505" lon="12.408768"><ele>57.8</ele></rtept><rtept lat="57.520523" lon="12.408795"><ele>57.4</ele></rtept><rtept lat="57.52055" lon="12.408807"><ele>57.4</ele></rtept><rtept lat="57.520562" lon="12.408838"><ele>56.0</ele></rtept><rtept lat="57.520582" lon="12.40882"><ele>55.0</ele></rtept><rtept lat="57.5206" lon="12.408828"><ele>54.8</ele></rtept><rtept lat="57.520633" lon="12.40884"><ele>54.8</ele></rtept><rtept lat="57.520665" lon="12.408855"><ele>54.8</ele></rtept><rtept lat="57.520697" lon="12.408878"><ele>55.0</ele></rtept><rtept lat="57.520722" lon="12.408892"><ele>55.0</ele></rtept><rtept lat="57.520748" lon="12.408898"><ele>54.6</ele></rtept><rtept lat="57.52078" lon="12.408898"><ele>54.4</ele></rtept><rtept lat="57.5208" lon="12.408878"><ele>54.2</ele></rtept><rtept lat="57.520818" lon="12.408868"><ele>54.6</ele></rtept><rtept lat="57.520843" lon="12.408862"><ele>55.4</ele></rtept><rtept lat="57.520863" lon="12.408852"><ele>55.4</ele></rtept><rtept lat="57.520895" lon="12.408862"><ele>55.8</ele></rtept><rtept lat="57.520933" lon="12.408883"><ele>56.6</ele></rtept><rtept lat="57.52096" lon="12.4089"><ele>56.8</ele></rtept><rtept lat="57.520985" lon="12.408928"><ele>57.4</ele></rtept><rtept lat="57.521023" lon="12.40898"><ele>57.6</ele></rtept><rtept lat="57.521042" lon="12.409033"><ele>58.4</ele></rtept><rtept lat="57.521055" lon="12.40907"><ele>58.2</ele></rtept><rtept lat="57.521062" lon="12.409105"><ele>58.4</ele></rtept><rtept lat="57.521087" lon="12.409145"><ele>58.6</ele></rtept><rtept lat="57.521113" lon="12.409162"><ele>59.0</ele></rtept><rtept lat="57.521132" lon="12.409178"><ele>58.8</ele></rtept><rtept lat="57.521158" lon="12.409192"><ele>59.4</ele></rtept><rtept lat="57.521177" lon="12.409205"><ele>59.4</ele></rtept><rtept lat="57.521197" lon="12.40923"><ele>59.2</ele></rtept><rtept lat="57.521222" lon="12.409263"><ele>59.6</ele></rtept><rtept lat="57.52124" lon="12.409292"><ele>59.4</ele></rtept><rtept lat="57.52126" lon="12.409323"><ele>59.4</ele></rtept><rtept lat="57.521285" lon="12.409345"><ele>60.0</ele></rtept><rtept lat="57.521305" lon="12.409373"><ele>59.8</ele></rtept><rtept lat="57.521323" lon="12.4094"><ele>59.6</ele></rtept><rtept lat="57.521343" lon="12.409435"><ele>60.0</ele></rtept><rtept lat="57.521368" lon="12.40946"><ele>60.2</ele></rtept><rtept lat="57.5214" lon="12.409495"><ele>59.8</ele></rtept><rtept lat="57.52142" lon="12.40952"><ele>60.0</ele></rtept><rtept lat="57.521452" lon="12.409543"><ele>60.0</ele></rtept><rtept lat="57.521472" lon="12.40956"><ele>59.6</ele></rtept><rtept lat="57.52149" lon="12.409568"><ele>59.2</ele></rtept><rtept lat="57.521517" lon="12.409587"><ele>59.4</ele></rtept><rtept lat="57.521535" lon="12.409612"><ele>58.8</ele></rtept><rtept lat="57.521555" lon="12.40962"><ele>58.6</ele></rtept><rtept lat="57.52158" lon="12.409637"><ele>58.6</ele></rtept><rtept lat="57.5216" lon="12.40966"><ele>58.0</ele></rtept><rtept lat="57.521632" lon="12.409693"><ele>57.8</ele></rtept><rtept lat="57.52165" lon="12.409702"><ele>57.4</ele></rtept><rtept lat="57.521677" lon="12.40974"><ele>57.0</ele></rtept><rtept lat="57.521708" lon="12.409772"><ele>55.6</ele></rtept><rtept lat="57.521733" lon="12.409797"><ele>54.6</ele></rtept><rtept lat="57.521753" lon="12.409805"><ele>54.2</ele></rtept><rtept lat="57.521772" lon="12.409812"><ele>54.0</ele></rtept><rtept lat="57.521817" lon="12.409842"><ele>53.2</ele></rtept><rtept lat="57.521842" lon="12.40986"><ele>53.6</ele></rtept><rtept lat="57.521875" lon="12.409867"><ele>53.4</ele></rtept><rtept lat="57.521913" lon="12.40988"><ele>53.0</ele></rtept><rtept lat="57.521932" lon="12.409892"><ele>53.4</ele></rtept><rtept lat="57.521958" lon="12.409892"><ele>53.2</ele></rtept><rtept lat="57.521977" lon="12.4099"><ele>53.4</ele></rtept><rtept lat="57.522008" lon="12.409905"><ele>53.6</ele></rtept><rtept lat="57.522028" lon="12.409912"><ele>53.4</ele></rtept><rtept lat="57.522053" lon="12.40991"><ele>53.8</ele></rtept><rtept lat="57.522073" lon="12.409905"><ele>54.0</ele></rtept><rtept lat="57.522112" lon="12.40989"><ele>54.2</ele></rtept><rtept lat="57.52213" lon="12.409882"><ele>54.0</ele></rtept><rtept lat="57.52215" lon="12.409882"><ele>54.0</ele></rtept><rtept lat="57.522168" lon="12.409887"><ele>54.4</ele></rtept><rtept lat="57.522188" lon="12.409895"><ele>54.2</ele></rtept><rtept lat="57.522207" lon="12.409905"><ele>54.0</ele></rtept><rtept lat="57.522227" lon="12.40991"><ele>54.2</ele></rtept><rtept lat="57.522252" lon="12.409918"><ele>54.4</ele></rtept><rtept lat="57.522272" lon="12.409922"><ele>54.0</ele></rtept><rtept lat="57.522297" lon="12.409925"><ele>54.0</ele></rtept><rtept lat="57.522317" lon="12.409902"><ele>54.4</ele></rtept><rtept lat="57.522342" lon="12.40989"><ele>54.0</ele></rtept><rtept lat="57.52236" lon="12.40989"><ele>53.8</ele></rtept><rtept lat="57.522387" lon="12.409895"><ele>54.0</ele></rtept><rtept lat="57.522405" lon="12.4099"><ele>53.8</ele></rtept><rtept lat="57.522425" lon="12.409905"><ele>53.4</ele></rtept><rtept lat="57.522443" lon="12.40991"><ele>53.6</ele></rtept><rtept lat="57.522463" lon="12.409918"><ele>53.2</ele></rtept><rtept lat="57.522482" lon="12.409935"><ele>53.0</ele></rtept><rtept lat="57.522515" lon="12.409947"><ele>52.2</ele></rtept><rtept lat="57.522533" lon="12.409943"><ele>51.4</ele></rtept><rtept lat="57.52256" lon="12.409942"><ele>51.0</ele></rtept><rtept lat="57.522578" lon="12.409945"><ele>51.2</ele></rtept><rtept lat="57.522603" lon="12.409942"><ele>50.8</ele></rtept><rtept lat="57.522623" lon="12.40994"><ele>50.8</ele></rtept><rtept lat="57.522642" lon="12.40995"><ele>50.2</ele></rtept><rtept lat="57.522662" lon="12.409957"><ele>49.8</ele></rtept><rtept lat="57.522687" lon="12.409983"><ele>49.6</ele></rtept><rtept lat="57.522707" lon="12.409992"><ele>49.4</ele></rtept><rtept lat="57.522732" lon="12.410025"><ele>49.0</ele></rtept><rtept lat="57.522752" lon="12.410043"><ele>48.6</ele></rtept><rtept lat="57.522777" lon="12.41006"><ele>48.6</ele></rtept><rtept lat="57.522808" lon="12.41008"><ele>48.0</ele></rtept><rtept lat="57.522828" lon="12.410088"><ele>48.0</ele></rtept><rtept lat="57.522847" lon="12.410098"><ele>47.8</ele></rtept><rtept lat="57.522867" lon="12.410113"><ele>47.4</ele></rtept><rtept lat="57.522892" lon="12.410123"><ele>47.6</ele></rtept><rtept lat="57.522912" lon="12.410125"><ele>47.2</ele></rtept><rtept lat="57.52293" lon="12.410125"><ele>46.8</ele></rtept><rtept lat="57.522957" lon="12.410122"><ele>46.6</ele></rtept><rtept lat="57.522988" lon="12.41014"><ele>46.8</ele></rtept><rtept lat="57.523013" lon="12.410158"><ele>46.6</ele></rtept><rtept lat="57.523033" lon="12.41017"><ele>46.6</ele></rtept><rtept lat="57.523058" lon="12.410218"><ele>46.8</ele></rtept><rtept lat="57.523072" lon="12.410275"><ele>46.8</ele></rtept><rtept lat="57.52309" lon="12.410292"><ele>46.4</ele></rtept><rtept lat="57.523122" lon="12.410322"><ele>46.2</ele></rtept><rtept lat="57.523142" lon="12.41034"><ele>46.2</ele></rtept><rtept lat="57.52316" lon="12.410368"><ele>45.6</ele></rtept><rtept lat="57.52316" lon="12.410403"><ele>45.6</ele></rtept><rtept lat="57.523135" lon="12.410407"><ele>45.2</ele></rtept><rtept lat="57.52311" lon="12.4104"><ele>45.2</ele></rtept><rtept lat="57.52309" lon="12.4104"><ele>44.8</ele></rtept><rtept lat="57.523078" lon="12.410433"><ele>44.4</ele></rtept><rtept lat="57.523083" lon="12.410492"><ele>44.2</ele></rtept><rtept lat="57.523103" lon="12.410558"><ele>44.0</ele></rtept><rtept lat="57.52311" lon="12.410612"><ele>43.8</ele></rtept><rtept lat="57.523128" lon="12.410637"><ele>43.0</ele></rtept><rtept lat="57.523155" lon="12.410685"><ele>42.8</ele></rtept><rtept lat="57.523167" lon="12.41072"><ele>42.4</ele></rtept><rtept lat="57.52318" lon="12.410763"><ele>42.4</ele></rtept><rtept lat="57.523193" lon="12.4108"><ele>42.6</ele></rtept><rtept lat="57.523205" lon="12.410835"><ele>42.0</ele></rtept><rtept lat="57.523218" lon="12.410868"><ele>41.8</ele></rtept><rtept lat="57.523238" lon="12.410898"><ele>42.4</ele></rtept><rtept lat="57.52325" lon="12.410927"><ele>42.0</ele></rtept><rtept lat="57.523277" lon="12.410962"><ele>42.2</ele></rtept><rtept lat="57.523302" lon="12.410977"><ele>42.6</ele></rtept><rtept lat="57.52332" lon="12.410983"><ele>42.2</ele></rtept><rtept lat="57.52334" lon="12.410995"><ele>42.4</ele></rtept><rtept lat="57.523358" lon="12.411013"><ele>42.2</ele></rtept><rtept lat="57.523378" lon="12.41104"><ele>42.4</ele></rtept><rtept lat="57.523398" lon="12.411062"><ele>42.4</ele></rtept><rtept lat="57.523437" lon="12.411087"><ele>42.6</ele></rtept><rtept lat="57.523462" lon="12.411077"><ele>42.2</ele></rtept><rtept lat="57.52348" lon="12.411068"><ele>42.8</ele></rtept><rtept lat="57.5235" lon="12.411068"><ele>42.6</ele></rtept><rtept lat="57.52352" lon="12.411067"><ele>42.2</ele></rtept><rtept lat="57.523538" lon="12.411062"><ele>42.8</ele></rtept><rtept lat="57.523558" lon="12.411063"><ele>42.6</ele></rtept><rtept lat="57.523577" lon="12.411067"><ele>42.2</ele></rtept><rtept lat="57.523608" lon="12.411073"><ele>42.6</ele></rtept><rtept lat="57.523628" lon="12.411093"><ele>42.4</ele></rtept><rtept lat="57.523653" lon="12.41112"><ele>42.8</ele></rtept><rtept lat="57.52368" lon="12.411145"><ele>42.8</ele></rtept><rtept lat="57.523698" lon="12.41117"><ele>42.4</ele></rtept><rtept lat="57.523718" lon="12.411197"><ele>42.4</ele></rtept><rtept lat="57.52373" lon="12.411222"><ele>42.6</ele></rtept><rtept lat="57.523743" lon="12.411247"><ele>42.0</ele></rtept><rtept lat="57.523762" lon="12.411278"><ele>42.0</ele></rtept><rtept lat="57.523788" lon="12.411298"><ele>41.6</ele></rtept><rtept lat="57.52382" lon="12.411317"><ele>41.0</ele></rtept><rtept lat="57.52384" lon="12.411315"><ele>40.4</ele></rtept><rtept lat="57.523858" lon="12.411305"><ele>40.2</ele></rtept><rtept lat="57.523878" lon="12.411302"><ele>39.8</ele></rtept><rtept lat="57.523897" lon="12.411302"><ele>39.6</ele></rtept><rtept lat="57.523935" lon="12.411297"><ele>39.4</ele></rtept><rtept lat="57.52396" lon="12.41128"><ele>39.6</ele></rtept><rtept lat="57.52398" lon="12.41128"><ele>39.8</ele></rtept><rtept lat="57.524" lon="12.411285"><ele>40.0</ele></rtept><rtept lat="57.524025" lon="12.411285"><ele>39.8</ele></rtept><rtept lat="57.52405" lon="12.411285"><ele>39.4</ele></rtept><rtept lat="57.524082" lon="12.411277"><ele>39.6</ele></rtept><rtept lat="57.524102" lon="12.411275"><ele>40.0</ele></rtept><rtept lat="57.524133" lon="12.41128"><ele>40.6</ele></rtept><rtept lat="57.52416" lon="12.411287"><ele>40.4</ele></rtept><rtept lat="57.524192" lon="12.411297"><ele>40.2</ele></rtept><rtept lat="57.524217" lon="12.4113"><ele>40.6</ele></rtept><rtept lat="57.524242" lon="12.411305"><ele>40.2</ele></rtept><rtept lat="57.524262" lon="12.41131"><ele>39.8</ele></rtept><rtept lat="57.52428" lon="12.41131"><ele>40.0</ele></rtept><rtept lat="57.524313" lon="12.411312"><ele>39.6</ele></rtept><rtept lat="57.524338" lon="12.41132"><ele>40.0</ele></rtept><rtept lat="57.524363" lon="12.411325"><ele>40.2</ele></rtept><rtept lat="57.52439" lon="12.411325"><ele>39.8</ele></rtept><rtept lat="57.524415" lon="12.411327"><ele>40.4</ele></rtept><rtept lat="57.524453" lon="12.411337"><ele>40.4</ele></rtept><rtept lat="57.52448" lon="12.41134"><ele>40.2</ele></rtept><rtept lat="57.524512" lon="12.411347"><ele>40.8</ele></rtept><rtept lat="57.52453" lon="12.411357"><ele>40.6</ele></rtept><rtept lat="57.524557" lon="12.411377"><ele>40.2</ele></rtept><rtept lat="57.524582" lon="12.4114"><ele>40.8</ele></rtept><rtept lat="57.524613" lon="12.411433"><ele>40.4</ele></rtept><rtept lat="57.524633" lon="12.41144"><ele>41.0</ele></rtept><rtept lat="57.524652" lon="12.411443"><ele>40.8</ele></rtept><rtept lat="57.524683" lon="12.411428"><ele>40.6</ele></rtept><rtept lat="57.524728" lon="12.41144"><ele>40.8</ele></rtept><rtept lat="57.524773" lon="12.411463"><ele>41.0</ele></rtept><rtept lat="57.524812" lon="12.411463"><ele>41.0</ele></rtept><rtept lat="57.52485" lon="12.411437"><ele>41.2</ele></rtept><rtept lat="57.524915" lon="12.411445"><ele>41.0</ele></rtept><rtept lat="57.52494" lon="12.41144"><ele>41.0</ele></rtept><rtept lat="57.52496" lon="12.41143"><ele>40.8</ele></rtept><rtept lat="57.524992" lon="12.41139"><ele>40.6</ele></rtept><rtept lat="57.52501" lon="12.411377"><ele>40.4</ele></rtept><rtept lat="57.52503" lon="12.411365"><ele>40.0</ele></rtept><rtept lat="57.525075" lon="12.411355"><ele>39.6</ele></rtept><rtept lat="57.525107" lon="12.411343"><ele>38.8</ele></rtept><rtept lat="57.525145" lon="12.411363"><ele>38.6</ele></rtept><rtept lat="57.525177" lon="12.41137"><ele>38.0</ele></rtept><rtept lat="57.525202" lon="12.411383"><ele>37.8</ele></rtept><rtept lat="57.525228" lon="12.41139"><ele>37.2</ele></rtept><rtept lat="57.525253" lon="12.411405"><ele>37.0</ele></rtept><rtept lat="57.52528" lon="12.4114"><ele>37.0</ele></rtept><rtept lat="57.525305" lon="12.411392"><ele>36.4</ele></rtept><rtept lat="57.525323" lon="12.411405"><ele>36.4</ele></rtept><rtept lat="57.525343" lon="12.41142"><ele>36.2</ele></rtept><rtept lat="57.525382" lon="12.411433"><ele>36.0</ele></rtept><rtept lat="57.5254" lon="12.41145"><ele>35.8</ele></rtept><rtept lat="57.5254" lon="12.411538"><ele>35.6</ele></rtept><rtept lat="57.525427" lon="12.411603"><ele>35.6</ele></rtept><rtept lat="57.525445" lon="12.411658"><ele>35.6</ele></rtept><rtept lat="57.525427" lon="12.411707"><ele>35.6</ele></rtept><rtept lat="57.525465" lon="12.411747"><ele>35.8</ele></rtept><rtept lat="57.525483" lon="12.411757"><ele>35.6</ele></rtept><rtept lat="57.52551" lon="12.411743"><ele>35.4</ele></rtept><rtept lat="57.525542" lon="12.411747"><ele>35.4</ele></rtept><rtept lat="57.525567" lon="12.411738"><ele>35.4</ele></rtept><rtept lat="57.525593" lon="12.41172"><ele>35.4</ele></rtept><rtept lat="57.525593" lon="12.411757"><ele>37.4</ele></rtept><rtept lat="57.525612" lon="12.4118"><ele>39.4</ele></rtept><rtept lat="57.525625" lon="12.41184"><ele>40.4</ele></rtept><rtept lat="57.525632" lon="12.41188"><ele>40.4</ele></rtept><rtept lat="57.525657" lon="12.411912"><ele>41.0</ele></rtept><rtept lat="57.52567" lon="12.41195"><ele>41.0</ele></rtept><rtept lat="57.525682" lon="12.411982"><ele>41.0</ele></rtept><rtept lat="57.525688" lon="12.412025"><ele>41.4</ele></rtept><rtept lat="57.525688" lon="12.412062"><ele>41.4</ele></rtept><rtept lat="57.525702" lon="12.412092"><ele>41.2</ele></rtept><rtept lat="57.525708" lon="12.412148"><ele>41.2</ele></rtept><rtept lat="57.52574" lon="12.412198"><ele>40.8</ele></rtept><rtept lat="57.52576" lon="12.41224"><ele>40.6</ele></rtept><rtept lat="57.525778" lon="12.412282"><ele>40.4</ele></rtept><rtept lat="57.525792" lon="12.41231"><ele>40.0</ele></rtept><rtept lat="57.52581" lon="12.412355"><ele>39.6</ele></rtept><rtept lat="57.525823" lon="12.412403"><ele>39.2</ele></rtept><rtept lat="57.52583" lon="12.412447"><ele>39.0</ele></rtept><rtept lat="57.525848" lon="12.412507"><ele>38.2</ele></rtept><rtept lat="57.525862" lon="12.412533"><ele>38.0</ele></rtept><rtept lat="57.525875" lon="12.41256"><ele>37.6</ele></rtept><rtept lat="57.525893" lon="12.412585"><ele>37.0</ele></rtept><rtept lat="57.525913" lon="12.412585"><ele>36.6</ele></rtept><rtept lat="57.525938" lon="12.412592"><ele>36.0</ele></rtept><rtept lat="57.525958" lon="12.412612"><ele>35.6</ele></rtept><rtept lat="57.525977" lon="12.412655"><ele>35.2</ele></rtept><rtept lat="57.526008" lon="12.412698"><ele>35.0</ele></rtept><rtept lat="57.526028" lon="12.412725"><ele>34.2</ele></rtept><rtept lat="57.52606" lon="12.41274"><ele>33.4</ele></rtept><rtept lat="57.526085" lon="12.412737"><ele>33.2</ele></rtept><rtept lat="57.526118" lon="12.41275"><ele>32.4</ele></rtept><rtept lat="57.526137" lon="12.41276"><ele>32.8</ele></rtept><rtept lat="57.526162" lon="12.412777"><ele>32.6</ele></rtept><rtept lat="57.526182" lon="12.412787"><ele>33.0</ele></rtept><rtept lat="57.5262" lon="12.412797"><ele>32.6</ele></rtept><rtept lat="57.526227" lon="12.412808"><ele>32.8</ele></rtept><rtept lat="57.526245" lon="12.412815"><ele>32.6</ele></rtept><rtept lat="57.526265" lon="12.41282"><ele>32.4</ele></rtept><rtept lat="57.526283" lon="12.412825"><ele>32.8</ele></rtept><rtept lat="57.52631" lon="12.412828"><ele>32.8</ele></rtept><rtept lat="57.526335" lon="12.412828"><ele>32.6</ele></rtept><rtept lat="57.52636" lon="12.41283"><ele>32.6</ele></rtept><rtept lat="57.526387" lon="12.41283"><ele>32.2</ele></rtept><rtept lat="57.526405" lon="12.412837"><ele>31.8</ele></rtept><rtept lat="57.526425" lon="12.412838"><ele>31.8</ele></rtept><rtept lat="57.52645" lon="12.412825"><ele>31.6</ele></rtept><rtept lat="57.52647" lon="12.41282"><ele>31.0</ele></rtept><rtept lat="57.526502" lon="12.412815"><ele>31.2</ele></rtept><rtept lat="57.526533" lon="12.412833"><ele>31.6</ele></rtept><rtept lat="57.52656" lon="12.412843"><ele>31.8</ele></rtept><rtept lat="57.526585" lon="12.412845"><ele>31.6</ele></rtept><rtept lat="57.526617" lon="12.41284"><ele>31.8</ele></rtept><rtept lat="57.526655" lon="12.41283"><ele>31.6</ele></rtept><rtept lat="57.52668" lon="12.412823"><ele>31.6</ele></rtept><rtept lat="57.5267" lon="12.412823"><ele>31.6</ele></rtept><rtept lat="57.52672" lon="12.412833"><ele>32.0</ele></rtept><rtept lat="57.526738" lon="12.41284"><ele>31.8</ele></rtept><rtept lat="57.526758" lon="12.41285"><ele>31.8</ele></rtept><rtept lat="57.526783" lon="12.412853"><ele>31.6</ele></rtept><rtept lat="57.526815" lon="12.41284"><ele>32.0</ele></rtept><rtept lat="57.526835" lon="12.412835"><ele>32.0</ele></rtept><rtept lat="57.526853" lon="12.412825"><ele>32.4</ele></rtept><rtept lat="57.526873" lon="12.41281"><ele>32.4</ele></rtept><rtept lat="57.526892" lon="12.4128"><ele>32.2</ele></rtept><rtept lat="57.526912" lon="12.412795"><ele>32.6</ele></rtept><rtept lat="57.526937" lon="12.412792"><ele>32.8</ele></rtept><rtept lat="57.526962" lon="12.4128"><ele>33.2</ele></rtept><rtept lat="57.526988" lon="12.412817"><ele>33.6</ele></rtept><rtept lat="57.527007" lon="12.41283"><ele>33.6</ele></rtept><rtept lat="57.527027" lon="12.412843"><ele>34.2</ele></rtept><rtept lat="57.527052" lon="12.412848"><ele>34.6</ele></rtept><rtept lat="57.527072" lon="12.412835"><ele>35.4</ele></rtept><rtept lat="57.52709" lon="12.41285"><ele>36.6</ele></rtept><rtept lat="57.52711" lon="12.412865"><ele>36.8</ele></rtept><rtept lat="57.527142" lon="12.412885"><ele>37.2</ele></rtept><rtept lat="57.527167" lon="12.412883"><ele>37.6</ele></rtept><rtept lat="57.527193" lon="12.412855"><ele>37.6</ele></rtept><rtept lat="57.527212" lon="12.412837"><ele>37.6</ele></rtept><rtept lat="57.527232" lon="12.412823"><ele>37.8</ele></rtept><rtept lat="57.52725" lon="12.41282"><ele>37.6</ele></rtept><rtept lat="57.52727" lon="12.412828"><ele>37.8</ele></rtept><rtept lat="57.527288" lon="12.41283"><ele>37.8</ele></rtept><rtept lat="57.527308" lon="12.412837"><ele>37.8</ele></rtept><rtept lat="57.52734" lon="12.412843"><ele>38.2</ele></rtept><rtept lat="57.527372" lon="12.41283"><ele>38.4</ele></rtept><rtept lat="57.527392" lon="12.412828"><ele>38.2</ele></rtept><rtept lat="57.527417" lon="12.41283"><ele>38.2</ele></rtept><rtept lat="57.527437" lon="12.412833"><ele>38.4</ele></rtept><rtept lat="57.527455" lon="12.412838"><ele>38.2</ele></rtept><rtept lat="57.527487" lon="12.412853"><ele>38.2</ele></rtept><rtept lat="57.527525" lon="12.412863"><ele>38.2</ele></rtept><rtept lat="57.527558" lon="12.412868"><ele>38.4</ele></rtept><rtept lat="57.52759" lon="12.41287"><ele>38.4</ele></rtept><rtept lat="57.527622" lon="12.41287"><ele>38.4</ele></rtept><rtept lat="57.527647" lon="12.41286"><ele>39.0</ele></rtept><rtept lat="57.527667" lon="12.412863"><ele>39.0</ele></rtept><rtept lat="57.527685" lon="12.412868"><ele>39.0</ele></rtept><rtept lat="57.527712" lon="12.412875"><ele>39.6</ele></rtept><rtept lat="57.52775" lon="12.412893"><ele>39.4</ele></rtept><rtept lat="57.527768" lon="12.41291"><ele>40.0</ele></rtept><rtept lat="57.527788" lon="12.412933"><ele>40.0</ele></rtept><rtept lat="57.527807" lon="12.41296"><ele>40.0</ele></rtept><rtept lat="57.527827" lon="12.412982"><ele>40.2</ele></rtept><rtept lat="57.527845" lon="12.413027"><ele>40.0</ele></rtept><rtept lat="57.527865" lon="12.413072"><ele>40.2</ele></rtept><rtept lat="57.527872" lon="12.413113"><ele>39.8</ele></rtept><rtept lat="57.52789" lon="12.413133"><ele>38.8</ele></rtept><rtept lat="57.52791" lon="12.41314"><ele>38.6</ele></rtept><rtept lat="57.527935" lon="12.413143"><ele>38.2</ele></rtept><rtept lat="57.527955" lon="12.413147"><ele>37.2</ele></rtept><rtept lat="57.527987" lon="12.413147"><ele>37.4</ele></rtept><rtept lat="57.528012" lon="12.41314"><ele>37.0</ele></rtept><rtept lat="57.528043" lon="12.413133"><ele>36.6</ele></rtept><rtept lat="57.52807" lon="12.41314"><ele>36.2</ele></rtept><rtept lat="57.528088" lon="12.413142"><ele>35.8</ele></rtept><rtept lat="57.528115" lon="12.41314"><ele>36.0</ele></rtept><rtept lat="57.528133" lon="12.41314"><ele>35.6</ele></rtept><rtept lat="57.528153" lon="12.41314"><ele>35.6</ele></rtept><rtept lat="57.528172" lon="12.413138"><ele>35.4</ele></rtept><rtept lat="57.528192" lon="12.41312"><ele>34.6</ele></rtept><rtept lat="57.52821" lon="12.413103"><ele>34.8</ele></rtept><rtept lat="57.52823" lon="12.413092"><ele>34.4</ele></rtept><rtept lat="57.528248" lon="12.413082"><ele>34.2</ele></rtept><rtept lat="57.528275" lon="12.413078"><ele>34.2</ele></rtept><rtept lat="57.5283" lon="12.413082"><ele>33.8</ele></rtept><rtept lat="57.528332" lon="12.413073"><ele>33.6</ele></rtept><rtept lat="57.528358" lon="12.413067"><ele>33.4</ele></rtept><rtept lat="57.528383" lon="12.413055"><ele>33.4</ele></rtept><rtept lat="57.528408" lon="12.413047"><ele>33.0</ele></rtept><rtept lat="57.528428" lon="12.41304"><ele>33.0</ele></rtept><rtept lat="57.528447" lon="12.41301"><ele>33.2</ele></rtept><rtept lat="57.528473" lon="12.412993"><ele>33.4</ele></rtept><rtept lat="57.528505" lon="12.412995"><ele>34.0</ele></rtept><rtept lat="57.528523" lon="12.412998"><ele>34.0</ele></rtept><rtept lat="57.528557" lon="12.412998"><ele>34.4</ele></rtept><rtept lat="57.528582" lon="12.412995"><ele>34.4</ele></rtept><rtept lat="57.528607" lon="12.412978"><ele>34.6</ele></rtept><rtept lat="57.52864" lon="12.41298"><ele>34.6</ele></rtept><rtept lat="57.528672" lon="12.412993"><ele>35.0</ele></rtept><rtept lat="57.52871" lon="12.413018"><ele>34.8</ele></rtept><rtept lat="57.528735" lon="12.413042"><ele>34.6</ele></rtept><rtept lat="57.528755" lon="12.413062"><ele>34.6</ele></rtept><rtept lat="57.52878" lon="12.413077"><ele>33.8</ele></rtept><rtept lat="57.528812" lon="12.413075"><ele>34.0</ele></rtept><rtept lat="57.528832" lon="12.413072"><ele>34.0</ele></rtept><rtept lat="57.528863" lon="12.413068"><ele>33.8</ele></rtept><rtept lat="57.528882" lon="12.413062"><ele>33.4</ele></rtept><rtept lat="57.528902" lon="12.413062"><ele>33.8</ele></rtept><rtept lat="57.52892" lon="12.413063"><ele>33.8</ele></rtept><rtept lat="57.528953" lon="12.413068"><ele>34.2</ele></rtept><rtept lat="57.528972" lon="12.413067"><ele>34.0</ele></rtept><rtept lat="57.528992" lon="12.413063"><ele>33.8</ele></rtept><rtept lat="57.52903" lon="12.413062"><ele>34.2</ele></rtept><rtept lat="57.529062" lon="12.413082"><ele>33.8</ele></rtept><rtept lat="57.52908" lon="12.413092"><ele>33.6</ele></rtept><rtept lat="57.529107" lon="12.413088"><ele>33.6</ele></rtept><rtept lat="57.529125" lon="12.413082"><ele>33.4</ele></rtept><rtept lat="57.529145" lon="12.413072"><ele>33.8</ele></rtept><rtept lat="57.529177" lon="12.413047"><ele>33.4</ele></rtept><rtept lat="57.529197" lon="12.413042"><ele>33.8</ele></rtept><rtept lat="57.529228" lon="12.413043"><ele>33.8</ele></rtept><rtept lat="57.529267" lon="12.413067"><ele>34.2</ele></rtept><rtept lat="57.529298" lon="12.413087"><ele>34.4</ele></rtept><rtept lat="57.529343" lon="12.413112"><ele>34.4</ele></rtept><rtept lat="57.529382" lon="12.413118"><ele>34.4</ele></rtept><rtept lat="57.529433" lon="12.41312"><ele>35.0</ele></rtept><rtept lat="57.529497" lon="12.413142"><ele>34.8</ele></rtept><rtept lat="57.529542" lon="12.413152"><ele>34.6</ele></rtept><rtept lat="57.5296" lon="12.413187"><ele>35.0</ele></rtept><rtept lat="57.529625" lon="12.41322"><ele>35.0</ele></rtept><rtept lat="57.529643" lon="12.413193"><ele>35.0</ele></rtept><rtept lat="57.529663" lon="12.413162"><ele>35.2</ele></rtept><rtept lat="57.529682" lon="12.413127"><ele>35.2</ele></rtept><rtept lat="57.529702" lon="12.413092"><ele>35.4</ele></rtept><rtept lat="57.529702" lon="12.413055"><ele>36.0</ele></rtept><rtept lat="57.529715" lon="12.413028"><ele>36.0</ele></rtept><rtept lat="57.529733" lon="12.413028"><ele>36.2</ele></rtept><rtept lat="57.52976" lon="12.412993"><ele>36.0</ele></rtept><rtept lat="57.529772" lon="12.412933"><ele>36.2</ele></rtept><rtept lat="57.529792" lon="12.4129"><ele>36.4</ele></rtept><rtept lat="57.52983" lon="12.41288"><ele>36.6</ele></rtept><rtept lat="57.529848" lon="12.41286"><ele>36.6</ele></rtept><rtept lat="57.529868" lon="12.412857"><ele>37.0</ele></rtept><rtept lat="57.529842" lon="12.412812"><ele>37.4</ele></rtept><rtept lat="57.529817" lon="12.41276"><ele>37.4</ele></rtept><rtept lat="57.529837" lon="12.412732"><ele>37.6</ele></rtept><rtept lat="57.529875" lon="12.41272"><ele>38.0</ele></rtept><rtept lat="57.5299" lon="12.412685"><ele>38.2</ele></rtept><rtept lat="57.529913" lon="12.412645"><ele>38.2</ele></rtept><rtept lat="57.529945" lon="12.412622"><ele>38.8</ele></rtept><rtept lat="57.52997" lon="12.412618"><ele>38.6</ele></rtept><rtept lat="57.530008" lon="12.41261"><ele>39.0</ele></rtept><rtept lat="57.530028" lon="12.41264"><ele>38.8</ele></rtept><rtept lat="57.530047" lon="12.412692"><ele>39.0</ele></rtept><rtept lat="57.530073" lon="12.412705"><ele>39.4</ele></rtept><rtept lat="57.530092" lon="12.41271"><ele>39.0</ele></rtept><rtept lat="57.530118" lon="12.412725"><ele>39.2</ele></rtept><rtept lat="57.53015" lon="12.412718"><ele>39.6</ele></rtept><rtept lat="57.530168" lon="12.412743"><ele>39.6</ele></rtept><rtept lat="57.530188" lon="12.41276"><ele>40.0</ele></rtept><rtept lat="57.53022" lon="12.4128"><ele>39.8</ele></rtept><rtept lat="57.530245" lon="12.41281"><ele>39.8</ele></rtept><rtept lat="57.530265" lon="12.412823"><ele>39.8</ele></rtept><rtept lat="57.53029" lon="12.41283"><ele>39.4</ele></rtept><rtept lat="57.530317" lon="12.412837"><ele>39.2</ele></rtept><rtept lat="57.530335" lon="12.412845"><ele>38.8</ele></rtept><rtept lat="57.530355" lon="12.412843"><ele>38.8</ele></rtept><rtept lat="57.530373" lon="12.412837"><ele>38.2</ele></rtept><rtept lat="57.530387" lon="12.4128"><ele>38.6</ele></rtept><rtept lat="57.530425" lon="12.412785"><ele>39.0</ele></rtept><rtept lat="57.53045" lon="12.41277"><ele>39.6</ele></rtept><rtept lat="57.530477" lon="12.41278"><ele>39.8</ele></rtept><rtept lat="57.530495" lon="12.412783"><ele>40.2</ele></rtept><rtept lat="57.530527" lon="12.4128"><ele>40.6</ele></rtept><rtept lat="57.530547" lon="12.41281"><ele>41.0</ele></rtept><rtept lat="57.530565" lon="12.41281"><ele>41.2</ele></rtept><rtept lat="57.530585" lon="12.41281"><ele>41.2</ele></rtept><rtept lat="57.530617" lon="12.41282"><ele>41.6</ele></rtept><rtept lat="57.530637" lon="12.412823"><ele>41.0</ele></rtept><rtept lat="57.530655" lon="12.412823"><ele>40.8</ele></rtept><rtept lat="57.530687" lon="12.412825"><ele>41.2</ele></rtept><rtept lat="57.530713" lon="12.412828"><ele>40.8</ele></rtept><rtept lat="57.530732" lon="12.412828"><ele>40.6</ele></rtept><rtept lat="57.530752" lon="12.412835"><ele>40.8</ele></rtept><rtept lat="57.530777" lon="12.412843"><ele>40.6</ele></rtept><rtept lat="57.530808" lon="12.412858"><ele>40.8</ele></rtept><rtept lat="57.530828" lon="12.412873"><ele>40.4</ele></rtept><rtept lat="57.530853" lon="12.41289"><ele>40.0</ele></rtept><rtept lat="57.530873" lon="12.4129"><ele>40.0</ele></rtept><rtept lat="57.530892" lon="12.4129"><ele>39.6</ele></rtept><rtept lat="57.530912" lon="12.412903"><ele>39.2</ele></rtept><rtept lat="57.530937" lon="12.4129"><ele>39.6</ele></rtept><rtept lat="57.530962" lon="12.4129"><ele>39.6</ele></rtept><rtept lat="57.531007" lon="12.412897"><ele>40.0</ele></rtept><rtept lat="57.531052" lon="12.412905"><ele>40.0</ele></rtept><rtept lat="57.531097" lon="12.412928"><ele>40.4</ele></rtept><rtept lat="57.531122" lon="12.412933"><ele>40.4</ele></rtept><rtept lat="57.531142" lon="12.412938"><ele>40.4</ele></rtept><rtept lat="57.531187" lon="12.41295"><ele>40.4</ele></rtept><rtept lat="57.531205" lon="12.41297"><ele>40.6</ele></rtept><rtept lat="57.531225" lon="12.412993"><ele>40.2</ele></rtept><rtept lat="57.531238" lon="12.41302"><ele>40.2</ele></rtept><rtept lat="57.531263" lon="12.41306"><ele>40.4</ele></rtept><rtept lat="57.531282" lon="12.413087"><ele>40.0</ele></rtept><rtept lat="57.531302" lon="12.413108"><ele>39.6</ele></rtept><rtept lat="57.53132" lon="12.41314"><ele>39.8</ele></rtept><rtept lat="57.531333" lon="12.413177"><ele>39.6</ele></rtept><rtept lat="57.531353" lon="12.413198"><ele>39.4</ele></rtept><rtept lat="57.531372" lon="12.413198"><ele>39.6</ele></rtept><rtept lat="57.531392" lon="12.413202"><ele>39.2</ele></rtept><rtept lat="57.53141" lon="12.41322"><ele>38.4</ele></rtept><rtept lat="57.53143" lon="12.413207"><ele>38.2</ele></rtept><rtept lat="57.531462" lon="12.413202"><ele>38.4</ele></rtept><rtept lat="57.531493" lon="12.413177"><ele>38.6</ele></rtept><rtept lat="57.531513" lon="12.413147"><ele>39.0</ele></rtept><rtept lat="57.531525" lon="12.41312"><ele>39.4</ele></rtept><rtept lat="57.531545" lon="12.413088"><ele>39.8</ele></rtept><rtept lat="57.531563" lon="12.413087"><ele>40.0</ele></rtept><rtept lat="57.531583" lon="12.413097"><ele>40.0</ele></rtept><rtept lat="57.531608" lon="12.413107"><ele>40.2</ele></rtept><rtept lat="57.531628" lon="12.413108"><ele>40.4</ele></rtept><rtept lat="57.531647" lon="12.413108"><ele>40.4</ele></rtept><rtept lat="57.531667" lon="12.413112"><ele>40.6</ele></rtept><rtept lat="57.531685" lon="12.413113"><ele>40.6</ele></rtept><rtept lat="57.531718" lon="12.413113"><ele>40.6</ele></rtept><rtept lat="57.531737" lon="12.41312"><ele>40.8</ele></rtept><rtept lat="57.531757" lon="12.413133"><ele>41.0</ele></rtept><rtept lat="57.531775" lon="12.413147"><ele>41.0</ele></rtept><rtept lat="57.531795" lon="12.41316"><ele>41.2</ele></rtept><rtept lat="57.53182" lon="12.413177"><ele>41.2</ele></rtept><rtept lat="57.531845" lon="12.413187"><ele>41.0</ele></rtept><rtept lat="57.531872" lon="12.4132"><ele>41.6</ele></rtept><rtept lat="57.531897" lon="12.413208"><ele>41.6</ele></rtept><rtept lat="57.531917" lon="12.413207"><ele>41.4</ele></rtept><rtept lat="57.531935" lon="12.413228"><ele>41.8</ele></rtept><rtept lat="57.531955" lon="12.413252"><ele>41.6</ele></rtept><rtept lat="57.531948" lon="12.413292"><ele>41.2</ele></rtept><rtept lat="57.53196" lon="12.413358"><ele>40.6</ele></rtept><rtept lat="57.531987" lon="12.413398"><ele>40.4</ele></rtept><rtept lat="57.531998" lon="12.413425"><ele>40.0</ele></rtept><rtept lat="57.532018" lon="12.413465"><ele>39.4</ele></rtept><rtept lat="57.532038" lon="12.413495"><ele>39.2</ele></rtept><rtept lat="57.532057" lon="12.413553"><ele>38.0</ele></rtept><rtept lat="57.532082" lon="12.413575"><ele>37.0</ele></rtept><rtept lat="57.532102" lon="12.413615"><ele>36.0</ele></rtept><rtept lat="57.53212" lon="12.413643"><ele>35.0</ele></rtept><rtept lat="57.532147" lon="12.41366"><ele>33.6</ele></rtept><rtept lat="57.532172" lon="12.413695"><ele>33.4</ele></rtept><rtept lat="57.532192" lon="12.413708"><ele>33.2</ele></rtept><rtept lat="57.532223" lon="12.413752"><ele>33.6</ele></rtept><rtept lat="57.532242" lon="12.413782"><ele>33.2</ele></rtept><rtept lat="57.532262" lon="12.41382"><ele>33.0</ele></rtept><rtept lat="57.53228" lon="12.413873"><ele>32.8</ele></rtept><rtept lat="57.5323" lon="12.413898"><ele>32.4</ele></rtept><rtept lat="57.532325" lon="12.413927"><ele>32.8</ele></rtept><rtept lat="57.532345" lon="12.41396"><ele>32.8</ele></rtept><rtept lat="57.532363" lon="12.413992"><ele>32.6</ele></rtept><rtept lat="57.532383" lon="12.414027"><ele>32.8</ele></rtept><rtept lat="57.532402" lon="12.414057"><ele>32.6</ele></rtept><rtept lat="57.532428" lon="12.41408"><ele>32.2</ele></rtept><rtept lat="57.532447" lon="12.41411"><ele>32.4</ele></rtept><rtept lat="57.532485" lon="12.414132"><ele>32.0</ele></rtept><rtept lat="57.532512" lon="12.41413"><ele>32.4</ele></rtept><rtept lat="57.53253" lon="12.414122"><ele>32.0</ele></rtept><rtept lat="57.532557" lon="12.414117"><ele>32.4</ele></rtept><rtept lat="57.532595" lon="12.414138"><ele>32.0</ele></rtept><rtept lat="57.532613" lon="12.414155"><ele>32.8</ele></rtept><rtept lat="57.532633" lon="12.414165"><ele>32.6</ele></rtept><rtept lat="57.532652" lon="12.414175"><ele>33.0</ele></rtept><rtept lat="57.532678" lon="12.4142"><ele>33.8</ele></rtept><rtept lat="57.532697" lon="12.414212"><ele>33.8</ele></rtept><rtept lat="57.532722" lon="12.414235"><ele>34.0</ele></rtept><rtept lat="57.532748" lon="12.414238"><ele>34.2</ele></rtept><rtept lat="57.532773" lon="12.414257"><ele>35.0</ele></rtept><rtept lat="57.5328" lon="12.41429"><ele>35.8</ele></rtept><rtept lat="57.532818" lon="12.414315"><ele>36.0</ele></rtept><rtept lat="57.532838" lon="12.41434"><ele>36.4</ele></rtept><rtept lat="57.532857" lon="12.41435"><ele>36.2</ele></rtept><rtept lat="57.532877" lon="12.414365"><ele>36.6</ele></rtept><rtept lat="57.532902" lon="12.414375"><ele>37.0</ele></rtept><rtept lat="57.53292" lon="12.414378"><ele>36.8</ele></rtept><rtept lat="57.53294" lon="12.414388"><ele>36.6</ele></rtept><rtept lat="57.532972" lon="12.414395"><ele>37.2</ele></rtept><rtept lat="57.532998" lon="12.414395"><ele>37.0</ele></rtept><rtept lat="57.533017" lon="12.414383"><ele>36.8</ele></rtept><rtept lat="57.533048" lon="12.414375"><ele>36.8</ele></rtept><rtept lat="57.533068" lon="12.414368"><ele>37.0</ele></rtept><rtept lat="57.533087" lon="12.414368"><ele>37.2</ele></rtept><rtept lat="57.533113" lon="12.414375"><ele>37.0</ele></rtept><rtept lat="57.533132" lon="12.414382"><ele>37.2</ele></rtept><rtept lat="57.533158" lon="12.414388"><ele>37.2</ele></rtept><rtept lat="57.53319" lon="12.414405"><ele>37.4</ele></rtept><rtept lat="57.533215" lon="12.414427"><ele>37.4</ele></rtept><rtept lat="57.533235" lon="12.414443"><ele>37.4</ele></rtept><rtept lat="57.533253" lon="12.414462"><ele>37.4</ele></rtept><rtept lat="57.533273" lon="12.414475"><ele>37.4</ele></rtept><rtept lat="57.533305" lon="12.414487"><ele>37.4</ele></rtept><rtept lat="57.53335" lon="12.414518"><ele>36.8</ele></rtept><rtept lat="57.533375" lon="12.414543"><ele>36.6</ele></rtept><rtept lat="57.533395" lon="12.414573"><ele>36.4</ele></rtept><rtept lat="57.533413" lon="12.414618"><ele>36.2</ele></rtept><rtept lat="57.533445" lon="12.414637"><ele>35.6</ele></rtept><rtept lat="57.533472" lon="12.414652"><ele>35.6</ele></rtept><rtept lat="57.53349" lon="12.414662"><ele>35.6</ele></rtept><rtept lat="57.53351" lon="12.414678"><ele>35.4</ele></rtept><rtept lat="57.533522" lon="12.414705"><ele>34.8</ele></rtept><rtept lat="57.533542" lon="12.414725"><ele>34.2</ele></rtept><rtept lat="57.533567" lon="12.414757"><ele>33.2</ele></rtept><rtept lat="57.533573" lon="12.414797"><ele>32.4</ele></rtept><rtept lat="57.533587" lon="12.41483"><ele>31.6</ele></rtept><rtept lat="57.533625" lon="12.41484"><ele>30.6</ele></rtept><rtept lat="57.533643" lon="12.414845"><ele>30.4</ele></rtept><rtept lat="57.533663" lon="12.41486"><ele>30.6</ele></rtept><rtept lat="57.533695" lon="12.414877"><ele>30.8</ele></rtept><rtept lat="57.533715" lon="12.414883"><ele>31.0</ele></rtept><rtept lat="57.53374" lon="12.414883"><ele>31.0</ele></rtept><rtept lat="57.533772" lon="12.414875"><ele>31.0</ele></rtept><rtept lat="57.533798" lon="12.41487"><ele>31.2</ele></rtept><rtept lat="57.533817" lon="12.41487"><ele>31.4</ele></rtept><rtept lat="57.533837" lon="12.41488"><ele>31.6</ele></rtept><rtept lat="57.533868" lon="12.414883"><ele>31.8</ele></rtept><rtept lat="57.533887" lon="12.414885"><ele>31.8</ele></rtept><rtept lat="57.533907" lon="12.414897"><ele>31.8</ele></rtept><rtept lat="57.533932" lon="12.41491"><ele>31.8</ele></rtept><rtept lat="57.533952" lon="12.41492"><ele>31.8</ele></rtept><rtept lat="57.53397" lon="12.414933"><ele>31.6</ele></rtept><rtept lat="57.533997" lon="12.414943"><ele>31.6</ele></rtept><rtept lat="57.534015" lon="12.414943"><ele>31.8</ele></rtept><rtept lat="57.534035" lon="12.414955"><ele>32.0</ele></rtept><rtept lat="57.534047" lon="12.414985"><ele>32.0</ele></rtept><rtept lat="57.534067" lon="12.414995"><ele>31.6</ele></rtept><rtept lat="57.534085" lon="12.415005"><ele>31.8</ele></rtept><rtept lat="57.534112" lon="12.415018"><ele>31.6</ele></rtept><rtept lat="57.53413" lon="12.41502"><ele>31.2</ele></rtept><rtept lat="57.53415" lon="12.415025"><ele>31.2</ele></rtept><rtept lat="57.534168" lon="12.415023"><ele>31.0</ele></rtept><rtept lat="57.534188" lon="12.41502"><ele>30.8</ele></rtept><rtept lat="57.534207" lon="12.41502"><ele>31.0</ele></rtept><rtept lat="57.53424" lon="12.415017"><ele>30.6</ele></rtept><rtept lat="57.534265" lon="12.415017"><ele>30.6</ele></rtept><rtept lat="57.53429" lon="12.415023"><ele>30.6</ele></rtept><rtept lat="57.53431" lon="12.415028"><ele>30.6</ele></rtept><rtept lat="57.534342" lon="12.41505"><ele>31.4</ele></rtept><rtept lat="57.534367" lon="12.415062"><ele>32.0</ele></rtept><rtept lat="57.534393" lon="12.415063"><ele>32.0</ele></rtept><rtept lat="57.534412" lon="12.41506"><ele>32.0</ele></rtept><rtept lat="57.534438" lon="12.415078"><ele>31.6</ele></rtept><rtept lat="57.534457" lon="12.415098"><ele>31.6</ele></rtept><rtept lat="57.534488" lon="12.41512"><ele>31.4</ele></rtept><rtept lat="57.534508" lon="12.41512"><ele>31.2</ele></rtept><rtept lat="57.534533" lon="12.415122"><ele>31.6</ele></rtept><rtept lat="57.53456" lon="12.415133"><ele>31.8</ele></rtept><rtept lat="57.534585" lon="12.415162"><ele>31.6</ele></rtept><rtept lat="57.534603" lon="12.415162"><ele>31.6</ele></rtept><rtept lat="57.534623" lon="12.415168"><ele>31.6</ele></rtept><rtept lat="57.534642" lon="12.415175"><ele>32.0</ele></rtept><rtept lat="57.534662" lon="12.415175"><ele>32.0</ele></rtept><rtept lat="57.534687" lon="12.415168"><ele>31.8</ele></rtept><rtept lat="57.534725" lon="12.415167"><ele>32.2</ele></rtept><rtept lat="57.534758" lon="12.415155"><ele>32.2</ele></rtept><rtept lat="57.534783" lon="12.415148"><ele>32.2</ele></rtept><rtept lat="57.534808" lon="12.415128"><ele>32.2</ele></rtept><rtept lat="57.534828" lon="12.41511"><ele>32.4</ele></rtept><rtept lat="57.534847" lon="12.415103"><ele>32.6</ele></rtept><rtept lat="57.53488" lon="12.415095"><ele>32.6</ele></rtept><rtept lat="57.534898" lon="12.41508"><ele>32.8</ele></rtept><rtept lat="57.53493" lon="12.415063"><ele>33.0</ele></rtept><rtept lat="57.534957" lon="12.415058"><ele>33.2</ele></rtept><rtept lat="57.534982" lon="12.415055"><ele>33.4</ele></rtept><rtept lat="57.535" lon="12.415048"><ele>33.6</ele></rtept><rtept lat="57.53502" lon="12.415037"><ele>33.6</ele></rtept><rtept lat="57.53504" lon="12.41502"><ele>33.8</ele></rtept><rtept lat="57.535058" lon="12.414998"><ele>34.0</ele></rtept><rtept lat="57.535078" lon="12.414977"><ele>34.2</ele></rtept><rtept lat="57.535097" lon="12.414933"><ele>34.4</ele></rtept><rtept lat="57.535117" lon="12.41492"><ele>34.8</ele></rtept><rtept lat="57.535142" lon="12.41489"><ele>35.4</ele></rtept><rtept lat="57.535173" lon="12.414862"><ele>35.8</ele></rtept><rtept lat="57.5352" lon="12.41486"><ele>36.0</ele></rtept><rtept lat="57.535225" lon="12.414845"><ele>36.6</ele></rtept><rtept lat="57.535243" lon="12.41484"><ele>36.8</ele></rtept><rtept lat="57.535263" lon="12.41484"><ele>37.2</ele></rtept><rtept lat="57.535295" lon="12.41485"><ele>38.0</ele></rtept><rtept lat="57.53532" lon="12.414837"><ele>39.0</ele></rtept><rtept lat="57.53534" lon="12.414825"><ele>40.0</ele></rtept><rtept lat="57.535372" lon="12.41482"><ele>40.4</ele></rtept><rtept lat="57.535398" lon="12.414785"><ele>42.0</ele></rtept><rtept lat="57.535423" lon="12.414777"><ele>42.2</ele></rtept><rtept lat="57.535448" lon="12.414772"><ele>42.6</ele></rtept><rtept lat="57.535475" lon="12.41478"><ele>42.8</ele></rtept><rtept lat="57.535493" lon="12.414782"><ele>43.4</ele></rtept><rtept lat="57.53552" lon="12.414777"><ele>43.8</ele></rtept><rtept lat="57.535545" lon="12.414765"><ele>43.8</ele></rtept><rtept lat="57.535563" lon="12.41476"><ele>43.8</ele></rtept><rtept lat="57.535597" lon="12.414745"><ele>44.2</ele></rtept><rtept lat="57.535615" lon="12.414718"><ele>44.4</ele></rtept><rtept lat="57.535635" lon="12.414698"><ele>44.6</ele></rtept><rtept lat="57.535653" lon="12.414698"><ele>44.6</ele></rtept><rtept lat="57.535673" lon="12.414692"><ele>44.8</ele></rtept><rtept lat="57.535692" lon="12.414685"><ele>44.8</ele></rtept><rtept lat="57.535712" lon="12.414672"><ele>44.8</ele></rtept><rtept lat="57.53573" lon="12.41466"><ele>44.8</ele></rtept><rtept lat="57.53575" lon="12.414648"><ele>45.2</ele></rtept><rtept lat="57.535768" lon="12.414637"><ele>45.0</ele></rtept><rtept lat="57.535795" lon="12.414612"><ele>45.2</ele></rtept><rtept lat="57.535827" lon="12.414583"><ele>45.2</ele></rtept><rtept lat="57.535852" lon="12.41458"><ele>45.6</ele></rtept><rtept lat="57.535878" lon="12.414578"><ele>45.4</ele></rtept><rtept lat="57.535897" lon="12.414573"><ele>45.4</ele></rtept><rtept lat="57.535917" lon="12.414562"><ele>45.8</ele></rtept><rtept lat="57.535935" lon="12.414543"><ele>45.6</ele></rtept><rtept lat="57.535955" lon="12.4145"><ele>46.0</ele></rtept><rtept lat="57.535967" lon="12.414475"><ele>45.8</ele></rtept><rtept lat="57.535987" lon="12.414455"><ele>45.8</ele></rtept><rtept lat="57.536005" lon="12.41442"><ele>46.2</ele></rtept><rtept lat="57.536018" lon="12.414368"><ele>46.8</ele></rtept><rtept lat="57.536025" lon="12.414333"><ele>46.8</ele></rtept><rtept lat="57.536038" lon="12.414303"><ele>46.6</ele></rtept><rtept lat="57.536057" lon="12.414283"><ele>47.2</ele></rtept><rtept lat="57.53607" lon="12.41426"><ele>47.2</ele></rtept><rtept lat="57.536088" lon="12.414203"><ele>47.6</ele></rtept><rtept lat="57.536108" lon="12.41416"><ele>47.8</ele></rtept><rtept lat="57.536127" lon="12.414138"><ele>48.2</ele></rtept><rtept lat="57.536147" lon="12.414112"><ele>48.2</ele></rtept><rtept lat="57.53616" lon="12.414087"><ele>48.4</ele></rtept><rtept lat="57.536172" lon="12.414057"><ele>48.8</ele></rtept><rtept lat="57.536165" lon="12.414018"><ele>49.0</ele></rtept><rtept lat="57.536153" lon="12.413985"><ele>49.8</ele></rtept><rtept lat="57.536172" lon="12.413947"><ele>50.6</ele></rtept><rtept lat="57.53621" lon="12.413908"><ele>50.8</ele></rtept><rtept lat="57.536237" lon="12.413888"><ele>50.8</ele></rtept><rtept lat="57.536255" lon="12.41386"><ele>50.4</ele></rtept><rtept lat="57.536268" lon="12.413833"><ele>49.8</ele></rtept><rtept lat="57.53628" lon="12.41378"><ele>50.4</ele></rtept><rtept lat="57.536293" lon="12.413748"><ele>50.2</ele></rtept><rtept lat="57.536307" lon="12.413708"><ele>50.6</ele></rtept><rtept lat="57.536313" lon="12.413665"><ele>50.6</ele></rtept><rtept lat="57.536332" lon="12.41364"><ele>50.4</ele></rtept><rtept lat="57.536345" lon="12.413615"><ele>50.8</ele></rtept><rtept lat="57.536363" lon="12.413563"><ele>51.0</ele></rtept><rtept lat="57.536377" lon="12.413535"><ele>51.4</ele></rtept><rtept lat="57.536397" lon="12.413517"><ele>51.8</ele></rtept><rtept lat="57.536415" lon="12.413508"><ele>51.8</ele></rtept><rtept lat="57.536447" lon="12.413517"><ele>52.4</ele></rtept><rtept lat="57.536473" lon="12.41353"><ele>52.2</ele></rtept><rtept lat="57.536498" lon="12.413555"><ele>52.2</ele></rtept><rtept lat="57.53653" lon="12.413583"><ele>52.6</ele></rtept><rtept lat="57.536557" lon="12.413615"><ele>52.0</ele></rtept><rtept lat="57.536575" lon="12.41364"><ele>52.0</ele></rtept><rtept lat="57.536595" lon="12.413663"><ele>52.0</ele></rtept><rtept lat="57.536613" lon="12.413688"><ele>52.0</ele></rtept><rtept lat="57.536633" lon="12.413708"><ele>51.6</ele></rtept><rtept lat="57.536652" lon="12.413727"><ele>51.6</ele></rtept><rtept lat="57.536678" lon="12.413763"><ele>51.6</ele></rtept><rtept lat="57.53669" lon="12.413788"><ele>51.2</ele></rtept><rtept lat="57.536703" lon="12.41382"><ele>51.2</ele></rtept><rtept lat="57.536722" lon="12.413873"><ele>50.4</ele></rtept><rtept lat="57.536742" lon="12.413898"><ele>50.2</ele></rtept><rtept lat="57.53676" lon="12.413922"><ele>49.8</ele></rtept><rtept lat="57.536773" lon="12.413947"><ele>49.8</ele></rtept><rtept lat="57.536787" lon="12.413972"><ele>49.6</ele></rtept><rtept lat="57.536812" lon="12.414012"><ele>48.6</ele></rtept><rtept lat="57.536825" lon="12.414037"><ele>48.8</ele></rtept><rtept lat="57.536843" lon="12.414065"><ele>48.2</ele></rtept><rtept lat="57.536857" lon="12.41409"><ele>47.8</ele></rtept><rtept lat="57.536877" lon="12.414112"><ele>47.6</ele></rtept><rtept lat="57.536895" lon="12.414132"><ele>47.4</ele></rtept><rtept lat="57.53692" lon="12.414152"><ele>46.8</ele></rtept><rtept lat="57.53694" lon="12.41417"><ele>46.8</ele></rtept><rtept lat="57.536953" lon="12.414197"><ele>46.4</ele></rtept><rtept lat="57.536985" lon="12.414255"><ele>45.8</ele></rtept><rtept lat="57.53701" lon="12.414297"><ele>45.6</ele></rtept><rtept lat="57.537037" lon="12.41434"><ele>45.2</ele></rtept><rtept lat="57.537062" lon="12.414373"><ele>45.6</ele></rtept><rtept lat="57.537087" lon="12.414403"><ele>45.4</ele></rtept><rtept lat="57.53712" lon="12.414443"><ele>45.6</ele></rtept><rtept lat="57.537138" lon="12.414478"><ele>45.6</ele></rtept><rtept lat="57.537145" lon="12.414513"><ele>45.4</ele></rtept><rtept lat="57.537152" lon="12.414562"><ele>46.0</ele></rtept><rtept lat="57.537163" lon="12.414608"><ele>45.6</ele></rtept><rtept lat="57.53717" lon="12.414653"><ele>45.4</ele></rtept><rtept lat="57.537183" lon="12.414697"><ele>45.8</ele></rtept><rtept lat="57.53719" lon="12.41474"><ele>45.6</ele></rtept><rtept lat="57.537202" lon="12.414785"><ele>45.4</ele></rtept><rtept lat="57.537222" lon="12.414835"><ele>45.6</ele></rtept><rtept lat="57.537228" lon="12.41487"><ele>45.4</ele></rtept><rtept lat="57.53724" lon="12.41491"><ele>45.0</ele></rtept><rtept lat="57.537253" lon="12.41496"><ele>45.2</ele></rtept><rtept lat="57.53726" lon="12.415013"><ele>45.2</ele></rtept><rtept lat="57.537273" lon="12.415063"><ele>44.6</ele></rtept><rtept lat="57.537273" lon="12.415108"><ele>44.8</ele></rtept><rtept lat="57.53728" lon="12.415148"><ele>44.8</ele></rtept><rtept lat="57.537285" lon="12.415187"><ele>44.2</ele></rtept><rtept lat="57.537305" lon="12.415227"><ele>44.6</ele></rtept><rtept lat="57.537318" lon="12.415262"><ele>44.4</ele></rtept><rtept lat="57.537323" lon="12.415297"><ele>44.0</ele></rtept><rtept lat="57.537337" lon="12.415333"><ele>44.4</ele></rtept><rtept lat="57.53735" lon="12.415373"><ele>44.2</ele></rtept><rtept lat="57.537343" lon="12.41542"><ele>43.8</ele></rtept><rtept lat="57.537343" lon="12.415477"><ele>44.4</ele></rtept><rtept lat="57.537343" lon="12.415527"><ele>44.0</ele></rtept><rtept lat="57.537337" lon="12.41558"><ele>43.6</ele></rtept><rtept lat="57.537323" lon="12.415633"><ele>44.2</ele></rtept><rtept lat="57.537318" lon="12.415693"><ele>43.8</ele></rtept><rtept lat="57.537312" lon="12.415762"><ele>43.2</ele></rtept><rtept lat="57.537305" lon="12.41583"><ele>43.8</ele></rtept><rtept lat="57.537298" lon="12.4159"><ele>43.2</ele></rtept><rtept lat="57.537285" lon="12.415968"><ele>43.4</ele></rtept><rtept lat="57.53728" lon="12.416028"><ele>43.4</ele></rtept><rtept lat="57.537267" lon="12.416093"><ele>43.0</ele></rtept><rtept lat="57.53726" lon="12.41614"><ele>43.8</ele></rtept><rtept lat="57.537247" lon="12.41618"><ele>43.4</ele></rtept><rtept lat="57.537228" lon="12.416218"><ele>43.2</ele></rtept><rtept lat="57.537208" lon="12.41626"><ele>43.6</ele></rtept><rtept lat="57.537183" lon="12.416325"><ele>43.2</ele></rtept><rtept lat="57.537163" lon="12.416393"><ele>42.8</ele></rtept><rtept lat="57.537132" lon="12.416445"><ele>43.2</ele></rtept><rtept lat="57.537093" lon="12.416482"><ele>42.6</ele></rtept><rtept lat="57.537075" lon="12.41651"><ele>41.8</ele></rtept><rtept lat="57.537048" lon="12.416542"><ele>42.0</ele></rtept><rtept lat="57.53703" lon="12.416587"><ele>41.4</ele></rtept><rtept lat="57.53701" lon="12.416627"><ele>40.8</ele></rtept><rtept lat="57.536992" lon="12.416653"><ele>41.0</ele></rtept><rtept lat="57.536985" lon="12.416713"><ele>40.0</ele></rtept><rtept lat="57.536972" lon="12.416747"><ele>40.4</ele></rtept><rtept lat="57.536978" lon="12.416805"><ele>39.6</ele></rtept><rtept lat="57.536992" lon="12.416832"><ele>39.6</ele></rtept><rtept lat="57.537017" lon="12.416867"><ele>39.4</ele></rtept><rtept lat="57.537037" lon="12.416892"><ele>39.2</ele></rtept><rtept lat="57.537062" lon="12.416932"><ele>38.6</ele></rtept><rtept lat="57.537068" lon="12.41697"><ele>38.2</ele></rtept><rtept lat="57.53708" lon="12.416997"><ele>37.8</ele></rtept><rtept lat="57.5371" lon="12.41705"><ele>37.0</ele></rtept><rtept lat="57.53712" lon="12.417063"><ele>36.4</ele></rtept><rtept lat="57.537138" lon="12.417077"><ele>36.4</ele></rtept><rtept lat="57.53717" lon="12.417103"><ele>35.2</ele></rtept><rtept lat="57.537197" lon="12.417123"><ele>34.6</ele></rtept><rtept lat="57.537215" lon="12.417125"><ele>34.2</ele></rtept><rtept lat="57.53724" lon="12.417168"><ele>33.2</ele></rtept><rtept lat="57.537267" lon="12.417173"><ele>32.2</ele></rtept><rtept lat="57.537285" lon="12.417175"><ele>32.4</ele></rtept><rtept lat="57.537312" lon="12.41717"><ele>32.8</ele></rtept><rtept lat="57.53733" lon="12.417137"><ele>32.4</ele></rtept><rtept lat="57.53735" lon="12.417115"><ele>32.8</ele></rtept><rtept lat="57.537368" lon="12.417105"><ele>32.4</ele></rtept><rtept lat="57.537388" lon="12.41709"><ele>33.0</ele></rtept><rtept lat="57.537407" lon="12.417077"><ele>32.8</ele></rtept><rtept lat="57.537427" lon="12.417065"><ele>32.8</ele></rtept><rtept lat="57.537458" lon="12.417057"><ele>33.2</ele></rtept><rtept lat="57.537483" lon="12.417037"><ele>33.0</ele></rtept><rtept lat="57.537503" lon="12.417023"><ele>33.2</ele></rtept><rtept lat="57.537535" lon="12.416997"><ele>32.8</ele></rtept><rtept lat="57.537567" lon="12.416985"><ele>33.0</ele></rtept><rtept lat="57.537598" lon="12.416972"><ele>33.4</ele></rtept><rtept lat="57.537625" lon="12.416957"><ele>32.8</ele></rtept><rtept lat="57.537657" lon="12.416945"><ele>33.2</ele></rtept><rtept lat="57.537677" lon="12.416938"><ele>33.0</ele></rtept><rtept lat="57.537695" lon="12.416932"><ele>33.2</ele></rtept><rtept lat="57.537727" lon="12.416932"><ele>33.2</ele></rtept><rtept lat="57.537747" lon="12.416932"><ele>33.6</ele></rtept><rtept lat="57.537785" lon="12.41694"><ele>33.2</ele></rtept><rtept lat="57.537823" lon="12.416945"><ele>33.6</ele></rtept><rtept lat="57.537848" lon="12.416945"><ele>33.4</ele></rtept><rtept lat="57.537868" lon="12.416938"><ele>33.4</ele></rtept><rtept lat="57.537893" lon="12.416935"><ele>33.8</ele></rtept><rtept lat="57.537925" lon="12.416937"><ele>33.4</ele></rtept><rtept lat="57.537958" lon="12.41694"><ele>33.6</ele></rtept><rtept lat="57.537983" lon="12.41694"><ele>33.4</ele></rtept><rtept lat="57.538015" lon="12.416938"><ele>33.0</ele></rtept><rtept lat="57.53804" lon="12.416935"><ele>33.6</ele></rtept><rtept lat="57.53806" lon="12.41694"><ele>33.4</ele></rtept><rtept lat="57.538092" lon="12.416945"><ele>33.0</ele></rtept><rtept lat="57.53813" lon="12.416952"><ele>33.8</ele></rtept><rtept lat="57.538162" lon="12.416967"><ele>33.6</ele></rtept><rtept lat="57.538182" lon="12.41699"><ele>33.2</ele></rtept><rtept lat="57.5382" lon="12.417023"><ele>33.8</ele></rtept><rtept lat="57.538213" lon="12.41706"><ele>33.6</ele></rtept><rtept lat="57.538233" lon="12.417095"><ele>33.4</ele></rtept><rtept lat="57.538258" lon="12.417143"><ele>33.8</ele></rtept><rtept lat="57.538283" lon="12.417203"><ele>33.6</ele></rtept><rtept lat="57.538303" lon="12.417242"><ele>33.4</ele></rtept><rtept lat="57.538303" lon="12.417275"><ele>33.8</ele></rtept><rtept lat="57.53831" lon="12.417313"><ele>33.6</ele></rtept><rtept lat="57.53831" lon="12.417347"><ele>33.4</ele></rtept><rtept lat="57.538303" lon="12.41738"><ele>33.8</ele></rtept><rtept lat="57.538297" lon="12.417417"><ele>33.6</ele></rtept><rtept lat="57.53829" lon="12.417452"><ele>33.6</ele></rtept><rtept lat="57.538278" lon="12.417492"><ele>34.0</ele></rtept><rtept lat="57.538272" lon="12.417525"><ele>33.6</ele></rtept><rtept lat="57.538252" lon="12.417565"><ele>33.2</ele></rtept><rtept lat="57.538227" lon="12.417607"><ele>33.6</ele></rtept><rtept lat="57.538213" lon="12.417652"><ele>33.2</ele></rtept><rtept lat="57.5382" lon="12.41769"><ele>33.4</ele></rtept><rtept lat="57.5382" lon="12.417725"><ele>33.6</ele></rtept><rtept lat="57.5382" lon="12.417768"><ele>33.2</ele></rtept><rtept lat="57.538195" lon="12.417805"><ele>32.8</ele></rtept><rtept lat="57.538182" lon="12.417838"><ele>32.8</ele></rtept><rtept lat="57.538168" lon="12.417865"><ele>33.0</ele></rtept><rtept lat="57.538157" lon="12.417902"><ele>32.8</ele></rtept><rtept lat="57.53815" lon="12.417943"><ele>32.6</ele></rtept><rtept lat="57.538137" lon="12.417982"><ele>32.4</ele></rtept><rtept lat="57.538123" lon="12.418007"><ele>32.8</ele></rtept><rtept lat="57.53813" lon="12.41804"><ele>32.6</ele></rtept><rtept lat="57.538143" lon="12.418103"><ele>33.2</ele></rtept><rtept lat="57.538157" lon="12.41814"><ele>32.6</ele></rtept><rtept lat="57.53815" lon="12.418173"><ele>32.8</ele></rtept><rtept lat="57.538195" lon="12.418173"><ele>32.2</ele></rtept><rtept lat="57.538227" lon="12.418217"><ele>32.2</ele></rtept><rtept lat="57.538258" lon="12.418222"><ele>32.4</ele></rtept><rtept lat="57.538283" lon="12.418252"><ele>32.0</ele></rtept><rtept lat="57.538297" lon="12.418285"><ele>32.2</ele></rtept><rtept lat="57.538322" lon="12.41832"><ele>32.4</ele></rtept><rtept lat="57.538355" lon="12.418355"><ele>32.0</ele></rtept><rtept lat="57.538373" lon="12.418377"><ele>32.0</ele></rtept><rtept lat="57.538393" lon="12.418397"><ele>32.4</ele></rtept><rtept lat="57.538418" lon="12.418417"><ele>32.2</ele></rtept><rtept lat="57.53845" lon="12.418432"><ele>32.0</ele></rtept><rtept lat="57.538477" lon="12.41845"><ele>32.2</ele></rtept><rtept lat="57.538515" lon="12.418463"><ele>31.8</ele></rtept><rtept lat="57.538553" lon="12.41846"><ele>32.0</ele></rtept><rtept lat="57.538572" lon="12.418457"><ele>31.8</ele></rtept><rtept lat="57.538592" lon="12.418463"><ele>32.4</ele></rtept><rtept lat="57.53861" lon="12.41847"><ele>32.2</ele></rtept><rtept lat="57.53863" lon="12.418473"><ele>31.8</ele></rtept><rtept lat="57.538648" lon="12.41848"><ele>32.4</ele></rtept><rtept lat="57.538675" lon="12.418483"><ele>32.0</ele></rtept><rtept lat="57.538707" lon="12.418483"><ele>32.4</ele></rtept><rtept lat="57.538732" lon="12.418488"><ele>32.2</ele></rtept><rtept lat="57.538752" lon="12.41849"><ele>32.0</ele></rtept><rtept lat="57.53879" lon="12.418497"><ele>32.6</ele></rtept><rtept lat="57.538828" lon="12.4185"><ele>32.2</ele></rtept><rtept lat="57.538853" lon="12.418503"><ele>32.4</ele></rtept><rtept lat="57.53888" lon="12.4185"><ele>32.2</ele></rtept><rtept lat="57.538898" lon="12.418497"><ele>32.0</ele></rtept><rtept lat="57.538923" lon="12.41849"><ele>32.2</ele></rtept><rtept lat="57.538943" lon="12.418488"><ele>31.8</ele></rtept><rtept lat="57.538968" lon="12.418495"><ele>31.6</ele></rtept><rtept lat="57.538988" lon="12.418508"><ele>32.2</ele></rtept><rtept lat="57.539013" lon="12.41852"><ele>31.8</ele></rtept><rtept lat="57.539033" lon="12.418542"><ele>31.8</ele></rtept><rtept lat="57.539052" lon="12.41856"><ele>32.4</ele></rtept><rtept lat="57.539078" lon="12.41857"><ele>31.8</ele></rtept><rtept lat="57.539097" lon="12.418582"><ele>31.4</ele></rtept><rtept lat="57.539122" lon="12.41859"><ele>31.8</ele></rtept><rtept lat="57.539142" lon="12.4186"><ele>31.6</ele></rtept><rtept lat="57.539167" lon="12.418615"><ele>31.2</ele></rtept><rtept lat="57.539187" lon="12.418628"><ele>31.6</ele></rtept><rtept lat="57.539212" lon="12.418647"><ele>31.2</ele></rtept><rtept lat="57.539232" lon="12.418662"><ele>31.0</ele></rtept><rtept lat="57.53925" lon="12.418678"><ele>31.6</ele></rtept><rtept lat="57.539277" lon="12.418688"><ele>31.4</ele></rtept><rtept lat="57.539295" lon="12.4187"><ele>31.2</ele></rtept><rtept lat="57.53932" lon="12.418713"><ele>31.8</ele></rtept><rtept lat="57.53934" lon="12.418727"><ele>31.6</ele></rtept><rtept lat="57.53936" lon="12.41874"><ele>31.6</ele></rtept><rtept lat="57.539385" lon="12.418753"><ele>32.0</ele></rtept><rtept lat="57.539403" lon="12.418763"><ele>31.8</ele></rtept><rtept lat="57.53943" lon="12.41878"><ele>31.4</ele></rtept><rtept lat="57.539448" lon="12.418792"><ele>32.0</ele></rtept><rtept lat="57.539468" lon="12.4188"><ele>31.8</ele></rtept><rtept lat="57.539493" lon="12.418813"><ele>31.4</ele></rtept><rtept lat="57.53952" lon="12.418822"><ele>32.0</ele></rtept><rtept lat="57.539545" lon="12.418832"><ele>31.8</ele></rtept><rtept lat="57.53957" lon="12.418847"><ele>31.4</ele></rtept><rtept lat="57.53959" lon="12.418857"><ele>32.0</ele></rtept><rtept lat="57.539615" lon="12.418867"><ele>31.8</ele></rtept><rtept lat="57.539635" lon="12.41888"><ele>32.2</ele></rtept><rtept lat="57.539653" lon="12.418885"><ele>32.2</ele></rtept><rtept lat="57.539673" lon="12.418898"><ele>32.2</ele></rtept><rtept lat="57.539692" lon="12.418912"><ele>32.6</ele></rtept><rtept lat="57.539712" lon="12.418918"><ele>32.6</ele></rtept><rtept lat="57.539743" lon="12.418937"><ele>33.2</ele></rtept><rtept lat="57.539768" lon="12.418947"><ele>32.8</ele></rtept><rtept lat="57.5398" lon="12.41898"><ele>33.0</ele></rtept><rtept lat="57.53982" lon="12.418997"><ele>33.0</ele></rtept><rtept lat="57.53984" lon="12.418995"><ele>32.8</ele></rtept><rtept lat="57.539865" lon="12.418985"><ele>32.6</ele></rtept><rtept lat="57.539883" lon="12.418982"><ele>33.0</ele></rtept><rtept lat="57.539903" lon="12.418977"><ele>32.8</ele></rtept><rtept lat="57.539928" lon="12.418967"><ele>32.8</ele></rtept><rtept lat="57.539948" lon="12.418957"><ele>33.2</ele></rtept><rtept lat="57.539967" lon="12.41894"><ele>33.0</ele></rtept><rtept lat="57.539993" lon="12.41893"><ele>32.8</ele></rtept><rtept lat="57.540018" lon="12.418918"><ele>33.4</ele></rtept><rtept lat="57.540038" lon="12.418912"><ele>33.0</ele></rtept><rtept lat="57.540063" lon="12.418902"><ele>33.2</ele></rtept><rtept lat="57.540082" lon="12.418887"><ele>33.4</ele></rtept><rtept lat="57.540102" lon="12.418865"><ele>33.2</ele></rtept><rtept lat="57.540115" lon="12.418832"><ele>33.2</ele></rtept><rtept lat="57.540127" lon="12.418802"><ele>33.4</ele></rtept><rtept lat="57.540147" lon="12.418767"><ele>33.2</ele></rtept><rtept lat="57.540165" lon="12.418728"><ele>33.2</ele></rtept><rtept lat="57.540178" lon="12.418697"><ele>33.6</ele></rtept><rtept lat="57.540198" lon="12.418668"><ele>33.4</ele></rtept><rtept lat="57.540217" lon="12.41864"><ele>33.6</ele></rtept><rtept lat="57.54023" lon="12.418613"><ele>33.8</ele></rtept><rtept lat="57.540248" lon="12.418593"><ele>33.4</ele></rtept><rtept lat="57.540268" lon="12.41857"><ele>33.6</ele></rtept><rtept lat="57.540287" lon="12.418543"><ele>33.8</ele></rtept><rtept lat="57.540307" lon="12.418518"><ele>33.4</ele></rtept><rtept lat="57.540325" lon="12.418495"><ele>33.6</ele></rtept><rtept lat="57.540345" lon="12.418483"><ele>33.8</ele></rtept><rtept lat="57.540363" lon="12.41847"><ele>33.4</ele></rtept><rtept lat="57.540383" lon="12.418435"><ele>33.6</ele></rtept><rtept lat="57.540408" lon="12.418407"><ele>33.6</ele></rtept><rtept lat="57.540428" lon="12.41839"><ele>33.4</ele></rtept><rtept lat="57.54046" lon="12.41839"><ele>33.6</ele></rtept><rtept lat="57.54048" lon="12.418383"><ele>33.8</ele></rtept><rtept lat="57.540505" lon="12.418377"><ele>33.6</ele></rtept><rtept lat="57.540537" lon="12.418377"><ele>34.2</ele></rtept><rtept lat="57.540557" lon="12.41837"><ele>34.2</ele></rtept><rtept lat="57.540582" lon="12.41836"><ele>34.0</ele></rtept><rtept lat="57.540613" lon="12.418367"><ele>34.6</ele></rtept><rtept lat="57.54064" lon="12.41837"><ele>34.2</ele></rtept><rtept lat="57.540665" lon="12.418382"><ele>33.8</ele></rtept><rtept lat="57.54069" lon="12.418397"><ele>34.2</ele></rtept><rtept lat="57.540717" lon="12.418407"><ele>33.8</ele></rtept><rtept lat="57.540742" lon="12.418417"><ele>33.8</ele></rtept><rtept lat="57.540767" lon="12.41842"><ele>34.2</ele></rtept><rtept lat="57.540793" lon="12.41843"><ele>34.0</ele></rtept><rtept lat="57.540818" lon="12.41844"><ele>34.2</ele></rtept><rtept lat="57.540843" lon="12.418443"><ele>34.6</ele></rtept><rtept lat="57.54087" lon="12.418455"><ele>34.4</ele></rtept><rtept lat="57.540895" lon="12.41846"><ele>34.6</ele></rtept><rtept lat="57.54092" lon="12.41847"><ele>34.6</ele></rtept><rtept lat="57.540947" lon="12.418483"><ele>34.4</ele></rtept><rtept lat="57.540978" lon="12.418493"><ele>35.0</ele></rtept><rtept lat="57.541003" lon="12.418495"><ele>34.6</ele></rtept><rtept lat="57.54103" lon="12.418498"><ele>34.6</ele></rtept><rtept lat="57.541055" lon="12.418508"><ele>35.2</ele></rtept><rtept lat="57.541075" lon="12.418513"><ele>34.8</ele></rtept><rtept lat="57.5411" lon="12.418518"><ele>34.4</ele></rtept><rtept lat="57.541132" lon="12.418525"><ele>35.0</ele></rtept><rtept lat="57.541158" lon="12.418535"><ele>34.6</ele></rtept><rtept lat="57.541177" lon="12.418543"><ele>34.8</ele></rtept><rtept lat="57.541202" lon="12.418555"><ele>35.0</ele></rtept><rtept lat="57.541228" lon="12.41858"><ele>34.6</ele></rtept><rtept lat="57.541253" lon="12.418593"><ele>35.2</ele></rtept><rtept lat="57.541273" lon="12.418608"><ele>34.8</ele></rtept><rtept lat="57.541305" lon="12.41862"><ele>34.6</ele></rtept><rtept lat="57.54133" lon="12.41863"><ele>35.0</ele></rtept><rtept lat="57.541368" lon="12.41864"><ele>34.6</ele></rtept><rtept lat="57.541395" lon="12.418647"><ele>35.0</ele></rtept><rtept lat="57.54142" lon="12.418655"><ele>35.2</ele></rtept><rtept lat="57.541452" lon="12.418668"><ele>34.8</ele></rtept><rtept lat="57.541483" lon="12.418687"><ele>35.4</ele></rtept><rtept lat="57.541517" lon="12.418703"><ele>35.0</ele></rtept><rtept lat="57.541548" lon="12.418723"><ele>34.6</ele></rtept><rtept lat="57.541573" lon="12.41874"><ele>35.2</ele></rtept><rtept lat="57.5416" lon="12.418758"><ele>34.8</ele></rtept><rtept lat="57.541625" lon="12.418773"><ele>35.0</ele></rtept><rtept lat="57.541643" lon="12.41878"><ele>35.2</ele></rtept><rtept lat="57.54167" lon="12.418788"><ele>34.8</ele></rtept><rtept lat="57.541695" lon="12.418798"><ele>35.4</ele></rtept><rtept lat="57.541715" lon="12.418807"><ele>35.2</ele></rtept><rtept lat="57.541733" lon="12.418813"><ele>34.6</ele></rtept><rtept lat="57.54176" lon="12.41882"><ele>35.2</ele></rtept><rtept lat="57.541778" lon="12.418832"><ele>34.8</ele></rtept><rtept lat="57.541803" lon="12.418847"><ele>35.2</ele></rtept><rtept lat="57.54183" lon="12.41886"><ele>35.2</ele></rtept><rtept lat="57.541855" lon="12.418873"><ele>34.8</ele></rtept><rtept lat="57.541875" lon="12.418888"><ele>35.4</ele></rtept><rtept lat="57.541907" lon="12.4189"><ele>35.2</ele></rtept><rtept lat="57.541938" lon="12.418912"><ele>34.8</ele></rtept><rtept lat="57.54197" lon="12.418925"><ele>35.4</ele></rtept><rtept lat="57.542002" lon="12.418938"><ele>35.0</ele></rtept><rtept lat="57.542028" lon="12.41895"><ele>34.8</ele></rtept><rtept lat="57.542053" lon="12.418962"><ele>35.0</ele></rtept><rtept lat="57.542085" lon="12.41898"><ele>34.8</ele></rtept><rtept lat="57.542112" lon="12.419"><ele>35.2</ele></rtept><rtept lat="57.54213" lon="12.419012"><ele>35.0</ele></rtept><rtept lat="57.54215" lon="12.419025"><ele>34.8</ele></rtept><rtept lat="57.542175" lon="12.419045"><ele>35.2</ele></rtept><rtept lat="57.542207" lon="12.419057"><ele>35.0</ele></rtept><rtept lat="57.542227" lon="12.41907"><ele>34.8</ele></rtept><rtept lat="57.542252" lon="12.419085"><ele>35.0</ele></rtept><rtept lat="57.542278" lon="12.419107"><ele>34.8</ele></rtept><rtept lat="57.542303" lon="12.419128"><ele>35.0</ele></rtept><rtept lat="57.542328" lon="12.41914"><ele>35.0</ele></rtept><rtept lat="57.54236" lon="12.419157"><ele>34.8</ele></rtept><rtept lat="57.542387" lon="12.419173"><ele>35.2</ele></rtept><rtept lat="57.542405" lon="12.41918"><ele>35.0</ele></rtept><rtept lat="57.542432" lon="12.41919"><ele>34.6</ele></rtept><rtept lat="57.542457" lon="12.419203"><ele>35.2</ele></rtept><rtept lat="57.542482" lon="12.419217"><ele>34.8</ele></rtept><rtept lat="57.542508" lon="12.419235"><ele>34.8</ele></rtept><rtept lat="57.542527" lon="12.419245"><ele>35.0</ele></rtept><rtept lat="57.542547" lon="12.419265"><ele>34.6</ele></rtept><rtept lat="57.542565" lon="12.419282"><ele>34.8</ele></rtept><rtept lat="57.542592" lon="12.419283"><ele>34.8</ele></rtept><rtept lat="57.542617" lon="12.419295"><ele>34.8</ele></rtept><rtept lat="57.542642" lon="12.4193"><ele>35.2</ele></rtept><rtept lat="57.542668" lon="12.419303"><ele>34.8</ele></rtept><rtept lat="57.542687" lon="12.41931"><ele>34.4</ele></rtept><rtept lat="57.542713" lon="12.419322"><ele>35.0</ele></rtept><rtept lat="57.542738" lon="12.41934"><ele>34.8</ele></rtept><rtept lat="57.542758" lon="12.419355"><ele>34.8</ele></rtept><rtept lat="57.542783" lon="12.419362"><ele>35.2</ele></rtept><rtept lat="57.542802" lon="12.419373"><ele>34.8</ele></rtept><rtept lat="57.542828" lon="12.419387"><ele>35.0</ele></rtept><rtept lat="57.54286" lon="12.419395"><ele>35.0</ele></rtept><rtept lat="57.542885" lon="12.419402"><ele>34.8</ele></rtept><rtept lat="57.542912" lon="12.419412"><ele>35.0</ele></rtept><rtept lat="57.542937" lon="12.419418"><ele>34.8</ele></rtept><rtept lat="57.542962" lon="12.419423"><ele>34.4</ele></rtept><rtept lat="57.542988" lon="12.419428"><ele>35.0</ele></rtept><rtept lat="57.543013" lon="12.419437"><ele>34.6</ele></rtept><rtept lat="57.54304" lon="12.41944"><ele>34.2</ele></rtept><rtept lat="57.543058" lon="12.419442"><ele>34.6</ele></rtept><rtept lat="57.543083" lon="12.419453"><ele>34.0</ele></rtept><rtept lat="57.543117" lon="12.419467"><ele>34.2</ele></rtept><rtept lat="57.543135" lon="12.419482"><ele>34.6</ele></rtept><rtept lat="57.543155" lon="12.419512"><ele>34.2</ele></rtept><rtept lat="57.543173" lon="12.419547"><ele>34.6</ele></rtept><rtept lat="57.543187" lon="12.41958"><ele>34.4</ele></rtept><rtept lat="57.5432" lon="12.419622"><ele>34.0</ele></rtept><rtept lat="57.543205" lon="12.419672"><ele>34.6</ele></rtept><rtept lat="57.543225" lon="12.41972"><ele>34.2</ele></rtept><rtept lat="57.543225" lon="12.41977"><ele>33.8</ele></rtept><rtept lat="57.543232" lon="12.419815"><ele>34.2</ele></rtept><rtept lat="57.543238" lon="12.419863"><ele>33.8</ele></rtept><rtept lat="57.543243" lon="12.419915"><ele>34.0</ele></rtept><rtept lat="57.543243" lon="12.419962"><ele>34.2</ele></rtept><rtept lat="57.54325" lon="12.420015"><ele>33.6</ele></rtept><rtept lat="57.543243" lon="12.420062"><ele>34.2</ele></rtept><rtept lat="57.54325" lon="12.420113"><ele>33.6</ele></rtept><rtept lat="57.543243" lon="12.420162"><ele>33.2</ele></rtept><rtept lat="57.54325" lon="12.420213"><ele>33.6</ele></rtept><rtept lat="57.54325" lon="12.42026"><ele>33.4</ele></rtept><rtept lat="57.543257" lon="12.420312"><ele>33.6</ele></rtept><rtept lat="57.543257" lon="12.42036"><ele>33.8</ele></rtept><rtept lat="57.54325" lon="12.420407"><ele>33.2</ele></rtept><rtept lat="57.543243" lon="12.420457"><ele>33.8</ele></rtept><rtept lat="57.543243" lon="12.420503"><ele>33.6</ele></rtept><rtept lat="57.543243" lon="12.420557"><ele>33.2</ele></rtept><rtept lat="57.543243" lon="12.420603"><ele>34.0</ele></rtept><rtept lat="57.543238" lon="12.42065"><ele>33.6</ele></rtept><rtept lat="57.543238" lon="12.4207"><ele>33.4</ele></rtept><rtept lat="57.543232" lon="12.42075"><ele>33.6</ele></rtept><rtept lat="57.543225" lon="12.4208"><ele>33.2</ele></rtept><rtept lat="57.543225" lon="12.420848"><ele>33.4</ele></rtept><rtept lat="57.543218" lon="12.4209"><ele>33.6</ele></rtept><rtept lat="57.543212" lon="12.420948"><ele>33.0</ele></rtept><rtept lat="57.543205" lon="12.420998"><ele>33.4</ele></rtept><rtept lat="57.543193" lon="12.42105"><ele>33.2</ele></rtept><rtept lat="57.54318" lon="12.421098"><ele>33.0</ele></rtept><rtept lat="57.543173" lon="12.421145"><ele>33.6</ele></rtept><rtept lat="57.543167" lon="12.421192"><ele>33.2</ele></rtept><rtept lat="57.54316" lon="12.421243"><ele>33.0</ele></rtept><rtept lat="57.543148" lon="12.421288"><ele>33.4</ele></rtept><rtept lat="57.543128" lon="12.421333"><ele>33.0</ele></rtept><rtept lat="57.543122" lon="12.42138"><ele>33.2</ele></rtept><rtept lat="57.543117" lon="12.421428"><ele>33.2</ele></rtept><rtept lat="57.543103" lon="12.421475"><ele>33.0</ele></rtept><rtept lat="57.543097" lon="12.421522"><ele>33.4</ele></rtept><rtept lat="57.543083" lon="12.421568"><ele>33.2</ele></rtept><rtept lat="57.543072" lon="12.421617"><ele>33.0</ele></rtept><rtept lat="57.543058" lon="12.421658"><ele>33.4</ele></rtept><rtept lat="57.543045" lon="12.421698"><ele>33.0</ele></rtept><rtept lat="57.543033" lon="12.421742"><ele>33.2</ele></rtept><rtept lat="57.54302" lon="12.42179"><ele>33.2</ele></rtept><rtept lat="57.543007" lon="12.421838"><ele>32.8</ele></rtept><rtept lat="57.542995" lon="12.421882"><ele>33.4</ele></rtept><rtept lat="57.542982" lon="12.421928"><ele>33.2</ele></rtept><rtept lat="57.542968" lon="12.421977"><ele>33.0</ele></rtept><rtept lat="57.542957" lon="12.42202"><ele>33.4</ele></rtept><rtept lat="57.542943" lon="12.422062"><ele>33.0</ele></rtept><rtept lat="57.542937" lon="12.422103"><ele>33.2</ele></rtept><rtept lat="57.542923" lon="12.422148"><ele>33.2</ele></rtept><rtept lat="57.542918" lon="12.422198"><ele>33.0</ele></rtept><rtept lat="57.542905" lon="12.42224"><ele>33.6</ele></rtept><rtept lat="57.542892" lon="12.422282"><ele>33.4</ele></rtept><rtept lat="57.542885" lon="12.422327"><ele>33.0</ele></rtept><rtept lat="57.542873" lon="12.422372"><ele>33.4</ele></rtept><rtept lat="57.54286" lon="12.422417"><ele>32.8</ele></rtept><rtept lat="57.542847" lon="12.42246"><ele>33.2</ele></rtept><rtept lat="57.54284" lon="12.422505"><ele>33.0</ele></rtept><rtept lat="57.542828" lon="12.422552"><ele>32.8</ele></rtept><rtept lat="57.542822" lon="12.422597"><ele>33.6</ele></rtept><rtept lat="57.542808" lon="12.42264"><ele>33.2</ele></rtept><rtept lat="57.542802" lon="12.42269"><ele>33.2</ele></rtept><rtept lat="57.542797" lon="12.42274"><ele>33.4</ele></rtept><rtept lat="57.54279" lon="12.422785"><ele>33.0</ele></rtept><rtept lat="57.542783" lon="12.422833"><ele>33.6</ele></rtept><rtept lat="57.54277" lon="12.422878"><ele>33.4</ele></rtept><rtept lat="57.542763" lon="12.422927"><ele>32.8</ele></rtept><rtept lat="57.542752" lon="12.422968"><ele>33.4</ele></rtept><rtept lat="57.542745" lon="12.423013"><ele>33.2</ele></rtept><rtept lat="57.542738" lon="12.42306"><ele>33.4</ele></rtept><rtept lat="57.542732" lon="12.42311"><ele>33.6</ele></rtept><rtept lat="57.542725" lon="12.423158"><ele>33.2</ele></rtept><rtept lat="57.542725" lon="12.423207"><ele>33.8</ele></rtept><rtept lat="57.54272" lon="12.423252"><ele>33.6</ele></rtept><rtept lat="57.542713" lon="12.423292"><ele>33.4</ele></rtept><rtept lat="57.5427" lon="12.42333"><ele>33.8</ele></rtept><rtept lat="57.542687" lon="12.42336"><ele>33.6</ele></rtept><rtept lat="57.542662" lon="12.423388"><ele>33.6</ele></rtept><rtept lat="57.542637" lon="12.423415"><ele>34.0</ele></rtept><rtept lat="57.542603" lon="12.423435"><ele>33.6</ele></rtept><rtept lat="57.542585" lon="12.423455"><ele>33.2</ele></rtept><rtept lat="57.542553" lon="12.423475"><ele>33.4</ele></rtept><rtept lat="57.542527" lon="12.423495"><ele>33.2</ele></rtept><rtept lat="57.542502" lon="12.423523"><ele>32.6</ele></rtept><rtept lat="57.542482" lon="12.423553"><ele>33.4</ele></rtept><rtept lat="57.542463" lon="12.423578"><ele>33.0</ele></rtept><rtept lat="57.542438" lon="12.423595"><ele>32.8</ele></rtept><rtept lat="57.542418" lon="12.423618"><ele>33.2</ele></rtept><rtept lat="57.542405" lon="12.423642"><ele>33.0</ele></rtept><rtept lat="57.542387" lon="12.42366"><ele>33.2</ele></rtept><rtept lat="57.54236" lon="12.423673"><ele>33.4</ele></rtept><rtept lat="57.542342" lon="12.42368"><ele>33.0</ele></rtept><rtept lat="57.54231" lon="12.423687"><ele>33.4</ele></rtept><rtept lat="57.54229" lon="12.423687"><ele>33.4</ele></rtept><rtept lat="57.542272" lon="12.423687"><ele>33.2</ele></rtept><rtept lat="57.54224" lon="12.423693"><ele>33.6</ele></rtept><rtept lat="57.542213" lon="12.423707"><ele>33.4</ele></rtept><rtept lat="57.542195" lon="12.423722"><ele>33.0</ele></rtept><rtept lat="57.542175" lon="12.423743"><ele>33.4</ele></rtept><rtept lat="57.542143" lon="12.423773"><ele>33.2</ele></rtept><rtept lat="57.542123" lon="12.423792"><ele>33.4</ele></rtept><rtept lat="57.542105" lon="12.423802"><ele>33.4</ele></rtept><rtept lat="57.542085" lon="12.423807"><ele>33.4</ele></rtept><rtept lat="57.542053" lon="12.423818"><ele>33.8</ele></rtept><rtept lat="57.542035" lon="12.423837"><ele>33.4</ele></rtept><rtept lat="57.542008" lon="12.423852"><ele>33.0</ele></rtept><rtept lat="57.541963" lon="12.423875"><ele>33.2</ele></rtept><rtept lat="57.541945" lon="12.42388"><ele>33.0</ele></rtept><rtept lat="57.541925" lon="12.423892"><ele>33.4</ele></rtept><rtept lat="57.5419" lon="12.423905"><ele>33.0</ele></rtept><rtept lat="57.541875" lon="12.423912"><ele>33.0</ele></rtept><rtept lat="57.541848" lon="12.423925"><ele>33.4</ele></rtept><rtept lat="57.54183" lon="12.423942"><ele>33.0</ele></rtept><rtept lat="57.541803" lon="12.423958"><ele>33.2</ele></rtept><rtept lat="57.541785" lon="12.423972"><ele>33.0</ele></rtept><rtept lat="57.541765" lon="12.423987"><ele>32.6</ele></rtept><rtept lat="57.54174" lon="12.423997"><ele>33.2</ele></rtept><rtept lat="57.541708" lon="12.424"><ele>33.0</ele></rtept><rtept lat="57.541688" lon="12.42401"><ele>32.4</ele></rtept><rtept lat="57.541663" lon="12.42402"><ele>33.0</ele></rtept><rtept lat="57.541643" lon="12.42402"><ele>32.6</ele></rtept><rtept lat="57.541618" lon="12.424017"><ele>32.4</ele></rtept><rtept lat="57.5416" lon="12.424015"><ele>33.0</ele></rtept><rtept lat="57.541573" lon="12.42401"><ele>32.6</ele></rtept><rtept lat="57.541548" lon="12.42401"><ele>32.8</ele></rtept><rtept lat="57.541522" lon="12.42401"><ele>33.2</ele></rtept><rtept lat="57.541503" lon="12.42401"><ele>32.8</ele></rtept><rtept lat="57.541472" lon="12.424012"><ele>33.2</ele></rtept><rtept lat="57.541452" lon="12.424017"><ele>33.0</ele></rtept><rtept lat="57.54142" lon="12.42402"><ele>32.8</ele></rtept><rtept lat="57.5414" lon="12.424023"><ele>33.0</ele></rtept><rtept lat="57.541375" lon="12.424023"><ele>32.8</ele></rtept><rtept lat="57.541343" lon="12.42402"><ele>32.6</ele></rtept><rtept lat="57.541323" lon="12.42402"><ele>33.2</ele></rtept><rtept lat="57.541292" lon="12.424025"><ele>33.0</ele></rtept><rtept lat="57.541267" lon="12.424037"><ele>32.6</ele></rtept><rtept lat="57.541247" lon="12.42405"><ele>33.0</ele></rtept><rtept lat="57.541222" lon="12.42406"><ele>32.6</ele></rtept><rtept lat="57.541197" lon="12.424075"><ele>32.6</ele></rtept><rtept lat="57.541158" lon="12.42409"><ele>32.6</ele></rtept><rtept lat="57.541132" lon="12.424083"><ele>32.8</ele></rtept><rtept lat="57.541113" lon="12.424083"><ele>32.8</ele></rtept><rtept lat="57.541087" lon="12.424083"><ele>32.6</ele></rtept><rtept lat="57.541062" lon="12.424088"><ele>33.2</ele></rtept><rtept lat="57.541037" lon="12.424095"><ele>33.0</ele></rtept><rtept lat="57.54101" lon="12.4241"><ele>32.8</ele></rtept><rtept lat="57.540985" lon="12.424098"><ele>33.2</ele></rtept><rtept lat="57.54096" lon="12.424098"><ele>32.8</ele></rtept><rtept lat="57.540933" lon="12.424103"><ele>32.6</ele></rtept><rtept lat="57.540915" lon="12.424118"><ele>32.8</ele></rtept><rtept lat="57.540888" lon="12.42413"><ele>32.8</ele></rtept><rtept lat="57.540863" lon="12.42414"><ele>32.2</ele></rtept><rtept lat="57.540843" lon="12.42415"><ele>32.8</ele></rtept><rtept lat="57.540825" lon="12.42415"><ele>32.6</ele></rtept><rtept lat="57.5408" lon="12.424155"><ele>32.2</ele></rtept><rtept lat="57.54078" lon="12.424163"><ele>32.6</ele></rtept><rtept lat="57.540755" lon="12.424175"><ele>32.2</ele></rtept><rtept lat="57.540735" lon="12.424183"><ele>32.2</ele></rtept><rtept lat="57.540717" lon="12.42419"><ele>32.6</ele></rtept><rtept lat="57.540697" lon="12.424195"><ele>32.2</ele></rtept><rtept lat="57.540678" lon="12.424203"><ele>32.4</ele></rtept><rtept lat="57.540645" lon="12.424253"><ele>32.2</ele></rtept><rtept lat="57.54064" lon="12.424292"><ele>32.2</ele></rtept><rtept lat="57.54064" lon="12.424328"><ele>32.4</ele></rtept><rtept lat="57.540627" lon="12.424368"><ele>32.0</ele></rtept><rtept lat="57.54062" lon="12.424412"><ele>31.6</ele></rtept><rtept lat="57.540613" lon="12.424457"><ele>32.0</ele></rtept><rtept lat="57.5406" lon="12.424533"><ele>31.2</ele></rtept><rtept lat="57.5406" lon="12.424578"><ele>31.8</ele></rtept><rtept lat="57.540595" lon="12.424622"><ele>31.4</ele></rtept><rtept lat="57.540582" lon="12.424667"><ele>31.2</ele></rtept><rtept lat="57.540582" lon="12.42471"><ele>31.6</ele></rtept><rtept lat="57.540575" lon="12.424757"><ele>31.2</ele></rtept><rtept lat="57.540562" lon="12.4248"><ele>31.0</ele></rtept><rtept lat="57.540557" lon="12.424843"><ele>31.6</ele></rtept><rtept lat="57.540557" lon="12.424885"><ele>31.2</ele></rtept><rtept lat="57.540543" lon="12.424933"><ele>30.8</ele></rtept><rtept lat="57.540543" lon="12.424982"><ele>31.4</ele></rtept><rtept lat="57.540537" lon="12.425023"><ele>31.0</ele></rtept><rtept lat="57.540537" lon="12.425067"><ele>30.6</ele></rtept><rtept lat="57.540523" lon="12.425107"><ele>31.2</ele></rtept><rtept lat="57.540518" lon="12.425143"><ele>31.0</ele></rtept><rtept lat="57.540505" lon="12.425187"><ele>30.6</ele></rtept><rtept lat="57.540498" lon="12.425232"><ele>31.0</ele></rtept><rtept lat="57.540498" lon="12.425272"><ele>30.8</ele></rtept><rtept lat="57.540492" lon="12.425315"><ele>30.4</ele></rtept><rtept lat="57.540485" lon="12.425358"><ele>30.8</ele></rtept><rtept lat="57.54048" lon="12.4254"><ele>30.6</ele></rtept><rtept lat="57.540467" lon="12.425443"><ele>30.2</ele></rtept><rtept lat="57.540467" lon="12.425483"><ele>30.6</ele></rtept><rtept lat="57.54046" lon="12.425525"><ele>30.2</ele></rtept><rtept lat="57.540453" lon="12.425568"><ele>30.0</ele></rtept><rtept lat="57.540453" lon="12.425608"><ele>30.4</ele></rtept><rtept lat="57.540453" lon="12.425655"><ele>30.2</ele></rtept><rtept lat="57.540453" lon="12.425695"><ele>30.0</ele></rtept><rtept lat="57.540453" lon="12.425737"><ele>30.4</ele></rtept><rtept lat="57.54046" lon="12.42578"><ele>30.2</ele></rtept><rtept lat="57.540453" lon="12.425823"><ele>30.4</ele></rtept><rtept lat="57.540453" lon="12.425862"><ele>30.8</ele></rtept><rtept lat="57.540453" lon="12.425907"><ele>30.4</ele></rtept><rtept lat="57.540453" lon="12.425952"><ele>31.0</ele></rtept><rtept lat="57.540453" lon="12.425998"><ele>30.6</ele></rtept><rtept lat="57.540453" lon="12.426045"><ele>30.4</ele></rtept><rtept lat="57.54046" lon="12.426092"><ele>31.0</ele></rtept><rtept lat="57.54046" lon="12.426135"><ele>30.8</ele></rtept><rtept lat="57.540453" lon="12.426177"><ele>30.6</ele></rtept><rtept lat="57.540447" lon="12.426218"><ele>31.0</ele></rtept><rtept lat="57.540447" lon="12.426263"><ele>30.6</ele></rtept><rtept lat="57.54044" lon="12.426305"><ele>30.8</ele></rtept><rtept lat="57.54044" lon="12.426343"><ele>31.0</ele></rtept><rtept lat="57.54044" lon="12.426388"><ele>30.6</ele></rtept><rtept lat="57.54044" lon="12.426435"><ele>31.0</ele></rtept><rtept lat="57.540428" lon="12.42648"><ele>30.8</ele></rtept><rtept lat="57.540422" lon="12.426522"><ele>30.6</ele></rtept><rtept lat="57.540415" lon="12.426597"><ele>30.8</ele></rtept><rtept lat="57.540408" lon="12.426638"><ele>30.6</ele></rtept><rtept lat="57.540402" lon="12.42668"><ele>31.0</ele></rtept><rtept lat="57.540397" lon="12.42672"><ele>30.6</ele></rtept><rtept lat="57.540383" lon="12.426765"><ele>30.4</ele></rtept><rtept lat="57.540377" lon="12.426805"><ele>30.8</ele></rtept><rtept lat="57.54037" lon="12.426843"><ele>31.0</ele></rtept><rtept lat="57.540363" lon="12.426888"><ele>30.6</ele></rtept><rtept lat="57.540352" lon="12.426928"><ele>30.8</ele></rtept><rtept lat="57.540345" lon="12.426965"><ele>30.8</ele></rtept><rtept lat="57.540338" lon="12.427005"><ele>30.6</ele></rtept><rtept lat="57.540325" lon="12.427043"><ele>30.6</ele></rtept><rtept lat="57.540325" lon="12.427082"><ele>30.8</ele></rtept><rtept lat="57.540307" lon="12.427128"><ele>30.2</ele></rtept><rtept lat="57.5403" lon="12.427167"><ele>30.6</ele></rtept><rtept lat="57.5403" lon="12.427208"><ele>30.8</ele></rtept><rtept lat="57.540287" lon="12.427253"><ele>30.4</ele></rtept><rtept lat="57.54028" lon="12.427293"><ele>30.6</ele></rtept><rtept lat="57.540268" lon="12.427337"><ele>30.6</ele></rtept><rtept lat="57.540262" lon="12.427372"><ele>30.4</ele></rtept><rtept lat="57.540248" lon="12.427412"><ele>31.0</ele></rtept><rtept lat="57.540242" lon="12.42745"><ele>30.6</ele></rtept><rtept lat="57.540237" lon="12.427492"><ele>30.4</ele></rtept><rtept lat="57.540223" lon="12.427525"><ele>31.0</ele></rtept><rtept lat="57.540203" lon="12.427555"><ele>31.0</ele></rtept><rtept lat="57.540198" lon="12.427588"><ele>30.8</ele></rtept><rtept lat="57.540192" lon="12.427623"><ele>31.2</ele></rtept><rtept lat="57.540178" lon="12.427657"><ele>30.8</ele></rtept><rtept lat="57.540165" lon="12.427698"><ele>30.8</ele></rtept><rtept lat="57.54016" lon="12.427748"><ele>31.2</ele></rtept><rtept lat="57.54014" lon="12.427793"><ele>31.0</ele></rtept><rtept lat="57.540127" lon="12.427838"><ele>30.8</ele></rtept><rtept lat="57.540108" lon="12.427878"><ele>31.0</ele></rtept><rtept lat="57.540102" lon="12.427912"><ele>31.0</ele></rtept><rtept lat="57.540102" lon="12.427977"><ele>31.0</ele></rtept><rtept lat="57.540108" lon="12.42802"><ele>30.8</ele></rtept><rtept lat="57.540102" lon="12.428065"><ele>31.0</ele></rtept><rtept lat="57.540088" lon="12.428107"><ele>31.2</ele></rtept><rtept lat="57.54007" lon="12.42816"><ele>31.8</ele></rtept><rtept lat="57.540043" lon="12.428205"><ele>32.2</ele></rtept><rtept lat="57.540018" lon="12.428223"><ele>32.2</ele></rtept><rtept lat="57.54" lon="12.428245"><ele>32.8</ele></rtept><rtept lat="57.539973" lon="12.428268"><ele>32.8</ele></rtept><rtept lat="57.539948" lon="12.4283"><ele>32.6</ele></rtept><rtept lat="57.539928" lon="12.42833"><ele>33.0</ele></rtept><rtept lat="57.539903" lon="12.428353"><ele>32.8</ele></rtept><rtept lat="57.539878" lon="12.428385"><ele>32.6</ele></rtept><rtept lat="57.539852" lon="12.4284"><ele>32.8</ele></rtept><rtept lat="57.539827" lon="12.428415"><ele>32.8</ele></rtept><rtept lat="57.539807" lon="12.42844"><ele>32.4</ele></rtept><rtept lat="57.539782" lon="12.428462"><ele>32.6</ele></rtept><rtept lat="57.539762" lon="12.428483"><ele>32.4</ele></rtept><rtept lat="57.539737" lon="12.428515"><ele>32.2</ele></rtept><rtept lat="57.539712" lon="12.428542"><ele>32.4</ele></rtept><rtept lat="57.539685" lon="12.428562"><ele>32.2</ele></rtept><rtept lat="57.53966" lon="12.428587"><ele>31.8</ele></rtept><rtept lat="57.53964" lon="12.428603"><ele>32.0</ele></rtept><rtept lat="57.539615" lon="12.428628"><ele>31.6</ele></rtept><rtept lat="57.539583" lon="12.428653"><ele>31.2</ele></rtept><rtept lat="57.539558" lon="12.428678"><ele>31.6</ele></rtept><rtept lat="57.539532" lon="12.4287"><ele>31.4</ele></rtept><rtept lat="57.5395" lon="12.428727"><ele>30.8</ele></rtept><rtept lat="57.539475" lon="12.42874"><ele>31.2</ele></rtept><rtept lat="57.539448" lon="12.428758"><ele>30.8</ele></rtept><rtept lat="57.539423" lon="12.428778"><ele>30.8</ele></rtept><rtept lat="57.539398" lon="12.428792"><ele>31.0</ele></rtept><rtept lat="57.539372" lon="12.428798"><ele>30.8</ele></rtept><rtept lat="57.539347" lon="12.428795"><ele>31.0</ele></rtept><rtept lat="57.53932" lon="12.428772"><ele>31.0</ele></rtept><rtept lat="57.539308" lon="12.42874"><ele>30.6</ele></rtept><rtept lat="57.539308" lon="12.428702"><ele>30.8</ele></rtept><rtept lat="57.539302" lon="12.428667"><ele>30.4</ele></rtept><rtept lat="57.539288" lon="12.428633"><ele>30.0</ele></rtept><rtept lat="57.539277" lon="12.428598"><ele>30.4</ele></rtept><rtept lat="57.539263" lon="12.428563"><ele>30.2</ele></rtept><rtept lat="57.539243" lon="12.428528"><ele>30.0</ele></rtept><rtept lat="57.539232" lon="12.428498"><ele>30.2</ele></rtept><rtept lat="57.539212" lon="12.428442"><ele>29.8</ele></rtept><rtept lat="57.539187" lon="12.428393"><ele>29.6</ele></rtept><rtept lat="57.539167" lon="12.42836"><ele>29.2</ele></rtept><rtept lat="57.539148" lon="12.428323"><ele>29.6</ele></rtept><rtept lat="57.539128" lon="12.42829"><ele>29.6</ele></rtept><rtept lat="57.539117" lon="12.428265"><ele>29.2</ele></rtept><rtept lat="57.539097" lon="12.42824"><ele>29.0</ele></rtept><rtept lat="57.539072" lon="12.428215"><ele>29.2</ele></rtept><rtept lat="57.539045" lon="12.428162"><ele>28.8</ele></rtept><rtept lat="57.539033" lon="12.428137"><ele>29.0</ele></rtept><rtept lat="57.539013" lon="12.428115"><ele>28.6</ele></rtept><rtept lat="57.538995" lon="12.42808"><ele>28.8</ele></rtept><rtept lat="57.538975" lon="12.428052"><ele>28.6</ele></rtept><rtept lat="57.53895" lon="12.428005"><ele>28.4</ele></rtept><rtept lat="57.53893" lon="12.42798"><ele>28.4</ele></rtept><rtept lat="57.538912" lon="12.42796"><ele>28.0</ele></rtept><rtept lat="57.538885" lon="12.427943"><ele>28.2</ele></rtept><rtept lat="57.53886" lon="12.427928"><ele>28.2</ele></rtept><rtept lat="57.53884" lon="12.42792"><ele>27.8</ele></rtept><rtept lat="57.538822" lon="12.427913"><ele>28.2</ele></rtept><rtept lat="57.538797" lon="12.427907"><ele>28.0</ele></rtept><rtept lat="57.538777" lon="12.427907"><ele>27.6</ele></rtept><rtept lat="57.538752" lon="12.427912"><ele>28.0</ele></rtept><rtept lat="57.538725" lon="12.427913"><ele>27.8</ele></rtept><rtept lat="57.538693" lon="12.427912"><ele>27.6</ele></rtept><rtept lat="57.538675" lon="12.427913"><ele>27.8</ele></rtept><rtept lat="57.538642" lon="12.42792"><ele>27.8</ele></rtept><rtept lat="57.538617" lon="12.427947"><ele>28.4</ele></rtept><rtept lat="57.538592" lon="12.427982"><ele>28.4</ele></rtept><rtept lat="57.538572" lon="12.428008"><ele>28.2</ele></rtept><rtept lat="57.53854" lon="12.428037"><ele>28.0</ele></rtept><rtept lat="57.538515" lon="12.428057"><ele>28.2</ele></rtept><rtept lat="57.538488" lon="12.428052"><ele>28.0</ele></rtept><rtept lat="57.53847" lon="12.428045"><ele>28.0</ele></rtept><rtept lat="57.53845" lon="12.428027"><ele>28.2</ele></rtept><rtept lat="57.538432" lon="12.428018"><ele>28.4</ele></rtept><rtept lat="57.538405" lon="12.428008"><ele>28.6</ele></rtept><rtept lat="57.53838" lon="12.427988"><ele>28.8</ele></rtept><rtept lat="57.538355" lon="12.427952"><ele>29.0</ele></rtept><rtept lat="57.538335" lon="12.427912"><ele>29.0</ele></rtept><rtept lat="57.538317" lon="12.427872"><ele>28.8</ele></rtept><rtept lat="57.53829" lon="12.427842"><ele>29.0</ele></rtept><rtept lat="57.538258" lon="12.427822"><ele>28.8</ele></rtept><rtept lat="57.538233" lon="12.427815"><ele>29.0</ele></rtept><rtept lat="57.5382" lon="12.427812"><ele>29.0</ele></rtept><rtept lat="57.538175" lon="12.427813"><ele>28.4</ele></rtept><rtept lat="57.538143" lon="12.427812"><ele>28.8</ele></rtept><rtept lat="57.538118" lon="12.4278"><ele>28.4</ele></rtept><rtept lat="57.538098" lon="12.427788"><ele>28.0</ele></rtept><rtept lat="57.53808" lon="12.427768"><ele>28.4</ele></rtept><rtept lat="57.538067" lon="12.427743"><ele>28.2</ele></rtept><rtept lat="57.538053" lon="12.427718"><ele>28.2</ele></rtept><rtept lat="57.53804" lon="12.427693"><ele>28.2</ele></rtept><rtept lat="57.538022" lon="12.42764"><ele>28.6</ele></rtept><rtept lat="57.538002" lon="12.42761"><ele>28.8</ele></rtept><rtept lat="57.537983" lon="12.42759"><ele>28.8</ele></rtept><rtept lat="57.537958" lon="12.427573"><ele>28.8</ele></rtept><rtept lat="57.537925" lon="12.427543"><ele>29.2</ele></rtept><rtept lat="57.5379" lon="12.427537"><ele>29.0</ele></rtept><rtept lat="57.537875" lon="12.427537"><ele>29.2</ele></rtept><rtept lat="57.537848" lon="12.42754"><ele>29.2</ele></rtept><rtept lat="57.537817" lon="12.427548"><ele>29.0</ele></rtept><rtept lat="57.537785" lon="12.42756"><ele>29.0</ele></rtept><rtept lat="57.537765" lon="12.42757"><ele>29.0</ele></rtept><rtept lat="57.53774" lon="12.42758"><ele>29.0</ele></rtept><rtept lat="57.537715" lon="12.427593"><ele>29.0</ele></rtept><rtept lat="57.537695" lon="12.427603"><ele>28.8</ele></rtept><rtept lat="57.537677" lon="12.427617"><ele>29.0</ele></rtept><rtept lat="57.537657" lon="12.427625"><ele>29.0</ele></rtept><rtept lat="57.537638" lon="12.42763"><ele>28.8</ele></rtept><rtept lat="57.537605" lon="12.42764"><ele>28.8</ele></rtept><rtept lat="57.53758" lon="12.427658"><ele>28.8</ele></rtept><rtept lat="57.537548" lon="12.427682"><ele>28.6</ele></rtept><rtept lat="57.537535" lon="12.42771"><ele>28.4</ele></rtept><rtept lat="57.537522" lon="12.427743"><ele>28.4</ele></rtept><rtept lat="57.537503" lon="12.427768"><ele>28.4</ele></rtept><rtept lat="57.537483" lon="12.427828"><ele>28.6</ele></rtept><rtept lat="57.537472" lon="12.427862"><ele>28.6</ele></rtept><rtept lat="57.537458" lon="12.427898"><ele>28.6</ele></rtept><rtept lat="57.537445" lon="12.427938"><ele>28.8</ele></rtept><rtept lat="57.537427" lon="12.427983"><ele>28.8</ele></rtept><rtept lat="57.53742" lon="12.428033"><ele>28.6</ele></rtept><rtept lat="57.537407" lon="12.428095"><ele>28.6</ele></rtept><rtept lat="57.537388" lon="12.428152"><ele>28.4</ele></rtept><rtept lat="57.537382" lon="12.428207"><ele>28.6</ele></rtept><rtept lat="57.537375" lon="12.428245"><ele>28.4</ele></rtept><rtept lat="57.537368" lon="12.428283"><ele>28.4</ele></rtept><rtept lat="57.537362" lon="12.428328"><ele>28.4</ele></rtept><rtept lat="57.537362" lon="12.42838"><ele>28.4</ele></rtept><rtept lat="57.537362" lon="12.428435"><ele>28.4</ele></rtept><rtept lat="57.537357" lon="12.428487"><ele>28.2</ele></rtept><rtept lat="57.53735" lon="12.428542"><ele>28.4</ele></rtept><rtept lat="57.537337" lon="12.428602"><ele>28.2</ele></rtept><rtept lat="57.537323" lon="12.428667"><ele>28.2</ele></rtept><rtept lat="57.537318" lon="12.428727"><ele>28.2</ele></rtept><rtept lat="57.537305" lon="12.42878"><ele>28.4</ele></rtept><rtept lat="57.537285" lon="12.428835"><ele>28.4</ele></rtept><rtept lat="57.537273" lon="12.428885"><ele>28.4</ele></rtept><rtept lat="57.53726" lon="12.428937"><ele>28.4</ele></rtept><rtept lat="57.537247" lon="12.428988"><ele>28.4</ele></rtept><rtept lat="57.537228" lon="12.429043"><ele>28.2</ele></rtept><rtept lat="57.537222" lon="12.429095"><ele>28.8</ele></rtept><rtept lat="57.537208" lon="12.429142"><ele>28.2</ele></rtept><rtept lat="57.53719" lon="12.42919"><ele>27.8</ele></rtept><rtept lat="57.537183" lon="12.429247"><ele>28.4</ele></rtept><rtept lat="57.537177" lon="12.429293"><ele>28.0</ele></rtept><rtept lat="57.537163" lon="12.429347"><ele>27.8</ele></rtept><rtept lat="57.537152" lon="12.429398"><ele>28.4</ele></rtept><rtept lat="57.537145" lon="12.429445"><ele>28.0</ele></rtept><rtept lat="57.537132" lon="12.429492"><ele>28.4</ele></rtept><rtept lat="57.537125" lon="12.429545"><ele>28.2</ele></rtept><rtept lat="57.53712" lon="12.4296"><ele>28.0</ele></rtept><rtept lat="57.537107" lon="12.42965"><ele>28.6</ele></rtept><rtept lat="57.53708" lon="12.429697"><ele>28.2</ele></rtept><rtept lat="57.537062" lon="12.429733"><ele>27.6</ele></rtept><rtept lat="57.537042" lon="12.429763"><ele>28.2</ele></rtept><rtept lat="57.537017" lon="12.429785"><ele>27.8</ele></rtept><rtept lat="57.536992" lon="12.429808"><ele>28.2</ele></rtept><rtept lat="57.53696" lon="12.429828"><ele>28.4</ele></rtept><rtept lat="57.536927" lon="12.42984"><ele>28.2</ele></rtept><rtept lat="57.536895" lon="12.429855"><ele>28.4</ele></rtept><rtept lat="57.536863" lon="12.429868"><ele>28.2</ele></rtept><rtept lat="57.536825" lon="12.429868"><ele>28.6</ele></rtept><rtept lat="57.536787" lon="12.429862"><ele>28.4</ele></rtept><rtept lat="57.536748" lon="12.429858"><ele>28.4</ele></rtept><rtept lat="57.53671" lon="12.429845"><ele>28.8</ele></rtept><rtept lat="57.536678" lon="12.429828"><ele>28.2</ele></rtept><rtept lat="57.536645" lon="12.429805"><ele>28.2</ele></rtept><rtept lat="57.536613" lon="12.42978"><ele>28.4</ele></rtept><rtept lat="57.536595" lon="12.429755"><ele>28.0</ele></rtept><rtept lat="57.536568" lon="12.429723"><ele>28.6</ele></rtept><rtept lat="57.536537" lon="12.429688"><ele>28.2</ele></rtept><rtept lat="57.536518" lon="12.42965"><ele>27.8</ele></rtept><rtept lat="57.536498" lon="12.42961"><ele>28.2</ele></rtept><rtept lat="57.536473" lon="12.429565"><ele>27.8</ele></rtept><rtept lat="57.53646" lon="12.429515"><ele>28.2</ele></rtept><rtept lat="57.536447" lon="12.429452"><ele>28.0</ele></rtept><rtept lat="57.536447" lon="12.429392"><ele>27.4</ele></rtept><rtept lat="57.536447" lon="12.429323"><ele>28.0</ele></rtept><rtept lat="57.536453" lon="12.429262"><ele>27.8</ele></rtept><rtept lat="57.536467" lon="12.429203"><ele>28.2</ele></rtept><rtept lat="57.53648" lon="12.429148"><ele>28.0</ele></rtept><rtept lat="57.536485" lon="12.429098"><ele>27.4</ele></rtept><rtept lat="57.536498" lon="12.429038"><ele>27.8</ele></rtept><rtept lat="57.536512" lon="12.428983"><ele>27.6</ele></rtept><rtept lat="57.536523" lon="12.428935"><ele>28.2</ele></rtept><rtept lat="57.536537" lon="12.42889"><ele>27.8</ele></rtept><rtept lat="57.536543" lon="12.428845"><ele>27.6</ele></rtept><rtept lat="57.536557" lon="12.428785"><ele>27.8</ele></rtept><rtept lat="57.536568" lon="12.428737"><ele>27.8</ele></rtept><rtept lat="57.536575" lon="12.428693"><ele>28.2</ele></rtept><rtept lat="57.536588" lon="12.428642"><ele>28.0</ele></rtept><rtept lat="57.5366" lon="12.428593"><ele>27.6</ele></rtept><rtept lat="57.536613" lon="12.428548"><ele>28.2</ele></rtept><rtept lat="57.536613" lon="12.428498"><ele>27.8</ele></rtept><rtept lat="57.53662" lon="12.428448"><ele>28.6</ele></rtept><rtept lat="57.536627" lon="12.428405"><ele>28.2</ele></rtept><rtept lat="57.536633" lon="12.428355"><ele>27.8</ele></rtept><rtept lat="57.53664" lon="12.428303"><ele>28.2</ele></rtept><rtept lat="57.53664" lon="12.428255"><ele>27.8</ele></rtept><rtept lat="57.536652" lon="12.428207"><ele>28.4</ele></rtept><rtept lat="57.536665" lon="12.428152"><ele>27.8</ele></rtept><rtept lat="57.536678" lon="12.4281"><ele>28.4</ele></rtept><rtept lat="57.53669" lon="12.428052"><ele>28.0</ele></rtept><rtept lat="57.536703" lon="12.428"><ele>27.6</ele></rtept><rtept lat="57.53671" lon="12.427952"><ele>28.2</ele></rtept><rtept lat="57.536722" lon="12.427902"><ele>27.8</ele></rtept><rtept lat="57.536742" lon="12.42786"><ele>28.2</ele></rtept><rtept lat="57.53676" lon="12.427815"><ele>28.0</ele></rtept><rtept lat="57.536767" lon="12.427775"><ele>28.0</ele></rtept><rtept lat="57.536787" lon="12.427733"><ele>28.2</ele></rtept><rtept lat="57.536793" lon="12.42769"><ele>28.0</ele></rtept><rtept lat="57.536812" lon="12.427655"><ele>28.4</ele></rtept><rtept lat="57.536832" lon="12.427623"><ele>28.0</ele></rtept><rtept lat="57.53685" lon="12.4276"><ele>28.0</ele></rtept><rtept lat="57.536877" lon="12.427597"><ele>28.2</ele></rtept><rtept lat="57.536902" lon="12.427603"><ele>27.8</ele></rtept><rtept lat="57.53694" lon="12.42761"><ele>28.2</ele></rtept><rtept lat="57.536965" lon="12.427617"><ele>28.0</ele></rtept><rtept lat="57.537003" lon="12.427618"><ele>27.8</ele></rtept><rtept lat="57.53703" lon="12.427623"><ele>28.0</ele></rtept><rtept lat="57.537062" lon="12.42763"><ele>27.8</ele></rtept></rte></gpx>